Data.Matrix,mock_1,mock_2,IR_1,IR_2,mu_1,mu_2
ENSMUSG00000028995,3210,2553,1054,663,2962,2692
ENSMUSG00000045007,122,97,22,10,74,65
ENSMUSG00000062785,183,182,530,384,225,213
ENSMUSG00000038268,1117,843,526,369,784,653
ENSMUSG00000054589,85,46,693,394,46,57
ENSMUSG00000102752,52,59,21,16,43,45
ENSMUSG00000069917,18079,3038,962,1248,3761,199459
ENSMUSG00000109032,56,34,56,59,27,29
ENSMUSG00000094686,6,7,16,12,13,8
ENSMUSG00000035818,7,5,15,12,3,3
ENSMUSG00000031971,292,246,126,86,277,228
ENSMUSG00000055172,223,174,73,43,165,169
ENSMUSG00000054520,4680,4236,1197,716,4248,4098
ENSMUSG00000040466,3542,2254,1010,432,2149,2219
ENSMUSG00000017390,216,139,42,34,167,193
ENSMUSG00000047832,1650,1234,692,436,1463,1277
ENSMUSG00000074479,13,0,16,10,7,0
ENSMUSG00000024999,1884,1580,1744,1454,1474,1325
ENSMUSG00000021290,1097,733,550,283,975,836
ENSMUSG00000093392,7,25,10,0,32,11
ENSMUSG00000030708,964,769,240,186,930,889
ENSMUSG00000028654,190,86,31,42,159,132
ENSMUSG00000020075,9175,6679,12044,9241,6046,6106
ENSMUSG00000022098,44,51,286,196,71,35
ENSMUSG00000090592,891,1236,1054,1048,975,1123
ENSMUSG00000015970,52,42,18,36,84,77
ENSMUSG00000066116,11,0,12,3,13,0
ENSMUSG00000030019,2399,2034,897,589,2031,2019
ENSMUSG00000025915,4047,3702,1440,990,3934,3318
ENSMUSG00000053830,215,123,37,94,166,216
ENSMUSG00000040136,2,2,15,13,2,2
ENSMUSG00000063317,1666,1483,1342,992,1566,1385
ENSMUSG00000045045,21,18,22,18,16,15
ENSMUSG00000028931,3123,2513,696,394,2958,2627
ENSMUSG00000039725,914,734,582,413,833,733
ENSMUSG00000018286,2429,1627,1705,1009,1941,1848
ENSMUSG00000022425,162,111,66,40,99,88
ENSMUSG00000022010,944,814,482,290,1169,1144
ENSMUSG00000037235,8631,6800,1985,1152,7704,6060
ENSMUSG00000029033,870,719,231,158,812,691
ENSMUSG00000020101,3386,3009,1362,865,2386,1891
ENSMUSG00000075015,19,281,96833,192652,1986,1394
ENSMUSG00000079553,251,154,666,496,140,96
ENSMUSG00000031150,5,2,15,9,2,4
ENSMUSG00000054999,27,16,70,67,13,20
ENSMUSG00000098678,11,8,6,14,3,2
ENSMUSG00000060096,59,45,325,242,33,92
ENSMUSG00000026249,698,737,1553,1470,635,537
ENSMUSG00000019850,3657,2933,5372,5317,2982,2871
ENSMUSG00000081272,37,24,5,3,46,33
ENSMUSG00000029484,236,206,139,78,152,217
ENSMUSG00000028979,89,49,96,83,55,65
ENSMUSG00000078840,24,25,17,21,19,8
ENSMUSG00000081684,0,15,15,14,9,4
ENSMUSG00000091095,4,12,44,48,7,10
ENSMUSG00000081868,28,36,10,12,47,39
ENSMUSG00000027544,1613,1775,1361,1061,1363,978
ENSMUSG00000047227,49,37,18,10,36,38
ENSMUSG00000056328,5,8,15,15,5,6
ENSMUSG00000022623,92,113,79,63,129,98
ENSMUSG00000009687,2972,2180,1315,931,1676,1385
ENSMUSG00000028743,687,522,218,137,507,409
ENSMUSG00000051444,236,176,103,51,175,162
ENSMUSG00000090881,311,248,78,67,216,202
ENSMUSG00000105480,25,11,1,1,21,22
ENSMUSG00000044149,705,605,877,674,556,543
ENSMUSG00000032997,411,329,221,152,284,261
ENSMUSG00000068373,45,71,86,120,62,68
ENSMUSG00000022793,217,158,84,40,146,90
ENSMUSG00000059658,4,16,7,8,5,12
ENSMUSG00000049580,95,97,90,36,91,74
ENSMUSG00000022768,224,224,300,274,214,215
ENSMUSG00000020180,1298,818,1961,1210,775,832
ENSMUSG00000037531,724,560,350,280,569,539
ENSMUSG00000039789,2425,2182,807,581,2294,2057
ENSMUSG00000098207,11,21,12,3,13,11
ENSMUSG00000051232,773,627,594,456,632,606
ENSMUSG00000028008,3,2,66,81,2,1
ENSMUSG00000057969,17,17,31,36,18,14
ENSMUSG00000022094,628,579,2110,1656,510,435
ENSMUSG00000060678,4471,2649,1694,1334,5593,4677
ENSMUSG00000086962,61,45,58,99,39,43
ENSMUSG00000079138,64,58,69,60,57,46
ENSMUSG00000018774,3041,1932,1394,688,1465,1390
ENSMUSG00000081665,1157,1041,404,203,1180,1208
ENSMUSG00000030352,172,147,81,49,143,153
ENSMUSG00000021278,18,26,61,54,25,15
ENSMUSG00000067001,69,60,22,13,112,68
ENSMUSG00000017754,606,575,216,95,471,430
ENSMUSG00000021262,9766,8130,3268,1950,7682,7159
ENSMUSG00000101135,33,51,107,87,38,33
ENSMUSG00000025163,246,126,56,65,254,188
ENSMUSG00000025978,767,640,187,187,753,577
ENSMUSG00000022377,4001,3471,1697,1175,3439,3126
ENSMUSG00000081378,64,34,12,27,48,34
ENSMUSG00000031024,286,237,261,154,228,206
ENSMUSG00000047867,24569,19064,7623,5758,20701,20727
ENSMUSG00000042978,8067,7207,2533,1587,8826,8202
ENSMUSG00000080783,125,92,50,40,119,79
ENSMUSG00000101751,89,96,20,26,64,67
ENSMUSG00000057899,12,10,10,18,12,5
ENSMUSG00000020227,2234,2064,964,758,1777,1652
ENSMUSG00000022075,3690,3030,747,531,3349,3288
ENSMUSG00000083707,0,0,4,0,3,0
ENSMUSG00000101035,0,0,0,14,2,1
ENSMUSG00000074794,3232,3223,4345,3678,2510,2744
ENSMUSG00000045659,217,201,1780,1393,234,194
ENSMUSG00000040269,380,283,435,260,297,264
ENSMUSG00000107705,2064,1590,542,342,2418,1815
ENSMUSG00000070837,0,0,0,12,3,2
ENSMUSG00000010025,2398,2081,819,534,1884,1764
ENSMUSG00000031891,82,60,41,28,86,70
ENSMUSG00000059776,176,143,57,48,143,102
ENSMUSG00000040340,2,0,15,13,3,3
ENSMUSG00000038967,237,150,64,36,213,190
ENSMUSG00000024360,4790,3407,3150,2493,3596,3407
ENSMUSG00000005410,3074,1849,1425,931,1930,1731
ENSMUSG00000031026,9,7,41,34,9,5
ENSMUSG00000048022,88,79,55,30,62,77
ENSMUSG00000043415,1177,919,276,134,1085,1214
ENSMUSG00000051124,2839,2265,775,591,2459,2269
ENSMUSG00000062456,71,22,0,51,68,81
ENSMUSG00000067591,57,39,10,17,74,32
ENSMUSG00000029426,4147,3592,1927,1158,3337,3063
ENSMUSG00000009210,165,169,92,79,203,189
ENSMUSG00000026915,11777,10495,3769,2586,12541,11937
ENSMUSG00000074505,6,8,25,40,19,10
ENSMUSG00000001348,5591,4311,1349,814,3653,3729
ENSMUSG00000036995,25,32,245,188,23,18
ENSMUSG00000058579,9,12,13,48,6,14
ENSMUSG00000029198,1740,1173,1057,738,1427,1373
ENSMUSG00000091149,11,15,1,0,16,17
ENSMUSG00000005968,163,126,221,178,149,144
ENSMUSG00000070319,2579,1800,1959,1550,1767,1691
ENSMUSG00000055452,7,10,9,0,0,0
ENSMUSG00000058260,63,74,134,162,67,81
ENSMUSG00000108929,325,336,29,22,388,420
ENSMUSG00000084172,19,28,19,17,34,16
ENSMUSG00000020307,1462,1036,2671,1655,1104,1014
ENSMUSG00000025007,1748,1303,1297,882,1204,1053
ENSMUSG00000027849,2,1,8,14,2,0
ENSMUSG00000042729,1021,781,1092,831,897,750
ENSMUSG00000079014,28,27,8,10,23,12
ENSMUSG00000020205,41,26,104,77,42,61
ENSMUSG00000004446,2765,1927,1980,1256,1919,1667
ENSMUSG00000056073,100,91,37,27,103,82
ENSMUSG00000049336,8,3,25,21,3,3
ENSMUSG00000024247,51,64,29,21,53,40
ENSMUSG00000024757,124,136,52,69,97,100
ENSMUSG00000006235,152,104,27,24,59,45
ENSMUSG00000066632,0,0,0,0,0,0
ENSMUSG00000024338,7636,5693,2304,1343,5819,5408
ENSMUSG00000037295,1523,1479,1695,1158,1512,1275
ENSMUSG00000035783,52,31,28,23,33,85
ENSMUSG00000081788,59,13,129,195,31,29
ENSMUSG00000038560,40,35,114,70,35,21
ENSMUSG00000018672,63,62,27,26,41,34
ENSMUSG00000024841,1561,1181,872,649,1338,1285
ENSMUSG00000020328,943,785,2492,1693,753,661
ENSMUSG00000058883,199,175,106,89,225,201
ENSMUSG00000083061,0,0,0,0,61,19
ENSMUSG00000094091,58,47,17,23,63,71
ENSMUSG00000047264,455,331,198,97,356,376
ENSMUSG00000046441,530,417,329,216,472,442
ENSMUSG00000084991,7,13,2,9,12,7
ENSMUSG00000041468,3,6,7,10,3,3
ENSMUSG00000090996,55,66,29,10,84,78
ENSMUSG00000028836,9,5,5,15,4,7
ENSMUSG00000029610,612,466,604,411,477,439
ENSMUSG00000027435,1828,1247,721,532,1962,2557
ENSMUSG00000076619,556,388,260,226,373,319
ENSMUSG00000040247,9787,8915,1966,1242,10754,8478
ENSMUSG00000024937,4396,3846,1777,1205,3916,3464
ENSMUSG00000053706,0,0,0,7,0,0
ENSMUSG00000038768,31,41,9,18,39,23
ENSMUSG00000028156,2816,2340,1612,1179,2441,2282
ENSMUSG00000022496,140,100,51,52,27,27
ENSMUSG00000030510,3,4,17,26,1,5
ENSMUSG00000042284,153,130,55,35,142,75
ENSMUSG00000031779,59,50,124,111,31,32
ENSMUSG00000033707,416,320,338,236,272,286
ENSMUSG00000079710,115,74,182,134,56,46
ENSMUSG00000096942,6,14,7,3,13,11
ENSMUSG00000039275,2197,1813,1322,898,1732,1562
ENSMUSG00000070802,9,4,7,16,9,6
ENSMUSG00000045932,1334,923,252,234,800,1280
ENSMUSG00000015962,7,8,16,14,9,6
ENSMUSG00000051537,4,12,29,41,7,4
ENSMUSG00000058240,1088,996,419,292,1020,911
ENSMUSG00000027170,5388,3928,2555,1848,4604,4042
ENSMUSG00000049092,310,352,105,108,251,196
ENSMUSG00000060794,33,22,36,25,39,38
ENSMUSG00000024537,556,431,360,224,471,406
ENSMUSG00000024798,27,11,5,5,14,10
ENSMUSG00000095859,22,24,21,2,18,19
ENSMUSG00000036006,22697,22627,3932,2941,24457,20716
ENSMUSG00000109489,37,45,321,462,31,38
ENSMUSG00000100522,33,41,16,8,46,33
ENSMUSG00000046961,186,143,38,47,128,86
ENSMUSG00000044365,27,17,24,20,20,19
ENSMUSG00000041360,2434,1820,2963,2453,1779,1769
ENSMUSG00000040940,18113,18823,6847,5189,18431,14157
ENSMUSG00000035382,1994,1752,698,531,1875,1670
ENSMUSG00000041845,1,3,94,58,4,4
ENSMUSG00000082762,68,70,33,16,39,37
ENSMUSG00000029471,2753,2713,1212,828,3131,3109
ENSMUSG00000002343,333,246,179,100,288,253
ENSMUSG00000041362,425,300,277,134,263,257
ENSMUSG00000108370,25,16,40,24,17,14
ENSMUSG00000048703,0,4,10,22,1,1
ENSMUSG00000038349,229,212,179,155,213,204
ENSMUSG00000026037,2013,1533,1426,1089,1496,1425
ENSMUSG00000099366,1,2,0,1,0,0
ENSMUSG00000063410,6116,5193,2038,1417,5358,5053
ENSMUSG00000031995,1450,1107,2768,1896,959,890
ENSMUSG00000024124,148,147,81,58,159,135
ENSMUSG00000040253,3638,2544,876,660,2057,1906
ENSMUSG00000037465,599,486,233,167,498,422
ENSMUSG00000083424,0,3,4,0,1,3
ENSMUSG00000078606,34616,23514,6371,4105,14576,15682
ENSMUSG00000062432,48,45,18,12,39,45
ENSMUSG00000078886,317,372,115,51,512,342
ENSMUSG00000081374,43,49,22,28,54,37
ENSMUSG00000026483,1937,1643,1199,602,1341,1416
ENSMUSG00000030695,10813,7607,4509,2750,7651,7397
ENSMUSG00000000776,818,648,1202,996,580,609
ENSMUSG00000021149,3285,2524,3066,2704,2614,2464
ENSMUSG00000035337,413,483,200,160,512,381
ENSMUSG00000031149,414,296,235,154,265,237
ENSMUSG00000050821,43,25,318,251,38,33
ENSMUSG00000049295,382,303,427,278,348,329
ENSMUSG00000056888,3875,2867,8368,6275,2788,2431
ENSMUSG00000026579,190,110,88,50,104,153
ENSMUSG00000018405,760,578,442,343,668,631
ENSMUSG00000028420,4285,737,302,155,373,239
ENSMUSG00000036323,5771,4419,8449,6031,4454,4186
ENSMUSG00000084989,22,28,11,22,19,5
ENSMUSG00000069114,1021,982,2353,2329,1033,928
ENSMUSG00000079563,1034,993,365,265,823,632
ENSMUSG00000028906,7766,5925,2985,2120,4773,10249
ENSMUSG00000076665,737,380,285,161,393,462
ENSMUSG00000050533,89,57,64,56,109,27
ENSMUSG00000004748,93,70,85,60,62,47
ENSMUSG00000053603,75,43,26,19,39,59
ENSMUSG00000027221,181,227,186,179,83,51
ENSMUSG00000006386,31,14,48,42,22,33
ENSMUSG00000003573,277,262,543,393,296,282
ENSMUSG00000089769,2,10,20,13,11,3
ENSMUSG00000069267,3026,1470,634,268,1288,1024
ENSMUSG00000029866,218,153,3,16,5,46
ENSMUSG00000068566,1741,1606,253,175,2064,1969
ENSMUSG00000051367,5,3,15,10,2,2
ENSMUSG00000039585,6865,5880,2773,1739,5427,4513
ENSMUSG00000018965,3662,2611,1647,905,2470,2332
ENSMUSG00000031907,720,664,284,190,656,614
ENSMUSG00000021959,3840,3563,1883,1504,3972,3645
ENSMUSG00000006567,115,70,10,36,26,48
ENSMUSG00000020649,906,461,1216,764,288,293
ENSMUSG00000037712,28,29,27,14,38,32
ENSMUSG00000087204,71,45,83,60,40,32
ENSMUSG00000020922,2350,1648,1599,1107,1605,1580
ENSMUSG00000035919,1660,1539,372,302,1822,1554
ENSMUSG00000047260,1232,866,778,537,827,934
ENSMUSG00000005883,224,169,86,47,145,153
ENSMUSG00000022686,11985,9982,1747,1265,11668,12574
ENSMUSG00000071532,33,17,39,13,20,14
ENSMUSG00000107082,38,56,11,10,54,48
ENSMUSG00000003346,2070,1479,549,302,1901,1720
ENSMUSG00000000823,1955,1889,905,704,2102,2055
ENSMUSG00000025494,1210,1144,380,284,1255,1206
ENSMUSG00000023243,1222,904,209,168,856,667
ENSMUSG00000094127,89,559,903,1572,657,410
ENSMUSG00000048251,317,331,326,312,362,123
ENSMUSG00000039062,213,128,110,72,133,195
ENSMUSG00000054792,2154,2091,844,585,2010,1595
ENSMUSG00000021518,2185,1957,889,699,2019,1882
ENSMUSG00000102692,1,4,16,11,4,2
ENSMUSG00000043881,1190,993,439,303,1031,1001
ENSMUSG00000091998,46,76,18,15,62,44
ENSMUSG00000007783,9,3,67,62,5,9
ENSMUSG00000062727,1993,1018,227,141,1051,842
ENSMUSG00000040322,382,315,164,117,313,289
ENSMUSG00000026880,1221,876,253,131,580,548
ENSMUSG00000054435,14715,10963,3141,2377,9293,7688
ENSMUSG00000026447,9351,8893,2476,1664,10067,8894
ENSMUSG00000024513,4563,3355,1604,1059,3655,3280
ENSMUSG00000030178,191,182,96,146,361,81
ENSMUSG00000009734,29,28,50,51,30,26
ENSMUSG00000043131,15609,12160,6237,3757,12689,11306
ENSMUSG00000063442,7,9,17,4,12,7
ENSMUSG00000023083,13,16,15,12,15,10
ENSMUSG00000099913,59,94,41,19,101,81
ENSMUSG00000108547,116,88,36,28,94,82
ENSMUSG00000080977,0,22,84,66,0,0
ENSMUSG00000024835,6841,4843,2236,1227,4772,4916
ENSMUSG00000084177,19,8,23,14,20,12
ENSMUSG00000067818,80,37,44,11,40,90
ENSMUSG00000087468,0,0,0,14,0,0
ENSMUSG00000082925,13,8,25,9,3,10
ENSMUSG00000017009,5589,4331,1908,1464,5041,5140
ENSMUSG00000021684,159,126,84,58,121,119
ENSMUSG00000079033,177,88,655,474,62,56
ENSMUSG00000036185,89,73,15,17,115,118
ENSMUSG00000024776,1686,1528,490,331,1693,1655
ENSMUSG00000044197,1397,1282,376,281,1511,1327
ENSMUSG00000030036,2272,1703,1079,706,1744,1671
ENSMUSG00000020948,1614,1501,688,428,1590,1412
ENSMUSG00000028948,2634,2154,2387,1874,2235,1950
ENSMUSG00000032902,943,582,342,321,618,600
ENSMUSG00000029754,370,391,729,821,457,350
ENSMUSG00000044465,1582,1431,2719,2075,1385,1300
ENSMUSG00000076518,498,298,567,126,253,201
ENSMUSG00000064215,2247,1777,580,403,1658,1905
ENSMUSG00000070522,92,67,90,90,54,63
ENSMUSG00000000530,382,288,252,135,267,235
ENSMUSG00000052221,3,2,54,34,4,5
ENSMUSG00000005233,293,183,772,531,146,135
ENSMUSG00000020752,3490,3244,1289,914,3408,2741
ENSMUSG00000061024,931,707,1298,1004,590,654
ENSMUSG00000020674,11,9,15,6,18,22
ENSMUSG00000031360,3090,2896,864,686,3422,2971
ENSMUSG00000056214,73,51,201,132,69,72
ENSMUSG00000023393,667,653,225,217,702,586
ENSMUSG00000089661,9,5,21,21,7,8
ENSMUSG00000042834,42,33,43,38,35,26
ENSMUSG00000011034,0,0,9,15,0,0
ENSMUSG00000098369,26,17,0,17,55,0
ENSMUSG00000050930,305,244,107,86,262,259
ENSMUSG00000028445,20,21,8,9,12,4
ENSMUSG00000021660,10239,6915,6532,4065,7554,7105
ENSMUSG00000039004,48,24,22,18,40,51
ENSMUSG00000036131,25,12,7,3,18,23
ENSMUSG00000078566,307,242,69,63,292,290
ENSMUSG00000028164,1769,1432,689,482,1597,1457
ENSMUSG00000041673,1842,1936,753,529,1856,1599
ENSMUSG00000001674,3134,2376,2318,1872,2240,2154
ENSMUSG00000090877,138,202,242,203,99,28
ENSMUSG00000028978,16,17,21,14,27,22
ENSMUSG00000110699,0,0,0,19,0,7
ENSMUSG00000083849,252,291,91,71,249,220
ENSMUSG00000031492,117,143,286,295,156,119
ENSMUSG00000078238,24,14,10,0,21,17
ENSMUSG00000079017,4544,2945,1287,779,3585,5565
ENSMUSG00000040699,16567,13244,4067,2435,14807,14481
ENSMUSG00000108442,79,98,29,22,109,67
ENSMUSG00000031352,870,716,401,244,800,735
ENSMUSG00000034247,4231,4009,1897,1345,3999,3463
ENSMUSG00000002984,1490,1201,1398,1100,1296,1300
ENSMUSG00000072898,10,0,13,10,4,3
ENSMUSG00000110185,268,290,108,83,300,192
ENSMUSG00000022353,5696,5582,1077,771,5963,5760
ENSMUSG00000027900,2702,2187,884,534,2140,1811
ENSMUSG00000101750,3,0,27,44,0,1
ENSMUSG00000015314,7500,6818,2591,1935,6893,6377
ENSMUSG00000050248,18,14,34,40,17,2
ENSMUSG00000003849,33,12,18,16,3,21
ENSMUSG00000051978,475,402,1027,783,474,373
ENSMUSG00000018565,991,797,907,636,812,841
ENSMUSG00000032047,2259,1521,788,484,1725,1556
ENSMUSG00000036983,435,307,210,140,314,264
ENSMUSG00000099241,4245,3427,401,371,2757,2498
ENSMUSG00000052684,1205,523,2792,2053,555,688
ENSMUSG00000074604,1036,951,627,442,973,856
ENSMUSG00000025192,948,811,463,334,1039,976
ENSMUSG00000032892,182,113,92,64,138,139
ENSMUSG00000051435,19,7,34,31,10,6
ENSMUSG00000020017,91,76,208,236,85,60
ENSMUSG00000084096,16,17,40,28,8,6
ENSMUSG00000035455,656,366,248,211,410,344
ENSMUSG00000086322,39,38,60,30,51,59
ENSMUSG00000066682,729,722,373,152,543,465
ENSMUSG00000017400,439,440,95,60,865,812
ENSMUSG00000026207,44,56,65,56,99,41
ENSMUSG00000048216,9,3,16,19,2,4
ENSMUSG00000026471,806,665,255,188,630,625
ENSMUSG00000016526,113,59,340,302,39,41
ENSMUSG00000028909,1,2,18,13,6,3
ENSMUSG00000028822,3201,2295,1056,681,2504,2441
ENSMUSG00000001175,22812,16676,8464,4759,17955,17098
ENSMUSG00000031543,702,445,101,130,108,315
ENSMUSG00000039016,628,459,240,130,521,479
ENSMUSG00000027187,5829,4690,1734,926,4327,5371
ENSMUSG00000027210,136,174,200,214,166,118
ENSMUSG00000019822,1024,919,210,140,1020,871
ENSMUSG00000038045,180,158,30,41,119,169
ENSMUSG00000057506,1096,779,2518,1672,766,772
ENSMUSG00000037638,156,129,205,157,111,97
ENSMUSG00000042500,776,720,232,190,779,679
ENSMUSG00000026080,1708,1860,2037,1762,1067,716
ENSMUSG00000027637,1541,1083,620,427,1069,1027
ENSMUSG00000095937,0,0,0,0,0,0
ENSMUSG00000019782,1392,1039,804,518,1057,1046
ENSMUSG00000053121,30,12,7,9,26,15
ENSMUSG00000039959,2809,2434,1430,790,1797,1540
ENSMUSG00000000149,2546,2068,914,507,1711,1703
ENSMUSG00000046634,5,7,25,27,3,3
ENSMUSG00000083365,883,1207,936,242,646,511
ENSMUSG00000038990,3834,3257,1380,989,3676,3335
ENSMUSG00000048445,53,42,121,130,34,34
ENSMUSG00000056917,16952,14530,5043,1803,15021,13123
ENSMUSG00000109492,70,69,15,14,72,68
ENSMUSG00000037905,2709,2156,1215,845,2236,2158
ENSMUSG00000094973,57,71,24,13,67,66
ENSMUSG00000054604,5908,4433,2205,1497,4961,4702
ENSMUSG00000039908,579,558,120,77,749,521
ENSMUSG00000105244,2510,1951,667,435,1916,2349
ENSMUSG00000078881,13,0,5,5,7,3
ENSMUSG00000066441,1101,831,469,350,989,1014
ENSMUSG00000079383,8,13,21,18,7,0
ENSMUSG00000020642,3502,3190,872,548,3107,2716
ENSMUSG00000025702,646,500,265,233,376,436
ENSMUSG00000074467,0,0,25,20,8,12
ENSMUSG00000020990,231,188,21,10,259,261
ENSMUSG00000060063,481,237,133,106,214,200
ENSMUSG00000029923,623,484,208,126,506,443
ENSMUSG00000035969,70,57,52,39,64,39
ENSMUSG00000083943,72,53,19,8,47,47
ENSMUSG00000005611,156,117,49,50,113,128
ENSMUSG00000082952,45,48,85,93,47,32
ENSMUSG00000000028,397,241,156,106,181,159
ENSMUSG00000046854,10,11,15,8,9,7
ENSMUSG00000058153,15,17,9,15,12,4
ENSMUSG00000110404,15,11,21,14,9,8
ENSMUSG00000027405,6548,5197,6157,4882,5062,4521
ENSMUSG00000026126,4510,3156,1542,1039,3511,3161
ENSMUSG00000083111,238,197,69,61,225,175
ENSMUSG00000039952,1245,1173,542,282,1150,949
ENSMUSG00000066800,2547,2113,1125,927,1814,1722
ENSMUSG00000025035,292,180,116,64,165,188
ENSMUSG00000072214,34,9,12,13,8,2
ENSMUSG00000033987,540,580,1463,2250,612,499
ENSMUSG00000027639,24458,22021,5454,3768,22625,21675
ENSMUSG00000019773,679,453,215,155,500,426
ENSMUSG00000028521,513,516,1054,813,474,409
ENSMUSG00000101433,4,4,11,14,4,5
ENSMUSG00000011486,2,4,6,2,3,4
ENSMUSG00000032193,702,619,770,609,962,1062
ENSMUSG00000108852,0,0,10,21,0,0
ENSMUSG00000030956,2728,2399,4259,2890,2772,2722
ENSMUSG00000040158,366,302,183,119,372,336
ENSMUSG00000042066,1244,1144,319,378,827,966
ENSMUSG00000024340,408,278,126,94,383,360
ENSMUSG00000099981,0,1,8,12,0,0
ENSMUSG00000054545,49,40,41,42,21,17
ENSMUSG00000038570,55,54,60,60,36,37
ENSMUSG00000022483,4,1,42,45,0,5
ENSMUSG00000106075,13,21,9,3,25,12
ENSMUSG00000022014,4852,3499,1900,1280,3576,3816
ENSMUSG00000043065,875,837,289,195,814,668
ENSMUSG00000076534,1020,353,1072,700,222,305
ENSMUSG00000035704,482,373,408,334,332,343
ENSMUSG00000022962,3011,2257,4397,3257,2245,2178
ENSMUSG00000096715,1061,613,688,234,548,444
ENSMUSG00000015396,8151,6017,9958,9108,6339,5826
ENSMUSG00000045092,15154,11562,1071,900,10402,9714
ENSMUSG00000082861,21,13,22,18,18,8
ENSMUSG00000098650,950,1137,203,170,1423,1263
ENSMUSG00000042734,3,2,10,8,0,4
ENSMUSG00000003283,6293,4843,1909,939,5225,5716
ENSMUSG00000102135,13,5,5,2,19,14
ENSMUSG00000027509,1996,1638,1329,937,1761,1763
ENSMUSG00000060206,21,24,48,41,49,26
ENSMUSG00000083555,31,43,10,7,19,17
ENSMUSG00000081344,0,0,0,0,0,494
ENSMUSG00000051969,142,86,37,26,104,87
ENSMUSG00000032725,42,29,13,8,33,39
ENSMUSG00000034164,1077,890,154,97,1017,991
ENSMUSG00000025867,627,500,213,175,749,1021
ENSMUSG00000003309,143,137,21,22,130,134
ENSMUSG00000100770,82,67,38,15,67,56
ENSMUSG00000028860,48,64,166,135,66,42
ENSMUSG00000094076,133,114,23,19,96,97
ENSMUSG00000030724,43757,38670,14652,9420,38010,34314
ENSMUSG00000014503,255,220,90,61,220,187
ENSMUSG00000023349,2933,1559,2912,1316,1274,1522
ENSMUSG00000084105,27,21,6,7,31,15
ENSMUSG00000039178,197,173,77,44,188,154
ENSMUSG00000056854,15,14,31,34,34,16
ENSMUSG00000018459,35,42,21,14,36,95
ENSMUSG00000022769,1292,897,523,312,638,470
ENSMUSG00000039158,16809,15709,6873,5706,16464,13594
ENSMUSG00000031513,708,558,226,158,628,594
ENSMUSG00000038199,1,0,10,20,1,1
ENSMUSG00000009630,1201,838,441,291,927,902
ENSMUSG00000021280,21,33,26,17,58,11
ENSMUSG00000079681,28,17,31,26,18,15
ENSMUSG00000070394,459,313,129,74,423,418
ENSMUSG00000021650,1220,1006,585,343,1017,906
ENSMUSG00000064168,1105,564,124,77,524,408
ENSMUSG00000027367,3805,3288,1500,1041,3473,3251
ENSMUSG00000021871,2716,1853,994,521,1661,1716
ENSMUSG00000032661,1328,1084,538,513,818,1243
ENSMUSG00000014301,250,168,233,178,197,154
ENSMUSG00000030341,524,371,268,170,315,304
ENSMUSG00000022200,3220,2574,1265,828,2650,2584
ENSMUSG00000003934,19,26,36,31,23,21
ENSMUSG00000021591,702,412,251,131,364,422
ENSMUSG00000025330,57,38,35,48,24,35
ENSMUSG00000039782,633,589,255,209,573,421
ENSMUSG00000079560,15,15,22,38,21,25
ENSMUSG00000035279,8,23,61,102,12,10
ENSMUSG00000027293,2574,2177,2681,1505,2607,2974
ENSMUSG00000041762,1744,1435,316,204,1653,1550
ENSMUSG00000093806,0,3,5,16,0,0
ENSMUSG00000022876,2989,2059,5136,3483,2467,2237
ENSMUSG00000005374,1380,1105,686,568,1127,1030
ENSMUSG00000031375,67,97,88,75,109,75
ENSMUSG00000061525,2,4,10,17,2,2
ENSMUSG00000105123,26,13,8,1,4,11
ENSMUSG00000030214,5362,4001,1569,914,3025,2891
ENSMUSG00000039221,1844,1482,726,478,2238,1696
ENSMUSG00000096833,1018,642,11448,349,672,497
ENSMUSG00000074865,196,119,46,53,162,121
ENSMUSG00000071076,5380,4142,1642,1098,4470,4939
ENSMUSG00000032507,312,285,116,97,269,268
ENSMUSG00000086670,45,37,16,7,26,21
ENSMUSG00000012777,88,64,106,117,55,60
ENSMUSG00000034055,1627,1599,329,198,1594,1289
ENSMUSG00000054932,179,138,28,26,154,120
ENSMUSG00000002767,748,593,477,309,649,648
ENSMUSG00000084319,7768,5109,3456,2537,5050,5693
ENSMUSG00000055676,32,30,7,5,26,22
ENSMUSG00000033313,366,271,68,53,284,280
ENSMUSG00000028841,5,5,18,20,3,1
ENSMUSG00000076556,1011,681,388,219,486,485
ENSMUSG00000042961,6,4,16,13,5,6
ENSMUSG00000091713,0,0,14,20,0,0
ENSMUSG00000074497,7040,8275,2859,2409,8563,7283
ENSMUSG00000062638,65,42,15,16,85,77
ENSMUSG00000025650,358,494,603,508,575,294
ENSMUSG00000028036,7,13,12,14,3,8
ENSMUSG00000074743,168,164,134,74,152,239
ENSMUSG00000026303,107,93,178,204,80,84
ENSMUSG00000040118,79,74,108,155,73,54
ENSMUSG00000049882,279,244,296,219,232,278
ENSMUSG00000009731,53,79,138,128,58,44
ENSMUSG00000023000,4,7,35,31,2,4
ENSMUSG00000028657,5014,3515,1572,1013,3426,3635
ENSMUSG00000024673,66834,51840,22662,13622,58316,55014
ENSMUSG00000024030,5539,4405,1334,845,3581,3633
ENSMUSG00000022659,328,125,94,56,95,77
ENSMUSG00000103766,7,7,12,9,3,4
ENSMUSG00000026532,804,442,26,87,26,698
ENSMUSG00000053916,72,59,89,33,55,23
ENSMUSG00000083150,0,0,2,0,2,0
ENSMUSG00000020250,2458,1810,4382,2946,1545,1481
ENSMUSG00000027219,10406,9146,1765,1099,9161,8191
ENSMUSG00000101874,0,0,6,15,0,0
ENSMUSG00000027654,80,65,126,152,42,25
ENSMUSG00000050840,35,48,41,42,38,18
ENSMUSG00000062082,75,61,38,39,48,21
ENSMUSG00000110430,18,20,6,5,19,15
ENSMUSG00000040483,1685,1371,619,461,2127,4076
ENSMUSG00000025950,1422,1020,553,269,927,1051
ENSMUSG00000054008,6569,5432,1827,1365,5076,4586
ENSMUSG00000027274,613,569,276,193,547,493
ENSMUSG00000025175,39,27,17,11,12,11
ENSMUSG00000059316,798,725,245,163,694,569
ENSMUSG00000069910,450,311,446,387,282,286
ENSMUSG00000030606,7,8,13,14,5,6
ENSMUSG00000036768,1105,595,321,222,541,490
ENSMUSG00000038733,9728,9066,4389,3213,9416,8870
ENSMUSG00000041977,2694,2558,1085,743,2635,2453
ENSMUSG00000027577,0,3,20,18,1,0
ENSMUSG00000086986,51,48,22,11,60,43
ENSMUSG00000022940,596,454,141,85,437,433
ENSMUSG00000002265,33,48,54,72,58,22
ENSMUSG00000056673,3193,3076,2359,1980,8535,6246
ENSMUSG00000068604,3,4,16,5,17,5
ENSMUSG00000026938,6432,4611,3078,1434,3571,2174
ENSMUSG00000046598,293,190,107,89,187,176
ENSMUSG00000004814,192,121,59,53,98,95
ENSMUSG00000032103,1295,935,952,738,931,928
ENSMUSG00000055805,9190,8967,3077,2224,9526,8526
ENSMUSG00000038421,11387,9062,2192,1407,10028,9685
ENSMUSG00000030468,16878,15532,3719,2433,17180,16032
ENSMUSG00000073400,278,111,7,26,21,521
ENSMUSG00000038059,156,98,150,97,153,210
ENSMUSG00000046207,113,74,104,51,88,68
ENSMUSG00000026578,410,300,127,75,314,285
ENSMUSG00000030350,17,17,26,26,23,17
ENSMUSG00000030060,930,728,267,172,790,624
ENSMUSG00000020741,2738,2426,4164,3102,2562,2166
ENSMUSG00000020116,880,582,1067,838,600,587
ENSMUSG00000106715,244,230,85,26,253,202
ENSMUSG00000075046,0,0,41,69,1,0
ENSMUSG00000095612,1690,2921,752,1413,742,683
ENSMUSG00000004100,2035,1577,3216,2620,1641,1606
ENSMUSG00000039457,477,399,117,100,197,172
ENSMUSG00000058624,1059,352,352,354,267,2006
ENSMUSG00000025213,28,24,56,45,29,15
ENSMUSG00000094651,24,6,7,5,1,18
ENSMUSG00000035215,224,92,353,116,166,106
ENSMUSG00000089628,17,10,10,2,17,9
ENSMUSG00000003476,0,0,9,12,0,0
ENSMUSG00000022199,69,74,26,20,65,45
ENSMUSG00000078185,1689,1376,536,410,1703,1561
ENSMUSG00000004891,22,5,29,45,24,14
ENSMUSG00000078867,29,29,11,8,11,34
ENSMUSG00000083397,47,37,107,72,61,46
ENSMUSG00000074934,108,124,188,211,166,101
ENSMUSG00000038332,5098,4755,1929,1776,4798,4823
ENSMUSG00000021890,2063,1786,899,629,1905,1626
ENSMUSG00000026857,496,484,345,289,547,499
ENSMUSG00000082726,1,4,20,11,0,1
ENSMUSG00000040415,642,536,251,153,649,541
ENSMUSG00000040856,3,4,26,24,8,4
ENSMUSG00000069622,0,12,11,19,0,8
ENSMUSG00000080896,61,38,22,11,47,56
ENSMUSG00000053898,2016,1597,683,379,1686,1507
ENSMUSG00000037419,1408,948,368,264,1054,921
ENSMUSG00000005950,77,70,99,108,62,63
ENSMUSG00000060621,8,6,11,14,9,14
ENSMUSG00000031618,315,282,76,76,129,85
ENSMUSG00000061863,30,9,23,11,26,31
ENSMUSG00000082035,273,115,171,0,182,31
ENSMUSG00000031627,6914,6062,3278,2419,6060,5678
ENSMUSG00000016252,2119,1707,1057,669,2259,1784
ENSMUSG00000084883,25,21,28,29,14,19
ENSMUSG00000000317,97,83,31,19,72,89
ENSMUSG00000082148,63,77,28,26,84,62
ENSMUSG00000037995,209,224,257,206,363,351
ENSMUSG00000055980,60,54,19,21,71,101
ENSMUSG00000095101,33,22,48,38,33,23
ENSMUSG00000027230,27,18,55,44,14,12
ENSMUSG00000026728,8003,6453,1699,978,7379,7213
ENSMUSG00000041248,177,141,57,60,232,206
ENSMUSG00000083473,36,41,12,8,57,46
ENSMUSG00000040540,168,190,67,54,171,125
ENSMUSG00000076614,5071,1888,2254,941,165,152
ENSMUSG00000032436,2406,1977,541,337,2237,2213
ENSMUSG00000000838,3582,3164,1407,974,3208,2806
ENSMUSG00000081622,15,25,8,8,24,8
ENSMUSG00000025489,32,52,5,14,27,33
ENSMUSG00000074417,529,330,125,62,422,323
ENSMUSG00000079067,83,24,34,42,26,12
ENSMUSG00000033368,16,15,14,20,10,12
ENSMUSG00000027562,2373,1039,1083,724,283,1775
ENSMUSG00000031156,599,572,225,135,592,534
ENSMUSG00000081441,6,10,46,18,0,0
ENSMUSG00000028402,20,22,27,19,38,26
ENSMUSG00000035764,923,767,441,272,814,716
ENSMUSG00000022947,39,30,24,10,31,19
ENSMUSG00000019997,24,34,27,29,49,46
ENSMUSG00000031960,3948,2801,2909,1941,2395,2304
ENSMUSG00000034189,2896,2292,1172,774,2678,2496
ENSMUSG00000051617,0,0,2,12,0,0
ENSMUSG00000097053,1185,1323,435,338,1329,939
ENSMUSG00000034201,95,86,79,36,76,99
ENSMUSG00000019978,6080,4870,2450,1465,4903,4579
ENSMUSG00000070960,17,0,0,3,0,8
ENSMUSG00000079592,8,0,12,6,12,1
ENSMUSG00000046179,388,259,143,116,193,166
ENSMUSG00000047824,1335,1141,448,318,1230,1140
ENSMUSG00000022332,17,21,9,5,29,9
ENSMUSG00000029777,2777,2026,2315,1608,2110,1970
ENSMUSG00000093589,7,3,17,11,6,16
ENSMUSG00000003746,32535,29663,11544,8104,24481,20221
ENSMUSG00000103105,138,117,42,18,87,131
ENSMUSG00000037458,5349,4091,2099,1565,4156,4401
ENSMUSG00000106282,14,11,10,13,19,10
ENSMUSG00000039760,11,10,7,14,6,9
ENSMUSG00000019920,4263,3659,1603,1063,4013,3717
ENSMUSG00000044749,67,53,33,43,92,158
ENSMUSG00000034614,1412,1531,692,693,1663,1603
ENSMUSG00000052131,183,160,96,31,139,90
ENSMUSG00000054150,1987,1708,1370,1019,1983,1668
ENSMUSG00000076562,361,2073,127,87,179,220
ENSMUSG00000030189,1912,1197,1962,1344,1121,1312
ENSMUSG00000030168,3557,2709,1376,948,3088,2789
ENSMUSG00000052336,383,318,299,234,332,429
ENSMUSG00000061815,41,15,26,21,12,9
ENSMUSG00000037493,93,72,27,21,113,119
ENSMUSG00000025104,1728,1515,353,355,1462,1194
ENSMUSG00000026615,8954,6971,8217,6233,6506,6320
ENSMUSG00000026213,3238,2795,943,712,3042,3061
ENSMUSG00000059409,1602,1277,3695,2540,1295,1177
ENSMUSG00000024211,25,14,8,19,89,53
ENSMUSG00000036046,6482,5549,1380,946,6450,6312
ENSMUSG00000048502,18,18,27,28,36,37
ENSMUSG00000022037,153,110,106,63,128,172
ENSMUSG00000074127,32,55,10,8,48,37
ENSMUSG00000040048,1527,1034,693,458,1139,1088
ENSMUSG00000040935,1,1,7,11,3,8
ENSMUSG00000002835,599,346,197,132,257,267
ENSMUSG00000023926,297,212,77,77,108,149
ENSMUSG00000021707,638,350,226,111,333,328
ENSMUSG00000034245,325,304,61,38,244,226
ENSMUSG00000049134,3,3,25,16,9,3
ENSMUSG00000028464,40,22,47,50,40,39
ENSMUSG00000074575,338,370,61,45,301,218
ENSMUSG00000069733,2,7,8,23,5,4
ENSMUSG00000028691,7378,4886,4452,2540,4936,4769
ENSMUSG00000032570,5358,4569,1545,999,4699,4287
ENSMUSG00000020427,6,7,8,15,16,10
ENSMUSG00000106486,6,2,8,16,2,1
ENSMUSG00000026798,310,279,199,191,283,253
ENSMUSG00000040274,4140,3209,3607,2464,4206,4102
ENSMUSG00000048458,252,252,5400,3907,225,260
ENSMUSG00000040751,5322,4254,1048,575,4837,4299
ENSMUSG00000035953,3455,2819,993,755,3186,2812
ENSMUSG00000028341,77,94,199,250,94,77
ENSMUSG00000036908,22771,18923,7812,4830,17006,16289
ENSMUSG00000052369,404,291,133,90,294,262
ENSMUSG00000091780,137,98,75,46,90,109
ENSMUSG00000091255,0,0,3,22,0,0
ENSMUSG00000002012,2,6,5,9,20,12
ENSMUSG00000033196,0,0,8,11,0,0
ENSMUSG00000016918,53,44,29,22,37,40
ENSMUSG00000094446,30,0,0,0,19,6
ENSMUSG00000010136,69,57,7,18,125,67
ENSMUSG00000018415,1600,1286,1207,822,1309,1309
ENSMUSG00000029449,3478,2805,889,614,3198,2551
ENSMUSG00000070044,125,62,23,18,67,61
ENSMUSG00000061666,173,177,84,50,125,113
ENSMUSG00000081218,27,32,36,51,32,19
ENSMUSG00000024667,286,269,122,79,273,239
ENSMUSG00000018900,734,707,214,160,779,622
ENSMUSG00000069045,82,65,66,33,5600,3675
ENSMUSG00000025876,115,132,83,36,100,60
ENSMUSG00000021326,3226,2547,1656,1278,2670,2589
ENSMUSG00000027374,1334,990,1171,852,1083,1005
ENSMUSG00000037243,880,817,1321,876,840,703
ENSMUSG00000058922,2487,1442,2197,1886,1429,1588
ENSMUSG00000071037,274,245,75,61,225,156
ENSMUSG00000070056,3348,2774,651,541,2094,1537
ENSMUSG00000036931,2348,1869,2993,3701,2214,2072
ENSMUSG00000025358,1534,1172,475,304,1495,1428
ENSMUSG00000036752,6489,4516,6955,3986,4904,4267
ENSMUSG00000002944,4667,3261,1022,591,2673,2759
ENSMUSG00000053693,585,647,311,266,611,476
ENSMUSG00000022325,737,567,1049,821,622,579
ENSMUSG00000021130,3,2,18,19,2,2
ENSMUSG00000031730,846,750,523,354,745,659
ENSMUSG00000020601,1974,1927,3390,2244,2037,2430
ENSMUSG00000021189,2754,2292,988,678,2503,2374
ENSMUSG00000034321,801,615,660,543,668,673
ENSMUSG00000027610,554,460,985,760,459,448
ENSMUSG00000005802,1507,1155,595,456,1433,1430
ENSMUSG00000037894,2756,1851,1095,472,2558,2126
ENSMUSG00000038545,422,359,165,115,386,392
ENSMUSG00000035064,1160,1033,465,311,1018,907
ENSMUSG00000026420,231,158,45,37,165,264
ENSMUSG00000003545,183,62,47,54,91,189
ENSMUSG00000032577,1316,1164,3128,2289,1285,1111
ENSMUSG00000032641,241,221,114,73,192,258
ENSMUSG00000026981,173,74,74,75,54,107
ENSMUSG00000007655,34,29,22,10,38,67
ENSMUSG00000025482,12,18,31,33,6,11
ENSMUSG00000032702,14,11,14,15,19,19
ENSMUSG00000031903,2253,1918,740,350,1506,1300
ENSMUSG00000081730,134,127,61,41,130,99
ENSMUSG00000028671,298,223,151,96,244,215
ENSMUSG00000024369,655,486,482,333,515,470
ENSMUSG00000093769,148,107,22,25,94,102
ENSMUSG00000022906,4900,3440,1435,932,3250,3947
ENSMUSG00000029275,190,177,100,83,210,188
ENSMUSG00000026994,950,688,398,232,433,533
ENSMUSG00000064262,14221,12449,3920,2881,12985,11738
ENSMUSG00000025351,78,48,31,17,36,79
ENSMUSG00000086598,121,118,57,31,123,137
ENSMUSG00000032359,11457,8823,3730,2146,9221,8145
ENSMUSG00000038623,6837,5940,684,448,5557,4130
ENSMUSG00000001942,958,737,238,169,682,611
ENSMUSG00000055745,1311,1106,542,285,1127,1124
ENSMUSG00000006576,168,140,33,23,210,203
ENSMUSG00000095351,2480,909,1174,385,584,472
ENSMUSG00000096188,386,361,140,78,339,173
ENSMUSG00000026960,820,686,316,208,712,595
ENSMUSG00000026209,1358,1079,514,354,1083,1017
ENSMUSG00000038055,3107,3339,1213,749,3214,2886
ENSMUSG00000013483,29,36,8,8,31,29
ENSMUSG00000018585,854,628,342,157,722,641
ENSMUSG00000000884,128,114,641,526,141,122
ENSMUSG00000073802,15,9,68,57,9,9
ENSMUSG00000035403,56,38,30,20,49,48
ENSMUSG00000062028,225,212,35,56,212,192
ENSMUSG00000041073,1165,1253,532,411,1172,1095
ENSMUSG00000031015,33096,26634,21164,14985,27559,26143
ENSMUSG00000017969,223,214,41,32,160,121
ENSMUSG00000073982,2224,1664,807,453,1626,1601
ENSMUSG00000012519,231,138,83,67,112,157
ENSMUSG00000020520,1736,1516,414,303,1594,1386
ENSMUSG00000055322,732,712,785,495,765,597
ENSMUSG00000026643,1731,1454,626,560,1535,1346
ENSMUSG00000001119,9,12,25,11,28,12
ENSMUSG00000021196,3795,3006,1705,1132,2945,2630
ENSMUSG00000016255,109,82,81,32,77,156
ENSMUSG00000079103,1,3,4,16,0,2
ENSMUSG00000021662,2,4,12,15,1,2
ENSMUSG00000026415,763,821,271,159,717,621
ENSMUSG00000065990,1545,1144,802,509,1221,1171
ENSMUSG00000007035,283,308,126,124,361,380
ENSMUSG00000078722,5,10,14,19,13,9
ENSMUSG00000022665,32,37,62,42,62,25
ENSMUSG00000056305,1985,1489,1248,956,1560,1462
ENSMUSG00000025757,1480,1255,387,243,1276,1100
ENSMUSG00000003380,1721,1574,443,268,1669,1382
ENSMUSG00000038224,13,9,10,12,13,11
ENSMUSG00000108699,322,375,139,96,364,259
ENSMUSG00000000253,20,15,13,16,14,32
ENSMUSG00000022427,2247,1672,1141,772,1916,1785
ENSMUSG00000071648,232,165,59,59,192,200
ENSMUSG00000066357,2614,2123,1019,586,2207,1900
ENSMUSG00000079941,11,18,6,2,14,15
ENSMUSG00000024072,1326,975,386,270,1147,1211
ENSMUSG00000000581,905,766,398,272,969,900
ENSMUSG00000029752,286,131,94,84,31,40
ENSMUSG00000084283,217,233,313,429,241,176
ENSMUSG00000021221,30,23,14,14,8,6
ENSMUSG00000091498,104,26,159,120,74,37
ENSMUSG00000032815,1890,1543,625,518,1834,1752
ENSMUSG00000026205,22,11,24,26,12,22
ENSMUSG00000030298,2693,2049,1420,920,2226,2138
ENSMUSG00000011008,2089,1879,314,209,1690,1527
ENSMUSG00000090173,254,200,53,47,242,211
ENSMUSG00000020611,7603,6521,2674,2071,7466,6584
ENSMUSG00000038351,357,371,1462,949,399,318
ENSMUSG00000026039,400,222,119,63,168,149
ENSMUSG00000071005,8,8,14,22,13,1
ENSMUSG00000020549,1544,1179,1066,868,1210,1160
ENSMUSG00000082831,16,9,1,10,12,16
ENSMUSG00000030255,205,224,142,144,240,251
ENSMUSG00000024743,89,121,146,111,153,94
ENSMUSG00000025931,151,162,41,38,115,99
ENSMUSG00000058626,0,0,43,13,11,79
ENSMUSG00000095366,70,79,74,46,110,106
ENSMUSG00000040990,12103,9920,2592,1834,9461,8649
ENSMUSG00000101376,0,0,6,11,0,1
ENSMUSG00000019791,382,322,140,69,342,315
ENSMUSG00000098794,0,0,16,15,0,0
ENSMUSG00000090215,355,316,126,93,365,288
ENSMUSG00000041247,264,223,42,34,150,150
ENSMUSG00000000308,1,0,127,77,0,0
ENSMUSG00000076499,7,5,11,14,7,7
ENSMUSG00000022105,5808,5610,4028,2846,5463,4926
ENSMUSG00000031224,19,13,2,6,0,19
ENSMUSG00000000120,278,272,195,148,301,208
ENSMUSG00000020738,6609,4875,4472,2971,4622,4744
ENSMUSG00000027193,5892,4587,3098,2086,4781,4459
ENSMUSG00000063458,91,68,47,33,68,47
ENSMUSG00000024225,0,0,1,14,0,0
ENSMUSG00000039159,3929,3387,1422,959,3317,3656
ENSMUSG00000020430,3660,2656,2995,2133,2939,2981
ENSMUSG00000082938,141,89,178,124,74,122
ENSMUSG00000094501,9,15,31,46,9,6
ENSMUSG00000005362,4430,3667,1603,1278,4014,3759
ENSMUSG00000106372,18,23,4,8,26,22
ENSMUSG00000021668,920,847,6052,4647,767,662
ENSMUSG00000042700,4640,4651,1657,1322,4505,3887
ENSMUSG00000042379,22,19,17,17,38,27
ENSMUSG00000003033,3181,2798,1237,775,2879,2561
ENSMUSG00000024896,1444,950,567,403,859,828
ENSMUSG00000028465,28671,25372,10755,7318,23543,20546
ENSMUSG00000032122,2587,2420,3087,2085,2314,2038
ENSMUSG00000027678,12840,11571,4845,3592,11909,10863
ENSMUSG00000020253,3099,2705,992,556,2848,2644
ENSMUSG00000022358,1073,1026,547,481,1142,1076
ENSMUSG00000057777,196,199,94,65,222,162
ENSMUSG00000094259,9,5,6,3,0,5
ENSMUSG00000079639,27,36,26,45,46,42
ENSMUSG00000028661,0,0,9,19,2,0
ENSMUSG00000095217,2366,1229,373,245,1303,1138
ENSMUSG00000075312,19,10,12,3,19,18
ENSMUSG00000096846,13,6,10,15,4,0
ENSMUSG00000038208,223,193,78,59,219,249
ENSMUSG00000026616,70448,56819,14995,10295,46976,34783
ENSMUSG00000048481,332,332,113,78,286,230
ENSMUSG00000078935,3,1,21,44,0,4
ENSMUSG00000057130,585,456,466,359,464,455
ENSMUSG00000037466,517,442,172,105,553,454
ENSMUSG00000074903,0,0,0,0,6,9
ENSMUSG00000083165,199,183,24,23,219,262
ENSMUSG00000020368,17104,12581,19265,12502,11043,10548
ENSMUSG00000033161,7268,5671,5119,3105,5310,5239
ENSMUSG00000056952,4411,3612,1916,1600,4010,3580
ENSMUSG00000080877,48,32,14,10,44,40
ENSMUSG00000012443,1513,766,302,161,580,529
ENSMUSG00000107079,38,24,25,12,36,46
ENSMUSG00000024730,58,50,36,34,58,46
ENSMUSG00000035936,29,23,16,13,15,7
ENSMUSG00000062591,183,220,84,58,212,166
ENSMUSG00000026623,8346,7588,2869,2012,7955,7282
ENSMUSG00000026873,453,329,135,110,304,249
ENSMUSG00000035472,72,34,37,29,13,22
ENSMUSG00000058427,7,1,5,8,1,4
ENSMUSG00000020745,9592,8231,3529,2588,9190,8438
ENSMUSG00000030737,1340,1205,384,165,792,502
ENSMUSG00000076571,18,53,11,11,21,14
ENSMUSG00000032294,11596,8115,8267,4910,8037,7719
ENSMUSG00000031530,675,590,307,237,721,643
ENSMUSG00000049176,3,0,14,16,2,0
ENSMUSG00000095642,773,602,214,195,310,337
ENSMUSG00000049327,1998,1426,1741,1367,1320,1282
ENSMUSG00000014599,426,296,1163,851,294,340
ENSMUSG00000024665,36,20,9,7,17,25
ENSMUSG00000026390,1371,771,3614,1731,352,474
ENSMUSG00000025577,159,128,59,46,156,137
ENSMUSG00000050377,28,30,42,33,25,15
ENSMUSG00000021806,157,121,80,58,136,106
ENSMUSG00000031792,984,756,394,223,870,795
ENSMUSG00000032913,3385,3084,1382,1029,3697,3239
ENSMUSG00000034361,119,84,251,168,60,76
ENSMUSG00000064193,0,0,0,0,0,25
ENSMUSG00000027297,444,371,39,18,325,293
ENSMUSG00000049303,36,42,231,165,50,46
ENSMUSG00000050526,4,10,16,8,7,8
ENSMUSG00000037140,10,8,11,20,4,6
ENSMUSG00000030844,1094,666,350,247,670,577
ENSMUSG00000044005,43,22,44,31,28,29
ENSMUSG00000020282,918,834,308,278,465,335
ENSMUSG00000052825,66,45,106,62,49,68
ENSMUSG00000096459,2983,3826,1490,3401,1145,1235
ENSMUSG00000026751,19,28,23,13,53,47
ENSMUSG00000022040,48,43,20,12,15,16
ENSMUSG00000096517,17,24,7,8,15,17
ENSMUSG00000101262,9,13,11,7,11,10
ENSMUSG00000038150,972,747,479,299,836,764
ENSMUSG00000022044,0,0,47,72,0,3
ENSMUSG00000080916,30,35,22,8,23,25
ENSMUSG00000041189,577,518,119,114,569,540
ENSMUSG00000095704,71,46,6,3,78,91
ENSMUSG00000024146,1096,892,414,273,1065,996
ENSMUSG00000038763,34,30,121,191,38,34
ENSMUSG00000030772,34,25,14,8,16,25
ENSMUSG00000026019,3013,2591,2741,2319,2431,2313
ENSMUSG00000061615,1850,822,318,182,704,563
ENSMUSG00000044468,2926,1706,1188,1098,769,8183
ENSMUSG00000087239,22,22,11,4,20,11
ENSMUSG00000022364,513,429,227,111,407,331
ENSMUSG00000003279,151,118,282,461,164,137
ENSMUSG00000022385,209,111,4113,2684,94,102
ENSMUSG00000052392,13,16,6,6,14,10
ENSMUSG00000107628,12,16,2,3,18,11
ENSMUSG00000090584,40,45,16,16,54,29
ENSMUSG00000085711,5,2,16,7,2,2
ENSMUSG00000041632,588,441,609,411,458,387
ENSMUSG00000095029,32,7,16,24,18,8
ENSMUSG00000042111,1020,706,642,437,766,868
ENSMUSG00000084965,4,2,8,6,7,4
ENSMUSG00000034981,47,43,31,24,15,14
ENSMUSG00000020062,1,1,8,15,1,1
ENSMUSG00000097328,83,83,55,17,87,74
ENSMUSG00000023993,20,13,14,6,5,21
ENSMUSG00000030275,23029,20975,8887,6091,23234,21537
ENSMUSG00000020801,246,178,140,79,234,224
ENSMUSG00000073062,1241,1347,492,359,1414,1122
ENSMUSG00000029286,10,7,15,8,3,0
ENSMUSG00000074513,1593,1241,548,398,1376,1274
ENSMUSG00000034308,140,111,62,53,123,117
ENSMUSG00000039395,290,282,1154,812,269,240
ENSMUSG00000095930,59,46,87,100,53,45
ENSMUSG00000079293,675,314,297,183,390,1003
ENSMUSG00000043592,309,319,127,75,393,314
ENSMUSG00000062933,9702,6258,7497,4949,5406,5366
ENSMUSG00000085547,0,0,3,15,2,1
ENSMUSG00000008475,9509,6972,3400,1995,8157,8161
ENSMUSG00000053173,9,6,8,3,17,2
ENSMUSG00000044352,60,36,15,19,13,28
ENSMUSG00000003418,2298,1879,2505,1883,1052,1012
ENSMUSG00000032114,767,643,279,195,667,703
ENSMUSG00000051133,59,71,24,26,69,57
ENSMUSG00000023277,2327,1818,687,403,1951,1678
ENSMUSG00000041889,2,9,35,47,3,8
ENSMUSG00000004151,81,77,45,23,77,44
ENSMUSG00000025150,73,44,53,15,34,17
ENSMUSG00000046334,55,63,15,13,73,60
ENSMUSG00000021987,2996,2356,1001,696,2553,2431
ENSMUSG00000063884,5514,5521,2597,2056,8635,5548
ENSMUSG00000038225,1619,1405,638,445,1425,1441
ENSMUSG00000018599,461,420,183,132,458,454
ENSMUSG00000049109,326,364,356,413,373,117
ENSMUSG00000074342,2438,1809,355,268,1350,872
ENSMUSG00000021298,2060,2079,3751,3731,1904,1624
ENSMUSG00000003868,1786,1387,1485,996,1460,1307
ENSMUSG00000068466,27,16,31,51,12,19
ENSMUSG00000080999,49,27,14,10,65,66
ENSMUSG00000066553,0,6,6,15,9,0
ENSMUSG00000021243,1106,824,981,715,893,889
ENSMUSG00000037060,26,17,13,12,27,46
ENSMUSG00000101932,81,29,47,31,4,38
ENSMUSG00000041126,1078,800,328,194,947,871
ENSMUSG00000029385,3459,2771,529,345,3556,3376
ENSMUSG00000056054,2279,510,465,728,139,186
ENSMUSG00000063694,1632,1109,1402,898,1098,1105
ENSMUSG00000000263,0,4,11,26,1,1
ENSMUSG00000101904,0,4,3,2,2,2
ENSMUSG00000025580,2959,2421,2196,1580,2710,2589
ENSMUSG00000021983,18,24,118,175,33,20
ENSMUSG00000024614,3429,3039,1011,719,3369,2875
ENSMUSG00000092510,31,32,6,14,48,32
ENSMUSG00000090019,8206,6806,2852,2203,6909,6695
ENSMUSG00000098037,6,7,10,11,5,3
ENSMUSG00000027713,23,22,13,3,18,13
ENSMUSG00000052688,237,131,82,75,115,146
ENSMUSG00000020121,22,21,18,22,35,13
ENSMUSG00000042524,8225,6851,2650,2267,7286,6442
ENSMUSG00000047242,673,543,210,138,473,425
ENSMUSG00000102827,23,28,15,16,24,18
ENSMUSG00000025980,5556,3684,5038,3639,3400,3331
ENSMUSG00000026113,2539,2411,1175,859,1914,1194
ENSMUSG00000034898,37,22,26,36,17,20
ENSMUSG00000000982,52,25,12,20,19,20
ENSMUSG00000022836,134,151,119,114,194,137
ENSMUSG00000055170,18,10,6,6,23,21
ENSMUSG00000022946,2155,2355,912,774,2323,1956
ENSMUSG00000038503,1396,1049,943,697,1041,996
ENSMUSG00000004936,5345,4518,1849,1233,4756,4170
ENSMUSG00000034918,10,8,16,12,2,9
ENSMUSG00000027404,3138,2277,1821,1107,2604,2450
ENSMUSG00000027715,1245,604,245,139,402,399
ENSMUSG00000031354,22,28,17,12,20,14
ENSMUSG00000040564,128,65,44,13,132,116
ENSMUSG00000052415,3,4,29,15,0,2
ENSMUSG00000038214,447,466,678,539,400,478
ENSMUSG00000078864,6,3,5,5,23,0
ENSMUSG00000028332,486,311,81,92,93,143
ENSMUSG00000041707,277,254,92,54,156,119
ENSMUSG00000036334,27,16,19,12,27,31
ENSMUSG00000070980,0,0,5,12,3,4
ENSMUSG00000024130,4447,4097,1721,1291,3860,3197
ENSMUSG00000038665,623,618,483,238,426,282
ENSMUSG00000066108,44,41,189,256,29,45
ENSMUSG00000042353,4,5,3,8,2,19
ENSMUSG00000036093,4917,3914,1922,1253,3787,3920
ENSMUSG00000105082,58,47,25,14,59,55
ENSMUSG00000072672,0,0,1,10,23,3
ENSMUSG00000072789,22,12,29,18,18,12
ENSMUSG00000027357,552,388,381,245,427,372
ENSMUSG00000098210,13,18,21,12,16,14
ENSMUSG00000026604,2225,2256,2415,2012,1417,1043
ENSMUSG00000037890,747,675,242,199,653,587
ENSMUSG00000033991,2786,2213,3095,2305,2495,2307
ENSMUSG00000041481,9056,5266,2863,1814,4178,3848
ENSMUSG00000064141,272,253,119,88,241,210
ENSMUSG00000029291,2383,2100,978,683,1779,1489
ENSMUSG00000021908,11,0,8,0,12,24
ENSMUSG00000024371,646,471,277,174,458,425
ENSMUSG00000013155,67,39,17,7,61,54
ENSMUSG00000091618,420,481,156,94,424,418
ENSMUSG00000091831,729,792,228,187,884,795
ENSMUSG00000062054,892,727,578,327,821,789
ENSMUSG00000020869,2687,1876,1780,1283,1884,1887
ENSMUSG00000051557,276,261,222,170,278,278
ENSMUSG00000022488,24150,19899,8343,5442,19864,17908
ENSMUSG00000082829,140,132,32,24,130,136
ENSMUSG00000074619,77,92,22,24,80,73
ENSMUSG00000080720,90,155,57,75,185,106
ENSMUSG00000031626,665,582,241,148,636,418
ENSMUSG00000042121,4233,4007,932,639,3593,3093
ENSMUSG00000032875,54,64,54,53,115,40
ENSMUSG00000032374,31,32,307,239,36,13
ENSMUSG00000019312,409,419,67,65,399,284
ENSMUSG00000009246,157,110,262,204,127,116
ENSMUSG00000018008,6750,5535,1631,1115,5509,4597
ENSMUSG00000056529,620,366,183,149,268,317
ENSMUSG00000033327,269,417,184,126,854,215
ENSMUSG00000076620,795,653,429,383,401,392
ENSMUSG00000100862,1606,5974,1905,2456,3692,2681
ENSMUSG00000024659,726,315,99,97,437,444
ENSMUSG00000035776,409,386,110,85,358,369
ENSMUSG00000005364,3059,2511,846,782,3228,2908
ENSMUSG00000066607,20,5,73,64,10,6
ENSMUSG00000033409,3,2,8,16,4,2
ENSMUSG00000056185,698,595,178,116,589,535
ENSMUSG00000027997,802,583,278,189,555,515
ENSMUSG00000000127,242,210,122,51,175,154
ENSMUSG00000101398,7,9,13,7,16,11
ENSMUSG00000039555,0,0,13,15,0,0
ENSMUSG00000067860,0,0,19,16,3,2
ENSMUSG00000061838,1923,1559,2436,1802,1539,1392
ENSMUSG00000041323,22,27,54,50,8,15
ENSMUSG00000001555,15,16,39,27,14,23
ENSMUSG00000107418,0,1,14,15,0,1
ENSMUSG00000101355,1077,590,373,297,950,871
ENSMUSG00000076934,10374,7682,2096,1887,5066,5368
ENSMUSG00000030717,86,89,153,129,95,70
ENSMUSG00000021361,1832,1191,737,408,1152,1098
ENSMUSG00000027099,1080,830,790,496,849,756
ENSMUSG00000024521,617,579,3226,2331,392,420
ENSMUSG00000093826,7,7,3,7,6,9
ENSMUSG00000094787,1158,524,531,255,310,266
ENSMUSG00000050953,64,52,151,93,59,39
ENSMUSG00000082475,0,22,0,12,28,42
ENSMUSG00000021213,109,82,43,21,50,52
ENSMUSG00000039911,29,33,85,71,32,16
ENSMUSG00000070000,4516,3931,1620,1190,4205,3636
ENSMUSG00000036026,491,546,2407,1837,594,502
ENSMUSG00000073838,1895,1358,1405,1002,1356,1300
ENSMUSG00000036599,569,438,184,129,411,420
ENSMUSG00000030879,1254,906,842,669,937,1005
ENSMUSG00000026411,260,201,80,58,263,259
ENSMUSG00000020077,9674,7011,2249,1498,6679,6819
ENSMUSG00000093838,540,533,315,203,223,240
ENSMUSG00000035273,1242,881,216,151,1205,1213
ENSMUSG00000101838,17,11,1,6,5,8
ENSMUSG00000024696,4491,3432,1425,983,3611,3024
ENSMUSG00000053541,19660,17033,6316,4476,16710,14761
ENSMUSG00000032640,4991,3984,1759,1285,3850,3515
ENSMUSG00000015222,179,116,39,48,119,196
ENSMUSG00000005718,297,264,537,383,224,222
ENSMUSG00000031028,301,274,154,162,264,291
ENSMUSG00000026582,265,283,24,22,338,295
ENSMUSG00000034333,3243,2689,1172,858,2845,2753
ENSMUSG00000034037,74,98,67,71,98,107
ENSMUSG00000020088,3221,2573,1938,1296,2608,2421
ENSMUSG00000038663,284,223,120,66,178,171
ENSMUSG00000021703,2440,2020,497,369,3343,4470
ENSMUSG00000002778,1399,1069,449,295,933,923
ENSMUSG00000033565,30,43,35,40,42,33
ENSMUSG00000002477,1323,824,1196,742,810,735
ENSMUSG00000059058,17,15,21,22,30,22
ENSMUSG00000019943,7439,6683,2986,2138,6303,5811
ENSMUSG00000036617,193,187,200,184,134,91
ENSMUSG00000041747,2046,1690,1398,1100,1669,1644
ENSMUSG00000021814,3393,2538,1141,679,2438,2240
ENSMUSG00000051950,294,261,102,75,226,210
ENSMUSG00000034792,535,462,1041,671,471,369
ENSMUSG00000075232,2850,2104,1226,885,2336,2317
ENSMUSG00000103574,5,12,5,6,13,11
ENSMUSG00000000708,2124,1790,462,331,1796,1663
ENSMUSG00000079024,1691,1914,2222,1787,1366,1931
ENSMUSG00000024966,4096,2876,2984,1952,2939,2517
ENSMUSG00000024544,278,285,131,87,276,208
ENSMUSG00000026360,2154,1407,697,493,2099,2217
ENSMUSG00000082480,6,13,6,11,14,16
ENSMUSG00000034883,34,19,5,7,14,8
ENSMUSG00000051146,23,20,38,38,25,22
ENSMUSG00000018740,275,198,86,70,152,150
ENSMUSG00000057411,957,929,366,243,976,765
ENSMUSG00000018654,23373,18320,7615,5023,20639,18277
ENSMUSG00000048895,624,516,1157,873,424,390
ENSMUSG00000082382,7,2,14,14,0,4
ENSMUSG00000049313,27077,27355,12766,10750,27091,25426
ENSMUSG00000048126,54,85,64,59,137,40
ENSMUSG00000061143,1248,1281,789,624,1673,1494
ENSMUSG00000008604,1590,1437,2065,1352,1408,1286
ENSMUSG00000018449,720,605,244,177,815,728
ENSMUSG00000031075,15,15,15,19,17,6
ENSMUSG00000033983,554,483,380,298,502,394
ENSMUSG00000019539,292,246,90,67,215,191
ENSMUSG00000055302,5315,3724,2757,1903,3555,3519
ENSMUSG00000004568,11810,12909,3618,2979,13569,12607
ENSMUSG00000046691,5663,4378,2642,1704,4305,3677
ENSMUSG00000013701,4976,4188,3439,2552,3032,2020
ENSMUSG00000006800,342,205,1056,755,321,257
ENSMUSG00000082319,31,28,14,9,26,36
ENSMUSG00000021892,6291,5558,2626,1858,5366,4991
ENSMUSG00000030589,463,330,190,141,451,349
ENSMUSG00000016087,9999,7779,3200,2333,8129,8274
ENSMUSG00000005465,2959,2893,1017,805,2899,2243
ENSMUSG00000079845,459,142,125,110,247,192
ENSMUSG00000032384,3959,3755,8755,6511,3670,3289
ENSMUSG00000036560,1,1,11,14,0,5
ENSMUSG00000021607,789,538,369,207,614,591
ENSMUSG00000003955,721,453,987,638,446,441
ENSMUSG00000020573,6545,5373,1836,1406,6100,5640
ENSMUSG00000037621,4,5,15,8,11,2
ENSMUSG00000097612,9,16,23,24,10,7
ENSMUSG00000069308,381,174,213,157,238,235
ENSMUSG00000038963,191,152,40,39,286,295
ENSMUSG00000020926,164,154,145,164,390,197
ENSMUSG00000072582,1141,870,483,336,934,1079
ENSMUSG00000059974,70,74,162,210,79,88
ENSMUSG00000031776,1626,1150,592,356,1161,1198
ENSMUSG00000040447,1020,981,53,45,1134,1020
ENSMUSG00000054717,4082,2406,1313,856,2055,1940
ENSMUSG00000006356,552,398,562,285,364,345
ENSMUSG00000053846,11,6,25,26,8,5
ENSMUSG00000052776,1212,884,339,196,756,1196
ENSMUSG00000025260,946,651,500,262,802,770
ENSMUSG00000038521,13,26,35,26,36,10
ENSMUSG00000036949,22,22,12,9,6,6
ENSMUSG00000010175,33,46,35,37,40,41
ENSMUSG00000071661,285,198,94,62,218,183
ENSMUSG00000072718,14,9,8,17,33,3
ENSMUSG00000054161,36,30,31,30,21,30
ENSMUSG00000029095,77,62,53,62,70,26
ENSMUSG00000023942,1105,834,759,459,662,765
ENSMUSG00000027076,313,235,383,275,253,285
ENSMUSG00000032279,1303,884,854,548,919,920
ENSMUSG00000062488,441,321,152,130,297,414
ENSMUSG00000032796,30,33,34,49,6,6
ENSMUSG00000022299,710,598,404,315,656,564
ENSMUSG00000061272,12,17,8,6,6,5
ENSMUSG00000026805,31,19,40,39,33,33
ENSMUSG00000072188,0,0,6,17,0,0
ENSMUSG00000067482,35,37,68,76,41,38
ENSMUSG00000031168,984,709,325,185,715,697
ENSMUSG00000058838,76,96,19,32,48,86
ENSMUSG00000026576,588,520,172,204,754,974
ENSMUSG00000027790,40,49,43,53,31,43
ENSMUSG00000023965,1647,1630,625,434,1736,1360
ENSMUSG00000045038,4194,4336,2541,1970,4665,4536
ENSMUSG00000028019,103,102,72,46,59,78
ENSMUSG00000025857,680,591,308,186,726,615
ENSMUSG00000022519,93,68,180,111,100,120
ENSMUSG00000025141,29,16,2,3,13,36
ENSMUSG00000031377,33,11,29,15,16,11
ENSMUSG00000055733,50,31,10,14,14,8
ENSMUSG00000029869,59,67,63,67,65,26
ENSMUSG00000041736,1173,858,185,116,1088,1006
ENSMUSG00000011148,355,209,146,99,223,295
ENSMUSG00000083083,111,148,19,24,136,105
ENSMUSG00000028970,618,523,4395,3340,384,306
ENSMUSG00000024769,460,438,3821,2992,405,405
ENSMUSG00000031297,23,22,38,55,13,18
ENSMUSG00000023883,1701,1303,878,629,1378,1272
ENSMUSG00000044206,19,23,12,12,17,23
ENSMUSG00000004951,5,3,9,13,6,4
ENSMUSG00000040350,8500,7895,12562,8490,7174,5945
ENSMUSG00000104819,42,36,12,14,47,40
ENSMUSG00000067924,211,136,86,53,123,138
ENSMUSG00000090551,94,103,31,25,120,85
ENSMUSG00000027901,5107,4506,1285,1201,4768,3825
ENSMUSG00000016194,1605,1747,700,505,1405,962
ENSMUSG00000022365,4263,3412,1470,1008,3512,3053
ENSMUSG00000015143,2069,2241,1303,852,1973,1442
ENSMUSG00000029430,5761,3866,3729,2426,4425,4012
ENSMUSG00000038975,1699,1312,1462,1126,1295,1283
ENSMUSG00000083700,88,86,22,19,95,92
ENSMUSG00000020334,41,31,15,10,12,16
ENSMUSG00000042599,11142,10295,3636,2959,10855,10307
ENSMUSG00000059498,1983,1639,831,433,1097,1018
ENSMUSG00000074564,7,11,4975,9229,169,117
ENSMUSG00000079544,10,7,6,2,5,12
ENSMUSG00000015316,2450,2014,578,415,2449,2110
ENSMUSG00000036565,2770,2491,848,580,2768,2661
ENSMUSG00000039616,102,68,63,28,52,36
ENSMUSG00000095687,579,388,202,120,560,448
ENSMUSG00000020781,725,546,1903,1383,639,578
ENSMUSG00000071591,0,0,0,0,0,0
ENSMUSG00000070436,78,53,21,11,46,67
ENSMUSG00000030000,306,148,13,20,3,45
ENSMUSG00000040035,63,72,133,141,85,72
ENSMUSG00000038058,2654,2384,731,410,2281,1676
ENSMUSG00000020325,80,37,47,20,43,50
ENSMUSG00000083687,106,122,34,25,136,110
ENSMUSG00000087635,6,0,0,0,0,0
ENSMUSG00000035896,3,2,15,32,2,3
ENSMUSG00000021013,84,79,24,29,31,23
ENSMUSG00000037325,86,81,100,90,54,45
ENSMUSG00000019832,588,393,252,119,317,354
ENSMUSG00000031495,10,10,1,3,48,43
ENSMUSG00000029195,5,10,12,4,7,9
ENSMUSG00000108185,15,15,12,5,7,11
ENSMUSG00000040964,121,105,182,65,149,143
ENSMUSG00000036087,3888,3362,1518,1036,3301,3225
ENSMUSG00000038502,517,461,211,135,483,497
ENSMUSG00000004842,84,115,843,1370,172,108
ENSMUSG00000033596,3254,2489,1035,717,2473,2200
ENSMUSG00000061086,812,489,262,172,525,547
ENSMUSG00000030615,1170,833,416,280,777,904
ENSMUSG00000019806,1436,1215,525,407,1174,977
ENSMUSG00000048015,62,42,11,8,48,32
ENSMUSG00000020537,1446,1135,1194,906,1240,1130
ENSMUSG00000049916,102,53,157,113,82,55
ENSMUSG00000027111,1858,1756,689,453,1771,1590
ENSMUSG00000103293,158,189,43,36,178,153
ENSMUSG00000006442,517,387,835,667,360,325
ENSMUSG00000031337,1687,1586,668,509,1691,1539
ENSMUSG00000026594,31656,29032,7549,5198,31441,29315
ENSMUSG00000055612,976,619,615,465,691,715
ENSMUSG00000047767,7052,6491,2795,2046,6906,6647
ENSMUSG00000091736,199,293,102,66,248,246
ENSMUSG00000014226,2468,1645,1551,972,1741,1540
ENSMUSG00000030505,2812,2362,2763,2005,2437,2230
ENSMUSG00000024401,863,504,431,271,530,674
ENSMUSG00000029836,4636,3498,1470,1078,3719,3415
ENSMUSG00000092376,86,57,146,233,70,81
ENSMUSG00000044562,39,53,42,27,42,43
ENSMUSG00000044037,348,684,526,519,718,147
ENSMUSG00000025582,8,3,26,18,13,10
ENSMUSG00000037188,4,1,452,351,0,3
ENSMUSG00000020524,0,0,9,14,0,1
ENSMUSG00000028826,2726,2335,1054,860,2397,2274
ENSMUSG00000020571,6972,5100,3830,2241,4158,3635
ENSMUSG00000002332,1513,1063,559,269,1103,1111
ENSMUSG00000059325,265,241,62,41,242,192
ENSMUSG00000036777,402,265,93,43,176,150
ENSMUSG00000032128,2,1,109,90,3,10
ENSMUSG00000070348,824,478,261,164,598,556
ENSMUSG00000023984,111,81,153,169,81,104
ENSMUSG00000000791,206,137,56,59,128,86
ENSMUSG00000054568,415,368,988,1164,386,329
ENSMUSG00000083316,49,49,221,277,65,62
ENSMUSG00000096808,5578,5335,10393,11768,5357,4199
ENSMUSG00000027253,831,676,393,305,573,469
ENSMUSG00000031561,21,42,33,42,23,18
ENSMUSG00000051000,121,113,151,163,70,43
ENSMUSG00000094941,0,0,6,16,0,0
ENSMUSG00000063873,9,8,17,18,5,7
ENSMUSG00000075273,152,104,41,30,135,135
ENSMUSG00000029373,26,19,25,12,34,43
ENSMUSG00000106256,21,19,5,4,42,45
ENSMUSG00000067547,391,321,447,266,293,261
ENSMUSG00000094546,5945,3839,2172,2179,2165,2413
ENSMUSG00000076545,1518,593,392,440,482,431
ENSMUSG00000089669,195,134,114,80,110,89
ENSMUSG00000006930,468,540,260,161,463,305
ENSMUSG00000024844,1018,602,1109,725,555,619
ENSMUSG00000055884,1992,1646,595,428,2024,1877
ENSMUSG00000073176,47,32,47,48,45,27
ENSMUSG00000062098,54,65,17,18,95,44
ENSMUSG00000031216,312,227,139,77,252,209
ENSMUSG00000034706,11,9,9,11,13,9
ENSMUSG00000068284,10652,9515,3417,2217,9684,8845
ENSMUSG00000028059,6056,5767,2654,1771,6123,4890
ENSMUSG00000055069,651,542,226,159,611,488
ENSMUSG00000058773,3093,1302,574,314,1694,1426
ENSMUSG00000062410,17,18,9,7,4,10
ENSMUSG00000040430,2078,2029,1272,875,1744,1304
ENSMUSG00000017466,779,703,349,186,569,551
ENSMUSG00000048915,6,5,27,23,5,5
ENSMUSG00000078349,937,671,329,220,414,334
ENSMUSG00000014956,7530,5878,2944,2157,6215,7610
ENSMUSG00000030759,11423,9860,3140,2229,10388,9312
ENSMUSG00000059708,716,539,144,74,669,777
ENSMUSG00000025407,80,126,60,34,89,77
ENSMUSG00000050600,8813,8497,2203,1772,9174,7926
ENSMUSG00000071068,6061,4772,1450,1069,6142,6769
ENSMUSG00000007659,556,364,512,439,330,984
ENSMUSG00000041237,147,40,11,17,9,21
ENSMUSG00000051316,1353,1111,1052,818,1138,1143
ENSMUSG00000036241,3734,2875,1194,832,2450,2649
ENSMUSG00000019564,2122,1599,603,455,1955,2040
ENSMUSG00000051934,47,23,23,16,22,42
ENSMUSG00000044951,228,197,460,565,214,201
ENSMUSG00000092021,18,22,24,21,5,1
ENSMUSG00000032009,14246,12356,2910,1884,11642,9256
ENSMUSG00000030089,181,194,125,90,199,163
ENSMUSG00000068349,56,38,14,2,18,9
ENSMUSG00000021832,2589,1917,1377,924,1953,1840
ENSMUSG00000006736,1399,1048,472,284,898,777
ENSMUSG00000053730,385,276,133,121,300,285
ENSMUSG00000020592,1106,805,778,520,586,482
ENSMUSG00000082766,76,52,19,19,50,74
ENSMUSG00000037095,135,29,66,91,23,48
ENSMUSG00000026944,2281,2235,924,666,2325,1909
ENSMUSG00000079036,2689,2289,2624,2555,2491,2196
ENSMUSG00000078941,2252,1576,1244,814,2001,1912
ENSMUSG00000026197,765,573,199,143,652,581
ENSMUSG00000071072,4063,3080,2592,1633,2708,2538
ENSMUSG00000031353,4343,3003,2596,1757,3079,3030
ENSMUSG00000055053,668,702,883,619,700,645
ENSMUSG00000031385,73,59,41,28,40,37
ENSMUSG00000039891,162,128,202,199,89,71
ENSMUSG00000095061,487,639,270,177,608,447
ENSMUSG00000033863,233,208,118,75,138,175
ENSMUSG00000025092,274,206,32,32,125,105
ENSMUSG00000034401,908,729,214,143,909,833
ENSMUSG00000002603,4627,4339,2242,1571,5296,4920
ENSMUSG00000048483,4,11,23,23,6,2
ENSMUSG00000043895,227,119,69,23,99,58
ENSMUSG00000030122,840,644,477,292,580,635
ENSMUSG00000105336,15,4,15,16,14,6
ENSMUSG00000032322,2680,2255,1120,807,2475,2124
ENSMUSG00000021037,2986,2125,1975,1237,2201,2135
ENSMUSG00000104713,2361,1439,841,628,776,801
ENSMUSG00000064354,36458,17868,70051,51090,19685,16079
ENSMUSG00000035576,8,13,36,53,6,11
ENSMUSG00000071424,10,18,44,44,18,20
ENSMUSG00000027409,0,2,3,12,2,6
ENSMUSG00000092097,20,7,3,14,17,9
ENSMUSG00000020272,13414,12232,4694,3215,12459,10979
ENSMUSG00000015776,1119,931,405,291,1080,909
ENSMUSG00000107062,8,5,10,4,3,0
ENSMUSG00000038670,249,222,1489,2122,276,319
ENSMUSG00000037580,557,498,205,147,493,481
ENSMUSG00000015750,1448,1078,631,401,1346,1148
ENSMUSG00000059040,11,31,16,17,30,12
ENSMUSG00000005469,1378,1095,495,293,1015,998
ENSMUSG00000029134,6,10,781,622,9,6
ENSMUSG00000040896,4,9,16,24,12,11
ENSMUSG00000000751,5215,3915,1478,1021,4009,3745
ENSMUSG00000050212,160,164,51,35,158,125
ENSMUSG00000092340,382,355,61,22,168,113
ENSMUSG00000030064,2817,2442,1543,821,1955,1579
ENSMUSG00000021697,97,63,29,19,47,39
ENSMUSG00000053580,463,430,542,497,384,345
ENSMUSG00000094483,12368,10579,4594,3379,12262,11262
ENSMUSG00000055333,0,1,15,16,2,2
ENSMUSG00000026872,9617,8329,4788,3143,8848,8664
ENSMUSG00000037705,2,2,10,16,2,4
ENSMUSG00000109222,20,1,19,14,16,17
ENSMUSG00000000916,859,713,646,509,803,659
ENSMUSG00000028223,997,737,353,210,646,603
ENSMUSG00000067147,3,1,6,6,4,2
ENSMUSG00000020022,909,605,934,597,593,604
ENSMUSG00000015290,776,578,401,246,652,642
ENSMUSG00000019982,1240,832,1307,933,1406,1529
ENSMUSG00000094487,116,180,47,46,153,147
ENSMUSG00000074930,13,10,6,6,4,8
ENSMUSG00000038205,1196,1122,451,362,1096,946
ENSMUSG00000060147,2471,1881,1328,590,1564,1597
ENSMUSG00000004665,11030,7950,2341,1515,9419,8321
ENSMUSG00000024854,4609,3358,1615,1011,3470,3428
ENSMUSG00000025026,16731,15297,2624,1743,15737,14645
ENSMUSG00000014294,1202,951,534,279,1146,1003
ENSMUSG00000094174,14,12,12,4,13,13
ENSMUSG00000035860,4,3,15,18,15,8
ENSMUSG00000082765,20,39,13,12,44,26
ENSMUSG00000029084,13123,11179,2927,2011,10261,9524
ENSMUSG00000034362,8,6,35,29,11,5
ENSMUSG00000071141,0,0,32,0,6,8
ENSMUSG00000045930,14,14,15,5,14,13
ENSMUSG00000021606,659,431,428,271,411,403
ENSMUSG00000073599,12,9,14,10,12,11
ENSMUSG00000028228,3160,2679,915,547,2401,2246
ENSMUSG00000039873,151,133,33,13,155,147
ENSMUSG00000028851,2067,1440,1861,1319,1334,1348
ENSMUSG00000020053,1922,1455,682,349,1347,1060
ENSMUSG00000027387,292,231,240,204,280,263
ENSMUSG00000026414,42,36,63,60,27,26
ENSMUSG00000038543,1341,980,406,255,1050,905
ENSMUSG00000045349,47,26,47,49,30,40
ENSMUSG00000028964,2363,1758,1830,1159,1625,1672
ENSMUSG00000004791,5,3,14,10,5,5
ENSMUSG00000031740,18,20,23,17,10,18
ENSMUSG00000060180,2,0,14,8,7,6
ENSMUSG00000035493,1499,1006,703,391,1262,1072
ENSMUSG00000035236,4076,4011,1451,1089,4338,3735
ENSMUSG00000044408,788,658,276,155,747,603
ENSMUSG00000035960,1472,1023,2013,1415,1052,1173
ENSMUSG00000022033,169,101,27,11,62,41
ENSMUSG00000060591,399,275,280,111,182,219
ENSMUSG00000068579,9,9,14,12,13,11
ENSMUSG00000021974,195,207,377,500,219,159
ENSMUSG00000084838,206,132,148,129,81,171
ENSMUSG00000024750,3622,3267,1230,774,3609,3415
ENSMUSG00000037601,2033,1336,2265,1510,1394,1378
ENSMUSG00000028630,1473,1429,620,495,1513,1421
ENSMUSG00000025353,787,592,343,210,603,552
ENSMUSG00000102051,66,19,26,26,12,20
ENSMUSG00000027313,20,15,9,7,9,5
ENSMUSG00000045648,15,20,9,9,20,13
ENSMUSG00000091507,96,88,51,36,85,94
ENSMUSG00000040669,941,771,357,234,920,952
ENSMUSG00000023990,3243,2984,1020,641,3274,2909
ENSMUSG00000084858,19,7,24,3,0,12
ENSMUSG00000061983,18486,5917,32164,18737,1,6308
ENSMUSG00000060681,857,749,282,192,827,703
ENSMUSG00000036860,353,261,242,153,311,286
ENSMUSG00000055148,3851,3439,594,371,4328,4638
ENSMUSG00000001134,544,385,368,284,426,424
ENSMUSG00000022300,1757,1390,922,730,1438,1296
ENSMUSG00000051354,122,91,52,70,168,50
ENSMUSG00000039234,862,632,279,206,443,388
ENSMUSG00000108115,6,5,15,15,6,4
ENSMUSG00000003779,822,409,203,147,330,353
ENSMUSG00000023272,1637,1237,648,458,721,641
ENSMUSG00000079478,549,449,517,366,487,516
ENSMUSG00000106090,17,20,17,22,15,3
ENSMUSG00000043067,1753,1287,689,409,1336,1165
ENSMUSG00000068798,4824,3712,1724,1198,3701,3569
ENSMUSG00000082585,3051,1838,927,826,1461,1976
ENSMUSG00000027309,1294,1237,490,345,1254,940
ENSMUSG00000081353,22,24,12,4,17,17
ENSMUSG00000075420,231,221,97,50,228,156
ENSMUSG00000034059,110,86,16,16,4,7
ENSMUSG00000083235,19,22,29,7,12,13
ENSMUSG00000025403,1983,1488,4176,2632,1394,1495
ENSMUSG00000106592,144,118,38,37,163,145
ENSMUSG00000027797,119,107,83,82,105,86
ENSMUSG00000076710,53,49,25,9,56,53
ENSMUSG00000102984,364,394,118,97,477,459
ENSMUSG00000028737,845,679,3817,2576,656,534
ENSMUSG00000079374,0,0,29,37,0,0
ENSMUSG00000022051,4116,3347,1126,746,3713,6083
ENSMUSG00000001285,1033,785,472,321,799,816
ENSMUSG00000031919,21,14,8,4,12,13
ENSMUSG00000095794,1643,1070,447,232,759,623
ENSMUSG00000039497,1588,1190,574,304,1116,929
ENSMUSG00000078779,686,606,424,289,641,593
ENSMUSG00000032549,264,252,163,115,228,206
ENSMUSG00000038056,23156,21893,9106,7441,23697,20514
ENSMUSG00000091876,16,27,11,7,12,20
ENSMUSG00000032959,2401,1763,2061,1188,2078,1920
ENSMUSG00000039063,58,35,14,13,54,54
ENSMUSG00000072437,407,311,549,316,238,286
ENSMUSG00000075227,534,389,247,141,451,459
ENSMUSG00000098692,99,96,386,344,90,91
ENSMUSG00000067586,2568,1842,156,138,1469,1030
ENSMUSG00000063820,11,15,52,56,9,6
ENSMUSG00000033192,1270,1077,366,201,1028,875
ENSMUSG00000027602,150,113,53,21,122,119
ENSMUSG00000057163,1,0,2,19,3,0
ENSMUSG00000035357,3,10,13,11,12,7
ENSMUSG00000042271,375,289,138,80,311,232
ENSMUSG00000091028,19,22,7468,15124,181,114
ENSMUSG00000020219,842,639,521,311,666,628
ENSMUSG00000105547,13284,8171,3771,2272,9625,10302
ENSMUSG00000034872,19,21,25,17,26,24
ENSMUSG00000015176,3117,2149,4106,3576,2020,2006
ENSMUSG00000029191,7366,5888,2227,1605,6022,5685
ENSMUSG00000096218,170,184,78,76,215,143
ENSMUSG00000022286,4,4,12,11,9,3
ENSMUSG00000028771,1000,799,398,265,764,697
ENSMUSG00000036896,7872,6126,3529,1401,4561,3989
ENSMUSG00000019899,56,99,75,76,163,26
ENSMUSG00000031697,730,465,296,221,502,440
ENSMUSG00000075297,1294,1501,599,383,1514,1181
ENSMUSG00000034845,195,165,120,53,182,273
ENSMUSG00000024420,47,58,29,26,73,53
ENSMUSG00000064147,57,32,59,70,29,19
ENSMUSG00000093722,126,165,35,26,116,115
ENSMUSG00000020919,4418,3829,1743,1240,3858,3332
ENSMUSG00000047067,268,216,90,55,226,243
ENSMUSG00000069305,5548,3022,2155,1738,1967,1645
ENSMUSG00000089999,13,6,317,260,10,3
ENSMUSG00000005397,1264,1322,368,242,877,734
ENSMUSG00000018566,9,11,15,10,2,7
ENSMUSG00000047517,0,1,10,25,2,1
ENSMUSG00000105338,161,71,53,22,39,90
ENSMUSG00000031802,953,1029,223,176,972,777
ENSMUSG00000029814,537,417,319,261,696,790
ENSMUSG00000099875,3,0,0,6,6,8
ENSMUSG00000073842,0,0,20,17,0,0
ENSMUSG00000087123,5,4,15,8,2,2
ENSMUSG00000037720,2315,1868,923,609,2046,1677
ENSMUSG00000049091,1646,1092,867,616,1217,1138
ENSMUSG00000050379,9328,7215,3403,2306,7197,6931
ENSMUSG00000043430,26,18,5,6,26,24
ENSMUSG00000048327,552,221,125,86,157,159
ENSMUSG00000018750,6108,5400,924,664,5476,5142
ENSMUSG00000016624,31,48,50,36,25,11
ENSMUSG00000097906,73,40,23,19,41,36
ENSMUSG00000058046,18,13,27,41,10,9
ENSMUSG00000061742,37,20,114,78,52,78
ENSMUSG00000109236,27,29,3,4,28,19
ENSMUSG00000000594,11736,8110,3299,1785,7655,7741
ENSMUSG00000037437,7,6,36,44,8,5
ENSMUSG00000068735,5680,5202,3431,2378,5643,6007
ENSMUSG00000106248,27,28,10,8,32,27
ENSMUSG00000081485,543,329,312,145,333,377
ENSMUSG00000024781,5268,3718,2154,860,3075,3251
ENSMUSG00000052794,1196,1117,462,343,1015,890
ENSMUSG00000028914,1798,1438,344,219,1517,1366
ENSMUSG00000027656,28,14,19,24,10,7
ENSMUSG00000105800,0,0,2,23,3,0
ENSMUSG00000045404,295,269,136,86,266,202
ENSMUSG00000037315,484,353,558,405,468,384
ENSMUSG00000108518,7,9,17,6,9,7
ENSMUSG00000036905,8728,6754,4151,1785,4782,4750
ENSMUSG00000031714,86,67,58,29,71,49
ENSMUSG00000086922,883,662,427,346,558,572
ENSMUSG00000029503,13,6,7,13,5,2
ENSMUSG00000069744,2461,1770,1468,859,1970,1813
ENSMUSG00000092344,21,35,19,4,38,39
ENSMUSG00000039208,214,138,119,50,123,114
ENSMUSG00000058966,2,1,14,15,1,3
ENSMUSG00000081752,423,281,182,152,471,268
ENSMUSG00000049751,6069,4160,3510,2272,3907,3898
ENSMUSG00000033970,878,635,332,225,714,617
ENSMUSG00000042377,296,248,591,420,253,220
ENSMUSG00000026558,1044,626,1639,1194,565,681
ENSMUSG00000054641,0,0,0,0,29,64
ENSMUSG00000032215,1771,1293,1631,1226,1472,1409
ENSMUSG00000074480,179,153,256,161,198,164
ENSMUSG00000084845,117,90,41,25,87,81
ENSMUSG00000093938,7945,5840,2888,1691,5631,5335
ENSMUSG00000024556,2907,2177,1095,719,2226,2160
ENSMUSG00000020140,302,278,193,193,331,311
ENSMUSG00000106387,45,44,20,10,67,102
ENSMUSG00000022074,1475,1437,3680,3196,1506,1410
ENSMUSG00000023074,433,356,147,95,399,390
ENSMUSG00000094560,0,0,0,13,0,0
ENSMUSG00000100916,4,10,10,11,8,6
ENSMUSG00000028573,138,98,47,37,118,80
ENSMUSG00000021390,58,47,16,5,40,35
ENSMUSG00000023572,1899,1699,772,547,1675,2068
ENSMUSG00000039617,840,581,374,226,661,575
ENSMUSG00000063856,7104,4884,2399,1153,5229,6037
ENSMUSG00000049103,1062,603,400,370,1031,605
ENSMUSG00000005803,240,194,135,79,160,135
ENSMUSG00000076435,3155,2929,762,441,2315,1883
ENSMUSG00000083856,5,4,18,18,4,2
ENSMUSG00000002068,827,716,135,94,628,666
ENSMUSG00000061559,1230,917,1227,795,1030,1045
ENSMUSG00000007817,3954,4250,1861,1474,4134,3754
ENSMUSG00000032624,13310,10897,4479,3238,12750,11965
ENSMUSG00000030110,25,23,17,15,21,38
ENSMUSG00000031637,142,130,43,25,108,126
ENSMUSG00000070462,1202,1057,454,289,979,959
ENSMUSG00000026187,1744,1385,1444,1114,1312,1143
ENSMUSG00000038151,611,516,270,263,297,281
ENSMUSG00000090840,32,25,26,30,25,21
ENSMUSG00000041329,72,33,7,16,6,18
ENSMUSG00000099423,27,29,48,52,35,26
ENSMUSG00000022112,29,27,16,18,32,10
ENSMUSG00000034265,865,739,224,156,720,638
ENSMUSG00000028364,6,3,19,18,3,2
ENSMUSG00000073879,16,24,52,62,19,3
ENSMUSG00000082423,25,15,18,16,16,22
ENSMUSG00000054662,5,2,12,19,3,3
ENSMUSG00000030127,1401,1070,1180,833,1076,1076
ENSMUSG00000098026,297,339,124,99,272,220
ENSMUSG00000089901,2637,2473,898,670,2606,2360
ENSMUSG00000078350,127,86,48,28,62,71
ENSMUSG00000033788,347,366,163,83,285,208
ENSMUSG00000082980,0,1,7,14,0,0
ENSMUSG00000036218,1,2,6,16,1,5
ENSMUSG00000030662,4495,3238,4462,3343,3271,3109
ENSMUSG00000018433,1982,1710,1833,1359,1708,1563
ENSMUSG00000027692,1784,1817,704,727,1452,994
ENSMUSG00000070577,24,18,11,6,22,14
ENSMUSG00000067714,275,221,61,37,224,186
ENSMUSG00000099980,54,23,12,19,65,50
ENSMUSG00000058669,160,231,126,119,195,137
ENSMUSG00000021032,1,6,18,22,6,5
ENSMUSG00000078183,31,20,12,5,43,32
ENSMUSG00000040010,678,540,879,706,431,485
ENSMUSG00000046818,42,43,287,217,42,30
ENSMUSG00000062203,3928,3044,2876,2053,3063,2864
ENSMUSG00000021252,1110,839,565,363,921,896
ENSMUSG00000024749,28,23,21,25,20,14
ENSMUSG00000015474,820,613,374,192,491,469
ENSMUSG00000070345,20,9,35,38,23,14
ENSMUSG00000040310,190,197,244,293,209,168
ENSMUSG00000058064,57,32,43,11,59,39
ENSMUSG00000083410,186,192,367,279,200,149
ENSMUSG00000035179,29,34,145,194,35,43
ENSMUSG00000049555,36,34,59,69,37,9
ENSMUSG00000072915,997,896,393,265,898,846
ENSMUSG00000058385,4131,2226,1088,814,3061,2567
ENSMUSG00000046721,3214,3197,172,127,2540,2825
ENSMUSG00000040818,6137,5357,1930,1459,5599,5718
ENSMUSG00000078126,0,35,18,24,21,0
ENSMUSG00000069763,38,17,10,5,0,1
ENSMUSG00000029769,9,5,13,13,5,1
ENSMUSG00000022843,178,172,339,267,173,155
ENSMUSG00000096802,145,176,27,38,69,36
ENSMUSG00000052087,2586,2181,574,360,2545,2121
ENSMUSG00000058672,727,502,247,149,371,407
ENSMUSG00000026307,1768,1357,676,461,1441,1240
ENSMUSG00000044156,912,873,318,230,606,448
ENSMUSG00000089943,16,8,24,11,11,11
ENSMUSG00000032883,794,534,410,289,620,565
ENSMUSG00000046229,1357,872,911,433,904,968
ENSMUSG00000093894,2862,1953,4191,929,928,1028
ENSMUSG00000025658,23,14,29,25,16,10
ENSMUSG00000061991,1475,689,315,157,792,633
ENSMUSG00000024501,46,67,58,59,53,50
ENSMUSG00000100514,104,66,9,27,74,83
ENSMUSG00000078300,8,10,0,17,35,55
ENSMUSG00000074923,41,49,56,46,50,38
ENSMUSG00000068252,47,34,29,29,63,60
ENSMUSG00000069830,62,35,41,25,7,6
ENSMUSG00000059278,547,385,206,129,390,347
ENSMUSG00000029212,114,101,231,235,126,83
ENSMUSG00000038146,28,26,149,128,58,42
ENSMUSG00000047751,6,5,33,38,5,4
ENSMUSG00000081488,1,7,10,11,5,0
ENSMUSG00000038980,1,1,12,14,1,4
ENSMUSG00000074449,12,9,15,30,8,6
ENSMUSG00000027011,896,668,429,277,779,776
ENSMUSG00000034371,1710,1614,615,441,1631,1554
ENSMUSG00000030007,5812,4379,3664,2476,4519,4150
ENSMUSG00000094777,4077,1764,955,584,1776,1595
ENSMUSG00000028249,8560,6743,2380,1436,7012,6683
ENSMUSG00000057193,9515,8419,2316,1590,8706,7779
ENSMUSG00000036810,749,641,259,160,697,627
ENSMUSG00000050335,1453,916,783,465,674,916
ENSMUSG00000013091,35,26,27,14,29,21
ENSMUSG00000028825,226,149,30,19,42,69
ENSMUSG00000045826,8896,6821,3503,1841,8389,7836
ENSMUSG00000053559,468,350,156,69,233,265
ENSMUSG00000057457,270,282,697,733,409,263
ENSMUSG00000099418,7,15,11,26,9,8
ENSMUSG00000010021,246,189,64,40,165,183
ENSMUSG00000006728,3394,2397,2029,1357,2507,2395
ENSMUSG00000089945,603,351,695,605,230,205
ENSMUSG00000040451,6446,6067,2672,1929,6315,5586
ENSMUSG00000053907,7321,5741,5623,4033,6318,5297
ENSMUSG00000039349,40,79,101,132,56,70
ENSMUSG00000040229,550,466,169,81,317,274
ENSMUSG00000042737,616,423,212,132,498,481
ENSMUSG00000034634,17865,12296,8593,4467,13828,13273
ENSMUSG00000047992,8,7,21,5,4,4
ENSMUSG00000105124,7,5,20,24,7,1
ENSMUSG00000067356,115,103,330,327,105,104
ENSMUSG00000026556,462,467,268,268,633,679
ENSMUSG00000026202,3055,2263,930,535,2216,1981
ENSMUSG00000034024,7407,5140,5624,3884,6106,5642
ENSMUSG00000048755,635,531,290,176,521,506
ENSMUSG00000044434,0,7,0,0,0,0
ENSMUSG00000110195,2497,2444,967,907,3023,2974
ENSMUSG00000086564,122,80,44,61,66,49
ENSMUSG00000068551,297,335,96,96,307,237
ENSMUSG00000020295,2,0,3,0,0,22
ENSMUSG00000061758,1324,1040,2259,1616,1019,891
ENSMUSG00000025927,66,91,60,76,94,84
ENSMUSG00000032301,3814,2515,3007,2037,2684,2563
ENSMUSG00000021200,2746,2233,889,452,1489,1118
ENSMUSG00000074500,61,56,72,45,44,40
ENSMUSG00000032690,1389,1137,551,497,950,1436
ENSMUSG00000024287,2391,1896,1875,1468,1962,1830
ENSMUSG00000036961,9,18,28,23,8,9
ENSMUSG00000056492,153,142,87,65,169,244
ENSMUSG00000094090,2,5,2,5,155,216
ENSMUSG00000038976,5472,4727,2092,1347,4294,3911
ENSMUSG00000071547,90,47,29,19,34,55
ENSMUSG00000025268,114,86,51,42,77,67
ENSMUSG00000050777,45,49,57,19,72,42
ENSMUSG00000018651,339,232,354,254,273,203
ENSMUSG00000049960,1199,877,506,309,991,933
ENSMUSG00000024300,2520,1883,1009,545,1930,1463
ENSMUSG00000022892,1366,1272,1437,851,732,681
ENSMUSG00000015806,744,510,355,219,621,499
ENSMUSG00000031765,173,77,132,66,61,98
ENSMUSG00000026739,2818,2230,1094,733,2201,2160
ENSMUSG00000034591,1109,1018,447,363,837,668
ENSMUSG00000095204,952,1100,251,484,484,457
ENSMUSG00000029029,1063,942,1623,1094,1199,938
ENSMUSG00000041354,3113,3187,1242,878,3563,2907
ENSMUSG00000024900,5483,5224,928,537,4137,3311
ENSMUSG00000021850,5,4,16,31,5,4
ENSMUSG00000074165,1204,1050,437,344,977,869
ENSMUSG00000075031,4034,1957,870,451,2665,2040
ENSMUSG00000039759,581,561,249,164,548,478
ENSMUSG00000068457,590,522,1100,1237,4222,2758
ENSMUSG00000036872,0,0,10,13,1,0
ENSMUSG00000029074,9,7,19,25,4,5
ENSMUSG00000045996,488,421,291,212,469,452
ENSMUSG00000021492,15,13,5,4,23,24
ENSMUSG00000026600,5651,4933,1861,1139,4829,4010
ENSMUSG00000089735,137,145,38,31,209,138
ENSMUSG00000032423,10243,7878,8484,6559,8245,7975
ENSMUSG00000033809,460,359,402,288,299,289
ENSMUSG00000037942,242,303,115,105,297,257
ENSMUSG00000029337,39,53,52,62,72,49
ENSMUSG00000081170,31,9,19,4,25,10
ENSMUSG00000020790,10478,8965,3880,2563,8742,8129
ENSMUSG00000060803,1949,1465,639,350,1357,1205
ENSMUSG00000036661,4419,3962,1049,1148,4042,3545
ENSMUSG00000018474,9457,8829,3871,2661,7561,6366
ENSMUSG00000032312,14868,12290,4297,2823,14395,13248
ENSMUSG00000094915,66,75,30,20,74,67
ENSMUSG00000039787,124,120,556,407,88,99
ENSMUSG00000022582,34,10,8,9,2,1
ENSMUSG00000047462,195,158,122,140,168,155
ENSMUSG00000081087,17,14,6,10,20,23
ENSMUSG00000026509,1464,1235,539,358,1130,959
ENSMUSG00000027495,507,385,153,71,347,412
ENSMUSG00000090110,312,216,99,71,247,227
ENSMUSG00000021270,17041,10467,9593,6884,8924,8343
ENSMUSG00000004933,781,640,310,246,798,734
ENSMUSG00000015501,12539,10596,3582,3234,11335,10511
ENSMUSG00000037103,1615,1413,560,391,1614,1441
ENSMUSG00000020357,50,48,38,28,29,48
ENSMUSG00000082615,1,0,5,11,0,2
ENSMUSG00000040808,39,46,25,7,67,45
ENSMUSG00000074807,122,59,72,31,109,134
ENSMUSG00000021131,822,547,743,482,522,495
ENSMUSG00000029780,1657,1213,490,418,1153,1334
ENSMUSG00000032556,1174,856,1560,1149,906,812
ENSMUSG00000095567,5306,4268,6693,5120,4036,3963
ENSMUSG00000049950,259,190,239,222,193,187
ENSMUSG00000025203,5008,3306,8617,6318,3242,3427
ENSMUSG00000002985,16621,14775,7461,3194,11317,14116
ENSMUSG00000037523,1722,1443,799,529,1390,1225
ENSMUSG00000055421,23,19,23,23,37,21
ENSMUSG00000007656,2105,1642,1068,717,1739,1717
ENSMUSG00000029254,11109,9939,4203,2968,10973,9848
ENSMUSG00000016356,271,270,329,389,133,134
ENSMUSG00000024180,815,663,288,203,621,516
ENSMUSG00000022799,1413,1325,759,653,1362,1164
ENSMUSG00000038141,538,484,215,184,1064,868
ENSMUSG00000006599,2450,1723,1615,1241,1986,1902
ENSMUSG00000031109,1061,880,360,304,927,817
ENSMUSG00000020653,916,1135,399,375,975,849
ENSMUSG00000038630,35,30,20,17,33,64
ENSMUSG00000003341,3,2,19,25,2,0
ENSMUSG00000056413,805,561,329,249,698,597
ENSMUSG00000019478,87,86,40,37,62,61
ENSMUSG00000029594,1741,1513,2439,2043,1715,1443
ENSMUSG00000019777,2317,1864,2246,1474,1658,1699
ENSMUSG00000036309,2888,2387,1891,1188,2620,2385
ENSMUSG00000030750,1394,1119,296,190,1450,1243
ENSMUSG00000044072,409,372,190,142,264,257
ENSMUSG00000024529,2,1,12,24,1,3
ENSMUSG00000042182,199,241,83,69,208,157
ENSMUSG00000096156,5,0,0,15,0,0
ENSMUSG00000105363,18,14,1,2,12,18
ENSMUSG00000066975,33,21,11,8,17,7
ENSMUSG00000032120,702,572,209,150,579,571
ENSMUSG00000019970,869,897,420,304,877,829
ENSMUSG00000085917,547,479,67,103,417,482
ENSMUSG00000008206,2797,2779,4486,3355,2626,2288
ENSMUSG00000005107,502,406,1338,922,479,501
ENSMUSG00000020032,370,300,205,141,291,328
ENSMUSG00000067722,945,716,713,511,753,709
ENSMUSG00000006705,1617,1410,844,639,1576,1464
ENSMUSG00000021486,3716,2381,1298,760,2499,2404
ENSMUSG00000081384,15,12,30,46,7,11
ENSMUSG00000060470,32,9,11,19,13,8
ENSMUSG00000001986,130,122,558,456,180,127
ENSMUSG00000002500,10,3,8,3,12,21
ENSMUSG00000005510,1843,1432,838,609,1547,1448
ENSMUSG00000045799,30,33,85,75,40,51
ENSMUSG00000021069,882,616,342,219,461,437
ENSMUSG00000035456,86,104,101,77,101,67
ENSMUSG00000018102,1912,1167,454,345,1437,1254
ENSMUSG00000008373,2526,1955,2310,1711,2023,2076
ENSMUSG00000079025,0,1,10,15,2,0
ENSMUSG00000049999,50,20,25,23,5,9
ENSMUSG00000033318,582,396,114,63,393,383
ENSMUSG00000025151,530,412,198,137,337,338
ENSMUSG00000023433,8,5,10,25,2,5
ENSMUSG00000022354,1614,1043,866,484,1165,1159
ENSMUSG00000002102,3677,2591,2399,1510,2750,2525
ENSMUSG00000004032,61,39,4,6,11,17
ENSMUSG00000029388,889,698,545,415,710,766
ENSMUSG00000015355,5109,4072,1777,1045,4557,4018
ENSMUSG00000079659,6736,5438,2448,1549,6306,5558
ENSMUSG00000003420,2405,2096,546,251,1873,1613
ENSMUSG00000015053,14,15,6,18,14,30
ENSMUSG00000024436,1228,892,1279,996,835,916
ENSMUSG00000081560,3,7,12,14,3,1
ENSMUSG00000067995,1141,802,939,681,835,829
ENSMUSG00000030605,261,222,324,234,298,320
ENSMUSG00000025044,132,75,67,43,153,135
ENSMUSG00000041895,185,185,184,179,126,125
ENSMUSG00000028673,4367,3535,6427,4323,3345,3060
ENSMUSG00000037846,83,97,86,81,99,100
ENSMUSG00000031378,2974,2563,830,499,3154,3019
ENSMUSG00000015243,13162,12209,3142,3008,9669,9496
ENSMUSG00000029030,3808,2951,1300,774,3244,3119
ENSMUSG00000026622,471,262,130,83,237,219
ENSMUSG00000098052,11,11,5,4,5,3
ENSMUSG00000022018,119,106,121,110,44,26
ENSMUSG00000057817,2,0,7,15,3,1
ENSMUSG00000022800,2263,2001,1078,725,2170,2002
ENSMUSG00000030337,5200,5242,2208,1698,5709,4737
ENSMUSG00000029026,17,9,34,24,5,0
ENSMUSG00000020358,8545,5816,5652,3583,5152,5382
ENSMUSG00000096351,116,73,89,94,66,91
ENSMUSG00000096923,21,6,20,18,21,22
ENSMUSG00000057914,62,49,86,115,44,49
ENSMUSG00000023267,16,28,49,80,28,20
ENSMUSG00000023249,2510,1866,843,493,1930,1881
ENSMUSG00000030888,1389,1057,1032,808,1098,1062
ENSMUSG00000082928,46,57,11,9,60,42
ENSMUSG00000063286,41210,36106,9363,6702,33428,30745
ENSMUSG00000020167,6746,5730,2571,1655,6622,6685
ENSMUSG00000100880,80,110,24,24,104,74
ENSMUSG00000020646,45,22,3,6,5,29
ENSMUSG00000002458,4560,3566,1477,1018,3776,3473
ENSMUSG00000014747,32,52,17,28,38,42
ENSMUSG00000060600,573,454,335,223,743,818
ENSMUSG00000021917,1563,1111,553,373,981,959
ENSMUSG00000046440,35,21,65,34,23,24
ENSMUSG00000014453,15594,12615,3040,1887,14009,12206
ENSMUSG00000073600,219,157,261,188,123,117
ENSMUSG00000060032,1654,1244,3389,2281,1298,1220
ENSMUSG00000091462,70,75,33,27,61,84
ENSMUSG00000025001,1903,1210,814,521,1253,1153
ENSMUSG00000008843,100,48,1,3,3,7
ENSMUSG00000038299,2718,1996,2475,1826,2079,1949
ENSMUSG00000075184,16,7,3,8,1,47
ENSMUSG00000080875,0,12,11,0,0,9
ENSMUSG00000078570,116,79,72,46,109,86
ENSMUSG00000052861,10,18,16,13,8,5
ENSMUSG00000040152,355,216,261,143,162,353
ENSMUSG00000067750,21,2,7,9,35,6
ENSMUSG00000062758,11,10,18,5,16,10
ENSMUSG00000108226,54,72,16,4,78,47
ENSMUSG00000033083,571,490,276,178,516,456
ENSMUSG00000023031,270,192,108,77,238,229
ENSMUSG00000015947,613,459,162,73,331,401
ENSMUSG00000039200,18,5,7,14,6,10
ENSMUSG00000020623,607,436,129,107,504,474
ENSMUSG00000047649,696,512,709,580,505,536
ENSMUSG00000042686,59,68,40,44,53,43
ENSMUSG00000042210,142,87,268,166,93,85
ENSMUSG00000022818,40,27,58,24,22,26
ENSMUSG00000038642,27364,19585,9796,5784,16987,17441
ENSMUSG00000027611,50,31,35,15,23,46
ENSMUSG00000040681,5806,4259,2623,1640,4275,4400
ENSMUSG00000099781,0,0,6,11,0,0
ENSMUSG00000071653,1398,945,913,607,849,845
ENSMUSG00000073568,7,7,19,25,7,13
ENSMUSG00000074677,260,164,144,50,211,111
ENSMUSG00000032105,10,5,18,13,1,0
ENSMUSG00000051098,382,360,143,99,363,300
ENSMUSG00000047965,496,416,201,130,632,411
ENSMUSG00000101279,161,167,40,43,68,21
ENSMUSG00000047414,24,17,15,16,25,49
ENSMUSG00000045929,125,137,71,67,124,92
ENSMUSG00000022790,480,429,1158,1446,482,439
ENSMUSG00000081640,10,8,23,12,21,14
ENSMUSG00000089634,15,9,4,4,16,13
ENSMUSG00000030317,38,56,32,23,47,49
ENSMUSG00000082186,88,93,27,26,89,55
ENSMUSG00000079677,514,389,535,362,452,366
ENSMUSG00000029279,46,47,27,27,63,68
ENSMUSG00000095210,897,544,292,2676,313,289
ENSMUSG00000005610,57702,63463,18150,12527,61539,45470
ENSMUSG00000030047,10463,8415,3761,2930,9779,9744
ENSMUSG00000019732,51,39,23,36,38,41
ENSMUSG00000014444,4052,3790,7492,6129,3493,3014
ENSMUSG00000082367,120,123,36,30,178,148
ENSMUSG00000050493,22,10,14,9,13,24
ENSMUSG00000086112,0,6,5,11,0,1
ENSMUSG00000028688,1092,882,531,359,954,932
ENSMUSG00000026208,36,42,31,34,67,38
ENSMUSG00000021116,3801,2546,3496,2543,2568,2580
ENSMUSG00000037946,5970,5550,2767,1803,6472,5811
ENSMUSG00000062210,9018,8188,2932,2133,8141,7100
ENSMUSG00000026358,423,852,221,213,285,274
ENSMUSG00000082604,10,12,101,80,7,2
ENSMUSG00000048949,409,248,373,149,104,179
ENSMUSG00000032028,2237,1585,1134,774,1406,1418
ENSMUSG00000056234,7926,5730,3269,2008,5603,6757
ENSMUSG00000066861,234,191,101,81,138,217
ENSMUSG00000099702,4744,4475,20744,24722,4665,3533
ENSMUSG00000020471,909,600,546,404,561,576
ENSMUSG00000095954,1,3,2,16,9,3
ENSMUSG00000030577,47961,41780,9686,6051,42248,38941
ENSMUSG00000079794,123,69,30,25,37,53
ENSMUSG00000041765,2041,1845,786,506,1957,1728
ENSMUSG00000026939,182,164,106,49,115,109
ENSMUSG00000073902,48368,35914,11032,6896,33888,33712
ENSMUSG00000072680,244,188,91,94,335,445
ENSMUSG00000096035,44,38,2,5,30,23
ENSMUSG00000020089,903,492,1006,602,516,488
ENSMUSG00000072653,1169,1136,1529,1194,1275,1157
ENSMUSG00000090223,76,47,9,9,143,111
ENSMUSG00000070732,49,31,23,28,27,28
ENSMUSG00000074916,172,151,92,67,121,113
ENSMUSG00000025607,2855,2357,1027,722,2615,2412
ENSMUSG00000027932,79,83,130,99,55,66
ENSMUSG00000041697,2573,1793,1120,604,1731,1737
ENSMUSG00000043008,6637,5236,1822,1218,5581,5488
ENSMUSG00000062762,1464,1177,7793,4787,971,942
ENSMUSG00000032688,14492,12100,4185,3332,12133,10565
ENSMUSG00000099398,132,112,69,75,44,33
ENSMUSG00000038612,35416,26770,11645,7635,30151,31359
ENSMUSG00000100922,9,6,17,15,13,6
ENSMUSG00000072955,151,142,51,44,131,143
ENSMUSG00000021569,204,129,101,58,125,130
ENSMUSG00000032118,3,2,8,18,0,1
ENSMUSG00000031821,474,260,107,107,250,302
ENSMUSG00000008398,2536,2110,801,584,2229,1981
ENSMUSG00000033855,77,85,347,354,82,84
ENSMUSG00000066487,30,35,17,9,26,20
ENSMUSG00000032131,47,30,15,16,6,7
ENSMUSG00000026238,36306,24914,42320,24388,27478,27683
ENSMUSG00000072673,46,27,15,9,49,46
ENSMUSG00000042417,7,2,14,12,0,0
ENSMUSG00000047126,27680,22512,11077,7519,22300,21514
ENSMUSG00000028251,619,432,215,120,459,420
ENSMUSG00000060890,6,10,11,18,11,10
ENSMUSG00000029167,413,405,138,103,439,349
ENSMUSG00000020492,644,401,248,152,478,432
ENSMUSG00000028633,964,719,949,883,796,720
ENSMUSG00000050605,326,295,135,79,302,309
ENSMUSG00000050663,4,2,15,7,0,1
ENSMUSG00000021573,271,252,72,37,319,222
ENSMUSG00000003546,659,601,217,168,631,592
ENSMUSG00000107505,20,33,11,5,25,11
ENSMUSG00000021947,333,236,90,51,261,254
ENSMUSG00000045761,4,2,11,14,4,3
ENSMUSG00000045053,6,8,20,12,7,2
ENSMUSG00000022723,1518,1471,683,468,1455,1265
ENSMUSG00000078173,11,0,61,72,0,0
ENSMUSG00000094087,978,694,737,89,178,216
ENSMUSG00000085603,2066,2073,738,715,2280,1877
ENSMUSG00000099764,34,11,0,6,7,34
ENSMUSG00000030516,261,201,146,70,109,111
ENSMUSG00000040296,8227,6808,1954,1503,6659,7567
ENSMUSG00000030560,15884,12766,5192,2652,11153,10142
ENSMUSG00000062421,857,660,303,163,673,662
ENSMUSG00000070372,12966,10160,4698,3016,11470,10520
ENSMUSG00000020955,731,580,295,203,683,625
ENSMUSG00000025935,11760,8462,3858,2311,8763,8453
ENSMUSG00000035683,218,106,122,95,90,76
ENSMUSG00000095865,1078,510,304,160,404,432
ENSMUSG00000002409,596,508,224,180,640,563
ENSMUSG00000065987,38,32,6,10,14,23
ENSMUSG00000022752,5125,3836,3126,2080,3977,4143
ENSMUSG00000043483,1694,1177,30,0,1600,1634
ENSMUSG00000094518,25,13,4,4,19,18
ENSMUSG00000094345,1372,872,525,1048,351,574
ENSMUSG00000024248,7831,5681,3123,1750,6264,5777
ENSMUSG00000008384,529,439,224,135,465,376
ENSMUSG00000027514,2564,1624,802,655,1444,1690
ENSMUSG00000060098,1522,1164,1490,1174,1400,1334
ENSMUSG00000029864,166,112,44,22,96,75
ENSMUSG00000062127,210,225,142,95,189,194
ENSMUSG00000032437,8676,7809,2906,2083,7925,6771
ENSMUSG00000030088,97,71,56,30,45,40
ENSMUSG00000056220,647,456,345,178,406,319
ENSMUSG00000029482,1246,1148,738,601,1255,1158
ENSMUSG00000059852,24,22,15,10,10,21
ENSMUSG00000106494,105,111,27,32,79,58
ENSMUSG00000032890,1281,1134,443,207,915,624
ENSMUSG00000019699,5075,4695,2031,1576,5634,5252
ENSMUSG00000081451,114,126,50,31,148,131
ENSMUSG00000051748,98,39,18,18,82,124
ENSMUSG00000066621,2994,3036,1268,1075,3264,2328
ENSMUSG00000024388,0,0,14,13,1,0
ENSMUSG00000030553,40,64,17,11,47,23
ENSMUSG00000049164,4358,3354,1683,1235,3739,3439
ENSMUSG00000039682,1853,1175,1090,717,916,947
ENSMUSG00000028088,656,635,307,261,572,505
ENSMUSG00000089728,77,46,120,84,37,28
ENSMUSG00000036992,537,384,281,156,448,367
ENSMUSG00000054263,834,642,345,199,1242,1289
ENSMUSG00000018543,18,15,10,14,10,22
ENSMUSG00000034297,29184,25871,9852,7527,29089,26758
ENSMUSG00000029840,9910,7881,2891,1736,9065,8874
ENSMUSG00000047343,171,126,73,49,116,213
ENSMUSG00000081244,46,34,10,16,48,53
ENSMUSG00000081671,0,0,5,4,0,0
ENSMUSG00000074656,4090,2783,2797,1990,2512,2576
ENSMUSG00000003865,843,692,354,203,758,673
ENSMUSG00000033149,59,73,72,55,141,63
ENSMUSG00000076549,2666,515,478,341,462,538
ENSMUSG00000063543,0,0,3,0,30,9
ENSMUSG00000027257,13,12,19,16,10,3
ENSMUSG00000023456,2440,1648,1196,694,1792,1776
ENSMUSG00000064156,0,1,8,17,0,0
ENSMUSG00000036676,307,276,438,279,224,193
ENSMUSG00000034858,5108,4593,1866,1520,4325,4304
ENSMUSG00000109494,0,0,4,20,0,0
ENSMUSG00000037411,71,57,33,23,24,28
ENSMUSG00000033060,243,187,119,82,99,77
ENSMUSG00000004231,0,0,11,12,0,0
ENSMUSG00000100383,0,0,16,17,0,0
ENSMUSG00000030987,3076,3010,1172,858,3217,2697
ENSMUSG00000030465,2259,2024,663,453,2322,2324
ENSMUSG00000096108,726,464,249,316,173,367
ENSMUSG00000038528,171,170,387,425,190,164
ENSMUSG00000095993,24,21,8,6,28,21
ENSMUSG00000058831,30,20,20,16,30,35
ENSMUSG00000019838,1124,894,482,205,645,659
ENSMUSG00000062783,2541,2248,721,517,1163,957
ENSMUSG00000032366,2175,1893,832,557,1978,1933
ENSMUSG00000029390,5962,4144,3179,1901,4054,4078
ENSMUSG00000046828,21,19,5,7,26,22
ENSMUSG00000021079,422,336,269,216,355,284
ENSMUSG00000069270,1666,740,332,231,1112,923
ENSMUSG00000032596,10252,9110,3178,2294,9625,8889
ENSMUSG00000014547,1777,1410,563,375,1282,976
ENSMUSG00000071172,12099,10119,5063,3842,11127,10013
ENSMUSG00000108872,446,388,166,100,309,282
ENSMUSG00000054626,189,125,78,51,141,129
ENSMUSG00000033752,62,15,51,47,40,31
ENSMUSG00000095866,86,82,27,15,56,35
ENSMUSG00000048967,16,13,21,17,7,7
ENSMUSG00000042010,30,52,92,97,56,33
ENSMUSG00000089942,2937,2249,1305,595,2051,1446
ENSMUSG00000048796,1570,1447,629,383,1560,1331
ENSMUSG00000017760,7813,6445,2269,1207,5761,5379
ENSMUSG00000100621,13,10,13,16,16,20
ENSMUSG00000047139,22160,13784,5109,3117,16708,18991
ENSMUSG00000075045,0,0,27,48,0,4
ENSMUSG00000006818,1986,1493,1056,701,1514,1508
ENSMUSG00000053604,2472,2070,1441,1021,2398,2295
ENSMUSG00000037370,2520,2215,1042,853,2232,1956
ENSMUSG00000025877,1080,632,299,166,373,326
ENSMUSG00000100937,101,123,37,28,132,98
ENSMUSG00000054850,4,6,3,20,0,9
ENSMUSG00000079005,1,0,11,11,0,1
ENSMUSG00000030062,6054,4349,3030,1945,3583,3404
ENSMUSG00000076539,121,114,38,30,120,130
ENSMUSG00000032834,1755,1354,2346,1896,1488,1466
ENSMUSG00000022510,0,0,8,12,0,1
ENSMUSG00000060671,3295,2780,1207,907,2879,2502
ENSMUSG00000021957,9083,6058,7527,4430,6230,6314
ENSMUSG00000026525,432,395,128,103,389,424
ENSMUSG00000025578,403,305,104,65,370,343
ENSMUSG00000054619,397,316,82,58,257,272
ENSMUSG00000044816,48,43,100,60,53,29
ENSMUSG00000046733,0,1,13,17,1,1
ENSMUSG00000055493,100,70,55,35,57,60
ENSMUSG00000059412,14,9,6,1,9,26
ENSMUSG00000030336,586,604,318,251,620,432
ENSMUSG00000056508,50,43,12,10,48,28
ENSMUSG00000020697,2449,1948,1673,1282,2079,2050
ENSMUSG00000051212,5184,4717,2258,1900,4829,4256
ENSMUSG00000095130,1163,1039,317,929,418,447
ENSMUSG00000060044,1948,1697,706,409,1437,1327
ENSMUSG00000069049,74,43,35,24,3993,2804
ENSMUSG00000067882,6,4,9,5,4,5
ENSMUSG00000021217,23,22,21,38,48,27
ENSMUSG00000008393,1366,1013,2892,1736,1099,1132
ENSMUSG00000100801,84,59,43,51,74,69
ENSMUSG00000003469,25,15,6,1,1,3
ENSMUSG00000099583,1607,694,424,265,699,611
ENSMUSG00000001901,131,77,44,31,164,104
ENSMUSG00000059857,3,6,9,19,0,3
ENSMUSG00000021253,200,113,51,42,119,122
ENSMUSG00000031950,1474,1277,474,333,1282,1443
ENSMUSG00000022996,18,19,141,89,40,37
ENSMUSG00000035367,1890,1789,748,577,1753,1610
ENSMUSG00000094627,58,36,15,14,68,21
ENSMUSG00000078502,2323,1471,630,481,1306,1507
ENSMUSG00000021665,4705,3765,581,360,4264,4084
ENSMUSG00000002897,9232,8210,2612,1780,8680,7739
ENSMUSG00000081979,32,52,38,46,64,38
ENSMUSG00000027875,11,22,15,19,32,13
ENSMUSG00000035191,2,2,12,18,3,1
ENSMUSG00000081534,2825,1929,1301,585,1587,1803
ENSMUSG00000040714,59,53,24,15,34,61
ENSMUSG00000091006,14,9,42,48,15,13
ENSMUSG00000001891,1997,1497,672,421,1562,1545
ENSMUSG00000024424,39,32,35,32,37,11
ENSMUSG00000026153,105,65,75,40,78,49
ENSMUSG00000085601,4,1,10,13,3,1
ENSMUSG00000006389,33,28,23,10,34,38
ENSMUSG00000034209,23,16,8,3,22,31
ENSMUSG00000070323,56,25,47,17,22,28
ENSMUSG00000031021,1022,815,273,184,788,775
ENSMUSG00000029213,2792,2296,1056,677,2491,2301
ENSMUSG00000034227,12,19,41,28,11,11
ENSMUSG00000079299,11,14,39,39,19,10
ENSMUSG00000000606,33,40,55,38,28,21
ENSMUSG00000025212,1486,1406,886,806,1453,1327
ENSMUSG00000063903,94,54,11,20,55,71
ENSMUSG00000024736,191,181,71,60,135,160
ENSMUSG00000024742,1626,987,811,516,1004,1015
ENSMUSG00000017002,1901,1164,837,337,834,435
ENSMUSG00000032126,1393,840,335,237,534,575
ENSMUSG00000078816,234,228,112,99,416,406
ENSMUSG00000029101,375,277,613,419,277,244
ENSMUSG00000020018,877,552,994,642,479,496
ENSMUSG00000096844,241,122,119,116,150,117
ENSMUSG00000048540,3,5,29,31,5,6
ENSMUSG00000031954,2393,1590,2353,1686,1405,1385
ENSMUSG00000099719,31,32,26,8,35,31
ENSMUSG00000019872,1924,1399,431,234,1421,1440
ENSMUSG00000037138,11412,10281,2879,2551,12186,11615
ENSMUSG00000080701,22,20,11,5,18,11
ENSMUSG00000070424,6,7,7,3,17,17
ENSMUSG00000072115,17,19,11,6,14,6
ENSMUSG00000006641,352,261,481,319,305,285
ENSMUSG00000025817,2501,2077,3242,2209,2076,1899
ENSMUSG00000082503,187,151,104,72,153,119
ENSMUSG00000103265,20,19,25,22,7,12
ENSMUSG00000020641,1227,594,279,258,430,3510
ENSMUSG00000049521,6,11,8,8,14,23
ENSMUSG00000089682,679,597,264,188,477,431
ENSMUSG00000020386,960,702,366,258,756,652
ENSMUSG00000040276,866,731,241,144,683,703
ENSMUSG00000040809,522,163,66,59,46,137
ENSMUSG00000094590,26,53,32,14,20,42
ENSMUSG00000027364,554,433,373,228,465,429
ENSMUSG00000076676,156,112,57,32,76,104
ENSMUSG00000030538,1845,1476,586,418,1522,1518
ENSMUSG00000026311,1330,1156,394,244,1049,1243
ENSMUSG00000075470,1650,1347,742,462,1340,1251
ENSMUSG00000044824,0,0,10,14,2,0
ENSMUSG00000039697,1167,1115,392,293,967,867
ENSMUSG00000024206,141,119,43,35,135,121
ENSMUSG00000034818,57,80,756,448,88,48
ENSMUSG00000022111,1445,993,535,325,1006,819
ENSMUSG00000004187,228,251,77,87,238,197
ENSMUSG00000049321,190,155,84,45,142,134
ENSMUSG00000043079,59,43,73,66,61,40
ENSMUSG00000025872,1080,824,665,457,911,916
ENSMUSG00000001588,12325,11662,2536,1951,12210,9975
ENSMUSG00000009292,2782,2558,2900,1931,1697,1265
ENSMUSG00000094326,77,78,32,23,39,61
ENSMUSG00000031883,62,51,18,15,52,56
ENSMUSG00000071866,21664,14367,18951,11155,16767,15542
ENSMUSG00000069206,881,729,1814,1401,751,759
ENSMUSG00000100838,127,65,129,110,73,59
ENSMUSG00000043505,4283,3671,1541,1343,3891,3602
ENSMUSG00000025215,13,12,13,3,27,10
ENSMUSG00000002015,3442,2512,1084,671,2712,2523
ENSMUSG00000018931,1175,834,418,248,873,918
ENSMUSG00000081798,13,26,9,4,10,8
ENSMUSG00000041991,0,0,7,12,0,0
ENSMUSG00000019737,57,68,117,149,48,39
ENSMUSG00000046314,87,123,294,359,129,84
ENSMUSG00000044678,131,112,53,94,17,55
ENSMUSG00000029299,4712,4090,1432,693,3877,3219
ENSMUSG00000039236,907,463,429,370,372,1316
ENSMUSG00000001552,1028,958,440,268,812,695
ENSMUSG00000041538,30417,27781,3838,2429,31792,28122
ENSMUSG00000046876,2627,2403,970,727,1694,1217
ENSMUSG00000029135,312,268,510,621,211,169
ENSMUSG00000063902,40,24,27,23,13,33
ENSMUSG00000025089,19,30,10,8,38,50
ENSMUSG00000024790,291,196,677,404,250,207
ENSMUSG00000078429,3808,3489,642,454,3685,3530
ENSMUSG00000035283,96,96,63,36,63,72
ENSMUSG00000030774,564,370,265,125,379,314
ENSMUSG00000083013,42,22,13,7,27,33
ENSMUSG00000034543,3291,2769,3188,2854,2976,2687
ENSMUSG00000021939,36158,28036,19076,8212,20278,20613
ENSMUSG00000040557,54,40,42,39,57,47
ENSMUSG00000058420,162,145,482,568,172,151
ENSMUSG00000035561,237,170,84,50,188,197
ENSMUSG00000040093,1766,1583,400,456,2616,2414
ENSMUSG00000074846,0,2,34,9,0,0
ENSMUSG00000106668,169,144,35,20,151,148
ENSMUSG00000059049,26,44,30,42,87,17
ENSMUSG00000020692,954,861,950,735,969,783
ENSMUSG00000021583,5474,4000,3723,2608,3996,3870
ENSMUSG00000073435,508,409,210,115,451,365
ENSMUSG00000092216,122,125,50,38,151,105
ENSMUSG00000069793,3085,3108,2036,2046,5307,2461
ENSMUSG00000048096,1,1,16,12,0,2
ENSMUSG00000081046,40,35,18,13,34,26
ENSMUSG00000093593,116,90,53,33,106,108
ENSMUSG00000035355,81,86,136,123,68,51
ENSMUSG00000020988,363,300,280,190,324,253
ENSMUSG00000026356,3553,2707,2133,1545,2666,2337
ENSMUSG00000055675,3321,3267,782,704,2780,2139
ENSMUSG00000001741,20026,16534,7155,5213,17097,16145
ENSMUSG00000058927,1014,613,753,479,614,680
ENSMUSG00000058571,254,257,493,612,260,252
ENSMUSG00000096736,8,23,1759,3316,63,22
ENSMUSG00000027739,1186,1166,448,311,1142,1066
ENSMUSG00000079330,23,39,62,76,31,30
ENSMUSG00000039270,852,686,376,215,717,628
ENSMUSG00000098101,180,184,98,80,175,133
ENSMUSG00000072812,64,75,286,296,46,37
ENSMUSG00000094840,98,105,25,28,126,86
ENSMUSG00000081281,19,9,5,7,8,20
ENSMUSG00000052298,7568,6150,2200,1590,6550,5943
ENSMUSG00000044709,1221,952,394,201,1086,921
ENSMUSG00000020444,687,550,545,332,591,546
ENSMUSG00000052056,5117,4445,1633,1106,4615,4352
ENSMUSG00000092036,30,21,29,42,16,22
ENSMUSG00000021810,2510,1976,1617,1075,2056,2040
ENSMUSG00000032564,5,19,2,6,14,6
ENSMUSG00000029106,9708,8887,1974,1436,9003,8369
ENSMUSG00000031963,6,3,6,15,7,4
ENSMUSG00000039770,1952,1541,444,295,1594,1972
ENSMUSG00000029001,152,132,52,45,146,166
ENSMUSG00000032232,97,92,131,91,70,60
ENSMUSG00000028149,4907,4858,1917,1188,5126,4316
ENSMUSG00000061455,1726,1513,677,476,1765,1628
ENSMUSG00000030725,79,61,65,42,73,53
ENSMUSG00000080772,328,429,201,208,353,374
ENSMUSG00000095564,7,4,0,14,2,4
ENSMUSG00000035473,80,75,29,16,54,43
ENSMUSG00000030357,3514,2703,3133,1895,2661,2486
ENSMUSG00000020656,104,106,117,100,61,53
ENSMUSG00000025962,1293,1036,859,644,1134,950
ENSMUSG00000057554,4813,3982,1590,1129,3960,3699
ENSMUSG00000055485,314,384,418,231,427,319
ENSMUSG00000026127,3037,2460,2009,1515,2384,2347
ENSMUSG00000082052,9,6,18,14,1,6
ENSMUSG00000026840,1,2,10,11,3,3
ENSMUSG00000083087,25,17,17,3,16,12
ENSMUSG00000022814,1458,1033,946,614,1048,978
ENSMUSG00000076674,737,395,143,165,231,217
ENSMUSG00000029650,1387,1089,312,178,1166,922
ENSMUSG00000038250,5319,4416,2052,1544,4589,4085
ENSMUSG00000024948,15427,15440,4179,2803,17645,14847
ENSMUSG00000001751,1120,805,384,224,828,708
ENSMUSG00000064109,384,378,69,69,319,238
ENSMUSG00000046562,2403,2076,731,453,2188,1947
ENSMUSG00000043987,1384,1259,689,500,1228,1024
ENSMUSG00000031101,13346,10677,4879,3421,11211,10073
ENSMUSG00000039640,1376,778,1471,928,900,911
ENSMUSG00000055602,1,2,23,31,2,5
ENSMUSG00000096452,419,270,176,103,120,130
ENSMUSG00000002007,4654,3916,442,310,4510,4399
ENSMUSG00000050957,134,96,18,14,65,65
ENSMUSG00000003824,181,128,252,180,103,101
ENSMUSG00000075528,771,687,468,311,694,628
ENSMUSG00000030188,252,205,169,87,194,192
ENSMUSG00000033416,5280,4779,1629,1327,5538,4928
ENSMUSG00000064317,415,327,292,243,377,403
ENSMUSG00000001707,606,457,367,284,556,500
ENSMUSG00000030228,2,10,7,14,3,5
ENSMUSG00000045362,953,878,1193,833,925,865
ENSMUSG00000022952,5163,5522,2253,1607,5864,4832
ENSMUSG00000107539,35,18,38,36,14,13
ENSMUSG00000108279,12,8,2,12,11,7
ENSMUSG00000028199,199,131,62,41,161,113
ENSMUSG00000035772,971,726,794,568,700,740
ENSMUSG00000102626,181,243,76,53,294,217
ENSMUSG00000083771,10,18,38,27,14,19
ENSMUSG00000082965,43,51,47,57,64,41
ENSMUSG00000021614,164,105,450,384,70,47
ENSMUSG00000070572,70,116,0,0,106,38
ENSMUSG00000094664,0,3,4,0,1,3
ENSMUSG00000021969,4977,4474,1468,1212,5352,4659
ENSMUSG00000083626,0,0,0,13,0,0
ENSMUSG00000034595,6834,5614,2088,1608,5859,5195
ENSMUSG00000081895,58,24,22,9,48,36
ENSMUSG00000031467,713,505,1579,1182,540,516
ENSMUSG00000021476,620,622,259,171,602,480
ENSMUSG00000050035,58,48,52,45,27,44
ENSMUSG00000094124,584,663,201,1039,320,308
ENSMUSG00000033020,476,357,483,308,395,388
ENSMUSG00000022180,515,397,274,164,360,273
ENSMUSG00000000794,1,4,9,11,5,3
ENSMUSG00000043629,532,533,169,102,422,327
ENSMUSG00000006445,328,268,3508,2670,329,286
ENSMUSG00000057229,3146,2613,1025,708,2782,2803
ENSMUSG00000032221,1046,713,314,302,467,386
ENSMUSG00000074277,842,741,327,241,874,770
ENSMUSG00000028656,19631,13903,6361,3769,14396,13455
ENSMUSG00000015889,2106,1617,975,656,1745,1456
ENSMUSG00000105589,11,15,19,12,7,9
ENSMUSG00000028358,76,80,86,92,88,63
ENSMUSG00000041774,349,289,357,268,320,267
ENSMUSG00000034730,7,4,8,19,4,1
ENSMUSG00000084817,33,16,25,16,16,10
ENSMUSG00000035186,216,212,215,68,134,54
ENSMUSG00000021572,564,485,156,125,542,500
ENSMUSG00000050043,1600,1323,678,485,1255,1137
ENSMUSG00000022003,703,567,272,173,598,580
ENSMUSG00000030986,916,753,332,228,809,752
ENSMUSG00000076576,1667,829,1142,331,737,677
ENSMUSG00000108772,17,22,0,2,8,25
ENSMUSG00000033762,241,179,118,80,119,113
ENSMUSG00000083076,17,20,23,14,14,4
ENSMUSG00000020102,1292,1173,575,463,1209,1048
ENSMUSG00000036572,3210,2587,5344,4051,2328,2214
ENSMUSG00000026043,43,46,46,22,92,35
ENSMUSG00000063594,0,0,8,15,1,0
ENSMUSG00000028651,1067,748,909,541,856,770
ENSMUSG00000105462,73,45,27,11,71,79
ENSMUSG00000002104,11,9,13,14,7,11
ENSMUSG00000082329,0,22,1,4,15,25
ENSMUSG00000072664,231,229,96,71,215,227
ENSMUSG00000006546,3,15,16,17,16,5
ENSMUSG00000045140,487,427,349,274,410,360
ENSMUSG00000015656,64656,44913,47425,29327,43308,37133
ENSMUSG00000022367,9,11,28,33,14,9
ENSMUSG00000062981,1034,657,708,470,598,600
ENSMUSG00000031325,101,125,51,43,125,126
ENSMUSG00000045629,111,63,7,14,18,26
ENSMUSG00000039007,469,417,207,101,358,288
ENSMUSG00000106721,0,0,6,11,1,0
ENSMUSG00000028195,3,4,18,24,19,4
ENSMUSG00000013089,681,540,506,322,502,623
ENSMUSG00000095463,1305,1139,644,531,1998,1399
ENSMUSG00000071984,8,18,41,33,8,6
ENSMUSG00000027566,3679,2592,2422,1488,2897,2682
ENSMUSG00000092329,349,56,90,189,564,513
ENSMUSG00000079445,126,126,192,209,97,107
ENSMUSG00000038991,11709,8505,4478,3567,6411,6467
ENSMUSG00000041859,2764,1700,1200,804,1738,1670
ENSMUSG00000022351,793,589,729,531,790,831
ENSMUSG00000096722,8,19,6,14,11,9
ENSMUSG00000030603,2571,1996,1706,1118,2105,1987
ENSMUSG00000023055,1778,1465,948,658,1569,1698
ENSMUSG00000028675,8024,5930,2608,1747,6788,6393
ENSMUSG00000031349,461,353,269,179,333,335
ENSMUSG00000049553,4844,3987,5687,4310,3954,3801
ENSMUSG00000021830,9793,8870,2809,2120,9215,8298
ENSMUSG00000078889,11,2,127,0,0,1
ENSMUSG00000000301,24,22,22,16,32,8
ENSMUSG00000021879,88,62,434,124,60,93
ENSMUSG00000040715,0,0,0,0,97,16
ENSMUSG00000054252,65,42,40,47,105,44
ENSMUSG00000094114,96,129,41,32,64,119
ENSMUSG00000038388,2558,2074,1596,948,2135,1928
ENSMUSG00000079076,61,46,32,9,49,51
ENSMUSG00000042426,1763,1396,1295,901,1401,1304
ENSMUSG00000078632,1,2,18,18,1,2
ENSMUSG00000024663,1049,804,311,169,570,549
ENSMUSG00000027331,542,397,196,126,371,277
ENSMUSG00000019429,28,27,69,66,22,20
ENSMUSG00000035262,51,52,34,35,42,36
ENSMUSG00000026712,10234,10399,4252,1589,7169,5334
ENSMUSG00000091971,37,24,125,82,8,16
ENSMUSG00000018830,37,26,62,57,26,23
ENSMUSG00000045967,0,0,7,12,0,0
ENSMUSG00000038793,57,43,11,14,21,32
ENSMUSG00000027333,312,208,236,180,150,305
ENSMUSG00000041754,75,36,22,18,19,23
ENSMUSG00000037318,14968,13335,5576,4152,14039,12228
ENSMUSG00000026496,14800,12645,5702,3718,13208,12999
ENSMUSG00000025359,135,160,53,45,148,157
ENSMUSG00000081137,33,22,13,9,38,34
ENSMUSG00000083642,3,4,7,16,0,2
ENSMUSG00000019359,70,114,68,60,231,24
ENSMUSG00000059897,845,633,342,264,612,621
ENSMUSG00000060198,16,9,18,15,17,34
ENSMUSG00000055093,3230,1512,518,625,1844,1925
ENSMUSG00000042460,6379,5231,1872,1266,6218,6159
ENSMUSG00000080186,8,2,9,0,5,7
ENSMUSG00000021276,685,501,431,279,501,522
ENSMUSG00000025933,53,49,20,13,33,38
ENSMUSG00000084292,97,138,59,40,150,108
ENSMUSG00000038127,15334,12585,4982,3264,13404,12527
ENSMUSG00000028010,517,364,729,547,339,332
ENSMUSG00000049892,21,13,79,74,19,25
ENSMUSG00000041945,120,123,38,42,90,110
ENSMUSG00000057113,26178,17311,25163,16798,15109,14919
ENSMUSG00000033629,1829,1450,626,477,1537,1248
ENSMUSG00000021392,3211,2396,3389,2774,2375,2257
ENSMUSG00000030771,7,10,15,6,6,10
ENSMUSG00000010554,2644,2158,2122,1768,2208,2095
ENSMUSG00000072825,366,398,5446,3818,297,320
ENSMUSG00000075595,6912,6406,2722,2010,6085,5645
ENSMUSG00000039166,788,674,234,191,618,554
ENSMUSG00000094993,196,144,37,38,229,266
ENSMUSG00000006057,2053,1405,1710,1123,1601,1494
ENSMUSG00000035585,658,494,206,139,617,559
ENSMUSG00000091732,68,62,35,22,59,62
ENSMUSG00000067869,9,0,0,0,0,7
ENSMUSG00000050982,41,20,6,14,1,3
ENSMUSG00000036256,300,260,180,86,293,391
ENSMUSG00000066189,11,8,36,39,14,10
ENSMUSG00000030493,625,400,244,187,486,483
ENSMUSG00000048424,30,24,4,4,33,20
ENSMUSG00000069303,648,370,258,138,549,408
ENSMUSG00000030413,769,569,226,173,513,447
ENSMUSG00000082233,13,15,17,16,11,1
ENSMUSG00000082463,144,158,40,24,177,179
ENSMUSG00000038776,4136,3230,3848,2413,3325,3425
ENSMUSG00000020865,2176,1901,890,411,2265,1741
ENSMUSG00000034522,757,796,438,327,794,772
ENSMUSG00000096210,275,153,120,79,181,243
ENSMUSG00000039167,29,19,19,2,28,40
ENSMUSG00000027322,1505,1306,675,415,935,947
ENSMUSG00000056718,85,80,142,101,85,81
ENSMUSG00000032249,6647,4650,2703,1668,4177,4038
ENSMUSG00000030792,74,38,53,43,42,35
ENSMUSG00000049044,3056,3164,438,362,2716,2321
ENSMUSG00000036002,795,656,233,178,604,689
ENSMUSG00000060090,3952,3264,2104,1261,3554,3007
ENSMUSG00000032113,314,196,178,140,196,170
ENSMUSG00000028444,9,10,11,23,17,3
ENSMUSG00000000690,13,8,21,19,9,7
ENSMUSG00000028902,2359,1794,1758,1265,1893,1873
ENSMUSG00000025010,1237,1101,338,278,1086,1122
ENSMUSG00000048852,961,696,265,176,707,789
ENSMUSG00000039985,2568,1944,1015,852,2251,2178
ENSMUSG00000073647,340,359,391,395,321,316
ENSMUSG00000039410,78,64,35,39,68,75
ENSMUSG00000038683,1869,1538,1031,742,1670,1551
ENSMUSG00000040687,5085,5460,2283,1824,5643,4310
ENSMUSG00000092009,9,7,15,17,2,4
ENSMUSG00000101024,27,27,7,6,43,29
ENSMUSG00000052456,1389,958,922,535,1072,1018
ENSMUSG00000050860,37,9,16,15,16,43
ENSMUSG00000044703,499,305,121,92,242,304
ENSMUSG00000021958,704,547,813,684,550,528
ENSMUSG00000061167,2940,2231,11,291,3942,3280
ENSMUSG00000021411,3871,3273,598,378,4144,3369
ENSMUSG00000062554,101,82,15,8,95,109
ENSMUSG00000084154,5,7,14,3,6,2
ENSMUSG00000017943,1,0,9,14,0,1
ENSMUSG00000081406,11001,4604,7244,5607,5,5587
ENSMUSG00000101188,3883,2464,3627,2610,1984,2420
ENSMUSG00000004698,4540,3777,1862,1180,4706,4391
ENSMUSG00000039774,928,784,324,184,744,594
ENSMUSG00000027384,463,378,185,128,430,349
ENSMUSG00000055538,1110,988,512,262,1109,1012
ENSMUSG00000037216,144,147,102,91,126,127
ENSMUSG00000006435,36,29,19,20,32,47
ENSMUSG00000030966,2445,1840,1102,740,1999,1954
ENSMUSG00000026377,1794,1218,1686,1311,1262,1221
ENSMUSG00000031924,3922,3128,2050,1376,3390,3178
ENSMUSG00000037169,48,58,49,33,61,61
ENSMUSG00000090626,981,900,464,303,1017,1044
ENSMUSG00000023939,259,138,176,90,171,182
ENSMUSG00000032112,876,752,380,262,736,705
ENSMUSG00000060419,5988,3504,2088,1203,3543,3716
ENSMUSG00000021782,29,31,34,45,34,19
ENSMUSG00000031442,165,160,115,132,212,156
ENSMUSG00000041000,71,65,44,34,75,44
ENSMUSG00000068037,0,4,11,13,1,1
ENSMUSG00000059195,38,17,2567,1648,22,30
ENSMUSG00000019998,3814,2982,1037,643,3109,3013
ENSMUSG00000076583,2013,1548,2559,1115,970,1004
ENSMUSG00000058728,51,37,37,18,106,81
ENSMUSG00000074412,21,18,13,14,28,28
ENSMUSG00000075054,877,732,570,479,714,652
ENSMUSG00000021913,4,3,55,64,7,1
ENSMUSG00000045455,237,155,236,116,156,100
ENSMUSG00000022262,1,2,6,16,3,2
ENSMUSG00000061897,21,9,18,24,19,6
ENSMUSG00000071669,7680,7864,1594,1381,8721,7378
ENSMUSG00000020974,372,262,171,122,277,202
ENSMUSG00000104838,17,21,2,3,14,16
ENSMUSG00000089951,110,89,36,26,92,79
ENSMUSG00000026737,5083,4125,1912,1191,3494,3020
ENSMUSG00000036304,243,173,51,54,163,157
ENSMUSG00000037709,31,39,40,29,35,30
ENSMUSG00000029832,864,796,329,296,818,810
ENSMUSG00000002109,1550,1370,499,338,1432,1291
ENSMUSG00000001436,457,400,439,383,417,418
ENSMUSG00000053801,692,557,897,740,643,586
ENSMUSG00000101964,1536,1808,311,190,1942,1539
ENSMUSG00000031948,3384,2342,2794,1840,2262,2237
ENSMUSG00000000142,66,73,45,39,109,32
ENSMUSG00000026204,17,14,16,31,9,11
ENSMUSG00000036955,1011,875,378,266,889,699
ENSMUSG00000031239,126,89,236,153,104,103
ENSMUSG00000066007,7,13,6,17,4,19
ENSMUSG00000021464,4,4,17,9,3,2
ENSMUSG00000038267,590,482,185,152,352,343
ENSMUSG00000030691,21020,21783,7603,5219,24078,21246
ENSMUSG00000081058,1781,766,379,139,601,501
ENSMUSG00000022403,4899,3694,4275,2954,3632,3396
ENSMUSG00000032265,2488,2121,549,359,2124,2427
ENSMUSG00000067344,20,11,17,8,30,22
ENSMUSG00000076512,215,85,76,80,34,50
ENSMUSG00000079652,12,11,24,31,10,9
ENSMUSG00000020542,11,17,31,39,15,11
ENSMUSG00000009376,84,65,57,42,73,96
ENSMUSG00000096553,62,87,22,29,64,55
ENSMUSG00000020473,33,32,52,50,34,19
ENSMUSG00000082956,62,59,30,23,41,19
ENSMUSG00000067219,37,20,96,145,34,23
ENSMUSG00000024589,1578,1613,648,481,1617,1423
ENSMUSG00000026163,2,2,12,14,0,1
ENSMUSG00000040249,7593,8282,7683,3393,6019,5219
ENSMUSG00000049493,90,83,79,69,27,37
ENSMUSG00000050132,41,39,82,60,35,23
ENSMUSG00000079415,134,89,62,58,90,122
ENSMUSG00000090553,1724,1394,1046,611,1753,1485
ENSMUSG00000074182,579,490,625,559,454,390
ENSMUSG00000040774,3959,3269,1287,844,3289,2817
ENSMUSG00000023832,514,367,272,190,547,432
ENSMUSG00000023953,1336,929,566,368,950,876
ENSMUSG00000052293,275,194,155,105,224,264
ENSMUSG00000048537,56,69,67,65,77,44
ENSMUSG00000022436,1775,1464,608,437,1550,1309
ENSMUSG00000051256,802,605,419,304,587,634
ENSMUSG00000045868,55236,39684,9578,7078,33045,35085
ENSMUSG00000002308,121,101,149,93,117,92
ENSMUSG00000037683,135,102,17,11,89,86
ENSMUSG00000090843,15,13,10,10,10,10
ENSMUSG00000052353,63,77,111,101,98,49
ENSMUSG00000082287,62,93,36,16,102,84
ENSMUSG00000055652,712,664,230,161,777,670
ENSMUSG00000026395,110622,91746,29381,19402,98253,86640
ENSMUSG00000074243,0,7,8,6,5,11
ENSMUSG00000071770,17,10,19,19,15,2
ENSMUSG00000074673,61,79,145,109,69,65
ENSMUSG00000031904,1293,1217,1175,858,1270,1201
ENSMUSG00000050555,1793,1469,611,503,1507,1393
ENSMUSG00000106037,3336,2914,534,392,2972,2644
ENSMUSG00000038859,87,121,41,31,93,98
ENSMUSG00000001576,1538,1193,2690,1914,1062,1053
ENSMUSG00000034424,375,277,468,330,286,257
ENSMUSG00000078794,12,8,498,290,11,14
ENSMUSG00000106610,81,70,35,35,96,75
ENSMUSG00000099655,17,8,28,14,11,7
ENSMUSG00000003031,5883,4872,1542,1022,4958,4656
ENSMUSG00000026048,1370,1156,3478,2773,1060,884
ENSMUSG00000038587,2253,1869,1223,797,2627,3327
ENSMUSG00000024887,567,490,195,142,419,392
ENSMUSG00000001053,849,688,303,178,797,758
ENSMUSG00000106831,969,636,534,319,548,603
ENSMUSG00000029998,1719,1499,738,354,1292,1281
ENSMUSG00000023949,30,21,39,39,42,30
ENSMUSG00000041670,28,26,37,37,38,24
ENSMUSG00000043126,28,25,10,6,32,39
ENSMUSG00000028859,1856,942,822,789,626,510
ENSMUSG00000067199,733,569,249,173,648,796
ENSMUSG00000002319,1140,976,2143,1698,993,1027
ENSMUSG00000094682,118,113,34,22,121,125
ENSMUSG00000005640,224,233,485,711,263,232
ENSMUSG00000015843,27,32,26,21,21,26
ENSMUSG00000041912,160,122,63,34,109,77
ENSMUSG00000026435,743,676,319,166,572,408
ENSMUSG00000096718,94,274,136,0,349,269
ENSMUSG00000026815,105,45,2,10,3,14
ENSMUSG00000044453,2547,2559,869,613,2244,2029
ENSMUSG00000000275,5371,5376,2844,2476,5051,4807
ENSMUSG00000029560,5145,4891,1578,1082,5366,4828
ENSMUSG00000015932,1726,1153,2370,1427,1273,1328
ENSMUSG00000091386,3,14,33,24,4,6
ENSMUSG00000020308,444,285,189,95,322,290
ENSMUSG00000105028,9,3,15,8,9,9
ENSMUSG00000105977,0,0,0,0,0,0
ENSMUSG00000039168,764,515,233,164,475,511
ENSMUSG00000005949,819,726,271,202,839,721
ENSMUSG00000080776,28,19,9,4,22,14
ENSMUSG00000094029,51,35,14,16,52,51
ENSMUSG00000040596,726,597,1092,862,766,679
ENSMUSG00000030786,1219,875,759,587,782,555
ENSMUSG00000004285,1973,1397,821,456,1801,1603
ENSMUSG00000073010,45,39,6,3,47,42
ENSMUSG00000095847,8,12,9,3,13,7
ENSMUSG00000040433,4406,3393,1513,1082,3041,2601
ENSMUSG00000030403,9364,7316,2775,1749,7399,6645
ENSMUSG00000020570,3719,3420,1061,779,3635,3173
ENSMUSG00000071862,172,195,54,42,219,151
ENSMUSG00000032065,14,12,4,3,21,20
ENSMUSG00000030157,18223,12740,6089,3710,14473,13972
ENSMUSG00000093896,1614,1213,946,308,430,361
ENSMUSG00000015093,175,156,53,37,208,162
ENSMUSG00000078851,1325,704,380,290,856,900
ENSMUSG00000006345,22,41,14,19,22,15
ENSMUSG00000089838,287,243,101,70,213,236
ENSMUSG00000079915,24,24,14,5,23,21
ENSMUSG00000039005,2624,2115,640,368,2041,1632
ENSMUSG00000046861,2295,1930,667,403,2101,1753
ENSMUSG00000002661,233,177,106,57,223,225
ENSMUSG00000025507,350,290,2454,1790,291,246
ENSMUSG00000026686,31,31,36,55,42,12
ENSMUSG00000026413,3,4,20,19,2,2
ENSMUSG00000059013,3541,3187,1951,1343,3433,3113
ENSMUSG00000036641,419,323,175,119,287,265
ENSMUSG00000083979,62,70,17,7,74,63
ENSMUSG00000026097,1470,1230,490,311,1387,1155
ENSMUSG00000044934,1200,925,353,218,950,886
ENSMUSG00000072235,2415,1798,573,338,2033,1712
ENSMUSG00000096020,1370,893,334,282,507,455
ENSMUSG00000049314,59,57,3,6,57,44
ENSMUSG00000035699,26,21,4,4,22,15
ENSMUSG00000054385,418,276,27,37,193,138
ENSMUSG00000071303,6,11,7,8,20,9
ENSMUSG00000033219,0,0,10,11,0,0
ENSMUSG00000053600,967,852,456,398,1109,905
ENSMUSG00000052469,0,0,10,17,0,0
ENSMUSG00000079557,1676,1250,643,474,1452,2122
ENSMUSG00000027350,1,2,10,12,0,0
ENSMUSG00000001288,194,219,342,269,190,87
ENSMUSG00000058392,1414,1241,1863,1807,1241,1120
ENSMUSG00000030983,1558,1170,1090,752,1131,1123
ENSMUSG00000061740,179,189,66,58,206,164
ENSMUSG00000026354,39,26,44,47,19,23
ENSMUSG00000071266,548,474,159,129,456,281
ENSMUSG00000024462,1336,1600,648,487,1335,873
ENSMUSG00000051243,50,45,52,56,62,80
ENSMUSG00000095186,163,334,44522,87308,1132,794
ENSMUSG00000096883,134,97,125,93,161,183
ENSMUSG00000022978,699,526,220,136,604,499
ENSMUSG00000037202,336,251,100,101,301,181
ENSMUSG00000094951,737,602,193,206,282,281
ENSMUSG00000067010,31,42,21,15,29,22
ENSMUSG00000020826,6,6,16,11,14,21
ENSMUSG00000023505,546,288,138,82,169,197
ENSMUSG00000018583,9744,7556,7947,5756,7348,7082
ENSMUSG00000096422,2562,1720,696,447,929,835
ENSMUSG00000097656,12,17,11,3,16,21
ENSMUSG00000024112,696,623,316,288,437,530
ENSMUSG00000006574,1530,830,41,138,42,2133
ENSMUSG00000024399,15578,11548,2732,1609,14019,12872
ENSMUSG00000068039,8390,6123,5752,4064,6506,6102
ENSMUSG00000031957,0,0,2,15,0,0
ENSMUSG00000025433,262,257,11,8,189,103
ENSMUSG00000034485,34,32,22,18,29,52
ENSMUSG00000071724,160,136,50,33,115,108
ENSMUSG00000095562,424,810,426,322,481,399
ENSMUSG00000021771,4219,3165,2020,1356,3427,3389
ENSMUSG00000050944,81,55,36,39,52,59
ENSMUSG00000041712,2014,1498,740,547,1685,1525
ENSMUSG00000028614,802,573,537,364,547,504
ENSMUSG00000032392,160,143,29,29,142,135
ENSMUSG00000048027,187,165,63,58,80,61
ENSMUSG00000076670,478,164,212,341,73,79
ENSMUSG00000067194,2048,1493,1342,872,1661,1596
ENSMUSG00000026020,4664,3394,4514,3834,3391,3441
ENSMUSG00000021701,138,131,6520,5534,147,164
ENSMUSG00000028958,631,440,243,155,512,436
ENSMUSG00000027472,1368,1082,2119,1413,1118,1017
ENSMUSG00000032333,1647,1342,399,261,1515,1535
ENSMUSG00000047881,397,324,429,237,350,276
ENSMUSG00000028318,1045,750,1216,950,797,693
ENSMUSG00000028385,9172,7979,3024,2129,8617,8035
ENSMUSG00000019951,4495,3801,1674,1131,3922,3524
ENSMUSG00000095609,4,15,16,0,6,8
ENSMUSG00000076695,2122,1428,897,888,700,852
ENSMUSG00000046958,12,6,38,49,6,7
ENSMUSG00000023156,891,701,671,420,763,706
ENSMUSG00000044501,2361,1983,685,439,2217,1971
ENSMUSG00000021186,6,4,12,21,18,13
ENSMUSG00000003308,2395,1922,928,582,1881,1879
ENSMUSG00000051790,36,44,92,85,81,37
ENSMUSG00000089967,17,22,0,13,31,14
ENSMUSG00000097833,37,47,14,14,47,34
ENSMUSG00000006154,2001,59,949,822,2582,1022
ENSMUSG00000024177,105,74,242,147,58,54
ENSMUSG00000062478,309,392,101,110,694,360
ENSMUSG00000094862,55,35,146,2,18,15
ENSMUSG00000030641,232,126,3146,2326,126,101
ENSMUSG00000094505,46,26,7,2,63,40
ENSMUSG00000037548,28299,23417,8768,5760,23526,21045
ENSMUSG00000049115,16,10,4,11,10,2
ENSMUSG00000042644,15457,14623,5823,4564,14441,12803
ENSMUSG00000051590,1461,1428,262,198,1040,881
ENSMUSG00000101502,3,11,16,2,18,7
ENSMUSG00000037221,248,197,112,72,238,181
ENSMUSG00000068749,2000,1408,1272,790,1627,1472
ENSMUSG00000000385,57,54,24,16,56,91
ENSMUSG00000090381,63,82,110,66,111,96
ENSMUSG00000041309,26,23,7,5,16,33
ENSMUSG00000032946,10629,11668,1575,1026,11033,9125
ENSMUSG00000081651,22,23,8,11,28,18
ENSMUSG00000029603,11205,8878,3249,2512,6795,5028
ENSMUSG00000032380,83,47,23,27,31,35
ENSMUSG00000076538,1137,510,268,125,391,349
ENSMUSG00000033910,69,78,65,68,117,68
ENSMUSG00000045767,4388,3583,1796,1193,4110,3688
ENSMUSG00000047415,337,322,812,714,326,213
ENSMUSG00000030872,10096,8954,2372,1576,9940,9238
ENSMUSG00000069609,8,4,4,0,6,5
ENSMUSG00000027227,407,269,182,75,356,360
ENSMUSG00000028270,2942,1650,780,543,1325,1430
ENSMUSG00000058447,0,0,9,29,0,13
ENSMUSG00000018909,4432,4019,932,591,3875,3290
ENSMUSG00000031917,2311,1918,1666,1308,2104,1974
ENSMUSG00000084362,96,109,18,16,205,106
ENSMUSG00000034958,29,26,14,11,28,42
ENSMUSG00000020114,4692,3963,2409,1944,4049,3682
ENSMUSG00000045326,135,98,34,23,105,102
ENSMUSG00000025964,914,750,448,325,708,389
ENSMUSG00000041231,4238,3338,1571,992,3217,3141
ENSMUSG00000079362,1,86,50,0,63,84
ENSMUSG00000074800,578,1191,659,207,1117,1313
ENSMUSG00000105053,58,40,47,66,78,38
ENSMUSG00000022126,83,29,20,25,3,15
ENSMUSG00000045294,1363,997,988,601,1317,1495
ENSMUSG00000056427,78,80,33,29,54,26
ENSMUSG00000042462,408,268,478,234,288,301
ENSMUSG00000040584,512,491,252,276,253,119
ENSMUSG00000046756,1499,1132,936,690,1209,1168
ENSMUSG00000102161,20,0,0,6,10,10
ENSMUSG00000048856,38,31,49,32,41,46
ENSMUSG00000081212,17,27,2,3,25,23
ENSMUSG00000028597,50,23,12,9,14,13
ENSMUSG00000034041,4113,3182,701,431,3784,3674
ENSMUSG00000030084,1342,1425,4674,3177,1039,853
ENSMUSG00000035754,1333,1040,1215,850,1204,1045
ENSMUSG00000038178,5120,4852,2359,1476,5378,5471
ENSMUSG00000040891,11,16,21,29,7,6
ENSMUSG00000040618,1896,1705,470,308,1668,1529
ENSMUSG00000050192,548,426,156,95,401,396
ENSMUSG00000007415,1490,1185,419,287,1231,1111
ENSMUSG00000032360,414,411,70,47,465,524
ENSMUSG00000024184,46,30,12,4,38,24
ENSMUSG00000032018,892,717,371,278,819,822
ENSMUSG00000031422,3081,2307,1774,1166,2188,1966
ENSMUSG00000004207,52663,38418,14101,8092,31716,32091
ENSMUSG00000066191,35,27,16,8,42,23
ENSMUSG00000043342,32,32,41,51,32,38
ENSMUSG00000091938,3,8,6,11,12,0
ENSMUSG00000083337,10,1,5,2,12,4
ENSMUSG00000019942,454,246,87,57,179,180
ENSMUSG00000082127,10,27,55,64,11,0
ENSMUSG00000038042,451,387,1311,1196,288,200
ENSMUSG00000022553,3512,2911,1180,802,3682,3239
ENSMUSG00000084836,95,119,3,21,102,86
ENSMUSG00000081720,3,4,10,15,5,0
ENSMUSG00000080902,146,127,151,123,65,102
ENSMUSG00000004880,7361,6050,2487,1850,7028,6361
ENSMUSG00000096577,1179,275,121,3639,149,181
ENSMUSG00000028643,351,260,105,81,320,343
ENSMUSG00000056904,14,8,9,9,11,4
ENSMUSG00000025154,1464,1152,480,270,870,815
ENSMUSG00000026721,14437,13731,5607,4707,14741,13839
ENSMUSG00000059534,1017,680,598,366,759,729
ENSMUSG00000002871,1173,1039,431,294,1114,996
ENSMUSG00000083670,7,5,120,84,5,0
ENSMUSG00000040017,122,145,204,216,120,139
ENSMUSG00000029860,1912,1603,828,567,1784,1472
ENSMUSG00000025478,10,9,15,10,13,9
ENSMUSG00000005131,5,11,23,11,3,4
ENSMUSG00000027804,3013,2338,1929,1504,2282,2155
ENSMUSG00000044583,5285,3960,1307,734,3330,4030
ENSMUSG00000095547,86,301,49452,96050,1203,815
ENSMUSG00000062980,39,45,37,37,45,29
ENSMUSG00000058435,87,83,40,23,57,26
ENSMUSG00000028410,4981,3780,1962,1390,4118,3390
ENSMUSG00000081723,69,40,64,23,39,54
ENSMUSG00000027379,369,192,76,44,149,136
ENSMUSG00000024387,2449,1675,1335,887,1649,1840
ENSMUSG00000024759,4104,3658,1673,1115,3863,3293
ENSMUSG00000021592,942,849,296,197,893,801
ENSMUSG00000025475,5,9,27,27,17,6
ENSMUSG00000043940,2546,2730,1535,785,1750,1513
ENSMUSG00000076557,17,11,4,2,19,22
ENSMUSG00000083055,5,6,14,10,4,9
ENSMUSG00000028447,730,581,325,206,655,653
ENSMUSG00000031431,4857,8790,2444,2533,5756,6674
ENSMUSG00000083261,8,11,4,7,14,12
ENSMUSG00000003411,5,7,12,27,8,15
ENSMUSG00000071014,357,269,386,245,330,320
ENSMUSG00000018238,5,3,16,12,8,2
ENSMUSG00000056632,7,14,19,24,15,4
ENSMUSG00000019818,6401,5702,2290,1599,5286,4513
ENSMUSG00000062480,186,150,96,86,173,155
ENSMUSG00000024459,7,6,9,12,5,3
ENSMUSG00000009551,389,363,219,149,361,269
ENSMUSG00000071379,628,425,719,497,407,365
ENSMUSG00000015126,625,450,456,283,459,480
ENSMUSG00000039330,25,25,18,2,17,24
ENSMUSG00000035202,2357,8529,2440,2448,2122,1777
ENSMUSG00000042726,3509,2849,1770,1182,2657,2684
ENSMUSG00000101986,88,70,85,91,68,73
ENSMUSG00000026605,1429,759,364,226,655,481
ENSMUSG00000022416,6099,6729,498,365,7231,6193
ENSMUSG00000000732,10675,9608,3912,2814,9904,8285
ENSMUSG00000023968,155,175,65,46,113,84
ENSMUSG00000020777,1467,1340,494,310,1301,1164
ENSMUSG00000036850,810,547,424,286,595,651
ENSMUSG00000028937,214,166,241,165,115,110
ENSMUSG00000021136,17,40,46,16,45,33
ENSMUSG00000051650,3764,3037,1239,844,2755,2718
ENSMUSG00000068747,2000,1825,785,318,1204,856
ENSMUSG00000020134,3201,2938,1144,911,3506,3050
ENSMUSG00000098934,6505,5738,1102,827,4935,4787
ENSMUSG00000040713,5198,3764,2559,1325,2840,2923
ENSMUSG00000030322,2428,2007,813,569,2165,2068
ENSMUSG00000023104,4405,3616,1637,1116,3874,3551
ENSMUSG00000044496,2602,2049,977,658,2104,2092
ENSMUSG00000031523,580,588,330,261,569,473
ENSMUSG00000070331,16,14,32,36,16,19
ENSMUSG00000087207,48,39,67,42,23,47
ENSMUSG00000000957,76,71,62,36,64,104
ENSMUSG00000054728,105,112,297,380,128,114
ENSMUSG00000024958,507,462,161,122,400,349
ENSMUSG00000095514,110,55,10,12,121,104
ENSMUSG00000046897,6328,5675,2241,1561,6404,5778
ENSMUSG00000092367,33,23,0,6,14,42
ENSMUSG00000054321,1076,889,1593,1258,884,886
ENSMUSG00000053702,1727,1330,412,439,943,636
ENSMUSG00000104185,16,16,3,4,14,9
ENSMUSG00000034111,5582,5058,2222,1364,5671,4853
ENSMUSG00000052751,435,347,438,316,346,358
ENSMUSG00000102232,68,78,104,95,69,66
ENSMUSG00000021792,1060,657,388,299,744,1421
ENSMUSG00000030144,107,40,56,80,18,28
ENSMUSG00000030217,84,64,16,22,48,59
ENSMUSG00000069302,692,268,63,35,273,181
ENSMUSG00000026401,606,776,258,198,822,755
ENSMUSG00000024480,470,343,202,95,343,337
ENSMUSG00000036781,1104,680,3019,1815,802,712
ENSMUSG00000056457,16,28,0,0,34,19
ENSMUSG00000003379,39240,29917,9141,5532,29593,31495
ENSMUSG00000044338,28,23,12,9,25,45
ENSMUSG00000050243,0,0,75,58,0,5
ENSMUSG00000024043,46,32,22,23,28,42
ENSMUSG00000076596,619,512,209,132,314,246
ENSMUSG00000028713,11,17,16,8,25,20
ENSMUSG00000042228,25674,21266,9267,7071,21184,20223
ENSMUSG00000019080,206,154,106,67,206,162
ENSMUSG00000024998,133,210,92,87,312,134
ENSMUSG00000059336,1307,1098,673,475,1542,1603
ENSMUSG00000032487,19,8,9,12,2,4
ENSMUSG00000079183,47,57,11,19,52,56
ENSMUSG00000091752,0,0,0,15,0,0
ENSMUSG00000020163,910,650,556,296,757,680
ENSMUSG00000036291,1571,1431,526,367,1569,1346
ENSMUSG00000024397,1112,708,454,225,755,717
ENSMUSG00000018698,4,2,10,14,7,6
ENSMUSG00000001440,12528,9662,7582,5528,9442,8923
ENSMUSG00000038712,1605,1489,551,349,1353,1256
ENSMUSG00000023951,207,276,245,225,394,123
ENSMUSG00000015533,154,113,64,63,173,69
ENSMUSG00000070803,22,11,9,8,6,3
ENSMUSG00000032470,264,160,148,93,102,181
ENSMUSG00000030707,43150,33586,9446,5265,43777,37855
ENSMUSG00000062204,0,0,17,37,0,0
ENSMUSG00000074006,87,77,34,29,74,68
ENSMUSG00000027316,15,16,7,7,3,2
ENSMUSG00000082128,13,4,14,1,10,15
ENSMUSG00000082016,66,77,0,0,158,134
ENSMUSG00000025503,5870,4127,2351,1332,4234,4258
ENSMUSG00000035443,273,205,2165,1500,147,162
ENSMUSG00000063015,7052,5653,1660,997,6296,6263
ENSMUSG00000000303,37,40,27,20,46,51
ENSMUSG00000092518,1,0,7,11,0,2
ENSMUSG00000033400,1718,1632,918,695,1611,1510
ENSMUSG00000038390,17,19,16,10,42,23
ENSMUSG00000033356,489,384,530,386,381,365
ENSMUSG00000096385,26,68,11152,21521,302,244
ENSMUSG00000058589,20,22,50,40,14,13
ENSMUSG00000024516,5584,4493,1777,1176,4085,3833
ENSMUSG00000038068,403,366,228,85,278,289
ENSMUSG00000079139,0,0,6,15,0,0
ENSMUSG00000094800,12,10,14,1,10,12
ENSMUSG00000031342,484,292,163,126,367,405
ENSMUSG00000063787,982,677,697,460,804,654
ENSMUSG00000022587,50235,38696,18392,11715,37620,36800
ENSMUSG00000025264,699,541,523,385,465,501
ENSMUSG00000062083,19,26,12,9,28,18
ENSMUSG00000028518,9,10,34,29,11,4
ENSMUSG00000027273,7,17,18,36,13,5
ENSMUSG00000042662,0,0,12,9,1,0
ENSMUSG00000082926,21,13,22,6,27,18
ENSMUSG00000062937,1247,884,724,502,902,808
ENSMUSG00000030683,91,108,175,189,103,57
ENSMUSG00000044231,16,18,21,15,18,14
ENSMUSG00000024829,769,575,588,407,577,505
ENSMUSG00000018398,365,228,163,108,151,106
ENSMUSG00000050323,175,142,139,102,189,150
ENSMUSG00000081984,11,10,12,14,9,11
ENSMUSG00000071041,19,20,21,15,0,12
ENSMUSG00000020108,950,1190,3597,2666,751,700
ENSMUSG00000042215,95,79,48,39,43,68
ENSMUSG00000094786,43,54,13,10,36,39
ENSMUSG00000023963,597,581,123,74,419,322
ENSMUSG00000044864,1186,1065,517,313,1062,974
ENSMUSG00000076552,380,210,1119,86,148,173
ENSMUSG00000032915,3318,3680,1780,771,3002,2739
ENSMUSG00000033024,86,52,32,50,96,38
ENSMUSG00000053080,371,356,275,191,539,551
ENSMUSG00000042816,112,91,53,37,65,109
ENSMUSG00000021203,655,535,212,154,549,668
ENSMUSG00000024712,1954,1622,636,385,1657,1555
ENSMUSG00000037434,1216,1051,485,263,900,822
ENSMUSG00000041084,1989,1374,917,592,1369,1335
ENSMUSG00000028864,79,71,74,20,75,54
ENSMUSG00000100254,42,0,0,15,0,0
ENSMUSG00000031562,152,113,282,225,129,91
ENSMUSG00000036986,14483,12340,5168,3352,12151,13008
ENSMUSG00000041935,4659,4229,1746,1227,4209,4002
ENSMUSG00000026649,77,52,426,246,37,31
ENSMUSG00000031447,8525,6457,3479,1867,5856,5595
ENSMUSG00000031403,3722,2706,3428,2512,2663,2582
ENSMUSG00000042719,3464,2758,2824,2449,3075,2810
ENSMUSG00000080939,308,343,110,69,378,308
ENSMUSG00000049630,5,1,8,18,12,8
ENSMUSG00000025366,10714,9676,1395,936,10474,9308
ENSMUSG00000015981,22,22,23,11,53,10
ENSMUSG00000073125,1112,370,133,126,297,109
ENSMUSG00000058809,4,4,13,0,6,4
ENSMUSG00000036555,1381,1306,561,410,1464,1160
ENSMUSG00000020142,81,56,82,73,30,43
ENSMUSG00000040007,1539,1459,662,472,1559,1333
ENSMUSG00000020224,1432,1105,2678,1771,1019,1062
ENSMUSG00000020267,2593,1709,1173,630,1997,1694
ENSMUSG00000033618,56,37,83,101,29,39
ENSMUSG00000056498,2926,2328,828,694,1813,1610
ENSMUSG00000049409,51,32,35,19,12,36
ENSMUSG00000037275,2033,1726,1896,1442,1708,1571
ENSMUSG00000024299,2508,2552,1059,714,3033,2199
ENSMUSG00000022139,4052,3318,1479,1035,3557,3345
ENSMUSG00000072919,381,271,110,82,238,283
ENSMUSG00000000628,703,496,606,508,510,453
ENSMUSG00000000876,928,795,513,366,837,812
ENSMUSG00000074403,1872,988,480,337,1172,967
ENSMUSG00000020431,15,15,31,25,32,11
ENSMUSG00000054003,1,1,12,14,2,0
ENSMUSG00000027984,908,741,291,161,725,643
ENSMUSG00000007038,2247,1919,873,590,1957,2007
ENSMUSG00000060512,59,47,49,27,61,60
ENSMUSG00000037432,222,255,99,81,261,248
ENSMUSG00000053398,2801,2065,1837,1145,2126,1858
ENSMUSG00000034416,3,3,74,54,5,5
ENSMUSG00000034855,81,48,24,13,67,143
ENSMUSG00000081569,57,76,3,10,56,52
ENSMUSG00000055691,13,15,6,7,19,22
ENSMUSG00000021314,1,1,10,11,6,1
ENSMUSG00000033720,630,495,219,193,511,418
ENSMUSG00000018362,3183,1995,1476,977,1903,1703
ENSMUSG00000027855,244,291,429,588,271,207
ENSMUSG00000096175,118,120,53,41,124,128
ENSMUSG00000094502,1085,557,1032,826,407,363
ENSMUSG00000094248,35,0,13,28,49,48
ENSMUSG00000052920,11,11,27,27,16,3
ENSMUSG00000107149,15,36,16,3,37,18
ENSMUSG00000036353,360,263,113,57,350,312
ENSMUSG00000096472,652,530,71,57,683,691
ENSMUSG00000035268,3886,3254,1534,1273,3601,3494
ENSMUSG00000027533,439,323,327,222,273,386
ENSMUSG00000020079,1272,993,1536,1250,1021,956
ENSMUSG00000086316,135,108,42,21,88,76
ENSMUSG00000050578,20,16,9,13,10,58
ENSMUSG00000002602,10297,9309,4465,2237,7900,6874
ENSMUSG00000022193,1280,881,793,439,992,925
ENSMUSG00000037628,132,65,39,25,61,70
ENSMUSG00000062012,12,4,14,11,8,11
ENSMUSG00000079224,144,103,45,13,159,121
ENSMUSG00000055723,4277,3648,1691,1141,3512,2797
ENSMUSG00000030838,0,0,10,15,0,0
ENSMUSG00000075289,1052,996,443,320,1198,1164
ENSMUSG00000078439,222,166,41,39,199,195
ENSMUSG00000019846,26,20,21,19,23,14
ENSMUSG00000029416,6673,5984,1858,1345,6897,5962
ENSMUSG00000043873,454,313,111,133,754,397
ENSMUSG00000095771,4974,5767,1934,1416,1275,1540
ENSMUSG00000045411,3949,3543,3178,2529,3742,3384
ENSMUSG00000036622,5945,4917,2993,1880,5546,4958
ENSMUSG00000022471,1823,1298,1541,1090,1533,1451
ENSMUSG00000029414,521,284,132,78,229,154
ENSMUSG00000022589,1,0,2,14,0,1
ENSMUSG00000030551,99,127,171,175,128,81
ENSMUSG00000025401,19,21,22,23,9,11
ENSMUSG00000040663,2658,2921,893,710,3112,2654
ENSMUSG00000030629,3403,3060,952,600,3163,2900
ENSMUSG00000095028,415,316,195,155,281,178
ENSMUSG00000059022,30,35,32,48,52,17
ENSMUSG00000096719,26,6,6,12,0,1
ENSMUSG00000025323,4287,3407,1581,1089,3658,3327
ENSMUSG00000060402,4,0,12,11,2,2
ENSMUSG00000096446,0,9,6,13,4,3
ENSMUSG00000094392,107,65,59,27,90,99
ENSMUSG00000100944,0,114,0,0,33,71
ENSMUSG00000079442,2254,1791,2149,1645,1787,1691
ENSMUSG00000019088,375,302,119,55,348,318
ENSMUSG00000025050,636,569,481,376,521,491
ENSMUSG00000022205,4930,3613,1892,1151,3934,3924
ENSMUSG00000034057,3,5,21,24,5,2
ENSMUSG00000048218,486,424,177,104,302,229
ENSMUSG00000055660,1247,979,586,460,1002,901
ENSMUSG00000022053,5,9,21,25,1,4
ENSMUSG00000018770,1811,1420,859,521,1581,1465
ENSMUSG00000032679,219,166,92,76,114,98
ENSMUSG00000030512,1288,1022,1087,726,1090,1042
ENSMUSG00000024097,4830,3914,2396,1725,4127,3531
ENSMUSG00000026974,772,510,426,366,540,540
ENSMUSG00000024968,80,55,67,44,74,80
ENSMUSG00000091491,30,25,23,30,20,13
ENSMUSG00000018012,38,41,460,377,49,35
ENSMUSG00000102301,112,70,22,25,85,72
ENSMUSG00000005686,1206,1188,419,281,1112,1021
ENSMUSG00000107892,54,62,10,17,58,45
ENSMUSG00000059422,44,15,123,120,31,29
ENSMUSG00000094194,1254,1129,888,636,346,465
ENSMUSG00000058258,796,565,968,621,771,806
ENSMUSG00000041482,58,55,66,59,63,54
ENSMUSG00000063830,3,4,14,6,8,9
ENSMUSG00000030677,585,444,176,133,406,352
ENSMUSG00000027395,1864,1620,2200,1948,1659,1468
ENSMUSG00000028394,761,445,724,468,543,516
ENSMUSG00000025255,0,1,14,23,5,3
ENSMUSG00000030161,541,342,296,146,300,350
ENSMUSG00000023169,9859,8467,3551,2518,8555,7905
ENSMUSG00000035983,54,22,96,61,29,37
ENSMUSG00000069268,1430,685,432,324,837,785
ENSMUSG00000000881,385,298,147,75,241,208
ENSMUSG00000031604,1109,867,902,617,1170,1042
ENSMUSG00000082260,14,18,11,3,22,12
ENSMUSG00000032216,6723,5227,3325,1983,5240,5055
ENSMUSG00000078713,914,595,558,327,755,683
ENSMUSG00000058019,124,240,737,881,120,214
ENSMUSG00000048312,0,0,7,11,0,0
ENSMUSG00000036862,88,85,38,27,87,71
ENSMUSG00000041773,239,229,2716,1971,215,179
ENSMUSG00000029162,378,312,105,73,316,281
ENSMUSG00000096326,1413,2691,1850,442,360,465
ENSMUSG00000015340,22147,16482,6737,4098,13512,13301
ENSMUSG00000055963,30,17,11,4,15,9
ENSMUSG00000104074,57,44,24,12,54,40
ENSMUSG00000031722,360,109,159,165,65,128
ENSMUSG00000025423,2441,2158,887,692,2508,2230
ENSMUSG00000041064,140,71,23,16,55,32
ENSMUSG00000028152,587,468,259,178,530,506
ENSMUSG00000042638,34,23,73,54,16,7
ENSMUSG00000003235,2745,2148,2136,1536,2442,2319
ENSMUSG00000028545,1944,1524,508,366,1703,1654
ENSMUSG00000104217,17,0,7,28,7,8
ENSMUSG00000047777,186,197,76,70,172,174
ENSMUSG00000025375,136,132,83,46,107,62
ENSMUSG00000024376,64,27,57,59,33,55
ENSMUSG00000032086,1328,1241,569,392,1195,1141
ENSMUSG00000038065,520,497,146,116,649,594
ENSMUSG00000052142,8670,8518,2367,1749,7975,6492
ENSMUSG00000053461,4,5,16,12,3,7
ENSMUSG00000029096,9,7,8,24,14,16
ENSMUSG00000091549,817,596,260,162,631,722
ENSMUSG00000027074,812,496,846,558,476,469
ENSMUSG00000028222,110,108,272,357,146,72
ENSMUSG00000024187,598,531,304,193,521,409
ENSMUSG00000057244,17,25,24,4,26,15
ENSMUSG00000070868,69,47,42,23,66,52
ENSMUSG00000034126,509,411,1446,1007,471,422
ENSMUSG00000021388,26,22,9,8,33,27
ENSMUSG00000040263,1456,1179,2276,1685,1212,1041
ENSMUSG00000073676,2783,1897,2497,1502,2067,1709
ENSMUSG00000032278,128,152,209,210,120,106
ENSMUSG00000020949,2113,1542,1279,751,1625,1638
ENSMUSG00000026198,404,298,300,201,296,296
ENSMUSG00000083392,9,9,3,4,3,5
ENSMUSG00000046974,82,90,42,26,87,96
ENSMUSG00000082630,97,110,24,30,108,126
ENSMUSG00000073725,7630,7309,1984,1323,7798,6827
ENSMUSG00000090958,71,66,53,61,122,123
ENSMUSG00000031828,501,433,200,118,463,369
ENSMUSG00000047045,2294,2004,1090,618,1964,1970
ENSMUSG00000020034,3484,3442,677,575,4096,3805
ENSMUSG00000032174,23,27,31,34,17,10
ENSMUSG00000094065,0,0,0,17,0,0
ENSMUSG00000032109,235,184,132,79,140,122
ENSMUSG00000028217,1304,927,211,190,742,578
ENSMUSG00000089722,8,13,29,25,13,7
ENSMUSG00000037922,56418,49217,14206,8812,52235,45713
ENSMUSG00000109176,3,3,9,19,2,3
ENSMUSG00000022103,1071,1096,854,470,901,679
ENSMUSG00000092077,43,43,47,40,33,26
ENSMUSG00000083431,7,4,8,3,4,7
ENSMUSG00000040836,112,131,46,39,156,122
ENSMUSG00000083161,516,432,805,711,365,298
ENSMUSG00000073678,10953,11082,1942,1211,14129,12682
ENSMUSG00000103367,28,34,16,19,17,22
ENSMUSG00000062352,1100,854,569,363,1043,966
ENSMUSG00000061981,568,450,221,131,471,393
ENSMUSG00000044330,2,7,0,6,13,14
ENSMUSG00000044313,35,19,12,13,15,21
ENSMUSG00000034957,187,111,56,36,124,127
ENSMUSG00000001082,1055,848,192,127,811,741
ENSMUSG00000037012,1889,1512,715,489,1295,1140
ENSMUSG00000089817,12,12,33,25,12,7
ENSMUSG00000045165,3335,2471,552,331,3303,3068
ENSMUSG00000043432,775,660,303,208,620,729
ENSMUSG00000024056,690,498,121,67,490,485
ENSMUSG00000100309,0,17,4,0,15,17
ENSMUSG00000048498,868,721,385,191,298,243
ENSMUSG00000094561,1720,1124,406,482,573,715
ENSMUSG00000031482,527,408,242,153,389,415
ENSMUSG00000032218,414,202,80,54,161,107
ENSMUSG00000043770,667,459,154,79,422,426
ENSMUSG00000019852,24,7,15,18,3,3
ENSMUSG00000071267,2196,1733,811,515,2131,1909
ENSMUSG00000001025,434,254,120,110,251,271
ENSMUSG00000020681,485,338,650,212,285,456
ENSMUSG00000096768,3927,5357,4786,2577,3734,3435
ENSMUSG00000107425,106,94,263,190,100,59
ENSMUSG00000038690,2171,1626,1197,638,1769,1656
ENSMUSG00000080971,16,25,6,4,19,24
ENSMUSG00000031825,11,6,39,55,13,10
ENSMUSG00000078365,3,4,15,24,1,1
ENSMUSG00000094509,350,127,76,77,150,143
ENSMUSG00000029093,251,274,68,72,312,373
ENSMUSG00000078783,35,25,17,15,18,16
ENSMUSG00000070933,0,0,6,20,0,0
ENSMUSG00000015247,822,644,281,165,661,656
ENSMUSG00000093979,161,106,59,41,181,142
ENSMUSG00000101389,125,113,118,50,145,141
ENSMUSG00000034116,9357,7863,3563,2697,8168,7443
ENSMUSG00000045288,14,21,28,38,24,20
ENSMUSG00000005779,3052,2203,1624,1000,2867,2481
ENSMUSG00000032415,132,106,167,98,124,111
ENSMUSG00000028073,1066,1121,713,537,1036,829
ENSMUSG00000093779,64,64,12,22,55,58
ENSMUSG00000037868,305,158,87,75,277,342
ENSMUSG00000064208,0,0,0,31,12,0
ENSMUSG00000042759,597,388,340,197,284,257
ENSMUSG00000032594,7140,7024,2419,1797,7749,6510
ENSMUSG00000014852,52,34,22,25,38,15
ENSMUSG00000019370,7080,4756,2787,1623,4429,4415
ENSMUSG00000038650,2849,2268,896,498,2764,2351
ENSMUSG00000002980,22,19,20,18,32,36
ENSMUSG00000031639,1177,754,211,111,447,352
ENSMUSG00000020317,16,12,10,5,13,3
ENSMUSG00000049800,1550,1470,603,432,1259,1204
ENSMUSG00000076621,345,348,183,206,163,151
ENSMUSG00000030365,4262,4103,926,810,5009,4649
ENSMUSG00000019817,5,4,22,34,2,4
ENSMUSG00000026192,3065,2405,2764,1936,2385,2114
ENSMUSG00000022494,0,1,6,11,0,0
ENSMUSG00000048142,90,79,50,35,80,75
ENSMUSG00000030654,8101,6058,2961,1680,6609,6099
ENSMUSG00000084063,44,43,119,85,43,43
ENSMUSG00000033949,386,385,138,120,465,369
ENSMUSG00000020712,58,44,161,128,43,41
ENSMUSG00000026806,1251,1063,1089,906,1116,949
ENSMUSG00000069919,8361,1506,497,433,1422,82405
ENSMUSG00000105147,0,0,33,19,0,1
ENSMUSG00000103735,48,58,26,1,30,29
ENSMUSG00000031376,4,8,16,26,4,2
ENSMUSG00000029053,394,353,106,101,289,213
ENSMUSG00000010755,1624,1315,1507,1177,1281,1143
ENSMUSG00000026755,9167,7210,2563,1558,8487,8486
ENSMUSG00000046743,24,25,35,29,43,37
ENSMUSG00000079104,2167,1721,1212,893,1692,1526
ENSMUSG00000032418,16,4,12,6,5,2
ENSMUSG00000027762,9,2,17,6,6,7
ENSMUSG00000089803,479,284,280,271,275,401
ENSMUSG00000086040,41,61,65,60,44,43
ENSMUSG00000026819,985,1009,394,314,1010,992
ENSMUSG00000026417,278,184,84,80,240,235
ENSMUSG00000035208,8241,6596,2164,1594,4922,8062
ENSMUSG00000022340,9,9,27,28,6,9
ENSMUSG00000021597,1746,1554,662,502,1751,1481
ENSMUSG00000074521,95,114,53,35,71,94
ENSMUSG00000056412,0,0,0,0,0,0
ENSMUSG00000028874,3026,2420,1611,744,2526,2304
ENSMUSG00000021880,4565,3228,1169,756,3784,4005
ENSMUSG00000050199,64,52,71,77,43,37
ENSMUSG00000056749,84,60,136,159,52,28
ENSMUSG00000060376,1206,918,490,288,1116,1213
ENSMUSG00000024855,2099,2148,781,497,2082,1799
ENSMUSG00000026185,3,2,11,13,4,4
ENSMUSG00000039670,206,153,447,313,156,143
ENSMUSG00000032572,17,20,45,28,21,24
ENSMUSG00000071528,1244,680,966,541,791,913
ENSMUSG00000076523,1540,963,1216,2527,1050,754
ENSMUSG00000081603,33,7,25,13,4,20
ENSMUSG00000083587,44,64,89,145,60,59
ENSMUSG00000073563,4710,4056,1460,1113,4412,4212
ENSMUSG00000071748,1222,1113,584,390,1324,1184
ENSMUSG00000104695,8,8,9,5,3,8
ENSMUSG00000024145,393,280,981,653,316,320
ENSMUSG00000029205,18,8,13,21,24,21
ENSMUSG00000095007,1104,670,298,200,414,363
ENSMUSG00000002396,1900,1734,715,445,1558,1373
ENSMUSG00000105275,41,30,14,3,22,21
ENSMUSG00000031976,1626,1394,1332,1020,1529,1427
ENSMUSG00000018040,2644,1948,2012,1460,2074,1905
ENSMUSG00000025270,1427,450,158,174,399,10033
ENSMUSG00000050730,186,217,109,109,229,171
ENSMUSG00000026407,272,163,136,110,74,69
ENSMUSG00000071516,3232,1537,979,703,2048,1945
ENSMUSG00000068758,191,207,118,83,162,173
ENSMUSG00000034940,4430,4343,1841,1376,4483,3913
ENSMUSG00000005615,1271,921,331,239,905,913
ENSMUSG00000016128,24,11,12,26,9,14
ENSMUSG00000108314,419,361,150,104,374,318
ENSMUSG00000010505,6,4,29,40,5,5
ENSMUSG00000048249,8957,7529,2629,2044,8801,8060
ENSMUSG00000028460,239,207,53,26,227,189
ENSMUSG00000036972,3,4,12,20,3,5
ENSMUSG00000021273,480,350,487,348,555,581
ENSMUSG00000051223,8839,6508,5446,3575,7532,6982
ENSMUSG00000070563,2,4,5,2,4,5
ENSMUSG00000044083,13,25,93,87,20,14
ENSMUSG00000024246,414,368,1036,774,326,300
ENSMUSG00000062078,6883,6086,2871,1878,6485,6198
ENSMUSG00000107066,26,26,18,27,25,13
ENSMUSG00000029413,2043,1522,426,321,1522,1291
ENSMUSG00000037579,11,3,14,8,17,20
ENSMUSG00000031502,259,278,206,155,361,437
ENSMUSG00000083043,65,77,24,31,83,53
ENSMUSG00000024774,36,6,4,4,8,1
ENSMUSG00000092572,70,30,29,18,52,57
ENSMUSG00000040666,76,82,178,210,86,61
ENSMUSG00000043943,66,49,62,49,53,60
ENSMUSG00000034810,14,24,12,20,42,4
ENSMUSG00000052212,234,71,29,42,21,22
ENSMUSG00000081926,0,0,0,0,0,0
ENSMUSG00000030167,141,107,44,58,242,101
ENSMUSG00000081254,0,64,0,0,49,45
ENSMUSG00000075270,42,38,114,106,51,33
ENSMUSG00000056737,7472,5970,4026,2394,6220,5612
ENSMUSG00000034648,22,14,6,8,19,41
ENSMUSG00000081111,4,15,11,7,7,0
ENSMUSG00000084106,328,196,260,248,222,200
ENSMUSG00000039954,55,60,26,27,48,40
ENSMUSG00000072675,11,8,5,1,3,12
ENSMUSG00000023333,113,136,365,496,143,79
ENSMUSG00000031785,79,55,244,132,66,91
ENSMUSG00000078897,252,164,110,94,169,167
ENSMUSG00000030659,1511,1088,479,321,1005,1014
ENSMUSG00000021265,101,96,51,25,98,101
ENSMUSG00000102418,556,392,173,81,302,218
ENSMUSG00000029312,144,167,193,138,150,104
ENSMUSG00000094622,217,4,7,114,3,0
ENSMUSG00000103297,54,31,14,13,42,51
ENSMUSG00000031666,4637,3906,7672,5689,3987,3536
ENSMUSG00000034640,2157,1931,701,408,1759,1609
ENSMUSG00000026437,88,68,96,96,63,63
ENSMUSG00000023044,462,487,171,117,508,380
ENSMUSG00000035397,711,579,237,168,636,579
ENSMUSG00000042901,4341,3624,1510,1025,3676,3760
ENSMUSG00000043496,61,92,54,58,72,63
ENSMUSG00000030417,954,648,785,432,648,686
ENSMUSG00000032496,1319,344,82,124,28,60
ENSMUSG00000055629,11,10,23,29,13,5
ENSMUSG00000078784,1396,936,1151,673,1066,1030
ENSMUSG00000024778,319,203,1431,1024,168,119
ENSMUSG00000090394,15861,13049,4255,3124,13797,12800
ENSMUSG00000099809,0,0,0,0,61,38
ENSMUSG00000022594,6219,4445,5014,2980,5439,6200
ENSMUSG00000028479,2044,1738,5360,3982,1569,1669
ENSMUSG00000028717,262,131,17,24,15,34
ENSMUSG00000057626,0,0,0,0,0,0
ENSMUSG00000026432,5,3,13,14,3,8
ENSMUSG00000026095,4443,3259,1533,1013,3341,3073
ENSMUSG00000083121,247,322,63,34,337,342
ENSMUSG00000104769,101,44,21,20,32,24
ENSMUSG00000022263,2637,2436,4256,3385,2307,2190
ENSMUSG00000051220,655,434,211,170,424,389
ENSMUSG00000025239,10066,8572,3122,2036,10269,9098
ENSMUSG00000090266,1928,1496,830,555,2021,1824
ENSMUSG00000044424,99,27,40,10,104,121
ENSMUSG00000027342,4910,3137,2497,1627,3255,3066
ENSMUSG00000042312,531,353,194,100,380,409
ENSMUSG00000034673,1720,1378,731,453,1594,1303
ENSMUSG00000061360,876,608,431,271,703,693
ENSMUSG00000005125,464,360,161,138,392,448
ENSMUSG00000024640,1075,702,764,480,592,581
ENSMUSG00000030798,27596,23489,10625,7099,23984,23075
ENSMUSG00000025893,221,208,85,55,209,176
ENSMUSG00000107068,1327,798,424,211,686,729
ENSMUSG00000039356,1760,1434,1516,1149,1521,1403
ENSMUSG00000030325,348,195,120,194,400,181
ENSMUSG00000030884,4887,3435,2766,1655,3608,3460
ENSMUSG00000062906,3062,2726,1048,702,3231,2814
ENSMUSG00000063157,39,39,10,17,18,35
ENSMUSG00000022865,94,81,195,238,83,115
ENSMUSG00000027663,999,1064,5175,3894,645,529
ENSMUSG00000053279,184,66,12,7,12,262
ENSMUSG00000024085,9078,8069,2937,1800,8018,7058
ENSMUSG00000059552,3813,3201,2899,2163,918,838
ENSMUSG00000075706,3236,2114,842,576,2422,2349
ENSMUSG00000069272,903,452,159,107,486,391
ENSMUSG00000031162,157,60,7,21,11,23
ENSMUSG00000041052,82,81,148,151,122,67
ENSMUSG00000064158,13,36,23,21,23,12
ENSMUSG00000033768,102,135,180,132,150,142
ENSMUSG00000106188,3,4,8,12,2,2
ENSMUSG00000033706,1609,1316,1953,1439,1428,1247
ENSMUSG00000093954,148,205,72,70,2288,1179
ENSMUSG00000013736,3973,3105,1552,1150,3315,3248
ENSMUSG00000006288,1876,1684,819,527,2084,1823
ENSMUSG00000082193,18,23,26,7,16,19
ENSMUSG00000036078,620,433,463,337,427,423
ENSMUSG00000034620,589,508,2469,1643,454,431
ENSMUSG00000044254,53,31,54,62,34,65
ENSMUSG00000022177,578,447,190,114,437,413
ENSMUSG00000028322,968,676,489,332,772,731
ENSMUSG00000041046,4,0,18,14,0,1
ENSMUSG00000057262,58,26,6,0,64,49
ENSMUSG00000045886,109,62,45,36,70,99
ENSMUSG00000009566,548,448,679,515,415,392
ENSMUSG00000108367,45,35,11,12,38,34
ENSMUSG00000034248,6899,5841,1137,799,6015,7446
ENSMUSG00000022125,1555,1155,451,307,1323,1240
ENSMUSG00000084113,7,12,9,2,13,11
ENSMUSG00000095294,6,10,0,3,4,0
ENSMUSG00000035713,345,319,135,92,382,270
ENSMUSG00000034617,1299,997,851,651,1136,1018
ENSMUSG00000036452,8545,8085,3132,2481,8197,6913
ENSMUSG00000041857,138,105,68,59,51,48
ENSMUSG00000008845,1665,1710,1451,512,1203,621
ENSMUSG00000043872,1316,1175,587,453,1159,999
ENSMUSG00000029759,579,413,274,202,219,171
ENSMUSG00000025086,877,769,1054,808,736,710
ENSMUSG00000020086,29,33,267,203,23,19
ENSMUSG00000032691,220,157,114,82,133,84
ENSMUSG00000028729,2381,1757,2148,1619,1914,1803
ENSMUSG00000091058,221,67,126,80,64,134
ENSMUSG00000055027,11,11,9,11,13,15
ENSMUSG00000027863,6582,5372,626,451,5903,5589
ENSMUSG00000059791,1793,1323,316,213,1686,1752
ENSMUSG00000109564,0,4,29,28,6,1
ENSMUSG00000043925,4,3,24,22,3,3
ENSMUSG00000022938,13,7,12,11,6,8
ENSMUSG00000000184,6380,4618,10513,7645,4400,4232
ENSMUSG00000025576,7,1,16,14,3,3
ENSMUSG00000042102,9,9,1,12,4,7
ENSMUSG00000083951,136,176,61,47,163,121
ENSMUSG00000040601,31,16,14,16,20,18
ENSMUSG00000098557,10806,9193,2561,1707,9533,9107
ENSMUSG00000048827,387,308,470,438,263,255
ENSMUSG00000038816,400,301,115,98,295,293
ENSMUSG00000044734,7211,5586,390,193,7439,7451
ENSMUSG00000033685,18269,15169,6867,4133,15612,16116
ENSMUSG00000034472,67,85,103,142,74,57
ENSMUSG00000070908,45,51,17,26,42,26
ENSMUSG00000061684,81,122,66,35,133,103
ENSMUSG00000049932,1816,933,535,307,920,797
ENSMUSG00000082279,59,69,37,23,73,56
ENSMUSG00000056290,2198,2018,899,761,2500,2101
ENSMUSG00000076487,14,7,15,7,15,1
ENSMUSG00000081309,97,109,58,64,85,90
ENSMUSG00000002660,775,602,532,415,640,558
ENSMUSG00000057469,447,308,227,144,287,266
ENSMUSG00000022867,7076,5523,2518,1863,5650,6095
ENSMUSG00000020627,23,31,61,56,51,29
ENSMUSG00000083282,76,86,32,26,78,78
ENSMUSG00000037716,1,0,4,14,0,0
ENSMUSG00000021596,286,255,121,87,285,201
ENSMUSG00000030257,599,521,279,242,426,297
ENSMUSG00000025350,256,202,86,60,196,205
ENSMUSG00000078773,131,95,60,39,71,50
ENSMUSG00000031494,50,26,26,21,117,95
ENSMUSG00000020154,296,255,208,129,342,430
ENSMUSG00000036412,40,54,17,16,43,22
ENSMUSG00000057751,3,7,18,25,16,6
ENSMUSG00000083107,4,1,11,13,0,1
ENSMUSG00000034239,0,0,17,23,0,0
ENSMUSG00000029848,20,11,37,48,29,15
ENSMUSG00000076432,6220,4679,3013,1957,4722,4238
ENSMUSG00000048924,1043,917,359,253,1059,991
ENSMUSG00000026833,85,60,30,30,59,39
ENSMUSG00000058355,8101,5723,6400,4513,5719,5298
ENSMUSG00000031860,183,179,44,34,160,150
ENSMUSG00000082149,268,266,133,91,310,244
ENSMUSG00000094120,0,0,5,11,0,0
ENSMUSG00000024793,43,64,43,47,69,18
ENSMUSG00000005103,20141,16104,7679,4956,18782,15751
ENSMUSG00000026971,118,93,211,263,91,75
ENSMUSG00000058126,24,15,38,13,27,33
ENSMUSG00000062284,27,40,51,41,39,25
ENSMUSG00000061479,1556,1114,1197,893,936,982
ENSMUSG00000017561,9164,8610,3052,2583,9506,8045
ENSMUSG00000043789,3,2,12,16,1,0
ENSMUSG00000072949,94,99,114,78,106,73
ENSMUSG00000096255,159,126,61,35,1228,1347
ENSMUSG00000040734,11,9,43,35,10,6
ENSMUSG00000007653,8,8,20,18,15,14
ENSMUSG00000026825,45,40,116,94,33,44
ENSMUSG00000017412,330,214,94,49,217,187
ENSMUSG00000050822,81,75,25,10,62,54
ENSMUSG00000025153,4636,4027,5098,3894,4390,3934
ENSMUSG00000032245,223,194,107,99,163,163
ENSMUSG00000050195,123,97,379,429,99,124
ENSMUSG00000019158,501,351,214,89,474,388
ENSMUSG00000004110,13589,14553,2926,2651,10377,9542
ENSMUSG00000083728,151,173,836,672,196,153
ENSMUSG00000025195,971,880,421,370,836,761
ENSMUSG00000022883,37,46,22,29,38,22
ENSMUSG00000022610,323,337,72,57,262,169
ENSMUSG00000079003,939,727,396,232,658,621
ENSMUSG00000038026,108,86,39,34,81,56
ENSMUSG00000036216,103,97,26,43,86,82
ENSMUSG00000046245,2011,1718,905,413,1240,1078
ENSMUSG00000021559,89,82,137,152,84,56
ENSMUSG00000029671,47,38,34,55,40,59
ENSMUSG00000036264,4,12,31,18,20,9
ENSMUSG00000081375,9,0,0,24,9,3
ENSMUSG00000064267,23800,19077,7860,7932,22394,21683
ENSMUSG00000001525,22108,14616,8528,4518,14218,13772
ENSMUSG00000015342,586,528,192,140,484,409
ENSMUSG00000069008,293,279,300,299,67,85
ENSMUSG00000031073,13,14,75,66,19,13
ENSMUSG00000042349,1714,1886,11434,8528,1311,722
ENSMUSG00000026824,20,11,13,14,15,10
ENSMUSG00000015854,7986,4921,5438,1572,3335,3549
ENSMUSG00000002658,2531,1742,2428,1832,1701,1618
ENSMUSG00000031310,1778,1556,643,427,1612,1416
ENSMUSG00000005320,6,9,15,12,18,3
ENSMUSG00000069607,123,112,65,34,104,118
ENSMUSG00000004655,525,273,14,15,25,80
ENSMUSG00000022634,575,432,196,132,485,442
ENSMUSG00000031969,236,203,1134,771,217,175
ENSMUSG00000028527,4,4,17,11,2,5
ENSMUSG00000046519,1993,1448,774,458,1496,1565
ENSMUSG00000045394,218,227,60,40,120,91
ENSMUSG00000037400,5652,5063,1956,1525,5642,4731
ENSMUSG00000000214,11,14,16,8,27,12
ENSMUSG00000007777,179,116,71,49,132,112
ENSMUSG00000076525,126,97,307,38,238,85
ENSMUSG00000031871,179,124,76,38,187,214
ENSMUSG00000028252,1484,1198,633,396,1327,1210
ENSMUSG00000056665,862,678,480,288,844,835
ENSMUSG00000027597,1527,1042,2517,1455,1331,1277
ENSMUSG00000016319,9412,5907,4837,2941,6378,6345
ENSMUSG00000023186,1350,966,460,326,900,758
ENSMUSG00000087181,85,106,37,22,100,96
ENSMUSG00000044279,126,101,32,21,111,83
ENSMUSG00000025201,0,0,14,0,0,0
ENSMUSG00000021286,186,122,254,160,143,143
ENSMUSG00000059657,37,8,20,20,2,5
ENSMUSG00000067370,408,274,152,100,333,336
ENSMUSG00000028803,3033,2723,958,732,2988,2592
ENSMUSG00000047368,3140,3146,667,440,3336,2927
ENSMUSG00000089960,7,8,13,13,2,4
ENSMUSG00000005973,520,340,405,343,315,337
ENSMUSG00000062585,9141,7416,2550,1707,8440,7245
ENSMUSG00000053137,2245,2387,515,300,2558,2024
ENSMUSG00000049086,568,429,239,127,350,377
ENSMUSG00000027615,5851,5685,1986,1469,6084,5200
ENSMUSG00000023147,421,364,172,124,395,319
ENSMUSG00000076530,22,17,5,3,17,14
ENSMUSG00000109228,3,5,8,8,2,7
ENSMUSG00000094075,3893,1366,4077,643,766,620
ENSMUSG00000000001,4751,3906,2011,1367,4128,3898
ENSMUSG00000025094,432,345,164,145,437,467
ENSMUSG00000059149,6002,5552,2519,1922,5790,5217
ENSMUSG00000034203,570,427,442,355,476,397
ENSMUSG00000063229,6476,4552,4407,2684,4922,4371
ENSMUSG00000059895,8884,7206,11855,8271,6884,6618
ENSMUSG00000099871,33,27,18,3,39,38
ENSMUSG00000046169,1965,2080,322,248,2633,2291
ENSMUSG00000001228,1685,932,552,278,824,794
ENSMUSG00000035575,2710,2148,2058,1567,2045,1952
ENSMUSG00000089929,1815,1334,2265,1430,1169,1232
ENSMUSG00000105096,329,223,92,74,111,115
ENSMUSG00000031659,15105,14397,3055,2192,15084,12611
ENSMUSG00000061540,295,259,122,92,292,348
ENSMUSG00000108086,0,0,20,14,0,1
ENSMUSG00000026940,2,6,10,19,2,7
ENSMUSG00000012017,22,16,102,75,33,8
ENSMUSG00000078588,10,9,13,20,8,4
ENSMUSG00000005220,67,43,19,30,40,65
ENSMUSG00000069306,14,7,3,7,3661,2733
ENSMUSG00000032965,134,119,99,79,112,140
ENSMUSG00000042558,1090,855,1715,1171,1038,915
ENSMUSG00000029781,83,64,60,29,73,65
ENSMUSG00000040747,22807,17986,4090,2279,20601,18179
ENSMUSG00000054446,1,2,4,35,1,1
ENSMUSG00000021175,659,456,461,334,430,389
ENSMUSG00000006127,3734,3403,1083,782,4498,5038
ENSMUSG00000102748,54,50,16,26,40,36
ENSMUSG00000022682,2622,2171,4405,3047,2141,2015
ENSMUSG00000028347,67,38,32,25,22,16
ENSMUSG00000030031,816,680,547,458,731,604
ENSMUSG00000040746,5077,4194,1994,1412,6697,6398
ENSMUSG00000066687,62,49,196,114,76,48
ENSMUSG00000020787,37,22,11,13,19,36
ENSMUSG00000023078,28,16,44,20,14,11
ENSMUSG00000080002,10,9,6,3,8,4
ENSMUSG00000028559,8590,6829,2626,1918,6659,6290
ENSMUSG00000040712,2110,2070,948,654,2049,1628
ENSMUSG00000064225,1501,1513,477,218,958,940
ENSMUSG00000025279,2270,1526,895,661,1426,1401
ENSMUSG00000003585,111,72,30,27,27,39
ENSMUSG00000026443,2,6,129,184,1,2
ENSMUSG00000030087,77,50,47,23,50,35
ENSMUSG00000041530,3628,3389,1789,1106,3653,3568
ENSMUSG00000061852,149,171,48,45,80,36
ENSMUSG00000021945,7218,6184,2485,1867,6577,5678
ENSMUSG00000093701,0,11,3,5,6,0
ENSMUSG00000019944,441,378,225,189,243,247
ENSMUSG00000090659,390,317,207,127,290,269
ENSMUSG00000081214,0,3,4,0,1,3
ENSMUSG00000091345,10,7,11,14,7,4
ENSMUSG00000029622,13958,10593,5744,3513,12290,11467
ENSMUSG00000103051,10,17,4,4,7,23
ENSMUSG00000031875,416,356,216,102,236,203
ENSMUSG00000095300,0,0,6,14,0,0
ENSMUSG00000024120,5158,4371,4437,3397,4549,4247
ENSMUSG00000036770,12,5,19,16,6,5
ENSMUSG00000003617,561,511,312,177,487,373
ENSMUSG00000027671,2170,1696,1230,842,1779,1607
ENSMUSG00000007613,3917,3254,1425,1101,3556,3172
ENSMUSG00000070923,3050,2419,880,554,2324,2135
ENSMUSG00000029298,10209,7531,3492,2699,8793,10044
ENSMUSG00000034442,695,498,425,299,406,456
ENSMUSG00000031197,2035,1683,662,405,1945,1739
ENSMUSG00000033644,38,43,168,213,29,20
ENSMUSG00000033732,10238,7844,8069,6527,8194,7698
ENSMUSG00000069255,588,510,210,135,601,531
ENSMUSG00000096726,5,13,7,4,4,6
ENSMUSG00000029322,10822,7448,936,770,7594,7103
ENSMUSG00000066315,4435,260,0,0,0,1786
ENSMUSG00000099041,334,343,94,62,211,179
ENSMUSG00000019857,1392,1287,630,357,1228,1151
ENSMUSG00000074577,89,61,44,37,70,65
ENSMUSG00000051154,2063,1447,4231,2862,1418,1485
ENSMUSG00000026154,243,206,82,41,238,145
ENSMUSG00000019768,396,424,203,165,343,326
ENSMUSG00000044770,3309,3366,1073,832,3611,3431
ENSMUSG00000045374,2960,2676,996,714,2970,2725
ENSMUSG00000028540,800,719,541,404,756,660
ENSMUSG00000002222,5315,4488,1988,1305,4728,4550
ENSMUSG00000024425,2222,1741,867,510,1664,1527
ENSMUSG00000028261,813,632,522,383,556,504
ENSMUSG00000078627,0,0,11,11,2,1
ENSMUSG00000073906,5,1,16,16,2,0
ENSMUSG00000109516,426,420,232,204,457,450
ENSMUSG00000021453,260,208,420,378,213,246
ENSMUSG00000046240,1,3,7,12,1,4
ENSMUSG00000004730,6883,5665,2213,1011,4444,3497
ENSMUSG00000045176,552,445,181,130,540,528
ENSMUSG00000033460,13,3,19,9,15,13
ENSMUSG00000025993,14233,10383,7453,2843,10516,7383
ENSMUSG00000022750,485,425,1352,907,504,488
ENSMUSG00000049299,1045,721,356,197,732,752
ENSMUSG00000011832,719,662,240,173,693,688
ENSMUSG00000039264,10012,9609,2061,1801,9783,7767
ENSMUSG00000022797,3333,2592,1179,1040,3128,3197
ENSMUSG00000094315,51,23,10,7,48,49
ENSMUSG00000005699,159,123,55,30,140,108
ENSMUSG00000024891,94,67,108,114,86,68
ENSMUSG00000106006,37,22,14,12,29,28
ENSMUSG00000029311,1632,1303,587,352,1119,999
ENSMUSG00000081094,44,23,75,52,88,36
ENSMUSG00000022372,9654,9070,3384,2978,8917,9788
ENSMUSG00000026956,1578,1269,476,290,1311,1328
ENSMUSG00000066902,6,8,0,11,4,17
ENSMUSG00000084314,27,14,13,10,18,18
ENSMUSG00000072693,0,0,0,0,0,0
ENSMUSG00000050014,47,34,56,44,27,24
ENSMUSG00000070873,182,216,138,50,98,133
ENSMUSG00000003809,790,594,3566,2472,642,535
ENSMUSG00000046722,7653,6240,2173,1439,7177,6863
ENSMUSG00000042608,1403,1251,579,388,1255,1091
ENSMUSG00000031245,471,285,222,135,227,232
ENSMUSG00000033294,903,702,508,384,708,728
ENSMUSG00000064356,46524,27999,17613,8946,23350,26939
ENSMUSG00000096458,112,57,29,41,58,78
ENSMUSG00000096549,20,27,17,0,15,21
ENSMUSG00000080917,43,33,23,15,71,40
ENSMUSG00000030616,142,148,184,240,165,72
ENSMUSG00000032026,1675,1074,1206,727,858,825
ENSMUSG00000070866,8,2,18,22,4,7
ENSMUSG00000064137,956,714,1007,958,566,701
ENSMUSG00000031657,1385,1084,821,676,1094,969
ENSMUSG00000021439,5,5,12,22,1,1
ENSMUSG00000083199,3,5,14,5,10,8
ENSMUSG00000032776,3076,2597,629,535,3641,3928
ENSMUSG00000058794,246,132,100,45,78,108
ENSMUSG00000103733,3,0,6,14,1,3
ENSMUSG00000080873,79,49,26,26,60,60
ENSMUSG00000040710,15638,14200,3475,2318,17110,14612
ENSMUSG00000072772,3176,2455,874,553,2732,2451
ENSMUSG00000043931,3367,2487,705,507,2233,1840
ENSMUSG00000068882,6777,4705,4831,3272,4564,4659
ENSMUSG00000030220,22519,16434,6959,4157,17061,16399
ENSMUSG00000033213,17,7,6,15,1,2
ENSMUSG00000101939,0,2,3960,977,16,0
ENSMUSG00000030579,3460,2384,1439,771,2577,2297
ENSMUSG00000070877,6,10,14,15,11,15
ENSMUSG00000074364,670,529,271,189,672,714
ENSMUSG00000023079,639,559,371,255,599,433
ENSMUSG00000014075,198,212,55,42,172,159
ENSMUSG00000000934,294,234,731,497,225,205
ENSMUSG00000062014,6032,5010,1670,1224,5800,5258
ENSMUSG00000010307,326,197,208,108,238,197
ENSMUSG00000090061,1,2,15,12,1,5
ENSMUSG00000040929,1653,1625,687,583,2040,1688
ENSMUSG00000058056,74,96,103,80,78,62
ENSMUSG00000000538,1220,1222,569,506,1341,1117
ENSMUSG00000050122,23,9,15,18,15,4
ENSMUSG00000022375,2,1,10,13,1,0
ENSMUSG00000079071,862,828,341,231,782,632
ENSMUSG00000025911,121,72,102,78,57,55
ENSMUSG00000017737,310,96,60,84,29,31
ENSMUSG00000034833,2950,2418,1089,844,2166,1720
ENSMUSG00000096617,13,0,5,0,8,22
ENSMUSG00000107836,10,6,12,16,4,6
ENSMUSG00000105103,42,51,5,15,37,17
ENSMUSG00000029763,5419,4860,24081,19373,4936,4181
ENSMUSG00000027800,76,61,32,42,70,94
ENSMUSG00000096464,1434,1528,454,420,565,906
ENSMUSG00000027858,785,597,147,89,709,609
ENSMUSG00000039813,111,119,199,134,109,119
ENSMUSG00000078452,18,21,26,13,22,21
ENSMUSG00000020589,3924,3101,1879,1229,2875,2335
ENSMUSG00000052584,37,31,7,8,36,41
ENSMUSG00000026585,262,211,89,61,204,175
ENSMUSG00000066363,1054,480,324,317,281,324
ENSMUSG00000024091,2777,2295,1322,907,2384,2228
ENSMUSG00000045215,7,11,16,25,29,9
ENSMUSG00000044034,10,19,5,5,11,5
ENSMUSG00000033124,1068,935,328,220,1055,940
ENSMUSG00000031125,17,43,9,18,27,84
ENSMUSG00000005952,1,0,6,14,0,0
ENSMUSG00000072721,86,72,47,82,174,33
ENSMUSG00000027684,21,18,38,50,14,17
ENSMUSG00000001768,264,248,191,86,184,223
ENSMUSG00000015291,4288,4136,1702,1241,4225,3580
ENSMUSG00000029632,1994,1371,1058,574,1588,1385
ENSMUSG00000053964,256,280,105,99,273,222
ENSMUSG00000028069,965,710,1854,1487,716,702
ENSMUSG00000070880,194,208,70,62,363,230
ENSMUSG00000035171,2591,2139,965,719,2505,2200
ENSMUSG00000001227,101,65,47,32,94,107
ENSMUSG00000035342,86,67,46,22,56,35
ENSMUSG00000024691,15664,11532,5531,3380,10893,10152
ENSMUSG00000033386,686,647,1577,1505,683,606
ENSMUSG00000025232,4350,3414,1640,918,2756,2472
ENSMUSG00000022466,832,641,513,351,610,623
ENSMUSG00000026770,297,266,838,713,349,388
ENSMUSG00000043017,42,22,32,18,39,29
ENSMUSG00000094491,149,116,45,45,86,56
ENSMUSG00000038060,130,182,236,224,162,131
ENSMUSG00000070337,12,12,67,80,14,11
ENSMUSG00000035934,4,5,16,17,6,3
ENSMUSG00000031955,22,14,26,19,28,19
ENSMUSG00000022571,497,378,250,192,427,378
ENSMUSG00000094006,1228,938,376,374,705,643
ENSMUSG00000027488,142,125,73,32,109,78
ENSMUSG00000030766,11551,10984,4342,2882,12802,11323
ENSMUSG00000101439,25,12,23,40,12,4
ENSMUSG00000078616,778,606,140,100,365,598
ENSMUSG00000023047,17,11,24,31,10,9
ENSMUSG00000107629,23,23,7,6,22,16
ENSMUSG00000102248,21,19,13,20,12,13
ENSMUSG00000074867,862,720,298,195,677,625
ENSMUSG00000036591,1647,1404,2482,1860,1147,1121
ENSMUSG00000047454,1285,1086,1733,1301,955,826
ENSMUSG00000040752,0,0,15,12,0,1
ENSMUSG00000060771,604,450,195,168,641,674
ENSMUSG00000021548,1282,992,541,381,1051,1027
ENSMUSG00000043644,156,129,52,38,169,167
ENSMUSG00000105204,5,9,4,6,32,18
ENSMUSG00000036678,1144,977,5560,3911,978,890
ENSMUSG00000092074,323,219,141,60,226,161
ENSMUSG00000023972,11,12,19,14,26,17
ENSMUSG00000044629,340,321,157,82,319,304
ENSMUSG00000004837,8687,7044,9332,6357,7780,6506
ENSMUSG00000041390,2506,1942,861,548,1575,1432
ENSMUSG00000016529,25,13,20,21,6,6
ENSMUSG00000037306,358,355,233,186,319,252
ENSMUSG00000041936,389,353,1590,1143,366,295
ENSMUSG00000038736,1043,738,717,477,746,709
ENSMUSG00000001029,2210,1937,684,483,2330,2185
ENSMUSG00000046321,407,270,300,141,169,162
ENSMUSG00000040957,53,37,79,123,35,31
ENSMUSG00000027589,2439,2440,735,591,2650,2346
ENSMUSG00000006411,162,133,317,247,138,136
ENSMUSG00000052180,3,1,11,17,3,1
ENSMUSG00000030788,2539,2150,989,660,2225,2040
ENSMUSG00000028684,1283,1028,433,301,1049,1099
ENSMUSG00000082896,17,5,13,3,9,16
ENSMUSG00000038242,71,50,41,46,38,25
ENSMUSG00000064299,1,6,18,18,4,5
ENSMUSG00000096265,6,0,20,6,0,0
ENSMUSG00000025006,249,231,127,85,280,228
ENSMUSG00000026586,88,116,203,212,136,77
ENSMUSG00000015880,876,398,191,86,359,269
ENSMUSG00000025083,33,35,35,19,61,25
ENSMUSG00000030785,94,118,44,27,97,87
ENSMUSG00000036273,35385,32079,10414,6595,30038,25276
ENSMUSG00000022863,211,140,145,148,140,105
ENSMUSG00000028670,1825,1455,769,480,1742,1383
ENSMUSG00000024985,514,502,355,211,354,266
ENSMUSG00000029699,76,61,33,12,79,80
ENSMUSG00000051502,102,89,118,86,64,67
ENSMUSG00000076939,5711,4351,1850,1244,5025,4735
ENSMUSG00000025504,18,11,21,13,4,11
ENSMUSG00000024245,15,13,9,5,13,7
ENSMUSG00000051682,2981,2047,1630,680,1677,1639
ENSMUSG00000034881,255,260,216,193,198,250
ENSMUSG00000028785,4,4,19,19,3,1
ENSMUSG00000038633,1715,1289,589,380,1375,1285
ENSMUSG00000098176,279,205,126,101,216,233
ENSMUSG00000096519,50,109,26636,56027,430,353
ENSMUSG00000025157,790,616,339,252,694,640
ENSMUSG00000082873,58,59,17,9,61,45
ENSMUSG00000027376,3,5,13,14,9,3
ENSMUSG00000059714,644,515,278,167,603,505
ENSMUSG00000096144,72,120,7,10,154,75
ENSMUSG00000042064,110,101,136,174,108,78
ENSMUSG00000023262,413,356,470,328,408,344
ENSMUSG00000026278,19,13,7,4,22,17
ENSMUSG00000049130,95,42,43,51,13,39
ENSMUSG00000010830,109,71,49,41,71,105
ENSMUSG00000060429,73,98,101,87,91,30
ENSMUSG00000051184,360,269,141,74,252,282
ENSMUSG00000034987,711,573,307,254,595,622
ENSMUSG00000109163,1,2,6,15,2,1
ENSMUSG00000082633,40,50,8,2,41,47
ENSMUSG00000024672,806,656,427,337,428,402
ENSMUSG00000032125,20,21,14,13,23,29
ENSMUSG00000025515,1,1,9,18,5,3
ENSMUSG00000024620,34,42,40,38,93,24
ENSMUSG00000034457,0,1,53,71,0,0
ENSMUSG00000027346,9223,8376,2699,2034,8847,8489
ENSMUSG00000041351,560,443,110,91,305,216
ENSMUSG00000108352,6,0,0,0,7,0
ENSMUSG00000027803,26,20,31,15,32,42
ENSMUSG00000014606,2588,2117,899,544,2286,2112
ENSMUSG00000028910,735,685,988,703,741,580
ENSMUSG00000084007,4,7,16,13,4,3
ENSMUSG00000037349,193,160,68,49,149,156
ENSMUSG00000076609,223516,165087,115990,112318,79959,81208
ENSMUSG00000021670,2899,2298,1969,1556,2519,2410
ENSMUSG00000083595,10,21,0,2,19,14
ENSMUSG00000033722,73,74,278,224,66,50
ENSMUSG00000061947,74,56,349,365,67,47
ENSMUSG00000024236,2462,2323,1497,1117,2410,2206
ENSMUSG00000030159,480,405,240,130,347,414
ENSMUSG00000050244,5977,5091,7068,5740,5168,4636
ENSMUSG00000060791,4088,3080,997,676,3666,3649
ENSMUSG00000058761,3181,2908,9220,6842,3384,2967
ENSMUSG00000044811,744,567,452,214,499,521
ENSMUSG00000045064,118,93,44,26,90,82
ENSMUSG00000020572,4195,2743,2763,2025,2501,2837
ENSMUSG00000079084,2340,1971,719,585,1780,1557
ENSMUSG00000049233,82,7,16,55,7,73
ENSMUSG00000094262,28,18,18,7,10,14
ENSMUSG00000056313,32,22,19,16,35,65
ENSMUSG00000019823,7173,6056,1332,863,6126,5519
ENSMUSG00000038011,16,11,95,155,9,7
ENSMUSG00000076652,1035,624,272,518,266,342
ENSMUSG00000080976,13,29,15,10,40,34
ENSMUSG00000026809,51,38,14,9,39,37
ENSMUSG00000035459,1722,1683,957,486,1723,1572
ENSMUSG00000055692,186,183,111,121,216,185
ENSMUSG00000005540,22407,19401,22227,13509,21639,19395
ENSMUSG00000033033,3554,3128,1806,1125,3124,2735
ENSMUSG00000022972,235,165,144,99,161,170
ENSMUSG00000018379,16354,13271,7816,5581,13138,12168
ENSMUSG00000022175,5818,5063,1918,1202,5609,5308
ENSMUSG00000034009,278,276,139,104,179,123
ENSMUSG00000078636,934,939,145,325,1449,814
ENSMUSG00000059647,0,0,71,0,28,0
ENSMUSG00000038550,107,93,103,81,97,109
ENSMUSG00000057335,7662,6464,2772,1971,7120,6665
ENSMUSG00000081660,19,18,3,7,19,11
ENSMUSG00000090634,1,1,10,17,0,0
ENSMUSG00000029925,1425,1178,670,448,1254,929
ENSMUSG00000096592,43,26,57,56,27,13
ENSMUSG00000096672,242,227,147,75,100,210
ENSMUSG00000002930,14,9,26,42,14,14
ENSMUSG00000034445,6291,5354,1756,1058,5762,5184
ENSMUSG00000005481,4676,3900,3034,2105,4431,3863
ENSMUSG00000095197,735,305,198,276,196,211
ENSMUSG00000029461,1866,2061,2265,1382,1837,1714
ENSMUSG00000021928,297,209,96,64,209,191
ENSMUSG00000041716,263,197,104,62,226,203
ENSMUSG00000024935,36,32,21,13,22,18
ENSMUSG00000096294,0,0,4,12,0,0
ENSMUSG00000047511,0,1,26,29,7,9
ENSMUSG00000032411,1845,1538,682,620,1625,2558
ENSMUSG00000063556,29,35,28,7,28,23
ENSMUSG00000089862,534,427,190,123,492,467
ENSMUSG00000103717,29,20,11,7,25,26
ENSMUSG00000022885,9805,9104,3199,2235,9470,8768
ENSMUSG00000020525,1356,1098,3448,2589,1153,1129
ENSMUSG00000060534,0,1,5,12,1,0
ENSMUSG00000032484,1291,290,83,112,35,60
ENSMUSG00000026688,129,84,17,10,63,75
ENSMUSG00000026023,347,289,796,881,418,327
ENSMUSG00000018677,1287,926,995,633,761,1681
ENSMUSG00000020561,2049,1491,1213,901,1620,1587
ENSMUSG00000018293,23641,17293,9360,5292,18830,19012
ENSMUSG00000039239,34,50,73,108,29,19
ENSMUSG00000045237,362,235,465,263,271,262
ENSMUSG00000030042,1555,1415,839,558,1600,1374
ENSMUSG00000032606,196,164,43,31,142,128
ENSMUSG00000046223,2100,1763,780,1165,1674,1356
ENSMUSG00000000359,14,15,12,12,32,18
ENSMUSG00000029516,783,579,301,213,419,403
ENSMUSG00000025480,0,1,3,3,2,14
ENSMUSG00000091123,0,0,0,0,0,0
ENSMUSG00000069274,1907,1021,362,168,1358,995
ENSMUSG00000030834,2,3,12,11,2,1
ENSMUSG00000051811,21,14,405,279,9,25
ENSMUSG00000030246,35,19,79,105,21,29
ENSMUSG00000035258,73,60,23,18,52,42
ENSMUSG00000042650,4497,3981,1708,1174,3814,3349
ENSMUSG00000083885,24,25,14,9,24,17
ENSMUSG00000031845,17,28,62,59,22,24
ENSMUSG00000058230,2510,2195,7544,5769,2534,2339
ENSMUSG00000067575,0,3,4,0,1,3
ENSMUSG00000098387,0,0,63,44,0,23
ENSMUSG00000036551,40,31,63,77,17,33
ENSMUSG00000029370,212,128,35,21,122,107
ENSMUSG00000067149,35826,27332,15262,16602,8154,7191
ENSMUSG00000043535,14723,12855,6046,4091,13956,12855
ENSMUSG00000019927,1750,1575,563,417,1499,1451
ENSMUSG00000086691,0,0,2,0,0,2
ENSMUSG00000095996,0,0,1,14,0,0
ENSMUSG00000023094,181,152,64,46,163,134
ENSMUSG00000015812,61,55,25,19,56,54
ENSMUSG00000026072,78,71,60,25,74,50
ENSMUSG00000045664,207,142,136,56,141,150
ENSMUSG00000013611,56,54,14,15,34,28
ENSMUSG00000039485,998,896,335,257,685,604
ENSMUSG00000056972,12,6,17,21,9,6
ENSMUSG00000030865,19,20,6,8,34,25
ENSMUSG00000021294,14,5,13,13,4,8
ENSMUSG00000045503,1892,1640,707,485,1803,1674
ENSMUSG00000055430,100,118,57,38,103,83
ENSMUSG00000020877,315,251,256,155,312,297
ENSMUSG00000025804,716,404,118,172,394,323
ENSMUSG00000083929,31,34,56,47,15,8
ENSMUSG00000002847,14,6,19,35,10,8
ENSMUSG00000011179,3966,2626,7195,4884,2249,2296
ENSMUSG00000053835,6761,5271,1528,1098,5482,6459
ENSMUSG00000005656,2412,1914,1008,680,2025,1787
ENSMUSG00000038508,33,11,65,53,7,28
ENSMUSG00000053158,1676,1296,582,368,1341,1276
ENSMUSG00000105021,8,4,33,38,7,10
ENSMUSG00000000617,152,132,244,158,82,76
ENSMUSG00000098000,64,55,46,34,52,58
ENSMUSG00000031893,42,46,10,9,68,65
ENSMUSG00000037649,8831,6479,2793,1529,7048,6330
ENSMUSG00000071203,1954,1707,839,522,1458,1043
ENSMUSG00000094796,491,308,101,62,441,559
ENSMUSG00000020186,254,167,76,59,261,312
ENSMUSG00000079339,1727,1108,128,100,1232,1561
ENSMUSG00000045348,15,5,15,14,12,12
ENSMUSG00000022270,4274,3644,1108,746,3969,3717
ENSMUSG00000024493,3457,2801,2780,2175,2983,2783
ENSMUSG00000032328,4493,3770,1279,1030,4069,3337
ENSMUSG00000050350,5238,4378,1798,1344,4238,3932
ENSMUSG00000041959,3218,2548,2183,1214,3140,2785
ENSMUSG00000101963,235,240,109,74,252,210
ENSMUSG00000047907,20,50,47,43,39,19
ENSMUSG00000030339,218,164,182,79,151,132
ENSMUSG00000091367,11,0,0,0,0,0
ENSMUSG00000024889,734,567,370,300,633,568
ENSMUSG00000029211,8,12,12,21,0,2
ENSMUSG00000073412,628,425,201,95,421,411
ENSMUSG00000026227,10,19,4,15,18,14
ENSMUSG00000001056,1411,872,1476,1054,984,818
ENSMUSG00000091199,206,224,118,71,103,71
ENSMUSG00000040998,40,31,46,38,68,34
ENSMUSG00000086123,13,18,18,4,24,16
ENSMUSG00000102364,260,355,84,58,75,135
ENSMUSG00000033589,754,605,276,198,613,551
ENSMUSG00000054672,98,67,65,55,34,16
ENSMUSG00000079508,142,146,287,166,153,69
ENSMUSG00000041642,15099,15648,4710,3920,16513,14860
ENSMUSG00000049760,1093,806,649,337,994,803
ENSMUSG00000076441,677,512,2473,1593,390,419
ENSMUSG00000071226,3293,2964,6131,4658,4365,4579
ENSMUSG00000096850,70,79,74,46,110,106
ENSMUSG00000001027,1486,1404,303,301,1352,1391
ENSMUSG00000070471,6,16,78,80,16,12
ENSMUSG00000002010,4197,3425,1803,1119,3584,3402
ENSMUSG00000081463,22,30,16,4,24,13
ENSMUSG00000059854,3,4,19,27,0,2
ENSMUSG00000015745,4322,3447,1169,714,4103,4017
ENSMUSG00000042351,4748,4207,1931,1389,4703,4150
ENSMUSG00000032258,305,288,289,221,312,312
ENSMUSG00000082165,17,7,14,8,8,8
ENSMUSG00000063447,65,78,19,15,103,63
ENSMUSG00000049588,1178,971,282,165,881,785
ENSMUSG00000033105,1322,1158,893,728,1376,1359
ENSMUSG00000040405,269,132,300,168,145,115
ENSMUSG00000056612,1091,696,1741,1091,694,792
ENSMUSG00000000399,1706,1266,757,517,1288,1198
ENSMUSG00000054383,70,48,27,14,67,97
ENSMUSG00000028644,966,577,311,292,331,308
ENSMUSG00000032116,5254,4192,2738,1803,3907,3861
ENSMUSG00000001036,260,235,107,91,212,197
ENSMUSG00000042506,2678,2230,1023,781,2408,2161
ENSMUSG00000062896,23,12,13,13,11,12
ENSMUSG00000007872,1512,1069,240,156,1676,2085
ENSMUSG00000072618,23,26,13,4,24,21
ENSMUSG00000082245,2,11,7,11,0,1
ENSMUSG00000046593,14,8,7,8,21,33
ENSMUSG00000020279,6845,6223,2263,1742,3920,2934
ENSMUSG00000041809,28,24,13,10,32,26
ENSMUSG00000094338,794,492,123,69,477,358
ENSMUSG00000081179,17,3,8,17,24,31
ENSMUSG00000039089,3055,2752,773,605,2462,2196
ENSMUSG00000074909,2522,2181,932,668,2277,1923
ENSMUSG00000084353,45,23,28,21,29,42
ENSMUSG00000020564,3180,3121,1079,769,2771,2490
ENSMUSG00000023020,732,630,263,170,694,667
ENSMUSG00000062209,0,0,5,16,0,0
ENSMUSG00000078907,4,1,9,21,3,1
ENSMUSG00000025732,49,21,18,12,38,22
ENSMUSG00000033467,1122,885,412,277,822,786
ENSMUSG00000000088,1461,1110,614,381,999,979
ENSMUSG00000042821,11,11,86,82,4,16
ENSMUSG00000035299,1688,2013,4022,3721,1785,2465
ENSMUSG00000051504,416,297,170,191,936,889
ENSMUSG00000015968,546,562,161,160,743,786
ENSMUSG00000036564,4,7,14,16,2,9
ENSMUSG00000042510,24,16,56,82,20,18
ENSMUSG00000025754,234,241,155,154,338,382
ENSMUSG00000062070,3712,2571,1899,985,3088,2606
ENSMUSG00000023952,4126,4022,1336,879,4123,3519
ENSMUSG00000018930,43,28,9,14,25,16
ENSMUSG00000071451,528,354,262,147,436,356
ENSMUSG00000028031,68,65,139,146,64,45
ENSMUSG00000076606,364,253,106,64,332,273
ENSMUSG00000027347,8649,7024,1251,840,8218,7983
ENSMUSG00000020375,2539,2102,977,686,2068,1978
ENSMUSG00000004113,62,56,114,129,63,62
ENSMUSG00000082596,85,91,35,15,90,75
ENSMUSG00000068299,262,242,101,69,258,212
ENSMUSG00000021737,2071,1493,1001,724,1678,1529
ENSMUSG00000008129,76,59,78,60,70,90
ENSMUSG00000023010,10842,8359,3995,2422,8158,7851
ENSMUSG00000075023,0,0,5,12,0,1
ENSMUSG00000039070,0,1,12,11,0,0
ENSMUSG00000105796,0,0,0,0,0,0
ENSMUSG00000083179,228,105,161,107,109,115
ENSMUSG00000032381,1300,1003,652,431,1205,1052
ENSMUSG00000056144,11805,10837,2486,1658,10423,10443
ENSMUSG00000019302,4031,3959,1008,635,3881,3556
ENSMUSG00000043800,2,2,5,6,5,3
ENSMUSG00000089996,5,14,2,2,21,18
ENSMUSG00000053198,34,30,19,22,38,36
ENSMUSG00000026313,2091,1904,8150,6415,1940,1695
ENSMUSG00000036853,783,653,138,108,458,445
ENSMUSG00000000244,8046,7458,2199,1603,7786,6706
ENSMUSG00000032254,815,459,210,114,364,328
ENSMUSG00000022914,30329,29666,10053,8437,33574,30181
ENSMUSG00000094102,1221,197,109,60,115,149
ENSMUSG00000026775,9012,7409,3450,2397,7548,6738
ENSMUSG00000029372,190,123,121,26,118,175
ENSMUSG00000081967,0,4,0,6,0,0
ENSMUSG00000078912,26,30,20,10,49,14
ENSMUSG00000079043,937,791,605,442,819,778
ENSMUSG00000078651,527,461,638,626,420,413
ENSMUSG00000031264,5469,5105,1804,1230,5836,5376
ENSMUSG00000099342,10,8,9,0,7,4
ENSMUSG00000026869,2441,1868,1072,780,1863,1728
ENSMUSG00000029027,735,619,1328,880,652,586
ENSMUSG00000026883,479,396,469,273,461,409
ENSMUSG00000037536,748,623,1297,890,636,589
ENSMUSG00000023940,260,126,56,44,107,131
ENSMUSG00000037129,78,92,39,38,71,56
ENSMUSG00000043155,22,18,9,6,15,23
ENSMUSG00000040280,10,2,6,3,11,5
ENSMUSG00000006179,53,34,13,13,38,23
ENSMUSG00000073468,1876,1800,842,569,2301,1825
ENSMUSG00000090247,1020,808,319,183,923,785
ENSMUSG00000019796,95,62,218,188,67,61
ENSMUSG00000046688,1378,1129,396,246,1333,1539
ENSMUSG00000025868,833,589,298,148,580,655
ENSMUSG00000048368,12,22,2,6,13,8
ENSMUSG00000003604,613,540,691,521,465,413
ENSMUSG00000062312,141,125,47,23,137,76
ENSMUSG00000030609,1726,1539,9986,7470,1506,1438
ENSMUSG00000030427,537,428,80,53,487,400
ENSMUSG00000031390,730,807,141,123,849,615
ENSMUSG00000020021,1809,1748,658,474,1408,1455
ENSMUSG00000096544,2378,2011,8050,5488,1964,2414
ENSMUSG00000044052,23,20,12,8,7,5
ENSMUSG00000029352,20,21,26,25,32,13
ENSMUSG00000027937,1709,1356,865,636,1424,1423
ENSMUSG00000007458,7615,5730,4257,2731,5773,5365
ENSMUSG00000038932,1,0,7,11,2,2
ENSMUSG00000023988,1039,789,930,768,848,827
ENSMUSG00000071657,1731,1428,2379,1780,1489,1336
ENSMUSG00000045636,257,129,115,106,106,84
ENSMUSG00000020432,1377,1264,886,478,835,861
ENSMUSG00000075064,0,0,0,18,0,0
ENSMUSG00000029657,2123,1662,1317,932,1877,1234
ENSMUSG00000025357,8344,8714,3156,2570,9065,6984
ENSMUSG00000022661,1470,1392,500,372,1558,1680
ENSMUSG00000020873,1190,907,557,382,849,742
ENSMUSG00000021493,740,644,214,173,628,519
ENSMUSG00000031166,1351,1343,465,283,1376,1107
ENSMUSG00000061751,386,328,191,193,413,341
ENSMUSG00000020897,488,355,142,78,364,369
ENSMUSG00000029178,7234,7252,1920,1287,7321,6475
ENSMUSG00000058325,268,214,185,99,278,170
ENSMUSG00000003153,2386,2108,726,643,1918,1866
ENSMUSG00000024726,1004,781,447,208,750,699
ENSMUSG00000081221,53,9,11,6,28,18
ENSMUSG00000019952,1115,969,345,247,957,981
ENSMUSG00000050761,15,3,19,3,6,9
ENSMUSG00000078087,7432,2031,3251,3311,1756,5376
ENSMUSG00000063065,855,576,209,133,706,700
ENSMUSG00000089768,61,52,14,16,87,43
ENSMUSG00000047793,564,768,192,131,665,366
ENSMUSG00000078931,284,234,154,111,279,242
ENSMUSG00000094051,936,167,116,169,112,178
ENSMUSG00000068246,20,13,11,7,9,8
ENSMUSG00000050796,357,296,293,204,336,367
ENSMUSG00000037855,39,73,2302,1597,45,69
ENSMUSG00000006313,6,2,14,14,7,6
ENSMUSG00000022108,21917,16531,8732,4524,13300,12713
ENSMUSG00000091155,62,44,16,21,57,54
ENSMUSG00000087520,113,130,36,22,115,100
ENSMUSG00000085787,359,237,288,196,189,250
ENSMUSG00000093963,12,25,5,18,8,1
ENSMUSG00000020547,2072,1370,1914,1376,1346,1170
ENSMUSG00000003070,9,8,7,10,6,2
ENSMUSG00000072568,1005,952,248,180,746,760
ENSMUSG00000032050,4781,3942,2738,2095,4032,4110
ENSMUSG00000038080,1920,1614,1168,737,1730,1789
ENSMUSG00000001420,66,42,77,61,43,59
ENSMUSG00000002699,2870,2350,1515,1007,1934,1493
ENSMUSG00000006587,17,16,195,164,27,13
ENSMUSG00000053297,23,51,23,20,24,22
ENSMUSG00000074506,434,293,211,107,305,373
ENSMUSG00000027324,506,438,850,641,411,381
ENSMUSG00000038910,7727,6691,2845,1972,7439,6655
ENSMUSG00000028528,31,14,16,20,4,8
ENSMUSG00000036168,127,104,73,67,104,105
ENSMUSG00000020462,1092,752,330,253,764,719
ENSMUSG00000074203,18,21,18,6,34,11
ENSMUSG00000020847,263,297,89,73,265,261
ENSMUSG00000031512,11,10,28,41,7,4
ENSMUSG00000033610,444,443,166,92,429,355
ENSMUSG00000051319,216,157,112,76,196,187
ENSMUSG00000098104,21,29,35,54,19,20
ENSMUSG00000107724,523,383,82,68,326,393
ENSMUSG00000030147,90,70,57,23,57,55
ENSMUSG00000031578,3079,2328,2825,2327,2369,2448
ENSMUSG00000073008,5593,5214,1503,1096,5527,5103
ENSMUSG00000041355,1990,1330,976,606,1314,1315
ENSMUSG00000099647,141,107,33,42,83,88
ENSMUSG00000091649,2006,1262,589,344,1187,1465
ENSMUSG00000093867,45,34,74,90,28,43
ENSMUSG00000020834,39,41,32,18,35,26
ENSMUSG00000057945,47,53,24,18,71,49
ENSMUSG00000047911,1,4,12,14,3,3
ENSMUSG00000098111,15,43,7,5,20,22
ENSMUSG00000092358,19,9,7,3,14,14
ENSMUSG00000096824,3,10,4,4,3,16
ENSMUSG00000067455,1015,559,232,112,809,630
ENSMUSG00000029863,3985,3228,1423,983,3597,3624
ENSMUSG00000095127,2864,2177,952,1163,988,917
ENSMUSG00000002580,1016,629,421,230,631,708
ENSMUSG00000087376,0,2,4,12,1,2
ENSMUSG00000031231,2363,1623,1401,821,1723,1707
ENSMUSG00000094870,2828,2291,1729,1345,2512,2447
ENSMUSG00000028953,2555,1859,2158,1699,2045,1854
ENSMUSG00000026837,96,109,68,54,125,46
ENSMUSG00000054293,1485,1358,275,191,1615,1535
ENSMUSG00000038264,1650,1161,838,1027,805,617
ENSMUSG00000100033,12,13,15,11,16,10
ENSMUSG00000081953,122,158,169,162,80,129
ENSMUSG00000102566,1,0,19,36,0,1
ENSMUSG00000029338,1580,1238,403,337,1845,1539
ENSMUSG00000040396,2248,1834,951,681,1971,1841
ENSMUSG00000034327,791,725,321,239,826,686
ENSMUSG00000042265,147,99,49,71,73,64
ENSMUSG00000059142,2288,1933,728,519,2012,1876
ENSMUSG00000049235,0,0,0,14,0,0
ENSMUSG00000064210,4431,3776,1800,1080,3944,3582
ENSMUSG00000028927,857,671,272,310,814,699
ENSMUSG00000090408,35,28,66,88,47,23
ENSMUSG00000015013,612,508,240,132,491,473
ENSMUSG00000049350,21,20,6,27,32,15
ENSMUSG00000062619,306,224,225,139,253,273
ENSMUSG00000053799,3935,3119,1378,909,3293,3182
ENSMUSG00000046865,2417,1605,3835,2568,1590,1640
ENSMUSG00000076501,2214,1109,736,474,873,1133
ENSMUSG00000021482,761,569,335,192,559,515
ENSMUSG00000031387,561,400,271,151,447,428
ENSMUSG00000022766,141,136,43,33,173,123
ENSMUSG00000037062,6680,5169,2350,1680,4939,5459
ENSMUSG00000105432,67,106,19,15,49,67
ENSMUSG00000025648,1099,920,308,200,1080,925
ENSMUSG00000026341,25717,21845,9978,6528,24365,21787
ENSMUSG00000059743,669,471,495,318,701,749
ENSMUSG00000023025,6959,5473,3305,2585,5774,5387
ENSMUSG00000042993,39,51,17,11,58,27
ENSMUSG00000035394,118,110,203,215,94,87
ENSMUSG00000031453,16231,14930,3115,2287,15740,14654
ENSMUSG00000069083,17,19,35,0,0,0
ENSMUSG00000086965,89,55,320,263,54,61
ENSMUSG00000030313,9867,8743,2389,1717,8658,8378
ENSMUSG00000003363,3828,3191,1643,860,2326,2150
ENSMUSG00000059713,422,359,177,122,399,355
ENSMUSG00000029581,195,109,81,50,125,181
ENSMUSG00000040061,5716,5163,1734,1406,5719,5094
ENSMUSG00000027834,1342,1112,356,269,1064,983
ENSMUSG00000049410,14,14,6,10,20,4
ENSMUSG00000041649,188,191,49,46,142,114
ENSMUSG00000043391,169,103,77,41,87,82
ENSMUSG00000057706,310,248,61,45,298,262
ENSMUSG00000000563,5914,4096,3062,1840,4291,4068
ENSMUSG00000083244,14,17,1,2,24,25
ENSMUSG00000026637,8522,8148,4224,3890,8359,6955
ENSMUSG00000074093,86,49,20,9,58,37
ENSMUSG00000013629,2551,2312,14579,10363,2126,1888
ENSMUSG00000026027,1064,935,299,206,997,1099
ENSMUSG00000026175,16,12,40,49,22,23
ENSMUSG00000027999,490,414,631,441,331,336
ENSMUSG00000060989,19,26,28,26,7,24
ENSMUSG00000020669,52,40,111,93,63,62
ENSMUSG00000017830,1718,1228,527,360,1081,1374
ENSMUSG00000045948,480,318,312,185,349,327
ENSMUSG00000025492,644,391,341,188,367,486
ENSMUSG00000078945,1843,1521,730,469,1232,1066
ENSMUSG00000042099,215,162,2734,1963,195,245
ENSMUSG00000027722,2374,2035,2345,1998,2263,2077
ENSMUSG00000025781,5882,3956,2727,1697,4587,4142
ENSMUSG00000060216,2474,2240,823,541,2151,1765
ENSMUSG00000058932,23,11,0,0,0,0
ENSMUSG00000021193,2513,1819,2217,1582,1686,1652
ENSMUSG00000049988,654,509,304,122,438,382
ENSMUSG00000021490,13,8,11,3,9,7
ENSMUSG00000003199,1807,1422,599,369,1665,1472
ENSMUSG00000050912,18339,13484,9191,5667,14231,14246
ENSMUSG00000041515,16789,13216,5497,3955,14601,13940
ENSMUSG00000070283,558,418,153,89,423,437
ENSMUSG00000040323,133,117,44,27,130,132
ENSMUSG00000021359,140,199,522,582,176,172
ENSMUSG00000046449,3,4,22,21,3,4
ENSMUSG00000041220,345,291,246,222,342,285
ENSMUSG00000020704,1,0,10,12,3,1
ENSMUSG00000084231,132,104,48,38,126,95
ENSMUSG00000032783,95,52,28,21,36,34
ENSMUSG00000018428,102,62,951,683,82,57
ENSMUSG00000107951,40,12,36,8,29,23
ENSMUSG00000083167,23,17,38,41,23,14
ENSMUSG00000026211,7,17,13,21,16,3
ENSMUSG00000101066,9,21,21,22,18,11
ENSMUSG00000021171,4437,4096,1547,1220,4496,3633
ENSMUSG00000038843,3067,2612,895,529,2559,2404
ENSMUSG00000037820,3534,2684,1626,852,1790,2070
ENSMUSG00000090225,150,104,69,36,90,81
ENSMUSG00000103823,18,6,11,0,18,6
ENSMUSG00000024989,427,185,106,45,162,176
ENSMUSG00000022241,2518,1887,1958,1411,1726,1714
ENSMUSG00000031451,135,90,104,59,67,66
ENSMUSG00000023902,1,6,11,13,2,2
ENSMUSG00000033036,112,70,4,11,71,108
ENSMUSG00000001604,59,42,24,8,37,36
ENSMUSG00000042903,1347,1208,561,429,1204,1212
ENSMUSG00000025246,3985,3208,1802,1208,3597,3540
ENSMUSG00000071540,79,59,46,47,67,74
ENSMUSG00000025133,4569,3848,1464,1045,4301,3838
ENSMUSG00000007033,122,92,88,55,75,78
ENSMUSG00000036223,119,55,27,14,60,31
ENSMUSG00000024078,1088,926,1340,995,1057,917
ENSMUSG00000034437,21,18,225,178,67,0
ENSMUSG00000034484,18416,15049,6435,4055,16748,16335
ENSMUSG00000046080,291,210,88,75,363,276
ENSMUSG00000034601,1791,1534,668,470,1678,1458
ENSMUSG00000022197,1117,1096,864,694,1065,1206
ENSMUSG00000044309,697,517,108,97,880,917
ENSMUSG00000038801,0,0,7,18,2,1
ENSMUSG00000043419,118,73,42,21,99,86
ENSMUSG00000018604,3,5,17,20,4,7
ENSMUSG00000026986,10,7,15,6,3,8
ENSMUSG00000050445,51,42,16,6,28,16
ENSMUSG00000001774,2779,2161,1486,1053,2138,1827
ENSMUSG00000026042,32,32,38,27,59,19
ENSMUSG00000029059,424,294,189,85,316,277
ENSMUSG00000032462,439,323,255,180,339,279
ENSMUSG00000028051,46,59,257,183,47,39
ENSMUSG00000058743,6,0,26,20,2,6
ENSMUSG00000054509,4800,4689,2180,1653,4449,3738
ENSMUSG00000029797,111,133,93,77,98,63
ENSMUSG00000076605,780,557,286,233,501,432
ENSMUSG00000089775,8,15,10,14,25,18
ENSMUSG00000024528,859,669,796,695,646,658
ENSMUSG00000020423,9517,7588,6797,4813,7769,8160
ENSMUSG00000032554,9946,10133,4011,1540,8580,5890
ENSMUSG00000031842,243,270,167,137,312,321
ENSMUSG00000020593,983,924,4524,3279,787,668
ENSMUSG00000069633,879,891,396,385,809,828
ENSMUSG00000022673,2933,1979,1018,556,1704,1573
ENSMUSG00000026478,1747,1618,1719,1093,1450,1392
ENSMUSG00000004328,237,206,98,99,196,173
ENSMUSG00000052658,75,44,18,15,57,65
ENSMUSG00000061410,81,88,52,47,94,84
ENSMUSG00000014361,3138,3067,1935,879,2312,2228
ENSMUSG00000037416,26933,23262,7077,5083,27171,25788
ENSMUSG00000049832,71,42,54,35,78,70
ENSMUSG00000005580,197,193,68,34,162,106
ENSMUSG00000000056,2473,2011,592,385,2336,2258
ENSMUSG00000032715,25,14,14,13,19,12
ENSMUSG00000014543,35,19,8,8,46,41
ENSMUSG00000074896,1988,1265,459,383,1173,2036
ENSMUSG00000001305,1000,740,1428,1302,789,820
ENSMUSG00000038578,6153,5497,1399,770,6362,6429
ENSMUSG00000049124,1062,803,556,314,885,667
ENSMUSG00000048087,407,349,1190,689,217,217
ENSMUSG00000069925,20,31,50,49,23,13
ENSMUSG00000039031,1134,923,232,143,938,752
ENSMUSG00000021796,73,70,41,35,41,30
ENSMUSG00000024785,892,656,1036,903,619,600
ENSMUSG00000032332,6,6,31,31,16,10
ENSMUSG00000023216,559,325,118,129,216,484
ENSMUSG00000082432,46,58,417,479,80,40
ENSMUSG00000100344,1,3,9,11,3,1
ENSMUSG00000028741,955,728,1099,864,865,759
ENSMUSG00000021595,4933,3661,4825,3700,3847,3728
ENSMUSG00000020131,54,35,41,33,45,49
ENSMUSG00000052534,519,470,306,248,384,325
ENSMUSG00000036928,158,118,189,156,154,196
ENSMUSG00000036817,2684,2422,1042,764,2628,2280
ENSMUSG00000094708,0,0,0,0,0,0
ENSMUSG00000022596,260,218,144,81,223,213
ENSMUSG00000036814,24,22,5,10,11,6
ENSMUSG00000083745,173,206,59,36,244,221
ENSMUSG00000033470,46,48,28,30,20,15
ENSMUSG00000096780,460,420,250,211,1048,869
ENSMUSG00000082321,63,37,48,61,26,19
ENSMUSG00000079225,1958,1173,1734,1361,1426,1487
ENSMUSG00000030165,211,169,82,115,379,174
ENSMUSG00000029387,1224,994,913,650,1083,961
ENSMUSG00000027018,1616,1077,873,617,1050,1033
ENSMUSG00000071771,46,37,28,14,47,45
ENSMUSG00000081787,4,3,5,0,3,4
ENSMUSG00000074211,630,502,1554,1157,458,536
ENSMUSG00000104422,74,77,223,43,43,31
ENSMUSG00000038034,780,665,387,205,588,585
ENSMUSG00000029055,10,12,64,46,12,16
ENSMUSG00000049551,5,3,13,9,9,13
ENSMUSG00000031861,964,773,246,183,877,767
ENSMUSG00000056515,1053,714,318,184,765,768
ENSMUSG00000054079,2090,1582,1786,1419,1600,1607
ENSMUSG00000024359,7311,5083,7864,5862,5257,5037
ENSMUSG00000032239,2451,1668,912,635,1819,1855
ENSMUSG00000024054,21401,18404,5924,4420,18365,18762
ENSMUSG00000014907,345,255,230,154,250,238
ENSMUSG00000024334,6160,4588,1223,764,4563,4415
ENSMUSG00000030870,3430,3156,1835,1317,3090,2523
ENSMUSG00000092035,23,17,11,4,22,23
ENSMUSG00000030393,105,55,37,49,123,101
ENSMUSG00000025014,31,19,7,12,52,52
ENSMUSG00000025240,2295,1878,823,490,1753,1667
ENSMUSG00000098428,243,161,116,57,76,109
ENSMUSG00000029149,340,364,106,64,315,310
ENSMUSG00000021624,15821,12154,2296,1340,13055,11669
ENSMUSG00000013822,962,703,372,225,777,866
ENSMUSG00000044814,11,16,33,21,9,15
ENSMUSG00000031698,56,35,27,14,40,36
ENSMUSG00000066362,0,24,16,10,24,7
ENSMUSG00000091898,194,185,456,491,179,170
ENSMUSG00000055271,122,97,31,25,91,98
ENSMUSG00000069911,5733,6448,2478,1796,6264,5031
ENSMUSG00000098900,47,31,25,21,34,20
ENSMUSG00000001663,32,17,22,13,5,6
ENSMUSG00000021263,1485,1533,467,297,1374,1113
ENSMUSG00000033114,570,491,188,147,470,393
ENSMUSG00000082693,15,5,5,8,19,3
ENSMUSG00000042156,176,164,754,709,131,54
ENSMUSG00000078435,907,889,280,235,959,800
ENSMUSG00000094420,6984,4029,2455,2653,2053,1941
ENSMUSG00000081715,8,8,30,33,6,3
ENSMUSG00000037405,3019,2378,6991,5336,2333,2226
ENSMUSG00000027496,420,222,115,63,154,197
ENSMUSG00000037851,3984,3083,4411,3202,3231,2920
ENSMUSG00000022757,1448,980,622,393,1054,951
ENSMUSG00000003484,3736,3175,577,405,3424,3158
ENSMUSG00000020806,2859,2682,2665,1968,2780,2610
ENSMUSG00000104452,1109,1088,383,334,1044,841
ENSMUSG00000000532,1509,1367,576,412,1491,1330
ENSMUSG00000033633,100,117,35,45,129,106
ENSMUSG00000031258,1172,1148,7025,8504,1146,1001
ENSMUSG00000096150,414,1047,135,122,214,234
ENSMUSG00000005583,33578,27637,10498,6689,31084,30325
ENSMUSG00000024099,2326,1638,1393,838,1768,1617
ENSMUSG00000051985,5,4,18,28,1,8
ENSMUSG00000020823,1344,1189,606,401,1181,1110
ENSMUSG00000040463,6304,5023,10518,8175,4595,4519
ENSMUSG00000101111,6123,10465,946,770,10482,12623
ENSMUSG00000030114,46,33,11,17,22,18
ENSMUSG00000058818,6553,5438,2628,1404,5667,4849
ENSMUSG00000091277,39,37,25,11,52,40
ENSMUSG00000018634,3,15,10,16,7,9
ENSMUSG00000058492,14,10,0,0,0,9
ENSMUSG00000006906,527,493,396,322,530,406
ENSMUSG00000028517,860,742,445,263,727,716
ENSMUSG00000037049,1008,728,287,164,841,796
ENSMUSG00000025869,858,625,874,630,780,708
ENSMUSG00000061390,15,10,10,3,27,0
ENSMUSG00000028837,1711,1164,1198,807,1181,1177
ENSMUSG00000055546,603,418,336,164,456,586
ENSMUSG00000036315,941,641,356,263,656,609
ENSMUSG00000070777,59,82,116,115,95,73
ENSMUSG00000040078,658,516,403,293,398,368
ENSMUSG00000047180,5454,4968,1425,1337,5711,5090
ENSMUSG00000076672,4471,2643,2917,1627,1237,1482
ENSMUSG00000045039,142,176,109,74,172,115
ENSMUSG00000095526,0,3,4,0,1,3
ENSMUSG00000015027,1387,1193,328,271,1202,1246
ENSMUSG00000072676,114,89,32,13,271,224
ENSMUSG00000029875,2,3,14,13,1,2
ENSMUSG00000024193,2785,2615,724,535,2721,2098
ENSMUSG00000044006,9,2,12,16,3,1
ENSMUSG00000092181,36,41,18,10,51,27
ENSMUSG00000024378,1021,807,449,348,954,852
ENSMUSG00000031139,56,53,28,11,52,27
ENSMUSG00000023132,966,462,254,275,714,319
ENSMUSG00000022900,254,187,132,210,221,191
ENSMUSG00000033952,1185,641,350,358,427,403
ENSMUSG00000108218,1138,1072,441,415,1225,1045
ENSMUSG00000018983,2789,2186,551,331,2718,3043
ENSMUSG00000026580,44,41,20,13,53,42
ENSMUSG00000081991,3,2,10,25,0,2
ENSMUSG00000029552,2684,2353,1080,770,2386,2072
ENSMUSG00000030688,972,804,350,243,637,629
ENSMUSG00000046971,7,11,10,24,17,6
ENSMUSG00000107733,494,394,996,768,493,414
ENSMUSG00000021640,56,41,15,17,29,55
ENSMUSG00000022439,6150,4812,2233,1303,5443,4971
ENSMUSG00000020684,3,1,10,17,4,3
ENSMUSG00000037552,3568,3411,553,363,3665,2897
ENSMUSG00000020527,458,449,836,692,443,378
ENSMUSG00000031636,61,62,24,41,76,60
ENSMUSG00000019467,27,42,25,26,32,9
ENSMUSG00000084010,6,0,8,12,0,3
ENSMUSG00000098076,8,2,6,0,3,2
ENSMUSG00000033186,1385,1203,508,370,1330,1183
ENSMUSG00000043773,497,293,127,110,385,427
ENSMUSG00000021194,5,9,22,16,4,5
ENSMUSG00000004642,3518,2841,1409,993,2945,2606
ENSMUSG00000098241,28,27,7,5,27,15
ENSMUSG00000028693,3444,2545,2554,1914,2761,2480
ENSMUSG00000046761,58,53,166,121,68,31
ENSMUSG00000083287,107,1,96,61,21,16
ENSMUSG00000023067,35,37,3327,2233,20,13
ENSMUSG00000036114,390,307,156,135,387,366
ENSMUSG00000021645,637,539,505,397,534,537
ENSMUSG00000038000,1081,788,368,268,935,985
ENSMUSG00000092261,79,98,25,8,98,75
ENSMUSG00000068854,669,563,205,146,598,610
ENSMUSG00000026958,1023,864,407,223,859,749
ENSMUSG00000106327,1,0,23,32,1,0
ENSMUSG00000034832,7366,7670,3740,3037,8517,6862
ENSMUSG00000029838,12,16,12,17,12,5
ENSMUSG00000040033,5413,4303,1985,1311,3787,3823
ENSMUSG00000021708,585,493,238,199,298,290
ENSMUSG00000037418,54,24,27,13,19,51
ENSMUSG00000022015,24,9,8,5,24,13
ENSMUSG00000091318,91,101,114,118,84,87
ENSMUSG00000030407,436,379,1867,1337,362,336
ENSMUSG00000101236,247,87,168,152,73,117
ENSMUSG00000094105,0,0,9,11,1,0
ENSMUSG00000022186,3766,2620,972,537,2223,1988
ENSMUSG00000029633,11,13,16,51,5,6
ENSMUSG00000083405,184,102,51,31,110,106
ENSMUSG00000071708,2761,2393,1529,1113,2737,2576
ENSMUSG00000040140,3,1,13,12,1,3
ENSMUSG00000039686,3138,2999,1265,885,3214,2906
ENSMUSG00000030638,5,7,14,26,5,1
ENSMUSG00000076548,103,70,51,23,86,74
ENSMUSG00000082082,27,12,8,8,12,24
ENSMUSG00000083396,471,506,264,228,414,253
ENSMUSG00000089958,16,16,6,2,24,23
ENSMUSG00000044285,2040,875,1364,780,947,1446
ENSMUSG00000025613,6077,4399,4885,3461,4209,4053
ENSMUSG00000022517,4977,4515,1201,758,4919,4428
ENSMUSG00000015575,2906,2292,1105,743,2523,2195
ENSMUSG00000031103,6053,5547,2665,1904,5548,4700
ENSMUSG00000050232,217,105,66,22,135,74
ENSMUSG00000015957,1,5,20,14,2,2
ENSMUSG00000046408,60,56,38,15,60,58
ENSMUSG00000032741,974,999,334,360,954,877
ENSMUSG00000034563,2091,1637,1065,786,1459,1228
ENSMUSG00000024942,3082,2590,950,602,2372,2146
ENSMUSG00000011114,2386,1833,887,560,1802,1694
ENSMUSG00000083033,195,222,70,57,278,205
ENSMUSG00000042660,1082,758,782,586,812,780
ENSMUSG00000096807,1207,594,211,127,542,412
ENSMUSG00000093798,71,148,25,10,114,64
ENSMUSG00000093913,0,0,20,28,3,0
ENSMUSG00000019966,344,214,151,77,189,153
ENSMUSG00000028362,61,50,221,217,56,33
ENSMUSG00000044641,127,131,97,103,117,89
ENSMUSG00000026355,3876,2461,1157,797,2359,2199
ENSMUSG00000084893,45,31,28,27,37,82
ENSMUSG00000020484,7408,5424,2643,1808,3576,3109
ENSMUSG00000051279,9,6,7,10,32,10
ENSMUSG00000091694,548,217,18,48,8,309
ENSMUSG00000061356,322,148,79,42,86,40
ENSMUSG00000078144,56,51,23,12,45,54
ENSMUSG00000015599,174,216,88,120,153,133
ENSMUSG00000079343,3,0,3,11,1,0
ENSMUSG00000074420,94,92,27,20,129,95
ENSMUSG00000033557,3039,2461,1212,818,2573,2477
ENSMUSG00000025289,927,668,369,214,584,506
ENSMUSG00000054072,945,411,227,121,289,341
ENSMUSG00000022391,2985,2282,2303,1783,2280,1899
ENSMUSG00000090509,14,18,82,48,28,15
ENSMUSG00000001416,5632,4511,5321,3893,4956,4402
ENSMUSG00000018846,4512,3757,1965,1403,4376,4065
ENSMUSG00000062309,2,2,7,2,0,1
ENSMUSG00000069588,8,13,2,7,10,11
ENSMUSG00000030431,179,122,164,110,111,96
ENSMUSG00000044737,9,10,32,49,9,6
ENSMUSG00000046879,5375,3525,2107,1391,3493,3975
ENSMUSG00000022234,10568,7302,7386,5012,7488,7014
ENSMUSG00000062867,4389,3223,4518,2743,3467,3095
ENSMUSG00000050926,18,12,35,36,26,14
ENSMUSG00000098198,0,3,11,20,6,3
ENSMUSG00000051079,341,140,86,34,175,152
ENSMUSG00000082791,1,1,2,18,0,1
ENSMUSG00000035863,138,95,325,203,125,151
ENSMUSG00000036469,15423,13417,4338,2804,13782,12616
ENSMUSG00000072082,512,312,1620,1165,259,200
ENSMUSG00000034110,277,202,90,58,226,200
ENSMUSG00000031751,5230,4361,1719,1184,4465,4147
ENSMUSG00000067919,16,11,0,0,17,23
ENSMUSG00000026923,2151,2203,4951,4160,2062,1650
ENSMUSG00000034311,599,336,148,76,254,214
ENSMUSG00000016552,797,726,633,486,620,595
ENSMUSG00000044337,545,322,192,227,212,220
ENSMUSG00000091159,16,21,7,20,25,14
ENSMUSG00000022453,902,682,331,216,674,730
ENSMUSG00000042406,5807,4310,3870,3042,4177,4511
ENSMUSG00000084159,289,185,348,268,136,157
ENSMUSG00000023011,43,49,37,40,54,65
ENSMUSG00000040855,95,80,52,44,67,81
ENSMUSG00000034575,670,568,279,235,614,605
ENSMUSG00000083505,9,12,18,26,16,14
ENSMUSG00000034342,10248,11160,4891,3495,11643,9302
ENSMUSG00000045665,835,584,392,277,681,665
ENSMUSG00000041025,398,361,186,116,366,324
ENSMUSG00000037606,1690,1604,347,301,1645,1519
ENSMUSG00000079543,2203,1470,700,781,423,374
ENSMUSG00000023089,557,403,447,222,361,378
ENSMUSG00000038582,2661,2346,1042,792,2565,2249
ENSMUSG00000038155,232,173,56,25,152,125
ENSMUSG00000005732,2484,1671,3560,2447,1567,1550
ENSMUSG00000032251,90,81,188,137,89,58
ENSMUSG00000090272,25246,21266,9143,5921,19095,20326
ENSMUSG00000006732,829,690,1378,1105,679,628
ENSMUSG00000046668,1940,1600,681,438,1985,1912
ENSMUSG00000018169,1873,1793,709,542,1927,1661
ENSMUSG00000084088,60,66,33,22,32,44
ENSMUSG00000051022,592,523,321,338,347,291
ENSMUSG00000041734,11,16,18,31,39,9
ENSMUSG00000025776,53,57,39,18,56,88
ENSMUSG00000027978,217,144,74,70,133,200
ENSMUSG00000024856,2007,1523,798,415,1516,1449
ENSMUSG00000054434,342,312,177,120,267,227
ENSMUSG00000004668,160,68,34,44,45,35
ENSMUSG00000006241,5,6,25,28,6,3
ENSMUSG00000018659,964,726,450,278,697,963
ENSMUSG00000039197,623,393,768,451,368,350
ENSMUSG00000028530,22545,20278,8392,6490,19661,17076
ENSMUSG00000009863,2868,2072,1322,837,2364,2181
ENSMUSG00000020388,90,59,49,29,67,76
ENSMUSG00000015882,2700,2502,1168,943,2791,2619
ENSMUSG00000106031,45,51,10,4,72,93
ENSMUSG00000022677,966,767,374,229,870,750
ENSMUSG00000018570,80,66,30,21,85,96
ENSMUSG00000018593,248,169,186,98,236,375
ENSMUSG00000113508,313,248,673,649,141,171
ENSMUSG00000041378,37,24,12,5,35,58
ENSMUSG00000022292,2653,2286,903,716,2655,2583
ENSMUSG00000041431,636,327,152,69,304,217
ENSMUSG00000064065,2388,1916,878,737,1768,1387
ENSMUSG00000037921,1965,1516,502,425,1309,1466
ENSMUSG00000075268,92,42,52,39,44,39
ENSMUSG00000096764,226,279,87,47,158,122
ENSMUSG00000046049,5,2,13,14,3,0
ENSMUSG00000023913,1900,1398,1416,532,1034,954
ENSMUSG00000042784,30,22,13,11,24,33
ENSMUSG00000040054,9445,9230,3860,2862,9432,8246
ENSMUSG00000094595,104,80,38,24,85,68
ENSMUSG00000015671,3265,2335,1772,1061,2728,2560
ENSMUSG00000102218,27,10,8,1,28,29
ENSMUSG00000020812,416,376,477,417,439,378
ENSMUSG00000046006,739,534,100,63,571,527
ENSMUSG00000027351,824,705,516,308,861,940
ENSMUSG00000020092,123,119,57,60,170,126
ENSMUSG00000027506,4409,3650,1655,1204,3779,3302
ENSMUSG00000030247,31,20,10,11,30,43
ENSMUSG00000023151,10,12,10,16,11,1
ENSMUSG00000040918,210,145,3922,2816,161,174
ENSMUSG00000018927,634,372,311,168,239,296
ENSMUSG00000021590,13,23,5,1,20,13
ENSMUSG00000040797,54,64,71,85,65,41
ENSMUSG00000068856,1545,1142,923,622,1202,1199
ENSMUSG00000046550,27,16,3,6,16,6
ENSMUSG00000012422,3515,2797,1578,1188,2913,2924
ENSMUSG00000020878,3,11,14,9,12,13
ENSMUSG00000028443,195,114,105,61,133,123
ENSMUSG00000092534,8,6,39,19,3,5
ENSMUSG00000081943,3,6,19,15,5,3
ENSMUSG00000043498,29,35,47,75,47,51
ENSMUSG00000022956,2889,1981,1916,1141,2186,1988
ENSMUSG00000045065,47,38,15,15,47,63
ENSMUSG00000082087,11,9,9,7,7,2
ENSMUSG00000028898,1243,956,1017,667,1087,934
ENSMUSG00000020737,3645,2964,1305,880,3432,3233
ENSMUSG00000054203,648,429,137,114,507,506
ENSMUSG00000021997,27,32,77,108,29,50
ENSMUSG00000005836,8,7,15,6,8,15
ENSMUSG00000038725,199,117,17,20,15,26
ENSMUSG00000043633,31,22,28,28,10,31
ENSMUSG00000007039,121,71,48,37,133,135
ENSMUSG00000068105,10494,8179,4011,2985,9646,9961
ENSMUSG00000054920,1276,1028,659,375,1054,1021
ENSMUSG00000040838,1,2,4,12,2,4
ENSMUSG00000042487,1020,770,1698,1379,757,708
ENSMUSG00000060716,257,206,424,320,234,242
ENSMUSG00000038024,2721,2329,924,619,2340,2136
ENSMUSG00000028560,3184,2095,1597,1196,2142,2056
ENSMUSG00000025481,0,0,14,24,0,1
ENSMUSG00000028896,938,649,654,464,611,545
ENSMUSG00000090963,1131,973,512,369,1010,950
ENSMUSG00000022237,621,563,1206,1234,316,303
ENSMUSG00000026548,235,126,91,55,289,340
ENSMUSG00000025766,1095,976,345,271,819,688
ENSMUSG00000036040,32,63,66,61,77,24
ENSMUSG00000045662,3,7,14,14,8,8
ENSMUSG00000025912,806,348,1643,1167,261,158
ENSMUSG00000020918,1641,1352,1388,1011,1232,1203
ENSMUSG00000027560,8,9,56,58,13,11
ENSMUSG00000019066,426,354,182,141,297,305
ENSMUSG00000021048,2266,1570,6376,4476,1487,1423
ENSMUSG00000080941,0,0,0,0,0,0
ENSMUSG00000042606,753,598,1164,915,508,488
ENSMUSG00000036902,80,72,214,169,87,64
ENSMUSG00000067017,73,59,41,5,93,57
ENSMUSG00000073448,77,52,23,16,61,50
ENSMUSG00000038871,1195,521,479,282,534,5149
ENSMUSG00000043243,4978,4158,9397,6991,6338,7015
ENSMUSG00000025129,12,4,15,17,11,4
ENSMUSG00000044220,12,15,11,5,21,15
ENSMUSG00000062438,9,3,13,16,4,13
ENSMUSG00000023015,1052,706,351,260,729,696
ENSMUSG00000106350,25,13,126,189,14,16
ENSMUSG00000081614,17,12,7,4,11,11
ENSMUSG00000026167,119,81,196,170,125,109
ENSMUSG00000029428,560,439,119,100,483,442
ENSMUSG00000066443,5638,3134,970,336,3994,3489
ENSMUSG00000093930,1468,1101,928,667,1537,1509
ENSMUSG00000027699,462,324,135,75,277,222
ENSMUSG00000024013,7879,7066,1537,1045,8542,7813
ENSMUSG00000004988,131,82,185,233,83,94
ENSMUSG00000038020,124,140,148,129,277,357
ENSMUSG00000044456,6511,5998,1423,1028,5768,4817
ENSMUSG00000051817,90,66,93,75,82,69
ENSMUSG00000023873,203,187,77,61,184,183
ENSMUSG00000040533,4,2,208,170,1,2
ENSMUSG00000082724,76,74,14,24,95,72
ENSMUSG00000066810,74,86,123,183,59,93
ENSMUSG00000039646,1795,1852,1400,889,2024,1555
ENSMUSG00000021867,114,89,32,13,271,224
ENSMUSG00000021986,15,18,19,21,9,14
ENSMUSG00000025647,35056,27931,8736,5743,27232,27661
ENSMUSG00000020175,31,24,24,16,43,24
ENSMUSG00000028719,3332,2407,1415,835,2575,2550
ENSMUSG00000006344,214,204,108,85,186,92
ENSMUSG00000060548,103,65,75,46,122,163
ENSMUSG00000026073,58,29,52,83,3,14
ENSMUSG00000074978,16,19,14,5,22,14
ENSMUSG00000029507,901,660,859,691,654,585
ENSMUSG00000028840,452,342,469,345,357,329
ENSMUSG00000004612,233,144,105,120,215,90
ENSMUSG00000000168,1263,980,570,420,1098,993
ENSMUSG00000098426,60,38,26,35,40,39
ENSMUSG00000026176,4525,3628,1860,1196,4002,3690
ENSMUSG00000047844,24,6,1,6,1,4
ENSMUSG00000020125,24,6,2,1,0,0
ENSMUSG00000105395,112,85,43,27,105,90
ENSMUSG00000096100,48,23,4,7,16,22
ENSMUSG00000028426,6735,4850,4418,2983,4314,4257
ENSMUSG00000021091,1,5,2,13,4,1
ENSMUSG00000049396,697,572,689,461,434,222
ENSMUSG00000025076,811,585,957,597,567,558
ENSMUSG00000027398,769,435,314,390,212,316
ENSMUSG00000025473,334,201,547,505,216,193
ENSMUSG00000097239,27,44,31,15,35,42
ENSMUSG00000083307,57,30,28,7,37,37
ENSMUSG00000029521,1940,1456,3357,2994,1546,1412
ENSMUSG00000030878,764,532,339,303,436,1530
ENSMUSG00000011154,7,13,22,39,8,0
ENSMUSG00000070298,26,26,82,114,29,27
ENSMUSG00000092072,23,21,22,10,55,21
ENSMUSG00000025730,599,568,999,706,650,566
ENSMUSG00000001496,22,18,41,67,22,12
ENSMUSG00000027752,1952,1459,1042,674,1532,1441
ENSMUSG00000039183,1123,812,677,485,895,903
ENSMUSG00000096606,72,61,38,22,40,31
ENSMUSG00000081250,14,12,2,1,10,18
ENSMUSG00000019054,2781,2048,1210,663,2436,2315
ENSMUSG00000094574,9,5,6,3,0,5
ENSMUSG00000022856,82,57,90,57,53,48
ENSMUSG00000070823,528,566,240,230,460,341
ENSMUSG00000000204,937,325,315,441,181,181
ENSMUSG00000022122,34,27,64,86,35,30
ENSMUSG00000082103,7,3,3,7,21,17
ENSMUSG00000051674,432,384,161,106,320,238
ENSMUSG00000030067,32806,29684,11502,8871,29943,28281
ENSMUSG00000010663,392,271,158,88,211,179
ENSMUSG00000029798,3009,2615,1106,843,2468,2515
ENSMUSG00000032288,1301,991,538,339,1018,1012
ENSMUSG00000028173,1287,1144,458,357,930,732
ENSMUSG00000027944,1258,947,896,562,983,937
ENSMUSG00000020908,4,1,32,40,6,3
ENSMUSG00000031700,172,165,104,71,138,124
ENSMUSG00000024164,1846,1211,1160,543,1016,1070
ENSMUSG00000062184,27,47,34,19,106,25
ENSMUSG00000026603,291,218,377,268,172,153
ENSMUSG00000025572,3165,2984,1353,1103,3296,2853
ENSMUSG00000004266,29407,22652,11487,7359,22646,22759
ENSMUSG00000034786,2011,1672,563,333,1861,1792
ENSMUSG00000044763,1944,1392,1123,804,1337,1384
ENSMUSG00000094027,10,8,4,3,24,33
ENSMUSG00000024713,19,33,49,49,40,30
ENSMUSG00000002064,1294,1157,478,334,1307,1065
ENSMUSG00000082029,30,27,14,0,47,37
ENSMUSG00000060992,2739,1931,1306,756,2071,2090
ENSMUSG00000024301,159,155,263,196,136,80
ENSMUSG00000068587,61,27,25,57,4,6
ENSMUSG00000032002,2113,1630,1039,639,1731,1541
ENSMUSG00000078611,0,0,7,8,7,0
ENSMUSG00000083614,16,21,9,2,14,7
ENSMUSG00000027463,64,69,19,17,56,65
ENSMUSG00000109448,1,1,11,27,1,3
ENSMUSG00000076578,28,13,5,7,26,25
ENSMUSG00000036186,175,119,100,83,137,133
ENSMUSG00000044719,23,8,34,36,13,17
ENSMUSG00000005413,16712,8353,14033,6206,6722,7345
ENSMUSG00000039358,44,39,5,13,48,16
ENSMUSG00000110206,1388,1292,542,399,1334,970
ENSMUSG00000020128,5422,4488,1839,1390,4833,4930
ENSMUSG00000038564,1918,1840,484,363,1503,1348
ENSMUSG00000095427,4,0,18,7,16,19
ENSMUSG00000054640,1074,839,657,340,852,770
ENSMUSG00000042770,1037,739,578,253,614,554
ENSMUSG00000063193,183,142,116,66,104,253
ENSMUSG00000107833,81,91,22,29,95,73
ENSMUSG00000004552,1427,968,409,294,789,984
ENSMUSG00000031790,16,9,20,30,11,13
ENSMUSG00000090186,40,46,13,4,15,27
ENSMUSG00000044165,58,39,148,132,26,28
ENSMUSG00000028718,367,190,113,70,154,151
ENSMUSG00000035722,4264,4341,1279,884,4974,3680
ENSMUSG00000027361,2089,1787,3610,3050,1883,1823
ENSMUSG00000082190,18,19,16,1,27,14
ENSMUSG00000107145,46,36,19,19,12,45
ENSMUSG00000025348,7,2,11,14,17,5
ENSMUSG00000031328,40438,36125,11558,6677,40650,35698
ENSMUSG00000013236,945,783,1278,889,1172,1085
ENSMUSG00000027180,2804,2342,963,693,2511,2272
ENSMUSG00000040688,1718,1399,1701,1261,1703,1396
ENSMUSG00000063931,1201,1067,1188,786,1160,1137
ENSMUSG00000056679,40,22,43,36,30,18
ENSMUSG00000007122,9,11,27,33,5,9
ENSMUSG00000042810,1974,1907,671,536,2119,1689
ENSMUSG00000030037,308,251,130,84,272,236
ENSMUSG00000001786,1552,1326,506,421,1368,1230
ENSMUSG00000040543,19,29,17,20,38,24
ENSMUSG00000037031,608,488,138,105,475,438
ENSMUSG00000031517,80,45,26,17,23,7
ENSMUSG00000020183,3189,2623,598,399,2650,2898
ENSMUSG00000062038,168,95,113,30,105,43
ENSMUSG00000079657,103,72,92,60,81,68
ENSMUSG00000083827,145,124,38,24,173,122
ENSMUSG00000081513,13,15,15,6,14,9
ENSMUSG00000051497,751,794,567,309,741,695
ENSMUSG00000048644,11,12,91,58,13,8
ENSMUSG00000000157,58,17,9,10,3,3
ENSMUSG00000038357,386,131,21,35,17,24
ENSMUSG00000095761,107,230,90,128,78,202
ENSMUSG00000071552,266,229,510,605,198,189
ENSMUSG00000059108,172,81,34,29,72,64
ENSMUSG00000053310,106,76,65,32,81,93
ENSMUSG00000035448,2590,2218,1479,659,1661,1575
ENSMUSG00000000378,6160,5404,2413,1635,6466,6071
ENSMUSG00000078795,3,6,5,13,0,1
ENSMUSG00000029727,17,30,11,15,21,17
ENSMUSG00000050732,2488,1920,843,477,2130,2139
ENSMUSG00000020609,0,0,6,11,1,1
ENSMUSG00000039865,121,114,59,50,98,118
ENSMUSG00000113640,485,476,159,106,598,429
ENSMUSG00000070476,48,27,47,33,29,19
ENSMUSG00000105727,7,10,1,0,12,28
ENSMUSG00000058587,11189,8870,3206,2127,9706,8841
ENSMUSG00000023828,17,19,4,6,11,6
ENSMUSG00000030612,715,495,530,394,537,482
ENSMUSG00000032454,0,0,9,3,0,0
ENSMUSG00000042474,25872,19673,6913,3993,20164,21014
ENSMUSG00000030149,695,512,229,335,936,404
ENSMUSG00000022346,1649,1380,1704,2543,1152,1047
ENSMUSG00000084064,37,24,14,12,22,29
ENSMUSG00000038845,1960,1468,2501,1503,1647,1568
ENSMUSG00000027408,11,8,20,32,7,9
ENSMUSG00000025591,1600,1338,1948,1658,1419,1389
ENSMUSG00000008036,1578,1236,673,354,1343,1224
ENSMUSG00000058748,1079,898,2526,2104,965,849
ENSMUSG00000001131,10,6,21,24,2,7
ENSMUSG00000082530,48,67,49,60,46,52
ENSMUSG00000067058,98,63,31,37,85,101
ENSMUSG00000095280,10,42,5995,11494,158,87
ENSMUSG00000023995,169,80,25,22,41,98
ENSMUSG00000021024,2324,1726,1457,1052,1881,1828
ENSMUSG00000029196,1481,1258,557,427,1237,1223
ENSMUSG00000079707,61,40,94,54,42,82
ENSMUSG00000032489,665,546,189,166,591,518
ENSMUSG00000022913,437,311,429,298,321,317
ENSMUSG00000063656,22,5,3,9,20,8
ENSMUSG00000009654,6,7,8,4,9,21
ENSMUSG00000095571,3899,2037,894,1201,752,756
ENSMUSG00000031951,168,128,34,20,72,68
ENSMUSG00000053819,12855,11464,5074,3344,11943,10471
ENSMUSG00000052544,584,548,164,148,495,410
ENSMUSG00000052563,232,192,44,30,228,245
ENSMUSG00000044199,3456,3002,425,280,3865,3592
ENSMUSG00000026430,6143,4793,2226,1496,5298,5001
ENSMUSG00000031881,1,2,11,12,3,1
ENSMUSG00000039032,134,135,43,76,106,58
ENSMUSG00000037989,13,8,8,20,17,23
ENSMUSG00000028845,6,5,17,17,3,4
ENSMUSG00000082561,27,32,10,13,24,13
ENSMUSG00000062524,367,239,101,136,420,137
ENSMUSG00000043832,825,645,327,133,476,407
ENSMUSG00000022309,68,30,30,20,45,49
ENSMUSG00000027341,1024,896,374,268,807,799
ENSMUSG00000007950,498,373,174,103,375,329
ENSMUSG00000058952,1,2,10,14,1,1
ENSMUSG00000047246,2495,1545,711,536,2200,2018
ENSMUSG00000040888,735,608,1804,1193,610,545
ENSMUSG00000024317,1017,861,474,338,968,875
ENSMUSG00000027204,46,45,49,55,78,35
ENSMUSG00000061724,17,11,0,0,8,0
ENSMUSG00000031706,1771,1885,606,524,2186,1707
ENSMUSG00000069310,2475,1324,480,218,1300,1005
ENSMUSG00000041779,1188,1168,419,351,1100,1085
ENSMUSG00000029672,3422,2850,876,618,2979,3140
ENSMUSG00000003541,45,12,28,28,11,14
ENSMUSG00000044067,437,536,225,160,699,530
ENSMUSG00000000171,1811,1360,778,510,1605,1488
ENSMUSG00000029771,8788,7182,2468,1998,8009,7610
ENSMUSG00000078532,1,3,8,8,2,2
ENSMUSG00000062901,13969,12470,3512,2509,14371,13680
ENSMUSG00000024064,100,74,67,45,101,108
ENSMUSG00000036594,106120,77655,25579,17298,79714,73302
ENSMUSG00000058486,2113,1855,3571,2491,2182,2023
ENSMUSG00000032911,2,1,15,13,1,2
ENSMUSG00000009575,5893,4567,3094,2037,4319,3867
ENSMUSG00000061371,1040,984,371,315,1084,950
ENSMUSG00000003559,918,705,372,224,619,588
ENSMUSG00000028409,4268,3184,2898,2039,3414,3268
ENSMUSG00000033854,33,43,189,188,36,37
ENSMUSG00000015354,367,326,125,66,293,187
ENSMUSG00000035049,1252,1068,2387,1932,1113,897
ENSMUSG00000028138,2851,2262,3154,2089,2369,2273
ENSMUSG00000091228,1114,903,1822,1045,1224,1004
ENSMUSG00000044534,1067,815,154,96,547,389
ENSMUSG00000040631,147,144,55,42,129,143
ENSMUSG00000022651,171,72,94,99,12,24
ENSMUSG00000078180,73,42,28,12,62,62
ENSMUSG00000039981,5443,4338,1965,1271,4434,4030
ENSMUSG00000082838,240,321,173,144,277,291
ENSMUSG00000041444,423,411,261,201,400,315
ENSMUSG00000034438,2126,1808,793,665,1193,718
ENSMUSG00000103986,21,17,8,8,15,16
ENSMUSG00000037426,4227,3935,8386,6052,4150,3714
ENSMUSG00000028893,465,419,4939,3401,323,255
ENSMUSG00000055748,6,6,54,95,11,9
ENSMUSG00000024732,824,572,1253,1144,645,676
ENSMUSG00000094935,55,21,28,0,48,84
ENSMUSG00000026827,3469,2810,1129,889,2905,2716
ENSMUSG00000081051,4257,2514,1734,1540,2299,2878
ENSMUSG00000023072,1753,1562,535,445,1905,1900
ENSMUSG00000052040,8435,8074,2853,2022,8521,7899
ENSMUSG00000040813,797,690,304,204,644,550
ENSMUSG00000048497,915,822,277,223,799,759
ENSMUSG00000067038,33047,30614,7642,5317,37257,23591
ENSMUSG00000044377,5,0,0,0,0,0
ENSMUSG00000043110,20,22,9,18,32,27
ENSMUSG00000026664,1628,1244,372,252,1226,1214
ENSMUSG00000058006,17625,16093,42781,35637,15616,13709
ENSMUSG00000064246,134,50,31,43,14,11
ENSMUSG00000090946,2137,1659,479,289,1548,1617
ENSMUSG00000040345,3186,2696,709,510,3080,2404
ENSMUSG00000031112,2126,1849,333,210,2285,2017
ENSMUSG00000014867,4157,3230,1771,1117,3292,3107
ENSMUSG00000079359,62,48,510,485,47,59
ENSMUSG00000012428,248,101,42,56,108,146
ENSMUSG00000042029,1596,1082,520,308,845,716
ENSMUSG00000076580,1161,960,1521,342,674,649
ENSMUSG00000031146,1680,1237,327,225,1401,1419
ENSMUSG00000055044,746,626,246,181,580,501
ENSMUSG00000056724,2739,2587,1090,927,2427,1540
ENSMUSG00000058099,2230,1819,773,491,1828,1446
ENSMUSG00000050721,4091,3213,6089,4369,3341,3171
ENSMUSG00000061311,241,249,5,6,236,560
ENSMUSG00000075592,22,17,12,22,23,19
ENSMUSG00000030541,1199,813,539,266,935,944
ENSMUSG00000059995,2880,2403,1345,998,2900,2617
ENSMUSG00000052334,0,1,9,16,0,0
ENSMUSG00000078762,1662,1334,574,399,1500,1236
ENSMUSG00000026255,27,15,17,11,21,43
ENSMUSG00000026700,9,17,1536,1067,3,4
ENSMUSG00000080712,177,97,56,35,128,112
ENSMUSG00000007739,6973,5207,4852,3245,5258,4733
ENSMUSG00000064326,333,208,335,210,249,220
ENSMUSG00000036073,809,728,283,184,756,745
ENSMUSG00000074607,35,21,35,33,25,17
ENSMUSG00000022899,2705,3103,847,1554,2146,1898
ENSMUSG00000020216,8,5,9,11,0,6
ENSMUSG00000020876,2503,2328,2270,1561,2434,2029
ENSMUSG00000018844,25,17,19,21,17,21
ENSMUSG00000031355,638,525,296,193,423,334
ENSMUSG00000079853,63,44,17,14,101,73
ENSMUSG00000051412,674,524,216,157,535,459
ENSMUSG00000094054,13,11,13,8,11,0
ENSMUSG00000020961,139,130,98,103,125,79
ENSMUSG00000027130,24947,22187,6379,4953,23500,22567
ENSMUSG00000026342,300,237,114,65,183,168
ENSMUSG00000020708,1875,1328,1539,963,1330,1417
ENSMUSG00000094117,735,702,1508,178,350,285
ENSMUSG00000037827,133,122,55,34,112,85
ENSMUSG00000106453,1,0,7,11,0,0
ENSMUSG00000020610,1126,859,291,226,1010,939
ENSMUSG00000015112,167,93,123,95,147,115
ENSMUSG00000030921,13425,10698,4560,3301,9221,11640
ENSMUSG00000045954,140,119,73,55,135,169
ENSMUSG00000022240,42,31,21,25,71,31
ENSMUSG00000083012,1125,836,535,365,868,2240
ENSMUSG00000033721,1696,1408,719,417,1476,1220
ENSMUSG00000031586,316,289,136,104,294,245
ENSMUSG00000099951,0,0,2,21,0,0
ENSMUSG00000032123,508,389,248,163,392,356
ENSMUSG00000002107,15515,14058,4467,2933,13933,11799
ENSMUSG00000044018,709,508,464,327,549,577
ENSMUSG00000093865,0,0,8,16,1,0
ENSMUSG00000021990,4460,3900,1248,932,3539,3398
ENSMUSG00000084261,6,3,55,43,2,1
ENSMUSG00000076917,16,16,14,21,14,4
ENSMUSG00000030315,1941,1633,668,541,1722,1564
ENSMUSG00000032035,44445,38606,10423,7905,42254,41214
ENSMUSG00000022901,3421,2696,1201,908,2187,2261
ENSMUSG00000023367,277,213,118,98,194,179
ENSMUSG00000025701,76,22,63,41,15,22
ENSMUSG00000028328,96,43,31,33,20,107
ENSMUSG00000017146,1053,645,367,227,609,604
ENSMUSG00000026656,6742,5728,2517,1865,5239,4460
ENSMUSG00000101082,1,0,20,30,2,1
ENSMUSG00000034758,18,26,23,21,24,15
ENSMUSG00000038646,898,884,372,222,1011,930
ENSMUSG00000032766,43,28,19,4,33,59
ENSMUSG00000002346,567,535,1370,1092,528,430
ENSMUSG00000042763,73,58,53,45,50,85
ENSMUSG00000060811,17,15,20,13,15,26
ENSMUSG00000023886,33,35,26,21,50,16
ENSMUSG00000090164,2738,2005,6701,4377,2204,2093
ENSMUSG00000076677,3618,4520,2462,2585,2292,1361
ENSMUSG00000041439,735,571,366,274,698,612
ENSMUSG00000102918,54,50,283,162,60,41
ENSMUSG00000096201,5,22,2659,5543,46,46
ENSMUSG00000023330,250,163,133,88,164,179
ENSMUSG00000045095,68,54,71,57,66,46
ENSMUSG00000029166,118,125,62,68,72,72
ENSMUSG00000020010,211,211,77,44,173,107
ENSMUSG00000045232,50,38,6,8,45,35
ENSMUSG00000031129,1404,1219,585,346,1017,788
ENSMUSG00000041915,2031,1951,830,573,1960,1784
ENSMUSG00000020785,155,119,39,29,106,90
ENSMUSG00000071252,196,129,53,40,173,179
ENSMUSG00000022878,1,3,11,19,3,3
ENSMUSG00000030409,544,472,264,174,425,197
ENSMUSG00000065979,362,322,929,656,293,274
ENSMUSG00000048965,1364,1211,943,881,1231,1076
ENSMUSG00000061833,5,13,47,22,13,9
ENSMUSG00000084235,49,52,126,67,45,55
ENSMUSG00000081492,127,118,48,46,160,142
ENSMUSG00000042613,5491,5067,2609,1728,4828,4366
ENSMUSG00000057836,196,105,192,95,122,74
ENSMUSG00000051839,540,196,22,27,23,829
ENSMUSG00000057135,439,313,56,33,562,509
ENSMUSG00000096054,2461,2137,993,848,2366,1991
ENSMUSG00000042073,285,319,114,59,259,191
ENSMUSG00000027459,185,165,253,164,172,142
ENSMUSG00000008333,1663,1149,856,528,1243,1116
ENSMUSG00000090306,7,10,18,33,3,5
ENSMUSG00000028434,63,29,26,24,44,50
ENSMUSG00000031877,212,89,33,41,30,52
ENSMUSG00000010047,281,191,282,150,210,195
ENSMUSG00000011257,3875,3003,4814,3436,2489,2426
ENSMUSG00000023806,310,270,107,63,221,204
ENSMUSG00000024588,1362,753,330,247,636,2966
ENSMUSG00000033355,1122,638,338,231,609,1072
ENSMUSG00000068220,984,535,304,233,734,646
ENSMUSG00000009090,4370,3521,1545,1106,3647,3246
ENSMUSG00000100152,18,14,11,7,23,9
ENSMUSG00000020857,4285,2682,4116,2509,3177,2708
ENSMUSG00000046085,160,166,52,33,172,149
ENSMUSG00000025428,18134,12553,11562,7191,13628,13444
ENSMUSG00000027171,283,264,4799,3086,159,153
ENSMUSG00000105277,32,41,5,9,75,27
ENSMUSG00000032816,10,11,29,31,13,10
ENSMUSG00000064288,1373,674,233,118,920,824
ENSMUSG00000083380,844,527,724,451,506,499
ENSMUSG00000000346,9759,7004,3416,1979,7894,8258
ENSMUSG00000113949,708,609,261,188,528,516
ENSMUSG00000075284,6270,5747,2138,1358,6166,5698
ENSMUSG00000076540,332,397,72,64,183,380
ENSMUSG00000021384,1747,1418,314,183,1814,1683
ENSMUSG00000038900,3391,2719,3088,2325,2724,2591
ENSMUSG00000021061,822,614,139,207,162,492
ENSMUSG00000050666,355,321,115,28,226,144
ENSMUSG00000044350,834,548,2998,2169,469,473
ENSMUSG00000002617,630,549,248,159,624,584
ENSMUSG00000032231,1281,672,386,243,698,693
ENSMUSG00000082429,25,19,15,6,31,17
ENSMUSG00000032718,30,21,14,16,18,25
ENSMUSG00000043549,11,14,29,33,7,6
ENSMUSG00000025265,28,17,34,42,22,27
ENSMUSG00000090035,2038,1719,769,533,1730,1756
ENSMUSG00000089865,0,19,12,24,10,22
ENSMUSG00000020639,4,1,5,1,2,1
ENSMUSG00000037185,110,59,102,38,67,112
ENSMUSG00000095683,87,122,53,39,124,127
ENSMUSG00000063383,170,127,58,39,128,148
ENSMUSG00000068014,35,57,43,24,28,0
ENSMUSG00000026814,150,92,304,229,153,137
ENSMUSG00000057337,16873,15331,4274,3043,18581,18850
ENSMUSG00000028798,4444,3220,2817,1918,3916,3323
ENSMUSG00000038175,5862,4894,1252,896,4890,5260
ENSMUSG00000030045,1332,1029,1046,784,1208,964
ENSMUSG00000030867,292,164,101,82,115,95
ENSMUSG00000041215,2106,1723,3363,2424,1917,1620
ENSMUSG00000024042,1762,2044,6615,6716,1973,2428
ENSMUSG00000034177,367,307,116,107,258,144
ENSMUSG00000004897,3627,2574,3867,2571,2359,2457
ENSMUSG00000006476,761,674,227,171,703,670
ENSMUSG00000021118,37,22,19,10,8,35
ENSMUSG00000039057,2,0,7,11,1,1
ENSMUSG00000032053,19077,16775,6604,5143,16522,15958
ENSMUSG00000032224,212,227,483,675,227,185
ENSMUSG00000071369,5827,5263,2070,1819,5109,4500
ENSMUSG00000063885,14,8,22,14,5,6
ENSMUSG00000022748,102,64,247,145,82,73
ENSMUSG00000067212,15226,12144,4227,2963,11792,11193
ENSMUSG00000079382,19,9,10,14,19,10
ENSMUSG00000025491,259,51,66,110,26,24
ENSMUSG00000009350,127,110,85,100,118,77
ENSMUSG00000067719,233,192,166,137,59,123
ENSMUSG00000083435,354,429,192,163,387,308
ENSMUSG00000027195,1765,1205,1351,876,1140,1074
ENSMUSG00000020326,5196,3938,31376,20365,3235,2916
ENSMUSG00000096696,634,613,231,153,569,457
ENSMUSG00000032046,2702,2284,1015,538,2305,2178
ENSMUSG00000049649,2,1,17,17,2,3
ENSMUSG00000014776,30,42,14,29,73,21
ENSMUSG00000019295,937,708,302,214,762,658
ENSMUSG00000031246,4726,3775,1083,624,3535,3133
ENSMUSG00000051314,1085,730,197,120,431,233
ENSMUSG00000027469,1041,507,247,153,375,357
ENSMUSG00000026879,3324,2384,386,260,2547,2170
ENSMUSG00000053477,13530,11018,4044,3068,11001,10116
ENSMUSG00000043932,266,162,88,144,382,179
ENSMUSG00000063660,627,619,137,90,222,148
ENSMUSG00000022705,27,29,7,10,18,12
ENSMUSG00000032750,744,660,348,341,648,566
ENSMUSG00000054400,890,779,272,180,849,730
ENSMUSG00000027750,44,16,26,14,35,13
ENSMUSG00000033379,2744,2296,1087,600,2666,2349
ENSMUSG00000021646,592,532,175,125,426,369
ENSMUSG00000074635,27,29,70,78,19,37
ENSMUSG00000054766,11079,8137,10198,6762,7987,7464
ENSMUSG00000038473,65,74,55,35,53,24
ENSMUSG00000038481,4146,3597,1372,880,3938,3825
ENSMUSG00000034926,400,285,369,251,400,378
ENSMUSG00000040389,979,878,246,216,944,821
ENSMUSG00000024039,11,12,45,32,8,16
ENSMUSG00000097012,219,212,130,22,199,224
ENSMUSG00000021123,2097,1957,520,411,1991,1961
ENSMUSG00000029661,82,110,114,119,166,90
ENSMUSG00000034275,7,8,27,33,6,1
ENSMUSG00000106038,77,58,125,167,61,50
ENSMUSG00000089651,202,212,76,61,237,221
ENSMUSG00000031840,295,278,93,85,281,322
ENSMUSG00000079009,15,19,2,6,8,11
ENSMUSG00000102817,6,4,29,34,6,7
ENSMUSG00000081855,179,60,112,44,77,65
ENSMUSG00000008167,306,256,592,446,293,256
ENSMUSG00000047298,2,0,6,12,1,0
ENSMUSG00000069301,983,440,250,134,496,386
ENSMUSG00000022820,348,290,214,107,289,276
ENSMUSG00000019487,196,187,114,71,208,202
ENSMUSG00000052736,299,277,182,286,516,146
ENSMUSG00000067341,4739,3738,907,745,3768,3464
ENSMUSG00000028238,57,47,45,57,48,36
ENSMUSG00000095976,87,122,53,39,124,127
ENSMUSG00000052565,5114,2499,1618,1174,4326,4091
ENSMUSG00000054342,1134,895,403,338,639,473
ENSMUSG00000000318,43,37,21,26,75,65
ENSMUSG00000027082,270,194,109,115,203,271
ENSMUSG00000011752,2765,1970,1883,1227,2019,1952
ENSMUSG00000030518,5,3,18,11,7,10
ENSMUSG00000041608,26,8,17,31,8,9
ENSMUSG00000001103,26,12,14,14,16,31
ENSMUSG00000030680,235,427,215,208,574,353
ENSMUSG00000026177,2480,1984,1611,740,1367,1259
ENSMUSG00000089762,15,16,207,148,15,21
ENSMUSG00000014873,1476,1159,1400,1110,1134,1079
ENSMUSG00000055447,9648,9032,3785,2790,8954,8502
ENSMUSG00000030125,25,30,6,9,45,22
ENSMUSG00000040502,84,64,26,28,86,75
ENSMUSG00000040824,2019,1375,1163,640,1758,1500
ENSMUSG00000037278,332,251,198,132,281,276
ENSMUSG00000027584,13,9,19,22,10,9
ENSMUSG00000076608,1015,753,439,352,603,650
ENSMUSG00000062995,57,33,66,69,33,22
ENSMUSG00000033278,1049,959,566,257,618,468
ENSMUSG00000055128,527,439,174,148,452,427
ENSMUSG00000056987,9,10,19,31,5,3
ENSMUSG00000107877,74,72,137,117,64,47
ENSMUSG00000028980,1213,946,454,278,1003,915
ENSMUSG00000035242,8061,5855,3356,1856,7447,7680
ENSMUSG00000099660,251,351,353,259,325,335
ENSMUSG00000026181,1613,1298,804,515,1438,1357
ENSMUSG00000037822,10539,9608,1849,1220,10849,10393
ENSMUSG00000015468,277,237,93,89,290,302
ENSMUSG00000081473,14,19,9,5,20,21
ENSMUSG00000040722,279,192,164,81,171,127
ENSMUSG00000027108,1821,1305,1895,1198,1337,1235
ENSMUSG00000017057,456,370,243,157,355,346
ENSMUSG00000083585,6,5,19,8,4,6
ENSMUSG00000008450,230,133,159,118,132,175
ENSMUSG00000021998,56689,42706,28813,18281,44888,40118
ENSMUSG00000029177,1905,1682,744,579,1590,1474
ENSMUSG00000022554,610,500,530,423,568,495
ENSMUSG00000057191,4835,3818,872,458,4084,3621
ENSMUSG00000022504,22638,20106,9664,6352,21311,19105
ENSMUSG00000024758,3013,2611,1136,724,2725,2258
ENSMUSG00000008540,470,325,190,79,291,277
ENSMUSG00000052516,6,17,21,16,35,5
ENSMUSG00000025439,1748,1428,1290,977,1475,1467
ENSMUSG00000098470,0,0,3,7,0,0
ENSMUSG00000046168,197,176,68,40,182,152
ENSMUSG00000020821,2520,2150,5511,3641,2062,1963
ENSMUSG00000100405,0,2,0,0,0,0
ENSMUSG00000108052,30,39,38,43,41,45
ENSMUSG00000028795,481,414,155,110,537,506
ENSMUSG00000032066,108,97,40,20,86,92
ENSMUSG00000031983,281,233,115,81,224,209
ENSMUSG00000048188,31,0,121,121,0,0
ENSMUSG00000053746,42,43,116,63,36,36
ENSMUSG00000030521,2406,1723,2975,2597,1716,1603
ENSMUSG00000095779,14,0,13,21,0,4
ENSMUSG00000089978,114,124,285,480,139,113
ENSMUSG00000038168,154,158,163,121,143,150
ENSMUSG00000067220,33,47,133,198,44,37
ENSMUSG00000029762,17,16,15,13,10,23
ENSMUSG00000022557,1997,1603,1716,1267,1870,1705
ENSMUSG00000045094,124,88,78,44,134,68
ENSMUSG00000073434,666,620,186,139,657,566
ENSMUSG00000074166,1117,1056,462,309,1088,947
ENSMUSG00000021180,1811,1763,725,558,2113,1731
ENSMUSG00000083610,26,18,6,2,30,13
ENSMUSG00000040592,50946,37949,10520,6422,47987,47499
ENSMUSG00000028639,14772,9062,18120,11179,8562,8355
ENSMUSG00000039676,15,10,6,6,13,18
ENSMUSG00000005566,5737,4509,3786,2665,5104,4773
ENSMUSG00000068860,142,102,38,43,106,135
ENSMUSG00000047363,31,33,18,26,35,38
ENSMUSG00000059401,13,17,21,16,23,6
ENSMUSG00000040363,5676,4960,1928,1452,4926,4557
ENSMUSG00000062661,18,27,24,26,18,17
ENSMUSG00000089694,4,46,27,23,8,4
ENSMUSG00000030282,1508,1213,500,348,1278,1435
ENSMUSG00000035914,98,88,20,16,87,81
ENSMUSG00000027869,18,27,6,5,14,9
ENSMUSG00000090743,59,87,18,12,76,74
ENSMUSG00000103906,117,84,45,48,108,134
ENSMUSG00000070847,2,0,10,11,2,1
ENSMUSG00000042851,1197,1052,1034,851,1037,1130
ENSMUSG00000074063,112,96,78,51,61,68
ENSMUSG00000020447,3,6,43,50,3,7
ENSMUSG00000022579,15,13,14,9,13,27
ENSMUSG00000040867,101,86,43,49,101,127
ENSMUSG00000083672,54,62,0,0,25,61
ENSMUSG00000038323,569,519,221,146,541,488
ENSMUSG00000048170,4500,3995,1881,1387,4200,3767
ENSMUSG00000084138,7,9,6,4,0,3
ENSMUSG00000025103,3555,2788,1295,850,2875,2540
ENSMUSG00000031953,293,235,93,75,229,204
ENSMUSG00000018567,5678,3785,2037,1129,3944,3897
ENSMUSG00000040034,608,416,373,255,435,467
ENSMUSG00000061578,446,424,218,198,336,329
ENSMUSG00000048489,187,172,82,48,213,165
ENSMUSG00000021365,18841,14647,6180,4143,14556,14347
ENSMUSG00000045827,846,604,254,197,548,488
ENSMUSG00000032334,88,95,9,4,134,97
ENSMUSG00000019960,2947,2382,947,636,2583,3018
ENSMUSG00000062646,4077,3445,1077,866,3300,2982
ENSMUSG00000094652,828,433,484,1219,342,333
ENSMUSG00000020248,1668,1277,3906,2770,1428,1286
ENSMUSG00000031662,4873,3868,9404,6239,3802,3533
ENSMUSG00000044533,39057,26065,33241,20551,27618,26251
ENSMUSG00000050075,3346,3336,3475,2458,2187,1743
ENSMUSG00000021823,1455,1155,384,344,1231,1202
ENSMUSG00000007908,95,101,246,182,93,175
ENSMUSG00000042499,3,2,24,33,3,4
ENSMUSG00000082498,10,24,6,2,29,7
ENSMUSG00000047090,374,354,150,111,396,375
ENSMUSG00000056071,4477,994,862,1246,207,301
ENSMUSG00000081881,3,13,15,30,9,7
ENSMUSG00000028431,2801,2441,2276,1799,2622,2480
ENSMUSG00000069893,10651,9053,3007,1864,9452,8713
ENSMUSG00000027854,4465,4465,1478,1077,4599,4264
ENSMUSG00000061353,73,102,69,78,178,47
ENSMUSG00000025272,39,31,21,15,17,35
ENSMUSG00000079470,1699,1364,960,700,1499,1284
ENSMUSG00000034394,30,28,118,100,25,24
ENSMUSG00000006724,20,12,28,52,15,16
ENSMUSG00000052942,418,437,358,184,350,264
ENSMUSG00000001627,1123,972,1211,1096,994,944
ENSMUSG00000044147,14094,10143,4894,3485,11118,10804
ENSMUSG00000051457,2277,1688,979,662,1684,1562
ENSMUSG00000022054,24,23,34,46,20,27
ENSMUSG00000051518,343,242,432,292,265,249
ENSMUSG00000046417,564,395,158,109,406,482
ENSMUSG00000036887,8165,6323,3766,1584,4656,4399
ENSMUSG00000045328,1398,794,373,209,569,500
ENSMUSG00000101059,0,0,0,0,59,42
ENSMUSG00000032698,5154,4060,759,442,4129,3931
ENSMUSG00000082792,21,16,15,13,21,19
ENSMUSG00000018697,2110,1813,2392,1958,1649,1571
ENSMUSG00000057098,18957,17917,7990,6126,18394,17776
ENSMUSG00000049583,272,343,160,170,388,318
ENSMUSG00000076749,22,14,3,19,25,12
ENSMUSG00000022235,379,286,107,64,201,223
ENSMUSG00000075014,92,1562,588450,1171830,12447,8812
ENSMUSG00000029591,423,377,255,266,349,308
ENSMUSG00000107627,19,15,7,6,18,22
ENSMUSG00000086688,5,9,10,11,7,3
ENSMUSG00000036718,67,44,112,79,25,21
ENSMUSG00000095440,16,16,17,10,11,8
ENSMUSG00000029713,5389,4224,1883,1079,4381,4201
ENSMUSG00000031708,2254,1746,881,533,1940,1858
ENSMUSG00000001380,2123,1625,1527,1059,1623,1508
ENSMUSG00000059734,1818,1135,875,517,1436,1385
ENSMUSG00000062545,238,201,59,45,275,258
ENSMUSG00000074219,118,109,31,33,97,79
ENSMUSG00000042451,23,11,6,5,8,6
ENSMUSG00000054612,62,51,314,256,76,42
ENSMUSG00000045027,15,14,22,35,19,15
ENSMUSG00000040605,14,7,8,6,12,21
ENSMUSG00000034115,17,12,15,24,26,14
ENSMUSG00000083774,9,18,10,5,14,5
ENSMUSG00000092093,0,0,4,5,2,2
ENSMUSG00000024068,2278,1801,1008,693,2066,1991
ENSMUSG00000041801,23,20,3452,2209,12,5
ENSMUSG00000047250,1706,1223,550,233,1236,1022
ENSMUSG00000051747,1382,1486,1887,2378,1165,720
ENSMUSG00000037972,18026,13858,2599,1592,17661,18138
ENSMUSG00000028078,2788,2820,403,314,2441,1872
ENSMUSG00000020775,993,716,856,612,757,652
ENSMUSG00000037907,33,21,409,317,50,22
ENSMUSG00000096171,28,21,12,0,2,21
ENSMUSG00000004798,2951,2704,1196,753,2773,2281
ENSMUSG00000028480,883,684,846,549,684,578
ENSMUSG00000030224,2511,1844,1961,1437,1978,2088
ENSMUSG00000033847,60,41,16,25,25,29
ENSMUSG00000041347,18,18,26,44,10,11
ENSMUSG00000094526,50,81,13,11,694,245
ENSMUSG00000034330,17635,15174,6595,4931,14818,14494
ENSMUSG00000046442,765,722,362,288,1092,1055
ENSMUSG00000049775,69702,51886,20447,12234,58105,52691
ENSMUSG00000091800,15,11,1,1,21,9
ENSMUSG00000057886,201,120,0,0,25,103
ENSMUSG00000029518,2448,1828,891,634,2028,1922
ENSMUSG00000022817,1397,1267,397,176,987,912
ENSMUSG00000079197,3814,2342,3915,2365,2627,2728
ENSMUSG00000047945,1736,1216,4862,2735,1122,1382
ENSMUSG00000068101,96,64,106,72,70,55
ENSMUSG00000040532,717,654,568,436,680,635
ENSMUSG00000066113,1,1,14,16,1,0
ENSMUSG00000053063,2301,1673,932,498,1718,1572
ENSMUSG00000022462,6518,5430,2825,2503,6194,5777
ENSMUSG00000048897,3509,3027,1479,889,3186,2857
ENSMUSG00000036985,1020,912,402,315,996,843
ENSMUSG00000076680,2516,1776,1126,1394,724,642
ENSMUSG00000047712,133,110,163,88,103,75
ENSMUSG00000089715,1010,819,408,300,1227,1231
ENSMUSG00000052376,17,25,4,8,32,37
ENSMUSG00000097388,29,25,29,28,39,23
ENSMUSG00000098181,19,20,18,9,12,26
ENSMUSG00000000409,1430,1209,605,509,1437,887
ENSMUSG00000078789,973,733,768,654,728,569
ENSMUSG00000027368,2982,2763,1188,1052,2800,3330
ENSMUSG00000084201,25,27,12,3,37,29
ENSMUSG00000062081,114,111,47,51,103,121
ENSMUSG00000107310,31,40,23,10,17,12
ENSMUSG00000026853,1347,1036,269,152,1064,1070
ENSMUSG00000051255,0,15,0,0,0,0
ENSMUSG00000054517,2506,2282,1217,876,2448,2099
ENSMUSG00000073910,510,542,243,231,415,406
ENSMUSG00000028455,1545,1117,928,634,1122,1019
ENSMUSG00000024065,987,745,331,245,573,479
ENSMUSG00000058290,366,204,100,55,162,135
ENSMUSG00000033220,22356,16606,8538,5388,17036,16483
ENSMUSG00000024053,355,187,136,88,128,151
ENSMUSG00000038319,9,12,9,17,9,1
ENSMUSG00000070979,25,22,21,21,23,19
ENSMUSG00000001847,5221,3984,2159,1253,3825,3758
ENSMUSG00000051615,265,234,632,454,228,237
ENSMUSG00000020361,10669,8134,6857,5121,8231,7358
ENSMUSG00000067925,116,125,52,42,108,109
ENSMUSG00000034354,9124,8024,3572,2555,8949,8443
ENSMUSG00000076541,163,117,40,45,110,124
ENSMUSG00000035539,58,59,25,22,68,62
ENSMUSG00000031778,3,6,9,14,4,3
ENSMUSG00000004508,670,532,397,216,488,521
ENSMUSG00000021190,9214,6774,3406,1742,5892,6008
ENSMUSG00000021156,6370,5485,2343,1722,5792,5618
ENSMUSG00000107035,4,8,15,5,8,3
ENSMUSG00000020189,8625,7533,3667,2635,7581,7118
ENSMUSG00000049744,11180,10604,2737,2264,12927,10755
ENSMUSG00000025498,2426,1703,819,649,1843,3046
ENSMUSG00000078942,1188,1101,643,328,1053,800
ENSMUSG00000035164,2425,1762,1415,1270,1310,929
ENSMUSG00000028221,398,318,85,48,266,264
ENSMUSG00000031984,1080,847,1157,860,818,771
ENSMUSG00000096141,12,19,54,76,13,20
ENSMUSG00000000811,222,159,339,254,214,209
ENSMUSG00000024098,1729,1338,690,433,1401,1370
ENSMUSG00000021474,2095,1427,1260,940,1420,1420
ENSMUSG00000081619,78,82,30,19,95,99
ENSMUSG00000034282,9,8,135,185,6,9
ENSMUSG00000108405,105,108,35,31,120,70
ENSMUSG00000028430,1774,1617,2275,1716,1571,1586
ENSMUSG00000025780,849,686,132,114,867,968
ENSMUSG00000030032,8,9,21,33,12,6
ENSMUSG00000082515,35,39,17,6,44,34
ENSMUSG00000025785,854,724,493,354,751,721
ENSMUSG00000068407,29,29,3,2,30,29
ENSMUSG00000047013,38,14,27,32,14,50
ENSMUSG00000048696,261,193,111,71,214,208
ENSMUSG00000020804,82,84,82,61,76,68
ENSMUSG00000039231,1313,995,675,499,1214,1045
ENSMUSG00000066232,7189,5676,5677,4246,6019,5407
ENSMUSG00000067700,37,30,22,1,31,30
ENSMUSG00000022475,3299,3230,760,518,3716,3068
ENSMUSG00000057657,12,12,6,2,11,29
ENSMUSG00000046807,112,120,59,59,124,104
ENSMUSG00000036322,38,24,17,17,31,39
ENSMUSG00000049422,1116,744,213,135,852,923
ENSMUSG00000029500,1337,1120,708,529,1328,1177
ENSMUSG00000047193,1615,1327,2112,2018,1658,1597
ENSMUSG00000028467,1666,1586,625,429,1667,1340
ENSMUSG00000039115,2154,2309,1431,722,1561,1529
ENSMUSG00000082328,15,22,9,2,15,9
ENSMUSG00000100981,38,24,66,114,25,33
ENSMUSG00000076488,11,15,15,7,14,1
ENSMUSG00000019738,401,283,187,132,263,261
ENSMUSG00000073889,394,347,181,103,365,342
ENSMUSG00000076550,294,252,124,69,133,125
ENSMUSG00000089976,29,27,0,5,17,5
ENSMUSG00000071691,10,11,19,18,11,23
ENSMUSG00000079852,176,123,88,98,262,69
ENSMUSG00000093402,171,108,68,61,76,105
ENSMUSG00000010609,2352,2043,740,462,2083,1869
ENSMUSG00000006782,10310,8097,2746,1648,8957,8408
ENSMUSG00000041245,182,162,219,194,150,105
ENSMUSG00000096223,0,0,0,0,0,0
ENSMUSG00000045382,3182,4577,1780,1835,3211,3444
ENSMUSG00000094122,12,9,20,0,0,20
ENSMUSG00000027199,547,302,168,75,251,342
ENSMUSG00000112148,1403,790,1371,848,411,421
ENSMUSG00000027955,223,232,350,299,233,219
ENSMUSG00000047842,318,308,161,143,324,397
ENSMUSG00000035890,841,684,658,424,673,659
ENSMUSG00000034586,169,156,102,98,82,43
ENSMUSG00000098078,3308,3430,1536,1206,0,1
ENSMUSG00000032327,5,2,16,17,1,1
ENSMUSG00000040520,2665,2214,991,748,2194,2053
ENSMUSG00000054452,5965,4451,1837,1093,4185,4135
ENSMUSG00000027624,256,241,145,80,171,160
ENSMUSG00000004044,28,26,29,18,35,34
ENSMUSG00000024902,1048,771,868,546,811,776
ENSMUSG00000113373,4461,4177,1671,1486,4222,3906
ENSMUSG00000038648,1154,1029,656,544,705,677
ENSMUSG00000091712,9,5,47,31,8,6
ENSMUSG00000073130,2,3,15,14,1,1
ENSMUSG00000028776,74,46,36,32,53,71
ENSMUSG00000062373,1202,1015,475,253,1121,1099
ENSMUSG00000024867,401,358,110,96,414,426
ENSMUSG00000031016,588,409,330,192,394,339
ENSMUSG00000028756,2023,2281,639,497,2054,1881
ENSMUSG00000052837,2618,1988,5185,5335,2015,2337
ENSMUSG00000034659,631,567,197,123,605,506
ENSMUSG00000039680,168,120,253,169,118,113
ENSMUSG00000029571,4436,3860,1554,1065,3447,3359
ENSMUSG00000030083,1284,1136,541,382,1233,1237
ENSMUSG00000107872,0,3,2,2,7,5
ENSMUSG00000006315,658,568,437,246,608,583
ENSMUSG00000052525,88,97,29,28,115,91
ENSMUSG00000009628,19,17,1419,1144,14,7
ENSMUSG00000022261,26,22,21,10,14,2
ENSMUSG00000012483,461,323,141,102,402,331
ENSMUSG00000022285,14827,12812,6159,3926,13234,12961
ENSMUSG00000070498,16,23,94,132,30,31
ENSMUSG00000022476,787,617,465,331,674,715
ENSMUSG00000034317,2727,2267,593,301,2591,2317
ENSMUSG00000010911,462,346,159,97,306,348
ENSMUSG00000005621,7313,6503,2939,2065,6884,6237
ENSMUSG00000016344,3224,2246,838,505,2268,2402
ENSMUSG00000027452,5027,4571,901,664,4879,4731
ENSMUSG00000045350,0,0,9,14,0,0
ENSMUSG00000106821,0,0,9,12,0,0
ENSMUSG00000028609,1512,925,1030,597,911,896
ENSMUSG00000036526,8723,7834,2997,2276,7540,6433
ENSMUSG00000020709,825,674,636,315,595,545
ENSMUSG00000026482,3313,2671,2300,1277,2573,2767
ENSMUSG00000019971,595,455,536,385,314,298
ENSMUSG00000066270,0,12,18,16,13,10
ENSMUSG00000058756,248,234,142,105,400,364
ENSMUSG00000059089,2041,1434,927,474,709,893
ENSMUSG00000029810,357,230,151,144,279,246
ENSMUSG00000102502,1,2,1,0,0,0
ENSMUSG00000004264,6356,5068,4157,2849,6370,5272
ENSMUSG00000091903,3,3,22,6,0,0
ENSMUSG00000046480,9,20,245,135,23,27
ENSMUSG00000024885,1436,960,404,265,908,950
ENSMUSG00000006715,478,255,119,71,239,201
ENSMUSG00000051727,607,522,132,127,515,525
ENSMUSG00000027454,188,107,56,44,103,99
ENSMUSG00000027133,1671,1162,958,577,1138,1183
ENSMUSG00000034171,1145,1234,455,427,1090,708
ENSMUSG00000016554,4914,3655,4030,2943,3767,3539
ENSMUSG00000100441,15,8,14,5,7,6
ENSMUSG00000056367,74,72,28,21,100,88
ENSMUSG00000103939,53,99,57,27,55,59
ENSMUSG00000038295,12,4,54,26,4,13
ENSMUSG00000023944,46358,29542,40502,26230,28249,28594
ENSMUSG00000074344,64,58,21,33,55,24
ENSMUSG00000106309,40,34,23,11,38,41
ENSMUSG00000052160,8506,6173,2161,1294,6813,6496
ENSMUSG00000076522,2426,1296,1065,799,665,716
ENSMUSG00000061603,14,28,22,25,7,8
ENSMUSG00000038286,294,237,77,49,245,250
ENSMUSG00000097295,2917,2717,1319,925,2596,2248
ENSMUSG00000094388,43,26,57,56,27,13
ENSMUSG00000007107,2,0,6,24,1,0
ENSMUSG00000032818,93,56,11,12,109,102
ENSMUSG00000076570,243,43,56,11,47,45
ENSMUSG00000002908,15,3,14,13,7,9
ENSMUSG00000032076,1869,1448,732,442,1335,1229
ENSMUSG00000020866,8,9,15,20,4,0
ENSMUSG00000083045,23,20,10,8,28,13
ENSMUSG00000027954,5,11,12,7,14,18
ENSMUSG00000071478,160,87,73,46,181,154
ENSMUSG00000072596,767,569,412,169,444,814
ENSMUSG00000078901,1081,932,239,194,953,868
ENSMUSG00000042331,897,595,375,295,398,1065
ENSMUSG00000021643,27,27,36,19,27,17
ENSMUSG00000082013,27,33,13,8,42,35
ENSMUSG00000042688,2602,2056,1211,936,2259,2332
ENSMUSG00000103584,16,18,10,5,28,10
ENSMUSG00000026245,2582,2090,1362,934,2176,1922
ENSMUSG00000051149,1258,1872,1377,1026,1266,1302
ENSMUSG00000021395,3876,3218,1207,808,3557,3207
ENSMUSG00000095307,165,140,43,32,181,140
ENSMUSG00000091478,16,0,0,0,0,0
ENSMUSG00000044172,0,0,8,14,0,0
ENSMUSG00000031093,17393,15238,5100,3711,16579,14973
ENSMUSG00000054723,588,407,494,330,450,454
ENSMUSG00000020080,1,0,9,12,0,2
ENSMUSG00000039783,7667,6471,1643,1071,7570,7196
ENSMUSG00000017802,4544,3895,1808,1120,4569,3913
ENSMUSG00000026589,136,119,40,31,83,102
ENSMUSG00000002504,74,39,37,25,89,87
ENSMUSG00000046186,8,2,16,9,3,1
ENSMUSG00000096237,3,8,17,12,12,0
ENSMUSG00000100025,13,9,11,14,14,11
ENSMUSG00000038335,3191,2413,3777,2934,2342,2255
ENSMUSG00000053044,254,175,114,110,262,140
ENSMUSG00000025921,504,459,177,105,513,416
ENSMUSG00000096252,9,26,24,25,5,21
ENSMUSG00000020061,49,73,25,11,43,30
ENSMUSG00000029722,643,538,193,116,544,496
ENSMUSG00000040270,13154,13012,3668,2604,14815,13802
ENSMUSG00000081528,35,43,8,2,72,62
ENSMUSG00000090231,635,366,245,112,334,437
ENSMUSG00000021669,3513,3144,1418,1100,4066,3453
ENSMUSG00000071322,2,2,11,16,1,0
ENSMUSG00000029775,1358,1162,526,376,1270,1196
ENSMUSG00000109324,1927,1562,2549,1873,1701,1630
ENSMUSG00000020648,328,259,432,316,239,208
ENSMUSG00000034738,89,51,79,55,68,78
ENSMUSG00000021895,9896,7918,3792,2224,8537,8000
ENSMUSG00000026573,67,24,12,20,44,32
ENSMUSG00000003190,972,722,445,280,836,770
ENSMUSG00000093904,3234,2286,1603,1085,2870,2578
ENSMUSG00000043153,180,149,62,28,157,146
ENSMUSG00000054065,935,730,220,199,671,707
ENSMUSG00000104765,20,14,64,80,9,10
ENSMUSG00000022323,512,373,167,105,371,322
ENSMUSG00000083240,12,0,12,0,12,4
ENSMUSG00000027447,5419,3855,1585,891,3763,4097
ENSMUSG00000081679,18,16,5,1,17,20
ENSMUSG00000037149,2804,2021,3100,2291,1957,1791
ENSMUSG00000095565,2064,636,449,531,289,366
ENSMUSG00000079884,546,382,114,197,350,357
ENSMUSG00000074739,24,39,16,13,43,42
ENSMUSG00000027907,1521,973,1105,704,1012,989
ENSMUSG00000096805,940,476,209,186,253,243
ENSMUSG00000026587,42,49,46,53,72,32
ENSMUSG00000052102,1471,1196,468,303,1055,1018
ENSMUSG00000040264,45,32,44,40,18,19
ENSMUSG00000084031,20,14,52,48,24,24
ENSMUSG00000026224,89,109,80,55,119,74
ENSMUSG00000058470,6055,5146,2282,1493,6873,7254
ENSMUSG00000009394,61,74,38,25,74,54
ENSMUSG00000068452,1,0,15,8,0,0
ENSMUSG00000027305,607,502,355,206,508,482
ENSMUSG00000026156,414,373,154,119,493,396
ENSMUSG00000029326,582,434,352,230,446,438
ENSMUSG00000076607,456,435,151,135,381,352
ENSMUSG00000036030,9,11,26,36,24,14
ENSMUSG00000074653,27,32,11,12,18,25
ENSMUSG00000052759,4,1,8,9,6,7
ENSMUSG00000051257,9,6,14,13,8,8
ENSMUSG00000036533,561,384,101,71,412,368
ENSMUSG00000069792,583,244,236,99,117,100
ENSMUSG00000076498,382,209,99,104,361,220
ENSMUSG00000032330,1520,1020,567,374,1236,1170
ENSMUSG00000051490,4,2,14,9,0,0
ENSMUSG00000037032,194,194,54,51,176,159
ENSMUSG00000032340,76,66,21,21,56,61
ENSMUSG00000033295,44,28,21,34,103,53
ENSMUSG00000073418,594,451,387,234,242,141
ENSMUSG00000069833,16608,17909,4884,4761,23213,14751
ENSMUSG00000021876,77,63,24,28,58,60
ENSMUSG00000094689,1184,2610,538,565,524,495
ENSMUSG00000024580,2488,1961,1158,867,2007,1952
ENSMUSG00000058740,6,5,18,39,4,1
ENSMUSG00000068417,54,52,9,6,20,30
ENSMUSG00000021223,37,41,47,51,56,49
ENSMUSG00000027306,1052,562,234,142,423,723
ENSMUSG00000081176,8,6,5,14,16,16
ENSMUSG00000063316,826,673,693,387,732,842
ENSMUSG00000026283,2383,1937,1082,815,1992,1918
ENSMUSG00000021485,203,143,63,58,150,114
ENSMUSG00000074272,3729,3354,787,512,3650,3775
ENSMUSG00000025393,17535,12669,11258,7081,13505,13093
ENSMUSG00000090004,123,87,38,30,88,95
ENSMUSG00000024939,617,412,161,82,484,437
ENSMUSG00000055632,80,74,988,719,60,63
ENSMUSG00000043683,5109,3964,2448,1736,4410,3812
ENSMUSG00000025656,75,85,156,144,70,74
ENSMUSG00000021040,951,706,442,319,751,668
ENSMUSG00000096641,0,0,24,40,0,0
ENSMUSG00000039084,412,505,146,74,452,238
ENSMUSG00000033577,479,400,202,186,339,266
ENSMUSG00000103332,38,35,10,10,34,31
ENSMUSG00000023909,148,116,54,24,86,94
ENSMUSG00000026822,481,127,45,94,9,21
ENSMUSG00000076617,458232,343388,204555,198842,192667,197070
ENSMUSG00000022602,45,36,92,65,51,52
ENSMUSG00000009418,1103,1217,811,441,1259,792
ENSMUSG00000069516,8550,4052,1858,993,3947,6703
ENSMUSG00000021585,4276,3763,2605,1997,3896,3282
ENSMUSG00000053931,4760,3825,908,528,4261,4365
ENSMUSG00000025461,21,32,27,47,34,7
ENSMUSG00000022704,1159,978,1042,834,1024,866
ENSMUSG00000025156,2555,1966,1607,1087,2154,2102
ENSMUSG00000073421,72736,53352,25774,16073,53113,48543
ENSMUSG00000030079,1482,1079,1327,925,1053,1041
ENSMUSG00000078377,69,0,92,0,0,62
ENSMUSG00000022604,1829,1866,756,598,1811,1579
ENSMUSG00000026051,18,10,5,3,16,12
ENSMUSG00000032101,198,173,54,43,163,181
ENSMUSG00000021478,84,80,52,34,87,64
ENSMUSG00000027339,13946,12240,4749,3635,12384,11170
ENSMUSG00000062300,53,31,18,14,35,35
ENSMUSG00000020376,3803,2845,1145,622,2750,2614
ENSMUSG00000046380,1052,928,674,454,968,959
ENSMUSG00000075427,48,75,35,29,84,64
ENSMUSG00000021238,578,469,176,117,487,441
ENSMUSG00000095753,1156,952,520,284,562,473
ENSMUSG00000054885,6,7,24,15,11,4
ENSMUSG00000060538,1031,741,331,251,826,765
ENSMUSG00000036492,87,55,39,25,42,87
ENSMUSG00000036442,835,634,326,177,696,696
ENSMUSG00000031097,134,87,45,24,145,145
ENSMUSG00000027002,87,62,64,32,44,73
ENSMUSG00000072940,2137,1587,790,515,1398,1885
ENSMUSG00000092029,45,66,4,9,48,27
ENSMUSG00000004849,541,409,191,88,337,375
ENSMUSG00000073684,649,508,186,133,534,493
ENSMUSG00000031004,13069,6714,3070,1575,4172,3777
ENSMUSG00000026972,2307,2029,782,474,2329,2165
ENSMUSG00000000686,136,113,41,42,106,87
ENSMUSG00000025592,69,54,170,172,73,64
ENSMUSG00000027067,8805,6217,6540,4414,6048,6055
ENSMUSG00000005534,3628,3834,1204,891,4169,3555
ENSMUSG00000097586,218,244,94,66,279,183
ENSMUSG00000040627,269,100,93,49,98,85
ENSMUSG00000031007,1731,1352,707,391,1546,1364
ENSMUSG00000029915,83,28,16,26,20,19
ENSMUSG00000030554,48,56,54,38,46,39
ENSMUSG00000023004,14412,8804,6406,3149,8476,7571
ENSMUSG00000066697,177,171,371,485,185,139
ENSMUSG00000029463,265,179,693,434,201,232
ENSMUSG00000057666,18432,10832,8674,4572,8945,9990
ENSMUSG00000082684,146,142,45,31,143,119
ENSMUSG00000041827,1017,734,216,208,749,1238
ENSMUSG00000031428,974,707,183,166,627,713
ENSMUSG00000022474,471,324,621,330,325,277
ENSMUSG00000080885,39,30,10,8,49,15
ENSMUSG00000016495,2526,2116,573,444,2402,2083
ENSMUSG00000051185,978,821,376,237,927,832
ENSMUSG00000094533,22,11,4,6,15,18
ENSMUSG00000022468,322,221,90,59,292,304
ENSMUSG00000031399,846,785,335,221,815,703
ENSMUSG00000026581,37525,31026,3066,2257,32468,31602
ENSMUSG00000045005,454,392,751,558,411,371
ENSMUSG00000024538,21,19,15,5,11,10
ENSMUSG00000082436,182,173,76,43,230,183
ENSMUSG00000051804,216,164,56,49,207,167
ENSMUSG00000022505,42,21,51,65,28,28
ENSMUSG00000041445,67,46,68,37,67,87
ENSMUSG00000032827,319,346,181,155,341,237
ENSMUSG00000063802,793,610,627,397,698,630
ENSMUSG00000094322,598,404,171,206,216,240
ENSMUSG00000037974,0,1,27,44,10,6
ENSMUSG00000001166,721,592,238,141,671,668
ENSMUSG00000045435,416,295,135,115,385,345
ENSMUSG00000019803,8,20,22,29,12,7
ENSMUSG00000002992,50,27,24,12,19,39
ENSMUSG00000017774,14708,13551,5500,3820,15177,15728
ENSMUSG00000100963,16,20,3,23,15,9
ENSMUSG00000038296,8,12,14,21,9,8
ENSMUSG00000004098,92,113,12,19,210,314
ENSMUSG00000020156,3541,3225,1409,970,3337,2845
ENSMUSG00000092560,45,53,39,26,17,8
ENSMUSG00000073420,92,70,39,28,23,23
ENSMUSG00000054720,1785,1809,592,339,1684,1465
ENSMUSG00000020214,6,5,15,24,6,8
ENSMUSG00000043445,379,268,110,63,311,223
ENSMUSG00000024824,1989,1674,913,635,2017,1640
ENSMUSG00000028792,2872,2099,1906,1220,2227,2195
ENSMUSG00000032744,9,12,37,30,11,12
ENSMUSG00000027132,669,622,266,204,644,575
ENSMUSG00000020184,3262,2927,11965,9300,3015,2800
ENSMUSG00000095442,733,500,538,230,202,192
ENSMUSG00000021236,2998,2719,606,422,2687,2570
ENSMUSG00000021831,1440,1054,930,733,1007,959
ENSMUSG00000055541,2283,1720,993,503,1573,1346
ENSMUSG00000096574,0,0,3,12,0,0
ENSMUSG00000079061,46,47,55,66,42,62
ENSMUSG00000015766,861,704,417,317,902,935
ENSMUSG00000031132,19,11,3,2,25,5
ENSMUSG00000072791,79,98,33,28,123,85
ENSMUSG00000026829,140,119,65,25,113,81
ENSMUSG00000000248,911,845,2221,1571,701,580
ENSMUSG00000024789,6153,4879,1592,1420,5181,4714
ENSMUSG00000022565,11100,11170,5043,3882,12002,9362
ENSMUSG00000001995,1862,1621,508,401,1641,1415
ENSMUSG00000027613,2007,1478,1105,762,1965,1786
ENSMUSG00000109941,0,0,0,22,0,0
ENSMUSG00000022231,771,822,320,408,381,305
ENSMUSG00000076575,99,42,13,39,52,46
ENSMUSG00000026887,675,427,448,365,415,407
ENSMUSG00000024044,1873,1351,974,475,967,952
ENSMUSG00000095105,2618,2292,903,666,2808,2755
ENSMUSG00000096740,640,571,361,281,632,645
ENSMUSG00000079620,5,1,45,58,0,1
ENSMUSG00000076615,4551,1856,3129,1883,1081,696
ENSMUSG00000020638,1324,927,192,143,1098,1592
ENSMUSG00000005034,6453,5265,1722,1207,5630,5198
ENSMUSG00000017314,20,15,15,12,6,10
ENSMUSG00000038241,6048,5526,3526,2556,4782,3892
ENSMUSG00000031755,606,586,251,195,529,455
ENSMUSG00000076666,658,412,215,142,497,426
ENSMUSG00000020706,5215,3806,6650,5585,3958,3736
ENSMUSG00000032908,1148,1140,156,129,1188,1091
ENSMUSG00000047293,14,13,7,11,19,6
ENSMUSG00000025743,7768,5667,2857,1114,4292,4321
ENSMUSG00000081738,4,21,15,14,8,4
ENSMUSG00000053870,1202,1000,385,316,905,798
ENSMUSG00000000037,8,10,15,18,6,5
ENSMUSG00000052331,15445,14698,2876,2244,16417,14469
ENSMUSG00000020176,49,37,87,69,43,31
ENSMUSG00000033166,1936,1490,1925,1571,1442,1289
ENSMUSG00000098050,9,3,7,1,7,15
ENSMUSG00000010048,883,586,1031,825,640,597
ENSMUSG00000000983,5,7,4,3,6,5
ENSMUSG00000020810,18,23,18,24,15,19
ENSMUSG00000024309,803,653,652,430,688,617
ENSMUSG00000054499,2265,1978,849,622,2346,1863
ENSMUSG00000086513,92,59,25,33,38,54
ENSMUSG00000028494,1107,834,345,167,706,689
ENSMUSG00000036968,750,596,292,176,665,549
ENSMUSG00000016179,9,12,47,57,15,22
ENSMUSG00000003282,93,79,44,42,123,134
ENSMUSG00000041429,65,58,124,74,80,80
ENSMUSG00000026170,786,761,185,139,768,616
ENSMUSG00000036894,1164,788,3311,2263,740,722
ENSMUSG00000022636,1582,1433,381,291,1553,1352
ENSMUSG00000020953,261,258,166,125,539,258
ENSMUSG00000075599,2,9,19,27,6,3
ENSMUSG00000071073,11,4,8,24,4,13
ENSMUSG00000046031,463,383,121,72,414,386
ENSMUSG00000081811,51,63,30,12,62,49
ENSMUSG00000063412,640,363,407,262,463,463
ENSMUSG00000052031,1287,1042,941,730,1088,1108
ENSMUSG00000013662,2810,2173,1378,1059,2242,2056
ENSMUSG00000020401,11,14,21,21,8,2
ENSMUSG00000026259,1,1,11,14,1,2
ENSMUSG00000062611,46,18,8,6,32,10
ENSMUSG00000043866,4106,2956,2467,1385,2790,2808
ENSMUSG00000090639,193,44,230,43,21,0
ENSMUSG00000035211,40,41,103,93,33,26
ENSMUSG00000022508,3100,2605,1355,899,3420,3089
ENSMUSG00000079018,71,56,160,209,46,75
ENSMUSG00000067365,1326,1046,494,312,1130,1027
ENSMUSG00000034190,1577,1238,760,528,1473,1217
ENSMUSG00000062515,168,133,193,98,99,120
ENSMUSG00000034903,2958,2741,523,420,2677,2594
ENSMUSG00000089662,32,29,11,6,23,15
ENSMUSG00000081559,11,12,10,4,8,21
ENSMUSG00000028701,833,718,290,212,524,484
ENSMUSG00000025995,2606,1974,2178,1690,2003,1794
ENSMUSG00000064264,53,51,140,97,60,51
ENSMUSG00000108294,0,0,0,0,0,0
ENSMUSG00000085006,9,6,8,13,1,5
ENSMUSG00000047344,17,8,9,12,1,7
ENSMUSG00000101892,536,451,1193,749,485,445
ENSMUSG00000019726,20474,18473,22137,16944,17211,14410
ENSMUSG00000041205,62,50,82,75,63,46
ENSMUSG00000041797,468,587,214,123,477,227
ENSMUSG00000039529,9,20,32,32,19,12
ENSMUSG00000022371,1484,1575,650,294,971,464
ENSMUSG00000101167,72,58,563,407,75,51
ENSMUSG00000001444,252,181,85,61,193,104
ENSMUSG00000074628,49,41,13,7,47,58
ENSMUSG00000033227,4,1,24,30,2,9
ENSMUSG00000052656,1194,1136,428,284,1094,1023
ENSMUSG00000071649,1537,1268,506,361,1265,1026
ENSMUSG00000037902,9388,7873,7125,2963,6496,6200
ENSMUSG00000025040,1389,981,423,251,963,844
ENSMUSG00000022629,20,5,12,21,13,2
ENSMUSG00000011263,31,20,19,16,24,24
ENSMUSG00000035158,263,239,166,76,190,253
ENSMUSG00000020422,3353,3190,2065,1188,2447,1912
ENSMUSG00000015305,1491,1482,926,443,1431,1255
ENSMUSG00000018819,16059,12970,6171,4072,15145,15099
ENSMUSG00000083364,457,275,596,518,269,320
ENSMUSG00000031958,237,245,99,72,237,234
ENSMUSG00000040653,25,42,21,17,31,32
ENSMUSG00000094134,165,59,44,15,100,90
ENSMUSG00000101656,42,36,26,7,58,40
ENSMUSG00000027878,29974,31005,9120,6870,26532,22748
ENSMUSG00000036192,265,269,523,629,299,197
ENSMUSG00000082691,174,75,0,42,106,124
ENSMUSG00000021497,800,574,279,151,531,460
ENSMUSG00000033307,1701,1081,3310,1950,1018,1075
ENSMUSG00000103600,82,76,105,120,87,77
ENSMUSG00000019986,503,443,1076,933,490,473
ENSMUSG00000078141,17,21,16,0,10,10
ENSMUSG00000003355,183,105,67,42,57,62
ENSMUSG00000039637,5868,5453,3648,2474,5914,5033
ENSMUSG00000075590,24,29,35,42,51,12
ENSMUSG00000000903,1093,861,106,84,1207,1374
ENSMUSG00000070390,548,446,250,198,166,91
ENSMUSG00000033543,2020,1710,839,604,1949,1686
ENSMUSG00000033544,2766,2917,608,428,3207,2670
ENSMUSG00000079192,231,98,102,84,55,14
ENSMUSG00000039997,29650,25120,6656,4361,23545,24809
ENSMUSG00000040711,208,247,847,959,350,268
ENSMUSG00000047843,346,283,203,81,288,287
ENSMUSG00000024208,700,506,572,313,601,479
ENSMUSG00000024533,367,242,144,100,158,206
ENSMUSG00000043004,4223,3262,996,604,3328,3319
ENSMUSG00000084349,0,14,11,7,7,23
ENSMUSG00000024402,1003,760,376,286,795,639
ENSMUSG00000046157,5175,3960,1487,944,4210,4259
ENSMUSG00000030747,90,55,115,83,24,28
ENSMUSG00000028634,1303,1181,985,751,2055,2305
ENSMUSG00000027712,1622,1189,833,454,1111,1222
ENSMUSG00000036863,5,15,11,12,8,11
ENSMUSG00000032135,82,65,285,178,80,98
ENSMUSG00000006517,493,401,309,235,445,439
ENSMUSG00000049741,32,34,19,4,27,32
ENSMUSG00000005470,517,268,141,63,223,224
ENSMUSG00000006494,2777,2446,878,667,2570,2256
ENSMUSG00000080912,43,61,8,8,41,37
ENSMUSG00000020691,1463,1207,1391,1007,1250,1153
ENSMUSG00000043257,2731,2668,985,790,2785,2519
ENSMUSG00000041577,4,1,16,10,4,2
ENSMUSG00000058248,20,11,20,21,22,22
ENSMUSG00000062345,7,6,13,8,13,9
ENSMUSG00000028330,3383,2464,2180,1466,2739,2506
ENSMUSG00000042766,57,46,10,13,71,62
ENSMUSG00000000278,2676,1923,724,450,1902,1998
ENSMUSG00000027570,88,83,93,117,70,85
ENSMUSG00000053318,240,147,98,72,171,222
ENSMUSG00000030590,709,577,181,100,559,545
ENSMUSG00000042590,1920,1599,1172,838,1585,1435
ENSMUSG00000024647,2,8,20,26,2,10
ENSMUSG00000047003,349,287,140,91,323,270
ENSMUSG00000021185,834,722,3960,2960,479,367
ENSMUSG00000019948,505,406,242,166,479,391
ENSMUSG00000029246,1887,1257,1396,988,1180,1092
ENSMUSG00000042439,632,596,399,410,523,382
ENSMUSG00000029616,7065,5529,2773,1813,6191,5769
ENSMUSG00000024666,351,295,110,82,307,266
ENSMUSG00000059237,10,5,0,37,0,25
ENSMUSG00000029415,3693,2832,3377,2648,3202,3116
ENSMUSG00000059493,116,82,47,32,78,47
ENSMUSG00000041750,57,32,13,14,17,19
ENSMUSG00000057278,820,698,496,320,812,654
ENSMUSG00000107968,5,0,12,1,0,3
ENSMUSG00000002083,146,117,3678,2567,72,62
ENSMUSG00000037762,787,671,317,144,537,451
ENSMUSG00000032177,763,627,198,159,489,372
ENSMUSG00000024675,8635,6877,2740,1583,8043,8044
ENSMUSG00000022584,1889,1132,723,718,798,976
ENSMUSG00000031974,1356,1235,460,327,954,824
ENSMUSG00000106627,0,0,35,46,0,2
ENSMUSG00000040724,1993,1861,1321,698,1573,1101
ENSMUSG00000050856,1293,962,997,544,1041,988
ENSMUSG00000074141,3922,2724,6755,4275,2486,2604
ENSMUSG00000028005,20,22,25,20,30,21
ENSMUSG00000018796,1592,1243,633,403,1142,1473
ENSMUSG00000034868,11268,7846,2371,1662,7597,7642
ENSMUSG00000055015,12,19,45,41,15,13
ENSMUSG00000014077,2595,1998,778,489,2145,2291
ENSMUSG00000042229,1236,1080,552,341,1090,980
ENSMUSG00000082828,21,15,24,18,26,20
ENSMUSG00000026456,829,742,298,185,690,646
ENSMUSG00000018168,31964,28318,7912,4920,33068,29613
ENSMUSG00000026675,442,379,251,199,438,440
ENSMUSG00000005667,614,424,395,235,390,438
ENSMUSG00000038607,1695,1309,674,410,1837,1591
ENSMUSG00000069237,1282,1064,405,259,1110,1052
ENSMUSG00000001281,5200,5039,455,347,4763,3472
ENSMUSG00000035199,2099,1646,508,360,1646,1420
ENSMUSG00000028496,1667,1389,507,337,1215,1006
ENSMUSG00000038298,5,15,30,21,6,6
ENSMUSG00000052151,123,103,41,17,124,123
ENSMUSG00000068744,195,155,5466,3740,151,118
ENSMUSG00000021838,195,241,93,40,150,139
ENSMUSG00000062846,0,8,19,0,27,0
ENSMUSG00000024727,7,4,18,19,4,2
ENSMUSG00000059565,38,31,6,10,30,25
ENSMUSG00000022246,93,89,60,50,157,74
ENSMUSG00000040254,166,102,83,78,107,145
ENSMUSG00000028744,1524,1168,362,241,1282,1103
ENSMUSG00000107383,77,34,36,28,56,28
ENSMUSG00000056656,47,20,25,38,0,2
ENSMUSG00000021720,60,45,28,21,66,55
ENSMUSG00000021018,599,392,631,381,440,471
ENSMUSG00000034917,472,377,173,125,379,316
ENSMUSG00000025245,1247,956,372,269,1200,1154
ENSMUSG00000000552,576,478,1362,947,486,496
ENSMUSG00000090077,884,804,309,207,765,542
ENSMUSG00000009941,10,3,11,13,4,10
ENSMUSG00000056091,367,238,88,79,154,339
ENSMUSG00000039607,58,56,62,65,92,43
ENSMUSG00000022687,11,3,20,7,9,4
ENSMUSG00000021900,617,485,166,114,486,416
ENSMUSG00000080021,107,115,33,31,144,98
ENSMUSG00000005237,55,51,114,85,60,38
ENSMUSG00000036411,75,56,19,16,94,105
ENSMUSG00000026630,123,63,41,25,87,72
ENSMUSG00000050368,5,8,29,20,4,6
ENSMUSG00000060904,1867,1309,837,533,1386,1374
ENSMUSG00000026811,254,235,286,266,245,199
ENSMUSG00000036880,946,746,318,178,832,799
ENSMUSG00000015846,1310,1158,809,381,1155,1190
ENSMUSG00000103981,0,0,0,0,0,0
ENSMUSG00000062353,41,17,19,5,21,18
ENSMUSG00000017007,134,132,58,70,162,188
ENSMUSG00000022564,1750,1294,632,436,1126,1213
ENSMUSG00000024066,1005,736,862,570,623,424
ENSMUSG00000022821,1,2,12,20,5,1
ENSMUSG00000029922,3411,2560,1511,1127,2417,5490
ENSMUSG00000031931,976,739,848,634,678,767
ENSMUSG00000024210,13,8,21,4,5,15
ENSMUSG00000082311,11,25,22,26,18,20
ENSMUSG00000013846,5010,4859,1287,1085,4677,4701
ENSMUSG00000091007,23,16,1,3,21,16
ENSMUSG00000093437,40,54,11,16,35,33
ENSMUSG00000058625,10,10,8,6,12,6
ENSMUSG00000033287,44,27,40,10,33,13
ENSMUSG00000034732,12,25,7,5,10,3
ENSMUSG00000022469,337,325,410,332,311,240
ENSMUSG00000058715,2960,1745,1392,721,1318,1372
ENSMUSG00000063810,1589,1306,543,406,1389,1193
ENSMUSG00000055707,590,533,2095,1471,535,423
ENSMUSG00000081695,18,18,10,7,17,21
ENSMUSG00000106405,103,76,25,18,121,107
ENSMUSG00000068699,0,1,21,7,6,1
ENSMUSG00000063659,6880,6092,2785,2044,6400,6027
ENSMUSG00000075271,306,218,152,88,221,217
ENSMUSG00000017999,3304,2638,3102,2375,2644,2567
ENSMUSG00000000901,143,110,43,29,115,145
ENSMUSG00000040234,950,712,1196,721,674,683
ENSMUSG00000036305,1571,1229,1181,826,1281,1246
ENSMUSG00000078780,180,138,91,34,116,88
ENSMUSG00000075229,463,310,712,500,343,336
ENSMUSG00000082686,51,46,13,6,45,52
ENSMUSG00000002668,4822,4667,1552,1107,4446,3630
ENSMUSG00000095788,488,384,241,130,313,186
ENSMUSG00000095663,7,2,13,20,7,10
ENSMUSG00000031732,1452,1343,515,455,1350,1228
ENSMUSG00000092048,8,4,8,23,3,6
ENSMUSG00000013707,2169,1756,493,273,2090,1988
ENSMUSG00000011831,1297,1115,450,308,1029,1066
ENSMUSG00000013974,181,74,159,144,89,113
ENSMUSG00000060985,26,21,43,48,16,10
ENSMUSG00000100863,27,69,537,232,34,43
ENSMUSG00000027016,16,10,29,24,23,11
ENSMUSG00000039462,487,568,210,173,498,387
ENSMUSG00000000365,110,44,30,19,67,58
ENSMUSG00000071176,325,245,118,99,299,258
ENSMUSG00000076709,352,206,113,91,188,178
ENSMUSG00000058905,7,7,4,21,4,7
ENSMUSG00000039450,391,296,3613,2231,312,324
ENSMUSG00000025969,1198,1048,493,460,607,497
ENSMUSG00000019320,80,91,48,48,73,57
ENSMUSG00000035311,3616,2967,1382,984,3231,2837
ENSMUSG00000097945,15,18,3,3,15,20
ENSMUSG00000037499,237,165,94,47,156,168
ENSMUSG00000044708,2279,1886,1630,802,1343,1099
ENSMUSG00000007867,42,21,13,13,11,12
ENSMUSG00000074671,1004,736,316,183,748,769
ENSMUSG00000022586,61,43,248,309,30,51
ENSMUSG00000061474,485,353,263,165,354,340
ENSMUSG00000002228,51,51,21,40,66,15
ENSMUSG00000031274,47,46,13,6,24,11
ENSMUSG00000052712,2892,2245,1078,694,2272,2126
ENSMUSG00000035365,248,111,52,32,83,79
ENSMUSG00000029014,3493,2695,2766,2163,2791,2588
ENSMUSG00000107763,89,87,39,16,125,96
ENSMUSG00000025726,0,1,26,36,0,2
ENSMUSG00000047821,50,40,13,13,61,86
ENSMUSG00000085998,1141,1133,3036,2817,1420,921
ENSMUSG00000071497,854,550,802,540,567,535
ENSMUSG00000039145,3758,3416,1067,708,3410,3331
ENSMUSG00000020717,13876,12421,5787,4243,12751,11980
ENSMUSG00000022696,1307,1320,584,409,1377,952
ENSMUSG00000059248,4263,3360,1550,988,2700,2394
ENSMUSG00000093384,63,25,57,47,31,51
ENSMUSG00000008855,2381,2088,875,609,2497,2276
ENSMUSG00000028076,3615,2732,494,284,2065,1610
ENSMUSG00000072720,92,71,106,77,84,51
ENSMUSG00000021222,658,517,2319,1615,546,496
ENSMUSG00000051669,68,68,47,31,65,76
ENSMUSG00000028057,1137,888,416,243,876,748
ENSMUSG00000039046,4855,4019,1812,1427,3958,3676
ENSMUSG00000000682,21284,15033,8142,4649,14296,14121
ENSMUSG00000028885,64,31,58,15,22,72
ENSMUSG00000099974,685,485,978,681,405,445
ENSMUSG00000054893,343,362,131,82,296,305
ENSMUSG00000051343,179,157,122,58,155,181
ENSMUSG00000095079,26209,27274,6438,10446,1501,3388
ENSMUSG00000079414,133,116,36,31,112,86
ENSMUSG00000051851,60,34,14,5,20,27
ENSMUSG00000078921,5028,2633,731,483,2002,2157
ENSMUSG00000029844,13,20,17,12,25,17
ENSMUSG00000095649,269,229,128,83,220,209
ENSMUSG00000030790,154,112,271,240,158,138
ENSMUSG00000038437,9491,8844,2959,2548,9298,7907
ENSMUSG00000037788,872,732,1674,1211,653,732
ENSMUSG00000080775,12,8,13,4,4,5
ENSMUSG00000042256,5,1,18,14,5,2
ENSMUSG00000082662,2,0,2,2,6,0
ENSMUSG00000044757,20,11,8,8,33,28
ENSMUSG00000038605,654,552,229,153,546,583
ENSMUSG00000022009,1258,974,1008,792,1052,1027
ENSMUSG00000062866,890,778,505,346,782,601
ENSMUSG00000048442,318,258,92,66,312,277
ENSMUSG00000039747,3618,3290,3005,2029,4557,4289
ENSMUSG00000095429,193,436,232,131,117,122
ENSMUSG00000004268,3443,2888,1928,1293,3143,2843
ENSMUSG00000091086,24,16,15,5,38,20
ENSMUSG00000051378,294,158,440,297,114,73
ENSMUSG00000025875,112,90,15,17,76,59
ENSMUSG00000022791,2877,2648,1064,738,2783,2414
ENSMUSG00000039530,1014,910,272,178,935,773
ENSMUSG00000098021,3,117,12,31,76,118
ENSMUSG00000053553,256,208,545,440,215,229
ENSMUSG00000047108,85,78,32,17,87,68
ENSMUSG00000031754,1479,1141,774,440,1183,1125
ENSMUSG00000026111,1192,919,409,282,1023,937
ENSMUSG00000082908,153,106,55,28,112,137
ENSMUSG00000000394,8,12,25,12,3,8
ENSMUSG00000027530,13,8,13,12,15,8
ENSMUSG00000033450,2996,2433,1218,1179,2857,2605
ENSMUSG00000027208,14,16,40,39,13,8
ENSMUSG00000055782,538,409,254,159,379,307
ENSMUSG00000020701,12,4,3,5,16,37
ENSMUSG00000054901,12,7,66,43,6,6
ENSMUSG00000027420,23,19,5,11,14,14
ENSMUSG00000082920,35,26,15,7,29,32
ENSMUSG00000081604,4241,2468,0,197,1998,2514
ENSMUSG00000059864,4,2,21,34,4,3
ENSMUSG00000081999,0,29,10,11,0,27
ENSMUSG00000092618,317,184,141,76,92,81
ENSMUSG00000054191,241,99,13,16,10,33
ENSMUSG00000089739,480,374,8,28,359,372
ENSMUSG00000031452,20,22,67,69,26,34
ENSMUSG00000033177,5,3,3,12,1,2
ENSMUSG00000095071,192,123,43,21,122,109
ENSMUSG00000000631,6016,5569,2405,1719,5769,4850
ENSMUSG00000087350,2,2,14,6,1,0
ENSMUSG00000034145,1,1,16,24,3,4
ENSMUSG00000057541,1461,1213,2197,1927,1144,1074
ENSMUSG00000073457,8,8,27,23,9,4
ENSMUSG00000032375,369,286,128,74,238,150
ENSMUSG00000046456,68,44,38,16,95,41
ENSMUSG00000023022,1083,917,699,397,620,517
ENSMUSG00000019810,1696,1120,642,422,1102,1111
ENSMUSG00000029638,7544,6361,2651,1875,6989,7218
ENSMUSG00000056752,36,25,69,107,24,38
ENSMUSG00000020895,55,26,16,10,31,31
ENSMUSG00000027474,19,28,25,15,31,26
ENSMUSG00000027995,764,585,276,164,595,610
ENSMUSG00000025364,5717,3959,10814,7236,3814,3981
ENSMUSG00000090429,13,14,4,4,14,7
ENSMUSG00000049608,535,419,645,578,184,175
ENSMUSG00000025855,165,111,81,51,122,112
ENSMUSG00000026922,397,318,135,66,371,329
ENSMUSG00000034854,846,650,463,343,697,655
ENSMUSG00000004393,1579,1313,1446,1097,1499,1342
ENSMUSG00000066543,23,19,21,0,14,28
ENSMUSG00000036251,1,0,9,16,0,0
ENSMUSG00000038368,1559,1392,2316,1787,1362,1111
ENSMUSG00000036693,2024,1629,2693,2404,1374,1388
ENSMUSG00000009108,31,18,58,62,10,14
ENSMUSG00000062075,821,671,1050,661,676,601
ENSMUSG00000036882,160,163,27,39,188,177
ENSMUSG00000045775,44,62,24,13,50,18
ENSMUSG00000082315,697,733,338,271,770,721
ENSMUSG00000026864,21756,15426,12324,8294,12592,10964
ENSMUSG00000049470,13872,13118,5450,5109,13085,12237
ENSMUSG00000024132,817,653,857,589,719,623
ENSMUSG00000092118,230,184,127,78,216,233
ENSMUSG00000035000,7535,6002,1680,1183,6372,6775
ENSMUSG00000078648,75,96,46,37,106,68
ENSMUSG00000024421,11,7,15,14,16,6
ENSMUSG00000030980,2558,1988,1782,1402,2026,1924
ENSMUSG00000021636,741,643,210,111,633,645
ENSMUSG00000062093,13,0,17,4,22,17
ENSMUSG00000054988,25,38,13,23,43,21
ENSMUSG00000108705,0,0,5,11,0,0
ENSMUSG00000024664,85,57,29,11,36,31
ENSMUSG00000068745,6,5,31,7,5,3
ENSMUSG00000022445,2,4,11,19,2,6
ENSMUSG00000042079,24266,17476,11977,7843,17904,16689
ENSMUSG00000036371,20957,15054,18274,13728,13919,14156
ENSMUSG00000067292,91,118,207,226,109,101
ENSMUSG00000021891,1179,1003,2881,2160,1004,963
ENSMUSG00000018427,548,439,251,186,384,450
ENSMUSG00000021852,9,7,34,38,6,6
ENSMUSG00000024012,2345,1849,957,593,2145,1995
ENSMUSG00000058670,261,275,544,606,388,263
ENSMUSG00000083917,2,1,12,13,0,1
ENSMUSG00000028459,11671,9179,3138,2248,9431,9739
ENSMUSG00000040690,34,48,32,40,51,24
ENSMUSG00000091844,111,89,134,99,93,93
ENSMUSG00000076508,1693,1159,731,3274,1006,972
ENSMUSG00000085342,17,12,5,5,19,10
ENSMUSG00000001054,1814,1451,571,374,1768,1555
ENSMUSG00000031398,363,379,269,186,414,391
ENSMUSG00000007987,691,510,145,125,693,646
ENSMUSG00000060073,3540,2764,2015,1283,2906,2563
ENSMUSG00000096638,568,503,248,281,190,212
ENSMUSG00000027867,0,1,5,15,0,0
ENSMUSG00000026836,29,33,19,15,26,19
ENSMUSG00000060143,44,42,31,30,142,48
ENSMUSG00000096862,9,21,18,31,8,3
ENSMUSG00000028794,69,65,170,250,70,74
ENSMUSG00000014602,83,77,113,78,44,20
ENSMUSG00000026436,12225,10688,5031,3583,11019,9930
ENSMUSG00000083789,222,199,529,559,222,160
ENSMUSG00000083097,313,250,200,126,387,305
ENSMUSG00000109511,2284,1658,1296,903,1777,1626
ENSMUSG00000040354,2450,1984,2448,1673,1974,1786
ENSMUSG00000069515,86,47,15,11,42,33
ENSMUSG00000050410,400,237,93,43,212,142
ENSMUSG00000002799,43,41,223,165,42,48
ENSMUSG00000075279,1014,707,783,494,790,800
ENSMUSG00000038179,4059,3032,5441,3374,3312,3431
ENSMUSG00000030035,1179,906,351,197,904,869
ENSMUSG00000002997,325,209,92,46,138,181
ENSMUSG00000037808,3724,3362,1460,1073,3680,3397
ENSMUSG00000035840,1242,1031,466,290,1106,1049
ENSMUSG00000019820,12248,11985,11766,10342,11466,7718
ENSMUSG00000024901,18,16,62,49,18,19
ENSMUSG00000024181,906,687,490,286,786,754
ENSMUSG00000053472,0,0,12,12,0,0
ENSMUSG00000058357,17,19,9,6,20,11
ENSMUSG00000000861,18431,18697,8817,5912,19057,16409
ENSMUSG00000076569,14355,22477,14670,49513,1433,2040
ENSMUSG00000032434,4989,4188,1943,1274,4894,4545
ENSMUSG00000014470,1186,987,524,336,1061,894
ENSMUSG00000018334,995,915,1806,1277,732,611
ENSMUSG00000037224,587,472,240,242,446,372
ENSMUSG00000037568,130,128,40,43,86,88
ENSMUSG00000070601,274,309,194,236,245,224
ENSMUSG00000105043,97,128,20,15,82,83
ENSMUSG00000081196,3,5,18,15,4,0
ENSMUSG00000044405,7,0,8,11,1,3
ENSMUSG00000036585,234,202,114,69,147,105
ENSMUSG00000095589,2465,2074,1708,1345,933,894
ENSMUSG00000079630,122,100,60,40,97,96
ENSMUSG00000020532,5258,4182,5664,4543,4995,4193
ENSMUSG00000045136,353,278,93,72,314,341
ENSMUSG00000089698,39,43,45,48,10,28
ENSMUSG00000055108,195,182,79,59,212,166
ENSMUSG00000073197,92,71,26,20,81,72
ENSMUSG00000109238,24,17,41,46,29,20
ENSMUSG00000028990,936,757,1382,956,893,791
ENSMUSG00000083754,21,3,3,3,13,24
ENSMUSG00000034795,165,101,356,298,84,93
ENSMUSG00000060950,556,441,880,683,529,497
ENSMUSG00000022889,1217,891,790,544,872,857
ENSMUSG00000030738,8490,6283,7376,5691,6024,5817
ENSMUSG00000038352,2461,2056,635,460,2389,2563
ENSMUSG00000044328,180,165,80,54,183,154
ENSMUSG00000082199,20,43,11,6,26,21
ENSMUSG00000059970,229,165,490,309,193,207
ENSMUSG00000087642,22,27,12,7,3,1
ENSMUSG00000028381,6677,5702,2656,1946,5892,5092
ENSMUSG00000028132,110,52,25,17,33,34
ENSMUSG00000047757,358,285,119,88,270,240
ENSMUSG00000046994,2769,2691,1192,867,3070,2652
ENSMUSG00000037996,2,5,8,14,3,5
ENSMUSG00000047370,230,222,122,94,84,172
ENSMUSG00000028218,462,447,155,147,385,402
ENSMUSG00000056895,188,106,34,42,160,127
ENSMUSG00000027905,1529,1269,668,494,1398,1285
ENSMUSG00000036067,892,843,314,242,750,590
ENSMUSG00000083773,0,0,16,0,16,7
ENSMUSG00000057246,330,264,130,163,279,322
ENSMUSG00000068600,25,10,3,3,12,0
ENSMUSG00000024440,43,51,25,19,67,72
ENSMUSG00000019843,2921,2598,1464,1144,2123,1994
ENSMUSG00000037818,1512,1310,767,643,1360,1283
ENSMUSG00000067599,129,81,43,48,187,67
ENSMUSG00000038861,4530,3978,1552,1134,4271,3847
ENSMUSG00000005981,3173,2645,3102,2194,2619,2270
ENSMUSG00000020734,20,23,24,27,30,30
ENSMUSG00000029561,1466,898,457,489,756,1156
ENSMUSG00000059479,3110,2468,588,407,3018,3252
ENSMUSG00000041836,1765,1371,928,651,1625,1400
ENSMUSG00000023034,678,722,1598,1634,639,623
ENSMUSG00000021714,130,87,41,31,63,67
ENSMUSG00000026315,143,190,122,115,261,155
ENSMUSG00000037124,70,39,6,20,3,10
ENSMUSG00000039294,5736,4829,1640,1094,5115,4208
ENSMUSG00000027630,11821,9768,3784,2575,9899,8899
ENSMUSG00000048612,5266,4244,1185,1161,2690,2040
ENSMUSG00000052749,6893,5866,1541,1098,5500,6364
ENSMUSG00000027996,2,5,15,22,4,0
ENSMUSG00000031170,119,72,45,63,36,48
ENSMUSG00000033082,124,126,63,84,166,97
ENSMUSG00000025736,1201,936,547,394,992,865
ENSMUSG00000024194,681,465,211,120,425,414
ENSMUSG00000004929,471,281,595,378,366,285
ENSMUSG00000032714,88,63,19,20,104,136
ENSMUSG00000019863,1232,1092,516,345,1267,1006
ENSMUSG00000081236,189,211,93,76,186,192
ENSMUSG00000043252,2085,1880,712,544,2051,1775
ENSMUSG00000099517,1232,447,180,91,459,375
ENSMUSG00000022070,562,465,255,179,435,388
ENSMUSG00000021303,5,2,17,32,1,6
ENSMUSG00000025795,3305,2931,681,429,2917,2790
ENSMUSG00000040219,26,13,21,15,27,11
ENSMUSG00000084230,102,94,17,11,90,83
ENSMUSG00000083558,883,1207,936,242,646,511
ENSMUSG00000020766,600,406,291,201,534,570
ENSMUSG00000026433,710,567,273,129,639,613
ENSMUSG00000033826,2378,2793,1100,1070,2841,1894
ENSMUSG00000019979,2791,2453,9111,6821,2746,2396
ENSMUSG00000020798,1036,1015,253,211,1008,802
ENSMUSG00000024953,1926,1262,782,471,1542,1574
ENSMUSG00000028307,5,8,11,12,5,11
ENSMUSG00000048007,345,222,286,243,346,336
ENSMUSG00000030200,92,55,30,29,56,84
ENSMUSG00000029007,1008,844,377,259,708,678
ENSMUSG00000051262,73,20,26,29,41,39
ENSMUSG00000095338,23,10,2,3,8,11
ENSMUSG00000091119,15,11,1,3,15,17
ENSMUSG00000041624,24,26,25,15,46,19
ENSMUSG00000082099,7,4,2,0,3,4
ENSMUSG00000071036,351,442,208,165,478,441
ENSMUSG00000026874,2,1,11,20,2,1
ENSMUSG00000081191,2,1,13,13,1,0
ENSMUSG00000090066,1,0,11,26,2,0
ENSMUSG00000053617,5004,5152,1774,1247,5287,4850
ENSMUSG00000034875,695,488,239,147,472,503
ENSMUSG00000027073,296,215,186,205,72,65
ENSMUSG00000082101,122,96,15,20,4,38
ENSMUSG00000034165,4186,5460,2683,2494,4623,4346
ENSMUSG00000074252,1,6,6,14,4,4
ENSMUSG00000020695,28,18,50,62,38,20
ENSMUSG00000017837,1138,893,436,305,1043,1034
ENSMUSG00000047295,4,6,25,34,2,4
ENSMUSG00000079523,14138,9459,5515,3213,10454,11079
ENSMUSG00000020392,2088,1556,905,532,1746,1522
ENSMUSG00000035062,169,168,64,30,135,113
ENSMUSG00000098142,17,24,9,4,18,21
ENSMUSG00000046341,9,0,66,22,0,0
ENSMUSG00000030847,92,65,81,36,59,68
ENSMUSG00000024258,543,388,352,263,371,407
ENSMUSG00000041057,5550,4191,5613,4834,4208,4176
ENSMUSG00000026571,1434,1246,609,415,1366,1226
ENSMUSG00000082112,34,23,5,12,29,12
ENSMUSG00000056209,927,721,1040,635,866,772
ENSMUSG00000085666,9,5,10,17,3,0
ENSMUSG00000063689,205,122,78,46,257,210
ENSMUSG00000059182,3357,2931,1358,843,3250,2742
ENSMUSG00000035133,1607,1374,676,411,1273,969
ENSMUSG00000076536,332,217,112,223,252,249
ENSMUSG00000042655,0,0,6,5,0,0
ENSMUSG00000085513,19,1,0,0,6,18
ENSMUSG00000042354,2277,1722,2764,2375,1689,1608
ENSMUSG00000082277,211,246,1125,1656,302,238
ENSMUSG00000092300,13,14,15,14,27,18
ENSMUSG00000025894,1162,971,649,517,1017,855
ENSMUSG00000037824,2718,2187,857,624,2644,2337
ENSMUSG00000024936,25,30,16,8,34,35
ENSMUSG00000025395,860,604,520,369,747,577
ENSMUSG00000027022,1,0,5,17,0,0
ENSMUSG00000032591,500,455,181,129,377,313
ENSMUSG00000049571,17,20,81,90,24,16
ENSMUSG00000061613,1612,1266,1390,1029,1246,1147
ENSMUSG00000040123,4260,4120,1484,1023,4196,3392
ENSMUSG00000030279,3592,3275,1220,997,3488,2997
ENSMUSG00000063919,3,4,22,20,3,3
ENSMUSG00000075467,991,852,641,446,842,781
ENSMUSG00000026393,6697,5522,1848,1213,5530,4974
ENSMUSG00000033885,11007,9267,3251,2145,10003,9650
ENSMUSG00000024587,3686,2736,2490,1723,2526,2404
ENSMUSG00000087701,38,26,16,0,18,21
ENSMUSG00000049687,63,29,14,14,12,15
ENSMUSG00000101878,316,47,0,0,25,118
ENSMUSG00000045983,15786,12769,17379,12960,11578,11078
ENSMUSG00000046008,0,0,2,72,0,0
ENSMUSG00000002808,32,12,2,0,2,4
ENSMUSG00000021725,2273,1974,847,638,2014,1916
ENSMUSG00000040560,2812,2558,991,668,2703,2244
ENSMUSG00000028943,67,110,148,134,101,37
ENSMUSG00000020739,2298,1811,1232,851,1817,1653
ENSMUSG00000036825,265,140,61,36,123,114
ENSMUSG00000067367,1219,767,1268,909,678,774
ENSMUSG00000023019,335,204,134,75,179,164
ENSMUSG00000031799,10673,8280,3650,2578,9151,8531
ENSMUSG00000034902,3736,3327,1703,1103,3711,3393
ENSMUSG00000022842,239,169,240,205,210,197
ENSMUSG00000081343,49,32,71,55,31,22
ENSMUSG00000037376,1576,1236,1346,1063,1280,1235
ENSMUSG00000051998,8716,7044,1837,1314,5942,5047
ENSMUSG00000003438,794,571,589,363,589,582
ENSMUSG00000049214,79,74,73,72,86,60
ENSMUSG00000070808,2489,2819,1511,1281,2781,2524
ENSMUSG00000033972,1566,1100,459,311,1367,1328
ENSMUSG00000047735,30995,25235,6334,4115,27300,25891
ENSMUSG00000081620,30,50,35,17,68,49
ENSMUSG00000025172,13,4,6,6,10,23
ENSMUSG00000078920,2909,1969,858,495,2140,2278
ENSMUSG00000055717,1241,989,446,302,1196,1052
ENSMUSG00000062372,0,1,17,19,1,0
ENSMUSG00000076612,28297,14392,21505,9842,2400,2523
ENSMUSG00000026817,12,6,71,59,7,1
ENSMUSG00000026087,1822,1287,771,487,1466,1456
ENSMUSG00000060743,33918,24769,10235,6059,30314,31155
ENSMUSG00000038987,28,13,42,19,14,24
ENSMUSG00000069713,99,53,40,25,85,111
ENSMUSG00000056602,5622,5387,1690,1610,6497,6118
ENSMUSG00000029468,637,536,740,530,465,389
ENSMUSG00000024912,34,41,168,142,38,33
ENSMUSG00000071662,1423,1120,774,425,1170,1087
ENSMUSG00000025608,122,68,63,58,69,132
ENSMUSG00000038206,1229,1055,444,328,1118,1021
ENSMUSG00000051397,250,224,64,48,219,228
ENSMUSG00000074625,0,0,15,25,0,0
ENSMUSG00000007891,15412,11208,6974,3090,7361,6794
ENSMUSG00000042414,0,0,7,12,0,0
ENSMUSG00000013338,5,2,17,15,1,3
ENSMUSG00000045802,11,15,3,2,12,6
ENSMUSG00000082080,22,33,28,23,19,25
ENSMUSG00000106298,18,10,2,1,28,22
ENSMUSG00000002870,2607,1740,1241,850,1663,1567
ENSMUSG00000025521,561,458,229,124,422,430
ENSMUSG00000081052,21,5,8,6,5,8
ENSMUSG00000073198,0,0,0,16,3,3
ENSMUSG00000040181,5098,4464,1614,1107,4425,3846
ENSMUSG00000041685,2383,2411,1051,832,2240,1894
ENSMUSG00000062753,820,585,214,145,748,721
ENSMUSG00000019814,1365,1093,1559,1207,1067,1101
ENSMUSG00000109035,18,26,28,23,14,19
ENSMUSG00000027185,2623,2308,3389,2643,2376,2101
ENSMUSG00000080935,37,25,11,9,52,20
ENSMUSG00000059461,25,39,21,5,34,17
ENSMUSG00000104031,8,5,5,7,1,6
ENSMUSG00000076613,30192,19057,22033,19574,2294,1976
ENSMUSG00000083186,428,529,184,146,538,456
ENSMUSG00000003444,464,328,235,199,368,395
ENSMUSG00000001467,1608,1133,1184,879,1471,1613
ENSMUSG00000046768,40,23,35,39,27,21
ENSMUSG00000029121,64,74,47,53,58,44
ENSMUSG00000034762,8,5,38,27,7,2
ENSMUSG00000024312,1079,836,1901,1334,886,848
ENSMUSG00000000386,1862,1312,2563,2153,1424,2156
ENSMUSG00000057069,9936,8689,2507,1686,8679,8031
ENSMUSG00000099927,694,353,964,1062,261,391
ENSMUSG00000035711,6528,5166,1243,795,6018,5820
ENSMUSG00000002633,15,17,11,7,16,11
ENSMUSG00000002885,14605,12543,4463,3600,10860,10110
ENSMUSG00000038463,19,7,21,12,5,6
ENSMUSG00000050965,2175,1755,632,499,1792,1546
ENSMUSG00000028678,392,236,115,95,187,143
ENSMUSG00000017767,41,28,12,13,27,16
ENSMUSG00000099591,15,18,45,36,23,8
ENSMUSG00000081593,16,8,17,26,7,0
ENSMUSG00000079635,22,62,7,14,56,36
ENSMUSG00000095193,638,566,426,341,652,580
ENSMUSG00000027203,1146,687,604,384,718,656
ENSMUSG00000049202,3,12,5,12,3,13
ENSMUSG00000083645,101,85,31,17,117,90
ENSMUSG00000079466,3,7,14,20,5,2
ENSMUSG00000059810,2198,1944,1030,803,1633,1068
ENSMUSG00000049539,3461,1511,586,386,1945,1562
ENSMUSG00000105906,15305,11519,2679,2649,8557,9678
ENSMUSG00000011632,4,8,14,17,6,7
ENSMUSG00000083708,0,0,7,0,0,0
ENSMUSG00000032348,47,43,13,7,42,23
ENSMUSG00000055424,19,21,14,9,26,16
ENSMUSG00000041954,537,425,847,540,451,396
ENSMUSG00000032011,235,143,43,26,188,79
ENSMUSG00000020321,5540,4133,1685,1000,4239,3956
ENSMUSG00000036480,1,0,12,18,0,0
ENSMUSG00000041506,1129,834,1140,922,879,810
ENSMUSG00000096078,480,631,244,275,203,146
ENSMUSG00000038679,3989,3476,1534,1142,3097,2501
ENSMUSG00000030643,2312,2033,764,683,1857,1768
ENSMUSG00000009013,4134,2917,2151,1400,3229,2943
ENSMUSG00000021868,1042,784,558,429,842,824
ENSMUSG00000055762,6500,4863,4872,3139,4290,3923
ENSMUSG00000028382,26570,21615,9019,5856,23113,22285
ENSMUSG00000024777,643,550,183,148,581,497
ENSMUSG00000041633,536,540,254,138,417,345
ENSMUSG00000038697,1819,1418,1115,869,1468,1421
ENSMUSG00000023960,82,58,28,18,44,44
ENSMUSG00000098814,2788,1716,1748,657,1473,1576
ENSMUSG00000082570,111,81,14,9,117,101
ENSMUSG00000028373,80,74,102,94,114,74
ENSMUSG00000062960,248,200,137,100,240,252
ENSMUSG00000071042,11610,9247,4972,3016,9368,8859
ENSMUSG00000006589,899,653,2386,1411,697,598
ENSMUSG00000020838,26,23,18,17,18,30
ENSMUSG00000045377,58,43,28,12,49,38
ENSMUSG00000071347,7,10,14,27,10,2
ENSMUSG00000095054,23,24,6,9,16,12
ENSMUSG00000079641,14268,10810,3020,2005,12126,9755
ENSMUSG00000022048,2945,2480,765,523,3005,2635
ENSMUSG00000079484,485,494,221,188,453,404
ENSMUSG00000024084,18,20,16,20,27,21
ENSMUSG00000031824,1352,1041,758,373,741,721
ENSMUSG00000031066,2028,1964,758,579,1656,1504
ENSMUSG00000103880,14,12,3,3,0,5
ENSMUSG00000010142,8520,6405,1374,852,6788,6858
ENSMUSG00000002565,256,231,113,113,325,248
ENSMUSG00000078249,5,14,8,9,5,4
ENSMUSG00000004105,341,479,164,109,501,422
ENSMUSG00000090043,91,83,49,23,118,90
ENSMUSG00000078812,7200,4696,6549,4121,4889,4730
ENSMUSG00000105645,40,20,83,84,0,0
ENSMUSG00000031939,2825,2007,3167,2711,2126,1998
ENSMUSG00000109143,0,4,2,1,11,1
ENSMUSG00000030345,91,57,14,17,18,11
ENSMUSG00000029247,4119,3017,2155,1408,3077,2889
ENSMUSG00000022389,2162,1756,4165,2959,1840,1465
ENSMUSG00000038510,1035,649,1177,813,674,693
ENSMUSG00000024293,5737,4655,2194,1500,5359,4598
ENSMUSG00000033272,1753,1399,1037,759,1521,1482
ENSMUSG00000092511,0,0,0,0,0,16
ENSMUSG00000039599,3006,2803,1121,774,3038,2775
ENSMUSG00000090119,22,18,13,14,17,8
ENSMUSG00000082180,84,92,69,31,60,47
ENSMUSG00000092192,54,19,16,17,33,45
ENSMUSG00000020758,103,107,74,63,102,104
ENSMUSG00000030008,334,249,132,82,266,252
ENSMUSG00000018848,2625,1852,1930,1486,1706,1755
ENSMUSG00000028044,299,163,101,54,152,129
ENSMUSG00000050751,8,22,14,24,18,24
ENSMUSG00000109864,140,161,244,252,100,85
ENSMUSG00000001105,1113,827,571,365,834,819
ENSMUSG00000005800,155,49,74,137,11,13
ENSMUSG00000081228,4,8,5,13,0,4
ENSMUSG00000030376,11,7,21,22,20,3
ENSMUSG00000018381,3122,2376,745,406,2623,2483
ENSMUSG00000022881,494,267,158,87,283,362
ENSMUSG00000042845,38,43,18,24,47,29
ENSMUSG00000097565,5,0,0,16,16,0
ENSMUSG00000033170,38,43,61,35,44,21
ENSMUSG00000036570,37,40,38,46,26,14
ENSMUSG00000032511,10,9,15,18,7,8
ENSMUSG00000026519,1475,1298,471,316,1342,1075
ENSMUSG00000030268,123,75,120,112,65,74
ENSMUSG00000074622,1275,1236,1222,679,912,886
ENSMUSG00000025477,958,906,439,367,1127,1007
ENSMUSG00000022894,70,36,38,27,43,65
ENSMUSG00000024067,631,439,393,226,430,415
ENSMUSG00000069874,2545,1687,680,426,1540,1655
ENSMUSG00000021576,1572,1165,616,370,1239,1128
ENSMUSG00000028015,6494,5178,2079,1416,5283,5359
ENSMUSG00000031613,2668,2107,853,367,1885,1972
ENSMUSG00000103677,27,6,13,14,28,39
ENSMUSG00000031503,176,165,190,146,251,307
ENSMUSG00000045538,503,366,262,167,359,410
ENSMUSG00000021306,3521,3204,1072,704,2980,2810
ENSMUSG00000048120,3077,2586,1023,698,2016,1856
ENSMUSG00000013353,76,82,197,219,89,72
ENSMUSG00000022181,1924,2013,1018,289,1567,949
ENSMUSG00000032562,13758,10450,4452,2962,10985,10966
ENSMUSG00000006378,59,29,30,20,43,40
ENSMUSG00000023982,24,14,5,2,10,11
ENSMUSG00000016756,22779,21275,6851,5638,23228,22551
ENSMUSG00000082931,32,41,17,8,50,37
ENSMUSG00000079037,622,455,264,193,336,298
ENSMUSG00000037960,364,258,88,45,277,306
ENSMUSG00000039087,5127,4883,2420,1797,4791,4260
ENSMUSG00000022428,245,155,539,319,165,142
ENSMUSG00000068874,315,167,62,51,161,177
ENSMUSG00000036944,1589,1217,449,339,1475,1322
ENSMUSG00000019139,1507,1149,942,605,1121,1122
ENSMUSG00000028982,187,154,99,78,131,135
ENSMUSG00000044847,784,682,359,268,704,639
ENSMUSG00000031539,1405,1195,492,310,1221,1099
ENSMUSG00000043099,43,24,453,319,29,17
ENSMUSG00000026285,54,37,43,53,33,21
ENSMUSG00000074899,127,127,118,98,125,118
ENSMUSG00000029128,911,740,304,188,828,720
ENSMUSG00000039934,2752,2503,1488,980,2229,1903
ENSMUSG00000032311,178,150,55,63,140,161
ENSMUSG00000034557,345,274,300,167,277,292
ENSMUSG00000024535,77,85,55,18,83,86
ENSMUSG00000047861,1,2,22,39,0,1
ENSMUSG00000064254,543,345,197,87,319,323
ENSMUSG00000015597,17265,16316,6002,4702,15742,14544
ENSMUSG00000050994,51,16,22,17,17,15
ENSMUSG00000073423,563,466,211,157,491,474
ENSMUSG00000026301,7,7,13,28,9,3
ENSMUSG00000024791,201,98,60,43,96,76
ENSMUSG00000068893,0,23,17,21,19,18
ENSMUSG00000066684,786,678,352,167,548,427
ENSMUSG00000034714,444,434,186,112,346,379
ENSMUSG00000024007,1207,984,607,395,1111,982
ENSMUSG00000029048,2969,2175,1226,748,2410,2159
ENSMUSG00000057561,2437,1591,1501,1085,1701,1698
ENSMUSG00000081797,19,19,11,4,17,15
ENSMUSG00000051335,316,342,167,207,506,558
ENSMUSG00000078695,418,323,66,50,323,309
ENSMUSG00000043424,1124,781,994,801,849,745
ENSMUSG00000048621,1581,1178,265,199,875,615
ENSMUSG00000080893,26,30,12,8,21,34
ENSMUSG00000027579,141,120,50,80,102,101
ENSMUSG00000054404,4578,3867,1496,1093,2382,3996
ENSMUSG00000027344,75,71,29,19,82,64
ENSMUSG00000026669,523,284,164,98,226,208
ENSMUSG00000002769,33,41,56,88,33,43
ENSMUSG00000024081,4801,4023,3823,3258,4091,3840
ENSMUSG00000006360,3117,2635,346,197,3305,2854
ENSMUSG00000025759,1137,1088,453,322,1176,1064
ENSMUSG00000019230,75,86,111,111,78,88
ENSMUSG00000070369,5686,5831,3188,1385,4455,4123
ENSMUSG00000038644,3609,3343,1061,779,3645,3080
ENSMUSG00000042179,0,0,0,17,0,0
ENSMUSG00000020898,1177,1135,4620,3320,1155,1003
ENSMUSG00000022620,618,507,210,125,532,479
ENSMUSG00000005161,2814,1819,987,565,1839,2304
ENSMUSG00000038279,2403,1768,3039,2569,1931,1740
ENSMUSG00000028176,149,195,354,418,192,177
ENSMUSG00000082945,24,24,19,14,29,24
ENSMUSG00000030281,38,21,38,25,43,24
ENSMUSG00000029499,40,35,12,8,26,31
ENSMUSG00000028212,509,303,140,120,293,318
ENSMUSG00000046949,881,902,356,268,852,731
ENSMUSG00000068323,12,10,17,17,5,17
ENSMUSG00000081126,13,8,10,1,11,8
ENSMUSG00000049922,1393,1264,586,373,1304,1139
ENSMUSG00000057497,966,687,639,475,832,792
ENSMUSG00000031068,2764,1995,3333,2264,2224,2034
ENSMUSG00000029366,1705,1425,653,406,1390,1502
ENSMUSG00000038604,1107,1252,684,467,1184,1081
ENSMUSG00000025134,2492,1680,2311,1563,1758,1687
ENSMUSG00000024381,8717,7040,2671,1662,7096,6035
ENSMUSG00000050700,0,0,3,15,1,0
ENSMUSG00000027078,2176,1427,706,519,1228,3415
ENSMUSG00000024997,1843,1256,946,616,1352,1251
ENSMUSG00000031709,1923,1606,698,524,1271,951
ENSMUSG00000068184,153,126,185,116,86,102
ENSMUSG00000028699,84,50,43,33,63,61
ENSMUSG00000080848,2542,1108,968,686,620,1123
ENSMUSG00000028211,13177,10783,25925,17895,9882,10134
ENSMUSG00000020496,3820,2967,1682,882,2819,2707
ENSMUSG00000072621,374,343,337,357,651,374
ENSMUSG00000001524,515,370,436,311,371,357
ENSMUSG00000042363,134,94,63,31,76,101
ENSMUSG00000091311,0,1,7,11,0,0
ENSMUSG00000033102,771,727,375,280,731,588
ENSMUSG00000053980,11,9,11,12,14,4
ENSMUSG00000063334,2983,2333,4731,3471,2472,2142
ENSMUSG00000021754,22761,20045,8508,7134,21634,21638
ENSMUSG00000093505,13,8,22,7,10,0
ENSMUSG00000018387,108,132,50,54,117,114
ENSMUSG00000053646,110,150,88,102,171,99
ENSMUSG00000074886,15045,14015,4545,3431,16145,14397
ENSMUSG00000020577,4237,3540,1208,721,3298,2731
ENSMUSG00000027784,1113,930,319,254,1040,951
ENSMUSG00000082912,0,1,9,18,1,0
ENSMUSG00000018924,27,9,36,47,18,13
ENSMUSG00000060703,679,496,283,151,425,353
ENSMUSG00000015484,2,3,13,12,4,2
ENSMUSG00000061778,1209,1062,458,257,1104,1022
ENSMUSG00000106016,19,10,6,0,11,23
ENSMUSG00000025612,1806,1586,688,548,1786,1537
ENSMUSG00000022043,4583,4040,1166,709,3830,3303
ENSMUSG00000003410,31,37,61,72,45,22
ENSMUSG00000047676,1314,521,106,40,638,896
ENSMUSG00000044229,2992,2901,1237,784,2714,2322
ENSMUSG00000042826,53,59,69,66,65,42
ENSMUSG00000061518,2618,1809,1591,1054,1870,1817
ENSMUSG00000000402,156,155,114,106,178,172
ENSMUSG00000020346,7331,6218,2653,1767,7221,6329
ENSMUSG00000029270,2201,2031,424,295,2098,1861
ENSMUSG00000020396,89,77,366,261,58,42
ENSMUSG00000099998,55,47,39,22,29,39
ENSMUSG00000031833,3602,3653,1392,1123,3898,3351
ENSMUSG00000095891,84,125,22721,43774,558,410
ENSMUSG00000005846,2901,2135,2330,1762,2286,2137
ENSMUSG00000030068,3899,4780,1223,798,5379,4222
ENSMUSG00000035390,31,49,23,19,39,27
ENSMUSG00000041842,140,113,44,57,17,36
ENSMUSG00000004356,4006,3482,11702,9598,3443,3149
ENSMUSG00000050671,4,5,2,6,2,7
ENSMUSG00000042195,82,70,91,82,81,57
ENSMUSG00000026856,712,536,213,123,624,554
ENSMUSG00000105231,117,78,48,22,115,93
ENSMUSG00000005370,3133,2284,5815,4101,2220,2242
ENSMUSG00000042724,1635,1574,1924,1474,1576,1494
ENSMUSG00000025137,1342,1126,897,593,1328,1211
ENSMUSG00000048899,5,5,5,12,0,2
ENSMUSG00000020534,822,642,1031,816,724,679
ENSMUSG00000073131,611,576,231,173,581,554
ENSMUSG00000047591,4,7,15,4,11,10
ENSMUSG00000102543,41,17,67,72,28,25
ENSMUSG00000020399,290,203,150,147,193,175
ENSMUSG00000042675,2378,2155,928,596,2403,2306
ENSMUSG00000030256,1199,963,2272,1441,831,993
ENSMUSG00000013160,2047,1564,807,511,1564,1498
ENSMUSG00000026725,37,24,12,13,36,23
ENSMUSG00000022551,1740,1192,921,564,1308,1126
ENSMUSG00000038412,598,452,328,218,523,462
ENSMUSG00000052681,9649,7561,3243,2071,8049,7583
ENSMUSG00000025228,4160,3385,1549,1051,3671,3175
ENSMUSG00000025068,777,524,625,363,422,444
ENSMUSG00000019437,416,339,276,225,296,312
ENSMUSG00000082986,77,69,34,31,80,64
ENSMUSG00000030880,1873,1589,1915,1485,1714,1649
ENSMUSG00000022132,86,64,25,27,80,75
ENSMUSG00000047878,199,167,93,62,136,99
ENSMUSG00000097064,1052,996,443,320,1198,1164
ENSMUSG00000032563,1900,1489,1038,749,1504,1442
ENSMUSG00000020481,2,4,12,14,1,0
ENSMUSG00000074419,440,368,74,41,446,305
ENSMUSG00000018322,3688,3291,1352,982,2818,2436
ENSMUSG00000018470,20,15,15,12,10,3
ENSMUSG00000025938,452,377,251,202,618,722
ENSMUSG00000021556,1239,1006,429,291,875,721
ENSMUSG00000015804,1652,1347,603,411,1329,1220
ENSMUSG00000038759,5316,3976,4045,3007,4354,4071
ENSMUSG00000083210,111,130,43,34,164,112
ENSMUSG00000095040,13,9,22,9,9,6
ENSMUSG00000044949,102,85,163,112,77,85
ENSMUSG00000010538,158,116,152,100,117,103
ENSMUSG00000044783,5394,4582,2095,1484,5598,4731
ENSMUSG00000074213,56,66,25,13,55,58
ENSMUSG00000038831,1002,947,337,252,1108,989
ENSMUSG00000026921,131,134,80,46,158,186
ENSMUSG00000018378,145,128,350,289,181,131
ENSMUSG00000069011,0,4,0,11,0,0
ENSMUSG00000074224,3,6,21,25,10,4
ENSMUSG00000071342,17,13,11,17,17,14
ENSMUSG00000026049,528,447,250,186,580,468
ENSMUSG00000037892,12,8,6,6,47,7
ENSMUSG00000001270,783,486,358,247,464,336
ENSMUSG00000055003,54,42,24,18,43,66
ENSMUSG00000020899,2757,2465,3268,2420,2377,2183
ENSMUSG00000030942,2185,1573,1712,1253,1554,1565
ENSMUSG00000083630,34,40,47,35,38,21
ENSMUSG00000028161,10700,9085,3672,2474,10381,9945
ENSMUSG00000085791,89,53,42,39,18,80
ENSMUSG00000032733,1009,895,340,235,876,824
ENSMUSG00000090124,114,59,98,62,57,58
ENSMUSG00000026011,81,65,114,116,64,31
ENSMUSG00000005447,1077,773,218,127,957,1131
ENSMUSG00000076937,20749,12730,5860,4599,13284,14197
ENSMUSG00000024851,3814,3535,2011,1346,4013,3549
ENSMUSG00000028175,287,147,49,22,144,122
ENSMUSG00000048078,679,713,241,182,538,518
ENSMUSG00000018446,1065,798,1410,1049,712,599
ENSMUSG00000047181,161,149,86,96,96,82
ENSMUSG00000034117,18,14,19,15,7,11
ENSMUSG00000038775,228,183,71,53,89,133
ENSMUSG00000022964,1524,1321,304,170,1297,1194
ENSMUSG00000028011,483,437,224,192,475,493
ENSMUSG00000037386,20,22,11,6,22,19
ENSMUSG00000046805,14276,9594,7143,4176,7325,8009
ENSMUSG00000000058,26,25,10,4,48,45
ENSMUSG00000047617,701,617,216,163,635,648
ENSMUSG00000040522,1034,870,559,228,469,416
ENSMUSG00000081965,5,4,22,17,7,4
ENSMUSG00000021611,195,210,278,179,151,124
ENSMUSG00000005043,1865,1747,564,359,1724,1557
ENSMUSG00000035451,17,23,25,25,13,12
ENSMUSG00000057137,1440,1234,515,353,972,897
ENSMUSG00000021692,628,460,505,382,573,485
ENSMUSG00000009739,1855,1857,480,376,1558,1209
ENSMUSG00000063954,5944,3546,1766,1418,4723,4748
ENSMUSG00000046636,15,14,0,5,15,0
ENSMUSG00000025008,376,373,137,99,315,242
ENSMUSG00000108686,6,3,2,1,11,0
ENSMUSG00000070713,35,22,22,8,31,29
ENSMUSG00000033047,5205,3662,3741,2642,3922,3581
ENSMUSG00000014686,382,305,124,94,440,388
ENSMUSG00000042514,2240,1945,579,338,2076,2265
ENSMUSG00000045251,738,605,1217,866,618,636
ENSMUSG00000040441,347,342,137,106,333,290
ENSMUSG00000046856,21,9,14,10,14,18
ENSMUSG00000035834,754,584,669,476,581,567
ENSMUSG00000032373,18,14,40,44,8,2
ENSMUSG00000022792,749,552,425,295,572,549
ENSMUSG00000039771,1261,822,902,589,887,912
ENSMUSG00000020728,19,21,33,31,24,13
ENSMUSG00000034867,1677,1464,836,557,1530,1414
ENSMUSG00000080796,88,92,27,24,78,71
ENSMUSG00000057388,1482,927,580,396,1028,985
ENSMUSG00000032207,356,204,172,122,159,127
ENSMUSG00000096045,0,0,3,16,0,0
ENSMUSG00000033852,507,512,128,157,635,373
ENSMUSG00000032274,53,73,62,79,73,56
ENSMUSG00000033581,45,36,48,67,41,27
ENSMUSG00000044024,79,77,126,89,72,66
ENSMUSG00000048756,4010,3707,6436,4567,3434,3229
ENSMUSG00000053289,3035,2496,3072,2587,2589,2367
ENSMUSG00000075605,2,1,13,19,2,3
ENSMUSG00000068397,194,319,39,239,80,303
ENSMUSG00000040729,4,3,9,20,1,1
ENSMUSG00000034667,3042,2348,2691,1906,2224,2046
ENSMUSG00000031432,756,556,464,368,582,528
ENSMUSG00000037685,11372,10017,3368,1962,9576,8357
ENSMUSG00000026566,213,235,166,88,144,101
ENSMUSG00000038291,3340,2802,968,546,3096,2744
ENSMUSG00000013419,19,19,57,60,17,11
ENSMUSG00000033751,1491,1065,886,606,1212,1082
ENSMUSG00000069300,1312,649,259,209,740,566
ENSMUSG00000031119,42,46,26,14,49,31
ENSMUSG00000030657,3391,3540,950,831,3846,3329
ENSMUSG00000040385,11807,8458,4704,2590,10742,9857
ENSMUSG00000031402,2869,2057,824,442,2200,2698
ENSMUSG00000045573,5,1,14,11,4,8
ENSMUSG00000027010,2267,1705,783,588,1609,1567
ENSMUSG00000056204,1101,851,336,200,1030,1078
ENSMUSG00000074228,114,111,37,19,77,67
ENSMUSG00000038482,1756,1170,2074,1449,948,852
ENSMUSG00000075327,1208,950,635,512,1094,1064
ENSMUSG00000076655,1191,837,1132,508,463,367
ENSMUSG00000002325,7493,5132,2490,1774,5140,6396
ENSMUSG00000001794,3959,2887,1298,829,2856,2708
ENSMUSG00000017417,99,73,34,49,179,147
ENSMUSG00000082935,16,20,44,38,27,19
ENSMUSG00000034771,125,122,47,41,150,77
ENSMUSG00000024485,1,0,8,16,1,0
ENSMUSG00000037622,1045,1011,386,294,1000,886
ENSMUSG00000109510,32,16,12,0,0,0
ENSMUSG00000033027,39,18,21,26,47,10
ENSMUSG00000026457,4673,3431,1752,1053,3572,4574
ENSMUSG00000029204,9330,8665,3347,2565,9766,9179
ENSMUSG00000005873,3474,2721,878,409,2958,2604
ENSMUSG00000026357,554,397,816,503,419,374
ENSMUSG00000022619,4,5,15,19,7,1
ENSMUSG00000035329,1663,1449,530,433,1613,1454
ENSMUSG00000062825,27855,21273,11934,6993,21867,22317
ENSMUSG00000050627,6537,5640,1371,848,7216,7089
ENSMUSG00000051675,328,258,531,333,264,235
ENSMUSG00000085795,360,387,489,306,380,302
ENSMUSG00000075266,94,59,27,17,78,65
ENSMUSG00000030735,6,0,11,16,0,0
ENSMUSG00000029036,1764,1377,2531,2140,1586,1395
ENSMUSG00000032575,2537,1742,1043,637,1394,1249
ENSMUSG00000035351,365,287,220,152,303,266
ENSMUSG00000028649,177789,168118,54761,45533,167437,135647
ENSMUSG00000027852,4017,3377,1549,1078,3737,3279
ENSMUSG00000029570,2043,1834,549,393,1795,1580
ENSMUSG00000025889,3,0,0,0,54,1916
ENSMUSG00000026029,4836,4202,1766,1227,4111,3546
ENSMUSG00000068748,14,14,36,35,12,8
ENSMUSG00000002825,409,352,469,362,439,384
ENSMUSG00000112023,727,420,494,359,266,205
ENSMUSG00000084383,194,319,39,239,80,303
ENSMUSG00000063568,223,186,85,34,182,217
ENSMUSG00000060445,36,6,16,29,5,2
ENSMUSG00000054312,1041,720,637,380,726,702
ENSMUSG00000034432,1434,1134,691,514,1173,1178
ENSMUSG00000024621,14324,13848,7579,3014,11476,9967
ENSMUSG00000093955,647,351,430,444,158,161
ENSMUSG00000082901,11,27,15,12,22,7
ENSMUSG00000094797,2936,2233,1371,855,2840,1065
ENSMUSG00000039217,710,512,495,219,553,532
ENSMUSG00000001785,1733,1348,1696,1238,1396,1397
ENSMUSG00000085361,102,126,55,33,139,119
ENSMUSG00000073940,4982,1045,278,331,1042,48411
ENSMUSG00000039899,1018,465,244,263,414,272
ENSMUSG00000030703,140,141,65,45,137,135
ENSMUSG00000098923,807,594,396,344,672,672
ENSMUSG00000024451,231,187,115,105,187,118
ENSMUSG00000022057,940,958,410,191,1077,824
ENSMUSG00000022066,875,698,419,319,1173,915
ENSMUSG00000042444,6173,5363,1436,1091,5933,5679
ENSMUSG00000035692,691,438,254,186,456,635
ENSMUSG00000028655,47,28,47,33,29,28
ENSMUSG00000040997,526,378,824,490,293,360
ENSMUSG00000057789,1766,1145,710,466,1218,1172
ENSMUSG00000062248,473,218,136,89,215,172
ENSMUSG00000073063,20,10,0,3,2,35
ENSMUSG00000040675,2161,1751,2524,1751,1954,1675
ENSMUSG00000037379,8,8,13,30,5,7
ENSMUSG00000033059,3420,2837,1005,696,2875,2501
ENSMUSG00000059741,49,51,31,29,42,37
ENSMUSG00000026750,2429,1715,1448,861,1922,1732
ENSMUSG00000041849,5932,5459,2285,1956,4960,4889
ENSMUSG00000024197,1388,1075,520,331,1101,1126
ENSMUSG00000034403,1272,1103,521,370,1069,937
ENSMUSG00000019837,756,485,670,490,517,482
ENSMUSG00000042745,20,11,52,51,10,25
ENSMUSG00000094410,4865,4829,1554,1501,5389,4421
ENSMUSG00000041202,890,664,398,270,492,642
ENSMUSG00000034724,8631,7714,3388,2587,9377,9132
ENSMUSG00000026987,14700,13557,6701,5533,13598,12185
ENSMUSG00000031157,3254,2504,1309,892,2521,2569
ENSMUSG00000026831,0,1,271,172,0,0
ENSMUSG00000039753,5981,5175,2459,1871,6328,5976
ENSMUSG00000052273,1,2,13,24,2,3
ENSMUSG00000031389,17003,15831,2927,2006,16035,13510
ENSMUSG00000030124,378,275,226,189,213,438
ENSMUSG00000029512,990,1016,1564,1170,962,884
ENSMUSG00000031897,3853,2603,1140,693,2667,2367
ENSMUSG00000036915,1,0,7,13,0,0
ENSMUSG00000003873,1600,1230,6066,4046,1199,1100
ENSMUSG00000010721,196,180,79,71,188,134
ENSMUSG00000082433,38,56,28,20,71,63
ENSMUSG00000070330,1,0,10,17,1,0
ENSMUSG00000020788,18566,16568,2346,1576,16172,15651
ENSMUSG00000034353,67,36,32,29,65,47
ENSMUSG00000078652,4228,3221,3668,2645,3135,3888
ENSMUSG00000061825,12,18,6,11,13,1
ENSMUSG00000049122,25,17,42,22,19,19
ENSMUSG00000028683,846,645,795,667,713,666
ENSMUSG00000035790,280,185,79,45,216,161
ENSMUSG00000021732,40,19,53,68,31,21
ENSMUSG00000083512,107,94,36,24,101,81
ENSMUSG00000096292,123,120,15,22,65,53
ENSMUSG00000094439,11,18,105,68,19,16
ENSMUSG00000028618,2531,2147,776,492,2270,2116
ENSMUSG00000000416,9,14,17,22,15,14
ENSMUSG00000028436,4128,3471,807,611,3822,4628
ENSMUSG00000078995,1469,1206,2794,1996,1309,1234
ENSMUSG00000055760,358,216,244,166,243,279
ENSMUSG00000058446,5653,4760,1815,1243,5142,4389
ENSMUSG00000034127,48,26,2,5,1,19
ENSMUSG00000026904,116,132,22,18,111,133
ENSMUSG00000032243,40,40,79,115,31,27
ENSMUSG00000081782,29,26,6,9,30,19
ENSMUSG00000082381,0,50,58,38,0,5
ENSMUSG00000056394,1277,829,444,261,609,521
ENSMUSG00000020315,19048,18586,7234,5396,19176,16743
ENSMUSG00000031728,683,652,219,150,739,739
ENSMUSG00000075122,289,285,3057,2288,183,143
ENSMUSG00000028568,2033,1485,1088,738,1577,1598
ENSMUSG00000021733,6178,6131,1835,1453,6562,5579
ENSMUSG00000021281,1122,682,355,289,488,626
ENSMUSG00000033209,1128,1149,961,727,1126,794
ENSMUSG00000073433,15,10,22,22,7,27
ENSMUSG00000025500,297,288,82,49,270,253
ENSMUSG00000007379,240,201,1914,1542,244,185
ENSMUSG00000037736,37,62,67,59,88,45
ENSMUSG00000091896,3975,3351,1415,882,3829,3463
ENSMUSG00000090602,8,6,15,11,13,10
ENSMUSG00000043618,1,0,3,0,53,45
ENSMUSG00000031762,72,18,21,16,4,12
ENSMUSG00000043157,51,31,20,8,23,23
ENSMUSG00000045126,3,2,7,12,1,0
ENSMUSG00000002058,1554,1109,448,291,1185,1130
ENSMUSG00000014786,132,122,59,25,104,104
ENSMUSG00000026399,27882,25796,10765,7586,28859,27745
ENSMUSG00000043487,67,67,69,63,49,21
ENSMUSG00000031449,3,1,4,13,1,0
ENSMUSG00000056962,2197,1827,1152,848,2073,1803
ENSMUSG00000075598,0,0,16,30,1,0
ENSMUSG00000027072,49,35,13,8,38,77
ENSMUSG00000021072,2410,1984,930,578,2188,1974
ENSMUSG00000076646,76,204,31,20,49,38
ENSMUSG00000085139,3,7,20,9,6,5
ENSMUSG00000082865,10,12,21,48,9,3
ENSMUSG00000027330,2090,2193,213,148,2442,2259
ENSMUSG00000049339,2014,1711,633,410,1873,1562
ENSMUSG00000045551,681,578,360,218,345,304
ENSMUSG00000028042,2409,2084,2170,1481,2041,1792
ENSMUSG00000099703,169,145,252,206,135,129
ENSMUSG00000040488,44,46,58,52,78,44
ENSMUSG00000028969,853,768,302,184,819,632
ENSMUSG00000025169,227,162,102,60,185,189
ENSMUSG00000109713,147,114,62,38,91,58
ENSMUSG00000001018,1548,1241,592,369,1308,1331
ENSMUSG00000016200,22,15,36,38,12,28
ENSMUSG00000026736,64,45,26,24,42,70
ENSMUSG00000022853,358,281,132,89,242,208
ENSMUSG00000025887,28,17,8,9,21,10
ENSMUSG00000045231,683,585,288,229,660,691
ENSMUSG00000095661,150,36,62,76,35,78
ENSMUSG00000104679,36,20,13,5,26,32
ENSMUSG00000078984,1058,1042,2997,3472,995,1112
ENSMUSG00000020288,1503,1270,422,374,1280,1083
ENSMUSG00000001240,15,17,12,16,8,23
ENSMUSG00000031209,2,3,4,11,4,6
ENSMUSG00000005483,1716,1300,803,581,1593,1311
ENSMUSG00000035891,9410,8042,2921,2273,9713,9938
ENSMUSG00000108823,59,55,182,152,54,43
ENSMUSG00000055435,1546,1602,1123,720,1358,1207
ENSMUSG00000031925,2939,2799,559,515,2352,2219
ENSMUSG00000024735,3692,2875,3411,2213,3211,2891
ENSMUSG00000049133,0,0,22,26,0,0
ENSMUSG00000036181,12305,6801,3855,3043,12148,11228
ENSMUSG00000109446,1,0,9,15,0,0
ENSMUSG00000068740,109,132,270,200,234,194
ENSMUSG00000098509,6,4,26,21,9,4
ENSMUSG00000018476,1488,1631,3461,4019,1839,1574
ENSMUSG00000039735,251,232,216,197,223,235
ENSMUSG00000043102,199,185,30,35,228,235
ENSMUSG00000081284,5,6,17,23,7,8
ENSMUSG00000022272,1739,1544,3648,2157,1092,1056
ENSMUSG00000069135,2199,1897,933,801,2345,2360
ENSMUSG00000096074,2549,2180,1497,851,947,910
ENSMUSG00000083539,16,21,7,2,24,18
ENSMUSG00000031780,1,3,9,10,4,6
ENSMUSG00000066180,39,33,15,21,31,43
ENSMUSG00000078154,19,14,52,10,0,7
ENSMUSG00000021071,104,110,53,51,100,99
ENSMUSG00000027381,1915,1670,5694,4270,1830,1589
ENSMUSG00000079575,44,0,69,42,3,0
ENSMUSG00000030187,606,484,343,275,398,257
ENSMUSG00000063760,35,42,21,23,48,28
ENSMUSG00000078153,3081,2569,1211,878,2425,2105
ENSMUSG00000027556,666,202,4,16,24,100
ENSMUSG00000043346,405,330,97,129,315,284
ENSMUSG00000046841,996,854,312,237,548,551
ENSMUSG00000017897,45,38,28,30,81,24
ENSMUSG00000042757,291,250,216,152,282,360
ENSMUSG00000058135,257,136,115,61,165,165
ENSMUSG00000105573,27,22,56,69,26,17
ENSMUSG00000028557,1108,862,491,333,834,1240
ENSMUSG00000035212,2093,1677,725,400,1674,1521
ENSMUSG00000021087,96,98,40,30,146,112
ENSMUSG00000046272,13,7,16,17,8,10
ENSMUSG00000028029,1944,1473,1288,863,1543,1438
ENSMUSG00000053141,29,33,51,51,33,32
ENSMUSG00000092278,106,88,197,263,44,56
ENSMUSG00000025352,2580,2289,368,200,2030,1757
ENSMUSG00000032377,39,29,9,13,37,5
ENSMUSG00000068732,1829,1404,727,484,1418,1475
ENSMUSG00000066842,330,358,223,223,651,259
ENSMUSG00000039621,6046,5770,2227,1626,5768,5073
ENSMUSG00000032889,0,0,0,3,25,46
ENSMUSG00000039328,1738,1586,470,443,1577,1603
ENSMUSG00000023979,110,114,191,184,98,75
ENSMUSG00000020940,20,15,2,10,16,29
ENSMUSG00000037266,15675,14324,5341,3691,13905,12014
ENSMUSG00000007721,842,533,852,620,505,475
ENSMUSG00000018340,9077,7539,1245,844,8222,7457
ENSMUSG00000026830,70,58,29,15,98,74
ENSMUSG00000041995,266,197,87,72,174,227
ENSMUSG00000055200,379,249,66,47,335,347
ENSMUSG00000037341,5899,5561,2496,1726,6326,5443
ENSMUSG00000051346,356,265,337,249,299,339
ENSMUSG00000008482,9,6,8,6,2,10
ENSMUSG00000024037,977,905,1162,861,1069,951
ENSMUSG00000096410,2564,901,464,606,644,717
ENSMUSG00000020231,533,455,117,84,528,471
ENSMUSG00000018548,1413,1193,1837,1357,1174,1041
ENSMUSG00000032567,878,679,348,235,799,794
ENSMUSG00000014771,833,617,425,257,605,556
ENSMUSG00000069814,22,23,8,9,1,2
ENSMUSG00000002289,195,210,97,35,150,103
ENSMUSG00000032459,703,624,400,353,537,604
ENSMUSG00000025085,27349,21638,8942,5472,21623,20064
ENSMUSG00000085978,1,0,25,34,0,0
ENSMUSG00000023971,882,643,1437,1029,730,627
ENSMUSG00000070493,3477,2575,1483,939,3228,2832
ENSMUSG00000087412,176,133,69,51,232,233
ENSMUSG00000039438,15,8,14,25,8,21
ENSMUSG00000017499,456,246,122,100,113,150
ENSMUSG00000028832,1498,781,482,289,689,581
ENSMUSG00000020914,6580,3750,1836,1056,3037,2463
ENSMUSG00000087370,1807,1572,824,582,1607,1372
ENSMUSG00000092528,204,208,148,111,3,2
ENSMUSG00000051910,216,143,17,27,5,69
ENSMUSG00000041264,3727,3425,2310,1887,3879,3307
ENSMUSG00000030263,11985,10034,4374,2561,12437,12865
ENSMUSG00000093485,112,111,181,147,77,58
ENSMUSG00000084955,0,0,7,14,0,0
ENSMUSG00000043801,9,15,14,0,14,8
ENSMUSG00000048807,53,36,91,65,22,42
ENSMUSG00000083219,34,18,62,37,17,19
ENSMUSG00000082653,272,272,60,51,393,297
ENSMUSG00000025838,43,50,16,12,56,46
ENSMUSG00000002274,294,202,126,67,277,237
ENSMUSG00000034573,119,121,129,136,97,67
ENSMUSG00000035735,17,15,52,40,15,4
ENSMUSG00000026791,208,182,128,83,194,177
ENSMUSG00000037016,3,5,21,19,10,0
ENSMUSG00000021749,7,5,5,5,6,3
ENSMUSG00000032737,986,898,386,232,831,897
ENSMUSG00000043760,1,0,14,14,1,0
ENSMUSG00000105390,18,26,32,17,18,16
ENSMUSG00000020723,83,63,224,293,99,74
ENSMUSG00000096580,39,20,9,7,40,22
ENSMUSG00000024986,2257,1716,1110,706,1985,1970
ENSMUSG00000052305,21576,3574,1132,1265,4646,225536
ENSMUSG00000032898,1169,1091,443,294,968,900
ENSMUSG00000034653,2721,2454,1099,794,2580,2313
ENSMUSG00000034826,1721,1261,970,788,1322,1209
ENSMUSG00000043468,7,13,149,238,9,12
ENSMUSG00000044162,109,76,231,216,83,93
ENSMUSG00000050621,63,52,145,152,88,0
ENSMUSG00000023110,1911,1374,1863,1338,1428,1409
ENSMUSG00000044348,1749,1426,551,415,1347,1396
ENSMUSG00000012187,31,25,3,2,16,7
ENSMUSG00000037692,1687,1860,901,689,1942,1524
ENSMUSG00000039929,2299,2048,2371,1951,2187,1898
ENSMUSG00000000355,1129,954,386,294,1003,859
ENSMUSG00000050914,361,295,102,77,375,289
ENSMUSG00000049871,2448,2439,700,681,2581,1940
ENSMUSG00000026526,3365,2599,1164,760,3005,2741
ENSMUSG00000028386,36,17,11,20,26,67
ENSMUSG00000034687,21,39,30,37,101,31
ENSMUSG00000028766,435,313,597,416,208,191
ENSMUSG00000026234,21516,15097,38054,30278,13223,13573
ENSMUSG00000103034,18,7,22,7,8,17
ENSMUSG00000068523,2413,1744,752,461,1786,1863
ENSMUSG00000042129,4361,3691,1362,788,3404,3073
ENSMUSG00000021866,1878,1619,635,372,1385,1291
ENSMUSG00000037725,317,169,1203,992,153,142
ENSMUSG00000073436,3880,3112,2803,2081,3303,3224
ENSMUSG00000005674,915,728,626,394,860,765
