Data.Matrix,mock_1,mock_2,mock_3,IR_1,IR_2,IR_3
ENSMUSG00000028995,3210,2553,2096,1054,663,1012
ENSMUSG00000045007,122,97,53,22,10,15
ENSMUSG00000062785,183,182,143,530,384,590
ENSMUSG00000038268,1117,843,669,526,369,654
ENSMUSG00000054589,85,46,36,693,394,865
ENSMUSG00000102752,52,59,45,21,16,20
ENSMUSG00000069917,18079,3038,1234,962,1248,909
ENSMUSG00000109032,56,34,17,56,59,76
ENSMUSG00000094686,6,7,3,16,12,18
ENSMUSG00000035818,7,5,4,15,12,12
ENSMUSG00000031971,292,246,142,126,86,91
ENSMUSG00000055172,223,174,141,73,43,86
ENSMUSG00000054520,4680,4236,3103,1197,716,1123
ENSMUSG00000040466,3542,2254,2497,1010,432,700
ENSMUSG00000017390,216,139,152,42,34,30
ENSMUSG00000047832,1650,1234,1141,692,436,972
ENSMUSG00000074479,13,0,0,16,10,0
ENSMUSG00000024999,1884,1580,1194,1744,1454,2330
ENSMUSG00000021290,1097,733,765,550,283,1042
ENSMUSG00000093392,7,25,0,10,0,22
ENSMUSG00000030708,964,769,704,240,186,317
ENSMUSG00000028654,190,86,95,31,42,46
ENSMUSG00000020075,9175,6679,5178,12044,9241,12472
ENSMUSG00000022098,44,51,31,286,196,481
ENSMUSG00000090592,891,1236,710,1054,1048,343
ENSMUSG00000015970,52,42,31,18,36,26
ENSMUSG00000066116,11,0,9,12,3,0
ENSMUSG00000030019,2399,2034,1532,897,589,1131
ENSMUSG00000025915,4047,3702,2988,1440,990,1361
ENSMUSG00000053830,215,123,125,37,94,101
ENSMUSG00000040136,2,2,3,15,13,6
ENSMUSG00000063317,1666,1483,1129,1342,992,1907
ENSMUSG00000045045,21,18,12,22,18,33
ENSMUSG00000028931,3123,2513,1863,696,394,640
ENSMUSG00000039725,914,734,582,582,413,851
ENSMUSG00000018286,2429,1627,1579,1705,1009,1986
ENSMUSG00000022425,162,111,111,66,40,44
ENSMUSG00000022010,944,814,673,482,290,568
ENSMUSG00000037235,8631,6800,5692,1985,1152,1887
ENSMUSG00000029033,870,719,555,231,158,217
ENSMUSG00000020101,3386,3009,2450,1362,865,1137
ENSMUSG00000075015,19,281,582,96833,192652,37
ENSMUSG00000079553,251,154,161,666,496,1001
ENSMUSG00000031150,5,2,4,15,9,6
ENSMUSG00000054999,27,16,15,70,67,98
ENSMUSG00000098678,11,8,12,6,14,6
ENSMUSG00000060096,59,45,0,325,242,158
ENSMUSG00000026249,698,737,490,1553,1470,2313
ENSMUSG00000019850,3657,2933,2269,5372,5317,6768
ENSMUSG00000081272,37,24,30,5,3,14
ENSMUSG00000029484,236,206,152,139,78,99
ENSMUSG00000028979,89,49,27,96,83,119
ENSMUSG00000078840,24,25,10,17,21,8
ENSMUSG00000081684,0,15,13,15,14,3
ENSMUSG00000091095,4,12,9,44,48,10
ENSMUSG00000081868,28,36,21,10,12,15
ENSMUSG00000027544,1613,1775,1164,1361,1061,1085
ENSMUSG00000047227,49,37,41,18,10,9
ENSMUSG00000056328,5,8,1,15,15,3
ENSMUSG00000022623,92,113,58,79,63,55
ENSMUSG00000009687,2972,2180,1862,1315,931,935
ENSMUSG00000028743,687,522,418,218,137,244
ENSMUSG00000051444,236,176,128,103,51,140
ENSMUSG00000090881,311,248,191,78,67,123
ENSMUSG00000105480,25,11,12,1,1,5
ENSMUSG00000044149,705,605,444,877,674,1016
ENSMUSG00000032997,411,329,244,221,152,186
ENSMUSG00000068373,45,71,42,86,120,39
ENSMUSG00000022793,217,158,187,84,40,68
ENSMUSG00000059658,4,16,2,7,8,10
ENSMUSG00000049580,95,97,80,90,36,84
ENSMUSG00000022768,224,224,181,300,274,345
ENSMUSG00000020180,1298,818,672,1961,1210,1610
ENSMUSG00000037531,724,560,417,350,280,584
ENSMUSG00000039789,2425,2182,1724,807,581,1043
ENSMUSG00000098207,11,21,16,12,3,12
ENSMUSG00000051232,773,627,537,594,456,819
ENSMUSG00000028008,3,2,2,66,81,29
ENSMUSG00000057969,17,17,16,31,36,26
ENSMUSG00000022094,628,579,402,2110,1656,2802
ENSMUSG00000060678,4471,2649,3139,1694,1334,2257
ENSMUSG00000086962,61,45,30,58,99,36
ENSMUSG00000079138,64,58,29,69,60,90
ENSMUSG00000018774,3041,1932,2465,1394,688,1132
ENSMUSG00000081665,1157,1041,939,404,203,355
ENSMUSG00000030352,172,147,141,81,49,65
ENSMUSG00000021278,18,26,18,61,54,45
ENSMUSG00000067001,69,60,51,22,13,34
ENSMUSG00000017754,606,575,453,216,95,197
ENSMUSG00000021262,9766,8130,6218,3268,1950,3140
ENSMUSG00000101135,33,51,33,107,87,160
ENSMUSG00000025163,246,126,141,56,65,112
ENSMUSG00000025978,767,640,506,187,187,218
ENSMUSG00000022377,4001,3471,2532,1697,1175,1428
ENSMUSG00000081378,64,34,40,12,27,23
ENSMUSG00000031024,286,237,144,261,154,286
ENSMUSG00000047867,24569,19064,14207,7623,5758,6767
ENSMUSG00000042978,8067,7207,5157,2533,1587,3592
ENSMUSG00000080783,125,92,82,50,40,36
ENSMUSG00000101751,89,96,30,20,26,37
ENSMUSG00000057899,12,10,2,10,18,10
ENSMUSG00000020227,2234,2064,1405,964,758,652
ENSMUSG00000022075,3690,3030,2482,747,531,781
ENSMUSG00000083707,0,0,4,4,0,0
ENSMUSG00000101035,0,0,0,0,14,0
ENSMUSG00000074794,3232,3223,2153,4345,3678,6555
ENSMUSG00000045659,217,201,149,1780,1393,2432
ENSMUSG00000040269,380,283,269,435,260,641
ENSMUSG00000107705,2064,1590,1826,542,342,718
ENSMUSG00000070837,0,0,2,0,12,6
ENSMUSG00000010025,2398,2081,1525,819,534,996
ENSMUSG00000031891,82,60,44,41,28,44
ENSMUSG00000059776,176,143,134,57,48,40
ENSMUSG00000040340,2,0,1,15,13,7
ENSMUSG00000038967,237,150,135,64,36,44
ENSMUSG00000024360,4790,3407,3039,3150,2493,3806
ENSMUSG00000005410,3074,1849,1845,1425,931,1758
ENSMUSG00000031026,9,7,4,41,34,19
ENSMUSG00000048022,88,79,69,55,30,44
ENSMUSG00000043415,1177,919,657,276,134,298
ENSMUSG00000051124,2839,2265,1921,775,591,825
ENSMUSG00000062456,71,22,22,0,51,118
ENSMUSG00000067591,57,39,32,10,17,17
ENSMUSG00000029426,4147,3592,2819,1927,1158,2058
ENSMUSG00000009210,165,169,98,92,79,66
ENSMUSG00000026915,11777,10495,7874,3769,2586,4137
ENSMUSG00000074505,6,8,8,25,40,4
ENSMUSG00000001348,5591,4311,3626,1349,814,930
ENSMUSG00000036995,25,32,19,245,188,376
ENSMUSG00000058579,9,12,13,13,48,7
ENSMUSG00000029198,1740,1173,1121,1057,738,1242
ENSMUSG00000091149,11,15,8,1,0,4
ENSMUSG00000005968,163,126,123,221,178,294
ENSMUSG00000070319,2579,1800,1495,1959,1550,2162
ENSMUSG00000055452,7,10,0,9,0,0
ENSMUSG00000058260,63,74,38,134,162,61
ENSMUSG00000108929,325,336,230,29,22,14
ENSMUSG00000084172,19,28,24,19,17,8
ENSMUSG00000020307,1462,1036,883,2671,1655,3563
ENSMUSG00000025007,1748,1303,1028,1297,882,1460
ENSMUSG00000027849,2,1,1,8,14,0
ENSMUSG00000042729,1021,781,623,1092,831,1585
ENSMUSG00000079014,28,27,19,8,10,5
ENSMUSG00000020205,41,26,25,104,77,177
ENSMUSG00000004446,2765,1927,1723,1980,1256,2291
ENSMUSG00000056073,100,91,57,37,27,34
ENSMUSG00000049336,8,3,4,25,21,2
ENSMUSG00000024247,51,64,47,29,21,27
ENSMUSG00000024757,124,136,94,52,69,53
ENSMUSG00000006235,152,104,98,27,24,21
ENSMUSG00000066632,0,0,0,0,0,36
ENSMUSG00000024338,7636,5693,5300,2304,1343,2589
ENSMUSG00000037295,1523,1479,1061,1695,1158,2696
ENSMUSG00000035783,52,31,26,28,23,19
ENSMUSG00000081788,59,13,12,129,195,15
ENSMUSG00000038560,40,35,23,114,70,197
ENSMUSG00000018672,63,62,50,27,26,36
ENSMUSG00000024841,1561,1181,997,872,649,1185
ENSMUSG00000020328,943,785,580,2492,1693,3624
ENSMUSG00000058883,199,175,109,106,89,110
ENSMUSG00000083061,0,0,34,0,0,0
ENSMUSG00000094091,58,47,35,17,23,39
ENSMUSG00000047264,455,331,284,198,97,220
ENSMUSG00000046441,530,417,405,329,216,426
ENSMUSG00000084991,7,13,16,2,9,5
ENSMUSG00000041468,3,6,1,7,10,19
ENSMUSG00000090996,55,66,50,29,10,14
ENSMUSG00000028836,9,5,3,5,15,5
ENSMUSG00000029610,612,466,401,604,411,604
ENSMUSG00000027435,1828,1247,964,721,532,1031
ENSMUSG00000076619,556,388,304,260,226,158
ENSMUSG00000040247,9787,8915,6958,1966,1242,2427
ENSMUSG00000024937,4396,3846,2962,1777,1205,1645
ENSMUSG00000053706,0,0,0,0,7,382
ENSMUSG00000038768,31,41,42,9,18,13
ENSMUSG00000028156,2816,2340,1918,1612,1179,2528
ENSMUSG00000022496,140,100,85,51,52,23
ENSMUSG00000030510,3,4,3,17,26,8
ENSMUSG00000042284,153,130,117,55,35,45
ENSMUSG00000031779,59,50,41,124,111,315
ENSMUSG00000033707,416,320,253,338,236,436
ENSMUSG00000079710,115,74,48,182,134,141
ENSMUSG00000096942,6,14,9,7,3,3
ENSMUSG00000039275,2197,1813,1378,1322,898,1462
ENSMUSG00000070802,9,4,9,7,16,3
ENSMUSG00000045932,1334,923,994,252,234,618
ENSMUSG00000015962,7,8,5,16,14,12
ENSMUSG00000051537,4,12,12,29,41,11
ENSMUSG00000058240,1088,996,739,419,292,541
ENSMUSG00000027170,5388,3928,3803,2555,1848,3940
ENSMUSG00000049092,310,352,215,105,108,145
ENSMUSG00000060794,33,22,12,36,25,32
ENSMUSG00000024537,556,431,340,360,224,543
ENSMUSG00000024798,27,11,19,5,5,6
ENSMUSG00000095859,22,24,9,21,2,8
ENSMUSG00000036006,22697,22627,15366,3932,2941,3628
ENSMUSG00000109489,37,45,23,321,462,234
ENSMUSG00000100522,33,41,24,16,8,15
ENSMUSG00000046961,186,143,105,38,47,52
ENSMUSG00000044365,27,17,18,24,20,4
ENSMUSG00000041360,2434,1820,1507,2963,2453,3702
ENSMUSG00000040940,18113,18823,12471,6847,5189,5538
ENSMUSG00000035382,1994,1752,1375,698,531,793
ENSMUSG00000041845,1,3,2,94,58,138
ENSMUSG00000082762,68,70,54,33,16,23
ENSMUSG00000029471,2753,2713,2043,1212,828,1379
ENSMUSG00000002343,333,246,228,179,100,264
ENSMUSG00000041362,425,300,423,277,134,176
ENSMUSG00000108370,25,16,20,40,24,20
ENSMUSG00000048703,0,4,3,10,22,0
ENSMUSG00000038349,229,212,228,179,155,114
ENSMUSG00000026037,2013,1533,1323,1426,1089,1899
ENSMUSG00000099366,1,2,0,0,1,0
ENSMUSG00000063410,6116,5193,3578,2038,1417,2197
ENSMUSG00000031995,1450,1107,874,2768,1896,3346
ENSMUSG00000024124,148,147,90,81,58,94
ENSMUSG00000040253,3638,2544,2195,876,660,870
ENSMUSG00000037465,599,486,333,233,167,292
ENSMUSG00000083424,0,3,2,4,0,0
ENSMUSG00000078606,34616,23514,21946,6371,4105,5973
ENSMUSG00000062432,48,45,21,18,12,12
ENSMUSG00000078886,317,372,304,115,51,231
ENSMUSG00000081374,43,49,37,22,28,21
ENSMUSG00000026483,1937,1643,1710,1199,602,816
ENSMUSG00000030695,10813,7607,6815,4509,2750,5174
ENSMUSG00000000776,818,648,533,1202,996,1456
ENSMUSG00000021149,3285,2524,2203,3066,2704,3462
ENSMUSG00000035337,413,483,383,200,160,206
ENSMUSG00000031149,414,296,256,235,154,236
ENSMUSG00000050821,43,25,31,318,251,715
ENSMUSG00000049295,382,303,244,427,278,513
ENSMUSG00000056888,3875,2867,2115,8368,6275,9457
ENSMUSG00000026579,190,110,95,88,50,62
ENSMUSG00000018405,760,578,457,442,343,803
ENSMUSG00000028420,4285,737,3927,302,155,178
ENSMUSG00000036323,5771,4419,3516,8449,6031,10644
ENSMUSG00000084989,22,28,37,11,22,8
ENSMUSG00000069114,1021,982,656,2353,2329,2940
ENSMUSG00000079563,1034,993,689,365,265,332
ENSMUSG00000028906,7766,5925,4279,2985,2120,1879
ENSMUSG00000076665,737,380,225,285,161,141
ENSMUSG00000050533,89,57,25,64,56,68
ENSMUSG00000004748,93,70,56,85,60,104
ENSMUSG00000053603,75,43,23,26,19,34
ENSMUSG00000027221,181,227,133,186,179,51
ENSMUSG00000006386,31,14,28,48,42,26
ENSMUSG00000003573,277,262,175,543,393,970
ENSMUSG00000089769,2,10,5,20,13,12
ENSMUSG00000069267,3026,1470,1712,634,268,421
ENSMUSG00000029866,218,153,57,3,16,9
ENSMUSG00000068566,1741,1606,1067,253,175,145
ENSMUSG00000051367,5,3,1,15,10,0
ENSMUSG00000039585,6865,5880,5825,2773,1739,2722
ENSMUSG00000018965,3662,2611,2201,1647,905,1375
ENSMUSG00000031907,720,664,520,284,190,328
ENSMUSG00000021959,3840,3563,2627,1883,1504,1666
ENSMUSG00000006567,115,70,67,10,36,126
ENSMUSG00000020649,906,461,406,1216,764,2059
ENSMUSG00000037712,28,29,20,27,14,23
ENSMUSG00000087204,71,45,42,83,60,65
ENSMUSG00000020922,2350,1648,1412,1599,1107,1855
ENSMUSG00000035919,1660,1539,1200,372,302,405
ENSMUSG00000047260,1232,866,707,778,537,904
ENSMUSG00000005883,224,169,122,86,47,59
ENSMUSG00000022686,11985,9982,7398,1747,1265,1791
ENSMUSG00000071532,33,17,8,39,13,13
ENSMUSG00000107082,38,56,30,11,10,7
ENSMUSG00000003346,2070,1479,1354,549,302,744
ENSMUSG00000000823,1955,1889,1438,905,704,1045
ENSMUSG00000025494,1210,1144,712,380,284,479
ENSMUSG00000023243,1222,904,755,209,168,237
ENSMUSG00000094127,89,559,312,903,1572,255
ENSMUSG00000048251,317,331,215,326,312,196
ENSMUSG00000039062,213,128,149,110,72,51
ENSMUSG00000054792,2154,2091,1569,844,585,872
ENSMUSG00000021518,2185,1957,1531,889,699,1343
ENSMUSG00000102692,1,4,0,16,11,1
ENSMUSG00000043881,1190,993,800,439,303,720
ENSMUSG00000091998,46,76,45,18,15,21
ENSMUSG00000007783,9,3,3,67,62,80
ENSMUSG00000062727,1993,1018,1274,227,141,388
ENSMUSG00000040322,382,315,271,164,117,169
ENSMUSG00000026880,1221,876,719,253,131,205
ENSMUSG00000054435,14715,10963,8818,3141,2377,2134
ENSMUSG00000026447,9351,8893,6359,2476,1664,2935
ENSMUSG00000024513,4563,3355,2849,1604,1059,1633
ENSMUSG00000030178,191,182,149,96,146,204
ENSMUSG00000009734,29,28,19,50,51,15
ENSMUSG00000043131,15609,12160,10741,6237,3757,8458
ENSMUSG00000063442,7,9,19,17,4,2
ENSMUSG00000023083,13,16,8,15,12,18
ENSMUSG00000099913,59,94,28,41,19,34
ENSMUSG00000108547,116,88,63,36,28,38
ENSMUSG00000080977,0,22,0,84,66,0
ENSMUSG00000024835,6841,4843,4268,2236,1227,1626
ENSMUSG00000084177,19,8,16,23,14,3
ENSMUSG00000067818,80,37,48,44,11,30
ENSMUSG00000087468,0,0,0,0,14,0
ENSMUSG00000082925,13,8,0,25,9,0
ENSMUSG00000017009,5589,4331,3736,1908,1464,2375
ENSMUSG00000021684,159,126,121,84,58,69
ENSMUSG00000079033,177,88,78,655,474,1170
ENSMUSG00000036185,89,73,54,15,17,32
ENSMUSG00000024776,1686,1528,1128,490,331,517
ENSMUSG00000044197,1397,1282,981,376,281,331
ENSMUSG00000030036,2272,1703,1347,1079,706,1527
ENSMUSG00000020948,1614,1501,1222,688,428,1024
ENSMUSG00000028948,2634,2154,1609,2387,1874,2955
ENSMUSG00000032902,943,582,533,342,321,525
ENSMUSG00000029754,370,391,297,729,821,272
ENSMUSG00000044465,1582,1431,985,2719,2075,3643
ENSMUSG00000076518,498,298,230,567,126,189
ENSMUSG00000064215,2247,1777,1522,580,403,955
ENSMUSG00000070522,92,67,37,90,90,68
ENSMUSG00000000530,382,288,267,252,135,217
ENSMUSG00000052221,3,2,2,54,34,101
ENSMUSG00000005233,293,183,151,772,531,1373
ENSMUSG00000020752,3490,3244,2278,1289,914,1824
ENSMUSG00000061024,931,707,521,1298,1004,1390
ENSMUSG00000020674,11,9,14,15,6,5
ENSMUSG00000031360,3090,2896,2203,864,686,1051
ENSMUSG00000056214,73,51,56,201,132,286
ENSMUSG00000023393,667,653,437,225,217,266
ENSMUSG00000089661,9,5,9,21,21,9
ENSMUSG00000042834,42,33,27,43,38,12
ENSMUSG00000011034,0,0,0,9,15,22
ENSMUSG00000098369,26,17,17,0,17,18
ENSMUSG00000050930,305,244,125,107,86,135
ENSMUSG00000028445,20,21,10,8,9,12
ENSMUSG00000021660,10239,6915,6474,6532,4065,9140
ENSMUSG00000039004,48,24,20,22,18,10
ENSMUSG00000036131,25,12,8,7,3,0
ENSMUSG00000078566,307,242,255,69,63,80
ENSMUSG00000028164,1769,1432,1187,689,482,713
ENSMUSG00000041673,1842,1936,1327,753,529,905
ENSMUSG00000001674,3134,2376,1846,2318,1872,3306
ENSMUSG00000090877,138,202,242,242,203,428
ENSMUSG00000028978,16,17,22,21,14,11
ENSMUSG00000110699,0,0,0,0,19,0
ENSMUSG00000083849,252,291,201,91,71,101
ENSMUSG00000031492,117,143,85,286,295,104
ENSMUSG00000078238,24,14,11,10,0,6
ENSMUSG00000079017,4544,2945,3478,1287,779,2282
ENSMUSG00000040699,16567,13244,10048,4067,2435,4498
ENSMUSG00000108442,79,98,56,29,22,39
ENSMUSG00000031352,870,716,562,401,244,583
ENSMUSG00000034247,4231,4009,2944,1897,1345,1637
ENSMUSG00000002984,1490,1201,997,1398,1100,1815
ENSMUSG00000072898,10,0,2,13,10,15
ENSMUSG00000110185,268,290,229,108,83,188
ENSMUSG00000022353,5696,5582,3572,1077,771,829
ENSMUSG00000027900,2702,2187,1842,884,534,877
ENSMUSG00000101750,3,0,0,27,44,10
ENSMUSG00000015314,7500,6818,4864,2591,1935,2465
ENSMUSG00000050248,18,14,10,34,40,16
ENSMUSG00000003849,33,12,17,18,16,15
ENSMUSG00000051978,475,402,324,1027,783,1154
ENSMUSG00000018565,991,797,655,907,636,1275
ENSMUSG00000032047,2259,1521,1421,788,484,720
ENSMUSG00000036983,435,307,265,210,140,355
ENSMUSG00000099241,4245,3427,3366,401,371,485
ENSMUSG00000052684,1205,523,474,2792,2053,3383
ENSMUSG00000074604,1036,951,666,627,442,552
ENSMUSG00000025192,948,811,684,463,334,366
ENSMUSG00000032892,182,113,107,92,64,190
ENSMUSG00000051435,19,7,7,34,31,7
ENSMUSG00000020017,91,76,60,208,236,76
ENSMUSG00000084096,16,17,18,40,28,5
ENSMUSG00000035455,656,366,355,248,211,290
ENSMUSG00000086322,39,38,46,60,30,82
ENSMUSG00000066682,729,722,640,373,152,308
ENSMUSG00000017400,439,440,296,95,60,36
ENSMUSG00000026207,44,56,38,65,56,28
ENSMUSG00000048216,9,3,1,16,19,12
ENSMUSG00000026471,806,665,557,255,188,225
ENSMUSG00000016526,113,59,39,340,302,374
ENSMUSG00000028909,1,2,2,18,13,5
ENSMUSG00000028822,3201,2295,2064,1056,681,1156
ENSMUSG00000001175,22812,16676,15338,8464,4759,11323
ENSMUSG00000031543,702,445,249,101,130,79
ENSMUSG00000039016,628,459,465,240,130,350
ENSMUSG00000027187,5829,4690,3920,1734,926,1200
ENSMUSG00000027210,136,174,102,200,214,64
ENSMUSG00000019822,1024,919,693,210,140,227
ENSMUSG00000038045,180,158,115,30,41,44
ENSMUSG00000057506,1096,779,597,2518,1672,3305
ENSMUSG00000037638,156,129,99,205,157,268
ENSMUSG00000042500,776,720,526,232,190,190
ENSMUSG00000026080,1708,1860,1366,2037,1762,1835
ENSMUSG00000027637,1541,1083,956,620,427,770
ENSMUSG00000095937,0,0,0,0,0,0
ENSMUSG00000019782,1392,1039,925,804,518,819
ENSMUSG00000053121,30,12,8,7,9,34
ENSMUSG00000039959,2809,2434,1947,1430,790,973
ENSMUSG00000000149,2546,2068,1763,914,507,863
ENSMUSG00000046634,5,7,2,25,27,12
ENSMUSG00000083365,883,1207,257,936,242,136
ENSMUSG00000038990,3834,3257,2264,1380,989,2097
ENSMUSG00000048445,53,42,30,121,130,81
ENSMUSG00000056917,16952,14530,10296,5043,1803,5281
ENSMUSG00000109492,70,69,37,15,14,21
ENSMUSG00000037905,2709,2156,1735,1215,845,1358
ENSMUSG00000094973,57,71,41,24,13,14
ENSMUSG00000054604,5908,4433,3827,2205,1497,2811
ENSMUSG00000039908,579,558,333,120,77,120
ENSMUSG00000105244,2510,1951,1453,667,435,515
ENSMUSG00000078881,13,0,0,5,5,22
ENSMUSG00000066441,1101,831,807,469,350,571
ENSMUSG00000079383,8,13,10,21,18,4
ENSMUSG00000020642,3502,3190,2165,872,548,1074
ENSMUSG00000025702,646,500,439,265,233,252
ENSMUSG00000074467,0,0,13,25,20,0
ENSMUSG00000020990,231,188,159,21,10,15
ENSMUSG00000060063,481,237,277,133,106,135
ENSMUSG00000029923,623,484,401,208,126,162
ENSMUSG00000035969,70,57,57,52,39,32
ENSMUSG00000083943,72,53,35,19,8,24
ENSMUSG00000005611,156,117,95,49,50,47
ENSMUSG00000082952,45,48,36,85,93,32
ENSMUSG00000000028,397,241,204,156,106,173
ENSMUSG00000046854,10,11,11,15,8,20
ENSMUSG00000058153,15,17,15,9,15,3
ENSMUSG00000110404,15,11,7,21,14,13
ENSMUSG00000027405,6548,5197,4081,6157,4882,7863
ENSMUSG00000026126,4510,3156,2897,1542,1039,1335
ENSMUSG00000083111,238,197,172,69,61,149
ENSMUSG00000039952,1245,1173,816,542,282,600
ENSMUSG00000066800,2547,2113,1592,1125,927,909
ENSMUSG00000025035,292,180,164,116,64,111
ENSMUSG00000072214,34,9,10,12,13,7
ENSMUSG00000033987,540,580,400,1463,2250,1238
ENSMUSG00000027639,24458,22021,16425,5454,3768,4785
ENSMUSG00000019773,679,453,346,215,155,307
ENSMUSG00000028521,513,516,360,1054,813,1119
ENSMUSG00000101433,4,4,1,11,14,12
ENSMUSG00000011486,2,4,1,6,2,20
ENSMUSG00000032193,702,619,889,770,609,666
ENSMUSG00000108852,0,0,0,10,21,92
ENSMUSG00000030956,2728,2399,1634,4259,2890,5733
ENSMUSG00000040158,366,302,263,183,119,150
ENSMUSG00000042066,1244,1144,486,319,378,274
ENSMUSG00000024340,408,278,275,126,94,87
ENSMUSG00000099981,0,1,0,8,12,0
ENSMUSG00000054545,49,40,19,41,42,22
ENSMUSG00000038570,55,54,28,60,60,68
ENSMUSG00000022483,4,1,4,42,45,60
ENSMUSG00000106075,13,21,12,9,3,9
ENSMUSG00000022014,4852,3499,3214,1900,1280,1829
ENSMUSG00000043065,875,837,590,289,195,424
ENSMUSG00000076534,1020,353,531,1072,700,161
ENSMUSG00000035704,482,373,301,408,334,562
ENSMUSG00000022962,3011,2257,1854,4397,3257,6706
ENSMUSG00000096715,1061,613,728,688,234,257
ENSMUSG00000015396,8151,6017,5675,9958,9108,12664
ENSMUSG00000045092,15154,11562,8313,1071,900,943
ENSMUSG00000082861,21,13,10,22,18,41
ENSMUSG00000098650,950,1137,925,203,170,336
ENSMUSG00000042734,3,2,1,10,8,20
ENSMUSG00000003283,6293,4843,4361,1909,939,2059
ENSMUSG00000102135,13,5,9,5,2,4
ENSMUSG00000027509,1996,1638,1217,1329,937,1659
ENSMUSG00000060206,21,24,23,48,41,12
ENSMUSG00000083555,31,43,18,10,7,4
ENSMUSG00000081344,0,0,1,0,0,0
ENSMUSG00000051969,142,86,101,37,26,24
ENSMUSG00000032725,42,29,30,13,8,6
ENSMUSG00000034164,1077,890,683,154,97,154
ENSMUSG00000025867,627,500,383,213,175,96
ENSMUSG00000003309,143,137,95,21,22,23
ENSMUSG00000100770,82,67,43,38,15,31
ENSMUSG00000028860,48,64,34,166,135,190
ENSMUSG00000094076,133,114,93,23,19,49
ENSMUSG00000030724,43757,38670,27179,14652,9420,22754
ENSMUSG00000014503,255,220,151,90,61,103
ENSMUSG00000023349,2933,1559,3166,2912,1316,2457
ENSMUSG00000084105,27,21,12,6,7,11
ENSMUSG00000039178,197,173,136,77,44,71
ENSMUSG00000056854,15,14,11,31,34,12
ENSMUSG00000018459,35,42,29,21,14,16
ENSMUSG00000022769,1292,897,837,523,312,540
ENSMUSG00000039158,16809,15709,10817,6873,5706,5699
ENSMUSG00000031513,708,558,491,226,158,327
ENSMUSG00000038199,1,0,0,10,20,5
ENSMUSG00000009630,1201,838,749,441,291,596
ENSMUSG00000021280,21,33,27,26,17,13
ENSMUSG00000079681,28,17,14,31,26,40
ENSMUSG00000070394,459,313,335,129,74,210
ENSMUSG00000021650,1220,1006,857,585,343,729
ENSMUSG00000064168,1105,564,574,124,77,220
ENSMUSG00000027367,3805,3288,2543,1500,1041,2088
ENSMUSG00000021871,2716,1853,1805,994,521,1241
ENSMUSG00000032661,1328,1084,890,538,513,635
ENSMUSG00000014301,250,168,144,233,178,299
ENSMUSG00000030341,524,371,347,268,170,208
ENSMUSG00000022200,3220,2574,2242,1265,828,1595
ENSMUSG00000003934,19,26,12,36,31,47
ENSMUSG00000021591,702,412,469,251,131,247
ENSMUSG00000025330,57,38,25,35,48,46
ENSMUSG00000039782,633,589,480,255,209,265
ENSMUSG00000079560,15,15,11,22,38,5
ENSMUSG00000035279,8,23,9,61,102,41
ENSMUSG00000027293,2574,2177,1795,2681,1505,4132
ENSMUSG00000041762,1744,1435,1011,316,204,284
ENSMUSG00000093806,0,3,1,5,16,3
ENSMUSG00000022876,2989,2059,1723,5136,3483,7374
ENSMUSG00000005374,1380,1105,844,686,568,725
ENSMUSG00000031375,67,97,67,88,75,72
ENSMUSG00000061525,2,4,0,10,17,0
ENSMUSG00000105123,26,13,7,8,1,3
ENSMUSG00000030214,5362,4001,3437,1569,914,1278
ENSMUSG00000039221,1844,1482,1476,726,478,1908
ENSMUSG00000096833,1018,642,743,11448,349,383
ENSMUSG00000074865,196,119,96,46,53,87
ENSMUSG00000071076,5380,4142,2752,1642,1098,1752
ENSMUSG00000032507,312,285,174,116,97,141
ENSMUSG00000086670,45,37,23,16,7,13
ENSMUSG00000012777,88,64,41,106,117,89
ENSMUSG00000034055,1627,1599,1125,329,198,338
ENSMUSG00000054932,179,138,152,28,26,37
ENSMUSG00000002767,748,593,513,477,309,604
ENSMUSG00000084319,7768,5109,5415,3456,2537,3460
ENSMUSG00000055676,32,30,20,7,5,4
ENSMUSG00000033313,366,271,200,68,53,98
ENSMUSG00000028841,5,5,2,18,20,15
ENSMUSG00000076556,1011,681,892,388,219,254
ENSMUSG00000042961,6,4,0,16,13,2
ENSMUSG00000091713,0,0,0,14,20,0
ENSMUSG00000074497,7040,8275,5253,2859,2409,2690
ENSMUSG00000062638,65,42,43,15,16,12
ENSMUSG00000025650,358,494,215,603,508,780
ENSMUSG00000028036,7,13,6,12,14,1
ENSMUSG00000074743,168,164,118,134,74,76
ENSMUSG00000026303,107,93,67,178,204,77
ENSMUSG00000040118,79,74,54,108,155,16
ENSMUSG00000049882,279,244,179,296,219,309
ENSMUSG00000009731,53,79,70,138,128,145
ENSMUSG00000023000,4,7,4,35,31,55
ENSMUSG00000028657,5014,3515,3427,1572,1013,1651
ENSMUSG00000024673,66834,51840,43816,22662,13622,33776
ENSMUSG00000024030,5539,4405,3579,1334,845,1106
ENSMUSG00000022659,328,125,184,94,56,22
ENSMUSG00000103766,7,7,2,12,9,10
ENSMUSG00000026532,804,442,160,26,87,27
ENSMUSG00000053916,72,59,65,89,33,175
ENSMUSG00000083150,0,0,0,2,0,0
ENSMUSG00000020250,2458,1810,1829,4382,2946,5429
ENSMUSG00000027219,10406,9146,6542,1765,1099,2355
ENSMUSG00000101874,0,0,0,6,15,3
ENSMUSG00000027654,80,65,40,126,152,103
ENSMUSG00000050840,35,48,31,41,42,17
ENSMUSG00000062082,75,61,94,38,39,43
ENSMUSG00000110430,18,20,10,6,5,7
ENSMUSG00000040483,1685,1371,1198,619,461,834
ENSMUSG00000025950,1422,1020,1133,553,269,690
ENSMUSG00000054008,6569,5432,4144,1827,1365,1941
ENSMUSG00000027274,613,569,428,276,193,415
ENSMUSG00000025175,39,27,10,17,11,7
ENSMUSG00000059316,798,725,530,245,163,316
ENSMUSG00000069910,450,311,302,446,387,568
ENSMUSG00000030606,7,8,2,13,14,6
ENSMUSG00000036768,1105,595,549,321,222,397
ENSMUSG00000038733,9728,9066,6775,4389,3213,4333
ENSMUSG00000041977,2694,2558,1808,1085,743,1141
ENSMUSG00000027577,0,3,2,20,18,6
ENSMUSG00000086986,51,48,42,22,11,30
ENSMUSG00000022940,596,454,417,141,85,223
ENSMUSG00000002265,33,48,26,54,72,26
ENSMUSG00000056673,3193,3076,2096,2359,1980,1951
ENSMUSG00000068604,3,4,3,16,5,8
ENSMUSG00000026938,6432,4611,5386,3078,1434,3291
ENSMUSG00000046598,293,190,188,107,89,97
ENSMUSG00000004814,192,121,130,59,53,107
ENSMUSG00000032103,1295,935,801,952,738,1124
ENSMUSG00000055805,9190,8967,6148,3077,2224,2372
ENSMUSG00000038421,11387,9062,6985,2192,1407,2916
ENSMUSG00000030468,16878,15532,10662,3719,2433,5493
ENSMUSG00000073400,278,111,29,7,26,11
ENSMUSG00000038059,156,98,112,150,97,253
ENSMUSG00000046207,113,74,73,104,51,41
ENSMUSG00000026578,410,300,223,127,75,98
ENSMUSG00000030350,17,17,20,26,26,5
ENSMUSG00000030060,930,728,660,267,172,252
ENSMUSG00000020741,2738,2426,1736,4164,3102,5123
ENSMUSG00000020116,880,582,528,1067,838,1497
ENSMUSG00000106715,244,230,148,85,26,151
ENSMUSG00000075046,0,0,0,41,69,0
ENSMUSG00000095612,1690,2921,1088,752,1413,359
ENSMUSG00000004100,2035,1577,1208,3216,2620,3717
ENSMUSG00000039457,477,399,280,117,100,78
ENSMUSG00000058624,1059,352,350,352,354,321
ENSMUSG00000025213,28,24,12,56,45,78
ENSMUSG00000094651,24,6,11,7,5,4
ENSMUSG00000035215,224,92,61,353,116,460
ENSMUSG00000089628,17,10,5,10,2,6
ENSMUSG00000003476,0,0,0,9,12,1
ENSMUSG00000022199,69,74,51,26,20,28
ENSMUSG00000078185,1689,1376,1164,536,410,712
ENSMUSG00000004891,22,5,20,29,45,33
ENSMUSG00000078867,29,29,11,11,8,20
ENSMUSG00000083397,47,37,34,107,72,96
ENSMUSG00000074934,108,124,77,188,211,70
ENSMUSG00000038332,5098,4755,3702,1929,1776,1935
ENSMUSG00000021890,2063,1786,1547,899,629,1102
ENSMUSG00000026857,496,484,351,345,289,560
ENSMUSG00000082726,1,4,2,20,11,32
ENSMUSG00000040415,642,536,404,251,153,249
ENSMUSG00000040856,3,4,1,26,24,3
ENSMUSG00000069622,0,12,16,11,19,46
ENSMUSG00000080896,61,38,43,22,11,1
ENSMUSG00000053898,2016,1597,1410,683,379,752
ENSMUSG00000037419,1408,948,874,368,264,361
ENSMUSG00000005950,77,70,63,99,108,76
ENSMUSG00000060621,8,6,1,11,14,5
ENSMUSG00000031618,315,282,229,76,76,51
ENSMUSG00000061863,30,9,22,23,11,5
ENSMUSG00000082035,273,115,186,171,0,105
ENSMUSG00000031627,6914,6062,4318,3278,2419,2887
ENSMUSG00000016252,2119,1707,1575,1057,669,1989
ENSMUSG00000084883,25,21,12,28,29,36
ENSMUSG00000000317,97,83,58,31,19,36
ENSMUSG00000082148,63,77,51,28,26,43
ENSMUSG00000037995,209,224,157,257,206,389
ENSMUSG00000055980,60,54,30,19,21,22
ENSMUSG00000095101,33,22,21,48,38,43
ENSMUSG00000027230,27,18,16,55,44,54
ENSMUSG00000026728,8003,6453,5240,1699,978,1982
ENSMUSG00000041248,177,141,91,57,60,44
ENSMUSG00000083473,36,41,30,12,8,13
ENSMUSG00000040540,168,190,134,67,54,57
ENSMUSG00000076614,5071,1888,1727,2254,941,463
ENSMUSG00000032436,2406,1977,1590,541,337,695
ENSMUSG00000000838,3582,3164,2430,1407,974,1691
ENSMUSG00000081622,15,25,19,8,8,11
ENSMUSG00000025489,32,52,16,5,14,12
ENSMUSG00000074417,529,330,363,125,62,94
ENSMUSG00000079067,83,24,48,34,42,11
ENSMUSG00000033368,16,15,6,14,20,13
ENSMUSG00000027562,2373,1039,829,1083,724,1561
ENSMUSG00000031156,599,572,412,225,135,332
ENSMUSG00000081441,6,10,10,46,18,6
ENSMUSG00000028402,20,22,18,27,19,16
ENSMUSG00000035764,923,767,578,441,272,627
ENSMUSG00000022947,39,30,29,24,10,10
ENSMUSG00000019997,24,34,41,27,29,18
ENSMUSG00000031960,3948,2801,2246,2909,1941,2928
ENSMUSG00000034189,2896,2292,1979,1172,774,1310
ENSMUSG00000051617,0,0,0,2,12,0
ENSMUSG00000097053,1185,1323,813,435,338,381
ENSMUSG00000034201,95,86,52,79,36,38
ENSMUSG00000019978,6080,4870,3952,2450,1465,1749
ENSMUSG00000070960,17,0,58,0,3,0
ENSMUSG00000079592,8,0,7,12,6,2
ENSMUSG00000046179,388,259,215,143,116,70
ENSMUSG00000047824,1335,1141,877,448,318,691
ENSMUSG00000022332,17,21,12,9,5,20
ENSMUSG00000029777,2777,2026,1762,2315,1608,3242
ENSMUSG00000093589,7,3,7,17,11,7
ENSMUSG00000003746,32535,29663,21163,11544,8104,9863
ENSMUSG00000103105,138,117,102,42,18,35
ENSMUSG00000037458,5349,4091,3488,2099,1565,2753
ENSMUSG00000106282,14,11,5,10,13,26
ENSMUSG00000039760,11,10,4,7,14,5
ENSMUSG00000019920,4263,3659,3138,1603,1063,2113
ENSMUSG00000044749,67,53,41,33,43,39
ENSMUSG00000034614,1412,1531,1137,692,693,576
ENSMUSG00000052131,183,160,165,96,31,41
ENSMUSG00000054150,1987,1708,1333,1370,1019,1836
ENSMUSG00000076562,361,2073,349,127,87,113
ENSMUSG00000030189,1912,1197,1070,1962,1344,2220
ENSMUSG00000030168,3557,2709,2391,1376,948,1891
ENSMUSG00000052336,383,318,267,299,234,141
ENSMUSG00000061815,41,15,8,26,21,13
ENSMUSG00000037493,93,72,87,27,21,29
ENSMUSG00000025104,1728,1515,1128,353,355,242
ENSMUSG00000026615,8954,6971,5441,8217,6233,10501
ENSMUSG00000026213,3238,2795,2000,943,712,1109
ENSMUSG00000059409,1602,1277,973,3695,2540,4897
ENSMUSG00000024211,25,14,18,8,19,17
ENSMUSG00000036046,6482,5549,4389,1380,946,1686
ENSMUSG00000048502,18,18,4,27,28,4
ENSMUSG00000022037,153,110,129,106,63,79
ENSMUSG00000074127,32,55,35,10,8,26
ENSMUSG00000040048,1527,1034,991,693,458,788
ENSMUSG00000040935,1,1,3,7,11,15
ENSMUSG00000002835,599,346,306,197,132,128
ENSMUSG00000023926,297,212,120,77,77,78
ENSMUSG00000021707,638,350,378,226,111,198
ENSMUSG00000034245,325,304,228,61,38,52
ENSMUSG00000049134,3,3,3,25,16,6
ENSMUSG00000028464,40,22,19,47,50,62
ENSMUSG00000074575,338,370,202,61,45,69
ENSMUSG00000069733,2,7,4,8,23,2
ENSMUSG00000028691,7378,4886,6175,4452,2540,6006
ENSMUSG00000032570,5358,4569,3662,1545,999,2143
ENSMUSG00000020427,6,7,6,8,15,8
ENSMUSG00000106486,6,2,3,8,16,3
ENSMUSG00000026798,310,279,187,199,191,276
ENSMUSG00000040274,4140,3209,2701,3607,2464,3983
ENSMUSG00000048458,252,252,169,5400,3907,7115
ENSMUSG00000040751,5322,4254,3591,1048,575,1150
ENSMUSG00000035953,3455,2819,2263,993,755,1243
ENSMUSG00000028341,77,94,72,199,250,268
ENSMUSG00000036908,22771,18923,13961,7812,4830,9411
ENSMUSG00000052369,404,291,287,133,90,148
ENSMUSG00000091780,137,98,80,75,46,75
ENSMUSG00000091255,0,0,0,3,22,0
ENSMUSG00000002012,2,6,3,5,9,4
ENSMUSG00000033196,0,0,0,8,11,0
ENSMUSG00000016918,53,44,25,29,22,10
ENSMUSG00000094446,30,0,14,0,0,0
ENSMUSG00000010136,69,57,97,7,18,13
ENSMUSG00000018415,1600,1286,934,1207,822,1673
ENSMUSG00000029449,3478,2805,2135,889,614,914
ENSMUSG00000070044,125,62,74,23,18,25
ENSMUSG00000061666,173,177,158,84,50,67
ENSMUSG00000081218,27,32,17,36,51,18
ENSMUSG00000024667,286,269,176,122,79,157
ENSMUSG00000018900,734,707,536,214,160,308
ENSMUSG00000069045,82,65,51,66,33,46
ENSMUSG00000025876,115,132,115,83,36,31
ENSMUSG00000021326,3226,2547,1976,1656,1278,1866
ENSMUSG00000027374,1334,990,856,1171,852,1153
ENSMUSG00000037243,880,817,533,1321,876,2179
ENSMUSG00000058922,2487,1442,1350,2197,1886,2046
ENSMUSG00000071037,274,245,167,75,61,81
ENSMUSG00000070056,3348,2774,1991,651,541,692
ENSMUSG00000036931,2348,1869,1463,2993,3701,3933
ENSMUSG00000025358,1534,1172,1007,475,304,540
ENSMUSG00000036752,6489,4516,4177,6955,3986,9517
ENSMUSG00000002944,4667,3261,2632,1022,591,1630
ENSMUSG00000053693,585,647,450,311,266,252
ENSMUSG00000022325,737,567,435,1049,821,1696
ENSMUSG00000021130,3,2,1,18,19,7
ENSMUSG00000031730,846,750,583,523,354,735
ENSMUSG00000020601,1974,1927,1201,3390,2244,5149
ENSMUSG00000021189,2754,2292,1831,988,678,1142
ENSMUSG00000034321,801,615,505,660,543,850
ENSMUSG00000027610,554,460,441,985,760,1613
ENSMUSG00000005802,1507,1155,1013,595,456,776
ENSMUSG00000037894,2756,1851,2353,1095,472,2427
ENSMUSG00000038545,422,359,294,165,115,133
ENSMUSG00000035064,1160,1033,784,465,311,401
ENSMUSG00000026420,231,158,128,45,37,69
ENSMUSG00000003545,183,62,76,47,54,64
ENSMUSG00000032577,1316,1164,899,3128,2289,4471
ENSMUSG00000032641,241,221,144,114,73,90
ENSMUSG00000026981,173,74,71,74,75,56
ENSMUSG00000007655,34,29,48,22,10,7
ENSMUSG00000025482,12,18,10,31,33,27
ENSMUSG00000032702,14,11,8,14,15,9
ENSMUSG00000031903,2253,1918,1861,740,350,654
ENSMUSG00000081730,134,127,92,61,41,58
ENSMUSG00000028671,298,223,166,151,96,178
ENSMUSG00000024369,655,486,419,482,333,612
ENSMUSG00000093769,148,107,103,22,25,108
ENSMUSG00000022906,4900,3440,3263,1435,932,1866
ENSMUSG00000029275,190,177,105,100,83,148
ENSMUSG00000026994,950,688,834,398,232,399
ENSMUSG00000064262,14221,12449,9394,3920,2881,3839
ENSMUSG00000025351,78,48,37,31,17,25
ENSMUSG00000086598,121,118,84,57,31,46
ENSMUSG00000032359,11457,8823,7227,3730,2146,3712
ENSMUSG00000038623,6837,5940,4562,684,448,581
ENSMUSG00000001942,958,737,596,238,169,294
ENSMUSG00000055745,1311,1106,790,542,285,579
ENSMUSG00000006576,168,140,80,33,23,27
ENSMUSG00000095351,2480,909,722,1174,385,365
ENSMUSG00000096188,386,361,300,140,78,101
ENSMUSG00000026960,820,686,581,316,208,388
ENSMUSG00000026209,1358,1079,858,514,354,627
ENSMUSG00000038055,3107,3339,2105,1213,749,1168
ENSMUSG00000013483,29,36,10,8,8,5
ENSMUSG00000018585,854,628,567,342,157,511
ENSMUSG00000000884,128,114,85,641,526,970
ENSMUSG00000073802,15,9,12,68,57,84
ENSMUSG00000035403,56,38,39,30,20,9
ENSMUSG00000062028,225,212,139,35,56,42
ENSMUSG00000041073,1165,1253,703,532,411,523
ENSMUSG00000031015,33096,26634,20432,21164,14985,23361
ENSMUSG00000017969,223,214,184,41,32,61
ENSMUSG00000073982,2224,1664,1311,807,453,703
ENSMUSG00000012519,231,138,147,83,67,98
ENSMUSG00000020520,1736,1516,1028,414,303,444
ENSMUSG00000055322,732,712,630,785,495,389
ENSMUSG00000026643,1731,1454,1164,626,560,841
ENSMUSG00000001119,9,12,6,25,11,12
ENSMUSG00000021196,3795,3006,2347,1705,1132,1903
ENSMUSG00000016255,109,82,72,81,32,45
ENSMUSG00000079103,1,3,2,4,16,4
ENSMUSG00000021662,2,4,2,12,15,5
ENSMUSG00000026415,763,821,477,271,159,404
ENSMUSG00000065990,1545,1144,1044,802,509,1068
ENSMUSG00000007035,283,308,227,126,124,156
ENSMUSG00000078722,5,10,3,14,19,9
ENSMUSG00000022665,32,37,24,62,42,41
ENSMUSG00000056305,1985,1489,1232,1248,956,1444
ENSMUSG00000025757,1480,1255,1009,387,243,339
ENSMUSG00000003380,1721,1574,1355,443,268,495
ENSMUSG00000038224,13,9,9,10,12,7
ENSMUSG00000108699,322,375,274,139,96,133
ENSMUSG00000000253,20,15,9,13,16,7
ENSMUSG00000022427,2247,1672,1522,1141,772,1638
ENSMUSG00000071648,232,165,139,59,59,77
ENSMUSG00000066357,2614,2123,1550,1019,586,1264
ENSMUSG00000079941,11,18,12,6,2,0
ENSMUSG00000024072,1326,975,814,386,270,595
ENSMUSG00000000581,905,766,750,398,272,640
ENSMUSG00000029752,286,131,135,94,84,70
ENSMUSG00000084283,217,233,157,313,429,117
ENSMUSG00000021221,30,23,11,14,14,7
ENSMUSG00000091498,104,26,16,159,120,44
ENSMUSG00000032815,1890,1543,1230,625,518,751
ENSMUSG00000026205,22,11,9,24,26,18
ENSMUSG00000030298,2693,2049,1847,1420,920,2058
ENSMUSG00000011008,2089,1879,1330,314,209,286
ENSMUSG00000090173,254,200,148,53,47,52
ENSMUSG00000020611,7603,6521,5428,2674,2071,3501
ENSMUSG00000038351,357,371,236,1462,949,1985
ENSMUSG00000026039,400,222,212,119,63,89
ENSMUSG00000071005,8,8,5,14,22,8
ENSMUSG00000020549,1544,1179,1015,1066,868,1321
ENSMUSG00000082831,16,9,11,1,10,8
ENSMUSG00000030255,205,224,134,142,144,166
ENSMUSG00000024743,89,121,82,146,111,66
ENSMUSG00000025931,151,162,121,41,38,40
ENSMUSG00000058626,0,0,190,43,13,7
ENSMUSG00000095366,70,79,77,74,46,18
ENSMUSG00000040990,12103,9920,7428,2592,1834,1980
ENSMUSG00000101376,0,0,0,6,11,4
ENSMUSG00000019791,382,322,281,140,69,165
ENSMUSG00000098794,0,0,0,16,15,13
ENSMUSG00000090215,355,316,245,126,93,121
ENSMUSG00000041247,264,223,187,42,34,28
ENSMUSG00000000308,1,0,0,127,77,183
ENSMUSG00000076499,7,5,3,11,14,42
ENSMUSG00000022105,5808,5610,3907,4028,2846,6921
ENSMUSG00000031224,19,13,7,2,6,3
ENSMUSG00000000120,278,272,198,195,148,124
ENSMUSG00000020738,6609,4875,4269,4472,2971,6156
ENSMUSG00000027193,5892,4587,3819,3098,2086,4288
ENSMUSG00000063458,91,68,82,47,33,28
ENSMUSG00000024225,0,0,0,1,14,0
ENSMUSG00000039159,3929,3387,2071,1422,959,1204
ENSMUSG00000020430,3660,2656,2292,2995,2133,3521
ENSMUSG00000082938,141,89,90,178,124,50
ENSMUSG00000094501,9,15,8,31,46,4
ENSMUSG00000005362,4430,3667,3025,1603,1278,1881
ENSMUSG00000106372,18,23,10,4,8,11
ENSMUSG00000021668,920,847,619,6052,4647,8165
ENSMUSG00000042700,4640,4651,3128,1657,1322,1459
ENSMUSG00000042379,22,19,28,17,17,12
ENSMUSG00000003033,3181,2798,2043,1237,775,1071
ENSMUSG00000024896,1444,950,823,567,403,709
ENSMUSG00000028465,28671,25372,18819,10755,7318,8868
ENSMUSG00000032122,2587,2420,2079,3087,2085,5068
ENSMUSG00000027678,12840,11571,8130,4845,3592,5405
ENSMUSG00000020253,3099,2705,1972,992,556,1023
ENSMUSG00000022358,1073,1026,717,547,481,488
ENSMUSG00000057777,196,199,131,94,65,110
ENSMUSG00000094259,9,5,2,6,3,1
ENSMUSG00000079639,27,36,21,26,45,6
ENSMUSG00000028661,0,0,0,9,19,7
ENSMUSG00000095217,2366,1229,1421,373,245,467
ENSMUSG00000075312,19,10,12,12,3,6
ENSMUSG00000096846,13,6,9,10,15,2
ENSMUSG00000038208,223,193,131,78,59,98
ENSMUSG00000026616,70448,56819,42889,14995,10295,14725
ENSMUSG00000048481,332,332,211,113,78,124
ENSMUSG00000078935,3,1,3,21,44,11
ENSMUSG00000057130,585,456,409,466,359,508
ENSMUSG00000037466,517,442,354,172,105,181
ENSMUSG00000074903,0,0,0,0,0,9
ENSMUSG00000083165,199,183,96,24,23,21
ENSMUSG00000020368,17104,12581,10784,19265,12502,26010
ENSMUSG00000033161,7268,5671,4937,5119,3105,6530
ENSMUSG00000056952,4411,3612,2929,1916,1600,2128
ENSMUSG00000080877,48,32,36,14,10,18
ENSMUSG00000012443,1513,766,770,302,161,263
ENSMUSG00000107079,38,24,24,25,12,21
ENSMUSG00000024730,58,50,43,36,34,34
ENSMUSG00000035936,29,23,22,16,13,5
ENSMUSG00000062591,183,220,132,84,58,76
ENSMUSG00000026623,8346,7588,5693,2869,2012,3272
ENSMUSG00000026873,453,329,281,135,110,120
ENSMUSG00000035472,72,34,34,37,29,8
ENSMUSG00000058427,7,1,6,5,8,27
ENSMUSG00000020745,9592,8231,6768,3529,2588,4729
ENSMUSG00000030737,1340,1205,1099,384,165,246
ENSMUSG00000076571,18,53,5,11,11,13
ENSMUSG00000032294,11596,8115,7503,8267,4910,9265
ENSMUSG00000031530,675,590,459,307,237,378
ENSMUSG00000049176,3,0,3,14,16,1
ENSMUSG00000095642,773,602,525,214,195,196
ENSMUSG00000049327,1998,1426,1168,1741,1367,1751
ENSMUSG00000014599,426,296,249,1163,851,1689
ENSMUSG00000024665,36,20,21,9,7,11
ENSMUSG00000026390,1371,771,598,3614,1731,3085
ENSMUSG00000025577,159,128,93,59,46,73
ENSMUSG00000050377,28,30,30,42,33,12
ENSMUSG00000021806,157,121,105,80,58,114
ENSMUSG00000031792,984,756,591,394,223,471
ENSMUSG00000032913,3385,3084,2377,1382,1029,1761
ENSMUSG00000034361,119,84,75,251,168,390
ENSMUSG00000064193,0,0,0,0,0,0
ENSMUSG00000027297,444,371,300,39,18,34
ENSMUSG00000049303,36,42,39,231,165,262
ENSMUSG00000050526,4,10,4,16,8,4
ENSMUSG00000037140,10,8,2,11,20,8
ENSMUSG00000030844,1094,666,686,350,247,206
ENSMUSG00000044005,43,22,30,44,31,56
ENSMUSG00000020282,918,834,528,308,278,206
ENSMUSG00000052825,66,45,76,106,62,24
ENSMUSG00000096459,2983,3826,1360,1490,3401,838
ENSMUSG00000026751,19,28,27,23,13,15
ENSMUSG00000022040,48,43,27,20,12,12
ENSMUSG00000096517,17,24,12,7,8,5
ENSMUSG00000101262,9,13,17,11,7,8
ENSMUSG00000038150,972,747,651,479,299,554
ENSMUSG00000022044,0,0,0,47,72,7
ENSMUSG00000080916,30,35,18,22,8,28
ENSMUSG00000041189,577,518,341,119,114,89
ENSMUSG00000095704,71,46,69,6,3,28
ENSMUSG00000024146,1096,892,831,414,273,634
ENSMUSG00000038763,34,30,21,121,191,72
ENSMUSG00000030772,34,25,21,14,8,5
ENSMUSG00000026019,3013,2591,1971,2741,2319,3994
ENSMUSG00000061615,1850,822,998,318,182,267
ENSMUSG00000044468,2926,1706,1098,1188,1098,518
ENSMUSG00000087239,22,22,19,11,4,5
ENSMUSG00000022364,513,429,339,227,111,179
ENSMUSG00000003279,151,118,113,282,461,199
ENSMUSG00000022385,209,111,96,4113,2684,6045
ENSMUSG00000052392,13,16,23,6,6,11
ENSMUSG00000107628,12,16,18,2,3,5
ENSMUSG00000090584,40,45,39,16,16,16
ENSMUSG00000085711,5,2,5,16,7,3
ENSMUSG00000041632,588,441,291,609,411,679
ENSMUSG00000095029,32,7,9,16,24,16
ENSMUSG00000042111,1020,706,598,642,437,733
ENSMUSG00000084965,4,2,2,8,6,16
ENSMUSG00000034981,47,43,39,31,24,11
ENSMUSG00000020062,1,1,0,8,15,1
ENSMUSG00000097328,83,83,70,55,17,37
ENSMUSG00000023993,20,13,8,14,6,8
ENSMUSG00000030275,23029,20975,15969,8887,6091,11533
ENSMUSG00000020801,246,178,181,140,79,201
ENSMUSG00000073062,1241,1347,1063,492,359,1073
ENSMUSG00000029286,10,7,2,15,8,3
ENSMUSG00000074513,1593,1241,1072,548,398,835
ENSMUSG00000034308,140,111,95,62,53,49
ENSMUSG00000039395,290,282,195,1154,812,1898
ENSMUSG00000095930,59,46,19,87,100,67
ENSMUSG00000079293,675,314,465,297,183,429
ENSMUSG00000043592,309,319,233,127,75,171
ENSMUSG00000062933,9702,6258,5844,7497,4949,7549
ENSMUSG00000085547,0,0,0,3,15,5
ENSMUSG00000008475,9509,6972,6400,3400,1995,4136
ENSMUSG00000053173,9,6,13,8,3,3
ENSMUSG00000044352,60,36,17,15,19,15
ENSMUSG00000003418,2298,1879,1399,2505,1883,2325
ENSMUSG00000032114,767,643,488,279,195,328
ENSMUSG00000051133,59,71,38,24,26,25
ENSMUSG00000023277,2327,1818,1741,687,403,734
ENSMUSG00000041889,2,9,4,35,47,20
ENSMUSG00000004151,81,77,58,45,23,26
ENSMUSG00000025150,73,44,82,53,15,40
ENSMUSG00000046334,55,63,51,15,13,20
ENSMUSG00000021987,2996,2356,1957,1001,696,1017
ENSMUSG00000063884,5514,5521,4905,2597,2056,5829
ENSMUSG00000038225,1619,1405,1034,638,445,811
ENSMUSG00000018599,461,420,304,183,132,216
ENSMUSG00000049109,326,364,179,356,413,217
ENSMUSG00000074342,2438,1809,1419,355,268,278
ENSMUSG00000021298,2060,2079,1411,3751,3731,5426
ENSMUSG00000003868,1786,1387,1196,1485,996,1966
ENSMUSG00000068466,27,16,17,31,51,19
ENSMUSG00000080999,49,27,40,14,10,19
ENSMUSG00000066553,0,6,6,6,15,9
ENSMUSG00000021243,1106,824,774,981,715,1179
ENSMUSG00000037060,26,17,22,13,12,8
ENSMUSG00000101932,81,29,32,47,31,40
ENSMUSG00000041126,1078,800,668,328,194,359
ENSMUSG00000029385,3459,2771,2241,529,345,544
ENSMUSG00000056054,2279,510,536,465,728,712
ENSMUSG00000063694,1632,1109,948,1402,898,1621
ENSMUSG00000000263,0,4,0,11,26,2
ENSMUSG00000101904,0,4,0,3,2,0
ENSMUSG00000025580,2959,2421,1990,2196,1580,3160
ENSMUSG00000021983,18,24,20,118,175,98
ENSMUSG00000024614,3429,3039,2860,1011,719,1395
ENSMUSG00000092510,31,32,24,6,14,14
ENSMUSG00000090019,8206,6806,5191,2852,2203,3298
ENSMUSG00000098037,6,7,3,10,11,11
ENSMUSG00000027713,23,22,16,13,3,9
ENSMUSG00000052688,237,131,127,82,75,135
ENSMUSG00000020121,22,21,17,18,22,7
ENSMUSG00000042524,8225,6851,4998,2650,2267,2714
ENSMUSG00000047242,673,543,411,210,138,252
ENSMUSG00000102827,23,28,24,15,16,13
ENSMUSG00000025980,5556,3684,3454,5038,3639,7087
ENSMUSG00000026113,2539,2411,1814,1175,859,970
ENSMUSG00000034898,37,22,17,26,36,10
ENSMUSG00000000982,52,25,36,12,20,14
ENSMUSG00000022836,134,151,118,119,114,85
ENSMUSG00000055170,18,10,6,6,6,5
ENSMUSG00000022946,2155,2355,1490,912,774,909
ENSMUSG00000038503,1396,1049,996,943,697,1136
ENSMUSG00000004936,5345,4518,3520,1849,1233,2834
ENSMUSG00000034918,10,8,2,16,12,16
ENSMUSG00000027404,3138,2277,2068,1821,1107,3520
ENSMUSG00000027715,1245,604,591,245,139,242
ENSMUSG00000031354,22,28,19,17,12,20
ENSMUSG00000040564,128,65,66,44,13,46
ENSMUSG00000052415,3,4,6,29,15,4
ENSMUSG00000038214,447,466,289,678,539,648
ENSMUSG00000078864,6,3,16,5,5,5
ENSMUSG00000028332,486,311,170,81,92,56
ENSMUSG00000041707,277,254,213,92,54,101
ENSMUSG00000036334,27,16,17,19,12,14
ENSMUSG00000070980,0,0,1,5,12,7
ENSMUSG00000024130,4447,4097,3006,1721,1291,1724
ENSMUSG00000038665,623,618,661,483,238,371
ENSMUSG00000066108,44,41,21,189,256,70
ENSMUSG00000042353,4,5,1,3,8,6
ENSMUSG00000036093,4917,3914,3295,1922,1253,2311
ENSMUSG00000105082,58,47,32,25,14,31
ENSMUSG00000072672,0,0,1,1,10,0
ENSMUSG00000072789,22,12,6,29,18,16
ENSMUSG00000027357,552,388,372,381,245,407
ENSMUSG00000098210,13,18,6,21,12,9
ENSMUSG00000026604,2225,2256,1473,2415,2012,2769
ENSMUSG00000037890,747,675,436,242,199,200
ENSMUSG00000033991,2786,2213,1776,3095,2305,4938
ENSMUSG00000041481,9056,5266,5624,2863,1814,1928
ENSMUSG00000064141,272,253,129,119,88,128
ENSMUSG00000029291,2383,2100,1534,978,683,848
ENSMUSG00000021908,11,0,0,8,0,0
ENSMUSG00000024371,646,471,447,277,174,365
ENSMUSG00000013155,67,39,37,17,7,21
ENSMUSG00000091618,420,481,272,156,94,137
ENSMUSG00000091831,729,792,528,228,187,310
ENSMUSG00000062054,892,727,574,578,327,983
ENSMUSG00000020869,2687,1876,1603,1780,1283,1713
ENSMUSG00000051557,276,261,198,222,170,345
ENSMUSG00000022488,24150,19899,15646,8343,5442,9613
ENSMUSG00000082829,140,132,88,32,24,25
ENSMUSG00000074619,77,92,55,22,24,22
ENSMUSG00000080720,90,155,134,57,75,70
ENSMUSG00000031626,665,582,505,241,148,156
ENSMUSG00000042121,4233,4007,2642,932,639,741
ENSMUSG00000032875,54,64,43,54,53,40
ENSMUSG00000032374,31,32,33,307,239,667
ENSMUSG00000019312,409,419,257,67,65,66
ENSMUSG00000009246,157,110,99,262,204,490
ENSMUSG00000018008,6750,5535,4445,1631,1115,1687
ENSMUSG00000056529,620,366,409,183,149,180
ENSMUSG00000033327,269,417,206,184,126,186
ENSMUSG00000076620,795,653,495,429,383,226
ENSMUSG00000100862,1606,5974,7622,1905,2456,4825
ENSMUSG00000024659,726,315,343,99,97,156
ENSMUSG00000035776,409,386,324,110,85,76
ENSMUSG00000005364,3059,2511,1901,846,782,788
ENSMUSG00000066607,20,5,4,73,64,68
ENSMUSG00000033409,3,2,0,8,16,4
ENSMUSG00000056185,698,595,401,178,116,168
ENSMUSG00000027997,802,583,481,278,189,288
ENSMUSG00000000127,242,210,165,122,51,65
ENSMUSG00000101398,7,9,21,13,7,7
ENSMUSG00000039555,0,0,0,13,15,0
ENSMUSG00000067860,0,0,4,19,16,0
ENSMUSG00000061838,1923,1559,1354,2436,1802,3365
ENSMUSG00000041323,22,27,28,54,50,41
ENSMUSG00000001555,15,16,6,39,27,49
ENSMUSG00000107418,0,1,0,14,15,1
ENSMUSG00000101355,1077,590,713,373,297,680
ENSMUSG00000076934,10374,7682,6026,2096,1887,3116
ENSMUSG00000030717,86,89,87,153,129,37
ENSMUSG00000021361,1832,1191,1201,737,408,927
ENSMUSG00000027099,1080,830,698,790,496,1045
ENSMUSG00000024521,617,579,417,3226,2331,4218
ENSMUSG00000093826,7,7,4,3,7,4
ENSMUSG00000094787,1158,524,399,531,255,147
ENSMUSG00000050953,64,52,64,151,93,102
ENSMUSG00000082475,0,22,10,0,12,9
ENSMUSG00000021213,109,82,79,43,21,51
ENSMUSG00000039911,29,33,12,85,71,84
ENSMUSG00000070000,4516,3931,2803,1620,1190,1739
ENSMUSG00000036026,491,546,369,2407,1837,3705
ENSMUSG00000073838,1895,1358,1131,1405,1002,1861
ENSMUSG00000036599,569,438,331,184,129,166
ENSMUSG00000030879,1254,906,755,842,669,1010
ENSMUSG00000026411,260,201,172,80,58,97
ENSMUSG00000020077,9674,7011,5958,2249,1498,2437
ENSMUSG00000093838,540,533,495,315,203,498
ENSMUSG00000035273,1242,881,846,216,151,243
ENSMUSG00000101838,17,11,1,1,6,5
ENSMUSG00000024696,4491,3432,2995,1425,983,1642
ENSMUSG00000053541,19660,17033,12564,6316,4476,6511
ENSMUSG00000032640,4991,3984,3166,1759,1285,1993
ENSMUSG00000015222,179,116,97,39,48,30
ENSMUSG00000005718,297,264,185,537,383,557
ENSMUSG00000031028,301,274,197,154,162,87
ENSMUSG00000026582,265,283,176,24,22,14
ENSMUSG00000034333,3243,2689,2142,1172,858,1414
ENSMUSG00000034037,74,98,65,67,71,54
ENSMUSG00000020088,3221,2573,2184,1938,1296,2762
ENSMUSG00000038663,284,223,168,120,66,72
ENSMUSG00000021703,2440,2020,1592,497,369,560
ENSMUSG00000002778,1399,1069,777,449,295,452
ENSMUSG00000033565,30,43,23,35,40,14
ENSMUSG00000002477,1323,824,776,1196,742,1471
ENSMUSG00000059058,17,15,5,21,22,19
ENSMUSG00000019943,7439,6683,5135,2986,2138,2654
ENSMUSG00000036617,193,187,115,200,184,78
ENSMUSG00000041747,2046,1690,1254,1398,1100,1784
ENSMUSG00000021814,3393,2538,2005,1141,679,1116
ENSMUSG00000051950,294,261,215,102,75,115
ENSMUSG00000034792,535,462,372,1041,671,1578
ENSMUSG00000075232,2850,2104,2116,1226,885,1742
ENSMUSG00000103574,5,12,3,5,6,24
ENSMUSG00000000708,2124,1790,1395,462,331,374
ENSMUSG00000079024,1691,1914,1212,2222,1787,672
ENSMUSG00000024966,4096,2876,2521,2984,1952,3351
ENSMUSG00000024544,278,285,220,131,87,75
ENSMUSG00000026360,2154,1407,1584,697,493,912
ENSMUSG00000082480,6,13,13,6,11,14
ENSMUSG00000034883,34,19,10,5,7,5
ENSMUSG00000051146,23,20,10,38,38,30
ENSMUSG00000018740,275,198,145,86,70,86
ENSMUSG00000057411,957,929,691,366,243,655
ENSMUSG00000018654,23373,18320,14911,7615,5023,6778
ENSMUSG00000048895,624,516,409,1157,873,1961
ENSMUSG00000082382,7,2,0,14,14,0
ENSMUSG00000049313,27077,27355,18170,12766,10750,12332
ENSMUSG00000048126,54,85,33,64,59,51
ENSMUSG00000061143,1248,1281,856,789,624,696
ENSMUSG00000008604,1590,1437,986,2065,1352,2680
ENSMUSG00000018449,720,605,514,244,177,309
ENSMUSG00000031075,15,15,10,15,19,9
ENSMUSG00000033983,554,483,367,380,298,499
ENSMUSG00000019539,292,246,235,90,67,44
ENSMUSG00000055302,5315,3724,3159,2757,1903,3702
ENSMUSG00000004568,11810,12909,7929,3618,2979,3479
ENSMUSG00000046691,5663,4378,3381,2642,1704,3514
ENSMUSG00000013701,4976,4188,4005,3439,2552,2756
ENSMUSG00000006800,342,205,197,1056,755,1389
ENSMUSG00000082319,31,28,13,14,9,7
ENSMUSG00000021892,6291,5558,3980,2626,1858,1522
ENSMUSG00000030589,463,330,270,190,141,138
ENSMUSG00000016087,9999,7779,5794,3200,2333,2576
ENSMUSG00000005465,2959,2893,1929,1017,805,951
ENSMUSG00000079845,459,142,202,125,110,121
ENSMUSG00000032384,3959,3755,2666,8755,6511,10034
ENSMUSG00000036560,1,1,5,11,14,4
ENSMUSG00000021607,789,538,488,369,207,663
ENSMUSG00000003955,721,453,429,987,638,1334
ENSMUSG00000020573,6545,5373,4377,1836,1406,1197
ENSMUSG00000037621,4,5,3,15,8,5
ENSMUSG00000097612,9,16,5,23,24,20
ENSMUSG00000069308,381,174,236,213,157,537
ENSMUSG00000038963,191,152,110,40,39,74
ENSMUSG00000020926,164,154,107,145,164,103
ENSMUSG00000072582,1141,870,763,483,336,639
ENSMUSG00000059974,70,74,44,162,210,90
ENSMUSG00000031776,1626,1150,915,592,356,576
ENSMUSG00000040447,1020,981,673,53,45,60
ENSMUSG00000054717,4082,2406,2405,1313,856,1262
ENSMUSG00000006356,552,398,380,562,285,781
ENSMUSG00000053846,11,6,7,25,26,39
ENSMUSG00000052776,1212,884,924,339,196,460
ENSMUSG00000025260,946,651,617,500,262,571
ENSMUSG00000038521,13,26,18,35,26,14
ENSMUSG00000036949,22,22,13,12,9,3
ENSMUSG00000010175,33,46,37,35,37,11
ENSMUSG00000071661,285,198,180,94,62,155
ENSMUSG00000072718,14,9,9,8,17,24
ENSMUSG00000054161,36,30,21,31,30,68
ENSMUSG00000029095,77,62,32,53,62,27
ENSMUSG00000023942,1105,834,842,759,459,941
ENSMUSG00000027076,313,235,226,383,275,485
ENSMUSG00000032279,1303,884,767,854,548,993
ENSMUSG00000062488,441,321,348,152,130,205
ENSMUSG00000032796,30,33,31,34,49,6
ENSMUSG00000022299,710,598,531,404,315,654
ENSMUSG00000061272,12,17,7,8,6,1
ENSMUSG00000026805,31,19,21,40,39,40
ENSMUSG00000072188,0,0,0,6,17,0
ENSMUSG00000067482,35,37,18,68,76,18
ENSMUSG00000031168,984,709,612,325,185,356
ENSMUSG00000058838,76,96,37,19,32,21
ENSMUSG00000026576,588,520,333,172,204,234
ENSMUSG00000027790,40,49,20,43,53,22
ENSMUSG00000023965,1647,1630,1179,625,434,715
ENSMUSG00000045038,4194,4336,2782,2541,1970,3393
ENSMUSG00000028019,103,102,131,72,46,59
ENSMUSG00000025857,680,591,439,308,186,382
ENSMUSG00000022519,93,68,61,180,111,298
ENSMUSG00000025141,29,16,12,2,3,0
ENSMUSG00000031377,33,11,5,29,15,9
ENSMUSG00000055733,50,31,28,10,14,8
ENSMUSG00000029869,59,67,41,63,67,50
ENSMUSG00000041736,1173,858,887,185,116,270
ENSMUSG00000011148,355,209,208,146,99,79
ENSMUSG00000083083,111,148,98,19,24,32
ENSMUSG00000028970,618,523,428,4395,3340,6445
ENSMUSG00000024769,460,438,322,3821,2992,4819
ENSMUSG00000031297,23,22,18,38,55,29
ENSMUSG00000023883,1701,1303,935,878,629,1003
ENSMUSG00000044206,19,23,20,12,12,13
ENSMUSG00000004951,5,3,2,9,13,7
ENSMUSG00000040350,8500,7895,5722,12562,8490,15689
ENSMUSG00000104819,42,36,29,12,14,18
ENSMUSG00000067924,211,136,105,86,53,102
ENSMUSG00000090551,94,103,82,31,25,48
ENSMUSG00000027901,5107,4506,3419,1285,1201,1388
ENSMUSG00000016194,1605,1747,1261,700,505,798
ENSMUSG00000022365,4263,3412,2966,1470,1008,2151
ENSMUSG00000015143,2069,2241,1875,1303,852,963
ENSMUSG00000029430,5761,3866,3917,3729,2426,5899
ENSMUSG00000038975,1699,1312,1112,1462,1126,2140
ENSMUSG00000083700,88,86,50,22,19,26
ENSMUSG00000020334,41,31,14,15,10,5
ENSMUSG00000042599,11142,10295,7470,3636,2959,3404
ENSMUSG00000059498,1983,1639,1526,831,433,535
ENSMUSG00000074564,7,11,28,4975,9229,17
ENSMUSG00000079544,10,7,6,6,2,6
ENSMUSG00000015316,2450,2014,1452,578,415,702
ENSMUSG00000036565,2770,2491,1795,848,580,685
ENSMUSG00000039616,102,68,82,63,28,30
ENSMUSG00000095687,579,388,436,202,120,324
ENSMUSG00000020781,725,546,510,1903,1383,3099
ENSMUSG00000071591,0,0,2,0,0,0
ENSMUSG00000070436,78,53,53,21,11,39
ENSMUSG00000030000,306,148,93,13,20,12
ENSMUSG00000040035,63,72,50,133,141,35
ENSMUSG00000038058,2654,2384,2032,731,410,602
ENSMUSG00000020325,80,37,55,47,20,24
ENSMUSG00000083687,106,122,88,34,25,41
ENSMUSG00000087635,6,0,0,0,0,0
ENSMUSG00000035896,3,2,0,15,32,7
ENSMUSG00000021013,84,79,52,24,29,31
ENSMUSG00000037325,86,81,61,100,90,170
ENSMUSG00000019832,588,393,462,252,119,231
ENSMUSG00000031495,10,10,8,1,3,5
ENSMUSG00000029195,5,10,5,12,4,17
ENSMUSG00000108185,15,15,11,12,5,10
ENSMUSG00000040964,121,105,72,182,65,82
ENSMUSG00000036087,3888,3362,2558,1518,1036,1492
ENSMUSG00000038502,517,461,339,211,135,228
ENSMUSG00000004842,84,115,102,843,1370,129
ENSMUSG00000033596,3254,2489,2056,1035,717,1349
ENSMUSG00000061086,812,489,490,262,172,251
ENSMUSG00000030615,1170,833,679,416,280,565
ENSMUSG00000019806,1436,1215,974,525,407,560
ENSMUSG00000048015,62,42,53,11,8,8
ENSMUSG00000020537,1446,1135,924,1194,906,2083
ENSMUSG00000049916,102,53,46,157,113,175
ENSMUSG00000027111,1858,1756,1224,689,453,769
ENSMUSG00000103293,158,189,128,43,36,42
ENSMUSG00000006442,517,387,319,835,667,977
ENSMUSG00000031337,1687,1586,1269,668,509,739
ENSMUSG00000026594,31656,29032,20748,7549,5198,7579
ENSMUSG00000055612,976,619,614,615,465,958
ENSMUSG00000047767,7052,6491,4511,2795,2046,3360
ENSMUSG00000091736,199,293,204,102,66,158
ENSMUSG00000014226,2468,1645,1656,1551,972,1690
ENSMUSG00000030505,2812,2362,1830,2763,2005,4168
ENSMUSG00000024401,863,504,394,431,271,354
ENSMUSG00000029836,4636,3498,2848,1470,1078,1825
ENSMUSG00000092376,86,57,50,146,233,46
ENSMUSG00000044562,39,53,40,42,27,26
ENSMUSG00000044037,348,684,300,526,519,288
ENSMUSG00000025582,8,3,9,26,18,4
ENSMUSG00000037188,4,1,3,452,351,460
ENSMUSG00000020524,0,0,0,9,14,0
ENSMUSG00000028826,2726,2335,1745,1054,860,1010
ENSMUSG00000020571,6972,5100,4139,3830,2241,4258
ENSMUSG00000002332,1513,1063,993,559,269,530
ENSMUSG00000059325,265,241,190,62,41,58
ENSMUSG00000036777,402,265,181,93,43,68
ENSMUSG00000032128,2,1,3,109,90,294
ENSMUSG00000070348,824,478,553,261,164,285
ENSMUSG00000023984,111,81,59,153,169,167
ENSMUSG00000000791,206,137,149,56,59,47
ENSMUSG00000054568,415,368,284,988,1164,352
ENSMUSG00000083316,49,49,34,221,277,52
ENSMUSG00000096808,5578,5335,3675,10393,11768,3653
ENSMUSG00000027253,831,676,707,393,305,359
ENSMUSG00000031561,21,42,18,33,42,12
ENSMUSG00000051000,121,113,72,151,163,129
ENSMUSG00000094941,0,0,0,6,16,0
ENSMUSG00000063873,9,8,1,17,18,3
ENSMUSG00000075273,152,104,95,41,30,56
ENSMUSG00000029373,26,19,23,25,12,49
ENSMUSG00000106256,21,19,14,5,4,8
ENSMUSG00000067547,391,321,233,447,266,509
ENSMUSG00000094546,5945,3839,3342,2172,2179,1029
ENSMUSG00000076545,1518,593,518,392,440,295
ENSMUSG00000089669,195,134,145,114,80,72
ENSMUSG00000006930,468,540,396,260,161,178
ENSMUSG00000024844,1018,602,559,1109,725,1140
ENSMUSG00000055884,1992,1646,1261,595,428,611
ENSMUSG00000073176,47,32,28,47,48,39
ENSMUSG00000062098,54,65,70,17,18,19
ENSMUSG00000031216,312,227,225,139,77,110
ENSMUSG00000034706,11,9,2,9,11,0
ENSMUSG00000068284,10652,9515,7000,3417,2217,3269
ENSMUSG00000028059,6056,5767,4326,2654,1771,2141
ENSMUSG00000055069,651,542,445,226,159,275
ENSMUSG00000058773,3093,1302,1534,574,314,576
ENSMUSG00000062410,17,18,11,9,7,2
ENSMUSG00000040430,2078,2029,1356,1272,875,1158
ENSMUSG00000017466,779,703,711,349,186,315
ENSMUSG00000048915,6,5,3,27,23,29
ENSMUSG00000078349,937,671,540,329,220,281
ENSMUSG00000014956,7530,5878,4789,2944,2157,4111
ENSMUSG00000030759,11423,9860,8111,3140,2229,4684
ENSMUSG00000059708,716,539,397,144,74,136
ENSMUSG00000025407,80,126,60,60,34,46
ENSMUSG00000050600,8813,8497,5730,2203,1772,1795
ENSMUSG00000071068,6061,4772,3825,1450,1069,2053
ENSMUSG00000007659,556,364,273,512,439,937
ENSMUSG00000041237,147,40,67,11,17,19
ENSMUSG00000051316,1353,1111,866,1052,818,1352
ENSMUSG00000036241,3734,2875,2167,1194,832,1009
ENSMUSG00000019564,2122,1599,1273,603,455,553
ENSMUSG00000051934,47,23,26,23,16,7
ENSMUSG00000044951,228,197,131,460,565,209
ENSMUSG00000092021,18,22,10,24,21,7
ENSMUSG00000032009,14246,12356,9416,2910,1884,2374
ENSMUSG00000030089,181,194,127,125,90,74
ENSMUSG00000068349,56,38,34,14,2,4
ENSMUSG00000021832,2589,1917,1685,1377,924,1881
ENSMUSG00000006736,1399,1048,837,472,284,465
ENSMUSG00000053730,385,276,245,133,121,158
ENSMUSG00000020592,1106,805,650,778,520,1233
ENSMUSG00000082766,76,52,40,19,19,93
ENSMUSG00000037095,135,29,54,66,91,69
ENSMUSG00000026944,2281,2235,1691,924,666,1085
ENSMUSG00000079036,2689,2289,1662,2624,2555,3391
ENSMUSG00000078941,2252,1576,1500,1244,814,1551
ENSMUSG00000026197,765,573,473,199,143,270
ENSMUSG00000071072,4063,3080,2732,2592,1633,3140
ENSMUSG00000031353,4343,3003,2701,2596,1757,3439
ENSMUSG00000055053,668,702,476,883,619,983
ENSMUSG00000031385,73,59,48,41,28,9
ENSMUSG00000039891,162,128,103,202,199,323
ENSMUSG00000095061,487,639,437,270,177,238
ENSMUSG00000033863,233,208,131,118,75,59
ENSMUSG00000025092,274,206,176,32,32,11
ENSMUSG00000034401,908,729,570,214,143,185
ENSMUSG00000002603,4627,4339,3010,2242,1571,1902
ENSMUSG00000048483,4,11,1,23,23,3
ENSMUSG00000043895,227,119,177,69,23,23
ENSMUSG00000030122,840,644,590,477,292,317
ENSMUSG00000105336,15,4,10,15,16,11
ENSMUSG00000032322,2680,2255,1675,1120,807,1301
ENSMUSG00000021037,2986,2125,1932,1975,1237,2458
ENSMUSG00000104713,2361,1439,1472,841,628,859
ENSMUSG00000064354,36458,17868,10672,70051,51090,16323
ENSMUSG00000035576,8,13,2,36,53,33
ENSMUSG00000071424,10,18,21,44,44,12
ENSMUSG00000027409,0,2,2,3,12,3
ENSMUSG00000092097,20,7,3,3,14,10
ENSMUSG00000020272,13414,12232,8695,4694,3215,4323
ENSMUSG00000015776,1119,931,749,405,291,588
ENSMUSG00000107062,8,5,2,10,4,23
ENSMUSG00000038670,249,222,156,1489,2122,1130
ENSMUSG00000037580,557,498,391,205,147,204
ENSMUSG00000015750,1448,1078,964,631,401,782
ENSMUSG00000059040,11,31,16,16,17,4
ENSMUSG00000005469,1378,1095,744,495,293,543
ENSMUSG00000029134,6,10,8,781,622,1479
ENSMUSG00000040896,4,9,5,16,24,5
ENSMUSG00000000751,5215,3915,3095,1478,1021,1826
ENSMUSG00000050212,160,164,135,51,35,46
ENSMUSG00000092340,382,355,261,61,22,36
ENSMUSG00000030064,2817,2442,2395,1543,821,1282
ENSMUSG00000021697,97,63,39,29,19,16
ENSMUSG00000053580,463,430,319,542,497,551
ENSMUSG00000094483,12368,10579,8468,4594,3379,6759
ENSMUSG00000055333,0,1,1,15,16,1
ENSMUSG00000026872,9617,8329,6561,4788,3143,3840
ENSMUSG00000037705,2,2,3,10,16,7
ENSMUSG00000109222,20,1,10,19,14,9
ENSMUSG00000000916,859,713,550,646,509,896
ENSMUSG00000028223,997,737,582,353,210,384
ENSMUSG00000067147,3,1,1,6,6,1
ENSMUSG00000020022,909,605,634,934,597,1146
ENSMUSG00000015290,776,578,491,401,246,497
ENSMUSG00000019982,1240,832,670,1307,933,2435
ENSMUSG00000094487,116,180,140,47,46,86
ENSMUSG00000074930,13,10,0,6,6,4
ENSMUSG00000038205,1196,1122,858,451,362,564
ENSMUSG00000060147,2471,1881,1925,1328,590,1102
ENSMUSG00000004665,11030,7950,7076,2341,1515,1987
ENSMUSG00000024854,4609,3358,2903,1615,1011,1800
ENSMUSG00000025026,16731,15297,10407,2624,1743,2313
ENSMUSG00000014294,1202,951,971,534,279,949
ENSMUSG00000094174,14,12,29,12,4,10
ENSMUSG00000035860,4,3,4,15,18,8
ENSMUSG00000082765,20,39,21,13,12,20
ENSMUSG00000029084,13123,11179,8531,2927,2011,3386
ENSMUSG00000034362,8,6,8,35,29,25
ENSMUSG00000071141,0,0,0,32,0,0
ENSMUSG00000045930,14,14,9,15,5,1
ENSMUSG00000021606,659,431,379,428,271,529
ENSMUSG00000073599,12,9,4,14,10,9
ENSMUSG00000028228,3160,2679,2171,915,547,1089
ENSMUSG00000039873,151,133,106,33,13,37
ENSMUSG00000028851,2067,1440,1184,1861,1319,1863
ENSMUSG00000020053,1922,1455,1761,682,349,612
ENSMUSG00000027387,292,231,196,240,204,377
ENSMUSG00000026414,42,36,18,63,60,35
ENSMUSG00000038543,1341,980,794,406,255,399
ENSMUSG00000045349,47,26,17,47,49,57
ENSMUSG00000028964,2363,1758,1455,1830,1159,2368
ENSMUSG00000004791,5,3,3,14,10,41
ENSMUSG00000031740,18,20,16,23,17,25
ENSMUSG00000060180,2,0,1,14,8,3
ENSMUSG00000035493,1499,1006,1177,703,391,555
ENSMUSG00000035236,4076,4011,2893,1451,1089,1439
ENSMUSG00000044408,788,658,576,276,155,444
ENSMUSG00000035960,1472,1023,842,2013,1415,2977
ENSMUSG00000022033,169,101,88,27,11,39
ENSMUSG00000060591,399,275,261,280,111,173
ENSMUSG00000068579,9,9,0,14,12,4
ENSMUSG00000021974,195,207,148,377,500,179
ENSMUSG00000084838,206,132,127,148,129,86
ENSMUSG00000024750,3622,3267,2579,1230,774,1677
ENSMUSG00000037601,2033,1336,1323,2265,1510,3939
ENSMUSG00000028630,1473,1429,963,620,495,579
ENSMUSG00000025353,787,592,537,343,210,463
ENSMUSG00000102051,66,19,20,26,26,18
ENSMUSG00000027313,20,15,11,9,7,5
ENSMUSG00000045648,15,20,14,9,9,5
ENSMUSG00000091507,96,88,36,51,36,48
ENSMUSG00000040669,941,771,563,357,234,363
ENSMUSG00000023990,3243,2984,2203,1020,641,1007
ENSMUSG00000084858,19,7,25,24,3,21
ENSMUSG00000061983,18486,5917,9244,32164,18737,13824
ENSMUSG00000060681,857,749,612,282,192,363
ENSMUSG00000036860,353,261,239,242,153,313
ENSMUSG00000055148,3851,3439,2218,594,371,591
ENSMUSG00000001134,544,385,351,368,284,570
ENSMUSG00000022300,1757,1390,1197,922,730,1202
ENSMUSG00000051354,122,91,110,52,70,86
ENSMUSG00000039234,862,632,561,279,206,210
ENSMUSG00000108115,6,5,4,15,15,7
ENSMUSG00000003779,822,409,418,203,147,222
ENSMUSG00000023272,1637,1237,993,648,458,624
ENSMUSG00000079478,549,449,361,517,366,702
ENSMUSG00000106090,17,20,9,17,22,12
ENSMUSG00000043067,1753,1287,1272,689,409,859
ENSMUSG00000068798,4824,3712,3380,1724,1198,1560
ENSMUSG00000082585,3051,1838,1874,927,826,1280
ENSMUSG00000027309,1294,1237,895,490,345,493
ENSMUSG00000081353,22,24,18,12,4,6
ENSMUSG00000075420,231,221,137,97,50,85
ENSMUSG00000034059,110,86,12,16,16,5
ENSMUSG00000083235,19,22,10,29,7,13
ENSMUSG00000025403,1983,1488,1131,4176,2632,4613
ENSMUSG00000106592,144,118,73,38,37,55
ENSMUSG00000027797,119,107,89,83,82,48
ENSMUSG00000076710,53,49,76,25,9,18
ENSMUSG00000102984,364,394,275,118,97,113
ENSMUSG00000028737,845,679,543,3817,2576,5187
ENSMUSG00000079374,0,0,0,29,37,0
ENSMUSG00000022051,4116,3347,2618,1126,746,1533
ENSMUSG00000001285,1033,785,660,472,321,587
ENSMUSG00000031919,21,14,19,8,4,9
ENSMUSG00000095794,1643,1070,889,447,232,433
ENSMUSG00000039497,1588,1190,1403,574,304,580
ENSMUSG00000078779,686,606,473,424,289,494
ENSMUSG00000032549,264,252,214,163,115,105
ENSMUSG00000038056,23156,21893,15552,9106,7441,8608
ENSMUSG00000091876,16,27,15,11,7,2
ENSMUSG00000032959,2401,1763,1808,2061,1188,3465
ENSMUSG00000039063,58,35,42,14,13,9
ENSMUSG00000072437,407,311,214,549,316,760
ENSMUSG00000075227,534,389,324,247,141,263
ENSMUSG00000098692,99,96,49,386,344,549
ENSMUSG00000067586,2568,1842,1583,156,138,128
ENSMUSG00000063820,11,15,10,52,56,46
ENSMUSG00000033192,1270,1077,934,366,201,328
ENSMUSG00000027602,150,113,97,53,21,32
ENSMUSG00000057163,1,0,3,2,19,6
ENSMUSG00000035357,3,10,2,13,11,2
ENSMUSG00000042271,375,289,264,138,80,151
ENSMUSG00000091028,19,22,81,7468,15124,7
ENSMUSG00000020219,842,639,556,521,311,760
ENSMUSG00000105547,13284,8171,7118,3771,2272,3708
ENSMUSG00000034872,19,21,12,25,17,14
ENSMUSG00000015176,3117,2149,1695,4106,3576,4152
ENSMUSG00000029191,7366,5888,4444,2227,1605,2146
ENSMUSG00000096218,170,184,89,78,76,53
ENSMUSG00000022286,4,4,3,12,11,0
ENSMUSG00000028771,1000,799,662,398,265,364
ENSMUSG00000036896,7872,6126,6776,3529,1401,2724
ENSMUSG00000019899,56,99,41,75,76,68
ENSMUSG00000031697,730,465,395,296,221,400
ENSMUSG00000075297,1294,1501,999,599,383,612
ENSMUSG00000034845,195,165,177,120,53,76
ENSMUSG00000024420,47,58,42,29,26,15
ENSMUSG00000064147,57,32,29,59,70,128
ENSMUSG00000093722,126,165,131,35,26,43
ENSMUSG00000020919,4418,3829,2650,1743,1240,1737
ENSMUSG00000047067,268,216,206,90,55,142
ENSMUSG00000069305,5548,3022,4145,2155,1738,3613
ENSMUSG00000089999,13,6,0,317,260,3
ENSMUSG00000005397,1264,1322,804,368,242,280
ENSMUSG00000018566,9,11,3,15,10,13
ENSMUSG00000047517,0,1,2,10,25,4
ENSMUSG00000105338,161,71,104,53,22,12
ENSMUSG00000031802,953,1029,705,223,176,156
ENSMUSG00000029814,537,417,311,319,261,351
ENSMUSG00000099875,3,0,0,0,6,4
ENSMUSG00000073842,0,0,0,20,17,2
ENSMUSG00000087123,5,4,1,15,8,8
ENSMUSG00000037720,2315,1868,1551,923,609,1238
ENSMUSG00000049091,1646,1092,954,867,616,1216
ENSMUSG00000050379,9328,7215,5713,3403,2306,3522
ENSMUSG00000043430,26,18,16,5,6,6
ENSMUSG00000048327,552,221,239,125,86,81
ENSMUSG00000018750,6108,5400,4073,924,664,682
ENSMUSG00000016624,31,48,18,50,36,40
ENSMUSG00000097906,73,40,39,23,19,35
ENSMUSG00000058046,18,13,14,27,41,53
ENSMUSG00000061742,37,20,19,114,78,201
ENSMUSG00000109236,27,29,12,3,4,4
ENSMUSG00000000594,11736,8110,7101,3299,1785,2740
ENSMUSG00000037437,7,6,5,36,44,31
ENSMUSG00000068735,5680,5202,3693,3431,2378,4220
ENSMUSG00000106248,27,28,13,10,8,20
ENSMUSG00000081485,543,329,371,312,145,212
ENSMUSG00000024781,5268,3718,4916,2154,860,1960
ENSMUSG00000052794,1196,1117,769,462,343,570
ENSMUSG00000028914,1798,1438,1128,344,219,299
ENSMUSG00000027656,28,14,25,19,24,10
ENSMUSG00000105800,0,0,3,2,23,0
ENSMUSG00000045404,295,269,261,136,86,153
ENSMUSG00000037315,484,353,332,558,405,938
ENSMUSG00000108518,7,9,4,17,6,12
ENSMUSG00000036905,8728,6754,7839,4151,1785,3097
ENSMUSG00000031714,86,67,62,58,29,35
ENSMUSG00000086922,883,662,729,427,346,278
ENSMUSG00000029503,13,6,2,7,13,5
ENSMUSG00000069744,2461,1770,1720,1468,859,2006
ENSMUSG00000092344,21,35,20,19,4,8
ENSMUSG00000039208,214,138,173,119,50,75
ENSMUSG00000058966,2,1,0,14,15,0
ENSMUSG00000081752,423,281,228,182,152,243
ENSMUSG00000049751,6069,4160,3929,3510,2272,5025
ENSMUSG00000033970,878,635,559,332,225,496
ENSMUSG00000042377,296,248,201,591,420,955
ENSMUSG00000026558,1044,626,577,1639,1194,1826
ENSMUSG00000054641,0,0,0,0,0,0
ENSMUSG00000032215,1771,1293,1141,1631,1226,2272
ENSMUSG00000074480,179,153,110,256,161,230
ENSMUSG00000084845,117,90,61,41,25,34
ENSMUSG00000093938,7945,5840,4617,2888,1691,2490
ENSMUSG00000024556,2907,2177,1943,1095,719,1301
ENSMUSG00000020140,302,278,202,193,193,124
ENSMUSG00000106387,45,44,36,20,10,32
ENSMUSG00000022074,1475,1437,1034,3680,3196,4871
ENSMUSG00000023074,433,356,322,147,95,183
ENSMUSG00000094560,0,0,0,0,13,0
ENSMUSG00000100916,4,10,10,10,11,4
ENSMUSG00000028573,138,98,98,47,37,51
ENSMUSG00000021390,58,47,35,16,5,21
ENSMUSG00000023572,1899,1699,1167,772,547,956
ENSMUSG00000039617,840,581,547,374,226,565
ENSMUSG00000063856,7104,4884,4328,2399,1153,2665
ENSMUSG00000049103,1062,603,677,400,370,628
ENSMUSG00000005803,240,194,192,135,79,98
ENSMUSG00000076435,3155,2929,2035,762,441,498
ENSMUSG00000083856,5,4,4,18,18,17
ENSMUSG00000002068,827,716,493,135,94,129
ENSMUSG00000061559,1230,917,814,1227,795,1944
ENSMUSG00000007817,3954,4250,2874,1861,1474,1414
ENSMUSG00000032624,13310,10897,8582,4479,3238,5197
ENSMUSG00000030110,25,23,21,17,15,8
ENSMUSG00000031637,142,130,86,43,25,47
ENSMUSG00000070462,1202,1057,774,454,289,474
ENSMUSG00000026187,1744,1385,1170,1444,1114,1903
ENSMUSG00000038151,611,516,409,270,263,165
ENSMUSG00000090840,32,25,27,26,30,56
ENSMUSG00000041329,72,33,16,7,16,2
ENSMUSG00000099423,27,29,20,48,52,79
ENSMUSG00000022112,29,27,10,16,18,12
ENSMUSG00000034265,865,739,497,224,156,245
ENSMUSG00000028364,6,3,2,19,18,11
ENSMUSG00000073879,16,24,18,52,62,31
ENSMUSG00000082423,25,15,7,18,16,19
ENSMUSG00000054662,5,2,5,12,19,21
ENSMUSG00000030127,1401,1070,849,1180,833,1600
ENSMUSG00000098026,297,339,255,124,99,100
ENSMUSG00000089901,2637,2473,1816,898,670,952
ENSMUSG00000078350,127,86,60,48,28,40
ENSMUSG00000033788,347,366,325,163,83,128
ENSMUSG00000082980,0,1,0,7,14,0
ENSMUSG00000036218,1,2,0,6,16,1
ENSMUSG00000030662,4495,3238,2869,4462,3343,6222
ENSMUSG00000018433,1982,1710,1289,1833,1359,2671
ENSMUSG00000027692,1784,1817,1074,704,727,539
ENSMUSG00000070577,24,18,13,11,6,1
ENSMUSG00000067714,275,221,171,61,37,80
ENSMUSG00000099980,54,23,34,12,19,20
ENSMUSG00000058669,160,231,127,126,119,101
ENSMUSG00000021032,1,6,1,18,22,28
ENSMUSG00000078183,31,20,17,12,5,17
ENSMUSG00000040010,678,540,394,879,706,864
ENSMUSG00000046818,42,43,43,287,217,379
ENSMUSG00000062203,3928,3044,2539,2876,2053,3394
ENSMUSG00000021252,1110,839,722,565,363,671
ENSMUSG00000024749,28,23,27,21,25,15
ENSMUSG00000015474,820,613,647,374,192,261
ENSMUSG00000070345,20,9,11,35,38,27
ENSMUSG00000040310,190,197,112,244,293,119
ENSMUSG00000058064,57,32,42,43,11,39
ENSMUSG00000083410,186,192,139,367,279,524
ENSMUSG00000035179,29,34,26,145,194,119
ENSMUSG00000049555,36,34,22,59,69,18
ENSMUSG00000072915,997,896,657,393,265,523
ENSMUSG00000058385,4131,2226,2830,1088,814,1776
ENSMUSG00000046721,3214,3197,3474,172,127,0
ENSMUSG00000040818,6137,5357,3898,1930,1459,1978
ENSMUSG00000078126,0,35,42,18,24,0
ENSMUSG00000069763,38,17,11,10,5,6
ENSMUSG00000029769,9,5,1,13,13,8
ENSMUSG00000022843,178,172,125,339,267,546
ENSMUSG00000096802,145,176,158,27,38,28
ENSMUSG00000052087,2586,2181,1662,574,360,536
ENSMUSG00000058672,727,502,521,247,149,349
ENSMUSG00000026307,1768,1357,1094,676,461,630
ENSMUSG00000044156,912,873,613,318,230,214
ENSMUSG00000089943,16,8,9,24,11,15
ENSMUSG00000032883,794,534,573,410,289,482
ENSMUSG00000046229,1357,872,738,911,433,435
ENSMUSG00000093894,2862,1953,1416,4191,929,490
ENSMUSG00000025658,23,14,16,29,25,12
ENSMUSG00000061991,1475,689,947,315,157,303
ENSMUSG00000024501,46,67,39,58,59,29
ENSMUSG00000100514,104,66,53,9,27,19
ENSMUSG00000078300,8,10,16,0,17,52
ENSMUSG00000074923,41,49,24,56,46,68
ENSMUSG00000068252,47,34,43,29,29,24
ENSMUSG00000069830,62,35,42,41,25,39
ENSMUSG00000059278,547,385,340,206,129,252
ENSMUSG00000029212,114,101,78,231,235,148
ENSMUSG00000038146,28,26,14,149,128,232
ENSMUSG00000047751,6,5,3,33,38,46
ENSMUSG00000081488,1,7,7,10,11,3
ENSMUSG00000038980,1,1,4,12,14,11
ENSMUSG00000074449,12,9,8,15,30,14
ENSMUSG00000027011,896,668,564,429,277,701
ENSMUSG00000034371,1710,1614,1048,615,441,823
ENSMUSG00000030007,5812,4379,4007,3664,2476,4977
ENSMUSG00000094777,4077,1764,2311,955,584,844
ENSMUSG00000028249,8560,6743,6746,2380,1436,3280
ENSMUSG00000057193,9515,8419,6098,2316,1590,2351
ENSMUSG00000036810,749,641,502,259,160,345
ENSMUSG00000050335,1453,916,1180,783,465,1043
ENSMUSG00000013091,35,26,12,27,14,34
ENSMUSG00000028825,226,149,95,30,19,23
ENSMUSG00000045826,8896,6821,5861,3503,1841,3933
ENSMUSG00000053559,468,350,282,156,69,65
ENSMUSG00000057457,270,282,169,697,733,303
ENSMUSG00000099418,7,15,3,11,26,15
ENSMUSG00000010021,246,189,140,64,40,35
ENSMUSG00000006728,3394,2397,2070,2029,1357,2823
ENSMUSG00000089945,603,351,296,695,605,504
ENSMUSG00000040451,6446,6067,4243,2672,1929,3379
ENSMUSG00000053907,7321,5741,4978,5623,4033,7712
ENSMUSG00000039349,40,79,72,101,132,65
ENSMUSG00000040229,550,466,361,169,81,146
ENSMUSG00000042737,616,423,392,212,132,315
ENSMUSG00000034634,17865,12296,10866,8593,4467,9032
ENSMUSG00000047992,8,7,7,21,5,2
ENSMUSG00000105124,7,5,2,20,24,11
ENSMUSG00000067356,115,103,56,330,327,123
ENSMUSG00000026556,462,467,315,268,268,210
ENSMUSG00000026202,3055,2263,1988,930,535,1018
ENSMUSG00000034024,7407,5140,4864,5624,3884,7617
ENSMUSG00000048755,635,531,426,290,176,478
ENSMUSG00000044434,0,7,0,0,0,0
ENSMUSG00000110195,2497,2444,1641,967,907,1266
ENSMUSG00000086564,122,80,51,44,61,35
ENSMUSG00000068551,297,335,200,96,96,74
ENSMUSG00000020295,2,0,0,3,0,0
ENSMUSG00000061758,1324,1040,828,2259,1616,3412
ENSMUSG00000025927,66,91,54,60,76,31
ENSMUSG00000032301,3814,2515,2577,3007,2037,3381
ENSMUSG00000021200,2746,2233,1889,889,452,692
ENSMUSG00000074500,61,56,47,72,45,78
ENSMUSG00000032690,1389,1137,1018,551,497,713
ENSMUSG00000024287,2391,1896,1515,1875,1468,2626
ENSMUSG00000036961,9,18,4,28,23,8
ENSMUSG00000056492,153,142,171,87,65,64
ENSMUSG00000094090,2,5,0,2,5,2
ENSMUSG00000038976,5472,4727,3566,2092,1347,1760
ENSMUSG00000071547,90,47,47,29,19,56
ENSMUSG00000025268,114,86,86,51,42,55
ENSMUSG00000050777,45,49,60,57,19,60
ENSMUSG00000018651,339,232,147,354,254,450
ENSMUSG00000049960,1199,877,725,506,309,799
ENSMUSG00000024300,2520,1883,1755,1009,545,741
ENSMUSG00000022892,1366,1272,1108,1437,851,1164
ENSMUSG00000015806,744,510,531,355,219,506
ENSMUSG00000031765,173,77,121,132,66,118
ENSMUSG00000026739,2818,2230,1967,1094,733,1384
ENSMUSG00000034591,1109,1018,747,447,363,334
ENSMUSG00000095204,952,1100,654,251,484,168
ENSMUSG00000029029,1063,942,812,1623,1094,2924
ENSMUSG00000041354,3113,3187,2093,1242,878,1645
ENSMUSG00000024900,5483,5224,2702,928,537,773
ENSMUSG00000021850,5,4,1,16,31,15
ENSMUSG00000074165,1204,1050,763,437,344,551
ENSMUSG00000075031,4034,1957,2625,870,451,775
ENSMUSG00000039759,581,561,366,249,164,220
ENSMUSG00000068457,590,522,387,1100,1237,518
ENSMUSG00000036872,0,0,0,10,13,1
ENSMUSG00000029074,9,7,2,19,25,16
ENSMUSG00000045996,488,421,419,291,212,504
ENSMUSG00000021492,15,13,6,5,4,7
ENSMUSG00000026600,5651,4933,3861,1861,1139,2094
ENSMUSG00000089735,137,145,97,38,31,53
ENSMUSG00000032423,10243,7878,6205,8484,6559,9641
ENSMUSG00000033809,460,359,244,402,288,471
ENSMUSG00000037942,242,303,203,115,105,143
ENSMUSG00000029337,39,53,37,52,62,29
ENSMUSG00000081170,31,9,18,19,4,18
ENSMUSG00000020790,10478,8965,6828,3880,2563,4281
ENSMUSG00000060803,1949,1465,1346,639,350,892
ENSMUSG00000036661,4419,3962,2816,1049,1148,1275
ENSMUSG00000018474,9457,8829,5875,3871,2661,2985
ENSMUSG00000032312,14868,12290,9334,4297,2823,4499
ENSMUSG00000094915,66,75,64,30,20,75
ENSMUSG00000039787,124,120,64,556,407,925
ENSMUSG00000022582,34,10,4,8,9,7
ENSMUSG00000047462,195,158,160,122,140,74
ENSMUSG00000081087,17,14,31,6,10,20
ENSMUSG00000026509,1464,1235,921,539,358,451
ENSMUSG00000027495,507,385,304,153,71,115
ENSMUSG00000090110,312,216,220,99,71,189
ENSMUSG00000021270,17041,10467,10162,9593,6884,12252
ENSMUSG00000004933,781,640,502,310,246,284
ENSMUSG00000015501,12539,10596,7601,3582,3234,3164
ENSMUSG00000037103,1615,1413,1006,560,391,808
ENSMUSG00000020357,50,48,38,38,28,23
ENSMUSG00000082615,1,0,3,5,11,0
ENSMUSG00000040808,39,46,22,25,7,11
ENSMUSG00000074807,122,59,60,72,31,145
ENSMUSG00000021131,822,547,519,743,482,841
ENSMUSG00000029780,1657,1213,971,490,418,681
ENSMUSG00000032556,1174,856,750,1560,1149,1949
ENSMUSG00000095567,5306,4268,3224,6693,5120,8023
ENSMUSG00000049950,259,190,148,239,222,315
ENSMUSG00000025203,5008,3306,3659,8617,6318,9270
ENSMUSG00000002985,16621,14775,12399,7461,3194,4719
ENSMUSG00000037523,1722,1443,1173,799,529,904
ENSMUSG00000055421,23,19,12,23,23,16
ENSMUSG00000007656,2105,1642,1333,1068,717,1377
ENSMUSG00000029254,11109,9939,7202,4203,2968,3923
ENSMUSG00000016356,271,270,161,329,389,424
ENSMUSG00000024180,815,663,558,288,203,284
ENSMUSG00000022799,1413,1325,935,759,653,523
ENSMUSG00000038141,538,484,405,215,184,219
ENSMUSG00000006599,2450,1723,1511,1615,1241,1955
ENSMUSG00000031109,1061,880,672,360,304,396
ENSMUSG00000020653,916,1135,582,399,375,348
ENSMUSG00000038630,35,30,20,20,17,16
ENSMUSG00000003341,3,2,2,19,25,19
ENSMUSG00000056413,805,561,507,329,249,354
ENSMUSG00000019478,87,86,63,40,37,21
ENSMUSG00000029594,1741,1513,1247,2439,2043,3088
ENSMUSG00000019777,2317,1864,1466,2246,1474,2645
ENSMUSG00000036309,2888,2387,2068,1891,1188,3093
ENSMUSG00000030750,1394,1119,898,296,190,308
ENSMUSG00000044072,409,372,285,190,142,205
ENSMUSG00000024529,2,1,0,12,24,8
ENSMUSG00000042182,199,241,172,83,69,109
ENSMUSG00000096156,5,0,0,0,15,0
ENSMUSG00000105363,18,14,11,1,2,2
ENSMUSG00000066975,33,21,20,11,8,3
ENSMUSG00000032120,702,572,457,209,150,127
ENSMUSG00000019970,869,897,721,420,304,538
ENSMUSG00000085917,547,479,470,67,103,110
ENSMUSG00000008206,2797,2779,1917,4486,3355,5371
ENSMUSG00000005107,502,406,368,1338,922,1671
ENSMUSG00000020032,370,300,256,205,141,199
ENSMUSG00000067722,945,716,621,713,511,1162
ENSMUSG00000006705,1617,1410,1123,844,639,1274
ENSMUSG00000021486,3716,2381,2023,1298,760,1424
ENSMUSG00000081384,15,12,17,30,46,11
ENSMUSG00000060470,32,9,7,11,19,16
ENSMUSG00000001986,130,122,94,558,456,849
ENSMUSG00000002500,10,3,4,8,3,4
ENSMUSG00000005510,1843,1432,1194,838,609,1380
ENSMUSG00000045799,30,33,48,85,75,51
ENSMUSG00000021069,882,616,513,342,219,212
ENSMUSG00000035456,86,104,73,101,77,51
ENSMUSG00000018102,1912,1167,1313,454,345,666
ENSMUSG00000008373,2526,1955,1675,2310,1711,2653
ENSMUSG00000079025,0,1,0,10,15,4
ENSMUSG00000049999,50,20,24,25,23,26
ENSMUSG00000033318,582,396,371,114,63,139
ENSMUSG00000025151,530,412,441,198,137,157
ENSMUSG00000023433,8,5,2,10,25,1
ENSMUSG00000022354,1614,1043,1013,866,484,1118
ENSMUSG00000002102,3677,2591,2327,2399,1510,2829
ENSMUSG00000004032,61,39,41,4,6,9
ENSMUSG00000029388,889,698,608,545,415,733
ENSMUSG00000015355,5109,4072,3928,1777,1045,2397
ENSMUSG00000079659,6736,5438,4267,2448,1549,3002
ENSMUSG00000003420,2405,2096,1629,546,251,456
ENSMUSG00000015053,14,15,17,6,18,10
ENSMUSG00000024436,1228,892,749,1279,996,1546
ENSMUSG00000081560,3,7,5,12,14,2
ENSMUSG00000067995,1141,802,735,939,681,1088
ENSMUSG00000030605,261,222,177,324,234,597
ENSMUSG00000025044,132,75,91,67,43,154
ENSMUSG00000041895,185,185,116,184,179,147
ENSMUSG00000028673,4367,3535,2677,6427,4323,7871
ENSMUSG00000037846,83,97,89,86,81,59
ENSMUSG00000031378,2974,2563,1989,830,499,932
ENSMUSG00000015243,13162,12209,8057,3142,3008,3440
ENSMUSG00000029030,3808,2951,2414,1300,774,1535
ENSMUSG00000026622,471,262,258,130,83,74
ENSMUSG00000098052,11,11,11,5,4,15
ENSMUSG00000022018,119,106,62,121,110,191
ENSMUSG00000057817,2,0,1,7,15,3
ENSMUSG00000022800,2263,2001,1654,1078,725,1491
ENSMUSG00000030337,5200,5242,3630,2208,1698,2180
ENSMUSG00000029026,17,9,7,34,24,22
ENSMUSG00000020358,8545,5816,4539,5652,3583,5594
ENSMUSG00000096351,116,73,44,89,94,81
ENSMUSG00000096923,21,6,6,20,18,36
ENSMUSG00000057914,62,49,33,86,115,88
ENSMUSG00000023267,16,28,19,49,80,66
ENSMUSG00000023249,2510,1866,1455,843,493,847
ENSMUSG00000030888,1389,1057,810,1032,808,1281
ENSMUSG00000082928,46,57,33,11,9,17
ENSMUSG00000063286,41210,36106,26838,9363,6702,8990
ENSMUSG00000020167,6746,5730,4144,2571,1655,3028
ENSMUSG00000100880,80,110,60,24,24,38
ENSMUSG00000020646,45,22,19,3,6,6
ENSMUSG00000002458,4560,3566,2801,1477,1018,1746
ENSMUSG00000014747,32,52,22,17,28,34
ENSMUSG00000060600,573,454,387,335,223,505
ENSMUSG00000021917,1563,1111,1041,553,373,663
ENSMUSG00000046440,35,21,15,65,34,13
ENSMUSG00000014453,15594,12615,10264,3040,1887,3434
ENSMUSG00000073600,219,157,116,261,188,360
ENSMUSG00000060032,1654,1244,1076,3389,2281,4271
ENSMUSG00000091462,70,75,48,33,27,28
ENSMUSG00000025001,1903,1210,1027,814,521,853
ENSMUSG00000008843,100,48,39,1,3,3
ENSMUSG00000038299,2718,1996,1595,2475,1826,3630
ENSMUSG00000075184,16,7,2,3,8,2
ENSMUSG00000080875,0,12,21,11,0,0
ENSMUSG00000078570,116,79,77,72,46,101
ENSMUSG00000052861,10,18,6,16,13,2
ENSMUSG00000040152,355,216,232,261,143,354
ENSMUSG00000067750,21,2,9,7,9,14
ENSMUSG00000062758,11,10,0,18,5,13
ENSMUSG00000108226,54,72,46,16,4,31
ENSMUSG00000033083,571,490,445,276,178,240
ENSMUSG00000023031,270,192,326,108,77,120
ENSMUSG00000015947,613,459,542,162,73,135
ENSMUSG00000039200,18,5,3,7,14,2
ENSMUSG00000020623,607,436,337,129,107,125
ENSMUSG00000047649,696,512,359,709,580,670
ENSMUSG00000042686,59,68,37,40,44,23
ENSMUSG00000042210,142,87,81,268,166,401
ENSMUSG00000022818,40,27,23,58,24,11
ENSMUSG00000038642,27364,19585,17786,9796,5784,10029
ENSMUSG00000027611,50,31,30,35,15,27
ENSMUSG00000040681,5806,4259,3723,2623,1640,3677
ENSMUSG00000099781,0,0,0,6,11,0
ENSMUSG00000071653,1398,945,790,913,607,1024
ENSMUSG00000073568,7,7,10,19,25,10
ENSMUSG00000074677,260,164,193,144,50,90
ENSMUSG00000032105,10,5,4,18,13,11
ENSMUSG00000051098,382,360,300,143,99,144
ENSMUSG00000047965,496,416,476,201,130,194
ENSMUSG00000101279,161,167,124,40,43,63
ENSMUSG00000047414,24,17,27,15,16,3
ENSMUSG00000045929,125,137,88,71,67,42
ENSMUSG00000022790,480,429,326,1158,1446,460
ENSMUSG00000081640,10,8,6,23,12,17
ENSMUSG00000089634,15,9,6,4,4,3
ENSMUSG00000030317,38,56,27,32,23,15
ENSMUSG00000082186,88,93,62,27,26,22
ENSMUSG00000079677,514,389,329,535,362,747
ENSMUSG00000029279,46,47,36,27,27,38
ENSMUSG00000095210,897,544,399,292,2676,290
ENSMUSG00000005610,57702,63463,50898,18150,12527,41449
ENSMUSG00000030047,10463,8415,6701,3761,2930,4026
ENSMUSG00000019732,51,39,37,23,36,27
ENSMUSG00000014444,4052,3790,2552,7492,6129,9398
ENSMUSG00000082367,120,123,93,36,30,64
ENSMUSG00000050493,22,10,18,14,9,2
ENSMUSG00000086112,0,6,0,5,11,4
ENSMUSG00000028688,1092,882,775,531,359,749
ENSMUSG00000026208,36,42,35,31,34,32
ENSMUSG00000021116,3801,2546,2307,3496,2543,3937
ENSMUSG00000037946,5970,5550,4020,2767,1803,3149
ENSMUSG00000062210,9018,8188,6421,2932,2133,2515
ENSMUSG00000026358,423,852,1016,221,213,328
ENSMUSG00000082604,10,12,12,101,80,67
ENSMUSG00000048949,409,248,174,373,149,467
ENSMUSG00000032028,2237,1585,1293,1134,774,951
ENSMUSG00000056234,7926,5730,5589,3269,2008,4041
ENSMUSG00000066861,234,191,183,101,81,106
ENSMUSG00000099702,4744,4475,3115,20744,24722,4161
ENSMUSG00000020471,909,600,446,546,404,605
ENSMUSG00000095954,1,3,1,2,16,0
ENSMUSG00000030577,47961,41780,30387,9686,6051,7757
ENSMUSG00000079794,123,69,55,30,25,25
ENSMUSG00000041765,2041,1845,1393,786,506,992
ENSMUSG00000026939,182,164,163,106,49,98
ENSMUSG00000073902,48368,35914,31924,11032,6896,11468
ENSMUSG00000072680,244,188,152,91,94,102
ENSMUSG00000096035,44,38,27,2,5,2
ENSMUSG00000020089,903,492,581,1006,602,1358
ENSMUSG00000072653,1169,1136,797,1529,1194,1947
ENSMUSG00000090223,76,47,61,9,9,10
ENSMUSG00000070732,49,31,60,23,28,40
ENSMUSG00000074916,172,151,118,92,67,104
ENSMUSG00000025607,2855,2357,2038,1027,722,1796
ENSMUSG00000027932,79,83,64,130,99,291
ENSMUSG00000041697,2573,1793,1637,1120,604,1299
ENSMUSG00000043008,6637,5236,4333,1822,1218,1890
ENSMUSG00000062762,1464,1177,965,7793,4787,9161
ENSMUSG00000032688,14492,12100,9188,4185,3332,3774
ENSMUSG00000099398,132,112,93,69,75,51
ENSMUSG00000038612,35416,26770,21145,11645,7635,13394
ENSMUSG00000100922,9,6,6,17,15,27
ENSMUSG00000072955,151,142,101,51,44,44
ENSMUSG00000021569,204,129,132,101,58,107
ENSMUSG00000032118,3,2,2,8,18,5
ENSMUSG00000031821,474,260,280,107,107,147
ENSMUSG00000008398,2536,2110,1625,801,584,604
ENSMUSG00000033855,77,85,64,347,354,173
ENSMUSG00000066487,30,35,17,17,9,20
ENSMUSG00000032131,47,30,13,15,16,15
ENSMUSG00000026238,36306,24914,23198,42320,24388,54878
ENSMUSG00000072673,46,27,18,15,9,9
ENSMUSG00000042417,7,2,0,14,12,22
ENSMUSG00000047126,27680,22512,18747,11077,7519,12755
ENSMUSG00000028251,619,432,352,215,120,181
ENSMUSG00000060890,6,10,1,11,18,8
ENSMUSG00000029167,413,405,312,138,103,120
ENSMUSG00000020492,644,401,384,248,152,222
ENSMUSG00000028633,964,719,616,949,883,1526
ENSMUSG00000050605,326,295,187,135,79,143
ENSMUSG00000050663,4,2,2,15,7,0
ENSMUSG00000021573,271,252,230,72,37,80
ENSMUSG00000003546,659,601,441,217,168,223
ENSMUSG00000107505,20,33,16,11,5,13
ENSMUSG00000021947,333,236,217,90,51,72
ENSMUSG00000045761,4,2,2,11,14,4
ENSMUSG00000045053,6,8,7,20,12,14
ENSMUSG00000022723,1518,1471,1030,683,468,528
ENSMUSG00000078173,11,0,0,61,72,0
ENSMUSG00000094087,978,694,673,737,89,72
ENSMUSG00000085603,2066,2073,1367,738,715,443
ENSMUSG00000099764,34,11,15,0,6,0
ENSMUSG00000030516,261,201,196,146,70,93
ENSMUSG00000040296,8227,6808,5258,1954,1503,2102
ENSMUSG00000030560,15884,12766,10949,5192,2652,4416
ENSMUSG00000062421,857,660,546,303,163,386
ENSMUSG00000070372,12966,10160,8899,4698,3016,6637
ENSMUSG00000020955,731,580,540,295,203,326
ENSMUSG00000025935,11760,8462,7457,3858,2311,5409
ENSMUSG00000035683,218,106,100,122,95,209
ENSMUSG00000095865,1078,510,467,304,160,138
ENSMUSG00000002409,596,508,388,224,180,224
ENSMUSG00000065987,38,32,14,6,10,12
ENSMUSG00000022752,5125,3836,3355,3126,2080,4241
ENSMUSG00000043483,1694,1177,1080,30,0,0
ENSMUSG00000094518,25,13,11,4,4,5
ENSMUSG00000094345,1372,872,718,525,1048,367
ENSMUSG00000024248,7831,5681,5259,3123,1750,2729
ENSMUSG00000008384,529,439,361,224,135,263
ENSMUSG00000027514,2564,1624,1663,802,655,768
ENSMUSG00000060098,1522,1164,1011,1490,1174,2318
ENSMUSG00000029864,166,112,104,44,22,47
ENSMUSG00000062127,210,225,183,142,95,67
ENSMUSG00000032437,8676,7809,5875,2906,2083,2628
ENSMUSG00000030088,97,71,84,56,30,18
ENSMUSG00000056220,647,456,516,345,178,266
ENSMUSG00000029482,1246,1148,962,738,601,782
ENSMUSG00000059852,24,22,21,15,10,10
ENSMUSG00000106494,105,111,70,27,32,27
ENSMUSG00000032890,1281,1134,1216,443,207,298
ENSMUSG00000019699,5075,4695,3485,2031,1576,1951
ENSMUSG00000081451,114,126,81,50,31,70
ENSMUSG00000051748,98,39,39,18,18,33
ENSMUSG00000066621,2994,3036,2044,1268,1075,1255
ENSMUSG00000024388,0,0,0,14,13,1
ENSMUSG00000030553,40,64,45,17,11,10
ENSMUSG00000049164,4358,3354,2774,1683,1235,2281
ENSMUSG00000039682,1853,1175,1417,1090,717,1278
ENSMUSG00000028088,656,635,421,307,261,263
ENSMUSG00000089728,77,46,43,120,84,125
ENSMUSG00000036992,537,384,356,281,156,290
ENSMUSG00000054263,834,642,583,345,199,208
ENSMUSG00000018543,18,15,9,10,14,23
ENSMUSG00000034297,29184,25871,18868,9852,7527,12108
ENSMUSG00000029840,9910,7881,6725,2891,1736,3988
ENSMUSG00000047343,171,126,81,73,49,71
ENSMUSG00000081244,46,34,41,10,16,10
ENSMUSG00000081671,0,0,11,5,4,0
ENSMUSG00000074656,4090,2783,2429,2797,1990,2941
ENSMUSG00000003865,843,692,497,354,203,285
ENSMUSG00000033149,59,73,51,72,55,54
ENSMUSG00000076549,2666,515,504,478,341,340
ENSMUSG00000063543,0,0,0,3,0,0
ENSMUSG00000027257,13,12,5,19,16,14
ENSMUSG00000023456,2440,1648,1747,1196,694,1635
ENSMUSG00000064156,0,1,0,8,17,0
ENSMUSG00000036676,307,276,215,438,279,728
ENSMUSG00000034858,5108,4593,3151,1866,1520,1983
ENSMUSG00000109494,0,0,0,4,20,0
ENSMUSG00000037411,71,57,41,33,23,29
ENSMUSG00000033060,243,187,155,119,82,66
ENSMUSG00000004231,0,0,0,11,12,1
ENSMUSG00000100383,0,0,0,16,17,24
ENSMUSG00000030987,3076,3010,2233,1172,858,1183
ENSMUSG00000030465,2259,2024,1563,663,453,734
ENSMUSG00000096108,726,464,348,249,316,239
ENSMUSG00000038528,171,170,105,387,425,135
ENSMUSG00000095993,24,21,14,8,6,22
ENSMUSG00000058831,30,20,5,20,16,16
ENSMUSG00000019838,1124,894,859,482,205,349
ENSMUSG00000062783,2541,2248,1642,721,517,602
ENSMUSG00000032366,2175,1893,1349,832,557,817
ENSMUSG00000029390,5962,4144,3823,3179,1901,2785
ENSMUSG00000046828,21,19,14,5,7,11
ENSMUSG00000021079,422,336,255,269,216,475
ENSMUSG00000069270,1666,740,909,332,231,450
ENSMUSG00000032596,10252,9110,6881,3178,2294,4655
ENSMUSG00000014547,1777,1410,1174,563,375,681
ENSMUSG00000071172,12099,10119,8367,5063,3842,8304
ENSMUSG00000108872,446,388,341,166,100,98
ENSMUSG00000054626,189,125,171,78,51,65
ENSMUSG00000033752,62,15,39,51,47,75
ENSMUSG00000095866,86,82,39,27,15,55
ENSMUSG00000048967,16,13,8,21,17,36
ENSMUSG00000042010,30,52,32,92,97,84
ENSMUSG00000089942,2937,2249,2257,1305,595,926
ENSMUSG00000048796,1570,1447,1023,629,383,763
ENSMUSG00000017760,7813,6445,5092,2269,1207,1975
ENSMUSG00000100621,13,10,3,13,16,19
ENSMUSG00000047139,22160,13784,11572,5109,3117,7167
ENSMUSG00000075045,0,0,2,27,48,0
ENSMUSG00000006818,1986,1493,1381,1056,701,1223
ENSMUSG00000053604,2472,2070,1618,1441,1021,1792
ENSMUSG00000037370,2520,2215,1863,1042,853,945
ENSMUSG00000025877,1080,632,908,299,166,270
ENSMUSG00000100937,101,123,81,37,28,32
ENSMUSG00000054850,4,6,5,3,20,1
ENSMUSG00000079005,1,0,2,11,11,1
ENSMUSG00000030062,6054,4349,3726,3030,1945,3300
ENSMUSG00000076539,121,114,96,38,30,41
ENSMUSG00000032834,1755,1354,1112,2346,1896,3433
ENSMUSG00000022510,0,0,1,8,12,0
ENSMUSG00000060671,3295,2780,2104,1207,907,1257
ENSMUSG00000021957,9083,6058,5937,7527,4430,8882
ENSMUSG00000026525,432,395,238,128,103,127
ENSMUSG00000025578,403,305,238,104,65,122
ENSMUSG00000054619,397,316,286,82,58,75
ENSMUSG00000044816,48,43,35,100,60,142
ENSMUSG00000046733,0,1,1,13,17,16
ENSMUSG00000055493,100,70,87,55,35,46
ENSMUSG00000059412,14,9,6,6,1,3
ENSMUSG00000030336,586,604,425,318,251,240
ENSMUSG00000056508,50,43,34,12,10,21
ENSMUSG00000020697,2449,1948,1566,1673,1282,2270
ENSMUSG00000051212,5184,4717,3558,2258,1900,2590
ENSMUSG00000095130,1163,1039,646,317,929,217
ENSMUSG00000060044,1948,1697,1458,706,409,766
ENSMUSG00000069049,74,43,37,35,24,25
ENSMUSG00000067882,6,4,4,9,5,11
ENSMUSG00000021217,23,22,20,21,38,21
ENSMUSG00000008393,1366,1013,822,2892,1736,5615
ENSMUSG00000100801,84,59,72,43,51,24
ENSMUSG00000003469,25,15,4,6,1,2
ENSMUSG00000099583,1607,694,819,424,265,520
ENSMUSG00000001901,131,77,106,44,31,68
ENSMUSG00000059857,3,6,4,9,19,4
ENSMUSG00000021253,200,113,118,51,42,26
ENSMUSG00000031950,1474,1277,1054,474,333,634
ENSMUSG00000022996,18,19,15,141,89,268
ENSMUSG00000035367,1890,1789,1200,748,577,825
ENSMUSG00000094627,58,36,44,15,14,21
ENSMUSG00000078502,2323,1471,1364,630,481,723
ENSMUSG00000021665,4705,3765,3298,581,360,636
ENSMUSG00000002897,9232,8210,6207,2612,1780,2133
ENSMUSG00000081979,32,52,36,38,46,25
ENSMUSG00000027875,11,22,10,15,19,11
ENSMUSG00000035191,2,2,1,12,18,2
ENSMUSG00000081534,2825,1929,2121,1301,585,815
ENSMUSG00000040714,59,53,37,24,15,13
ENSMUSG00000091006,14,9,13,42,48,16
ENSMUSG00000001891,1997,1497,1383,672,421,929
ENSMUSG00000024424,39,32,34,35,32,28
ENSMUSG00000026153,105,65,90,75,40,37
ENSMUSG00000085601,4,1,1,10,13,3
ENSMUSG00000006389,33,28,25,23,10,12
ENSMUSG00000034209,23,16,7,8,3,4
ENSMUSG00000070323,56,25,93,47,17,13
ENSMUSG00000031021,1022,815,681,273,184,321
ENSMUSG00000029213,2792,2296,1824,1056,677,1382
ENSMUSG00000034227,12,19,11,41,28,40
ENSMUSG00000079299,11,14,10,39,39,93
ENSMUSG00000000606,33,40,21,55,38,7
ENSMUSG00000025212,1486,1406,971,886,806,553
ENSMUSG00000063903,94,54,42,11,20,10
ENSMUSG00000024736,191,181,129,71,60,73
ENSMUSG00000024742,1626,987,970,811,516,1068
ENSMUSG00000017002,1901,1164,1308,837,337,767
ENSMUSG00000032126,1393,840,630,335,237,431
ENSMUSG00000078816,234,228,168,112,99,75
ENSMUSG00000029101,375,277,217,613,419,948
ENSMUSG00000020018,877,552,488,994,642,1124
ENSMUSG00000096844,241,122,99,119,116,197
ENSMUSG00000048540,3,5,6,29,31,1
ENSMUSG00000031954,2393,1590,1391,2353,1686,2514
ENSMUSG00000099719,31,32,20,26,8,8
ENSMUSG00000019872,1924,1399,1337,431,234,280
ENSMUSG00000037138,11412,10281,7547,2879,2551,2191
ENSMUSG00000080701,22,20,16,11,5,6
ENSMUSG00000070424,6,7,7,7,3,5
ENSMUSG00000072115,17,19,20,11,6,3
ENSMUSG00000006641,352,261,241,481,319,652
ENSMUSG00000025817,2501,2077,1512,3242,2209,5774
ENSMUSG00000082503,187,151,113,104,72,61
ENSMUSG00000103265,20,19,8,25,22,25
ENSMUSG00000020641,1227,594,464,279,258,450
ENSMUSG00000049521,6,11,10,8,8,5
ENSMUSG00000089682,679,597,471,264,188,247
ENSMUSG00000020386,960,702,678,366,258,598
ENSMUSG00000040276,866,731,581,241,144,157
ENSMUSG00000040809,522,163,115,66,59,126
ENSMUSG00000094590,26,53,23,32,14,14
ENSMUSG00000027364,554,433,391,373,228,690
ENSMUSG00000076676,156,112,79,57,32,110
ENSMUSG00000030538,1845,1476,1309,586,418,976
ENSMUSG00000026311,1330,1156,817,394,244,450
ENSMUSG00000075470,1650,1347,1023,742,462,1016
ENSMUSG00000044824,0,0,1,10,14,6
ENSMUSG00000039697,1167,1115,843,392,293,404
ENSMUSG00000024206,141,119,80,43,35,54
ENSMUSG00000034818,57,80,47,756,448,1040
ENSMUSG00000022111,1445,993,875,535,325,516
ENSMUSG00000004187,228,251,142,77,87,81
ENSMUSG00000049321,190,155,112,84,45,78
ENSMUSG00000043079,59,43,41,73,66,34
ENSMUSG00000025872,1080,824,695,665,457,747
ENSMUSG00000001588,12325,11662,8193,2536,1951,2455
ENSMUSG00000009292,2782,2558,2197,2900,1931,3081
ENSMUSG00000094326,77,78,45,32,23,10
ENSMUSG00000031883,62,51,43,18,15,27
ENSMUSG00000071866,21664,14367,14340,18951,11155,29964
ENSMUSG00000069206,881,729,597,1814,1401,2962
ENSMUSG00000100838,127,65,81,129,110,134
ENSMUSG00000043505,4283,3671,2713,1541,1343,1419
ENSMUSG00000025215,13,12,5,13,3,7
ENSMUSG00000002015,3442,2512,2089,1084,671,1579
ENSMUSG00000018931,1175,834,703,418,248,501
ENSMUSG00000081798,13,26,9,9,4,6
ENSMUSG00000041991,0,0,0,7,12,0
ENSMUSG00000019737,57,68,31,117,149,170
ENSMUSG00000046314,87,123,82,294,359,115
ENSMUSG00000044678,131,112,174,53,94,59
ENSMUSG00000029299,4712,4090,4117,1432,693,1251
ENSMUSG00000039236,907,463,459,429,370,445
ENSMUSG00000001552,1028,958,771,440,268,295
ENSMUSG00000041538,30417,27781,20382,3838,2429,4548
ENSMUSG00000046876,2627,2403,1878,970,727,671
ENSMUSG00000029135,312,268,239,510,621,504
ENSMUSG00000063902,40,24,13,27,23,0
ENSMUSG00000025089,19,30,10,10,8,4
ENSMUSG00000024790,291,196,178,677,404,984
ENSMUSG00000078429,3808,3489,2507,642,454,565
ENSMUSG00000035283,96,96,77,63,36,19
ENSMUSG00000030774,564,370,367,265,125,206
ENSMUSG00000083013,42,22,14,13,7,16
ENSMUSG00000034543,3291,2769,2088,3188,2854,3912
ENSMUSG00000021939,36158,28036,31259,19076,8212,18793
ENSMUSG00000040557,54,40,23,42,39,26
ENSMUSG00000058420,162,145,94,482,568,166
ENSMUSG00000035561,237,170,126,84,50,86
ENSMUSG00000040093,1766,1583,1196,400,456,430
ENSMUSG00000074846,0,2,0,34,9,0
ENSMUSG00000106668,169,144,97,35,20,42
ENSMUSG00000059049,26,44,23,30,42,20
ENSMUSG00000020692,954,861,634,950,735,1356
ENSMUSG00000021583,5474,4000,3386,3723,2608,5517
ENSMUSG00000073435,508,409,369,210,115,288
ENSMUSG00000092216,122,125,108,50,38,33
ENSMUSG00000069793,3085,3108,2205,2036,2046,1355
ENSMUSG00000048096,1,1,1,16,12,6
ENSMUSG00000081046,40,35,32,18,13,17
ENSMUSG00000093593,116,90,67,53,33,83
ENSMUSG00000035355,81,86,44,136,123,169
ENSMUSG00000020988,363,300,254,280,190,375
ENSMUSG00000026356,3553,2707,2402,2133,1545,3061
ENSMUSG00000055675,3321,3267,2188,782,704,625
ENSMUSG00000001741,20026,16534,12935,7155,5213,7577
ENSMUSG00000058927,1014,613,681,753,479,1319
ENSMUSG00000058571,254,257,185,493,612,226
ENSMUSG00000096736,8,23,23,1759,3316,4
ENSMUSG00000027739,1186,1166,812,448,311,584
ENSMUSG00000079330,23,39,29,62,76,23
ENSMUSG00000039270,852,686,692,376,215,292
ENSMUSG00000098101,180,184,107,98,80,172
ENSMUSG00000072812,64,75,74,286,296,237
ENSMUSG00000094840,98,105,51,25,28,8
ENSMUSG00000081281,19,9,10,5,7,17
ENSMUSG00000052298,7568,6150,4890,2200,1590,2557
ENSMUSG00000044709,1221,952,776,394,201,520
ENSMUSG00000020444,687,550,470,545,332,699
ENSMUSG00000052056,5117,4445,3264,1633,1106,1401
ENSMUSG00000092036,30,21,17,29,42,4
ENSMUSG00000021810,2510,1976,1544,1617,1075,1997
ENSMUSG00000032564,5,19,12,2,6,7
ENSMUSG00000029106,9708,8887,5963,1974,1436,2093
ENSMUSG00000031963,6,3,3,6,15,8
ENSMUSG00000039770,1952,1541,1365,444,295,602
ENSMUSG00000029001,152,132,103,52,45,38
ENSMUSG00000032232,97,92,70,131,91,85
ENSMUSG00000028149,4907,4858,3572,1917,1188,1890
ENSMUSG00000061455,1726,1513,1142,677,476,829
ENSMUSG00000030725,79,61,62,65,42,95
ENSMUSG00000080772,328,429,327,201,208,148
ENSMUSG00000095564,7,4,0,0,14,5
ENSMUSG00000035473,80,75,57,29,16,16
ENSMUSG00000030357,3514,2703,2319,3133,1895,3987
ENSMUSG00000020656,104,106,70,117,100,111
ENSMUSG00000025962,1293,1036,860,859,644,1383
ENSMUSG00000057554,4813,3982,3028,1590,1129,1933
ENSMUSG00000055485,314,384,366,418,231,370
ENSMUSG00000026127,3037,2460,1785,2009,1515,2249
ENSMUSG00000082052,9,6,9,18,14,2
ENSMUSG00000026840,1,2,0,10,11,5
ENSMUSG00000083087,25,17,12,17,3,9
ENSMUSG00000022814,1458,1033,970,946,614,1094
ENSMUSG00000076674,737,395,362,143,165,112
ENSMUSG00000029650,1387,1089,951,312,178,248
ENSMUSG00000038250,5319,4416,3427,2052,1544,2591
ENSMUSG00000024948,15427,15440,10227,4179,2803,5211
ENSMUSG00000001751,1120,805,724,384,224,474
ENSMUSG00000064109,384,378,245,69,69,90
ENSMUSG00000046562,2403,2076,1652,731,453,889
ENSMUSG00000043987,1384,1259,909,689,500,611
ENSMUSG00000031101,13346,10677,8702,4879,3421,5830
ENSMUSG00000039640,1376,778,691,1471,928,1295
ENSMUSG00000055602,1,2,0,23,31,4
ENSMUSG00000096452,419,270,201,176,103,75
ENSMUSG00000002007,4654,3916,2874,442,310,473
ENSMUSG00000050957,134,96,65,18,14,16
ENSMUSG00000003824,181,128,104,252,180,313
ENSMUSG00000075528,771,687,524,468,311,665
ENSMUSG00000030188,252,205,189,169,87,204
ENSMUSG00000033416,5280,4779,3645,1629,1327,1454
ENSMUSG00000064317,415,327,344,292,243,609
ENSMUSG00000001707,606,457,446,367,284,556
ENSMUSG00000030228,2,10,4,7,14,3
ENSMUSG00000045362,953,878,644,1193,833,1844
ENSMUSG00000022952,5163,5522,3831,2253,1607,2011
ENSMUSG00000107539,35,18,0,38,36,25
ENSMUSG00000108279,12,8,3,2,12,6
ENSMUSG00000028199,199,131,146,62,41,65
ENSMUSG00000035772,971,726,587,794,568,980
ENSMUSG00000102626,181,243,164,76,53,102
ENSMUSG00000083771,10,18,14,38,27,29
ENSMUSG00000082965,43,51,31,47,57,12
ENSMUSG00000021614,164,105,90,450,384,668
ENSMUSG00000070572,70,116,60,0,0,39
ENSMUSG00000094664,0,3,2,4,0,0
ENSMUSG00000021969,4977,4474,3643,1468,1212,1321
ENSMUSG00000083626,0,0,0,0,13,5
ENSMUSG00000034595,6834,5614,4202,2088,1608,1703
ENSMUSG00000081895,58,24,38,22,9,16
ENSMUSG00000031467,713,505,476,1579,1182,2490
ENSMUSG00000021476,620,622,438,259,171,240
ENSMUSG00000050035,58,48,26,52,45,115
ENSMUSG00000094124,584,663,361,201,1039,187
ENSMUSG00000033020,476,357,325,483,308,611
ENSMUSG00000022180,515,397,510,274,164,222
ENSMUSG00000000794,1,4,1,9,11,1
ENSMUSG00000043629,532,533,412,169,102,131
ENSMUSG00000006445,328,268,181,3508,2670,5495
ENSMUSG00000057229,3146,2613,1829,1025,708,1073
ENSMUSG00000032221,1046,713,565,314,302,184
ENSMUSG00000074277,842,741,512,327,241,319
ENSMUSG00000028656,19631,13903,12238,6361,3769,6339
ENSMUSG00000015889,2106,1617,1365,975,656,1360
ENSMUSG00000105589,11,15,4,19,12,12
ENSMUSG00000028358,76,80,52,86,92,36
ENSMUSG00000041774,349,289,225,357,268,423
ENSMUSG00000034730,7,4,5,8,19,4
ENSMUSG00000084817,33,16,39,25,16,14
ENSMUSG00000035186,216,212,213,215,68,63
ENSMUSG00000021572,564,485,351,156,125,288
ENSMUSG00000050043,1600,1323,1077,678,485,1068
ENSMUSG00000022003,703,567,460,272,173,272
ENSMUSG00000030986,916,753,603,332,228,333
ENSMUSG00000076576,1667,829,585,1142,331,543
ENSMUSG00000108772,17,22,7,0,2,5
ENSMUSG00000033762,241,179,114,118,80,128
ENSMUSG00000083076,17,20,9,23,14,2
ENSMUSG00000020102,1292,1173,951,575,463,501
ENSMUSG00000036572,3210,2587,1756,5344,4051,5015
ENSMUSG00000026043,43,46,34,46,22,61
ENSMUSG00000063594,0,0,0,8,15,10
ENSMUSG00000028651,1067,748,634,909,541,1337
ENSMUSG00000105462,73,45,48,27,11,12
ENSMUSG00000002104,11,9,2,13,14,6
ENSMUSG00000082329,0,22,23,1,4,0
ENSMUSG00000072664,231,229,155,96,71,95
ENSMUSG00000006546,3,15,11,16,17,10
ENSMUSG00000045140,487,427,313,349,274,498
ENSMUSG00000015656,64656,44913,44023,47425,29327,56481
ENSMUSG00000022367,9,11,10,28,33,8
ENSMUSG00000062981,1034,657,621,708,470,660
ENSMUSG00000031325,101,125,97,51,43,65
ENSMUSG00000045629,111,63,34,7,14,7
ENSMUSG00000039007,469,417,452,207,101,167
ENSMUSG00000106721,0,0,0,6,11,0
ENSMUSG00000028195,3,4,0,18,24,14
ENSMUSG00000013089,681,540,473,506,322,662
ENSMUSG00000095463,1305,1139,951,644,531,634
ENSMUSG00000071984,8,18,11,41,33,1
ENSMUSG00000027566,3679,2592,2639,2422,1488,2818
ENSMUSG00000092329,349,56,386,90,189,660
ENSMUSG00000079445,126,126,125,192,209,298
ENSMUSG00000038991,11709,8505,6724,4478,3567,2392
ENSMUSG00000041859,2764,1700,1596,1200,804,1319
ENSMUSG00000022351,793,589,630,729,531,916
ENSMUSG00000096722,8,19,9,6,14,7
ENSMUSG00000030603,2571,1996,1733,1706,1118,2530
ENSMUSG00000023055,1778,1465,1114,948,658,1037
ENSMUSG00000028675,8024,5930,5056,2608,1747,3305
ENSMUSG00000031349,461,353,261,269,179,317
ENSMUSG00000049553,4844,3987,2944,5687,4310,7124
ENSMUSG00000021830,9793,8870,6844,2809,2120,2787
ENSMUSG00000078889,11,2,0,127,0,159
ENSMUSG00000000301,24,22,15,22,16,34
ENSMUSG00000021879,88,62,56,434,124,113
ENSMUSG00000040715,0,0,28,0,0,0
ENSMUSG00000054252,65,42,30,40,47,36
ENSMUSG00000094114,96,129,127,41,32,140
ENSMUSG00000038388,2558,2074,1965,1596,948,1786
ENSMUSG00000079076,61,46,32,32,9,34
ENSMUSG00000042426,1763,1396,1134,1295,901,1437
ENSMUSG00000078632,1,2,0,18,18,0
ENSMUSG00000024663,1049,804,898,311,169,334
ENSMUSG00000027331,542,397,295,196,126,159
ENSMUSG00000019429,28,27,20,69,66,40
ENSMUSG00000035262,51,52,27,34,35,46
ENSMUSG00000026712,10234,10399,8099,4252,1589,2617
ENSMUSG00000091971,37,24,91,125,82,173
ENSMUSG00000018830,37,26,10,62,57,38
ENSMUSG00000045967,0,0,0,7,12,0
ENSMUSG00000038793,57,43,44,11,14,11
ENSMUSG00000027333,312,208,169,236,180,269
ENSMUSG00000041754,75,36,25,22,18,28
ENSMUSG00000037318,14968,13335,9321,5576,4152,6505
ENSMUSG00000026496,14800,12645,9065,5702,3718,7708
ENSMUSG00000025359,135,160,82,53,45,55
ENSMUSG00000081137,33,22,21,13,9,21
ENSMUSG00000083642,3,4,3,7,16,8
ENSMUSG00000019359,70,114,45,68,60,85
ENSMUSG00000059897,845,633,534,342,264,454
ENSMUSG00000060198,16,9,20,18,15,5
ENSMUSG00000055093,3230,1512,1540,518,625,393
ENSMUSG00000042460,6379,5231,4283,1872,1266,2668
ENSMUSG00000080186,8,2,2,9,0,2
ENSMUSG00000021276,685,501,431,431,279,531
ENSMUSG00000025933,53,49,34,20,13,28
ENSMUSG00000084292,97,138,93,59,40,40
ENSMUSG00000038127,15334,12585,10560,4982,3264,5402
ENSMUSG00000028010,517,364,312,729,547,954
ENSMUSG00000049892,21,13,9,79,74,168
ENSMUSG00000041945,120,123,88,38,42,38
ENSMUSG00000057113,26178,17311,15532,25163,16798,29001
ENSMUSG00000033629,1829,1450,1314,626,477,1008
ENSMUSG00000021392,3211,2396,2004,3389,2774,4091
ENSMUSG00000030771,7,10,5,15,6,0
ENSMUSG00000010554,2644,2158,1643,2122,1768,2841
ENSMUSG00000072825,366,398,275,5446,3818,7264
ENSMUSG00000075595,6912,6406,4368,2722,2010,2573
ENSMUSG00000039166,788,674,533,234,191,229
ENSMUSG00000094993,196,144,123,37,38,38
ENSMUSG00000006057,2053,1405,1267,1710,1123,2453
ENSMUSG00000035585,658,494,437,206,139,218
ENSMUSG00000091732,68,62,49,35,22,24
ENSMUSG00000067869,9,0,0,0,0,9
ENSMUSG00000050982,41,20,5,6,14,2
ENSMUSG00000036256,300,260,243,180,86,124
ENSMUSG00000066189,11,8,3,36,39,10
ENSMUSG00000030493,625,400,293,244,187,256
ENSMUSG00000048424,30,24,16,4,4,22
ENSMUSG00000069303,648,370,431,258,138,543
ENSMUSG00000030413,769,569,413,226,173,204
ENSMUSG00000082233,13,15,10,17,16,8
ENSMUSG00000082463,144,158,122,40,24,33
ENSMUSG00000038776,4136,3230,2587,3848,2413,5195
ENSMUSG00000020865,2176,1901,1935,890,411,633
ENSMUSG00000034522,757,796,474,438,327,343
ENSMUSG00000096210,275,153,181,120,79,94
ENSMUSG00000039167,29,19,26,19,2,8
ENSMUSG00000027322,1505,1306,1156,675,415,620
ENSMUSG00000056718,85,80,57,142,101,204
ENSMUSG00000032249,6647,4650,3887,2703,1668,2170
ENSMUSG00000030792,74,38,33,53,43,67
ENSMUSG00000049044,3056,3164,1984,438,362,287
ENSMUSG00000036002,795,656,446,233,178,136
ENSMUSG00000060090,3952,3264,2956,2104,1261,2491
ENSMUSG00000032113,314,196,179,178,140,143
ENSMUSG00000028444,9,10,3,11,23,3
ENSMUSG00000000690,13,8,8,21,19,3
ENSMUSG00000028902,2359,1794,1558,1758,1265,2245
ENSMUSG00000025010,1237,1101,750,338,278,357
ENSMUSG00000048852,961,696,525,265,176,262
ENSMUSG00000039985,2568,1944,1677,1015,852,1281
ENSMUSG00000073647,340,359,218,391,395,513
ENSMUSG00000039410,78,64,61,35,39,31
ENSMUSG00000038683,1869,1538,1220,1031,742,1632
ENSMUSG00000040687,5085,5460,3587,2283,1824,2089
ENSMUSG00000092009,9,7,4,15,17,3
ENSMUSG00000101024,27,27,29,7,6,12
ENSMUSG00000052456,1389,958,884,922,535,1125
ENSMUSG00000050860,37,9,5,16,15,8
ENSMUSG00000044703,499,305,271,121,92,196
ENSMUSG00000021958,704,547,475,813,684,841
ENSMUSG00000061167,2940,2231,2531,11,291,0
ENSMUSG00000021411,3871,3273,2765,598,378,580
ENSMUSG00000062554,101,82,64,15,8,59
ENSMUSG00000084154,5,7,2,14,3,3
ENSMUSG00000017943,1,0,0,9,14,8
ENSMUSG00000081406,11001,4604,3901,7244,5607,0
ENSMUSG00000101188,3883,2464,2317,3627,2610,5231
ENSMUSG00000004698,4540,3777,3017,1862,1180,1886
ENSMUSG00000039774,928,784,594,324,184,284
ENSMUSG00000027384,463,378,324,185,128,353
ENSMUSG00000055538,1110,988,720,512,262,587
ENSMUSG00000037216,144,147,123,102,91,142
ENSMUSG00000006435,36,29,9,19,20,12
ENSMUSG00000030966,2445,1840,1658,1102,740,1554
ENSMUSG00000026377,1794,1218,1107,1686,1311,2218
ENSMUSG00000031924,3922,3128,2600,2050,1376,2452
ENSMUSG00000037169,48,58,54,49,33,40
ENSMUSG00000090626,981,900,640,464,303,562
ENSMUSG00000023939,259,138,153,176,90,234
ENSMUSG00000032112,876,752,590,380,262,657
ENSMUSG00000060419,5988,3504,2742,2088,1203,1718
ENSMUSG00000021782,29,31,23,34,45,21
ENSMUSG00000031442,165,160,124,115,132,71
ENSMUSG00000041000,71,65,42,44,34,28
ENSMUSG00000068037,0,4,0,11,13,4
ENSMUSG00000059195,38,17,22,2567,1648,34
ENSMUSG00000019998,3814,2982,2710,1037,643,1129
ENSMUSG00000076583,2013,1548,1067,2559,1115,498
ENSMUSG00000058728,51,37,33,37,18,35
ENSMUSG00000074412,21,18,15,13,14,8
ENSMUSG00000075054,877,732,648,570,479,821
ENSMUSG00000021913,4,3,3,55,64,101
ENSMUSG00000045455,237,155,172,236,116,268
ENSMUSG00000022262,1,2,0,6,16,1
ENSMUSG00000061897,21,9,4,18,24,20
ENSMUSG00000071669,7680,7864,5415,1594,1381,1741
ENSMUSG00000020974,372,262,223,171,122,215
ENSMUSG00000104838,17,21,19,2,3,12
ENSMUSG00000089951,110,89,72,36,26,59
ENSMUSG00000026737,5083,4125,3382,1912,1191,1458
ENSMUSG00000036304,243,173,121,51,54,71
ENSMUSG00000037709,31,39,26,40,29,43
ENSMUSG00000029832,864,796,608,329,296,493
ENSMUSG00000002109,1550,1370,973,499,338,509
ENSMUSG00000001436,457,400,304,439,383,645
ENSMUSG00000053801,692,557,473,897,740,1636
ENSMUSG00000101964,1536,1808,1215,311,190,378
ENSMUSG00000031948,3384,2342,1904,2794,1840,3139
ENSMUSG00000000142,66,73,39,45,39,27
ENSMUSG00000026204,17,14,10,16,31,3
ENSMUSG00000036955,1011,875,709,378,266,335
ENSMUSG00000031239,126,89,84,236,153,387
ENSMUSG00000066007,7,13,10,6,17,30
ENSMUSG00000021464,4,4,4,17,9,2
ENSMUSG00000038267,590,482,437,185,152,194
ENSMUSG00000030691,21020,21783,14372,7603,5219,6659
ENSMUSG00000081058,1781,766,841,379,139,208
ENSMUSG00000022403,4899,3694,3024,4275,2954,5045
ENSMUSG00000032265,2488,2121,1749,549,359,500
ENSMUSG00000067344,20,11,18,17,8,7
ENSMUSG00000076512,215,85,64,76,80,101
ENSMUSG00000079652,12,11,8,24,31,42
ENSMUSG00000020542,11,17,11,31,39,6
ENSMUSG00000009376,84,65,65,57,42,45
ENSMUSG00000096553,62,87,45,22,29,24
ENSMUSG00000020473,33,32,26,52,50,53
ENSMUSG00000082956,62,59,59,30,23,18
ENSMUSG00000067219,37,20,24,96,145,47
ENSMUSG00000024589,1578,1613,1077,648,481,485
ENSMUSG00000026163,2,2,1,12,14,1
ENSMUSG00000040249,7593,8282,7265,7683,3393,3420
ENSMUSG00000049493,90,83,76,79,69,21
ENSMUSG00000050132,41,39,26,82,60,104
ENSMUSG00000079415,134,89,76,62,58,81
ENSMUSG00000090553,1724,1394,1394,1046,611,1838
ENSMUSG00000074182,579,490,364,625,559,676
ENSMUSG00000040774,3959,3269,2855,1287,844,1726
ENSMUSG00000023832,514,367,371,272,190,430
ENSMUSG00000023953,1336,929,781,566,368,661
ENSMUSG00000052293,275,194,148,155,105,194
ENSMUSG00000048537,56,69,43,67,65,35
ENSMUSG00000022436,1775,1464,1062,608,437,611
ENSMUSG00000051256,802,605,508,419,304,571
ENSMUSG00000045868,55236,39684,36284,9578,7078,8469
ENSMUSG00000002308,121,101,76,149,93,259
ENSMUSG00000037683,135,102,127,17,11,7
ENSMUSG00000090843,15,13,8,10,10,1
ENSMUSG00000052353,63,77,40,111,101,66
ENSMUSG00000082287,62,93,76,36,16,22
ENSMUSG00000055652,712,664,514,230,161,365
ENSMUSG00000026395,110622,91746,73958,29381,19402,29770
ENSMUSG00000074243,0,7,8,8,6,0
ENSMUSG00000071770,17,10,11,19,19,5
ENSMUSG00000074673,61,79,44,145,109,182
ENSMUSG00000031904,1293,1217,867,1175,858,1605
ENSMUSG00000050555,1793,1469,1130,611,503,851
ENSMUSG00000106037,3336,2914,2367,534,392,428
ENSMUSG00000038859,87,121,74,41,31,53
ENSMUSG00000001576,1538,1193,860,2690,1914,3601
ENSMUSG00000034424,375,277,242,468,330,673
ENSMUSG00000078794,12,8,7,498,290,798
ENSMUSG00000106610,81,70,60,35,35,29
ENSMUSG00000099655,17,8,12,28,14,28
ENSMUSG00000003031,5883,4872,3562,1542,1022,1429
ENSMUSG00000026048,1370,1156,846,3478,2773,4501
ENSMUSG00000038587,2253,1869,1296,1223,797,1872
ENSMUSG00000024887,567,490,417,195,142,199
ENSMUSG00000001053,849,688,542,303,178,319
ENSMUSG00000106831,969,636,553,534,319,460
ENSMUSG00000029998,1719,1499,1202,738,354,702
ENSMUSG00000023949,30,21,22,39,39,7
ENSMUSG00000041670,28,26,23,37,37,12
ENSMUSG00000043126,28,25,33,10,6,13
ENSMUSG00000028859,1856,942,713,822,789,658
ENSMUSG00000067199,733,569,432,249,173,283
ENSMUSG00000002319,1140,976,825,2143,1698,2832
ENSMUSG00000094682,118,113,74,34,22,52
ENSMUSG00000005640,224,233,192,485,711,199
ENSMUSG00000015843,27,32,13,26,21,16
ENSMUSG00000041912,160,122,118,63,34,77
ENSMUSG00000026435,743,676,804,319,166,347
ENSMUSG00000096718,94,274,189,136,0,88
ENSMUSG00000026815,105,45,30,2,10,7
ENSMUSG00000044453,2547,2559,1769,869,613,597
ENSMUSG00000000275,5371,5376,3870,2844,2476,2563
ENSMUSG00000029560,5145,4891,3600,1578,1082,1703
ENSMUSG00000015932,1726,1153,1256,2370,1427,3351
ENSMUSG00000091386,3,14,7,33,24,14
ENSMUSG00000020308,444,285,255,189,95,151
ENSMUSG00000105028,9,3,4,15,8,17
ENSMUSG00000105977,0,0,0,0,0,0
ENSMUSG00000039168,764,515,396,233,164,148
ENSMUSG00000005949,819,726,603,271,202,355
ENSMUSG00000080776,28,19,9,9,4,4
ENSMUSG00000094029,51,35,48,14,16,25
ENSMUSG00000040596,726,597,462,1092,862,1608
ENSMUSG00000030786,1219,875,636,759,587,604
ENSMUSG00000004285,1973,1397,1437,821,456,1132
ENSMUSG00000073010,45,39,19,6,3,12
ENSMUSG00000095847,8,12,10,9,3,9
ENSMUSG00000040433,4406,3393,2530,1513,1082,930
ENSMUSG00000030403,9364,7316,6002,2775,1749,2612
ENSMUSG00000020570,3719,3420,2749,1061,779,1262
ENSMUSG00000071862,172,195,142,54,42,85
ENSMUSG00000032065,14,12,9,4,3,3
ENSMUSG00000030157,18223,12740,11395,6089,3710,7522
ENSMUSG00000093896,1614,1213,780,946,308,258
ENSMUSG00000015093,175,156,109,53,37,70
ENSMUSG00000078851,1325,704,712,380,290,668
ENSMUSG00000006345,22,41,10,14,19,7
ENSMUSG00000089838,287,243,168,101,70,70
ENSMUSG00000079915,24,24,16,14,5,14
ENSMUSG00000039005,2624,2115,2199,640,368,774
ENSMUSG00000046861,2295,1930,1525,667,403,559
ENSMUSG00000002661,233,177,187,106,57,141
ENSMUSG00000025507,350,290,182,2454,1790,3663
ENSMUSG00000026686,31,31,32,36,55,14
ENSMUSG00000026413,3,4,2,20,19,2
ENSMUSG00000059013,3541,3187,2255,1951,1343,2529
ENSMUSG00000036641,419,323,427,175,119,174
ENSMUSG00000083979,62,70,49,17,7,9
ENSMUSG00000026097,1470,1230,1034,490,311,689
ENSMUSG00000044934,1200,925,788,353,218,437
ENSMUSG00000072235,2415,1798,1686,573,338,457
ENSMUSG00000096020,1370,893,589,334,282,218
ENSMUSG00000049314,59,57,49,3,6,8
ENSMUSG00000035699,26,21,17,4,4,4
ENSMUSG00000054385,418,276,261,27,37,27
ENSMUSG00000071303,6,11,22,7,8,12
ENSMUSG00000033219,0,0,1,10,11,0
ENSMUSG00000053600,967,852,733,456,398,683
ENSMUSG00000052469,0,0,0,10,17,3
ENSMUSG00000079557,1676,1250,1040,643,474,740
ENSMUSG00000027350,1,2,3,10,12,2
ENSMUSG00000001288,194,219,130,342,269,337
ENSMUSG00000058392,1414,1241,854,1863,1807,2208
ENSMUSG00000030983,1558,1170,954,1090,752,1088
ENSMUSG00000061740,179,189,110,66,58,65
ENSMUSG00000026354,39,26,13,44,47,27
ENSMUSG00000071266,548,474,367,159,129,241
ENSMUSG00000024462,1336,1600,1051,648,487,480
ENSMUSG00000051243,50,45,29,52,56,16
ENSMUSG00000095186,163,334,356,44522,87308,67
ENSMUSG00000096883,134,97,54,125,93,208
ENSMUSG00000022978,699,526,421,220,136,347
ENSMUSG00000037202,336,251,231,100,101,156
ENSMUSG00000094951,737,602,1358,193,206,139
ENSMUSG00000067010,31,42,14,21,15,7
ENSMUSG00000020826,6,6,9,16,11,5
ENSMUSG00000023505,546,288,275,138,82,97
ENSMUSG00000018583,9744,7556,6072,7947,5756,10457
ENSMUSG00000096422,2562,1720,1149,696,447,476
ENSMUSG00000097656,12,17,13,11,3,8
ENSMUSG00000024112,696,623,397,316,288,120
ENSMUSG00000006574,1530,830,187,41,138,75
ENSMUSG00000024399,15578,11548,10206,2732,1609,2525
ENSMUSG00000068039,8390,6123,5494,5752,4064,7629
ENSMUSG00000031957,0,0,0,2,15,2
ENSMUSG00000025433,262,257,221,11,8,7
ENSMUSG00000034485,34,32,16,22,18,7
ENSMUSG00000071724,160,136,120,50,33,61
ENSMUSG00000095562,424,810,836,426,322,716
ENSMUSG00000021771,4219,3165,2735,2020,1356,2513
ENSMUSG00000050944,81,55,46,36,39,20
ENSMUSG00000041712,2014,1498,1239,740,547,951
ENSMUSG00000028614,802,573,429,537,364,709
ENSMUSG00000032392,160,143,94,29,29,31
ENSMUSG00000048027,187,165,128,63,58,50
ENSMUSG00000076670,478,164,389,212,341,40
ENSMUSG00000067194,2048,1493,1341,1342,872,1882
ENSMUSG00000026020,4664,3394,2815,4514,3834,5508
ENSMUSG00000021701,138,131,147,6520,5534,10312
ENSMUSG00000028958,631,440,398,243,155,261
ENSMUSG00000027472,1368,1082,868,2119,1413,3546
ENSMUSG00000032333,1647,1342,1163,399,261,416
ENSMUSG00000047881,397,324,244,429,237,398
ENSMUSG00000028318,1045,750,612,1216,950,1784
ENSMUSG00000028385,9172,7979,5995,3024,2129,3077
ENSMUSG00000019951,4495,3801,2858,1674,1131,1668
ENSMUSG00000095609,4,15,14,16,0,0
ENSMUSG00000076695,2122,1428,933,897,888,375
ENSMUSG00000046958,12,6,7,38,49,7
ENSMUSG00000023156,891,701,593,671,420,778
ENSMUSG00000044501,2361,1983,1651,685,439,1049
ENSMUSG00000021186,6,4,6,12,21,8
ENSMUSG00000003308,2395,1922,1485,928,582,894
ENSMUSG00000051790,36,44,31,92,85,129
ENSMUSG00000089967,17,22,14,0,13,0
ENSMUSG00000097833,37,47,33,14,14,14
ENSMUSG00000006154,2001,59,3239,949,822,1129
ENSMUSG00000024177,105,74,66,242,147,333
ENSMUSG00000062478,309,392,347,101,110,157
ENSMUSG00000094862,55,35,10,146,2,8
ENSMUSG00000030641,232,126,133,3146,2326,4704
ENSMUSG00000094505,46,26,19,7,2,9
ENSMUSG00000037548,28299,23417,17767,8768,5760,9925
ENSMUSG00000049115,16,10,2,4,11,4
ENSMUSG00000042644,15457,14623,10226,5823,4564,5920
ENSMUSG00000051590,1461,1428,871,262,198,206
ENSMUSG00000101502,3,11,8,16,2,13
ENSMUSG00000037221,248,197,137,112,72,108
ENSMUSG00000068749,2000,1408,1352,1272,790,1963
ENSMUSG00000000385,57,54,38,24,16,49
ENSMUSG00000090381,63,82,49,110,66,137
ENSMUSG00000041309,26,23,14,7,5,1
ENSMUSG00000032946,10629,11668,7400,1575,1026,1124
ENSMUSG00000081651,22,23,11,8,11,3
ENSMUSG00000029603,11205,8878,6481,3249,2512,2901
ENSMUSG00000032380,83,47,36,23,27,21
ENSMUSG00000076538,1137,510,445,268,125,213
ENSMUSG00000033910,69,78,59,65,68,37
ENSMUSG00000045767,4388,3583,2875,1796,1193,2410
ENSMUSG00000047415,337,322,203,812,714,713
ENSMUSG00000030872,10096,8954,6602,2372,1576,2489
ENSMUSG00000069609,8,4,10,4,0,4
ENSMUSG00000027227,407,269,300,182,75,240
ENSMUSG00000028270,2942,1650,1751,780,543,778
ENSMUSG00000058447,0,0,9,9,29,8
ENSMUSG00000018909,4432,4019,3242,932,591,691
ENSMUSG00000031917,2311,1918,1667,1666,1308,2241
ENSMUSG00000084362,96,109,88,18,16,43
ENSMUSG00000034958,29,26,17,14,11,10
ENSMUSG00000020114,4692,3963,3148,2409,1944,3348
ENSMUSG00000045326,135,98,95,34,23,36
ENSMUSG00000025964,914,750,703,448,325,214
ENSMUSG00000041231,4238,3338,2883,1571,992,1713
ENSMUSG00000079362,1,86,73,50,0,76
ENSMUSG00000074800,578,1191,1240,659,207,929
ENSMUSG00000105053,58,40,32,47,66,110
ENSMUSG00000022126,83,29,33,20,25,32
ENSMUSG00000045294,1363,997,1163,988,601,1083
ENSMUSG00000056427,78,80,66,33,29,27
ENSMUSG00000042462,408,268,312,478,234,787
ENSMUSG00000040584,512,491,344,252,276,207
ENSMUSG00000046756,1499,1132,973,936,690,1109
ENSMUSG00000102161,20,0,15,0,6,16
ENSMUSG00000048856,38,31,25,49,32,55
ENSMUSG00000081212,17,27,17,2,3,7
ENSMUSG00000028597,50,23,29,12,9,16
ENSMUSG00000034041,4113,3182,2579,701,431,772
ENSMUSG00000030084,1342,1425,1267,4674,3177,7287
ENSMUSG00000035754,1333,1040,875,1215,850,1619
ENSMUSG00000038178,5120,4852,3659,2359,1476,1864
ENSMUSG00000040891,11,16,12,21,29,5
ENSMUSG00000040618,1896,1705,1234,470,308,494
ENSMUSG00000050192,548,426,378,156,95,229
ENSMUSG00000007415,1490,1185,935,419,287,432
ENSMUSG00000032360,414,411,313,70,47,64
ENSMUSG00000024184,46,30,21,12,4,30
ENSMUSG00000032018,892,717,713,371,278,368
ENSMUSG00000031422,3081,2307,2044,1774,1166,1980
ENSMUSG00000004207,52663,38418,37455,14101,8092,15058
ENSMUSG00000066191,35,27,14,16,8,12
ENSMUSG00000043342,32,32,16,41,51,12
ENSMUSG00000091938,3,8,2,6,11,5
ENSMUSG00000083337,10,1,8,5,2,2
ENSMUSG00000019942,454,246,252,87,57,77
ENSMUSG00000082127,10,27,13,55,64,3
ENSMUSG00000038042,451,387,299,1311,1196,2012
ENSMUSG00000022553,3512,2911,2267,1180,802,1767
ENSMUSG00000084836,95,119,107,3,21,21
ENSMUSG00000081720,3,4,3,10,15,6
ENSMUSG00000080902,146,127,69,151,123,97
ENSMUSG00000004880,7361,6050,4724,2487,1850,3553
ENSMUSG00000096577,1179,275,179,121,3639,85
ENSMUSG00000028643,351,260,235,105,81,159
ENSMUSG00000056904,14,8,7,9,9,11
ENSMUSG00000025154,1464,1152,1385,480,270,512
ENSMUSG00000026721,14437,13731,10126,5607,4707,5634
ENSMUSG00000059534,1017,680,720,598,366,974
ENSMUSG00000002871,1173,1039,756,431,294,471
ENSMUSG00000083670,7,5,0,120,84,6
ENSMUSG00000040017,122,145,135,204,216,90
ENSMUSG00000029860,1912,1603,1269,828,567,751
ENSMUSG00000025478,10,9,8,15,10,5
ENSMUSG00000005131,5,11,5,23,11,31
ENSMUSG00000027804,3013,2338,1750,1929,1504,2811
ENSMUSG00000044583,5285,3960,3479,1307,734,1612
ENSMUSG00000095547,86,301,429,49452,96050,145
ENSMUSG00000062980,39,45,29,37,37,16
ENSMUSG00000058435,87,83,125,40,23,31
ENSMUSG00000028410,4981,3780,3784,1962,1390,2836
ENSMUSG00000081723,69,40,76,64,23,23
ENSMUSG00000027379,369,192,212,76,44,73
ENSMUSG00000024387,2449,1675,1400,1335,887,1530
ENSMUSG00000024759,4104,3658,3138,1673,1115,2111
ENSMUSG00000021592,942,849,668,296,197,409
ENSMUSG00000025475,5,9,8,27,27,23
ENSMUSG00000043940,2546,2730,2176,1535,785,825
ENSMUSG00000076557,17,11,7,4,2,3
ENSMUSG00000083055,5,6,3,14,10,1
ENSMUSG00000028447,730,581,504,325,206,460
ENSMUSG00000031431,4857,8790,7520,2444,2533,2415
ENSMUSG00000083261,8,11,0,4,7,5
ENSMUSG00000003411,5,7,9,12,27,26
ENSMUSG00000071014,357,269,272,386,245,929
ENSMUSG00000018238,5,3,3,16,12,10
ENSMUSG00000056632,7,14,5,19,24,5
ENSMUSG00000019818,6401,5702,4643,2290,1599,3012
ENSMUSG00000062480,186,150,105,96,86,153
ENSMUSG00000024459,7,6,2,9,12,2
ENSMUSG00000009551,389,363,276,219,149,223
ENSMUSG00000071379,628,425,410,719,497,837
ENSMUSG00000015126,625,450,400,456,283,570
ENSMUSG00000039330,25,25,13,18,2,19
ENSMUSG00000035202,2357,8529,12835,2440,2448,2686
ENSMUSG00000042726,3509,2849,2559,1770,1182,2309
ENSMUSG00000101986,88,70,36,85,91,42
ENSMUSG00000026605,1429,759,695,364,226,202
ENSMUSG00000022416,6099,6729,4369,498,365,483
ENSMUSG00000000732,10675,9608,7130,3912,2814,3456
ENSMUSG00000023968,155,175,93,65,46,66
ENSMUSG00000020777,1467,1340,1052,494,310,470
ENSMUSG00000036850,810,547,498,424,286,452
ENSMUSG00000028937,214,166,140,241,165,324
ENSMUSG00000021136,17,40,6,46,16,69
ENSMUSG00000051650,3764,3037,2226,1239,844,1069
ENSMUSG00000068747,2000,1825,1725,785,318,449
ENSMUSG00000020134,3201,2938,2166,1144,911,1103
ENSMUSG00000098934,6505,5738,4951,1102,827,842
ENSMUSG00000040713,5198,3764,4852,2559,1325,1888
ENSMUSG00000030322,2428,2007,1601,813,569,760
ENSMUSG00000023104,4405,3616,2829,1637,1116,2000
ENSMUSG00000044496,2602,2049,1731,977,658,1229
ENSMUSG00000031523,580,588,485,330,261,215
ENSMUSG00000070331,16,14,5,32,36,18
ENSMUSG00000087207,48,39,33,67,42,51
ENSMUSG00000000957,76,71,54,62,36,21
ENSMUSG00000054728,105,112,82,297,380,103
ENSMUSG00000024958,507,462,310,161,122,174
ENSMUSG00000095514,110,55,61,10,12,27
ENSMUSG00000046897,6328,5675,4326,2241,1561,2911
ENSMUSG00000092367,33,23,0,0,6,0
ENSMUSG00000054321,1076,889,690,1593,1258,2176
ENSMUSG00000053702,1727,1330,1001,412,439,302
ENSMUSG00000104185,16,16,15,3,4,3
ENSMUSG00000034111,5582,5058,3947,2222,1364,2776
ENSMUSG00000052751,435,347,262,438,316,652
ENSMUSG00000102232,68,78,51,104,95,32
ENSMUSG00000021792,1060,657,520,388,299,393
ENSMUSG00000030144,107,40,31,56,80,66
ENSMUSG00000030217,84,64,49,16,22,20
ENSMUSG00000069302,692,268,326,63,35,87
ENSMUSG00000026401,606,776,455,258,198,294
ENSMUSG00000024480,470,343,299,202,95,251
ENSMUSG00000036781,1104,680,697,3019,1815,4544
ENSMUSG00000056457,16,28,17,0,0,0
ENSMUSG00000003379,39240,29917,22321,9141,5532,8709
ENSMUSG00000044338,28,23,31,12,9,2
ENSMUSG00000050243,0,0,0,75,58,0
ENSMUSG00000024043,46,32,9,22,23,14
ENSMUSG00000076596,619,512,339,209,132,144
ENSMUSG00000028713,11,17,4,16,8,7
ENSMUSG00000042228,25674,21266,16660,9267,7071,9980
ENSMUSG00000019080,206,154,120,106,67,185
ENSMUSG00000024998,133,210,129,92,87,58
ENSMUSG00000059336,1307,1098,899,673,475,704
ENSMUSG00000032487,19,8,9,9,12,8
ENSMUSG00000079183,47,57,32,11,19,14
ENSMUSG00000091752,0,0,0,0,15,0
ENSMUSG00000020163,910,650,611,556,296,747
ENSMUSG00000036291,1571,1431,1150,526,367,858
ENSMUSG00000024397,1112,708,949,454,225,453
ENSMUSG00000018698,4,2,2,10,14,1
ENSMUSG00000001440,12528,9662,7901,7582,5528,9942
ENSMUSG00000038712,1605,1489,1122,551,349,509
ENSMUSG00000023951,207,276,105,245,225,367
ENSMUSG00000015533,154,113,112,64,63,111
ENSMUSG00000070803,22,11,13,9,8,16
ENSMUSG00000032470,264,160,150,148,93,97
ENSMUSG00000030707,43150,33586,31008,9446,5265,11869
ENSMUSG00000062204,0,0,0,17,37,12
ENSMUSG00000074006,87,77,50,34,29,32
ENSMUSG00000027316,15,16,15,7,7,6
ENSMUSG00000082128,13,4,11,14,1,7
ENSMUSG00000082016,66,77,72,0,0,0
ENSMUSG00000025503,5870,4127,4027,2351,1332,3045
ENSMUSG00000035443,273,205,166,2165,1500,3306
ENSMUSG00000063015,7052,5653,4945,1660,997,1769
ENSMUSG00000000303,37,40,28,27,20,24
ENSMUSG00000092518,1,0,0,7,11,5
ENSMUSG00000033400,1718,1632,1170,918,695,771
ENSMUSG00000038390,17,19,18,16,10,9
ENSMUSG00000033356,489,384,315,530,386,599
ENSMUSG00000096385,26,68,101,11152,21521,10
ENSMUSG00000058589,20,22,12,50,40,23
ENSMUSG00000024516,5584,4493,3447,1777,1176,1498
ENSMUSG00000038068,403,366,386,228,85,166
ENSMUSG00000079139,0,0,0,6,15,11
ENSMUSG00000094800,12,10,10,14,1,8
ENSMUSG00000031342,484,292,288,163,126,205
ENSMUSG00000063787,982,677,622,697,460,853
ENSMUSG00000022587,50235,38696,30674,18392,11715,20697
ENSMUSG00000025264,699,541,371,523,385,617
ENSMUSG00000062083,19,26,30,12,9,5
ENSMUSG00000028518,9,10,12,34,29,39
ENSMUSG00000027273,7,17,9,18,36,30
ENSMUSG00000042662,0,0,0,12,9,16
ENSMUSG00000082926,21,13,18,22,6,4
ENSMUSG00000062937,1247,884,736,724,502,856
ENSMUSG00000030683,91,108,62,175,189,187
ENSMUSG00000044231,16,18,6,21,15,30
ENSMUSG00000024829,769,575,510,588,407,834
ENSMUSG00000018398,365,228,220,163,108,124
ENSMUSG00000050323,175,142,130,139,102,191
ENSMUSG00000081984,11,10,14,12,14,41
ENSMUSG00000071041,19,20,0,21,15,0
ENSMUSG00000020108,950,1190,1228,3597,2666,5665
ENSMUSG00000042215,95,79,56,48,39,61
ENSMUSG00000094786,43,54,39,13,10,27
ENSMUSG00000023963,597,581,406,123,74,67
ENSMUSG00000044864,1186,1065,826,517,313,616
ENSMUSG00000076552,380,210,157,1119,86,171
ENSMUSG00000032915,3318,3680,3147,1780,771,1426
ENSMUSG00000033024,86,52,60,32,50,94
ENSMUSG00000053080,371,356,256,275,191,379
ENSMUSG00000042816,112,91,62,53,37,62
ENSMUSG00000021203,655,535,416,212,154,251
ENSMUSG00000024712,1954,1622,1300,636,385,608
ENSMUSG00000037434,1216,1051,852,485,263,502
ENSMUSG00000041084,1989,1374,1276,917,592,1293
ENSMUSG00000028864,79,71,65,74,20,20
ENSMUSG00000100254,42,0,0,0,15,23
ENSMUSG00000031562,152,113,87,282,225,360
ENSMUSG00000036986,14483,12340,8733,5168,3352,6226
ENSMUSG00000041935,4659,4229,3176,1746,1227,2176
ENSMUSG00000026649,77,52,45,426,246,637
ENSMUSG00000031447,8525,6457,6282,3479,1867,4018
ENSMUSG00000031403,3722,2706,2210,3428,2512,3665
ENSMUSG00000042719,3464,2758,2213,2824,2449,3844
ENSMUSG00000080939,308,343,233,110,69,95
ENSMUSG00000049630,5,1,3,8,18,1
ENSMUSG00000025366,10714,9676,6808,1395,936,1335
ENSMUSG00000015981,22,22,20,23,11,21
ENSMUSG00000073125,1112,370,47,133,126,119
ENSMUSG00000058809,4,4,4,13,0,9
ENSMUSG00000036555,1381,1306,869,561,410,497
ENSMUSG00000020142,81,56,40,82,73,123
ENSMUSG00000040007,1539,1459,1005,662,472,625
ENSMUSG00000020224,1432,1105,881,2678,1771,3190
ENSMUSG00000020267,2593,1709,1779,1173,630,1465
ENSMUSG00000033618,56,37,26,83,101,59
ENSMUSG00000056498,2926,2328,1846,828,694,534
ENSMUSG00000049409,51,32,21,35,19,21
ENSMUSG00000037275,2033,1726,1200,1896,1442,2616
ENSMUSG00000024299,2508,2552,1777,1059,714,1205
ENSMUSG00000022139,4052,3318,2660,1479,1035,1422
ENSMUSG00000072919,381,271,202,110,82,81
ENSMUSG00000000628,703,496,457,606,508,618
ENSMUSG00000000876,928,795,577,513,366,356
ENSMUSG00000074403,1872,988,1120,480,337,498
ENSMUSG00000020431,15,15,6,31,25,12
ENSMUSG00000054003,1,1,1,12,14,1
ENSMUSG00000027984,908,741,605,291,161,303
ENSMUSG00000007038,2247,1919,1549,873,590,918
ENSMUSG00000060512,59,47,51,49,27,34
ENSMUSG00000037432,222,255,187,99,81,98
ENSMUSG00000053398,2801,2065,1770,1837,1145,2876
ENSMUSG00000034416,3,3,2,74,54,127
ENSMUSG00000034855,81,48,75,24,13,54
ENSMUSG00000081569,57,76,35,3,10,5
ENSMUSG00000055691,13,15,21,6,7,6
ENSMUSG00000021314,1,1,0,10,11,1
ENSMUSG00000033720,630,495,420,219,193,237
ENSMUSG00000018362,3183,1995,1904,1476,977,1887
ENSMUSG00000027855,244,291,204,429,588,253
ENSMUSG00000096175,118,120,94,53,41,55
ENSMUSG00000094502,1085,557,756,1032,826,169
ENSMUSG00000094248,35,0,8,13,28,43
ENSMUSG00000052920,11,11,4,27,27,30
ENSMUSG00000107149,15,36,28,16,3,34
ENSMUSG00000036353,360,263,298,113,57,97
ENSMUSG00000096472,652,530,436,71,57,64
ENSMUSG00000035268,3886,3254,2484,1534,1273,1653
ENSMUSG00000027533,439,323,449,327,222,343
ENSMUSG00000020079,1272,993,801,1536,1250,1694
ENSMUSG00000086316,135,108,101,42,21,57
ENSMUSG00000050578,20,16,30,9,13,35
ENSMUSG00000002602,10297,9309,9493,4465,2237,3516
ENSMUSG00000022193,1280,881,855,793,439,1037
ENSMUSG00000037628,132,65,65,39,25,38
ENSMUSG00000062012,12,4,4,14,11,8
ENSMUSG00000079224,144,103,118,45,13,114
ENSMUSG00000055723,4277,3648,2863,1691,1141,1942
ENSMUSG00000030838,0,0,0,10,15,0
ENSMUSG00000075289,1052,996,724,443,320,420
ENSMUSG00000078439,222,166,126,41,39,48
ENSMUSG00000019846,26,20,15,21,19,13
ENSMUSG00000029416,6673,5984,4483,1858,1345,2329
ENSMUSG00000043873,454,313,796,111,133,101
ENSMUSG00000095771,4974,5767,2104,1934,1416,1123
ENSMUSG00000045411,3949,3543,2649,3178,2529,4246
ENSMUSG00000036622,5945,4917,4155,2993,1880,3877
ENSMUSG00000022471,1823,1298,1104,1541,1090,2042
ENSMUSG00000029414,521,284,249,132,78,112
ENSMUSG00000022589,1,0,1,2,14,0
ENSMUSG00000030551,99,127,82,171,175,56
ENSMUSG00000025401,19,21,15,22,23,16
ENSMUSG00000040663,2658,2921,2053,893,710,955
ENSMUSG00000030629,3403,3060,2379,952,600,1311
ENSMUSG00000095028,415,316,312,195,155,131
ENSMUSG00000059022,30,35,12,32,48,12
ENSMUSG00000096719,26,6,9,6,12,10
ENSMUSG00000025323,4287,3407,2930,1581,1089,1764
ENSMUSG00000060402,4,0,1,12,11,5
ENSMUSG00000096446,0,9,8,6,13,1
ENSMUSG00000094392,107,65,94,59,27,0
ENSMUSG00000100944,0,114,102,0,0,0
ENSMUSG00000079442,2254,1791,1438,2149,1645,2998
ENSMUSG00000019088,375,302,271,119,55,125
ENSMUSG00000025050,636,569,389,481,376,717
ENSMUSG00000022205,4930,3613,3125,1892,1151,2231
ENSMUSG00000034057,3,5,1,21,24,14
ENSMUSG00000048218,486,424,309,177,104,149
ENSMUSG00000055660,1247,979,773,586,460,998
ENSMUSG00000022053,5,9,3,21,25,2
ENSMUSG00000018770,1811,1420,1333,859,521,1468
ENSMUSG00000032679,219,166,102,92,76,65
ENSMUSG00000030512,1288,1022,822,1087,726,1527
ENSMUSG00000024097,4830,3914,2968,2396,1725,3995
ENSMUSG00000026974,772,510,466,426,366,585
ENSMUSG00000024968,80,55,44,67,44,77
ENSMUSG00000091491,30,25,31,23,30,19
ENSMUSG00000018012,38,41,33,460,377,610
ENSMUSG00000102301,112,70,78,22,25,38
ENSMUSG00000005686,1206,1188,782,419,281,339
ENSMUSG00000107892,54,62,37,10,17,26
ENSMUSG00000059422,44,15,25,123,120,65
ENSMUSG00000094194,1254,1129,620,888,636,211
ENSMUSG00000058258,796,565,690,968,621,1082
ENSMUSG00000041482,58,55,49,66,59,20
ENSMUSG00000063830,3,4,8,14,6,7
ENSMUSG00000030677,585,444,321,176,133,176
ENSMUSG00000027395,1864,1620,1200,2200,1948,3028
ENSMUSG00000028394,761,445,440,724,468,757
ENSMUSG00000025255,0,1,5,14,23,1
ENSMUSG00000030161,541,342,464,296,146,223
ENSMUSG00000023169,9859,8467,5786,3551,2518,3269
ENSMUSG00000035983,54,22,32,96,61,89
ENSMUSG00000069268,1430,685,885,432,324,477
ENSMUSG00000000881,385,298,198,147,75,106
ENSMUSG00000031604,1109,867,885,902,617,1157
ENSMUSG00000082260,14,18,25,11,3,2
ENSMUSG00000032216,6723,5227,3795,3325,1983,4333
ENSMUSG00000078713,914,595,629,558,327,822
ENSMUSG00000058019,124,240,153,737,881,49
ENSMUSG00000048312,0,0,0,7,11,0
ENSMUSG00000036862,88,85,78,38,27,51
ENSMUSG00000041773,239,229,191,2716,1971,3728
ENSMUSG00000029162,378,312,255,105,73,110
ENSMUSG00000096326,1413,2691,1933,1850,442,298
ENSMUSG00000015340,22147,16482,14434,6737,4098,6380
ENSMUSG00000055963,30,17,16,11,4,10
ENSMUSG00000104074,57,44,51,24,12,12
ENSMUSG00000031722,360,109,111,159,165,136
ENSMUSG00000025423,2441,2158,1746,887,692,1156
ENSMUSG00000041064,140,71,66,23,16,5
ENSMUSG00000028152,587,468,319,259,178,301
ENSMUSG00000042638,34,23,14,73,54,80
ENSMUSG00000003235,2745,2148,1776,2136,1536,2689
ENSMUSG00000028545,1944,1524,1186,508,366,332
ENSMUSG00000104217,17,0,13,7,28,27
ENSMUSG00000047777,186,197,128,76,70,62
ENSMUSG00000025375,136,132,121,83,46,67
ENSMUSG00000024376,64,27,28,57,59,65
ENSMUSG00000032086,1328,1241,839,569,392,565
ENSMUSG00000038065,520,497,369,146,116,112
ENSMUSG00000052142,8670,8518,5436,2367,1749,2459
ENSMUSG00000053461,4,5,2,16,12,15
ENSMUSG00000029096,9,7,3,8,24,5
ENSMUSG00000091549,817,596,541,260,162,290
ENSMUSG00000027074,812,496,480,846,558,1008
ENSMUSG00000028222,110,108,57,272,357,93
ENSMUSG00000024187,598,531,364,304,193,305
ENSMUSG00000057244,17,25,12,24,4,2
ENSMUSG00000070868,69,47,47,42,23,15
ENSMUSG00000034126,509,411,330,1446,1007,2445
ENSMUSG00000021388,26,22,28,9,8,17
ENSMUSG00000040263,1456,1179,933,2276,1685,2854
ENSMUSG00000073676,2783,1897,1843,2497,1502,3592
ENSMUSG00000032278,128,152,70,209,210,246
ENSMUSG00000020949,2113,1542,1335,1279,751,1574
ENSMUSG00000026198,404,298,245,300,201,370
ENSMUSG00000083392,9,9,3,3,4,0
ENSMUSG00000046974,82,90,62,42,26,69
ENSMUSG00000082630,97,110,61,24,30,21
ENSMUSG00000073725,7630,7309,5571,1984,1323,2056
ENSMUSG00000090958,71,66,62,53,61,38
ENSMUSG00000031828,501,433,332,200,118,190
ENSMUSG00000047045,2294,2004,1576,1090,618,975
ENSMUSG00000020034,3484,3442,2459,677,575,727
ENSMUSG00000032174,23,27,14,31,34,47
ENSMUSG00000094065,0,0,0,0,17,0
ENSMUSG00000032109,235,184,135,132,79,119
ENSMUSG00000028217,1304,927,811,211,190,151
ENSMUSG00000089722,8,13,33,29,25,19
ENSMUSG00000037922,56418,49217,37744,14206,8812,13740
ENSMUSG00000109176,3,3,2,9,19,4
ENSMUSG00000022103,1071,1096,873,854,470,385
ENSMUSG00000092077,43,43,26,47,40,14
ENSMUSG00000083431,7,4,2,8,3,4
ENSMUSG00000040836,112,131,106,46,39,99
ENSMUSG00000083161,516,432,280,805,711,872
ENSMUSG00000073678,10953,11082,8139,1942,1211,2172
ENSMUSG00000103367,28,34,19,16,19,8
ENSMUSG00000062352,1100,854,755,569,363,752
ENSMUSG00000061981,568,450,354,221,131,160
ENSMUSG00000044330,2,7,1,0,6,0
ENSMUSG00000044313,35,19,40,12,13,17
ENSMUSG00000034957,187,111,141,56,36,64
ENSMUSG00000001082,1055,848,602,192,127,190
ENSMUSG00000037012,1889,1512,1140,715,489,468
ENSMUSG00000089817,12,12,2,33,25,14
ENSMUSG00000045165,3335,2471,2170,552,331,598
ENSMUSG00000043432,775,660,473,303,208,313
ENSMUSG00000024056,690,498,427,121,67,94
ENSMUSG00000100309,0,17,23,4,0,0
ENSMUSG00000048498,868,721,631,385,191,277
ENSMUSG00000094561,1720,1124,929,406,482,304
ENSMUSG00000031482,527,408,300,242,153,391
ENSMUSG00000032218,414,202,186,80,54,79
ENSMUSG00000043770,667,459,405,154,79,140
ENSMUSG00000019852,24,7,9,15,18,1
ENSMUSG00000071267,2196,1733,1437,811,515,1136
ENSMUSG00000001025,434,254,235,120,110,210
ENSMUSG00000020681,485,338,342,650,212,150
ENSMUSG00000096768,3927,5357,6335,4786,2577,5230
ENSMUSG00000107425,106,94,76,263,190,264
ENSMUSG00000038690,2171,1626,1511,1197,638,1628
ENSMUSG00000080971,16,25,12,6,4,7
ENSMUSG00000031825,11,6,4,39,55,26
ENSMUSG00000078365,3,4,1,15,24,8
ENSMUSG00000094509,350,127,490,76,77,81
ENSMUSG00000029093,251,274,177,68,72,62
ENSMUSG00000078783,35,25,29,17,15,13
ENSMUSG00000070933,0,0,0,6,20,1
ENSMUSG00000015247,822,644,635,281,165,359
ENSMUSG00000093979,161,106,84,59,41,72
ENSMUSG00000101389,125,113,100,118,50,76
ENSMUSG00000034116,9357,7863,6134,3563,2697,3727
ENSMUSG00000045288,14,21,21,28,38,8
ENSMUSG00000005779,3052,2203,2158,1624,1000,2734
ENSMUSG00000032415,132,106,108,167,98,221
ENSMUSG00000028073,1066,1121,690,713,537,807
ENSMUSG00000093779,64,64,48,12,22,35
ENSMUSG00000037868,305,158,185,87,75,125
ENSMUSG00000064208,0,0,26,0,31,9
ENSMUSG00000042759,597,388,424,340,197,183
ENSMUSG00000032594,7140,7024,4980,2419,1797,3244
ENSMUSG00000014852,52,34,21,22,25,13
ENSMUSG00000019370,7080,4756,4262,2787,1623,2695
ENSMUSG00000038650,2849,2268,2006,896,498,1574
ENSMUSG00000002980,22,19,30,20,18,25
ENSMUSG00000031639,1177,754,703,211,111,212
ENSMUSG00000020317,16,12,8,10,5,4
ENSMUSG00000049800,1550,1470,1057,603,432,566
ENSMUSG00000076621,345,348,195,183,206,84
ENSMUSG00000030365,4262,4103,3131,926,810,1075
ENSMUSG00000019817,5,4,5,22,34,4
ENSMUSG00000026192,3065,2405,1991,2764,1936,3510
ENSMUSG00000022494,0,1,0,6,11,0
ENSMUSG00000048142,90,79,64,50,35,24
ENSMUSG00000030654,8101,6058,5908,2961,1680,4120
ENSMUSG00000084063,44,43,25,119,85,28
ENSMUSG00000033949,386,385,289,138,120,176
ENSMUSG00000020712,58,44,35,161,128,191
ENSMUSG00000026806,1251,1063,858,1089,906,1496
ENSMUSG00000069919,8361,1506,606,497,433,261
ENSMUSG00000105147,0,0,0,33,19,29
ENSMUSG00000103735,48,58,40,26,1,2
ENSMUSG00000031376,4,8,3,16,26,2
ENSMUSG00000029053,394,353,227,106,101,122
ENSMUSG00000010755,1624,1315,969,1507,1177,1994
ENSMUSG00000026755,9167,7210,5303,2563,1558,3097
ENSMUSG00000046743,24,25,27,35,29,10
ENSMUSG00000079104,2167,1721,1457,1212,893,1780
ENSMUSG00000032418,16,4,15,12,6,5
ENSMUSG00000027762,9,2,2,17,6,11
ENSMUSG00000089803,479,284,265,280,271,158
ENSMUSG00000086040,41,61,38,65,60,16
ENSMUSG00000026819,985,1009,762,394,314,419
ENSMUSG00000026417,278,184,166,84,80,88
ENSMUSG00000035208,8241,6596,5283,2164,1594,2826
ENSMUSG00000022340,9,9,8,27,28,16
ENSMUSG00000021597,1746,1554,1233,662,502,985
ENSMUSG00000074521,95,114,64,53,35,83
ENSMUSG00000056412,0,0,0,0,0,0
ENSMUSG00000028874,3026,2420,2290,1611,744,1173
ENSMUSG00000021880,4565,3228,2614,1169,756,1573
ENSMUSG00000050199,64,52,45,71,77,57
ENSMUSG00000056749,84,60,52,136,159,171
ENSMUSG00000060376,1206,918,829,490,288,662
ENSMUSG00000024855,2099,2148,1448,781,497,680
ENSMUSG00000026185,3,2,3,11,13,2
ENSMUSG00000039670,206,153,141,447,313,661
ENSMUSG00000032572,17,20,12,45,28,13
ENSMUSG00000071528,1244,680,729,966,541,989
ENSMUSG00000076523,1540,963,931,1216,2527,550
ENSMUSG00000081603,33,7,0,25,13,18
ENSMUSG00000083587,44,64,53,89,145,39
ENSMUSG00000073563,4710,4056,2924,1460,1113,1422
ENSMUSG00000071748,1222,1113,867,584,390,973
ENSMUSG00000104695,8,8,6,9,5,2
ENSMUSG00000024145,393,280,301,981,653,1587
ENSMUSG00000029205,18,8,6,13,21,5
ENSMUSG00000095007,1104,670,431,298,200,311
ENSMUSG00000002396,1900,1734,1195,715,445,877
ENSMUSG00000105275,41,30,19,14,3,12
ENSMUSG00000031976,1626,1394,1110,1332,1020,1777
ENSMUSG00000018040,2644,1948,1681,2012,1460,2186
ENSMUSG00000025270,1427,450,173,158,174,175
ENSMUSG00000050730,186,217,160,109,109,77
ENSMUSG00000026407,272,163,156,136,110,67
ENSMUSG00000071516,3232,1537,2027,979,703,1111
ENSMUSG00000068758,191,207,147,118,83,104
ENSMUSG00000034940,4430,4343,2985,1841,1376,1635
ENSMUSG00000005615,1271,921,847,331,239,288
ENSMUSG00000016128,24,11,9,12,26,9
ENSMUSG00000108314,419,361,273,150,104,149
ENSMUSG00000010505,6,4,6,29,40,11
ENSMUSG00000048249,8957,7529,6308,2629,2044,2994
ENSMUSG00000028460,239,207,155,53,26,44
ENSMUSG00000036972,3,4,3,12,20,5
ENSMUSG00000021273,480,350,398,487,348,648
ENSMUSG00000051223,8839,6508,5962,5446,3575,7974
ENSMUSG00000070563,2,4,5,5,2,8
ENSMUSG00000044083,13,25,6,93,87,131
ENSMUSG00000024246,414,368,281,1036,774,1553
ENSMUSG00000062078,6883,6086,4914,2871,1878,3214
ENSMUSG00000107066,26,26,6,18,27,26
ENSMUSG00000029413,2043,1522,1353,426,321,435
ENSMUSG00000037579,11,3,2,14,8,8
ENSMUSG00000031502,259,278,254,206,155,269
ENSMUSG00000083043,65,77,41,24,31,27
ENSMUSG00000024774,36,6,1,4,4,11
ENSMUSG00000092572,70,30,39,29,18,23
ENSMUSG00000040666,76,82,47,178,210,61
ENSMUSG00000043943,66,49,43,62,49,67
ENSMUSG00000034810,14,24,7,12,20,8
ENSMUSG00000052212,234,71,47,29,42,41
ENSMUSG00000081926,0,0,0,0,0,0
ENSMUSG00000030167,141,107,140,44,58,125
ENSMUSG00000081254,0,64,42,0,0,0
ENSMUSG00000075270,42,38,40,114,106,41
ENSMUSG00000056737,7472,5970,4893,4026,2394,6125
ENSMUSG00000034648,22,14,25,6,8,7
ENSMUSG00000081111,4,15,2,11,7,5
ENSMUSG00000084106,328,196,198,260,248,148
ENSMUSG00000039954,55,60,36,26,27,28
ENSMUSG00000072675,11,8,6,5,1,6
ENSMUSG00000023333,113,136,100,365,496,122
ENSMUSG00000031785,79,55,31,244,132,475
ENSMUSG00000078897,252,164,103,110,94,251
ENSMUSG00000030659,1511,1088,895,479,321,478
ENSMUSG00000021265,101,96,72,51,25,52
ENSMUSG00000102418,556,392,404,173,81,152
ENSMUSG00000029312,144,167,124,193,138,327
ENSMUSG00000094622,217,4,17,7,114,131
ENSMUSG00000103297,54,31,30,14,13,28
ENSMUSG00000031666,4637,3906,3085,7672,5689,9904
ENSMUSG00000034640,2157,1931,1476,701,408,780
ENSMUSG00000026437,88,68,62,96,96,45
ENSMUSG00000023044,462,487,339,171,117,259
ENSMUSG00000035397,711,579,408,237,168,240
ENSMUSG00000042901,4341,3624,2751,1510,1025,1645
ENSMUSG00000043496,61,92,54,54,58,31
ENSMUSG00000030417,954,648,606,785,432,750
ENSMUSG00000032496,1319,344,159,82,124,172
ENSMUSG00000055629,11,10,12,23,29,10
ENSMUSG00000078784,1396,936,867,1151,673,1138
ENSMUSG00000024778,319,203,181,1431,1024,2078
ENSMUSG00000090394,15861,13049,9715,4255,3124,4702
ENSMUSG00000099809,0,0,0,0,0,0
ENSMUSG00000022594,6219,4445,3555,5014,2980,7435
ENSMUSG00000028479,2044,1738,1346,5360,3982,6031
ENSMUSG00000028717,262,131,100,17,24,16
ENSMUSG00000057626,0,0,0,0,0,0
ENSMUSG00000026432,5,3,2,13,14,16
ENSMUSG00000026095,4443,3259,2869,1533,1013,2021
ENSMUSG00000083121,247,322,244,63,34,68
ENSMUSG00000104769,101,44,49,21,20,34
ENSMUSG00000022263,2637,2436,1758,4256,3385,6147
ENSMUSG00000051220,655,434,393,211,170,274
ENSMUSG00000025239,10066,8572,6933,3122,2036,4382
ENSMUSG00000090266,1928,1496,1334,830,555,1204
ENSMUSG00000044424,99,27,78,40,10,23
ENSMUSG00000027342,4910,3137,3249,2497,1627,3704
ENSMUSG00000042312,531,353,377,194,100,151
ENSMUSG00000034673,1720,1378,1094,731,453,773
ENSMUSG00000061360,876,608,571,431,271,724
ENSMUSG00000005125,464,360,284,161,138,114
ENSMUSG00000024640,1075,702,685,764,480,819
ENSMUSG00000030798,27596,23489,17074,10625,7099,12078
ENSMUSG00000025893,221,208,161,85,55,111
ENSMUSG00000107068,1327,798,788,424,211,539
ENSMUSG00000039356,1760,1434,1179,1516,1149,1920
ENSMUSG00000030325,348,195,223,120,194,406
ENSMUSG00000030884,4887,3435,3050,2766,1655,3292
ENSMUSG00000062906,3062,2726,2073,1048,702,1455
ENSMUSG00000063157,39,39,22,10,17,14
ENSMUSG00000022865,94,81,52,195,238,187
ENSMUSG00000027663,999,1064,778,5175,3894,6288
ENSMUSG00000053279,184,66,43,12,7,12
ENSMUSG00000024085,9078,8069,6336,2937,1800,2957
ENSMUSG00000059552,3813,3201,2429,2899,2163,3576
ENSMUSG00000075706,3236,2114,2224,842,576,833
ENSMUSG00000069272,903,452,561,159,107,210
ENSMUSG00000031162,157,60,69,7,21,12
ENSMUSG00000041052,82,81,58,148,151,50
ENSMUSG00000064158,13,36,15,23,21,28
ENSMUSG00000033768,102,135,76,180,132,163
ENSMUSG00000106188,3,4,0,8,12,1
ENSMUSG00000033706,1609,1316,1055,1953,1439,2617
ENSMUSG00000093954,148,205,123,72,70,103
ENSMUSG00000013736,3973,3105,2476,1552,1150,2095
ENSMUSG00000006288,1876,1684,1426,819,527,1075
ENSMUSG00000082193,18,23,19,26,7,7
ENSMUSG00000036078,620,433,372,463,337,507
ENSMUSG00000034620,589,508,399,2469,1643,3410
ENSMUSG00000044254,53,31,24,54,62,41
ENSMUSG00000022177,578,447,351,190,114,240
ENSMUSG00000028322,968,676,579,489,332,595
ENSMUSG00000041046,4,0,0,18,14,16
ENSMUSG00000057262,58,26,37,6,0,13
ENSMUSG00000045886,109,62,99,45,36,107
ENSMUSG00000009566,548,448,354,679,515,837
ENSMUSG00000108367,45,35,19,11,12,14
ENSMUSG00000034248,6899,5841,3854,1137,799,1401
ENSMUSG00000022125,1555,1155,1062,451,307,549
ENSMUSG00000084113,7,12,16,9,2,1
ENSMUSG00000095294,6,10,11,0,3,8
ENSMUSG00000035713,345,319,237,135,92,131
ENSMUSG00000034617,1299,997,808,851,651,985
ENSMUSG00000036452,8545,8085,5683,3132,2481,2774
ENSMUSG00000041857,138,105,76,68,59,40
ENSMUSG00000008845,1665,1710,1096,1451,512,784
ENSMUSG00000043872,1316,1175,911,587,453,773
ENSMUSG00000029759,579,413,339,274,202,142
ENSMUSG00000025086,877,769,589,1054,808,1295
ENSMUSG00000020086,29,33,13,267,203,240
ENSMUSG00000032691,220,157,172,114,82,92
ENSMUSG00000028729,2381,1757,1532,2148,1619,2598
ENSMUSG00000091058,221,67,70,126,80,85
ENSMUSG00000055027,11,11,7,9,11,4
ENSMUSG00000027863,6582,5372,4303,626,451,469
ENSMUSG00000059791,1793,1323,1089,316,213,310
ENSMUSG00000109564,0,4,2,29,28,3
ENSMUSG00000043925,4,3,4,24,22,10
ENSMUSG00000022938,13,7,3,12,11,10
ENSMUSG00000000184,6380,4618,4037,10513,7645,10670
ENSMUSG00000025576,7,1,4,16,14,1
ENSMUSG00000042102,9,9,7,1,12,2
ENSMUSG00000083951,136,176,115,61,47,76
ENSMUSG00000040601,31,16,17,14,16,3
ENSMUSG00000098557,10806,9193,7063,2561,1707,3448
ENSMUSG00000048827,387,308,231,470,438,469
ENSMUSG00000038816,400,301,244,115,98,147
ENSMUSG00000044734,7211,5586,4740,390,193,273
ENSMUSG00000033685,18269,15169,11979,6867,4133,6566
ENSMUSG00000034472,67,85,37,103,142,48
ENSMUSG00000070908,45,51,27,17,26,6
ENSMUSG00000061684,81,122,71,66,35,37
ENSMUSG00000049932,1816,933,1029,535,307,685
ENSMUSG00000082279,59,69,51,37,23,23
ENSMUSG00000056290,2198,2018,1429,899,761,1003
ENSMUSG00000076487,14,7,11,15,7,9
ENSMUSG00000081309,97,109,72,58,64,34
ENSMUSG00000002660,775,602,524,532,415,634
ENSMUSG00000057469,447,308,314,227,144,268
ENSMUSG00000022867,7076,5523,4487,2518,1863,2752
ENSMUSG00000020627,23,31,22,61,56,47
ENSMUSG00000083282,76,86,64,32,26,32
ENSMUSG00000037716,1,0,0,4,14,0
ENSMUSG00000021596,286,255,212,121,87,88
ENSMUSG00000030257,599,521,371,279,242,158
ENSMUSG00000025350,256,202,162,86,60,121
ENSMUSG00000078773,131,95,63,60,39,66
ENSMUSG00000031494,50,26,28,26,21,50
ENSMUSG00000020154,296,255,297,208,129,79
ENSMUSG00000036412,40,54,50,17,16,9
ENSMUSG00000057751,3,7,2,18,25,14
ENSMUSG00000083107,4,1,1,11,13,10
ENSMUSG00000034239,0,0,0,17,23,1
ENSMUSG00000029848,20,11,15,37,48,22
ENSMUSG00000076432,6220,4679,3936,3013,1957,3713
ENSMUSG00000048924,1043,917,689,359,253,323
ENSMUSG00000026833,85,60,51,30,30,27
ENSMUSG00000058355,8101,5723,4872,6400,4513,7766
ENSMUSG00000031860,183,179,122,44,34,51
ENSMUSG00000082149,268,266,150,133,91,122
ENSMUSG00000094120,0,0,0,5,11,0
ENSMUSG00000024793,43,64,34,43,47,23
ENSMUSG00000005103,20141,16104,14024,7679,4956,9288
ENSMUSG00000026971,118,93,62,211,263,77
ENSMUSG00000058126,24,15,10,38,13,18
ENSMUSG00000062284,27,40,20,51,41,11
ENSMUSG00000061479,1556,1114,926,1197,893,1500
ENSMUSG00000017561,9164,8610,6391,3052,2583,3705
ENSMUSG00000043789,3,2,1,12,16,5
ENSMUSG00000072949,94,99,75,114,78,283
ENSMUSG00000096255,159,126,84,61,35,42
ENSMUSG00000040734,11,9,6,43,35,73
ENSMUSG00000007653,8,8,2,20,18,7
ENSMUSG00000026825,45,40,29,116,94,206
ENSMUSG00000017412,330,214,175,94,49,76
ENSMUSG00000050822,81,75,52,25,10,16
ENSMUSG00000025153,4636,4027,3132,5098,3894,5832
ENSMUSG00000032245,223,194,175,107,99,87
ENSMUSG00000050195,123,97,90,379,429,270
ENSMUSG00000019158,501,351,298,214,89,242
ENSMUSG00000004110,13589,14553,9592,2926,2651,1947
ENSMUSG00000083728,151,173,111,836,672,1238
ENSMUSG00000025195,971,880,687,421,370,342
ENSMUSG00000022883,37,46,29,22,29,12
ENSMUSG00000022610,323,337,242,72,57,53
ENSMUSG00000079003,939,727,518,396,232,378
ENSMUSG00000038026,108,86,87,39,34,34
ENSMUSG00000036216,103,97,62,26,43,25
ENSMUSG00000046245,2011,1718,1577,905,413,718
ENSMUSG00000021559,89,82,48,137,152,133
ENSMUSG00000029671,47,38,21,34,55,27
ENSMUSG00000036264,4,12,11,31,18,45
ENSMUSG00000081375,9,0,11,0,24,32
ENSMUSG00000064267,23800,19077,14499,7860,7932,6298
ENSMUSG00000001525,22108,14616,12916,8528,4518,8088
ENSMUSG00000015342,586,528,391,192,140,178
ENSMUSG00000069008,293,279,114,300,299,120
ENSMUSG00000031073,13,14,9,75,66,35
ENSMUSG00000042349,1714,1886,1099,11434,8528,13346
ENSMUSG00000026824,20,11,14,13,14,3
ENSMUSG00000015854,7986,4921,6457,5438,1572,2859
ENSMUSG00000002658,2531,1742,1535,2428,1832,2531
ENSMUSG00000031310,1778,1556,1163,643,427,681
ENSMUSG00000005320,6,9,6,15,12,10
ENSMUSG00000069607,123,112,126,65,34,75
ENSMUSG00000004655,525,273,228,14,15,28
ENSMUSG00000022634,575,432,359,196,132,217
ENSMUSG00000031969,236,203,162,1134,771,2027
ENSMUSG00000028527,4,4,10,17,11,19
ENSMUSG00000046519,1993,1448,1288,774,458,1014
ENSMUSG00000045394,218,227,109,60,40,44
ENSMUSG00000037400,5652,5063,3948,1956,1525,2403
ENSMUSG00000000214,11,14,12,16,8,1
ENSMUSG00000007777,179,116,139,71,49,142
ENSMUSG00000076525,126,97,82,307,38,51
ENSMUSG00000031871,179,124,142,76,38,61
ENSMUSG00000028252,1484,1198,997,633,396,1030
ENSMUSG00000056665,862,678,568,480,288,679
ENSMUSG00000027597,1527,1042,998,2517,1455,3504
ENSMUSG00000016319,9412,5907,5757,4837,2941,6807
ENSMUSG00000023186,1350,966,874,460,326,497
ENSMUSG00000087181,85,106,63,37,22,58
ENSMUSG00000044279,126,101,75,32,21,24
ENSMUSG00000025201,0,0,11,14,0,10
ENSMUSG00000021286,186,122,117,254,160,432
ENSMUSG00000059657,37,8,16,20,20,5
ENSMUSG00000067370,408,274,262,152,100,168
ENSMUSG00000028803,3033,2723,1972,958,732,1026
ENSMUSG00000047368,3140,3146,2346,667,440,1007
ENSMUSG00000089960,7,8,6,13,13,4
ENSMUSG00000005973,520,340,303,405,343,443
ENSMUSG00000062585,9141,7416,6038,2550,1707,3066
ENSMUSG00000053137,2245,2387,1754,515,300,351
ENSMUSG00000049086,568,429,330,239,127,158
ENSMUSG00000027615,5851,5685,4334,1986,1469,2769
ENSMUSG00000023147,421,364,256,172,124,191
ENSMUSG00000076530,22,17,16,5,3,9
ENSMUSG00000109228,3,5,5,8,8,14
ENSMUSG00000094075,3893,1366,933,4077,643,396
ENSMUSG00000000001,4751,3906,3193,2011,1367,2994
ENSMUSG00000025094,432,345,242,164,145,231
ENSMUSG00000059149,6002,5552,3918,2519,1922,2486
ENSMUSG00000034203,570,427,357,442,355,625
ENSMUSG00000063229,6476,4552,4499,4407,2684,5001
ENSMUSG00000059895,8884,7206,4962,11855,8271,14225
ENSMUSG00000099871,33,27,29,18,3,16
ENSMUSG00000046169,1965,2080,1335,322,248,424
ENSMUSG00000001228,1685,932,948,552,278,488
ENSMUSG00000035575,2710,2148,1674,2058,1567,2371
ENSMUSG00000089929,1815,1334,1160,2265,1430,3383
ENSMUSG00000105096,329,223,248,92,74,143
ENSMUSG00000031659,15105,14397,10039,3055,2192,2793
ENSMUSG00000061540,295,259,210,122,92,110
ENSMUSG00000108086,0,0,0,20,14,27
ENSMUSG00000026940,2,6,3,10,19,7
ENSMUSG00000012017,22,16,13,102,75,173
ENSMUSG00000078588,10,9,2,13,20,8
ENSMUSG00000005220,67,43,25,19,30,25
ENSMUSG00000069306,14,7,7,3,7,0
ENSMUSG00000032965,134,119,79,99,79,63
ENSMUSG00000042558,1090,855,831,1715,1171,2580
ENSMUSG00000029781,83,64,66,60,29,48
ENSMUSG00000040747,22807,17986,16104,4090,2279,5736
ENSMUSG00000054446,1,2,0,4,35,3
ENSMUSG00000021175,659,456,371,461,334,601
ENSMUSG00000006127,3734,3403,2492,1083,782,1273
ENSMUSG00000102748,54,50,35,16,26,21
ENSMUSG00000022682,2622,2171,1758,4405,3047,6406
ENSMUSG00000028347,67,38,45,32,25,13
ENSMUSG00000030031,816,680,582,547,458,831
ENSMUSG00000040746,5077,4194,2993,1994,1412,3154
ENSMUSG00000066687,62,49,50,196,114,50
ENSMUSG00000020787,37,22,16,11,13,9
ENSMUSG00000023078,28,16,16,44,20,22
ENSMUSG00000080002,10,9,3,6,3,7
ENSMUSG00000028559,8590,6829,5367,2626,1918,2709
ENSMUSG00000040712,2110,2070,1315,948,654,871
ENSMUSG00000064225,1501,1513,1178,477,218,426
ENSMUSG00000025279,2270,1526,1512,895,661,988
ENSMUSG00000003585,111,72,49,30,27,52
ENSMUSG00000026443,2,6,1,129,184,60
ENSMUSG00000030087,77,50,74,47,23,54
ENSMUSG00000041530,3628,3389,2479,1789,1106,1708
ENSMUSG00000061852,149,171,139,48,45,43
ENSMUSG00000021945,7218,6184,4822,2485,1867,2596
ENSMUSG00000093701,0,11,0,3,5,0
ENSMUSG00000019944,441,378,299,225,189,122
ENSMUSG00000090659,390,317,254,207,127,234
ENSMUSG00000081214,0,3,2,4,0,0
ENSMUSG00000091345,10,7,2,11,14,1
ENSMUSG00000029622,13958,10593,9539,5744,3513,6784
ENSMUSG00000103051,10,17,8,4,4,6
ENSMUSG00000031875,416,356,316,216,102,151
ENSMUSG00000095300,0,0,0,6,14,0
ENSMUSG00000024120,5158,4371,3301,4437,3397,6079
ENSMUSG00000036770,12,5,7,19,16,19
ENSMUSG00000003617,561,511,395,312,177,167
ENSMUSG00000027671,2170,1696,1475,1230,842,1776
ENSMUSG00000007613,3917,3254,2899,1425,1101,1596
ENSMUSG00000070923,3050,2419,2048,880,554,1099
ENSMUSG00000029298,10209,7531,6836,3492,2699,4529
ENSMUSG00000034442,695,498,403,425,299,565
ENSMUSG00000031197,2035,1683,1451,662,405,1221
ENSMUSG00000033644,38,43,28,168,213,200
ENSMUSG00000033732,10238,7844,6177,8069,6527,11329
ENSMUSG00000069255,588,510,350,210,135,232
ENSMUSG00000096726,5,13,6,7,4,4
ENSMUSG00000029322,10822,7448,7746,936,770,1129
ENSMUSG00000066315,4435,260,61,0,0,0
ENSMUSG00000099041,334,343,220,94,62,74
ENSMUSG00000019857,1392,1287,930,630,357,736
ENSMUSG00000074577,89,61,27,44,37,21
ENSMUSG00000051154,2063,1447,1225,4231,2862,5607
ENSMUSG00000026154,243,206,181,82,41,137
ENSMUSG00000019768,396,424,305,203,165,187
ENSMUSG00000044770,3309,3366,2150,1073,832,865
ENSMUSG00000045374,2960,2676,1913,996,714,1005
ENSMUSG00000028540,800,719,534,541,404,912
ENSMUSG00000002222,5315,4488,3541,1988,1305,2447
ENSMUSG00000024425,2222,1741,1597,867,510,963
ENSMUSG00000028261,813,632,511,522,383,829
ENSMUSG00000078627,0,0,0,11,11,1
ENSMUSG00000073906,5,1,2,16,16,6
ENSMUSG00000109516,426,420,306,232,204,251
ENSMUSG00000021453,260,208,161,420,378,518
ENSMUSG00000046240,1,3,0,7,12,5
ENSMUSG00000004730,6883,5665,5468,2213,1011,2399
ENSMUSG00000045176,552,445,341,181,130,271
ENSMUSG00000033460,13,3,12,19,9,4
ENSMUSG00000025993,14233,10383,19093,7453,2843,7541
ENSMUSG00000022750,485,425,365,1352,907,2278
ENSMUSG00000049299,1045,721,706,356,197,420
ENSMUSG00000011832,719,662,513,240,173,203
ENSMUSG00000039264,10012,9609,6692,2061,1801,2019
ENSMUSG00000022797,3333,2592,2089,1179,1040,1854
ENSMUSG00000094315,51,23,25,10,7,14
ENSMUSG00000005699,159,123,103,55,30,68
ENSMUSG00000024891,94,67,51,108,114,135
ENSMUSG00000106006,37,22,23,14,12,32
ENSMUSG00000029311,1632,1303,1019,587,352,536
ENSMUSG00000081094,44,23,17,75,52,62
ENSMUSG00000022372,9654,9070,6914,3384,2978,4007
ENSMUSG00000026956,1578,1269,1105,476,290,525
ENSMUSG00000066902,6,8,0,0,11,0
ENSMUSG00000084314,27,14,32,13,10,13
ENSMUSG00000072693,0,0,0,0,0,0
ENSMUSG00000050014,47,34,46,56,44,59
ENSMUSG00000070873,182,216,147,138,50,86
ENSMUSG00000003809,790,594,529,3566,2472,5751
ENSMUSG00000046722,7653,6240,5160,2173,1439,2608
ENSMUSG00000042608,1403,1251,940,579,388,611
ENSMUSG00000031245,471,285,269,222,135,113
ENSMUSG00000033294,903,702,538,508,384,688
ENSMUSG00000064356,46524,27999,28648,17613,8946,15685
ENSMUSG00000096458,112,57,66,29,41,41
ENSMUSG00000096549,20,27,18,17,0,17
ENSMUSG00000080917,43,33,35,23,15,13
ENSMUSG00000030616,142,148,112,184,240,267
ENSMUSG00000032026,1675,1074,955,1206,727,1163
ENSMUSG00000070866,8,2,2,18,22,11
ENSMUSG00000064137,956,714,619,1007,958,392
ENSMUSG00000031657,1385,1084,917,821,676,950
ENSMUSG00000021439,5,5,3,12,22,1
ENSMUSG00000083199,3,5,1,14,5,2
ENSMUSG00000032776,3076,2597,2018,629,535,706
ENSMUSG00000058794,246,132,99,100,45,91
ENSMUSG00000103733,3,0,3,6,14,1
ENSMUSG00000080873,79,49,53,26,26,38
ENSMUSG00000040710,15638,14200,11783,3475,2318,4150
ENSMUSG00000072772,3176,2455,2033,874,553,1062
ENSMUSG00000043931,3367,2487,2059,705,507,738
ENSMUSG00000068882,6777,4705,4100,4831,3272,4821
ENSMUSG00000030220,22519,16434,12799,6959,4157,6523
ENSMUSG00000033213,17,7,3,6,15,18
ENSMUSG00000101939,0,2,2,3960,977,0
ENSMUSG00000030579,3460,2384,2885,1439,771,1531
ENSMUSG00000070877,6,10,6,14,15,3
ENSMUSG00000074364,670,529,385,271,189,317
ENSMUSG00000023079,639,559,447,371,255,402
ENSMUSG00000014075,198,212,131,55,42,77
ENSMUSG00000000934,294,234,177,731,497,724
ENSMUSG00000062014,6032,5010,4254,1670,1224,2650
ENSMUSG00000010307,326,197,266,208,108,139
ENSMUSG00000090061,1,2,2,15,12,1
ENSMUSG00000040929,1653,1625,1146,687,583,697
ENSMUSG00000058056,74,96,82,103,80,66
ENSMUSG00000000538,1220,1222,886,569,506,588
ENSMUSG00000050122,23,9,18,15,18,2
ENSMUSG00000022375,2,1,0,10,13,7
ENSMUSG00000079071,862,828,566,341,231,320
ENSMUSG00000025911,121,72,70,102,78,64
ENSMUSG00000017737,310,96,70,60,84,87
ENSMUSG00000034833,2950,2418,1854,1089,844,867
ENSMUSG00000096617,13,0,7,5,0,0
ENSMUSG00000107836,10,6,2,12,16,3
ENSMUSG00000105103,42,51,32,5,15,18
ENSMUSG00000029763,5419,4860,3763,24081,19373,38028
ENSMUSG00000027800,76,61,74,32,42,38
ENSMUSG00000096464,1434,1528,973,454,420,429
ENSMUSG00000027858,785,597,493,147,89,175
ENSMUSG00000039813,111,119,65,199,134,288
ENSMUSG00000078452,18,21,8,26,13,21
ENSMUSG00000020589,3924,3101,2830,1879,1229,2092
ENSMUSG00000052584,37,31,26,7,8,7
ENSMUSG00000026585,262,211,153,89,61,70
ENSMUSG00000066363,1054,480,537,324,317,173
ENSMUSG00000024091,2777,2295,1755,1322,907,1796
ENSMUSG00000045215,7,11,5,16,25,12
ENSMUSG00000044034,10,19,5,5,5,1
ENSMUSG00000033124,1068,935,707,328,220,277
ENSMUSG00000031125,17,43,19,9,18,26
ENSMUSG00000005952,1,0,0,6,14,2
ENSMUSG00000072721,86,72,77,47,82,105
ENSMUSG00000027684,21,18,16,38,50,10
ENSMUSG00000001768,264,248,188,191,86,165
ENSMUSG00000015291,4288,4136,2761,1702,1241,1787
ENSMUSG00000029632,1994,1371,1463,1058,574,1599
ENSMUSG00000053964,256,280,180,105,99,126
ENSMUSG00000028069,965,710,603,1854,1487,1820
ENSMUSG00000070880,194,208,162,70,62,105
ENSMUSG00000035171,2591,2139,1851,965,719,1058
ENSMUSG00000001227,101,65,74,47,32,33
ENSMUSG00000035342,86,67,46,46,22,27
ENSMUSG00000024691,15664,11532,9250,5531,3380,5501
ENSMUSG00000033386,686,647,474,1577,1505,1439
ENSMUSG00000025232,4350,3414,3158,1640,918,1521
ENSMUSG00000022466,832,641,559,513,351,565
ENSMUSG00000026770,297,266,163,838,713,1265
ENSMUSG00000043017,42,22,22,32,18,14
ENSMUSG00000094491,149,116,87,45,45,101
ENSMUSG00000038060,130,182,116,236,224,86
ENSMUSG00000070337,12,12,4,67,80,62
ENSMUSG00000035934,4,5,3,16,17,0
ENSMUSG00000031955,22,14,15,26,19,12
ENSMUSG00000022571,497,378,339,250,192,388
ENSMUSG00000094006,1228,938,772,376,374,307
ENSMUSG00000027488,142,125,116,73,32,50
ENSMUSG00000030766,11551,10984,7794,4342,2882,5561
ENSMUSG00000101439,25,12,7,23,40,17
ENSMUSG00000078616,778,606,505,140,100,223
ENSMUSG00000023047,17,11,8,24,31,28
ENSMUSG00000107629,23,23,15,7,6,11
ENSMUSG00000102248,21,19,8,13,20,27
ENSMUSG00000074867,862,720,591,298,195,424
ENSMUSG00000036591,1647,1404,1110,2482,1860,3002
ENSMUSG00000047454,1285,1086,857,1733,1301,2279
ENSMUSG00000040752,0,0,1,15,12,0
ENSMUSG00000060771,604,450,411,195,168,313
ENSMUSG00000021548,1282,992,842,541,381,667
ENSMUSG00000043644,156,129,93,52,38,87
ENSMUSG00000105204,5,9,20,4,6,8
ENSMUSG00000036678,1144,977,727,5560,3911,8555
ENSMUSG00000092074,323,219,282,141,60,127
ENSMUSG00000023972,11,12,7,19,14,10
ENSMUSG00000044629,340,321,227,157,82,127
ENSMUSG00000004837,8687,7044,5424,9332,6357,11301
ENSMUSG00000041390,2506,1942,1586,861,548,683
ENSMUSG00000016529,25,13,15,20,21,7
ENSMUSG00000037306,358,355,285,233,186,116
ENSMUSG00000041936,389,353,266,1590,1143,2638
ENSMUSG00000038736,1043,738,645,717,477,1016
ENSMUSG00000001029,2210,1937,1430,684,483,808
ENSMUSG00000046321,407,270,288,300,141,142
ENSMUSG00000040957,53,37,32,79,123,72
ENSMUSG00000027589,2439,2440,1691,735,591,983
ENSMUSG00000006411,162,133,153,317,247,639
ENSMUSG00000052180,3,1,0,11,17,5
ENSMUSG00000030788,2539,2150,1714,989,660,1119
ENSMUSG00000028684,1283,1028,874,433,301,586
ENSMUSG00000082896,17,5,6,13,3,15
ENSMUSG00000038242,71,50,35,41,46,26
ENSMUSG00000064299,1,6,1,18,18,41
ENSMUSG00000096265,6,0,0,20,6,0
ENSMUSG00000025006,249,231,177,127,85,100
ENSMUSG00000026586,88,116,55,203,212,84
ENSMUSG00000015880,876,398,471,191,86,155
ENSMUSG00000025083,33,35,25,35,19,26
ENSMUSG00000030785,94,118,100,44,27,27
ENSMUSG00000036273,35385,32079,23011,10414,6595,10977
ENSMUSG00000022863,211,140,90,145,148,325
ENSMUSG00000028670,1825,1455,1215,769,480,972
ENSMUSG00000024985,514,502,461,355,211,176
ENSMUSG00000029699,76,61,41,33,12,31
ENSMUSG00000051502,102,89,44,118,86,191
ENSMUSG00000076939,5711,4351,3277,1850,1244,2335
ENSMUSG00000025504,18,11,4,21,13,4
ENSMUSG00000024245,15,13,16,9,5,1
ENSMUSG00000051682,2981,2047,2338,1630,680,1415
ENSMUSG00000034881,255,260,164,216,193,300
ENSMUSG00000028785,4,4,1,19,19,1
ENSMUSG00000038633,1715,1289,1074,589,380,716
ENSMUSG00000098176,279,205,163,126,101,180
ENSMUSG00000096519,50,109,160,26636,56027,55
ENSMUSG00000025157,790,616,520,339,252,480
ENSMUSG00000082873,58,59,44,17,9,8
ENSMUSG00000027376,3,5,1,13,14,2
ENSMUSG00000059714,644,515,459,278,167,152
ENSMUSG00000096144,72,120,77,7,10,22
ENSMUSG00000042064,110,101,91,136,174,102
ENSMUSG00000023262,413,356,234,470,328,769
ENSMUSG00000026278,19,13,12,7,4,7
ENSMUSG00000049130,95,42,29,43,51,55
ENSMUSG00000010830,109,71,39,49,41,28
ENSMUSG00000060429,73,98,66,101,87,45
ENSMUSG00000051184,360,269,205,141,74,155
ENSMUSG00000034987,711,573,498,307,254,219
ENSMUSG00000109163,1,2,1,6,15,3
ENSMUSG00000082633,40,50,31,8,2,7
ENSMUSG00000024672,806,656,640,427,337,258
ENSMUSG00000032125,20,21,23,14,13,25
ENSMUSG00000025515,1,1,2,9,18,1
ENSMUSG00000024620,34,42,22,40,38,36
ENSMUSG00000034457,0,1,0,53,71,79
ENSMUSG00000027346,9223,8376,6013,2699,2034,3580
ENSMUSG00000041351,560,443,356,110,91,108
ENSMUSG00000108352,6,0,0,0,0,0
ENSMUSG00000027803,26,20,35,31,15,14
ENSMUSG00000014606,2588,2117,1766,899,544,1348
ENSMUSG00000028910,735,685,518,988,703,1349
ENSMUSG00000084007,4,7,4,16,13,21
ENSMUSG00000037349,193,160,115,68,49,68
ENSMUSG00000076609,223516,165087,126772,115990,112318,44590
ENSMUSG00000021670,2899,2298,2131,1969,1556,2378
ENSMUSG00000083595,10,21,3,0,2,2
ENSMUSG00000033722,73,74,39,278,224,355
ENSMUSG00000061947,74,56,71,349,365,73
ENSMUSG00000024236,2462,2323,1682,1497,1117,1452
ENSMUSG00000030159,480,405,532,240,130,182
ENSMUSG00000050244,5977,5091,3886,7068,5740,10598
ENSMUSG00000060791,4088,3080,2685,997,676,715
ENSMUSG00000058761,3181,2908,2146,9220,6842,12007
ENSMUSG00000044811,744,567,686,452,214,432
ENSMUSG00000045064,118,93,58,44,26,58
ENSMUSG00000020572,4195,2743,2724,2763,2025,3092
ENSMUSG00000079084,2340,1971,1498,719,585,478
ENSMUSG00000049233,82,7,15,16,55,120
ENSMUSG00000094262,28,18,35,18,7,16
ENSMUSG00000056313,32,22,25,19,16,18
ENSMUSG00000019823,7173,6056,4373,1332,863,963
ENSMUSG00000038011,16,11,3,95,155,63
ENSMUSG00000076652,1035,624,388,272,518,349
ENSMUSG00000080976,13,29,11,15,10,14
ENSMUSG00000026809,51,38,27,14,9,20
ENSMUSG00000035459,1722,1683,1580,957,486,778
ENSMUSG00000055692,186,183,117,111,121,84
ENSMUSG00000005540,22407,19401,13275,22227,13509,27937
ENSMUSG00000033033,3554,3128,2262,1806,1125,2428
ENSMUSG00000022972,235,165,152,144,99,153
ENSMUSG00000018379,16354,13271,10323,7816,5581,10825
ENSMUSG00000022175,5818,5063,3606,1918,1202,1682
ENSMUSG00000034009,278,276,199,139,104,97
ENSMUSG00000078636,934,939,1016,145,325,917
ENSMUSG00000059647,0,0,0,71,0,58
ENSMUSG00000038550,107,93,46,103,81,138
ENSMUSG00000057335,7662,6464,4879,2772,1971,2900
ENSMUSG00000081660,19,18,11,3,7,3
ENSMUSG00000090634,1,1,1,10,17,0
ENSMUSG00000029925,1425,1178,1152,670,448,630
ENSMUSG00000096592,43,26,21,57,56,64
ENSMUSG00000096672,242,227,120,147,75,63
ENSMUSG00000002930,14,9,5,26,42,4
ENSMUSG00000034445,6291,5354,3914,1756,1058,3104
ENSMUSG00000005481,4676,3900,3232,3034,2105,4226
ENSMUSG00000095197,735,305,291,198,276,122
ENSMUSG00000029461,1866,2061,1416,2265,1382,2289
ENSMUSG00000021928,297,209,176,96,64,68
ENSMUSG00000041716,263,197,154,104,62,172
ENSMUSG00000024935,36,32,10,21,13,5
ENSMUSG00000096294,0,0,0,4,12,1
ENSMUSG00000047511,0,1,3,26,29,12
ENSMUSG00000032411,1845,1538,1049,682,620,784
ENSMUSG00000063556,29,35,4,28,7,9
ENSMUSG00000089862,534,427,363,190,123,241
ENSMUSG00000103717,29,20,24,11,7,9
ENSMUSG00000022885,9805,9104,6707,3199,2235,2654
ENSMUSG00000020525,1356,1098,863,3448,2589,4337
ENSMUSG00000060534,0,1,0,5,12,0
ENSMUSG00000032484,1291,290,124,83,112,173
ENSMUSG00000026688,129,84,73,17,10,17
ENSMUSG00000026023,347,289,242,796,881,245
ENSMUSG00000018677,1287,926,744,995,633,1264
ENSMUSG00000020561,2049,1491,1331,1213,901,1513
ENSMUSG00000018293,23641,17293,14140,9360,5292,9736
ENSMUSG00000039239,34,50,18,73,108,88
ENSMUSG00000045237,362,235,190,465,263,632
ENSMUSG00000030042,1555,1415,1203,839,558,1539
ENSMUSG00000032606,196,164,102,43,31,62
ENSMUSG00000046223,2100,1763,1448,780,1165,554
ENSMUSG00000000359,14,15,10,12,12,4
ENSMUSG00000029516,783,579,410,301,213,198
ENSMUSG00000025480,0,1,0,3,3,0
ENSMUSG00000091123,0,0,0,0,0,0
ENSMUSG00000069274,1907,1021,1200,362,168,441
ENSMUSG00000030834,2,3,1,12,11,2
ENSMUSG00000051811,21,14,19,405,279,776
ENSMUSG00000030246,35,19,11,79,105,56
ENSMUSG00000035258,73,60,34,23,18,31
ENSMUSG00000042650,4497,3981,3107,1708,1174,1721
ENSMUSG00000083885,24,25,14,14,9,8
ENSMUSG00000031845,17,28,17,62,59,33
ENSMUSG00000058230,2510,2195,1623,7544,5769,9831
ENSMUSG00000067575,0,3,2,4,0,0
ENSMUSG00000098387,0,0,0,63,44,5
ENSMUSG00000036551,40,31,12,63,77,31
ENSMUSG00000029370,212,128,122,35,21,7
ENSMUSG00000067149,35826,27332,23917,15262,16602,7724
ENSMUSG00000043535,14723,12855,9998,6046,4091,6787
ENSMUSG00000019927,1750,1575,1165,563,417,536
ENSMUSG00000086691,0,0,1,2,0,1
ENSMUSG00000095996,0,0,0,1,14,0
ENSMUSG00000023094,181,152,125,64,46,70
ENSMUSG00000015812,61,55,35,25,19,35
ENSMUSG00000026072,78,71,66,60,25,43
ENSMUSG00000045664,207,142,156,136,56,138
ENSMUSG00000013611,56,54,43,14,15,11
ENSMUSG00000039485,998,896,713,335,257,284
ENSMUSG00000056972,12,6,2,17,21,4
ENSMUSG00000030865,19,20,14,6,8,5
ENSMUSG00000021294,14,5,4,13,13,1
ENSMUSG00000045503,1892,1640,1250,707,485,770
ENSMUSG00000055430,100,118,100,57,38,59
ENSMUSG00000020877,315,251,198,256,155,417
ENSMUSG00000025804,716,404,365,118,172,160
ENSMUSG00000083929,31,34,20,56,47,30
ENSMUSG00000002847,14,6,2,19,35,37
ENSMUSG00000011179,3966,2626,2320,7195,4884,10358
ENSMUSG00000053835,6761,5271,4317,1528,1098,1824
ENSMUSG00000005656,2412,1914,1624,1008,680,1385
ENSMUSG00000038508,33,11,35,65,53,146
ENSMUSG00000053158,1676,1296,999,582,368,425
ENSMUSG00000105021,8,4,2,33,38,15
ENSMUSG00000000617,152,132,106,244,158,185
ENSMUSG00000098000,64,55,42,46,34,66
ENSMUSG00000031893,42,46,27,10,9,9
ENSMUSG00000037649,8831,6479,5654,2793,1529,2876
ENSMUSG00000071203,1954,1707,1409,839,522,601
ENSMUSG00000094796,491,308,336,101,62,156
ENSMUSG00000020186,254,167,142,76,59,119
ENSMUSG00000079339,1727,1108,1156,128,100,163
ENSMUSG00000045348,15,5,11,15,14,1
ENSMUSG00000022270,4274,3644,2842,1108,746,1217
ENSMUSG00000024493,3457,2801,2274,2780,2175,4347
ENSMUSG00000032328,4493,3770,3275,1279,1030,1909
ENSMUSG00000050350,5238,4378,3409,1798,1344,1760
ENSMUSG00000041959,3218,2548,2046,2183,1214,2962
ENSMUSG00000101963,235,240,135,109,74,114
ENSMUSG00000047907,20,50,17,47,43,24
ENSMUSG00000030339,218,164,187,182,79,124
ENSMUSG00000091367,11,0,34,0,0,0
ENSMUSG00000024889,734,567,448,370,300,584
ENSMUSG00000029211,8,12,4,12,21,1
ENSMUSG00000073412,628,425,519,201,95,201
ENSMUSG00000026227,10,19,11,4,15,3
ENSMUSG00000001056,1411,872,913,1476,1054,1693
ENSMUSG00000091199,206,224,163,118,71,63
ENSMUSG00000040998,40,31,26,46,38,39
ENSMUSG00000086123,13,18,11,18,4,8
ENSMUSG00000102364,260,355,106,84,58,127
ENSMUSG00000033589,754,605,419,276,198,329
ENSMUSG00000054672,98,67,32,65,55,32
ENSMUSG00000079508,142,146,140,287,166,362
ENSMUSG00000041642,15099,15648,10047,4710,3920,3388
ENSMUSG00000049760,1093,806,793,649,337,994
ENSMUSG00000076441,677,512,482,2473,1593,3642
ENSMUSG00000071226,3293,2964,2163,6131,4658,11111
ENSMUSG00000096850,70,79,77,74,46,18
ENSMUSG00000001027,1486,1404,966,303,301,311
ENSMUSG00000070471,6,16,15,78,80,61
ENSMUSG00000002010,4197,3425,2711,1803,1119,2582
ENSMUSG00000081463,22,30,20,16,4,6
ENSMUSG00000059854,3,4,0,19,27,4
ENSMUSG00000015745,4322,3447,2790,1169,714,951
ENSMUSG00000042351,4748,4207,2959,1931,1389,1503
ENSMUSG00000032258,305,288,229,289,221,325
ENSMUSG00000082165,17,7,9,14,8,3
ENSMUSG00000063447,65,78,51,19,15,24
ENSMUSG00000049588,1178,971,758,282,165,260
ENSMUSG00000033105,1322,1158,995,893,728,917
ENSMUSG00000040405,269,132,168,300,168,352
ENSMUSG00000056612,1091,696,595,1741,1091,2015
ENSMUSG00000000399,1706,1266,1164,757,517,1234
ENSMUSG00000054383,70,48,47,27,14,46
ENSMUSG00000028644,966,577,404,311,292,248
ENSMUSG00000032116,5254,4192,3527,2738,1803,3693
ENSMUSG00000001036,260,235,189,107,91,75
ENSMUSG00000042506,2678,2230,1561,1023,781,1215
ENSMUSG00000062896,23,12,18,13,13,10
ENSMUSG00000007872,1512,1069,686,240,156,463
ENSMUSG00000072618,23,26,26,13,4,9
ENSMUSG00000082245,2,11,4,7,11,1
ENSMUSG00000046593,14,8,5,7,8,2
ENSMUSG00000020279,6845,6223,4042,2263,1742,1624
ENSMUSG00000041809,28,24,23,13,10,5
ENSMUSG00000094338,794,492,560,123,69,216
ENSMUSG00000081179,17,3,9,8,17,11
ENSMUSG00000039089,3055,2752,1790,773,605,953
ENSMUSG00000074909,2522,2181,1671,932,668,1408
ENSMUSG00000084353,45,23,26,28,21,24
ENSMUSG00000020564,3180,3121,2126,1079,769,780
ENSMUSG00000023020,732,630,521,263,170,369
ENSMUSG00000062209,0,0,0,5,16,0
ENSMUSG00000078907,4,1,1,9,21,6
ENSMUSG00000025732,49,21,21,18,12,12
ENSMUSG00000033467,1122,885,723,412,277,375
ENSMUSG00000000088,1461,1110,1018,614,381,1081
ENSMUSG00000042821,11,11,14,86,82,133
ENSMUSG00000035299,1688,2013,1635,4022,3721,3455
ENSMUSG00000051504,416,297,258,170,191,284
ENSMUSG00000015968,546,562,448,161,160,141
ENSMUSG00000036564,4,7,4,14,16,12
ENSMUSG00000042510,24,16,21,56,82,23
ENSMUSG00000025754,234,241,141,155,154,81
ENSMUSG00000062070,3712,2571,2641,1899,985,3025
ENSMUSG00000023952,4126,4022,2774,1336,879,1715
ENSMUSG00000018930,43,28,24,9,14,18
ENSMUSG00000071451,528,354,356,262,147,379
ENSMUSG00000028031,68,65,51,139,146,79
ENSMUSG00000076606,364,253,165,106,64,113
ENSMUSG00000027347,8649,7024,4977,1251,840,1085
ENSMUSG00000020375,2539,2102,1534,977,686,907
ENSMUSG00000004113,62,56,31,114,129,205
ENSMUSG00000082596,85,91,61,35,15,41
ENSMUSG00000068299,262,242,152,101,69,123
ENSMUSG00000021737,2071,1493,1328,1001,724,1607
ENSMUSG00000008129,76,59,38,78,60,87
ENSMUSG00000023010,10842,8359,6892,3995,2422,4058
ENSMUSG00000075023,0,0,1,5,12,8
ENSMUSG00000039070,0,1,1,12,11,11
ENSMUSG00000105796,0,0,0,0,0,0
ENSMUSG00000083179,228,105,112,161,107,152
ENSMUSG00000032381,1300,1003,947,652,431,982
ENSMUSG00000056144,11805,10837,8221,2486,1658,3064
ENSMUSG00000019302,4031,3959,2844,1008,635,848
ENSMUSG00000043800,2,2,1,5,6,17
ENSMUSG00000089996,5,14,10,2,2,8
ENSMUSG00000053198,34,30,12,19,22,11
ENSMUSG00000026313,2091,1904,1335,8150,6415,12132
ENSMUSG00000036853,783,653,451,138,108,203
ENSMUSG00000000244,8046,7458,5198,2199,1603,2320
ENSMUSG00000032254,815,459,416,210,114,187
ENSMUSG00000022914,30329,29666,21513,10053,8437,12514
ENSMUSG00000094102,1221,197,153,109,60,88
ENSMUSG00000026775,9012,7409,6219,3450,2397,5431
ENSMUSG00000029372,190,123,107,121,26,71
ENSMUSG00000081967,0,4,0,0,6,0
ENSMUSG00000078912,26,30,32,20,10,18
ENSMUSG00000079043,937,791,568,605,442,650
ENSMUSG00000078651,527,461,326,638,626,709
ENSMUSG00000031264,5469,5105,4019,1804,1230,2266
ENSMUSG00000099342,10,8,4,9,0,6
ENSMUSG00000026869,2441,1868,1571,1072,780,1334
ENSMUSG00000029027,735,619,449,1328,880,2288
ENSMUSG00000026883,479,396,355,469,273,626
ENSMUSG00000037536,748,623,503,1297,890,1621
ENSMUSG00000023940,260,126,121,56,44,53
ENSMUSG00000037129,78,92,55,39,38,10
ENSMUSG00000043155,22,18,14,9,6,12
ENSMUSG00000040280,10,2,4,6,3,10
ENSMUSG00000006179,53,34,25,13,13,16
ENSMUSG00000073468,1876,1800,1504,842,569,1212
ENSMUSG00000090247,1020,808,722,319,183,419
ENSMUSG00000019796,95,62,51,218,188,244
ENSMUSG00000046688,1378,1129,943,396,246,451
ENSMUSG00000025868,833,589,534,298,148,351
ENSMUSG00000048368,12,22,18,2,6,8
ENSMUSG00000003604,613,540,351,691,521,858
ENSMUSG00000062312,141,125,90,47,23,30
ENSMUSG00000030609,1726,1539,1239,9986,7470,12888
ENSMUSG00000030427,537,428,314,80,53,50
ENSMUSG00000031390,730,807,503,141,123,146
ENSMUSG00000020021,1809,1748,1271,658,474,621
ENSMUSG00000096544,2378,2011,2272,8050,5488,6269
ENSMUSG00000044052,23,20,15,12,8,4
ENSMUSG00000029352,20,21,14,26,25,16
ENSMUSG00000027937,1709,1356,1151,865,636,1431
ENSMUSG00000007458,7615,5730,5124,4257,2731,5020
ENSMUSG00000038932,1,0,1,7,11,3
ENSMUSG00000023988,1039,789,707,930,768,928
ENSMUSG00000071657,1731,1428,1035,2379,1780,3881
ENSMUSG00000045636,257,129,99,115,106,62
ENSMUSG00000020432,1377,1264,984,886,478,1052
ENSMUSG00000075064,0,0,0,0,18,4
ENSMUSG00000029657,2123,1662,1610,1317,932,1717
ENSMUSG00000025357,8344,8714,5878,3156,2570,1954
ENSMUSG00000022661,1470,1392,1034,500,372,673
ENSMUSG00000020873,1190,907,727,557,382,736
ENSMUSG00000021493,740,644,446,214,173,193
ENSMUSG00000031166,1351,1343,908,465,283,484
ENSMUSG00000061751,386,328,238,191,193,177
ENSMUSG00000020897,488,355,292,142,78,188
ENSMUSG00000029178,7234,7252,4874,1920,1287,1630
ENSMUSG00000058325,268,214,200,185,99,94
ENSMUSG00000003153,2386,2108,1524,726,643,715
ENSMUSG00000024726,1004,781,656,447,208,573
ENSMUSG00000081221,53,9,47,11,6,14
ENSMUSG00000019952,1115,969,770,345,247,346
ENSMUSG00000050761,15,3,4,19,3,3
ENSMUSG00000078087,7432,2031,1650,3251,3311,0
ENSMUSG00000063065,855,576,573,209,133,161
ENSMUSG00000089768,61,52,54,14,16,27
ENSMUSG00000047793,564,768,447,192,131,168
ENSMUSG00000078931,284,234,206,154,111,231
ENSMUSG00000094051,936,167,266,116,169,76
ENSMUSG00000068246,20,13,16,11,7,3
ENSMUSG00000050796,357,296,229,293,204,446
ENSMUSG00000037855,39,73,54,2302,1597,3587
ENSMUSG00000006313,6,2,9,14,14,5
ENSMUSG00000022108,21917,16531,14983,8732,4524,7333
ENSMUSG00000091155,62,44,22,16,21,25
ENSMUSG00000087520,113,130,82,36,22,31
ENSMUSG00000085787,359,237,194,288,196,229
ENSMUSG00000093963,12,25,14,5,18,10
ENSMUSG00000020547,2072,1370,1408,1914,1376,2587
ENSMUSG00000003070,9,8,3,7,10,9
ENSMUSG00000072568,1005,952,633,248,180,333
ENSMUSG00000032050,4781,3942,3140,2738,2095,3315
ENSMUSG00000038080,1920,1614,1293,1168,737,1757
ENSMUSG00000001420,66,42,37,77,61,108
ENSMUSG00000002699,2870,2350,2065,1515,1007,1130
ENSMUSG00000006587,17,16,11,195,164,455
ENSMUSG00000053297,23,51,20,23,20,8
ENSMUSG00000074506,434,293,310,211,107,258
ENSMUSG00000027324,506,438,307,850,641,1267
ENSMUSG00000038910,7727,6691,5152,2845,1972,3187
ENSMUSG00000028528,31,14,17,16,20,5
ENSMUSG00000036168,127,104,70,73,67,110
ENSMUSG00000020462,1092,752,630,330,253,363
ENSMUSG00000074203,18,21,24,18,6,6
ENSMUSG00000020847,263,297,174,89,73,92
ENSMUSG00000031512,11,10,9,28,41,20
ENSMUSG00000033610,444,443,311,166,92,172
ENSMUSG00000051319,216,157,152,112,76,238
ENSMUSG00000098104,21,29,13,35,54,55
ENSMUSG00000107724,523,383,275,82,68,81
ENSMUSG00000030147,90,70,102,57,23,39
ENSMUSG00000031578,3079,2328,1899,2825,2327,3443
ENSMUSG00000073008,5593,5214,4017,1503,1096,1552
ENSMUSG00000041355,1990,1330,1200,976,606,1367
ENSMUSG00000099647,141,107,104,33,42,71
ENSMUSG00000091649,2006,1262,1133,589,344,834
ENSMUSG00000093867,45,34,19,74,90,42
ENSMUSG00000020834,39,41,30,32,18,27
ENSMUSG00000057945,47,53,32,24,18,21
ENSMUSG00000047911,1,4,2,12,14,6
ENSMUSG00000098111,15,43,25,7,5,0
ENSMUSG00000092358,19,9,13,7,3,3
ENSMUSG00000096824,3,10,4,4,4,2
ENSMUSG00000067455,1015,559,624,232,112,248
ENSMUSG00000029863,3985,3228,2535,1423,983,2038
ENSMUSG00000095127,2864,2177,1404,952,1163,614
ENSMUSG00000002580,1016,629,605,421,230,447
ENSMUSG00000087376,0,2,0,4,12,10
ENSMUSG00000031231,2363,1623,1593,1401,821,1990
ENSMUSG00000094870,2828,2291,1835,1729,1345,2154
ENSMUSG00000028953,2555,1859,1652,2158,1699,3010
ENSMUSG00000026837,96,109,36,68,54,67
ENSMUSG00000054293,1485,1358,1171,275,191,335
ENSMUSG00000038264,1650,1161,968,838,1027,621
ENSMUSG00000100033,12,13,15,15,11,7
ENSMUSG00000081953,122,158,105,169,162,63
ENSMUSG00000102566,1,0,2,19,36,17
ENSMUSG00000029338,1580,1238,1037,403,337,389
ENSMUSG00000040396,2248,1834,1516,951,681,1426
ENSMUSG00000034327,791,725,567,321,239,433
ENSMUSG00000042265,147,99,80,49,71,69
ENSMUSG00000059142,2288,1933,1505,728,519,847
ENSMUSG00000049235,0,0,0,0,14,0
ENSMUSG00000064210,4431,3776,3157,1800,1080,1500
ENSMUSG00000028927,857,671,479,272,310,403
ENSMUSG00000090408,35,28,27,66,88,35
ENSMUSG00000015013,612,508,455,240,132,250
ENSMUSG00000049350,21,20,15,6,27,15
ENSMUSG00000062619,306,224,190,225,139,338
ENSMUSG00000053799,3935,3119,2449,1378,909,1555
ENSMUSG00000046865,2417,1605,1462,3835,2568,4037
ENSMUSG00000076501,2214,1109,905,736,474,458
ENSMUSG00000021482,761,569,454,335,192,333
ENSMUSG00000031387,561,400,382,271,151,228
ENSMUSG00000022766,141,136,104,43,33,60
ENSMUSG00000037062,6680,5169,4247,2350,1680,2247
ENSMUSG00000105432,67,106,29,19,15,22
ENSMUSG00000025648,1099,920,803,308,200,283
ENSMUSG00000026341,25717,21845,19316,9978,6528,12113
ENSMUSG00000059743,669,471,578,495,318,621
ENSMUSG00000023025,6959,5473,4569,3305,2585,4645
ENSMUSG00000042993,39,51,44,17,11,14
ENSMUSG00000035394,118,110,69,203,215,328
ENSMUSG00000031453,16231,14930,10517,3115,2287,2885
ENSMUSG00000069083,17,19,17,35,0,0
ENSMUSG00000086965,89,55,43,320,263,562
ENSMUSG00000030313,9867,8743,6298,2389,1717,1873
ENSMUSG00000003363,3828,3191,2857,1643,860,1063
ENSMUSG00000059713,422,359,287,177,122,140
ENSMUSG00000029581,195,109,100,81,50,47
ENSMUSG00000040061,5716,5163,3681,1734,1406,1887
ENSMUSG00000027834,1342,1112,886,356,269,360
ENSMUSG00000049410,14,14,7,6,10,0
ENSMUSG00000041649,188,191,112,49,46,40
ENSMUSG00000043391,169,103,97,77,41,46
ENSMUSG00000057706,310,248,193,61,45,64
ENSMUSG00000000563,5914,4096,3792,3062,1840,3339
ENSMUSG00000083244,14,17,13,1,2,1
ENSMUSG00000026637,8522,8148,5755,4224,3890,3252
ENSMUSG00000074093,86,49,37,20,9,9
ENSMUSG00000013629,2551,2312,1542,14579,10363,19919
ENSMUSG00000026027,1064,935,709,299,206,440
ENSMUSG00000026175,16,12,12,40,49,32
ENSMUSG00000027999,490,414,302,631,441,832
ENSMUSG00000060989,19,26,8,28,26,22
ENSMUSG00000020669,52,40,40,111,93,247
ENSMUSG00000017830,1718,1228,1152,527,360,709
ENSMUSG00000045948,480,318,278,312,185,352
ENSMUSG00000025492,644,391,508,341,188,465
ENSMUSG00000078945,1843,1521,1274,730,469,680
ENSMUSG00000042099,215,162,126,2734,1963,5347
ENSMUSG00000027722,2374,2035,1644,2345,1998,3822
ENSMUSG00000025781,5882,3956,3784,2727,1697,3219
ENSMUSG00000060216,2474,2240,1688,823,541,680
ENSMUSG00000058932,23,11,0,0,0,0
ENSMUSG00000021193,2513,1819,1527,2217,1582,2819
ENSMUSG00000049988,654,509,524,304,122,282
ENSMUSG00000021490,13,8,3,11,3,3
ENSMUSG00000003199,1807,1422,1287,599,369,766
ENSMUSG00000050912,18339,13484,11957,9191,5667,10662
ENSMUSG00000041515,16789,13216,11029,5497,3955,5426
ENSMUSG00000070283,558,418,343,153,89,211
ENSMUSG00000040323,133,117,94,44,27,44
ENSMUSG00000021359,140,199,137,522,582,235
ENSMUSG00000046449,3,4,0,22,21,27
ENSMUSG00000041220,345,291,209,246,222,234
ENSMUSG00000020704,1,0,1,10,12,2
ENSMUSG00000084231,132,104,76,48,38,63
ENSMUSG00000032783,95,52,44,28,21,12
ENSMUSG00000018428,102,62,72,951,683,1407
ENSMUSG00000107951,40,12,30,36,8,19
ENSMUSG00000083167,23,17,10,38,41,26
ENSMUSG00000026211,7,17,7,13,21,14
ENSMUSG00000101066,9,21,11,21,22,4
ENSMUSG00000021171,4437,4096,2948,1547,1220,2088
ENSMUSG00000038843,3067,2612,2093,895,529,806
ENSMUSG00000037820,3534,2684,2554,1626,852,1882
ENSMUSG00000090225,150,104,94,69,36,37
ENSMUSG00000103823,18,6,12,11,0,11
ENSMUSG00000024989,427,185,219,106,45,60
ENSMUSG00000022241,2518,1887,1505,1958,1411,2136
ENSMUSG00000031451,135,90,189,104,59,84
ENSMUSG00000023902,1,6,4,11,13,5
ENSMUSG00000033036,112,70,36,4,11,6
ENSMUSG00000001604,59,42,38,24,8,7
ENSMUSG00000042903,1347,1208,800,561,429,533
ENSMUSG00000025246,3985,3208,2549,1802,1208,2281
ENSMUSG00000071540,79,59,63,46,47,19
ENSMUSG00000025133,4569,3848,2990,1464,1045,1757
ENSMUSG00000007033,122,92,48,88,55,115
ENSMUSG00000036223,119,55,47,27,14,19
ENSMUSG00000024078,1088,926,802,1340,995,2100
ENSMUSG00000034437,21,18,42,225,178,158
ENSMUSG00000034484,18416,15049,11905,6435,4055,7295
ENSMUSG00000046080,291,210,203,88,75,110
ENSMUSG00000034601,1791,1534,1148,668,470,809
ENSMUSG00000022197,1117,1096,789,864,694,1068
ENSMUSG00000044309,697,517,595,108,97,226
ENSMUSG00000038801,0,0,0,7,18,6
ENSMUSG00000043419,118,73,75,42,21,41
ENSMUSG00000018604,3,5,4,17,20,2
ENSMUSG00000026986,10,7,11,15,6,3
ENSMUSG00000050445,51,42,25,16,6,7
ENSMUSG00000001774,2779,2161,1814,1486,1053,1747
ENSMUSG00000026042,32,32,15,38,27,36
ENSMUSG00000029059,424,294,404,189,85,227
ENSMUSG00000032462,439,323,350,255,180,194
ENSMUSG00000028051,46,59,27,257,183,331
ENSMUSG00000058743,6,0,5,26,20,18
ENSMUSG00000054509,4800,4689,3318,2180,1653,2008
ENSMUSG00000029797,111,133,64,93,77,37
ENSMUSG00000076605,780,557,450,286,233,194
ENSMUSG00000089775,8,15,16,10,14,6
ENSMUSG00000024528,859,669,518,796,695,923
ENSMUSG00000020423,9517,7588,6173,6797,4813,10729
ENSMUSG00000032554,9946,10133,8279,4011,1540,4329
ENSMUSG00000031842,243,270,148,167,137,128
ENSMUSG00000020593,983,924,732,4524,3279,6030
ENSMUSG00000069633,879,891,493,396,385,363
ENSMUSG00000022673,2933,1979,1600,1018,556,1022
ENSMUSG00000026478,1747,1618,1116,1719,1093,2177
ENSMUSG00000004328,237,206,162,98,99,97
ENSMUSG00000052658,75,44,52,18,15,68
ENSMUSG00000061410,81,88,59,52,47,29
ENSMUSG00000014361,3138,3067,3023,1935,879,1331
ENSMUSG00000037416,26933,23262,17985,7077,5083,9245
ENSMUSG00000049832,71,42,56,54,35,74
ENSMUSG00000005580,197,193,130,68,34,48
ENSMUSG00000000056,2473,2011,1622,592,385,767
ENSMUSG00000032715,25,14,14,14,13,18
ENSMUSG00000014543,35,19,17,8,8,15
ENSMUSG00000074896,1988,1265,1483,459,383,973
ENSMUSG00000001305,1000,740,665,1428,1302,2149
ENSMUSG00000038578,6153,5497,4064,1399,770,1711
ENSMUSG00000049124,1062,803,745,556,314,958
ENSMUSG00000048087,407,349,248,1190,689,851
ENSMUSG00000069925,20,31,8,50,49,15
ENSMUSG00000039031,1134,923,732,232,143,187
ENSMUSG00000021796,73,70,51,41,35,16
ENSMUSG00000024785,892,656,547,1036,903,1230
ENSMUSG00000032332,6,6,1,31,31,6
ENSMUSG00000023216,559,325,197,118,129,136
ENSMUSG00000082432,46,58,40,417,479,35
ENSMUSG00000100344,1,3,2,9,11,10
ENSMUSG00000028741,955,728,589,1099,864,1513
ENSMUSG00000021595,4933,3661,3187,4825,3700,6556
ENSMUSG00000020131,54,35,28,41,33,59
ENSMUSG00000052534,519,470,344,306,248,185
ENSMUSG00000036928,158,118,96,189,156,209
ENSMUSG00000036817,2684,2422,1776,1042,764,1213
ENSMUSG00000094708,0,0,0,0,0,0
ENSMUSG00000022596,260,218,165,144,81,167
ENSMUSG00000036814,24,22,7,5,10,0
ENSMUSG00000083745,173,206,136,59,36,63
ENSMUSG00000033470,46,48,32,28,30,13
ENSMUSG00000096780,460,420,288,250,211,228
ENSMUSG00000082321,63,37,11,48,61,86
ENSMUSG00000079225,1958,1173,1164,1734,1361,1299
ENSMUSG00000030165,211,169,154,82,115,210
ENSMUSG00000029387,1224,994,776,913,650,1223
ENSMUSG00000027018,1616,1077,1038,873,617,1125
ENSMUSG00000071771,46,37,30,28,14,9
ENSMUSG00000081787,4,3,3,5,0,0
ENSMUSG00000074211,630,502,353,1554,1157,1969
ENSMUSG00000104422,74,77,60,223,43,37
ENSMUSG00000038034,780,665,667,387,205,306
ENSMUSG00000029055,10,12,6,64,46,52
ENSMUSG00000049551,5,3,2,13,9,23
ENSMUSG00000031861,964,773,643,246,183,248
ENSMUSG00000056515,1053,714,831,318,184,361
ENSMUSG00000054079,2090,1582,1410,1786,1419,2309
ENSMUSG00000024359,7311,5083,4497,7864,5862,9082
ENSMUSG00000032239,2451,1668,1389,912,635,643
ENSMUSG00000024054,21401,18404,13665,5924,4420,6948
ENSMUSG00000014907,345,255,218,230,154,254
ENSMUSG00000024334,6160,4588,3868,1223,764,957
ENSMUSG00000030870,3430,3156,2462,1835,1317,2515
ENSMUSG00000092035,23,17,8,11,4,15
ENSMUSG00000030393,105,55,54,37,49,78
ENSMUSG00000025014,31,19,14,7,12,14
ENSMUSG00000025240,2295,1878,1601,823,490,950
ENSMUSG00000098428,243,161,170,116,57,58
ENSMUSG00000029149,340,364,252,106,64,109
ENSMUSG00000021624,15821,12154,8926,2296,1340,1890
ENSMUSG00000013822,962,703,635,372,225,472
ENSMUSG00000044814,11,16,6,33,21,41
ENSMUSG00000031698,56,35,29,27,14,16
ENSMUSG00000066362,0,24,0,16,10,0
ENSMUSG00000091898,194,185,115,456,491,215
ENSMUSG00000055271,122,97,68,31,25,57
ENSMUSG00000069911,5733,6448,4362,2478,1796,2237
ENSMUSG00000098900,47,31,28,25,21,78
ENSMUSG00000001663,32,17,17,22,13,8
ENSMUSG00000021263,1485,1533,1038,467,297,459
ENSMUSG00000033114,570,491,357,188,147,192
ENSMUSG00000082693,15,5,4,5,8,14
ENSMUSG00000042156,176,164,101,754,709,771
ENSMUSG00000078435,907,889,671,280,235,513
ENSMUSG00000094420,6984,4029,4618,2455,2653,2171
ENSMUSG00000081715,8,8,7,30,33,16
ENSMUSG00000037405,3019,2378,2159,6991,5336,9873
ENSMUSG00000027496,420,222,185,115,63,94
ENSMUSG00000037851,3984,3083,2475,4411,3202,5883
ENSMUSG00000022757,1448,980,918,622,393,688
ENSMUSG00000003484,3736,3175,2432,577,405,620
ENSMUSG00000020806,2859,2682,1973,2665,1968,3189
ENSMUSG00000104452,1109,1088,732,383,334,423
ENSMUSG00000000532,1509,1367,1020,576,412,644
ENSMUSG00000033633,100,117,77,35,45,36
ENSMUSG00000031258,1172,1148,813,7025,8504,312
ENSMUSG00000096150,414,1047,181,135,122,85
ENSMUSG00000005583,33578,27637,21484,10498,6689,9377
ENSMUSG00000024099,2326,1638,1486,1393,838,1577
ENSMUSG00000051985,5,4,4,18,28,4
ENSMUSG00000020823,1344,1189,974,606,401,496
ENSMUSG00000040463,6304,5023,3713,10518,8175,10168
ENSMUSG00000101111,6123,10465,14000,946,770,5997
ENSMUSG00000030114,46,33,38,11,17,19
ENSMUSG00000058818,6553,5438,4472,2628,1404,1818
ENSMUSG00000091277,39,37,19,25,11,18
ENSMUSG00000018634,3,15,5,10,16,9
ENSMUSG00000058492,14,10,0,0,0,0
ENSMUSG00000006906,527,493,382,396,322,229
ENSMUSG00000028517,860,742,614,445,263,276
ENSMUSG00000037049,1008,728,613,287,164,284
ENSMUSG00000025869,858,625,584,874,630,1115
ENSMUSG00000061390,15,10,5,10,3,0
ENSMUSG00000028837,1711,1164,1109,1198,807,1442
ENSMUSG00000055546,603,418,460,336,164,327
ENSMUSG00000036315,941,641,501,356,263,436
ENSMUSG00000070777,59,82,57,116,115,61
ENSMUSG00000040078,658,516,454,403,293,413
ENSMUSG00000047180,5454,4968,3636,1425,1337,1576
ENSMUSG00000076672,4471,2643,1592,2917,1627,758
ENSMUSG00000045039,142,176,133,109,74,65
ENSMUSG00000095526,0,3,2,4,0,0
ENSMUSG00000015027,1387,1193,863,328,271,350
ENSMUSG00000072676,114,89,73,32,13,42
ENSMUSG00000029875,2,3,5,14,13,7
ENSMUSG00000024193,2785,2615,1839,724,535,763
ENSMUSG00000044006,9,2,1,12,16,17
ENSMUSG00000092181,36,41,30,18,10,15
ENSMUSG00000024378,1021,807,833,449,348,496
ENSMUSG00000031139,56,53,43,28,11,9
ENSMUSG00000023132,966,462,663,254,275,583
ENSMUSG00000022900,254,187,167,132,210,85
ENSMUSG00000033952,1185,641,565,350,358,206
ENSMUSG00000108218,1138,1072,712,441,415,527
ENSMUSG00000018983,2789,2186,1725,551,331,511
ENSMUSG00000026580,44,41,27,20,13,34
ENSMUSG00000081991,3,2,1,10,25,25
ENSMUSG00000029552,2684,2353,1787,1080,770,1102
ENSMUSG00000030688,972,804,615,350,243,399
ENSMUSG00000046971,7,11,9,10,24,7
ENSMUSG00000107733,494,394,285,996,768,1826
ENSMUSG00000021640,56,41,28,15,17,8
ENSMUSG00000022439,6150,4812,4158,2233,1303,2673
ENSMUSG00000020684,3,1,1,10,17,11
ENSMUSG00000037552,3568,3411,2210,553,363,432
ENSMUSG00000020527,458,449,312,836,692,1136
ENSMUSG00000031636,61,62,40,24,41,17
ENSMUSG00000019467,27,42,17,25,26,12
ENSMUSG00000084010,6,0,7,8,12,2
ENSMUSG00000098076,8,2,6,6,0,7
ENSMUSG00000033186,1385,1203,966,508,370,654
ENSMUSG00000043773,497,293,384,127,110,138
ENSMUSG00000021194,5,9,2,22,16,6
ENSMUSG00000004642,3518,2841,2258,1409,993,1728
ENSMUSG00000098241,28,27,23,7,5,3
ENSMUSG00000028693,3444,2545,2242,2554,1914,2748
ENSMUSG00000046761,58,53,46,166,121,211
ENSMUSG00000083287,107,1,61,96,61,113
ENSMUSG00000023067,35,37,23,3327,2233,5109
ENSMUSG00000036114,390,307,287,156,135,332
ENSMUSG00000021645,637,539,430,505,397,590
ENSMUSG00000038000,1081,788,647,368,268,460
ENSMUSG00000092261,79,98,70,25,8,14
ENSMUSG00000068854,669,563,472,205,146,285
ENSMUSG00000026958,1023,864,702,407,223,506
ENSMUSG00000106327,1,0,3,23,32,25
ENSMUSG00000034832,7366,7670,5424,3740,3037,3368
ENSMUSG00000029838,12,16,2,12,17,17
ENSMUSG00000040033,5413,4303,3316,1985,1311,1893
ENSMUSG00000021708,585,493,389,238,199,218
ENSMUSG00000037418,54,24,31,27,13,33
ENSMUSG00000022015,24,9,9,8,5,4
ENSMUSG00000091318,91,101,55,114,118,37
ENSMUSG00000030407,436,379,291,1867,1337,2499
ENSMUSG00000101236,247,87,70,168,152,146
ENSMUSG00000094105,0,0,4,9,11,2
ENSMUSG00000022186,3766,2620,2718,972,537,778
ENSMUSG00000029633,11,13,0,16,51,7
ENSMUSG00000083405,184,102,103,51,31,78
ENSMUSG00000071708,2761,2393,1918,1529,1113,2113
ENSMUSG00000040140,3,1,0,13,12,4
ENSMUSG00000039686,3138,2999,2006,1265,885,1461
ENSMUSG00000030638,5,7,10,14,26,12
ENSMUSG00000076548,103,70,78,51,23,34
ENSMUSG00000082082,27,12,20,8,8,22
ENSMUSG00000083396,471,506,338,264,228,339
ENSMUSG00000089958,16,16,4,6,2,6
ENSMUSG00000044285,2040,875,721,1364,780,430
ENSMUSG00000025613,6077,4399,3773,4885,3461,6182
ENSMUSG00000022517,4977,4515,3389,1201,758,1220
ENSMUSG00000015575,2906,2292,2136,1105,743,1309
ENSMUSG00000031103,6053,5547,3928,2665,1904,2125
ENSMUSG00000050232,217,105,123,66,22,45
ENSMUSG00000015957,1,5,1,20,14,2
ENSMUSG00000046408,60,56,41,38,15,31
ENSMUSG00000032741,974,999,646,334,360,401
ENSMUSG00000034563,2091,1637,1362,1065,786,640
ENSMUSG00000024942,3082,2590,1872,950,602,754
ENSMUSG00000011114,2386,1833,1462,887,560,977
ENSMUSG00000083033,195,222,200,70,57,107
ENSMUSG00000042660,1082,758,664,782,586,928
ENSMUSG00000096807,1207,594,678,211,127,388
ENSMUSG00000093798,71,148,92,25,10,102
ENSMUSG00000093913,0,0,0,20,28,0
ENSMUSG00000019966,344,214,348,151,77,187
ENSMUSG00000028362,61,50,52,221,217,263
ENSMUSG00000044641,127,131,87,97,103,99
ENSMUSG00000026355,3876,2461,2262,1157,797,1450
ENSMUSG00000084893,45,31,23,28,27,31
ENSMUSG00000020484,7408,5424,4242,2643,1808,1736
ENSMUSG00000051279,9,6,7,7,10,3
ENSMUSG00000091694,548,217,42,18,48,6
ENSMUSG00000061356,322,148,175,79,42,8
ENSMUSG00000078144,56,51,52,23,12,7
ENSMUSG00000015599,174,216,137,88,120,39
ENSMUSG00000079343,3,0,0,3,11,0
ENSMUSG00000074420,94,92,73,27,20,18
ENSMUSG00000033557,3039,2461,1996,1212,818,1362
ENSMUSG00000025289,927,668,594,369,214,306
ENSMUSG00000054072,945,411,867,227,121,183
ENSMUSG00000022391,2985,2282,1924,2303,1783,3118
ENSMUSG00000090509,14,18,11,82,48,13
ENSMUSG00000001416,5632,4511,3788,5321,3893,7618
ENSMUSG00000018846,4512,3757,3316,1965,1403,3112
ENSMUSG00000062309,2,2,1,7,2,5
ENSMUSG00000069588,8,13,12,2,7,5
ENSMUSG00000030431,179,122,83,164,110,137
ENSMUSG00000044737,9,10,4,32,49,12
ENSMUSG00000046879,5375,3525,3580,2107,1391,3032
ENSMUSG00000022234,10568,7302,6827,7386,5012,9962
ENSMUSG00000062867,4389,3223,2911,4518,2743,6279
ENSMUSG00000050926,18,12,13,35,36,13
ENSMUSG00000098198,0,3,0,11,20,3
ENSMUSG00000051079,341,140,200,86,34,54
ENSMUSG00000082791,1,1,0,2,18,2
ENSMUSG00000035863,138,95,85,325,203,438
ENSMUSG00000036469,15423,13417,10498,4338,2804,4680
ENSMUSG00000072082,512,312,265,1620,1165,2535
ENSMUSG00000034110,277,202,190,90,58,106
ENSMUSG00000031751,5230,4361,3522,1719,1184,2024
ENSMUSG00000067919,16,11,19,0,0,5
ENSMUSG00000026923,2151,2203,1536,4951,4160,7880
ENSMUSG00000034311,599,336,291,148,76,110
ENSMUSG00000016552,797,726,449,633,486,860
ENSMUSG00000044337,545,322,287,192,227,190
ENSMUSG00000091159,16,21,9,7,20,7
ENSMUSG00000022453,902,682,551,331,216,310
ENSMUSG00000042406,5807,4310,3409,3870,3042,4883
ENSMUSG00000084159,289,185,167,348,268,163
ENSMUSG00000023011,43,49,40,37,40,16
ENSMUSG00000040855,95,80,71,52,44,40
ENSMUSG00000034575,670,568,426,279,235,307
ENSMUSG00000083505,9,12,8,18,26,20
ENSMUSG00000034342,10248,11160,8116,4891,3495,5786
ENSMUSG00000045665,835,584,535,392,277,532
ENSMUSG00000041025,398,361,302,186,116,177
ENSMUSG00000037606,1690,1604,1210,347,301,329
ENSMUSG00000079543,2203,1470,1645,700,781,474
ENSMUSG00000023089,557,403,377,447,222,517
ENSMUSG00000038582,2661,2346,1832,1042,792,1137
ENSMUSG00000038155,232,173,156,56,25,41
ENSMUSG00000005732,2484,1671,1539,3560,2447,3950
ENSMUSG00000032251,90,81,63,188,137,337
ENSMUSG00000090272,25246,21266,15255,9143,5921,9080
ENSMUSG00000006732,829,690,533,1378,1105,1985
ENSMUSG00000046668,1940,1600,1207,681,438,860
ENSMUSG00000018169,1873,1793,1240,709,542,760
ENSMUSG00000084088,60,66,36,33,22,33
ENSMUSG00000051022,592,523,414,321,338,143
ENSMUSG00000041734,11,16,13,18,31,9
ENSMUSG00000025776,53,57,56,39,18,17
ENSMUSG00000027978,217,144,88,74,70,117
ENSMUSG00000024856,2007,1523,1207,798,415,833
ENSMUSG00000054434,342,312,213,177,120,210
ENSMUSG00000004668,160,68,40,34,44,46
ENSMUSG00000006241,5,6,5,25,28,23
ENSMUSG00000018659,964,726,583,450,278,559
ENSMUSG00000039197,623,393,410,768,451,1130
ENSMUSG00000028530,22545,20278,14738,8392,6490,7953
ENSMUSG00000009863,2868,2072,1930,1322,837,1728
ENSMUSG00000020388,90,59,72,49,29,42
ENSMUSG00000015882,2700,2502,1947,1168,943,1481
ENSMUSG00000106031,45,51,38,10,4,6
ENSMUSG00000022677,966,767,615,374,229,506
ENSMUSG00000018570,80,66,52,30,21,32
ENSMUSG00000018593,248,169,223,186,98,147
ENSMUSG00000113508,313,248,125,673,649,487
ENSMUSG00000041378,37,24,50,12,5,15
ENSMUSG00000022292,2653,2286,1803,903,716,1083
ENSMUSG00000041431,636,327,328,152,69,125
ENSMUSG00000064065,2388,1916,1454,878,737,796
ENSMUSG00000037921,1965,1516,1342,502,425,601
ENSMUSG00000075268,92,42,33,52,39,45
ENSMUSG00000096764,226,279,162,87,47,87
ENSMUSG00000046049,5,2,7,13,14,2
ENSMUSG00000023913,1900,1398,1173,1416,532,797
ENSMUSG00000042784,30,22,18,13,11,3
ENSMUSG00000040054,9445,9230,6758,3860,2862,3002
ENSMUSG00000094595,104,80,46,38,24,21
ENSMUSG00000015671,3265,2335,2310,1772,1061,2184
ENSMUSG00000102218,27,10,12,8,1,13
ENSMUSG00000020812,416,376,295,477,417,715
ENSMUSG00000046006,739,534,414,100,63,61
ENSMUSG00000027351,824,705,658,516,308,701
ENSMUSG00000020092,123,119,121,57,60,75
ENSMUSG00000027506,4409,3650,2949,1655,1204,1956
ENSMUSG00000030247,31,20,10,10,11,10
ENSMUSG00000023151,10,12,5,10,16,13
ENSMUSG00000040918,210,145,175,3922,2816,6552
ENSMUSG00000018927,634,372,362,311,168,274
ENSMUSG00000021590,13,23,14,5,1,10
ENSMUSG00000040797,54,64,49,71,85,29
ENSMUSG00000068856,1545,1142,847,923,622,1156
ENSMUSG00000046550,27,16,32,3,6,2
ENSMUSG00000012422,3515,2797,2284,1578,1188,2329
ENSMUSG00000020878,3,11,4,14,9,8
ENSMUSG00000028443,195,114,101,105,61,148
ENSMUSG00000092534,8,6,0,39,19,7
ENSMUSG00000081943,3,6,7,19,15,5
ENSMUSG00000043498,29,35,37,47,75,21
ENSMUSG00000022956,2889,1981,1793,1916,1141,2293
ENSMUSG00000045065,47,38,37,15,15,14
ENSMUSG00000082087,11,9,2,9,7,4
ENSMUSG00000028898,1243,956,835,1017,667,1151
ENSMUSG00000020737,3645,2964,2508,1305,880,2192
ENSMUSG00000054203,648,429,470,137,114,248
ENSMUSG00000021997,27,32,21,77,108,37
ENSMUSG00000005836,8,7,11,15,6,5
ENSMUSG00000038725,199,117,62,17,20,29
ENSMUSG00000043633,31,22,10,28,28,9
ENSMUSG00000007039,121,71,67,48,37,46
ENSMUSG00000068105,10494,8179,6505,4011,2985,4846
ENSMUSG00000054920,1276,1028,970,659,375,515
ENSMUSG00000040838,1,2,2,4,12,11
ENSMUSG00000042487,1020,770,601,1698,1379,2009
ENSMUSG00000060716,257,206,126,424,320,723
ENSMUSG00000038024,2721,2329,1919,924,619,1092
ENSMUSG00000028560,3184,2095,2013,1597,1196,1327
ENSMUSG00000025481,0,0,0,14,24,6
ENSMUSG00000028896,938,649,678,654,464,852
ENSMUSG00000090963,1131,973,772,512,369,823
ENSMUSG00000022237,621,563,399,1206,1234,1251
ENSMUSG00000026548,235,126,134,91,55,143
ENSMUSG00000025766,1095,976,720,345,271,358
ENSMUSG00000036040,32,63,19,66,61,30
ENSMUSG00000045662,3,7,4,14,14,7
ENSMUSG00000025912,806,348,476,1643,1167,2669
ENSMUSG00000020918,1641,1352,999,1388,1011,1774
ENSMUSG00000027560,8,9,5,56,58,14
ENSMUSG00000019066,426,354,273,182,141,105
ENSMUSG00000021048,2266,1570,1328,6376,4476,9277
ENSMUSG00000080941,0,0,0,0,0,0
ENSMUSG00000042606,753,598,466,1164,915,1421
ENSMUSG00000036902,80,72,42,214,169,411
ENSMUSG00000067017,73,59,54,41,5,30
ENSMUSG00000073448,77,52,43,23,16,38
ENSMUSG00000038871,1195,521,342,479,282,440
ENSMUSG00000043243,4978,4158,3166,9397,6991,17980
ENSMUSG00000025129,12,4,12,15,17,30
ENSMUSG00000044220,12,15,7,11,5,4
ENSMUSG00000062438,9,3,4,13,16,4
ENSMUSG00000023015,1052,706,584,351,260,329
ENSMUSG00000106350,25,13,11,126,189,108
ENSMUSG00000081614,17,12,13,7,4,6
ENSMUSG00000026167,119,81,50,196,170,521
ENSMUSG00000029428,560,439,331,119,100,108
ENSMUSG00000066443,5638,3134,3590,970,336,1425
ENSMUSG00000093930,1468,1101,1230,928,667,1068
ENSMUSG00000027699,462,324,234,135,75,168
ENSMUSG00000024013,7879,7066,5493,1537,1045,1947
ENSMUSG00000004988,131,82,63,185,233,135
ENSMUSG00000038020,124,140,81,148,129,99
ENSMUSG00000044456,6511,5998,3994,1423,1028,1249
ENSMUSG00000051817,90,66,50,93,75,113
ENSMUSG00000023873,203,187,121,77,61,67
ENSMUSG00000040533,4,2,7,208,170,447
ENSMUSG00000082724,76,74,70,14,24,38
ENSMUSG00000066810,74,86,33,123,183,44
ENSMUSG00000039646,1795,1852,1354,1400,889,1837
ENSMUSG00000021867,114,89,73,32,13,42
ENSMUSG00000021986,15,18,4,19,21,4
ENSMUSG00000025647,35056,27931,20681,8736,5743,9407
ENSMUSG00000020175,31,24,18,24,16,5
ENSMUSG00000028719,3332,2407,2269,1415,835,1457
ENSMUSG00000006344,214,204,162,108,85,85
ENSMUSG00000060548,103,65,74,75,46,107
ENSMUSG00000026073,58,29,21,52,83,53
ENSMUSG00000074978,16,19,14,14,5,10
ENSMUSG00000029507,901,660,538,859,691,1185
ENSMUSG00000028840,452,342,287,469,345,527
ENSMUSG00000004612,233,144,142,105,120,192
ENSMUSG00000000168,1263,980,833,570,420,938
ENSMUSG00000098426,60,38,29,26,35,21
ENSMUSG00000026176,4525,3628,2983,1860,1196,1728
ENSMUSG00000047844,24,6,14,1,6,0
ENSMUSG00000020125,24,6,10,2,1,1
ENSMUSG00000105395,112,85,70,43,27,54
ENSMUSG00000096100,48,23,34,4,7,3
ENSMUSG00000028426,6735,4850,4074,4418,2983,4018
ENSMUSG00000021091,1,5,0,2,13,7
ENSMUSG00000049396,697,572,366,689,461,935
ENSMUSG00000025076,811,585,533,957,597,1390
ENSMUSG00000027398,769,435,490,314,390,433
ENSMUSG00000025473,334,201,171,547,505,852
ENSMUSG00000097239,27,44,39,31,15,37
ENSMUSG00000083307,57,30,34,28,7,23
ENSMUSG00000029521,1940,1456,874,3357,2994,4562
ENSMUSG00000030878,764,532,325,339,303,325
ENSMUSG00000011154,7,13,8,22,39,14
ENSMUSG00000070298,26,26,16,82,114,63
ENSMUSG00000092072,23,21,38,22,10,0
ENSMUSG00000025730,599,568,427,999,706,1630
ENSMUSG00000001496,22,18,15,41,67,14
ENSMUSG00000027752,1952,1459,1212,1042,674,1427
ENSMUSG00000039183,1123,812,739,677,485,882
ENSMUSG00000096606,72,61,65,38,22,14
ENSMUSG00000081250,14,12,8,2,1,5
ENSMUSG00000019054,2781,2048,2076,1210,663,1449
ENSMUSG00000094574,9,5,2,6,3,1
ENSMUSG00000022856,82,57,56,90,57,148
ENSMUSG00000070823,528,566,385,240,230,196
ENSMUSG00000000204,937,325,294,315,441,456
ENSMUSG00000022122,34,27,15,64,86,68
ENSMUSG00000082103,7,3,11,3,7,5
ENSMUSG00000051674,432,384,268,161,106,153
ENSMUSG00000030067,32806,29684,20014,11502,8871,10173
ENSMUSG00000010663,392,271,354,158,88,132
ENSMUSG00000029798,3009,2615,2228,1106,843,1133
ENSMUSG00000032288,1301,991,923,538,339,790
ENSMUSG00000028173,1287,1144,816,458,357,425
ENSMUSG00000027944,1258,947,806,896,562,1212
ENSMUSG00000020908,4,1,3,32,40,12
ENSMUSG00000031700,172,165,123,104,71,95
ENSMUSG00000024164,1846,1211,1025,1160,543,872
ENSMUSG00000062184,27,47,32,34,19,39
ENSMUSG00000026603,291,218,201,377,268,528
ENSMUSG00000025572,3165,2984,1969,1353,1103,1976
ENSMUSG00000004266,29407,22652,16922,11487,7359,10338
ENSMUSG00000034786,2011,1672,1187,563,333,494
ENSMUSG00000044763,1944,1392,1214,1123,804,1473
ENSMUSG00000094027,10,8,9,4,3,11
ENSMUSG00000024713,19,33,11,49,49,16
ENSMUSG00000002064,1294,1157,968,478,334,540
ENSMUSG00000082029,30,27,21,14,0,6
ENSMUSG00000060992,2739,1931,1735,1306,756,1916
ENSMUSG00000024301,159,155,86,263,196,420
ENSMUSG00000068587,61,27,18,25,57,25
ENSMUSG00000032002,2113,1630,1260,1039,639,1337
ENSMUSG00000078611,0,0,0,7,8,2
ENSMUSG00000083614,16,21,10,9,2,10
ENSMUSG00000027463,64,69,44,19,17,25
ENSMUSG00000109448,1,1,3,11,27,16
ENSMUSG00000076578,28,13,18,5,7,2
ENSMUSG00000036186,175,119,82,100,83,127
ENSMUSG00000044719,23,8,13,34,36,23
ENSMUSG00000005413,16712,8353,14633,14033,6206,10593
ENSMUSG00000039358,44,39,33,5,13,7
ENSMUSG00000110206,1388,1292,886,542,399,452
ENSMUSG00000020128,5422,4488,3515,1839,1390,2284
ENSMUSG00000038564,1918,1840,1125,484,363,502
ENSMUSG00000095427,4,0,11,18,7,3
ENSMUSG00000054640,1074,839,941,657,340,469
ENSMUSG00000042770,1037,739,829,578,253,557
ENSMUSG00000063193,183,142,138,116,66,132
ENSMUSG00000107833,81,91,73,22,29,35
ENSMUSG00000004552,1427,968,677,409,294,380
ENSMUSG00000031790,16,9,9,20,30,23
ENSMUSG00000090186,40,46,34,13,4,18
ENSMUSG00000044165,58,39,40,148,132,119
ENSMUSG00000028718,367,190,171,113,70,78
ENSMUSG00000035722,4264,4341,2828,1279,884,1191
ENSMUSG00000027361,2089,1787,1341,3610,3050,4127
ENSMUSG00000082190,18,19,12,16,1,7
ENSMUSG00000107145,46,36,28,19,19,36
ENSMUSG00000025348,7,2,4,11,14,9
ENSMUSG00000031328,40438,36125,29566,11558,6677,11228
ENSMUSG00000013236,945,783,573,1278,889,2014
ENSMUSG00000027180,2804,2342,1960,963,693,1219
ENSMUSG00000040688,1718,1399,1166,1701,1261,2393
ENSMUSG00000063931,1201,1067,864,1188,786,1838
ENSMUSG00000056679,40,22,13,43,36,17
ENSMUSG00000007122,9,11,4,27,33,14
ENSMUSG00000042810,1974,1907,1317,671,536,688
ENSMUSG00000030037,308,251,220,130,84,188
ENSMUSG00000001786,1552,1326,1074,506,421,695
ENSMUSG00000040543,19,29,9,17,20,6
ENSMUSG00000037031,608,488,333,138,105,156
ENSMUSG00000031517,80,45,57,26,17,2
ENSMUSG00000020183,3189,2623,1701,598,399,715
ENSMUSG00000062038,168,95,94,113,30,59
ENSMUSG00000079657,103,72,51,92,60,168
ENSMUSG00000083827,145,124,123,38,24,29
ENSMUSG00000081513,13,15,3,15,6,1
ENSMUSG00000051497,751,794,719,567,309,305
ENSMUSG00000048644,11,12,8,91,58,183
ENSMUSG00000000157,58,17,4,9,10,10
ENSMUSG00000038357,386,131,59,21,35,61
ENSMUSG00000095761,107,230,66,90,128,27
ENSMUSG00000071552,266,229,211,510,605,194
ENSMUSG00000059108,172,81,70,34,29,40
ENSMUSG00000053310,106,76,57,65,32,31
ENSMUSG00000035448,2590,2218,2648,1479,659,1266
ENSMUSG00000000378,6160,5404,4152,2413,1635,2689
ENSMUSG00000078795,3,6,2,5,13,2
ENSMUSG00000029727,17,30,13,11,15,10
ENSMUSG00000050732,2488,1920,1792,843,477,787
ENSMUSG00000020609,0,0,0,6,11,1
ENSMUSG00000039865,121,114,64,59,50,31
ENSMUSG00000113640,485,476,351,159,106,222
ENSMUSG00000070476,48,27,34,47,33,16
ENSMUSG00000105727,7,10,5,1,0,4
ENSMUSG00000058587,11189,8870,7170,3206,2127,3479
ENSMUSG00000023828,17,19,12,4,6,1
ENSMUSG00000030612,715,495,401,530,394,574
ENSMUSG00000032454,0,0,0,9,3,19
ENSMUSG00000042474,25872,19673,14031,6913,3993,6249
ENSMUSG00000030149,695,512,560,229,335,588
ENSMUSG00000022346,1649,1380,966,1704,2543,1125
ENSMUSG00000084064,37,24,15,14,12,12
ENSMUSG00000038845,1960,1468,1486,2501,1503,3134
ENSMUSG00000027408,11,8,3,20,32,14
ENSMUSG00000025591,1600,1338,1014,1948,1658,1834
ENSMUSG00000008036,1578,1236,1094,673,354,785
ENSMUSG00000058748,1079,898,703,2526,2104,3556
ENSMUSG00000001131,10,6,12,21,24,8
ENSMUSG00000082530,48,67,33,49,60,28
ENSMUSG00000067058,98,63,50,31,37,36
ENSMUSG00000095280,10,42,76,5995,11494,20
ENSMUSG00000023995,169,80,42,25,22,34
ENSMUSG00000021024,2324,1726,1497,1457,1052,1985
ENSMUSG00000029196,1481,1258,911,557,427,560
ENSMUSG00000079707,61,40,53,94,54,173
ENSMUSG00000032489,665,546,411,189,166,134
ENSMUSG00000022913,437,311,301,429,298,519
ENSMUSG00000063656,22,5,6,3,9,8
ENSMUSG00000009654,6,7,22,8,4,5
ENSMUSG00000095571,3899,2037,1076,894,1201,454
ENSMUSG00000031951,168,128,97,34,20,23
ENSMUSG00000053819,12855,11464,9277,5074,3344,5074
ENSMUSG00000052544,584,548,444,164,148,104
ENSMUSG00000052563,232,192,142,44,30,21
ENSMUSG00000044199,3456,3002,2217,425,280,502
ENSMUSG00000026430,6143,4793,3910,2226,1496,2360
ENSMUSG00000031881,1,2,2,11,12,4
ENSMUSG00000039032,134,135,109,43,76,33
ENSMUSG00000037989,13,8,8,8,20,3
ENSMUSG00000028845,6,5,4,17,17,23
ENSMUSG00000082561,27,32,17,10,13,19
ENSMUSG00000062524,367,239,260,101,136,236
ENSMUSG00000043832,825,645,637,327,133,243
ENSMUSG00000022309,68,30,51,30,20,27
ENSMUSG00000027341,1024,896,630,374,268,610
ENSMUSG00000007950,498,373,281,174,103,239
ENSMUSG00000058952,1,2,0,10,14,12
ENSMUSG00000047246,2495,1545,1639,711,536,1353
ENSMUSG00000040888,735,608,505,1804,1193,2644
ENSMUSG00000024317,1017,861,709,474,338,600
ENSMUSG00000027204,46,45,32,49,55,30
ENSMUSG00000061724,17,11,29,0,0,0
ENSMUSG00000031706,1771,1885,1244,606,524,589
ENSMUSG00000069310,2475,1324,1557,480,218,429
ENSMUSG00000041779,1188,1168,818,419,351,263
ENSMUSG00000029672,3422,2850,2209,876,618,911
ENSMUSG00000003541,45,12,11,28,28,39
ENSMUSG00000044067,437,536,422,225,160,319
ENSMUSG00000000171,1811,1360,1297,778,510,1350
ENSMUSG00000029771,8788,7182,5479,2468,1998,2994
ENSMUSG00000078532,1,3,2,8,8,7
ENSMUSG00000062901,13969,12470,9401,3512,2509,5074
ENSMUSG00000024064,100,74,54,67,45,34
ENSMUSG00000036594,106120,77655,68779,25579,17298,25446
ENSMUSG00000058486,2113,1855,1439,3571,2491,5546
ENSMUSG00000032911,2,1,0,15,13,1
ENSMUSG00000009575,5893,4567,3724,3094,2037,4354
ENSMUSG00000061371,1040,984,702,371,315,608
ENSMUSG00000003559,918,705,573,372,224,434
ENSMUSG00000028409,4268,3184,2698,2898,2039,3604
ENSMUSG00000033854,33,43,20,189,188,276
ENSMUSG00000015354,367,326,222,125,66,113
ENSMUSG00000035049,1252,1068,805,2387,1932,3031
ENSMUSG00000028138,2851,2262,1880,3154,2089,4874
ENSMUSG00000091228,1114,903,904,1822,1045,2416
ENSMUSG00000044534,1067,815,655,154,96,115
ENSMUSG00000040631,147,144,104,55,42,63
ENSMUSG00000022651,171,72,50,94,99,86
ENSMUSG00000078180,73,42,35,28,12,31
ENSMUSG00000039981,5443,4338,3488,1965,1271,1975
ENSMUSG00000082838,240,321,313,173,144,354
ENSMUSG00000041444,423,411,373,261,201,224
ENSMUSG00000034438,2126,1808,1627,793,665,640
ENSMUSG00000103986,21,17,19,8,8,5
ENSMUSG00000037426,4227,3935,2934,8386,6052,12211
ENSMUSG00000028893,465,419,334,4939,3401,6479
ENSMUSG00000055748,6,6,5,54,95,36
ENSMUSG00000024732,824,572,469,1253,1144,1448
ENSMUSG00000094935,55,21,15,28,0,19
ENSMUSG00000026827,3469,2810,2357,1129,889,1382
ENSMUSG00000081051,4257,2514,2564,1734,1540,127
ENSMUSG00000023072,1753,1562,1131,535,445,576
ENSMUSG00000052040,8435,8074,5622,2853,2022,2525
ENSMUSG00000040813,797,690,560,304,204,328
ENSMUSG00000048497,915,822,613,277,223,322
ENSMUSG00000067038,33047,30614,28212,7642,5317,31776
ENSMUSG00000044377,5,0,0,0,0,2
ENSMUSG00000043110,20,22,13,9,18,6
ENSMUSG00000026664,1628,1244,1075,372,252,409
ENSMUSG00000058006,17625,16093,11259,42781,35637,63165
ENSMUSG00000064246,134,50,38,31,43,36
ENSMUSG00000090946,2137,1659,1339,479,289,481
ENSMUSG00000040345,3186,2696,2092,709,510,723
ENSMUSG00000031112,2126,1849,1561,333,210,589
ENSMUSG00000014867,4157,3230,2858,1771,1117,2094
ENSMUSG00000079359,62,48,48,510,485,26
ENSMUSG00000012428,248,101,73,42,56,35
ENSMUSG00000042029,1596,1082,1177,520,308,514
ENSMUSG00000076580,1161,960,843,1521,342,541
ENSMUSG00000031146,1680,1237,1045,327,225,265
ENSMUSG00000055044,746,626,441,246,181,260
ENSMUSG00000056724,2739,2587,1668,1090,927,950
ENSMUSG00000058099,2230,1819,1545,773,491,678
ENSMUSG00000050721,4091,3213,2532,6089,4369,6259
ENSMUSG00000061311,241,249,114,5,6,2
ENSMUSG00000075592,22,17,20,12,22,14
ENSMUSG00000030541,1199,813,820,539,266,553
ENSMUSG00000059995,2880,2403,1970,1345,998,1830
ENSMUSG00000052334,0,1,3,9,16,0
ENSMUSG00000078762,1662,1334,990,574,399,705
ENSMUSG00000026255,27,15,20,17,11,10
ENSMUSG00000026700,9,17,9,1536,1067,2901
ENSMUSG00000080712,177,97,124,56,35,51
ENSMUSG00000007739,6973,5207,4469,4852,3245,6419
ENSMUSG00000064326,333,208,200,335,210,548
ENSMUSG00000036073,809,728,510,283,184,336
ENSMUSG00000074607,35,21,39,35,33,11
ENSMUSG00000022899,2705,3103,1286,847,1554,1117
ENSMUSG00000020216,8,5,2,9,11,3
ENSMUSG00000020876,2503,2328,1694,2270,1561,3391
ENSMUSG00000018844,25,17,17,19,21,16
ENSMUSG00000031355,638,525,378,296,193,288
ENSMUSG00000079853,63,44,37,17,14,32
ENSMUSG00000051412,674,524,560,216,157,449
ENSMUSG00000094054,13,11,14,13,8,0
ENSMUSG00000020961,139,130,97,98,103,63
ENSMUSG00000027130,24947,22187,15675,6379,4953,7671
ENSMUSG00000026342,300,237,203,114,65,80
ENSMUSG00000020708,1875,1328,1164,1539,963,1735
ENSMUSG00000094117,735,702,402,1508,178,200
ENSMUSG00000037827,133,122,66,55,34,7
ENSMUSG00000106453,1,0,0,7,11,1
ENSMUSG00000020610,1126,859,683,291,226,370
ENSMUSG00000015112,167,93,91,123,95,150
ENSMUSG00000030921,13425,10698,9172,4560,3301,8161
ENSMUSG00000045954,140,119,145,73,55,75
ENSMUSG00000022240,42,31,33,21,25,15
ENSMUSG00000083012,1125,836,668,535,365,592
ENSMUSG00000033721,1696,1408,1145,719,417,678
ENSMUSG00000031586,316,289,172,136,104,103
ENSMUSG00000099951,0,0,0,2,21,0
ENSMUSG00000032123,508,389,307,248,163,305
ENSMUSG00000002107,15515,14058,10436,4467,2933,4251
ENSMUSG00000044018,709,508,438,464,327,575
ENSMUSG00000093865,0,0,0,8,16,4
ENSMUSG00000021990,4460,3900,2831,1248,932,1037
ENSMUSG00000084261,6,3,1,55,43,49
ENSMUSG00000076917,16,16,8,14,21,11
ENSMUSG00000030315,1941,1633,1333,668,541,781
ENSMUSG00000032035,44445,38606,27356,10423,7905,8481
ENSMUSG00000022901,3421,2696,2520,1201,908,1373
ENSMUSG00000023367,277,213,158,118,98,98
ENSMUSG00000025701,76,22,25,63,41,39
ENSMUSG00000028328,96,43,27,31,33,5
ENSMUSG00000017146,1053,645,507,367,227,351
ENSMUSG00000026656,6742,5728,4418,2517,1865,2270
ENSMUSG00000101082,1,0,1,20,30,7
ENSMUSG00000034758,18,26,12,23,21,32
ENSMUSG00000038646,898,884,749,372,222,471
ENSMUSG00000032766,43,28,29,19,4,35
ENSMUSG00000002346,567,535,381,1370,1092,1634
ENSMUSG00000042763,73,58,32,53,45,43
ENSMUSG00000060811,17,15,9,20,13,32
ENSMUSG00000023886,33,35,25,26,21,25
ENSMUSG00000090164,2738,2005,1905,6701,4377,7806
ENSMUSG00000076677,3618,4520,2055,2462,2585,1143
ENSMUSG00000041439,735,571,469,366,274,209
ENSMUSG00000102918,54,50,19,283,162,432
ENSMUSG00000096201,5,22,29,2659,5543,0
ENSMUSG00000023330,250,163,135,133,88,196
ENSMUSG00000045095,68,54,50,71,57,27
ENSMUSG00000029166,118,125,59,62,68,43
ENSMUSG00000020010,211,211,145,77,44,74
ENSMUSG00000045232,50,38,21,6,8,2
ENSMUSG00000031129,1404,1219,1120,585,346,434
ENSMUSG00000041915,2031,1951,1417,830,573,967
ENSMUSG00000020785,155,119,93,39,29,39
ENSMUSG00000071252,196,129,139,53,40,63
ENSMUSG00000022878,1,3,4,11,19,18
ENSMUSG00000030409,544,472,348,264,174,305
ENSMUSG00000065979,362,322,302,929,656,1094
ENSMUSG00000048965,1364,1211,817,943,881,470
ENSMUSG00000061833,5,13,19,47,22,8
ENSMUSG00000084235,49,52,21,126,67,173
ENSMUSG00000081492,127,118,96,48,46,58
ENSMUSG00000042613,5491,5067,3407,2609,1728,2475
ENSMUSG00000057836,196,105,71,192,95,65
ENSMUSG00000051839,540,196,73,22,27,23
ENSMUSG00000057135,439,313,270,56,33,71
ENSMUSG00000096054,2461,2137,1649,993,848,939
ENSMUSG00000042073,285,319,169,114,59,132
ENSMUSG00000027459,185,165,113,253,164,397
ENSMUSG00000008333,1663,1149,1040,856,528,1141
ENSMUSG00000090306,7,10,4,18,33,2
ENSMUSG00000028434,63,29,16,26,24,34
ENSMUSG00000031877,212,89,84,33,41,32
ENSMUSG00000010047,281,191,183,282,150,319
ENSMUSG00000011257,3875,3003,2100,4814,3436,4826
ENSMUSG00000023806,310,270,192,107,63,88
ENSMUSG00000024588,1362,753,577,330,247,332
ENSMUSG00000033355,1122,638,811,338,231,472
ENSMUSG00000068220,984,535,688,304,233,327
ENSMUSG00000009090,4370,3521,2778,1545,1106,1922
ENSMUSG00000100152,18,14,18,11,7,2
ENSMUSG00000020857,4285,2682,2906,4116,2509,6306
ENSMUSG00000046085,160,166,97,52,33,63
ENSMUSG00000025428,18134,12553,11643,11562,7191,13853
ENSMUSG00000027171,283,264,176,4799,3086,6745
ENSMUSG00000105277,32,41,71,5,9,9
ENSMUSG00000032816,10,11,5,29,31,25
ENSMUSG00000064288,1373,674,894,233,118,258
ENSMUSG00000083380,844,527,504,724,451,551
ENSMUSG00000000346,9759,7004,6368,3416,1979,4236
ENSMUSG00000113949,708,609,432,261,188,288
ENSMUSG00000075284,6270,5747,4021,2138,1358,1954
ENSMUSG00000076540,332,397,156,72,64,72
ENSMUSG00000021384,1747,1418,1249,314,183,272
ENSMUSG00000038900,3391,2719,2394,3088,2325,4743
ENSMUSG00000021061,822,614,251,139,207,155
ENSMUSG00000050666,355,321,279,115,28,81
ENSMUSG00000044350,834,548,523,2998,2169,3846
ENSMUSG00000002617,630,549,412,248,159,316
ENSMUSG00000032231,1281,672,808,386,243,407
ENSMUSG00000082429,25,19,25,15,6,8
ENSMUSG00000032718,30,21,11,14,16,10
ENSMUSG00000043549,11,14,2,29,33,12
ENSMUSG00000025265,28,17,8,34,42,20
ENSMUSG00000090035,2038,1719,1271,769,533,852
ENSMUSG00000089865,0,19,0,12,24,0
ENSMUSG00000020639,4,1,3,5,1,5
ENSMUSG00000037185,110,59,58,102,38,36
ENSMUSG00000095683,87,122,81,53,39,29
ENSMUSG00000063383,170,127,125,58,39,71
ENSMUSG00000068014,35,57,75,43,24,21
ENSMUSG00000026814,150,92,105,304,229,499
ENSMUSG00000057337,16873,15331,10507,4274,3043,4884
ENSMUSG00000028798,4444,3220,3070,2817,1918,4099
ENSMUSG00000038175,5862,4894,3749,1252,896,1270
ENSMUSG00000030045,1332,1029,788,1046,784,1241
ENSMUSG00000030867,292,164,149,101,82,62
ENSMUSG00000041215,2106,1723,1320,3363,2424,4999
ENSMUSG00000024042,1762,2044,1648,6615,6716,8174
ENSMUSG00000034177,367,307,204,116,107,96
ENSMUSG00000004897,3627,2574,2148,3867,2571,4739
ENSMUSG00000006476,761,674,517,227,171,311
ENSMUSG00000021118,37,22,12,19,10,19
ENSMUSG00000039057,2,0,0,7,11,1
ENSMUSG00000032053,19077,16775,11596,6604,5143,6720
ENSMUSG00000032224,212,227,173,483,675,174
ENSMUSG00000071369,5827,5263,3713,2070,1819,1742
ENSMUSG00000063885,14,8,6,22,14,6
ENSMUSG00000022748,102,64,58,247,145,355
ENSMUSG00000067212,15226,12144,10154,4227,2963,4948
ENSMUSG00000079382,19,9,12,10,14,2
ENSMUSG00000025491,259,51,83,66,110,65
ENSMUSG00000009350,127,110,76,85,100,58
ENSMUSG00000067719,233,192,93,166,137,0
ENSMUSG00000083435,354,429,269,192,163,183
ENSMUSG00000027195,1765,1205,1263,1351,876,1901
ENSMUSG00000020326,5196,3938,3559,31376,20365,43349
ENSMUSG00000096696,634,613,448,231,153,257
ENSMUSG00000032046,2702,2284,1859,1015,538,1068
ENSMUSG00000049649,2,1,0,17,17,5
ENSMUSG00000014776,30,42,13,14,29,19
ENSMUSG00000019295,937,708,530,302,214,423
ENSMUSG00000031246,4726,3775,3512,1083,624,1374
ENSMUSG00000051314,1085,730,629,197,120,107
ENSMUSG00000027469,1041,507,530,247,153,163
ENSMUSG00000026879,3324,2384,2171,386,260,379
ENSMUSG00000053477,13530,11018,8343,4044,3068,3618
ENSMUSG00000043932,266,162,197,88,144,248
ENSMUSG00000063660,627,619,364,137,90,60
ENSMUSG00000022705,27,29,23,7,10,5
ENSMUSG00000032750,744,660,494,348,341,322
ENSMUSG00000054400,890,779,580,272,180,304
ENSMUSG00000027750,44,16,16,26,14,22
ENSMUSG00000033379,2744,2296,1914,1087,600,1381
ENSMUSG00000021646,592,532,426,175,125,124
ENSMUSG00000074635,27,29,20,70,78,13
ENSMUSG00000054766,11079,8137,6742,10198,6762,13179
ENSMUSG00000038473,65,74,38,55,35,26
ENSMUSG00000038481,4146,3597,2783,1372,880,1337
ENSMUSG00000034926,400,285,366,369,251,427
ENSMUSG00000040389,979,878,651,246,216,333
ENSMUSG00000024039,11,12,7,45,32,64
ENSMUSG00000097012,219,212,112,130,22,98
ENSMUSG00000021123,2097,1957,1371,520,411,372
ENSMUSG00000029661,82,110,49,114,119,87
ENSMUSG00000034275,7,8,3,27,33,11
ENSMUSG00000106038,77,58,38,125,167,39
ENSMUSG00000089651,202,212,119,76,61,73
ENSMUSG00000031840,295,278,206,93,85,106
ENSMUSG00000079009,15,19,13,2,6,4
ENSMUSG00000102817,6,4,5,29,34,11
ENSMUSG00000081855,179,60,66,112,44,31
ENSMUSG00000008167,306,256,211,592,446,1022
ENSMUSG00000047298,2,0,0,6,12,6
ENSMUSG00000069301,983,440,637,250,134,193
ENSMUSG00000022820,348,290,233,214,107,285
ENSMUSG00000019487,196,187,137,114,71,86
ENSMUSG00000052736,299,277,254,182,286,514
ENSMUSG00000067341,4739,3738,3072,907,745,851
ENSMUSG00000028238,57,47,29,45,57,19
ENSMUSG00000095976,87,122,81,53,39,29
ENSMUSG00000052565,5114,2499,2734,1618,1174,2561
ENSMUSG00000054342,1134,895,625,403,338,265
ENSMUSG00000000318,43,37,34,21,26,35
ENSMUSG00000027082,270,194,191,109,115,158
ENSMUSG00000011752,2765,1970,1836,1883,1227,2807
ENSMUSG00000030518,5,3,5,18,11,17
ENSMUSG00000041608,26,8,4,17,31,18
ENSMUSG00000001103,26,12,16,14,14,14
ENSMUSG00000030680,235,427,132,215,208,85
ENSMUSG00000026177,2480,1984,2323,1611,740,1155
ENSMUSG00000089762,15,16,7,207,148,375
ENSMUSG00000014873,1476,1159,841,1400,1110,1461
ENSMUSG00000055447,9648,9032,7085,3785,2790,3032
ENSMUSG00000030125,25,30,14,6,9,3
ENSMUSG00000040502,84,64,54,26,28,32
ENSMUSG00000040824,2019,1375,1433,1163,640,1936
ENSMUSG00000037278,332,251,253,198,132,301
ENSMUSG00000027584,13,9,9,19,22,26
ENSMUSG00000076608,1015,753,539,439,352,267
ENSMUSG00000062995,57,33,17,66,69,29
ENSMUSG00000033278,1049,959,965,566,257,341
ENSMUSG00000055128,527,439,343,174,148,181
ENSMUSG00000056987,9,10,1,19,31,30
ENSMUSG00000107877,74,72,44,137,117,145
ENSMUSG00000028980,1213,946,736,454,278,424
ENSMUSG00000035242,8061,5855,5295,3356,1856,4432
ENSMUSG00000099660,251,351,245,353,259,237
ENSMUSG00000026181,1613,1298,1111,804,515,1153
ENSMUSG00000037822,10539,9608,6760,1849,1220,2000
ENSMUSG00000015468,277,237,169,93,89,129
ENSMUSG00000081473,14,19,3,9,5,9
ENSMUSG00000040722,279,192,237,164,81,135
ENSMUSG00000027108,1821,1305,1156,1895,1198,2540
ENSMUSG00000017057,456,370,332,243,157,185
ENSMUSG00000083585,6,5,4,19,8,19
ENSMUSG00000008450,230,133,128,159,118,309
ENSMUSG00000021998,56689,42706,36578,28813,18281,28427
ENSMUSG00000029177,1905,1682,1192,744,579,744
ENSMUSG00000022554,610,500,449,530,423,672
ENSMUSG00000057191,4835,3818,3343,872,458,849
ENSMUSG00000022504,22638,20106,14759,9664,6352,9128
ENSMUSG00000024758,3013,2611,2105,1136,724,1074
ENSMUSG00000008540,470,325,486,190,79,177
ENSMUSG00000052516,6,17,7,21,16,8
ENSMUSG00000025439,1748,1428,1135,1290,977,1915
ENSMUSG00000098470,0,0,0,3,7,11
ENSMUSG00000046168,197,176,145,68,40,50
ENSMUSG00000020821,2520,2150,1556,5511,3641,6794
ENSMUSG00000100405,0,2,3,0,0,0
ENSMUSG00000108052,30,39,20,38,43,22
ENSMUSG00000028795,481,414,370,155,110,105
ENSMUSG00000032066,108,97,89,40,20,46
ENSMUSG00000031983,281,233,154,115,81,107
ENSMUSG00000048188,31,0,1,121,121,17
ENSMUSG00000053746,42,43,22,116,63,139
ENSMUSG00000030521,2406,1723,1516,2975,2597,3021
ENSMUSG00000095779,14,0,7,13,21,0
ENSMUSG00000089978,114,124,55,285,480,70
ENSMUSG00000038168,154,158,80,163,121,81
ENSMUSG00000067220,33,47,38,133,198,40
ENSMUSG00000029762,17,16,8,15,13,11
ENSMUSG00000022557,1997,1603,1453,1716,1267,2482
ENSMUSG00000045094,124,88,86,78,44,30
ENSMUSG00000073434,666,620,403,186,139,232
ENSMUSG00000074166,1117,1056,809,462,309,650
ENSMUSG00000021180,1811,1763,1332,725,558,789
ENSMUSG00000083610,26,18,13,6,2,11
ENSMUSG00000040592,50946,37949,31804,10520,6422,13604
ENSMUSG00000028639,14772,9062,8311,18120,11179,14676
ENSMUSG00000039676,15,10,4,6,6,16
ENSMUSG00000005566,5737,4509,3688,3786,2665,5954
ENSMUSG00000068860,142,102,76,38,43,37
ENSMUSG00000047363,31,33,13,18,26,14
ENSMUSG00000059401,13,17,9,21,16,5
ENSMUSG00000040363,5676,4960,3404,1928,1452,1521
ENSMUSG00000062661,18,27,7,24,26,26
ENSMUSG00000089694,4,46,6,27,23,16
ENSMUSG00000030282,1508,1213,997,500,348,551
ENSMUSG00000035914,98,88,78,20,16,35
ENSMUSG00000027869,18,27,21,6,5,12
ENSMUSG00000090743,59,87,59,18,12,28
ENSMUSG00000103906,117,84,83,45,48,57
ENSMUSG00000070847,2,0,1,10,11,2
ENSMUSG00000042851,1197,1052,716,1034,851,928
ENSMUSG00000074063,112,96,86,78,51,41
ENSMUSG00000020447,3,6,4,43,50,29
ENSMUSG00000022579,15,13,17,14,9,5
ENSMUSG00000040867,101,86,76,43,49,44
ENSMUSG00000083672,54,62,45,0,0,0
ENSMUSG00000038323,569,519,415,221,146,366
ENSMUSG00000048170,4500,3995,2978,1881,1387,2252
ENSMUSG00000084138,7,9,0,6,4,2
ENSMUSG00000025103,3555,2788,2189,1295,850,1337
ENSMUSG00000031953,293,235,197,93,75,89
ENSMUSG00000018567,5678,3785,3628,2037,1129,2046
ENSMUSG00000040034,608,416,331,373,255,509
ENSMUSG00000061578,446,424,316,218,198,166
ENSMUSG00000048489,187,172,113,82,48,45
ENSMUSG00000021365,18841,14647,11621,6180,4143,6770
ENSMUSG00000045827,846,604,641,254,197,362
ENSMUSG00000032334,88,95,68,9,4,8
ENSMUSG00000019960,2947,2382,1958,947,636,1225
ENSMUSG00000062646,4077,3445,2725,1077,866,1092
ENSMUSG00000094652,828,433,398,484,1219,125
ENSMUSG00000020248,1668,1277,1045,3906,2770,5993
ENSMUSG00000031662,4873,3868,3034,9404,6239,12181
ENSMUSG00000044533,39057,26065,24678,33241,20551,42988
ENSMUSG00000050075,3346,3336,3005,3475,2458,5219
ENSMUSG00000021823,1455,1155,821,384,344,432
ENSMUSG00000007908,95,101,52,246,182,524
ENSMUSG00000042499,3,2,6,24,33,4
ENSMUSG00000082498,10,24,9,6,2,15
ENSMUSG00000047090,374,354,245,150,111,184
ENSMUSG00000056071,4477,994,1022,862,1246,1379
ENSMUSG00000081881,3,13,2,15,30,7
ENSMUSG00000028431,2801,2441,1843,2276,1799,3443
ENSMUSG00000069893,10651,9053,7279,3007,1864,3677
ENSMUSG00000027854,4465,4465,3044,1478,1077,1562
ENSMUSG00000061353,73,102,71,69,78,91
ENSMUSG00000025272,39,31,20,21,15,8
ENSMUSG00000079470,1699,1364,1402,960,700,983
ENSMUSG00000034394,30,28,18,118,100,149
ENSMUSG00000006724,20,12,14,28,52,48
ENSMUSG00000052942,418,437,405,358,184,201
ENSMUSG00000001627,1123,972,736,1211,1096,1779
ENSMUSG00000044147,14094,10143,8622,4894,3485,5184
ENSMUSG00000051457,2277,1688,1287,979,662,731
ENSMUSG00000022054,24,23,7,34,46,16
ENSMUSG00000051518,343,242,210,432,292,569
ENSMUSG00000046417,564,395,298,158,109,217
ENSMUSG00000036887,8165,6323,6651,3766,1584,2730
ENSMUSG00000045328,1398,794,731,373,209,176
ENSMUSG00000101059,0,0,0,0,0,0
ENSMUSG00000032698,5154,4060,3013,759,442,577
ENSMUSG00000082792,21,16,14,15,13,31
ENSMUSG00000018697,2110,1813,1386,2392,1958,2663
ENSMUSG00000057098,18957,17917,12916,7990,6126,6857
ENSMUSG00000049583,272,343,227,160,170,117
ENSMUSG00000076749,22,14,8,3,19,11
ENSMUSG00000022235,379,286,313,107,64,130
ENSMUSG00000075014,92,1562,3222,588450,1171830,225
ENSMUSG00000029591,423,377,291,255,266,322
ENSMUSG00000107627,19,15,10,7,6,6
ENSMUSG00000086688,5,9,8,10,11,2
ENSMUSG00000036718,67,44,26,112,79,162
ENSMUSG00000095440,16,16,8,17,10,8
ENSMUSG00000029713,5389,4224,3351,1883,1079,1787
ENSMUSG00000031708,2254,1746,1357,881,533,942
ENSMUSG00000001380,2123,1625,1360,1527,1059,1834
ENSMUSG00000059734,1818,1135,1217,875,517,1043
ENSMUSG00000062545,238,201,137,59,45,72
ENSMUSG00000074219,118,109,83,31,33,27
ENSMUSG00000042451,23,11,7,6,5,3
ENSMUSG00000054612,62,51,65,314,256,444
ENSMUSG00000045027,15,14,19,22,35,3
ENSMUSG00000040605,14,7,8,8,6,7
ENSMUSG00000034115,17,12,8,15,24,5
ENSMUSG00000083774,9,18,20,10,5,7
ENSMUSG00000092093,0,0,0,4,5,16
ENSMUSG00000024068,2278,1801,1459,1008,693,1291
ENSMUSG00000041801,23,20,17,3452,2209,5819
ENSMUSG00000047250,1706,1223,1418,550,233,515
ENSMUSG00000051747,1382,1486,838,1887,2378,1056
ENSMUSG00000037972,18026,13858,10770,2599,1592,3098
ENSMUSG00000028078,2788,2820,1899,403,314,443
ENSMUSG00000020775,993,716,559,856,612,1069
ENSMUSG00000037907,33,21,17,409,317,470
ENSMUSG00000096171,28,21,11,12,0,18
ENSMUSG00000004798,2951,2704,2124,1196,753,1342
ENSMUSG00000028480,883,684,588,846,549,1300
ENSMUSG00000030224,2511,1844,1656,1961,1437,2440
ENSMUSG00000033847,60,41,39,16,25,16
ENSMUSG00000041347,18,18,5,26,44,31
ENSMUSG00000094526,50,81,49,13,11,13
ENSMUSG00000034330,17635,15174,10727,6595,4931,6079
ENSMUSG00000046442,765,722,487,362,288,498
ENSMUSG00000049775,69702,51886,50790,20447,12234,29832
ENSMUSG00000091800,15,11,4,1,1,3
ENSMUSG00000057886,201,120,158,0,0,40
ENSMUSG00000029518,2448,1828,1574,891,634,955
ENSMUSG00000022817,1397,1267,1224,397,176,266
ENSMUSG00000079197,3814,2342,2381,3915,2365,5680
ENSMUSG00000047945,1736,1216,946,4862,2735,6127
ENSMUSG00000068101,96,64,68,106,72,171
ENSMUSG00000040532,717,654,471,568,436,959
ENSMUSG00000066113,1,1,1,14,16,1
ENSMUSG00000053063,2301,1673,1669,932,498,756
ENSMUSG00000022462,6518,5430,4236,2825,2503,3530
ENSMUSG00000048897,3509,3027,2376,1479,889,1339
ENSMUSG00000036985,1020,912,765,402,315,376
ENSMUSG00000076680,2516,1776,1149,1126,1394,384
ENSMUSG00000047712,133,110,94,163,88,120
ENSMUSG00000089715,1010,819,632,408,300,441
ENSMUSG00000052376,17,25,13,4,8,14
ENSMUSG00000097388,29,25,23,29,28,46
ENSMUSG00000098181,19,20,21,18,9,5
ENSMUSG00000000409,1430,1209,944,605,509,390
ENSMUSG00000078789,973,733,615,768,654,1170
ENSMUSG00000027368,2982,2763,2089,1188,1052,2069
ENSMUSG00000084201,25,27,20,12,3,24
ENSMUSG00000062081,114,111,80,47,51,43
ENSMUSG00000107310,31,40,37,23,10,19
ENSMUSG00000026853,1347,1036,826,269,152,214
ENSMUSG00000051255,0,15,0,0,0,12
ENSMUSG00000054517,2506,2282,1789,1217,876,1342
ENSMUSG00000073910,510,542,406,243,231,178
ENSMUSG00000028455,1545,1117,906,928,634,1137
ENSMUSG00000024065,987,745,626,331,245,202
ENSMUSG00000058290,366,204,197,100,55,84
ENSMUSG00000033220,22356,16606,12932,8538,5388,9171
ENSMUSG00000024053,355,187,179,136,88,115
ENSMUSG00000038319,9,12,3,9,17,6
ENSMUSG00000070979,25,22,15,21,21,21
ENSMUSG00000001847,5221,3984,3200,2159,1253,1911
ENSMUSG00000051615,265,234,189,632,454,969
ENSMUSG00000020361,10669,8134,7057,6857,5121,9001
ENSMUSG00000067925,116,125,130,52,42,59
ENSMUSG00000034354,9124,8024,6033,3572,2555,4443
ENSMUSG00000076541,163,117,91,40,45,50
ENSMUSG00000035539,58,59,47,25,22,19
ENSMUSG00000031778,3,6,2,9,14,8
ENSMUSG00000004508,670,532,546,397,216,226
ENSMUSG00000021190,9214,6774,6442,3406,1742,2807
ENSMUSG00000021156,6370,5485,4144,2343,1722,2436
ENSMUSG00000107035,4,8,6,15,5,4
ENSMUSG00000020189,8625,7533,6082,3667,2635,4142
ENSMUSG00000049744,11180,10604,8360,2737,2264,2186
ENSMUSG00000025498,2426,1703,1818,819,649,1391
ENSMUSG00000078942,1188,1101,982,643,328,318
ENSMUSG00000035164,2425,1762,1415,1415,1270,1577
ENSMUSG00000028221,398,318,263,85,48,100
ENSMUSG00000031984,1080,847,667,1157,860,1501
ENSMUSG00000096141,12,19,4,54,76,34
ENSMUSG00000000811,222,159,142,339,254,465
ENSMUSG00000024098,1729,1338,1150,690,433,835
ENSMUSG00000021474,2095,1427,1309,1260,940,1794
ENSMUSG00000081619,78,82,70,30,19,36
ENSMUSG00000034282,9,8,10,135,185,111
ENSMUSG00000108405,105,108,60,35,31,47
ENSMUSG00000028430,1774,1617,1122,2275,1716,2783
ENSMUSG00000025780,849,686,556,132,114,111
ENSMUSG00000030032,8,9,2,21,33,6
ENSMUSG00000082515,35,39,23,17,6,15
ENSMUSG00000025785,854,724,598,493,354,792
ENSMUSG00000068407,29,29,32,3,2,3
ENSMUSG00000047013,38,14,10,27,32,20
ENSMUSG00000048696,261,193,126,111,71,127
ENSMUSG00000020804,82,84,52,82,61,77
ENSMUSG00000039231,1313,995,819,675,499,868
ENSMUSG00000066232,7189,5676,4980,5677,4246,7111
ENSMUSG00000067700,37,30,8,22,1,22
ENSMUSG00000022475,3299,3230,2186,760,518,648
ENSMUSG00000057657,12,12,3,6,2,6
ENSMUSG00000046807,112,120,63,59,59,46
ENSMUSG00000036322,38,24,20,17,17,8
ENSMUSG00000049422,1116,744,553,213,135,192
ENSMUSG00000029500,1337,1120,918,708,529,961
ENSMUSG00000047193,1615,1327,1045,2112,2018,2958
ENSMUSG00000028467,1666,1586,1144,625,429,503
ENSMUSG00000039115,2154,2309,1999,1431,722,996
ENSMUSG00000082328,15,22,16,9,2,6
ENSMUSG00000100981,38,24,16,66,114,31
ENSMUSG00000076488,11,15,5,15,7,12
ENSMUSG00000019738,401,283,225,187,132,244
ENSMUSG00000073889,394,347,290,181,103,148
ENSMUSG00000076550,294,252,137,124,69,45
ENSMUSG00000089976,29,27,22,0,5,11
ENSMUSG00000071691,10,11,5,19,18,32
ENSMUSG00000079852,176,123,114,88,98,185
ENSMUSG00000093402,171,108,156,68,61,43
ENSMUSG00000010609,2352,2043,1598,740,462,745
ENSMUSG00000006782,10310,8097,6773,2746,1648,3358
ENSMUSG00000041245,182,162,121,219,194,257
ENSMUSG00000096223,0,0,0,0,0,0
ENSMUSG00000045382,3182,4577,4114,1780,1835,1888
ENSMUSG00000094122,12,9,14,20,0,6
ENSMUSG00000027199,547,302,372,168,75,147
ENSMUSG00000112148,1403,790,1056,1371,848,1031
ENSMUSG00000027955,223,232,173,350,299,525
ENSMUSG00000047842,318,308,231,161,143,138
ENSMUSG00000035890,841,684,465,658,424,765
ENSMUSG00000034586,169,156,86,102,98,33
ENSMUSG00000098078,3308,3430,2458,1536,1206,2429
ENSMUSG00000032327,5,2,0,16,17,8
ENSMUSG00000040520,2665,2214,1688,991,748,924
ENSMUSG00000054452,5965,4451,3537,1837,1093,1531
ENSMUSG00000027624,256,241,187,145,80,93
ENSMUSG00000004044,28,26,20,29,18,14
ENSMUSG00000024902,1048,771,689,868,546,1037
ENSMUSG00000113373,4461,4177,2915,1671,1486,1425
ENSMUSG00000038648,1154,1029,732,656,544,331
ENSMUSG00000091712,9,5,3,47,31,104
ENSMUSG00000073130,2,3,5,15,14,13
ENSMUSG00000028776,74,46,44,36,32,19
ENSMUSG00000062373,1202,1015,1158,475,253,609
ENSMUSG00000024867,401,358,241,110,96,118
ENSMUSG00000031016,588,409,292,330,192,464
ENSMUSG00000028756,2023,2281,1795,639,497,710
ENSMUSG00000052837,2618,1988,1591,5185,5335,6210
ENSMUSG00000034659,631,567,452,197,123,247
ENSMUSG00000039680,168,120,85,253,169,354
ENSMUSG00000029571,4436,3860,3024,1554,1065,1627
ENSMUSG00000030083,1284,1136,779,541,382,684
ENSMUSG00000107872,0,3,9,2,2,15
ENSMUSG00000006315,658,568,492,437,246,822
ENSMUSG00000052525,88,97,82,29,28,60
ENSMUSG00000009628,19,17,16,1419,1144,3344
ENSMUSG00000022261,26,22,14,21,10,4
ENSMUSG00000012483,461,323,295,141,102,223
ENSMUSG00000022285,14827,12812,10164,6159,3926,5855
ENSMUSG00000070498,16,23,14,94,132,64
ENSMUSG00000022476,787,617,501,465,331,566
ENSMUSG00000034317,2727,2267,1711,593,301,716
ENSMUSG00000010911,462,346,267,159,97,135
ENSMUSG00000005621,7313,6503,4512,2939,2065,3040
ENSMUSG00000016344,3224,2246,1644,838,505,908
ENSMUSG00000027452,5027,4571,3444,901,664,949
ENSMUSG00000045350,0,0,1,9,14,2
ENSMUSG00000106821,0,0,0,9,12,0
ENSMUSG00000028609,1512,925,889,1030,597,1080
ENSMUSG00000036526,8723,7834,5668,2997,2276,2377
ENSMUSG00000020709,825,674,617,636,315,364
ENSMUSG00000026482,3313,2671,2451,2300,1277,2797
ENSMUSG00000019971,595,455,442,536,385,777
ENSMUSG00000066270,0,12,0,18,16,4
ENSMUSG00000058756,248,234,181,142,105,137
ENSMUSG00000059089,2041,1434,1499,927,474,582
ENSMUSG00000029810,357,230,259,151,144,111
ENSMUSG00000102502,1,2,0,1,0,0
ENSMUSG00000004264,6356,5068,4395,4157,2849,5720
ENSMUSG00000091903,3,3,7,22,6,4
ENSMUSG00000046480,9,20,11,245,135,508
ENSMUSG00000024885,1436,960,883,404,265,305
ENSMUSG00000006715,478,255,246,119,71,132
ENSMUSG00000051727,607,522,314,132,127,116
ENSMUSG00000027454,188,107,93,56,44,61
ENSMUSG00000027133,1671,1162,1124,958,577,1648
ENSMUSG00000034171,1145,1234,750,455,427,311
ENSMUSG00000016554,4914,3655,3028,4030,2943,4889
ENSMUSG00000100441,15,8,4,14,5,3
ENSMUSG00000056367,74,72,65,28,21,44
ENSMUSG00000103939,53,99,117,57,27,11
ENSMUSG00000038295,12,4,2,54,26,84
ENSMUSG00000023944,46358,29542,27208,40502,26230,44101
ENSMUSG00000074344,64,58,42,21,33,13
ENSMUSG00000106309,40,34,27,23,11,19
ENSMUSG00000052160,8506,6173,5397,2161,1294,2547
ENSMUSG00000076522,2426,1296,1230,1065,799,420
ENSMUSG00000061603,14,28,17,22,25,2
ENSMUSG00000038286,294,237,182,77,49,96
ENSMUSG00000097295,2917,2717,2065,1319,925,972
ENSMUSG00000094388,43,26,21,57,56,64
ENSMUSG00000007107,2,0,0,6,24,2
ENSMUSG00000032818,93,56,42,11,12,3
ENSMUSG00000076570,243,43,35,56,11,22
ENSMUSG00000002908,15,3,5,14,13,14
ENSMUSG00000032076,1869,1448,1997,732,442,724
ENSMUSG00000020866,8,9,2,15,20,2
ENSMUSG00000083045,23,20,12,10,8,3
ENSMUSG00000027954,5,11,7,12,7,26
ENSMUSG00000071478,160,87,114,73,46,122
ENSMUSG00000072596,767,569,530,412,169,296
ENSMUSG00000078901,1081,932,833,239,194,432
ENSMUSG00000042331,897,595,367,375,295,155
ENSMUSG00000021643,27,27,17,36,19,26
ENSMUSG00000082013,27,33,33,13,8,16
ENSMUSG00000042688,2602,2056,1621,1211,936,1393
ENSMUSG00000103584,16,18,13,10,5,8
ENSMUSG00000026245,2582,2090,1595,1362,934,1927
ENSMUSG00000051149,1258,1872,808,1377,1026,776
ENSMUSG00000021395,3876,3218,2668,1207,808,1608
ENSMUSG00000095307,165,140,123,43,32,45
ENSMUSG00000091478,16,0,0,0,0,0
ENSMUSG00000044172,0,0,0,8,14,5
ENSMUSG00000031093,17393,15238,11512,5100,3711,5215
ENSMUSG00000054723,588,407,365,494,330,725
ENSMUSG00000020080,1,0,1,9,12,3
ENSMUSG00000039783,7667,6471,5214,1643,1071,2278
ENSMUSG00000017802,4544,3895,3248,1808,1120,2123
ENSMUSG00000026589,136,119,66,40,31,35
ENSMUSG00000002504,74,39,40,37,25,26
ENSMUSG00000046186,8,2,1,16,9,16
ENSMUSG00000096237,3,8,3,17,12,21
ENSMUSG00000100025,13,9,13,11,14,15
ENSMUSG00000038335,3191,2413,2003,3777,2934,5433
ENSMUSG00000053044,254,175,126,114,110,82
ENSMUSG00000025921,504,459,348,177,105,243
ENSMUSG00000096252,9,26,27,24,25,16
ENSMUSG00000020061,49,73,42,25,11,14
ENSMUSG00000029722,643,538,387,193,116,201
ENSMUSG00000040270,13154,13012,8799,3668,2604,3241
ENSMUSG00000081528,35,43,29,8,2,12
ENSMUSG00000090231,635,366,380,245,112,191
ENSMUSG00000021669,3513,3144,2510,1418,1100,2282
ENSMUSG00000071322,2,2,1,11,16,5
ENSMUSG00000029775,1358,1162,871,526,376,707
ENSMUSG00000109324,1927,1562,1278,2549,1873,2701
ENSMUSG00000020648,328,259,225,432,316,529
ENSMUSG00000034738,89,51,64,79,55,81
ENSMUSG00000021895,9896,7918,5878,3792,2224,4040
ENSMUSG00000026573,67,24,41,12,20,16
ENSMUSG00000003190,972,722,587,445,280,569
ENSMUSG00000093904,3234,2286,2198,1603,1085,2490
ENSMUSG00000043153,180,149,101,62,28,47
ENSMUSG00000054065,935,730,590,220,199,216
ENSMUSG00000104765,20,14,4,64,80,46
ENSMUSG00000022323,512,373,365,167,105,244
ENSMUSG00000083240,12,0,13,12,0,3
ENSMUSG00000027447,5419,3855,4156,1585,891,1501
ENSMUSG00000081679,18,16,13,5,1,7
ENSMUSG00000037149,2804,2021,1730,3100,2291,4464
ENSMUSG00000095565,2064,636,338,449,531,364
ENSMUSG00000079884,546,382,324,114,197,514
ENSMUSG00000074739,24,39,33,16,13,12
ENSMUSG00000027907,1521,973,919,1105,704,1215
ENSMUSG00000096805,940,476,393,209,186,139
ENSMUSG00000026587,42,49,42,46,53,27
ENSMUSG00000052102,1471,1196,990,468,303,524
ENSMUSG00000040264,45,32,32,44,40,58
ENSMUSG00000084031,20,14,17,52,48,14
ENSMUSG00000026224,89,109,94,80,55,29
ENSMUSG00000058470,6055,5146,4102,2282,1493,2729
ENSMUSG00000009394,61,74,44,38,25,24
ENSMUSG00000068452,1,0,0,15,8,0
ENSMUSG00000027305,607,502,390,355,206,497
ENSMUSG00000026156,414,373,300,154,119,181
ENSMUSG00000029326,582,434,354,352,230,416
ENSMUSG00000076607,456,435,293,151,135,141
ENSMUSG00000036030,9,11,10,26,36,4
ENSMUSG00000074653,27,32,9,11,12,22
ENSMUSG00000052759,4,1,2,8,9,16
ENSMUSG00000051257,9,6,6,14,13,4
ENSMUSG00000036533,561,384,345,101,71,99
ENSMUSG00000069792,583,244,365,236,99,160
ENSMUSG00000076498,382,209,181,99,104,166
ENSMUSG00000032330,1520,1020,1100,567,374,845
ENSMUSG00000051490,4,2,3,14,9,3
ENSMUSG00000037032,194,194,147,54,51,50
ENSMUSG00000032340,76,66,34,21,21,28
ENSMUSG00000033295,44,28,29,21,34,30
ENSMUSG00000073418,594,451,375,387,234,269
ENSMUSG00000069833,16608,17909,12787,4884,4761,6204
ENSMUSG00000021876,77,63,89,24,28,22
ENSMUSG00000094689,1184,2610,763,538,565,269
ENSMUSG00000024580,2488,1961,1511,1158,867,1451
ENSMUSG00000058740,6,5,1,18,39,8
ENSMUSG00000068417,54,52,38,9,6,9
ENSMUSG00000021223,37,41,22,47,51,59
ENSMUSG00000027306,1052,562,558,234,142,204
ENSMUSG00000081176,8,6,0,5,14,10
ENSMUSG00000063316,826,673,568,693,387,1069
ENSMUSG00000026283,2383,1937,1485,1082,815,1323
ENSMUSG00000021485,203,143,121,63,58,55
ENSMUSG00000074272,3729,3354,2259,787,512,448
ENSMUSG00000025393,17535,12669,11491,11258,7081,14761
ENSMUSG00000090004,123,87,60,38,30,45
ENSMUSG00000024939,617,412,415,161,82,132
ENSMUSG00000055632,80,74,61,988,719,1601
ENSMUSG00000043683,5109,3964,3402,2448,1736,2835
ENSMUSG00000025656,75,85,37,156,144,213
ENSMUSG00000021040,951,706,603,442,319,633
ENSMUSG00000096641,0,0,1,24,40,0
ENSMUSG00000039084,412,505,344,146,74,96
ENSMUSG00000033577,479,400,287,202,186,158
ENSMUSG00000103332,38,35,22,10,10,19
ENSMUSG00000023909,148,116,92,54,24,51
ENSMUSG00000026822,481,127,57,45,94,83
ENSMUSG00000076617,458232,343388,250524,204555,198842,91812
ENSMUSG00000022602,45,36,26,92,65,223
ENSMUSG00000009418,1103,1217,971,811,441,485
ENSMUSG00000069516,8550,4052,4761,1858,993,1984
ENSMUSG00000021585,4276,3763,3072,2605,1997,3156
ENSMUSG00000053931,4760,3825,2984,908,528,862
ENSMUSG00000025461,21,32,28,27,47,19
ENSMUSG00000022704,1159,978,742,1042,834,1609
ENSMUSG00000025156,2555,1966,1650,1607,1087,2301
ENSMUSG00000073421,72736,53352,45192,25774,16073,18980
ENSMUSG00000030079,1482,1079,949,1327,925,1702
ENSMUSG00000078377,69,0,0,92,0,0
ENSMUSG00000022604,1829,1866,1231,756,598,718
ENSMUSG00000026051,18,10,6,5,3,10
ENSMUSG00000032101,198,173,129,54,43,38
ENSMUSG00000021478,84,80,46,52,34,41
ENSMUSG00000027339,13946,12240,8730,4749,3635,4000
ENSMUSG00000062300,53,31,40,18,14,21
ENSMUSG00000020376,3803,2845,2465,1145,622,1048
ENSMUSG00000046380,1052,928,720,674,454,942
ENSMUSG00000075427,48,75,47,35,29,26
ENSMUSG00000021238,578,469,381,176,117,152
ENSMUSG00000095753,1156,952,741,520,284,266
ENSMUSG00000054885,6,7,2,24,15,10
ENSMUSG00000060538,1031,741,648,331,251,364
ENSMUSG00000036492,87,55,38,39,25,29
ENSMUSG00000036442,835,634,516,326,177,422
ENSMUSG00000031097,134,87,94,45,24,50
ENSMUSG00000027002,87,62,78,64,32,26
ENSMUSG00000072940,2137,1587,1280,790,515,486
ENSMUSG00000092029,45,66,20,4,9,12
ENSMUSG00000004849,541,409,324,191,88,178
ENSMUSG00000073684,649,508,437,186,133,225
ENSMUSG00000031004,13069,6714,5967,3070,1575,1750
ENSMUSG00000026972,2307,2029,1462,782,474,970
ENSMUSG00000000686,136,113,105,41,42,49
ENSMUSG00000025592,69,54,47,170,172,129
ENSMUSG00000027067,8805,6217,5409,6540,4414,7199
ENSMUSG00000005534,3628,3834,2633,1204,891,891
ENSMUSG00000097586,218,244,165,94,66,127
ENSMUSG00000040627,269,100,188,93,49,27
ENSMUSG00000031007,1731,1352,1357,707,391,1076
ENSMUSG00000029915,83,28,25,16,26,19
ENSMUSG00000030554,48,56,51,54,38,26
ENSMUSG00000023004,14412,8804,9724,6406,3149,6911
ENSMUSG00000066697,177,171,117,371,485,159
ENSMUSG00000029463,265,179,157,693,434,1134
ENSMUSG00000057666,18432,10832,10179,8674,4572,8345
ENSMUSG00000082684,146,142,119,45,31,54
ENSMUSG00000041827,1017,734,594,216,208,389
ENSMUSG00000031428,974,707,538,183,166,167
ENSMUSG00000022474,471,324,295,621,330,845
ENSMUSG00000080885,39,30,15,10,8,17
ENSMUSG00000016495,2526,2116,1605,573,444,762
ENSMUSG00000051185,978,821,763,376,237,376
ENSMUSG00000094533,22,11,12,4,6,4
ENSMUSG00000022468,322,221,210,90,59,48
ENSMUSG00000031399,846,785,566,335,221,585
ENSMUSG00000026581,37525,31026,22997,3066,2257,3063
ENSMUSG00000045005,454,392,299,751,558,1003
ENSMUSG00000024538,21,19,9,15,5,2
ENSMUSG00000082436,182,173,137,76,43,118
ENSMUSG00000051804,216,164,119,56,49,65
ENSMUSG00000022505,42,21,27,51,65,28
ENSMUSG00000041445,67,46,66,68,37,49
ENSMUSG00000032827,319,346,324,181,155,135
ENSMUSG00000063802,793,610,535,627,397,1072
ENSMUSG00000094322,598,404,231,171,206,120
ENSMUSG00000037974,0,1,0,27,44,3
ENSMUSG00000001166,721,592,505,238,141,339
ENSMUSG00000045435,416,295,251,135,115,223
ENSMUSG00000019803,8,20,9,22,29,4
ENSMUSG00000002992,50,27,37,24,12,20
ENSMUSG00000017774,14708,13551,9730,5500,3820,6047
ENSMUSG00000100963,16,20,9,3,23,3
ENSMUSG00000038296,8,12,4,14,21,7
ENSMUSG00000004098,92,113,59,12,19,11
ENSMUSG00000020156,3541,3225,2412,1409,970,1584
ENSMUSG00000092560,45,53,0,39,26,41
ENSMUSG00000073420,92,70,84,39,28,29
ENSMUSG00000054720,1785,1809,1142,592,339,448
ENSMUSG00000020214,6,5,3,15,24,6
ENSMUSG00000043445,379,268,259,110,63,166
ENSMUSG00000024824,1989,1674,1269,913,635,1330
ENSMUSG00000028792,2872,2099,1790,1906,1220,2293
ENSMUSG00000032744,9,12,7,37,30,93
ENSMUSG00000027132,669,622,487,266,204,388
ENSMUSG00000020184,3262,2927,2177,11965,9300,15111
ENSMUSG00000095442,733,500,189,538,230,98
ENSMUSG00000021236,2998,2719,1948,606,422,584
ENSMUSG00000021831,1440,1054,865,930,733,1257
ENSMUSG00000055541,2283,1720,1843,993,503,703
ENSMUSG00000096574,0,0,0,3,12,0
ENSMUSG00000079061,46,47,25,55,66,15
ENSMUSG00000015766,861,704,504,417,317,509
ENSMUSG00000031132,19,11,7,3,2,4
ENSMUSG00000072791,79,98,44,33,28,30
ENSMUSG00000026829,140,119,122,65,25,48
ENSMUSG00000000248,911,845,576,2221,1571,1913
ENSMUSG00000024789,6153,4879,3677,1592,1420,1589
ENSMUSG00000022565,11100,11170,7399,5043,3882,4817
ENSMUSG00000001995,1862,1621,1184,508,401,599
ENSMUSG00000027613,2007,1478,1351,1105,762,1782
ENSMUSG00000109941,0,0,0,0,22,36
ENSMUSG00000022231,771,822,549,320,408,262
ENSMUSG00000076575,99,42,33,13,39,25
ENSMUSG00000026887,675,427,348,448,365,565
ENSMUSG00000024044,1873,1351,1675,974,475,767
ENSMUSG00000095105,2618,2292,1653,903,666,1261
ENSMUSG00000096740,640,571,433,361,281,417
ENSMUSG00000079620,5,1,4,45,58,4
ENSMUSG00000076615,4551,1856,1760,3129,1883,735
ENSMUSG00000020638,1324,927,844,192,143,331
ENSMUSG00000005034,6453,5265,4468,1722,1207,2189
ENSMUSG00000017314,20,15,9,15,12,1
ENSMUSG00000038241,6048,5526,3762,3526,2556,3335
ENSMUSG00000031755,606,586,424,251,195,250
ENSMUSG00000076666,658,412,313,215,142,208
ENSMUSG00000020706,5215,3806,3108,6650,5585,8522
ENSMUSG00000032908,1148,1140,760,156,129,128
ENSMUSG00000047293,14,13,13,7,11,1
ENSMUSG00000025743,7768,5667,6462,2857,1114,1778
ENSMUSG00000081738,4,21,16,15,14,7
ENSMUSG00000053870,1202,1000,850,385,316,481
ENSMUSG00000000037,8,10,8,15,18,17
ENSMUSG00000052331,15445,14698,10518,2876,2244,2228
ENSMUSG00000020176,49,37,55,87,69,156
ENSMUSG00000033166,1936,1490,1128,1925,1571,2017
ENSMUSG00000098050,9,3,16,7,1,11
ENSMUSG00000010048,883,586,500,1031,825,1513
ENSMUSG00000000983,5,7,15,4,3,3
ENSMUSG00000020810,18,23,17,18,24,8
ENSMUSG00000024309,803,653,499,652,430,940
ENSMUSG00000054499,2265,1978,1615,849,622,1106
ENSMUSG00000086513,92,59,74,25,33,21
ENSMUSG00000028494,1107,834,775,345,167,478
ENSMUSG00000036968,750,596,520,292,176,387
ENSMUSG00000016179,9,12,15,47,57,29
ENSMUSG00000003282,93,79,56,44,42,35
ENSMUSG00000041429,65,58,40,124,74,203
ENSMUSG00000026170,786,761,588,185,139,192
ENSMUSG00000036894,1164,788,686,3311,2263,4135
ENSMUSG00000022636,1582,1433,962,381,291,406
ENSMUSG00000020953,261,258,220,166,125,210
ENSMUSG00000075599,2,9,6,19,27,4
ENSMUSG00000071073,11,4,4,8,24,21
ENSMUSG00000046031,463,383,396,121,72,141
ENSMUSG00000081811,51,63,38,30,12,28
ENSMUSG00000063412,640,363,331,407,262,604
ENSMUSG00000052031,1287,1042,722,941,730,1456
ENSMUSG00000013662,2810,2173,1922,1378,1059,1967
ENSMUSG00000020401,11,14,5,21,21,11
ENSMUSG00000026259,1,1,1,11,14,3
ENSMUSG00000062611,46,18,23,8,6,8
ENSMUSG00000043866,4106,2956,2323,2467,1385,2523
ENSMUSG00000090639,193,44,54,230,43,124
ENSMUSG00000035211,40,41,29,103,93,140
ENSMUSG00000022508,3100,2605,1983,1355,899,1317
ENSMUSG00000079018,71,56,53,160,209,90
ENSMUSG00000067365,1326,1046,926,494,312,708
ENSMUSG00000034190,1577,1238,1035,760,528,1176
ENSMUSG00000062515,168,133,112,193,98,93
ENSMUSG00000034903,2958,2741,1930,523,420,326
ENSMUSG00000089662,32,29,17,11,6,3
ENSMUSG00000081559,11,12,2,10,4,5
ENSMUSG00000028701,833,718,511,290,212,241
ENSMUSG00000025995,2606,1974,1711,2178,1690,3057
ENSMUSG00000064264,53,51,30,140,97,183
ENSMUSG00000108294,0,0,0,0,0,0
ENSMUSG00000085006,9,6,0,8,13,10
ENSMUSG00000047344,17,8,5,9,12,4
ENSMUSG00000101892,536,451,399,1193,749,1755
ENSMUSG00000019726,20474,18473,13367,22137,16944,24961
ENSMUSG00000041205,62,50,30,82,75,126
ENSMUSG00000041797,468,587,378,214,123,136
ENSMUSG00000039529,9,20,8,32,32,11
ENSMUSG00000022371,1484,1575,1163,650,294,464
ENSMUSG00000101167,72,58,38,563,407,789
ENSMUSG00000001444,252,181,161,85,61,82
ENSMUSG00000074628,49,41,24,13,7,17
ENSMUSG00000033227,4,1,2,24,30,34
ENSMUSG00000052656,1194,1136,846,428,284,484
ENSMUSG00000071649,1537,1268,1023,506,361,566
ENSMUSG00000037902,9388,7873,8173,7125,2963,4358
ENSMUSG00000025040,1389,981,951,423,251,476
ENSMUSG00000022629,20,5,5,12,21,11
ENSMUSG00000011263,31,20,15,19,16,17
ENSMUSG00000035158,263,239,203,166,76,129
ENSMUSG00000020422,3353,3190,2550,2065,1188,1258
ENSMUSG00000015305,1491,1482,1391,926,443,650
ENSMUSG00000018819,16059,12970,10132,6171,4072,6661
ENSMUSG00000083364,457,275,269,596,518,703
ENSMUSG00000031958,237,245,168,99,72,91
ENSMUSG00000040653,25,42,28,21,17,14
ENSMUSG00000094134,165,59,92,44,15,56
ENSMUSG00000101656,42,36,31,26,7,21
ENSMUSG00000027878,29974,31005,20285,9120,6870,7753
ENSMUSG00000036192,265,269,159,523,629,207
ENSMUSG00000082691,174,75,57,0,42,108
ENSMUSG00000021497,800,574,449,279,151,292
ENSMUSG00000033307,1701,1081,1000,3310,1950,4136
ENSMUSG00000103600,82,76,30,105,120,56
ENSMUSG00000019986,503,443,349,1076,933,2040
ENSMUSG00000078141,17,21,15,16,0,2
ENSMUSG00000003355,183,105,73,67,42,17
ENSMUSG00000039637,5868,5453,3875,3648,2474,5478
ENSMUSG00000075590,24,29,13,35,42,24
ENSMUSG00000000903,1093,861,622,106,84,154
ENSMUSG00000070390,548,446,401,250,198,189
ENSMUSG00000033543,2020,1710,1357,839,604,1352
ENSMUSG00000033544,2766,2917,2105,608,428,583
ENSMUSG00000079192,231,98,95,102,84,13
ENSMUSG00000039997,29650,25120,18974,6656,4361,7196
ENSMUSG00000040711,208,247,220,847,959,135
ENSMUSG00000047843,346,283,235,203,81,128
ENSMUSG00000024208,700,506,487,572,313,760
ENSMUSG00000024533,367,242,196,144,100,152
ENSMUSG00000043004,4223,3262,2605,996,604,929
ENSMUSG00000084349,0,14,13,11,7,16
ENSMUSG00000024402,1003,760,525,376,286,353
ENSMUSG00000046157,5175,3960,3044,1487,944,1752
ENSMUSG00000030747,90,55,66,115,83,173
ENSMUSG00000028634,1303,1181,870,985,751,825
ENSMUSG00000027712,1622,1189,1249,833,454,659
ENSMUSG00000036863,5,15,14,11,12,3
ENSMUSG00000032135,82,65,46,285,178,717
ENSMUSG00000006517,493,401,377,309,235,311
ENSMUSG00000049741,32,34,13,19,4,7
ENSMUSG00000005470,517,268,252,141,63,144
ENSMUSG00000006494,2777,2446,1881,878,667,778
ENSMUSG00000080912,43,61,34,8,8,7
ENSMUSG00000020691,1463,1207,925,1391,1007,1643
ENSMUSG00000043257,2731,2668,1778,985,790,1275
ENSMUSG00000041577,4,1,4,16,10,2
ENSMUSG00000058248,20,11,22,20,21,9
ENSMUSG00000062345,7,6,5,13,8,30
ENSMUSG00000028330,3383,2464,2138,2180,1466,2636
ENSMUSG00000042766,57,46,49,10,13,7
ENSMUSG00000000278,2676,1923,1572,724,450,675
ENSMUSG00000027570,88,83,61,93,117,215
ENSMUSG00000053318,240,147,202,98,72,123
ENSMUSG00000030590,709,577,470,181,100,143
ENSMUSG00000042590,1920,1599,1254,1172,838,1640
ENSMUSG00000024647,2,8,8,20,26,35
ENSMUSG00000047003,349,287,186,140,91,166
ENSMUSG00000021185,834,722,556,3960,2960,4965
ENSMUSG00000019948,505,406,373,242,166,271
ENSMUSG00000029246,1887,1257,1054,1396,988,1332
ENSMUSG00000042439,632,596,439,399,410,223
ENSMUSG00000029616,7065,5529,4708,2773,1813,3096
ENSMUSG00000024666,351,295,195,110,82,233
ENSMUSG00000059237,10,5,7,0,37,0
ENSMUSG00000029415,3693,2832,2358,3377,2648,4632
ENSMUSG00000059493,116,82,51,47,32,26
ENSMUSG00000041750,57,32,30,13,14,32
ENSMUSG00000057278,820,698,579,496,320,964
ENSMUSG00000107968,5,0,4,12,1,0
ENSMUSG00000002083,146,117,86,3678,2567,4140
ENSMUSG00000037762,787,671,814,317,144,272
ENSMUSG00000032177,763,627,436,198,159,186
ENSMUSG00000024675,8635,6877,5823,2740,1583,2816
ENSMUSG00000022584,1889,1132,933,723,718,488
ENSMUSG00000031974,1356,1235,826,460,327,557
ENSMUSG00000106627,0,0,8,35,46,4
ENSMUSG00000040724,1993,1861,1641,1321,698,583
ENSMUSG00000050856,1293,962,918,997,544,1200
ENSMUSG00000074141,3922,2724,2113,6755,4275,5517
ENSMUSG00000028005,20,22,16,25,20,19
ENSMUSG00000018796,1592,1243,1021,633,403,562
ENSMUSG00000034868,11268,7846,6748,2371,1662,1468
ENSMUSG00000055015,12,19,17,45,41,54
ENSMUSG00000014077,2595,1998,1655,778,489,943
ENSMUSG00000042229,1236,1080,786,552,341,731
ENSMUSG00000082828,21,15,14,24,18,40
ENSMUSG00000026456,829,742,616,298,185,287
ENSMUSG00000018168,31964,28318,19261,7912,4920,6095
ENSMUSG00000026675,442,379,354,251,199,367
ENSMUSG00000005667,614,424,413,395,235,444
ENSMUSG00000038607,1695,1309,1350,674,410,1296
ENSMUSG00000069237,1282,1064,795,405,259,506
ENSMUSG00000001281,5200,5039,3498,455,347,347
ENSMUSG00000035199,2099,1646,1381,508,360,613
ENSMUSG00000028496,1667,1389,997,507,337,460
ENSMUSG00000038298,5,15,5,30,21,19
ENSMUSG00000052151,123,103,84,41,17,40
ENSMUSG00000068744,195,155,118,5466,3740,9643
ENSMUSG00000021838,195,241,160,93,40,56
ENSMUSG00000062846,0,8,0,19,0,0
ENSMUSG00000024727,7,4,9,18,19,8
ENSMUSG00000059565,38,31,19,6,10,10
ENSMUSG00000022246,93,89,65,60,50,52
ENSMUSG00000040254,166,102,128,83,78,68
ENSMUSG00000028744,1524,1168,961,362,241,414
ENSMUSG00000107383,77,34,17,36,28,17
ENSMUSG00000056656,47,20,14,25,38,21
ENSMUSG00000021720,60,45,45,28,21,20
ENSMUSG00000021018,599,392,401,631,381,950
ENSMUSG00000034917,472,377,260,173,125,197
ENSMUSG00000025245,1247,956,788,372,269,410
ENSMUSG00000000552,576,478,371,1362,947,1530
ENSMUSG00000090077,884,804,649,309,207,533
ENSMUSG00000009941,10,3,2,11,13,8
ENSMUSG00000056091,367,238,156,88,79,76
ENSMUSG00000039607,58,56,26,62,65,88
ENSMUSG00000022687,11,3,1,20,7,1
ENSMUSG00000021900,617,485,427,166,114,156
ENSMUSG00000080021,107,115,83,33,31,48
ENSMUSG00000005237,55,51,54,114,85,56
ENSMUSG00000036411,75,56,53,19,16,29
ENSMUSG00000026630,123,63,82,41,25,26
ENSMUSG00000050368,5,8,1,29,20,10
ENSMUSG00000060904,1867,1309,1270,837,533,989
ENSMUSG00000026811,254,235,149,286,266,331
ENSMUSG00000036880,946,746,656,318,178,444
ENSMUSG00000015846,1310,1158,1187,809,381,592
ENSMUSG00000103981,0,0,0,0,0,5
ENSMUSG00000062353,41,17,17,19,5,0
ENSMUSG00000017007,134,132,94,58,70,62
ENSMUSG00000022564,1750,1294,1048,632,436,702
ENSMUSG00000024066,1005,736,731,862,570,502
ENSMUSG00000022821,1,2,3,12,20,10
ENSMUSG00000029922,3411,2560,2020,1511,1127,2259
ENSMUSG00000031931,976,739,585,848,634,1122
ENSMUSG00000024210,13,8,6,21,4,0
ENSMUSG00000082311,11,25,11,22,26,44
ENSMUSG00000013846,5010,4859,3224,1287,1085,737
ENSMUSG00000091007,23,16,13,1,3,6
ENSMUSG00000093437,40,54,20,11,16,18
ENSMUSG00000058625,10,10,7,8,6,0
ENSMUSG00000033287,44,27,19,40,10,17
ENSMUSG00000034732,12,25,13,7,5,19
ENSMUSG00000022469,337,325,194,410,332,492
ENSMUSG00000058715,2960,1745,1985,1392,721,1237
ENSMUSG00000063810,1589,1306,984,543,406,467
ENSMUSG00000055707,590,533,399,2095,1471,3368
ENSMUSG00000081695,18,18,17,10,7,2
ENSMUSG00000106405,103,76,52,25,18,46
ENSMUSG00000068699,0,1,0,21,7,2
ENSMUSG00000063659,6880,6092,4599,2785,2044,3369
ENSMUSG00000075271,306,218,170,152,88,224
ENSMUSG00000017999,3304,2638,2046,3102,2375,3350
ENSMUSG00000000901,143,110,70,43,29,59
ENSMUSG00000040234,950,712,595,1196,721,1573
ENSMUSG00000036305,1571,1229,1259,1181,826,2961
ENSMUSG00000078780,180,138,141,91,34,76
ENSMUSG00000075229,463,310,290,712,500,974
ENSMUSG00000082686,51,46,30,13,6,2
ENSMUSG00000002668,4822,4667,3039,1552,1107,1374
ENSMUSG00000095788,488,384,414,241,130,147
ENSMUSG00000095663,7,2,4,13,20,3
ENSMUSG00000031732,1452,1343,1013,515,455,422
ENSMUSG00000092048,8,4,0,8,23,3
ENSMUSG00000013707,2169,1756,1543,493,273,433
ENSMUSG00000011831,1297,1115,840,450,308,399
ENSMUSG00000013974,181,74,81,159,144,183
ENSMUSG00000060985,26,21,10,43,48,15
ENSMUSG00000100863,27,69,60,537,232,254
ENSMUSG00000027016,16,10,14,29,24,8
ENSMUSG00000039462,487,568,360,210,173,261
ENSMUSG00000000365,110,44,28,30,19,26
ENSMUSG00000071176,325,245,218,118,99,124
ENSMUSG00000076709,352,206,735,113,91,82
ENSMUSG00000058905,7,7,3,4,21,0
ENSMUSG00000039450,391,296,298,3613,2231,5953
ENSMUSG00000025969,1198,1048,699,493,460,258
ENSMUSG00000019320,80,91,41,48,48,103
ENSMUSG00000035311,3616,2967,2447,1382,984,1412
ENSMUSG00000097945,15,18,8,3,3,6
ENSMUSG00000037499,237,165,170,94,47,87
ENSMUSG00000044708,2279,1886,2044,1630,802,981
ENSMUSG00000007867,42,21,25,13,13,6
ENSMUSG00000074671,1004,736,602,316,183,383
ENSMUSG00000022586,61,43,39,248,309,65
ENSMUSG00000061474,485,353,272,263,165,335
ENSMUSG00000002228,51,51,34,21,40,22
ENSMUSG00000031274,47,46,36,13,6,16
ENSMUSG00000052712,2892,2245,1798,1078,694,1186
ENSMUSG00000035365,248,111,125,52,32,67
ENSMUSG00000029014,3493,2695,2232,2766,2163,3056
ENSMUSG00000107763,89,87,68,39,16,58
ENSMUSG00000025726,0,1,1,26,36,17
ENSMUSG00000047821,50,40,27,13,13,9
ENSMUSG00000085998,1141,1133,706,3036,2817,720
ENSMUSG00000071497,854,550,543,802,540,1030
ENSMUSG00000039145,3758,3416,2776,1067,708,889
ENSMUSG00000020717,13876,12421,8841,5787,4243,5131
ENSMUSG00000022696,1307,1320,970,584,409,383
ENSMUSG00000059248,4263,3360,2642,1550,988,1430
ENSMUSG00000093384,63,25,29,57,47,17
ENSMUSG00000008855,2381,2088,1605,875,609,896
ENSMUSG00000028076,3615,2732,2159,494,284,701
ENSMUSG00000072720,92,71,83,106,77,63
ENSMUSG00000021222,658,517,371,2319,1615,3308
ENSMUSG00000051669,68,68,55,47,31,37
ENSMUSG00000028057,1137,888,739,416,243,368
ENSMUSG00000039046,4855,4019,2902,1812,1427,1544
ENSMUSG00000000682,21284,15033,12331,8142,4649,8374
ENSMUSG00000028885,64,31,41,58,15,16
ENSMUSG00000099974,685,485,493,978,681,1537
ENSMUSG00000054893,343,362,229,131,82,125
ENSMUSG00000051343,179,157,120,122,58,112
ENSMUSG00000095079,26209,27274,15950,6438,10446,10194
ENSMUSG00000079414,133,116,77,36,31,31
ENSMUSG00000051851,60,34,34,14,5,10
ENSMUSG00000078921,5028,2633,3083,731,483,813
ENSMUSG00000029844,13,20,7,17,12,10
ENSMUSG00000095649,269,229,204,128,83,74
ENSMUSG00000030790,154,112,78,271,240,493
ENSMUSG00000038437,9491,8844,6103,2959,2548,3216
ENSMUSG00000037788,872,732,594,1674,1211,1972
ENSMUSG00000080775,12,8,7,13,4,10
ENSMUSG00000042256,5,1,1,18,14,1
ENSMUSG00000082662,2,0,0,2,2,1
ENSMUSG00000044757,20,11,3,8,8,3
ENSMUSG00000038605,654,552,362,229,153,238
ENSMUSG00000022009,1258,974,818,1008,792,1329
ENSMUSG00000062866,890,778,691,505,346,297
ENSMUSG00000048442,318,258,201,92,66,111
ENSMUSG00000039747,3618,3290,2463,3005,2029,4358
ENSMUSG00000095429,193,436,297,232,131,279
ENSMUSG00000004268,3443,2888,2246,1928,1293,2996
ENSMUSG00000091086,24,16,12,15,5,16
ENSMUSG00000051378,294,158,135,440,297,650
ENSMUSG00000025875,112,90,89,15,17,10
ENSMUSG00000022791,2877,2648,1861,1064,738,1202
ENSMUSG00000039530,1014,910,650,272,178,330
ENSMUSG00000098021,3,117,122,12,31,3
ENSMUSG00000053553,256,208,171,545,440,533
ENSMUSG00000047108,85,78,55,32,17,41
ENSMUSG00000031754,1479,1141,940,774,440,997
ENSMUSG00000026111,1192,919,775,409,282,655
ENSMUSG00000082908,153,106,107,55,28,50
ENSMUSG00000000394,8,12,8,25,12,18
ENSMUSG00000027530,13,8,5,13,12,1
ENSMUSG00000033450,2996,2433,1997,1218,1179,1385
ENSMUSG00000027208,14,16,8,40,39,22
ENSMUSG00000055782,538,409,367,254,159,180
ENSMUSG00000020701,12,4,4,3,5,0
ENSMUSG00000054901,12,7,5,66,43,70
ENSMUSG00000027420,23,19,19,5,11,5
ENSMUSG00000082920,35,26,32,15,7,14
ENSMUSG00000081604,4241,2468,2259,0,197,0
ENSMUSG00000059864,4,2,3,21,34,11
ENSMUSG00000081999,0,29,0,10,11,7
ENSMUSG00000092618,317,184,296,141,76,115
ENSMUSG00000054191,241,99,80,13,16,14
ENSMUSG00000089739,480,374,368,8,28,144
ENSMUSG00000031452,20,22,11,67,69,42
ENSMUSG00000033177,5,3,1,3,12,7
ENSMUSG00000095071,192,123,119,43,21,66
ENSMUSG00000000631,6016,5569,3858,2405,1719,2136
ENSMUSG00000087350,2,2,1,14,6,8
ENSMUSG00000034145,1,1,5,16,24,3
ENSMUSG00000057541,1461,1213,920,2197,1927,2854
ENSMUSG00000073457,8,8,2,27,23,7
ENSMUSG00000032375,369,286,299,128,74,99
ENSMUSG00000046456,68,44,45,38,16,7
ENSMUSG00000023022,1083,917,860,699,397,524
ENSMUSG00000019810,1696,1120,1037,642,422,495
ENSMUSG00000029638,7544,6361,4292,2651,1875,2539
ENSMUSG00000056752,36,25,14,69,107,38
ENSMUSG00000020895,55,26,31,16,10,5
ENSMUSG00000027474,19,28,13,25,15,7
ENSMUSG00000027995,764,585,552,276,164,358
ENSMUSG00000025364,5717,3959,3713,10814,7236,13698
ENSMUSG00000090429,13,14,7,4,4,6
ENSMUSG00000049608,535,419,351,645,578,609
ENSMUSG00000025855,165,111,115,81,51,95
ENSMUSG00000026922,397,318,260,135,66,105
ENSMUSG00000034854,846,650,548,463,343,466
ENSMUSG00000004393,1579,1313,1028,1446,1097,2226
ENSMUSG00000066543,23,19,19,21,0,0
ENSMUSG00000036251,1,0,1,9,16,0
ENSMUSG00000038368,1559,1392,1102,2316,1787,3419
ENSMUSG00000036693,2024,1629,1233,2693,2404,2261
ENSMUSG00000009108,31,18,16,58,62,58
ENSMUSG00000062075,821,671,525,1050,661,1400
ENSMUSG00000036882,160,163,101,27,39,19
ENSMUSG00000045775,44,62,39,24,13,15
ENSMUSG00000082315,697,733,473,338,271,278
ENSMUSG00000026864,21756,15426,12933,12324,8294,13422
ENSMUSG00000049470,13872,13118,9534,5450,5109,4981
ENSMUSG00000024132,817,653,505,857,589,1280
ENSMUSG00000092118,230,184,120,127,78,175
ENSMUSG00000035000,7535,6002,4601,1680,1183,1842
ENSMUSG00000078648,75,96,71,46,37,34
ENSMUSG00000024421,11,7,15,15,14,9
ENSMUSG00000030980,2558,1988,1586,1782,1402,2129
ENSMUSG00000021636,741,643,616,210,111,142
ENSMUSG00000062093,13,0,4,17,4,9
ENSMUSG00000054988,25,38,15,13,23,6
ENSMUSG00000108705,0,0,0,5,11,1
ENSMUSG00000024664,85,57,41,29,11,13
ENSMUSG00000068745,6,5,6,31,7,21
ENSMUSG00000022445,2,4,1,11,19,10
ENSMUSG00000042079,24266,17476,14605,11977,7843,14169
ENSMUSG00000036371,20957,15054,12654,18274,13728,18311
ENSMUSG00000067292,91,118,73,207,226,59
ENSMUSG00000021891,1179,1003,820,2881,2160,3678
ENSMUSG00000018427,548,439,401,251,186,233
ENSMUSG00000021852,9,7,5,34,38,20
ENSMUSG00000024012,2345,1849,1628,957,593,968
ENSMUSG00000058670,261,275,219,544,606,180
ENSMUSG00000083917,2,1,0,12,13,36
ENSMUSG00000028459,11671,9179,6888,3138,2248,3173
ENSMUSG00000040690,34,48,26,32,40,38
ENSMUSG00000091844,111,89,71,134,99,195
ENSMUSG00000076508,1693,1159,1148,731,3274,644
ENSMUSG00000085342,17,12,12,5,5,4
ENSMUSG00000001054,1814,1451,1177,571,374,710
ENSMUSG00000031398,363,379,269,269,186,533
ENSMUSG00000007987,691,510,432,145,125,149
ENSMUSG00000060073,3540,2764,2262,2015,1283,2930
ENSMUSG00000096638,568,503,204,248,281,169
ENSMUSG00000027867,0,1,0,5,15,1
ENSMUSG00000026836,29,33,27,19,15,12
ENSMUSG00000060143,44,42,52,31,30,170
ENSMUSG00000096862,9,21,0,18,31,9
ENSMUSG00000028794,69,65,58,170,250,126
ENSMUSG00000014602,83,77,81,113,78,29
ENSMUSG00000026436,12225,10688,7629,5031,3583,4990
ENSMUSG00000083789,222,199,124,529,559,224
ENSMUSG00000083097,313,250,256,200,126,221
ENSMUSG00000109511,2284,1658,1424,1296,903,1429
ENSMUSG00000040354,2450,1984,1497,2448,1673,3578
ENSMUSG00000069515,86,47,65,15,11,21
ENSMUSG00000050410,400,237,189,93,43,96
ENSMUSG00000002799,43,41,24,223,165,503
ENSMUSG00000075279,1014,707,629,783,494,867
ENSMUSG00000038179,4059,3032,2504,5441,3374,7903
ENSMUSG00000030035,1179,906,731,351,197,344
ENSMUSG00000002997,325,209,139,92,46,53
ENSMUSG00000037808,3724,3362,2501,1460,1073,1619
ENSMUSG00000035840,1242,1031,983,466,290,581
ENSMUSG00000019820,12248,11985,8154,11766,10342,12068
ENSMUSG00000024901,18,16,14,62,49,96
ENSMUSG00000024181,906,687,604,490,286,692
ENSMUSG00000053472,0,0,0,12,12,0
ENSMUSG00000058357,17,19,9,9,6,9
ENSMUSG00000000861,18431,18697,13048,8817,5912,7770
ENSMUSG00000076569,14355,22477,12296,14670,49513,1058
ENSMUSG00000032434,4989,4188,3393,1943,1274,2745
ENSMUSG00000014470,1186,987,861,524,336,578
ENSMUSG00000018334,995,915,605,1806,1277,1875
ENSMUSG00000037224,587,472,356,240,242,198
ENSMUSG00000037568,130,128,80,40,43,34
ENSMUSG00000070601,274,309,192,194,236,121
ENSMUSG00000105043,97,128,86,20,15,15
ENSMUSG00000081196,3,5,3,18,15,19
ENSMUSG00000044405,7,0,2,8,11,8
ENSMUSG00000036585,234,202,176,114,69,88
ENSMUSG00000095589,2465,2074,1726,1708,1345,644
ENSMUSG00000079630,122,100,73,60,40,52
ENSMUSG00000020532,5258,4182,3518,5664,4543,6770
ENSMUSG00000045136,353,278,259,93,72,158
ENSMUSG00000089698,39,43,47,45,48,4
ENSMUSG00000055108,195,182,140,79,59,71
ENSMUSG00000073197,92,71,55,26,20,49
ENSMUSG00000109238,24,17,15,41,46,8
ENSMUSG00000028990,936,757,634,1382,956,2352
ENSMUSG00000083754,21,3,19,3,3,9
ENSMUSG00000034795,165,101,99,356,298,396
ENSMUSG00000060950,556,441,390,880,683,1258
ENSMUSG00000022889,1217,891,722,790,544,918
ENSMUSG00000030738,8490,6283,5262,7376,5691,7904
ENSMUSG00000038352,2461,2056,1652,635,460,701
ENSMUSG00000044328,180,165,117,80,54,81
ENSMUSG00000082199,20,43,12,11,6,10
ENSMUSG00000059970,229,165,143,490,309,694
ENSMUSG00000087642,22,27,30,12,7,4
ENSMUSG00000028381,6677,5702,4565,2656,1946,2695
ENSMUSG00000028132,110,52,52,25,17,14
ENSMUSG00000047757,358,285,252,119,88,158
ENSMUSG00000046994,2769,2691,1860,1192,867,1562
ENSMUSG00000037996,2,5,5,8,14,4
ENSMUSG00000047370,230,222,159,122,94,20
ENSMUSG00000028218,462,447,349,155,147,232
ENSMUSG00000056895,188,106,138,34,42,45
ENSMUSG00000027905,1529,1269,973,668,494,843
ENSMUSG00000036067,892,843,627,314,242,281
ENSMUSG00000083773,0,0,8,16,0,0
ENSMUSG00000057246,330,264,251,130,163,143
ENSMUSG00000068600,25,10,11,3,3,2
ENSMUSG00000024440,43,51,60,25,19,21
ENSMUSG00000019843,2921,2598,1892,1464,1144,1221
ENSMUSG00000037818,1512,1310,931,767,643,644
ENSMUSG00000067599,129,81,99,43,48,102
ENSMUSG00000038861,4530,3978,3034,1552,1134,1917
ENSMUSG00000005981,3173,2645,2038,3102,2194,3909
ENSMUSG00000020734,20,23,16,24,27,7
ENSMUSG00000029561,1466,898,900,457,489,467
ENSMUSG00000059479,3110,2468,1706,588,407,693
ENSMUSG00000041836,1765,1371,1244,928,651,754
ENSMUSG00000023034,678,722,588,1598,1634,1455
ENSMUSG00000021714,130,87,80,41,31,38
ENSMUSG00000026315,143,190,110,122,115,85
ENSMUSG00000037124,70,39,10,6,20,8
ENSMUSG00000039294,5736,4829,3854,1640,1094,1971
ENSMUSG00000027630,11821,9768,7935,3784,2575,3651
ENSMUSG00000048612,5266,4244,3215,1185,1161,1094
ENSMUSG00000052749,6893,5866,4473,1541,1098,2112
ENSMUSG00000027996,2,5,1,15,22,4
ENSMUSG00000031170,119,72,39,45,63,13
ENSMUSG00000033082,124,126,92,63,84,49
ENSMUSG00000025736,1201,936,699,547,394,713
ENSMUSG00000024194,681,465,372,211,120,238
ENSMUSG00000004929,471,281,288,595,378,714
ENSMUSG00000032714,88,63,32,19,20,25
ENSMUSG00000019863,1232,1092,810,516,345,715
ENSMUSG00000081236,189,211,133,93,76,86
ENSMUSG00000043252,2085,1880,1554,712,544,940
ENSMUSG00000099517,1232,447,666,180,91,160
ENSMUSG00000022070,562,465,313,255,179,361
ENSMUSG00000021303,5,2,0,17,32,41
ENSMUSG00000025795,3305,2931,2109,681,429,600
ENSMUSG00000040219,26,13,14,21,15,5
ENSMUSG00000084230,102,94,79,17,11,17
ENSMUSG00000083558,883,1207,257,936,242,136
ENSMUSG00000020766,600,406,384,291,201,441
ENSMUSG00000026433,710,567,467,273,129,289
ENSMUSG00000033826,2378,2793,1646,1100,1070,778
ENSMUSG00000019979,2791,2453,1859,9111,6821,14330
ENSMUSG00000020798,1036,1015,661,253,211,213
ENSMUSG00000024953,1926,1262,1233,782,471,906
ENSMUSG00000028307,5,8,1,11,12,5
ENSMUSG00000048007,345,222,195,286,243,591
ENSMUSG00000030200,92,55,70,30,29,27
ENSMUSG00000029007,1008,844,642,377,259,373
ENSMUSG00000051262,73,20,24,26,29,15
ENSMUSG00000095338,23,10,2,2,3,2
ENSMUSG00000091119,15,11,15,1,3,3
ENSMUSG00000041624,24,26,19,25,15,16
ENSMUSG00000082099,7,4,6,2,0,1
ENSMUSG00000071036,351,442,262,208,165,299
ENSMUSG00000026874,2,1,1,11,20,10
ENSMUSG00000081191,2,1,3,13,13,3
ENSMUSG00000090066,1,0,0,11,26,7
ENSMUSG00000053617,5004,5152,3424,1774,1247,1891
ENSMUSG00000034875,695,488,418,239,147,332
ENSMUSG00000027073,296,215,188,186,205,57
ENSMUSG00000082101,122,96,15,15,20,4
ENSMUSG00000034165,4186,5460,3989,2683,2494,2459
ENSMUSG00000074252,1,6,2,6,14,8
ENSMUSG00000020695,28,18,9,50,62,23
ENSMUSG00000017837,1138,893,757,436,305,569
ENSMUSG00000047295,4,6,1,25,34,10
ENSMUSG00000079523,14138,9459,9153,5515,3213,4588
ENSMUSG00000020392,2088,1556,1474,905,532,977
ENSMUSG00000035062,169,168,125,64,30,78
ENSMUSG00000098142,17,24,19,9,4,5
ENSMUSG00000046341,9,0,2,66,22,0
ENSMUSG00000030847,92,65,47,81,36,38
ENSMUSG00000024258,543,388,337,352,263,487
ENSMUSG00000041057,5550,4191,3607,5613,4834,6226
ENSMUSG00000026571,1434,1246,999,609,415,662
ENSMUSG00000082112,34,23,25,5,12,0
ENSMUSG00000056209,927,721,688,1040,635,1430
ENSMUSG00000085666,9,5,3,10,17,3
ENSMUSG00000063689,205,122,154,78,46,108
ENSMUSG00000059182,3357,2931,2582,1358,843,1342
ENSMUSG00000035133,1607,1374,1292,676,411,704
ENSMUSG00000076536,332,217,648,112,223,220
ENSMUSG00000042655,0,0,0,6,5,15
ENSMUSG00000085513,19,1,9,0,0,8
ENSMUSG00000042354,2277,1722,1350,2764,2375,3630
ENSMUSG00000082277,211,246,202,1125,1656,329
ENSMUSG00000092300,13,14,11,15,14,23
ENSMUSG00000025894,1162,971,772,649,517,1002
ENSMUSG00000037824,2718,2187,1981,857,624,1205
ENSMUSG00000024936,25,30,23,16,8,9
ENSMUSG00000025395,860,604,509,520,369,763
ENSMUSG00000027022,1,0,0,5,17,0
ENSMUSG00000032591,500,455,300,181,129,136
ENSMUSG00000049571,17,20,16,81,90,28
ENSMUSG00000061613,1612,1266,1049,1390,1029,1574
ENSMUSG00000040123,4260,4120,3017,1484,1023,1411
ENSMUSG00000030279,3592,3275,2441,1220,997,1165
ENSMUSG00000063919,3,4,3,22,20,3
ENSMUSG00000075467,991,852,588,641,446,772
ENSMUSG00000026393,6697,5522,4456,1848,1213,1649
ENSMUSG00000033885,11007,9267,6665,3251,2145,3276
ENSMUSG00000024587,3686,2736,2367,2490,1723,2892
ENSMUSG00000087701,38,26,31,16,0,16
ENSMUSG00000049687,63,29,32,14,14,16
ENSMUSG00000101878,316,47,136,0,0,206
ENSMUSG00000045983,15786,12769,9687,17379,12960,18771
ENSMUSG00000046008,0,0,0,2,72,1
ENSMUSG00000002808,32,12,9,2,0,3
ENSMUSG00000021725,2273,1974,1457,847,638,781
ENSMUSG00000040560,2812,2558,1945,991,668,1039
ENSMUSG00000028943,67,110,78,148,134,107
ENSMUSG00000020739,2298,1811,1391,1232,851,1516
ENSMUSG00000036825,265,140,117,61,36,63
ENSMUSG00000067367,1219,767,665,1268,909,1020
ENSMUSG00000023019,335,204,282,134,75,76
ENSMUSG00000031799,10673,8280,6958,3650,2578,4087
ENSMUSG00000034902,3736,3327,2468,1703,1103,1498
ENSMUSG00000022842,239,169,150,240,205,327
ENSMUSG00000081343,49,32,22,71,55,79
ENSMUSG00000037376,1576,1236,926,1346,1063,1504
ENSMUSG00000051998,8716,7044,5724,1837,1314,1180
ENSMUSG00000003438,794,571,459,589,363,646
ENSMUSG00000049214,79,74,53,73,72,20
ENSMUSG00000070808,2489,2819,1846,1511,1281,1262
ENSMUSG00000033972,1566,1100,916,459,311,556
ENSMUSG00000047735,30995,25235,20338,6334,4115,7768
ENSMUSG00000081620,30,50,59,35,17,43
ENSMUSG00000025172,13,4,14,6,6,7
ENSMUSG00000078920,2909,1969,2031,858,495,1441
ENSMUSG00000055717,1241,989,820,446,302,489
ENSMUSG00000062372,0,1,0,17,19,1
ENSMUSG00000076612,28297,14392,6894,21505,9842,1668
ENSMUSG00000026817,12,6,4,71,59,120
ENSMUSG00000026087,1822,1287,1130,771,487,1185
ENSMUSG00000060743,33918,24769,21612,10235,6059,12913
ENSMUSG00000038987,28,13,12,42,19,47
ENSMUSG00000069713,99,53,41,40,25,79
ENSMUSG00000056602,5622,5387,4080,1690,1610,1192
ENSMUSG00000029468,637,536,458,740,530,978
ENSMUSG00000024912,34,41,24,168,142,215
ENSMUSG00000071662,1423,1120,1002,774,425,1183
ENSMUSG00000025608,122,68,54,63,58,52
ENSMUSG00000038206,1229,1055,830,444,328,569
ENSMUSG00000051397,250,224,179,64,48,114
ENSMUSG00000074625,0,0,1,15,25,15
ENSMUSG00000007891,15412,11208,13922,6974,3090,7467
ENSMUSG00000042414,0,0,0,7,12,1
ENSMUSG00000013338,5,2,1,17,15,3
ENSMUSG00000045802,11,15,19,3,2,1
ENSMUSG00000082080,22,33,11,28,23,8
ENSMUSG00000106298,18,10,11,2,1,1
ENSMUSG00000002870,2607,1740,1470,1241,850,1236
ENSMUSG00000025521,561,458,370,229,124,188
ENSMUSG00000081052,21,5,5,8,6,8
ENSMUSG00000073198,0,0,0,0,16,0
ENSMUSG00000040181,5098,4464,3395,1614,1107,1806
ENSMUSG00000041685,2383,2411,1777,1051,832,1051
ENSMUSG00000062753,820,585,565,214,145,393
ENSMUSG00000019814,1365,1093,802,1559,1207,1639
ENSMUSG00000109035,18,26,14,28,23,48
ENSMUSG00000027185,2623,2308,1606,3389,2643,4946
ENSMUSG00000080935,37,25,29,11,9,24
ENSMUSG00000059461,25,39,15,21,5,7
ENSMUSG00000104031,8,5,7,5,7,13
ENSMUSG00000076613,30192,19057,17266,22033,19574,2497
ENSMUSG00000083186,428,529,385,184,146,184
ENSMUSG00000003444,464,328,291,235,199,327
ENSMUSG00000001467,1608,1133,1301,1184,879,1418
ENSMUSG00000046768,40,23,15,35,39,11
ENSMUSG00000029121,64,74,36,47,53,14
ENSMUSG00000034762,8,5,6,38,27,24
ENSMUSG00000024312,1079,836,658,1901,1334,2097
ENSMUSG00000000386,1862,1312,1254,2563,2153,4643
ENSMUSG00000057069,9936,8689,6522,2507,1686,2052
ENSMUSG00000099927,694,353,292,964,1062,410
ENSMUSG00000035711,6528,5166,3918,1243,795,1347
ENSMUSG00000002633,15,17,8,11,7,11
ENSMUSG00000002885,14605,12543,8645,4463,3600,4653
ENSMUSG00000038463,19,7,6,21,12,21
ENSMUSG00000050965,2175,1755,1292,632,499,566
ENSMUSG00000028678,392,236,229,115,95,94
ENSMUSG00000017767,41,28,25,12,13,6
ENSMUSG00000099591,15,18,8,45,36,23
ENSMUSG00000081593,16,8,3,17,26,10
ENSMUSG00000079635,22,62,28,7,14,6
ENSMUSG00000095193,638,566,456,426,341,879
ENSMUSG00000027203,1146,687,725,604,384,924
ENSMUSG00000049202,3,12,5,5,12,1
ENSMUSG00000083645,101,85,72,31,17,25
ENSMUSG00000079466,3,7,6,14,20,0
ENSMUSG00000059810,2198,1944,1440,1030,803,932
ENSMUSG00000049539,3461,1511,1912,586,386,787
ENSMUSG00000105906,15305,11519,9503,2679,2649,3647
ENSMUSG00000011632,4,8,5,14,17,18
ENSMUSG00000083708,0,0,0,7,0,0
ENSMUSG00000032348,47,43,43,13,7,18
ENSMUSG00000055424,19,21,14,14,9,11
ENSMUSG00000041954,537,425,415,847,540,1540
ENSMUSG00000032011,235,143,94,43,26,33
ENSMUSG00000020321,5540,4133,3960,1685,1000,2292
ENSMUSG00000036480,1,0,0,12,18,29
ENSMUSG00000041506,1129,834,663,1140,922,1513
ENSMUSG00000096078,480,631,290,244,275,175
ENSMUSG00000038679,3989,3476,2794,1534,1142,1264
ENSMUSG00000030643,2312,2033,1490,764,683,560
ENSMUSG00000009013,4134,2917,2789,2151,1400,2919
ENSMUSG00000021868,1042,784,586,558,429,758
ENSMUSG00000055762,6500,4863,4067,4872,3139,5710
ENSMUSG00000028382,26570,21615,18160,9019,5856,10587
ENSMUSG00000024777,643,550,408,183,148,214
ENSMUSG00000041633,536,540,398,254,138,167
ENSMUSG00000038697,1819,1418,1174,1115,869,1398
ENSMUSG00000023960,82,58,42,28,18,23
ENSMUSG00000098814,2788,1716,1562,1748,657,644
ENSMUSG00000082570,111,81,65,14,9,14
ENSMUSG00000028373,80,74,49,102,94,45
ENSMUSG00000062960,248,200,195,137,100,113
ENSMUSG00000071042,11610,9247,7276,4972,3016,4070
ENSMUSG00000006589,899,653,629,2386,1411,4244
ENSMUSG00000020838,26,23,11,18,17,5
ENSMUSG00000045377,58,43,24,28,12,25
ENSMUSG00000071347,7,10,3,14,27,12
ENSMUSG00000095054,23,24,5,6,9,5
ENSMUSG00000079641,14268,10810,10284,3020,2005,7468
ENSMUSG00000022048,2945,2480,2103,765,523,571
ENSMUSG00000079484,485,494,304,221,188,235
ENSMUSG00000024084,18,20,17,16,20,4
ENSMUSG00000031824,1352,1041,1005,758,373,494
ENSMUSG00000031066,2028,1964,1295,758,579,814
ENSMUSG00000103880,14,12,5,3,3,0
ENSMUSG00000010142,8520,6405,5036,1374,852,1373
ENSMUSG00000002565,256,231,185,113,113,132
ENSMUSG00000078249,5,14,4,8,9,9
ENSMUSG00000004105,341,479,280,164,109,133
ENSMUSG00000090043,91,83,67,49,23,64
ENSMUSG00000078812,7200,4696,4660,6549,4121,9724
ENSMUSG00000105645,40,20,0,83,84,36
ENSMUSG00000031939,2825,2007,1668,3167,2711,3723
ENSMUSG00000109143,0,4,4,2,1,5
ENSMUSG00000030345,91,57,36,14,17,5
ENSMUSG00000029247,4119,3017,2729,2155,1408,2956
ENSMUSG00000022389,2162,1756,1458,4165,2959,6564
ENSMUSG00000038510,1035,649,592,1177,813,1074
ENSMUSG00000024293,5737,4655,3968,2194,1500,2670
ENSMUSG00000033272,1753,1399,1103,1037,759,1681
ENSMUSG00000092511,0,0,15,0,0,0
ENSMUSG00000039599,3006,2803,1867,1121,774,1470
ENSMUSG00000090119,22,18,14,13,14,3
ENSMUSG00000082180,84,92,54,69,31,49
ENSMUSG00000092192,54,19,39,16,17,21
ENSMUSG00000020758,103,107,54,74,63,69
ENSMUSG00000030008,334,249,186,132,82,172
ENSMUSG00000018848,2625,1852,1612,1930,1486,2174
ENSMUSG00000028044,299,163,156,101,54,83
ENSMUSG00000050751,8,22,12,14,24,5
ENSMUSG00000109864,140,161,104,244,252,369
ENSMUSG00000001105,1113,827,705,571,365,799
ENSMUSG00000005800,155,49,31,74,137,85
ENSMUSG00000081228,4,8,4,5,13,3
ENSMUSG00000030376,11,7,6,21,22,10
ENSMUSG00000018381,3122,2376,1951,745,406,535
ENSMUSG00000022881,494,267,287,158,87,260
ENSMUSG00000042845,38,43,21,18,24,20
ENSMUSG00000097565,5,0,11,0,16,0
ENSMUSG00000033170,38,43,29,61,35,24
ENSMUSG00000036570,37,40,30,38,46,10
ENSMUSG00000032511,10,9,4,15,18,18
ENSMUSG00000026519,1475,1298,1033,471,316,396
ENSMUSG00000030268,123,75,61,120,112,165
ENSMUSG00000074622,1275,1236,1055,1222,679,636
ENSMUSG00000025477,958,906,657,439,367,319
ENSMUSG00000022894,70,36,68,38,27,20
ENSMUSG00000024067,631,439,359,393,226,441
ENSMUSG00000069874,2545,1687,1725,680,426,734
ENSMUSG00000021576,1572,1165,1020,616,370,660
ENSMUSG00000028015,6494,5178,4461,2079,1416,2156
ENSMUSG00000031613,2668,2107,2548,853,367,616
ENSMUSG00000103677,27,6,26,13,14,25
ENSMUSG00000031503,176,165,179,190,146,159
ENSMUSG00000045538,503,366,282,262,167,337
ENSMUSG00000021306,3521,3204,2535,1072,704,987
ENSMUSG00000048120,3077,2586,2256,1023,698,1014
ENSMUSG00000013353,76,82,65,197,219,50
ENSMUSG00000022181,1924,2013,1618,1018,289,565
ENSMUSG00000032562,13758,10450,8570,4452,2962,3699
ENSMUSG00000006378,59,29,35,30,20,36
ENSMUSG00000023982,24,14,24,5,2,7
ENSMUSG00000016756,22779,21275,15049,6851,5638,6504
ENSMUSG00000082931,32,41,33,17,8,18
ENSMUSG00000079037,622,455,484,264,193,225
ENSMUSG00000037960,364,258,258,88,45,63
ENSMUSG00000039087,5127,4883,3402,2420,1797,2033
ENSMUSG00000022428,245,155,145,539,319,767
ENSMUSG00000068874,315,167,197,62,51,64
ENSMUSG00000036944,1589,1217,945,449,339,349
ENSMUSG00000019139,1507,1149,893,942,605,1256
ENSMUSG00000028982,187,154,120,99,78,139
ENSMUSG00000044847,784,682,483,359,268,463
ENSMUSG00000031539,1405,1195,956,492,310,441
ENSMUSG00000043099,43,24,25,453,319,711
ENSMUSG00000026285,54,37,31,43,53,30
ENSMUSG00000074899,127,127,90,118,98,113
ENSMUSG00000029128,911,740,615,304,188,451
ENSMUSG00000039934,2752,2503,2099,1488,980,1292
ENSMUSG00000032311,178,150,112,55,63,86
ENSMUSG00000034557,345,274,250,300,167,125
ENSMUSG00000024535,77,85,88,55,18,44
ENSMUSG00000047861,1,2,0,22,39,17
ENSMUSG00000064254,543,345,332,197,87,160
ENSMUSG00000015597,17265,16316,11081,6002,4702,6551
ENSMUSG00000050994,51,16,28,22,17,9
ENSMUSG00000073423,563,466,319,211,157,207
ENSMUSG00000026301,7,7,6,13,28,5
ENSMUSG00000024791,201,98,98,60,43,50
ENSMUSG00000068893,0,23,18,17,21,18
ENSMUSG00000066684,786,678,677,352,167,356
ENSMUSG00000034714,444,434,390,186,112,164
ENSMUSG00000024007,1207,984,872,607,395,680
ENSMUSG00000029048,2969,2175,1913,1226,748,1709
ENSMUSG00000057561,2437,1591,1661,1501,1085,1898
ENSMUSG00000081797,19,19,4,11,4,6
ENSMUSG00000051335,316,342,207,167,207,401
ENSMUSG00000078695,418,323,243,66,50,68
ENSMUSG00000043424,1124,781,732,994,801,1174
ENSMUSG00000048621,1581,1178,1185,265,199,306
ENSMUSG00000080893,26,30,10,12,8,11
ENSMUSG00000027579,141,120,72,50,80,43
ENSMUSG00000054404,4578,3867,3285,1496,1093,1737
ENSMUSG00000027344,75,71,44,29,19,27
ENSMUSG00000026669,523,284,257,164,98,133
ENSMUSG00000002769,33,41,20,56,88,44
ENSMUSG00000024081,4801,4023,3037,3823,3258,4894
ENSMUSG00000006360,3117,2635,2565,346,197,438
ENSMUSG00000025759,1137,1088,776,453,322,461
ENSMUSG00000019230,75,86,64,111,111,33
ENSMUSG00000070369,5686,5831,5571,3188,1385,2671
ENSMUSG00000038644,3609,3343,2349,1061,779,1276
ENSMUSG00000042179,0,0,0,0,17,1
ENSMUSG00000020898,1177,1135,789,4620,3320,6749
ENSMUSG00000022620,618,507,408,210,125,254
ENSMUSG00000005161,2814,1819,1733,987,565,1351
ENSMUSG00000038279,2403,1768,1532,3039,2569,4157
ENSMUSG00000028176,149,195,110,354,418,130
ENSMUSG00000082945,24,24,13,19,14,12
ENSMUSG00000030281,38,21,15,38,25,58
ENSMUSG00000029499,40,35,20,12,8,14
ENSMUSG00000028212,509,303,305,140,120,167
ENSMUSG00000046949,881,902,605,356,268,316
ENSMUSG00000068323,12,10,6,17,17,7
ENSMUSG00000081126,13,8,4,10,1,5
ENSMUSG00000049922,1393,1264,950,586,373,534
ENSMUSG00000057497,966,687,632,639,475,876
ENSMUSG00000031068,2764,1995,1842,3333,2264,5476
ENSMUSG00000029366,1705,1425,1145,653,406,777
ENSMUSG00000038604,1107,1252,835,684,467,665
ENSMUSG00000025134,2492,1680,1476,2311,1563,2676
ENSMUSG00000024381,8717,7040,5654,2671,1662,2296
ENSMUSG00000050700,0,0,1,3,15,1
ENSMUSG00000027078,2176,1427,1115,706,519,606
ENSMUSG00000024997,1843,1256,1185,946,616,1635
ENSMUSG00000031709,1923,1606,1426,698,524,412
ENSMUSG00000068184,153,126,90,185,116,181
ENSMUSG00000028699,84,50,38,43,33,28
ENSMUSG00000080848,2542,1108,993,968,686,225
ENSMUSG00000028211,13177,10783,8690,25925,17895,45733
ENSMUSG00000020496,3820,2967,2335,1682,882,1934
ENSMUSG00000072621,374,343,298,337,357,234
ENSMUSG00000001524,515,370,277,436,311,533
ENSMUSG00000042363,134,94,88,63,31,68
ENSMUSG00000091311,0,1,0,7,11,5
ENSMUSG00000033102,771,727,539,375,280,332
ENSMUSG00000053980,11,9,1,11,12,6
ENSMUSG00000063334,2983,2333,1895,4731,3471,5720
ENSMUSG00000021754,22761,20045,14127,8508,7134,7135
ENSMUSG00000093505,13,8,0,22,7,0
ENSMUSG00000018387,108,132,90,50,54,55
ENSMUSG00000053646,110,150,70,88,102,64
ENSMUSG00000074886,15045,14015,9970,4545,3431,5801
ENSMUSG00000020577,4237,3540,2935,1208,721,1403
ENSMUSG00000027784,1113,930,722,319,254,336
ENSMUSG00000082912,0,1,3,9,18,10
ENSMUSG00000018924,27,9,13,36,47,89
ENSMUSG00000060703,679,496,493,283,151,256
ENSMUSG00000015484,2,3,1,13,12,0
ENSMUSG00000061778,1209,1062,1008,458,257,558
ENSMUSG00000106016,19,10,8,6,0,5
ENSMUSG00000025612,1806,1586,1287,688,548,790
ENSMUSG00000022043,4583,4040,3201,1166,709,1335
ENSMUSG00000003410,31,37,20,61,72,24
ENSMUSG00000047676,1314,521,502,106,40,43
ENSMUSG00000044229,2992,2901,2176,1237,784,1137
ENSMUSG00000042826,53,59,37,69,66,21
ENSMUSG00000061518,2618,1809,1694,1591,1054,2223
ENSMUSG00000000402,156,155,117,114,106,68
ENSMUSG00000020346,7331,6218,4831,2653,1767,3671
ENSMUSG00000029270,2201,2031,1478,424,295,471
ENSMUSG00000020396,89,77,43,366,261,356
ENSMUSG00000099998,55,47,6,39,22,72
ENSMUSG00000031833,3602,3653,2527,1392,1123,1599
ENSMUSG00000095891,84,125,200,22721,43774,56
ENSMUSG00000005846,2901,2135,1868,2330,1762,3297
ENSMUSG00000030068,3899,4780,3434,1223,798,1770
ENSMUSG00000035390,31,49,27,23,19,32
ENSMUSG00000041842,140,113,32,44,57,35
ENSMUSG00000004356,4006,3482,2584,11702,9598,18626
ENSMUSG00000050671,4,5,3,2,6,4
ENSMUSG00000042195,82,70,53,91,82,108
ENSMUSG00000026856,712,536,409,213,123,234
ENSMUSG00000105231,117,78,62,48,22,48
ENSMUSG00000005370,3133,2284,1805,5815,4101,7864
ENSMUSG00000042724,1635,1574,1058,1924,1474,2074
ENSMUSG00000025137,1342,1126,951,897,593,1084
ENSMUSG00000048899,5,5,2,5,12,2
ENSMUSG00000020534,822,642,542,1031,816,1302
ENSMUSG00000073131,611,576,485,231,173,311
ENSMUSG00000047591,4,7,2,15,4,16
ENSMUSG00000102543,41,17,13,67,72,79
ENSMUSG00000020399,290,203,184,150,147,125
ENSMUSG00000042675,2378,2155,1481,928,596,1194
ENSMUSG00000030256,1199,963,685,2272,1441,3196
ENSMUSG00000013160,2047,1564,1325,807,511,873
ENSMUSG00000026725,37,24,20,12,13,9
ENSMUSG00000022551,1740,1192,1057,921,564,1351
ENSMUSG00000038412,598,452,389,328,218,511
ENSMUSG00000052681,9649,7561,6291,3243,2071,3513
ENSMUSG00000025228,4160,3385,2733,1549,1051,2032
ENSMUSG00000025068,777,524,523,625,363,703
ENSMUSG00000019437,416,339,226,276,225,416
ENSMUSG00000082986,77,69,47,34,31,34
ENSMUSG00000030880,1873,1589,1148,1915,1485,2693
ENSMUSG00000022132,86,64,47,25,27,34
ENSMUSG00000047878,199,167,158,93,62,69
ENSMUSG00000097064,1052,996,724,443,320,420
ENSMUSG00000032563,1900,1489,1192,1038,749,1292
ENSMUSG00000020481,2,4,1,12,14,0
ENSMUSG00000074419,440,368,292,74,41,55
ENSMUSG00000018322,3688,3291,2310,1352,982,1412
ENSMUSG00000018470,20,15,15,15,12,4
ENSMUSG00000025938,452,377,333,251,202,222
ENSMUSG00000021556,1239,1006,836,429,291,429
ENSMUSG00000015804,1652,1347,1084,603,411,886
ENSMUSG00000038759,5316,3976,3374,4045,3007,6226
ENSMUSG00000083210,111,130,98,43,34,75
ENSMUSG00000095040,13,9,2,22,9,9
ENSMUSG00000044949,102,85,47,163,112,188
ENSMUSG00000010538,158,116,80,152,100,198
ENSMUSG00000044783,5394,4582,3506,2095,1484,2091
ENSMUSG00000074213,56,66,37,25,13,24
ENSMUSG00000038831,1002,947,681,337,252,333
ENSMUSG00000026921,131,134,105,80,46,81
ENSMUSG00000018378,145,128,79,350,289,389
ENSMUSG00000069011,0,4,0,0,11,4
ENSMUSG00000074224,3,6,5,21,25,8
ENSMUSG00000071342,17,13,10,11,17,7
ENSMUSG00000026049,528,447,409,250,186,413
ENSMUSG00000037892,12,8,9,6,6,6
ENSMUSG00000001270,783,486,608,358,247,383
ENSMUSG00000055003,54,42,28,24,18,15
ENSMUSG00000020899,2757,2465,1775,3268,2420,4534
ENSMUSG00000030942,2185,1573,1299,1712,1253,2134
ENSMUSG00000083630,34,40,25,47,35,45
ENSMUSG00000028161,10700,9085,7168,3672,2474,3599
ENSMUSG00000085791,89,53,2,42,39,6
ENSMUSG00000032733,1009,895,641,340,235,301
ENSMUSG00000090124,114,59,62,98,62,68
ENSMUSG00000026011,81,65,43,114,116,55
ENSMUSG00000005447,1077,773,616,218,127,302
ENSMUSG00000076937,20749,12730,11069,5860,4599,6109
ENSMUSG00000024851,3814,3535,2597,2011,1346,1744
ENSMUSG00000028175,287,147,141,49,22,55
ENSMUSG00000048078,679,713,584,241,182,111
ENSMUSG00000018446,1065,798,606,1410,1049,1478
ENSMUSG00000047181,161,149,81,86,96,39
ENSMUSG00000034117,18,14,3,19,15,14
ENSMUSG00000038775,228,183,223,71,53,89
ENSMUSG00000022964,1524,1321,1041,304,170,235
ENSMUSG00000028011,483,437,281,224,192,203
ENSMUSG00000037386,20,22,16,11,6,1
ENSMUSG00000046805,14276,9594,11345,7143,4176,6787
ENSMUSG00000000058,26,25,36,10,4,18
ENSMUSG00000047617,701,617,426,216,163,320
ENSMUSG00000040522,1034,870,798,559,228,376
ENSMUSG00000081965,5,4,4,22,17,7
ENSMUSG00000021611,195,210,145,278,179,424
ENSMUSG00000005043,1865,1747,1147,564,359,389
ENSMUSG00000035451,17,23,10,25,25,11
ENSMUSG00000057137,1440,1234,1083,515,353,500
ENSMUSG00000021692,628,460,418,505,382,639
ENSMUSG00000009739,1855,1857,1258,480,376,328
ENSMUSG00000063954,5944,3546,3912,1766,1418,1654
ENSMUSG00000046636,15,14,12,0,5,20
ENSMUSG00000025008,376,373,297,137,99,146
ENSMUSG00000108686,6,3,15,2,1,1
ENSMUSG00000070713,35,22,24,22,8,40
ENSMUSG00000033047,5205,3662,3073,3741,2642,4447
ENSMUSG00000014686,382,305,266,124,94,123
ENSMUSG00000042514,2240,1945,1392,579,338,725
ENSMUSG00000045251,738,605,441,1217,866,1981
ENSMUSG00000040441,347,342,230,137,106,119
ENSMUSG00000046856,21,9,3,14,10,21
ENSMUSG00000035834,754,584,450,669,476,698
ENSMUSG00000032373,18,14,11,40,44,57
ENSMUSG00000022792,749,552,414,425,295,633
ENSMUSG00000039771,1261,822,715,902,589,970
ENSMUSG00000020728,19,21,14,33,31,9
ENSMUSG00000034867,1677,1464,1075,836,557,915
ENSMUSG00000080796,88,92,70,27,24,33
ENSMUSG00000057388,1482,927,945,580,396,787
ENSMUSG00000032207,356,204,241,172,122,210
ENSMUSG00000096045,0,0,0,3,16,0
ENSMUSG00000033852,507,512,351,128,157,437
ENSMUSG00000032274,53,73,41,62,79,33
ENSMUSG00000033581,45,36,19,48,67,20
ENSMUSG00000044024,79,77,48,126,89,177
ENSMUSG00000048756,4010,3707,2651,6436,4567,8396
ENSMUSG00000053289,3035,2496,1920,3072,2587,3386
ENSMUSG00000075605,2,1,1,13,19,8
ENSMUSG00000068397,194,319,54,39,239,42
ENSMUSG00000040729,4,3,4,9,20,10
ENSMUSG00000034667,3042,2348,1811,2691,1906,3224
ENSMUSG00000031432,756,556,526,464,368,694
ENSMUSG00000037685,11372,10017,8382,3368,1962,3119
ENSMUSG00000026566,213,235,172,166,88,113
ENSMUSG00000038291,3340,2802,2529,968,546,1164
ENSMUSG00000013419,19,19,11,57,60,77
ENSMUSG00000033751,1491,1065,976,886,606,1087
ENSMUSG00000069300,1312,649,864,259,209,450
ENSMUSG00000031119,42,46,46,26,14,16
ENSMUSG00000030657,3391,3540,2098,950,831,743
ENSMUSG00000040385,11807,8458,7865,4704,2590,4902
ENSMUSG00000031402,2869,2057,1851,824,442,814
ENSMUSG00000045573,5,1,4,14,11,4
ENSMUSG00000027010,2267,1705,1325,783,588,692
ENSMUSG00000056204,1101,851,699,336,200,433
ENSMUSG00000074228,114,111,56,37,19,14
ENSMUSG00000038482,1756,1170,975,2074,1449,2723
ENSMUSG00000075327,1208,950,677,635,512,671
ENSMUSG00000076655,1191,837,1227,1132,508,522
ENSMUSG00000002325,7493,5132,4699,2490,1774,3877
ENSMUSG00000001794,3959,2887,2665,1298,829,1455
ENSMUSG00000017417,99,73,52,34,49,39
ENSMUSG00000082935,16,20,15,44,38,71
ENSMUSG00000034771,125,122,70,47,41,30
ENSMUSG00000024485,1,0,0,8,16,3
ENSMUSG00000037622,1045,1011,656,386,294,447
ENSMUSG00000109510,32,16,0,12,0,55
ENSMUSG00000033027,39,18,16,21,26,56
ENSMUSG00000026457,4673,3431,3103,1752,1053,1757
ENSMUSG00000029204,9330,8665,6472,3347,2565,3672
ENSMUSG00000005873,3474,2721,2586,878,409,868
ENSMUSG00000026357,554,397,384,816,503,1248
ENSMUSG00000022619,4,5,1,15,19,4
ENSMUSG00000035329,1663,1449,1166,530,433,773
ENSMUSG00000062825,27855,21273,17229,11934,6993,15606
ENSMUSG00000050627,6537,5640,4428,1371,848,1683
ENSMUSG00000051675,328,258,205,531,333,923
ENSMUSG00000085795,360,387,313,489,306,550
ENSMUSG00000075266,94,59,60,27,17,30
ENSMUSG00000030735,6,0,0,11,16,0
ENSMUSG00000029036,1764,1377,1176,2531,2140,3579
ENSMUSG00000032575,2537,1742,1442,1043,637,994
ENSMUSG00000035351,365,287,235,220,152,298
ENSMUSG00000028649,177789,168118,114202,54761,45533,53344
ENSMUSG00000027852,4017,3377,2730,1549,1078,2045
ENSMUSG00000029570,2043,1834,1412,549,393,527
ENSMUSG00000025889,3,0,0,0,0,0
ENSMUSG00000026029,4836,4202,3106,1766,1227,1714
ENSMUSG00000068748,14,14,9,36,35,11
ENSMUSG00000002825,409,352,293,469,362,637
ENSMUSG00000112023,727,420,460,494,359,311
ENSMUSG00000084383,194,319,54,39,239,42
ENSMUSG00000063568,223,186,118,85,34,87
ENSMUSG00000060445,36,6,10,16,29,24
ENSMUSG00000054312,1041,720,641,637,380,760
ENSMUSG00000034432,1434,1134,862,691,514,1114
ENSMUSG00000024621,14324,13848,11541,7579,3014,4371
ENSMUSG00000093955,647,351,926,430,444,250
ENSMUSG00000082901,11,27,12,15,12,11
ENSMUSG00000094797,2936,2233,1845,1371,855,857
ENSMUSG00000039217,710,512,579,495,219,460
ENSMUSG00000001785,1733,1348,1191,1696,1238,2446
ENSMUSG00000085361,102,126,94,55,33,56
ENSMUSG00000073940,4982,1045,432,278,331,220
ENSMUSG00000039899,1018,465,573,244,263,280
ENSMUSG00000030703,140,141,86,65,45,43
ENSMUSG00000098923,807,594,466,396,344,749
ENSMUSG00000024451,231,187,158,115,105,108
ENSMUSG00000022057,940,958,975,410,191,309
ENSMUSG00000022066,875,698,544,419,319,419
ENSMUSG00000042444,6173,5363,4372,1436,1091,1738
ENSMUSG00000035692,691,438,436,254,186,352
ENSMUSG00000028655,47,28,16,47,33,38
ENSMUSG00000040997,526,378,315,824,490,1074
ENSMUSG00000057789,1766,1145,1035,710,466,682
ENSMUSG00000062248,473,218,252,136,89,223
ENSMUSG00000073063,20,10,2,0,3,0
ENSMUSG00000040675,2161,1751,1419,2524,1751,3015
ENSMUSG00000037379,8,8,4,13,30,9
ENSMUSG00000033059,3420,2837,2388,1005,696,1124
ENSMUSG00000059741,49,51,37,31,29,34
ENSMUSG00000026750,2429,1715,1652,1448,861,1901
ENSMUSG00000041849,5932,5459,3785,2285,1956,1839
ENSMUSG00000024197,1388,1075,863,520,331,422
ENSMUSG00000034403,1272,1103,901,521,370,609
ENSMUSG00000019837,756,485,386,670,490,629
ENSMUSG00000042745,20,11,6,52,51,39
ENSMUSG00000094410,4865,4829,3834,1554,1501,1899
ENSMUSG00000041202,890,664,574,398,270,296
ENSMUSG00000034724,8631,7714,6396,3388,2587,4161
ENSMUSG00000026987,14700,13557,9647,6701,5533,5961
ENSMUSG00000031157,3254,2504,2057,1309,892,1233
ENSMUSG00000026831,0,1,0,271,172,532
ENSMUSG00000039753,5981,5175,4173,2459,1871,3352
ENSMUSG00000052273,1,2,1,13,24,2
ENSMUSG00000031389,17003,15831,10443,2927,2006,2792
ENSMUSG00000030124,378,275,300,226,189,129
ENSMUSG00000029512,990,1016,685,1564,1170,2178
ENSMUSG00000031897,3853,2603,2373,1140,693,1350
ENSMUSG00000036915,1,0,0,7,13,1
ENSMUSG00000003873,1600,1230,1068,6066,4046,9400
ENSMUSG00000010721,196,180,139,79,71,79
ENSMUSG00000082433,38,56,48,28,20,29
ENSMUSG00000070330,1,0,0,10,17,5
ENSMUSG00000020788,18566,16568,10826,2346,1576,1648
ENSMUSG00000034353,67,36,41,32,29,27
ENSMUSG00000078652,4228,3221,2705,3668,2645,4466
ENSMUSG00000061825,12,18,4,6,11,0
ENSMUSG00000049122,25,17,13,42,22,9
ENSMUSG00000028683,846,645,554,795,667,945
ENSMUSG00000035790,280,185,167,79,45,64
ENSMUSG00000021732,40,19,26,53,68,23
ENSMUSG00000083512,107,94,74,36,24,58
ENSMUSG00000096292,123,120,59,15,22,18
ENSMUSG00000094439,11,18,10,105,68,106
ENSMUSG00000028618,2531,2147,1884,776,492,1122
ENSMUSG00000000416,9,14,9,17,22,5
ENSMUSG00000028436,4128,3471,2562,807,611,1182
ENSMUSG00000078995,1469,1206,924,2794,1996,4171
ENSMUSG00000055760,358,216,229,244,166,369
ENSMUSG00000058446,5653,4760,3670,1815,1243,2236
ENSMUSG00000034127,48,26,9,2,5,4
ENSMUSG00000026904,116,132,91,22,18,25
ENSMUSG00000032243,40,40,24,79,115,43
ENSMUSG00000081782,29,26,17,6,9,11
ENSMUSG00000082381,0,50,23,58,38,0
ENSMUSG00000056394,1277,829,674,444,261,312
ENSMUSG00000020315,19048,18586,13588,7234,5396,6218
ENSMUSG00000031728,683,652,452,219,150,206
ENSMUSG00000075122,289,285,198,3057,2288,4464
ENSMUSG00000028568,2033,1485,1295,1088,738,1709
ENSMUSG00000021733,6178,6131,4200,1835,1453,2627
ENSMUSG00000021281,1122,682,756,355,289,327
ENSMUSG00000033209,1128,1149,798,961,727,1011
ENSMUSG00000073433,15,10,7,22,22,7
ENSMUSG00000025500,297,288,199,82,49,96
ENSMUSG00000007379,240,201,141,1914,1542,3018
ENSMUSG00000037736,37,62,38,67,59,26
ENSMUSG00000091896,3975,3351,2620,1415,882,1928
ENSMUSG00000090602,8,6,5,15,11,4
ENSMUSG00000043618,1,0,1,3,0,1
ENSMUSG00000031762,72,18,26,21,16,23
ENSMUSG00000043157,51,31,31,20,8,16
ENSMUSG00000045126,3,2,1,7,12,6
ENSMUSG00000002058,1554,1109,994,448,291,496
ENSMUSG00000014786,132,122,68,59,25,39
ENSMUSG00000026399,27882,25796,17315,10765,7586,11785
ENSMUSG00000043487,67,67,32,69,63,112
ENSMUSG00000031449,3,1,1,4,13,5
ENSMUSG00000056962,2197,1827,1521,1152,848,1320
ENSMUSG00000075598,0,0,0,16,30,1
ENSMUSG00000027072,49,35,39,13,8,4
ENSMUSG00000021072,2410,1984,1838,930,578,1113
ENSMUSG00000076646,76,204,26,31,20,26
ENSMUSG00000085139,3,7,6,20,9,2
ENSMUSG00000082865,10,12,7,21,48,7
ENSMUSG00000027330,2090,2193,1393,213,148,148
ENSMUSG00000049339,2014,1711,1335,633,410,790
ENSMUSG00000045551,681,578,483,360,218,257
ENSMUSG00000028042,2409,2084,1572,2170,1481,2471
ENSMUSG00000099703,169,145,124,252,206,480
ENSMUSG00000040488,44,46,25,58,52,72
ENSMUSG00000028969,853,768,582,302,184,389
ENSMUSG00000025169,227,162,145,102,60,57
ENSMUSG00000109713,147,114,104,62,38,46
ENSMUSG00000001018,1548,1241,993,592,369,800
ENSMUSG00000016200,22,15,21,36,38,15
ENSMUSG00000026736,64,45,22,26,24,36
ENSMUSG00000022853,358,281,229,132,89,111
ENSMUSG00000025887,28,17,25,8,9,5
ENSMUSG00000045231,683,585,393,288,229,289
ENSMUSG00000095661,150,36,107,62,76,130
ENSMUSG00000104679,36,20,27,13,5,9
ENSMUSG00000078984,1058,1042,723,2997,3472,950
ENSMUSG00000020288,1503,1270,966,422,374,571
ENSMUSG00000001240,15,17,27,12,16,15
ENSMUSG00000031209,2,3,0,4,11,2
ENSMUSG00000005483,1716,1300,1353,803,581,1005
ENSMUSG00000035891,9410,8042,6168,2921,2273,3505
ENSMUSG00000108823,59,55,55,182,152,199
ENSMUSG00000055435,1546,1602,1644,1123,720,687
ENSMUSG00000031925,2939,2799,1873,559,515,307
ENSMUSG00000024735,3692,2875,2674,3411,2213,5150
ENSMUSG00000049133,0,0,0,22,26,1
ENSMUSG00000036181,12305,6801,7331,3855,3043,4509
ENSMUSG00000109446,1,0,0,9,15,0
ENSMUSG00000068740,109,132,83,270,200,374
ENSMUSG00000098509,6,4,5,26,21,6
ENSMUSG00000018476,1488,1631,1128,3461,4019,3320
ENSMUSG00000039735,251,232,165,216,197,191
ENSMUSG00000043102,199,185,127,30,35,41
ENSMUSG00000081284,5,6,1,17,23,16
ENSMUSG00000022272,1739,1544,1520,3648,2157,2930
ENSMUSG00000069135,2199,1897,1527,933,801,1302
ENSMUSG00000096074,2549,2180,1899,1497,851,689
ENSMUSG00000083539,16,21,11,7,2,4
ENSMUSG00000031780,1,3,11,9,10,5
ENSMUSG00000066180,39,33,10,15,21,19
ENSMUSG00000078154,19,14,13,52,10,17
ENSMUSG00000021071,104,110,59,53,51,33
ENSMUSG00000027381,1915,1670,1275,5694,4270,7887
ENSMUSG00000079575,44,0,16,69,42,34
ENSMUSG00000030187,606,484,519,343,275,187
ENSMUSG00000063760,35,42,26,21,23,19
ENSMUSG00000078153,3081,2569,1920,1211,878,1145
ENSMUSG00000027556,666,202,298,4,16,23
ENSMUSG00000043346,405,330,256,97,129,79
ENSMUSG00000046841,996,854,562,312,237,154
ENSMUSG00000017897,45,38,21,28,30,20
ENSMUSG00000042757,291,250,200,216,152,283
ENSMUSG00000058135,257,136,215,115,61,60
ENSMUSG00000105573,27,22,16,56,69,18
ENSMUSG00000028557,1108,862,780,491,333,669
ENSMUSG00000035212,2093,1677,1604,725,400,861
ENSMUSG00000021087,96,98,73,40,30,49
ENSMUSG00000046272,13,7,4,16,17,6
ENSMUSG00000028029,1944,1473,1211,1288,863,1787
ENSMUSG00000053141,29,33,14,51,51,18
ENSMUSG00000092278,106,88,70,197,263,103
ENSMUSG00000025352,2580,2289,1687,368,200,282
ENSMUSG00000032377,39,29,27,9,13,14
ENSMUSG00000068732,1829,1404,1087,727,484,869
ENSMUSG00000066842,330,358,220,223,223,206
ENSMUSG00000039621,6046,5770,4046,2227,1626,1618
ENSMUSG00000032889,0,0,0,0,3,3
ENSMUSG00000039328,1738,1586,1081,470,443,414
ENSMUSG00000023979,110,114,58,191,184,192
ENSMUSG00000020940,20,15,14,2,10,6
ENSMUSG00000037266,15675,14324,10202,5341,3691,6837
ENSMUSG00000007721,842,533,493,852,620,748
ENSMUSG00000018340,9077,7539,6218,1245,844,979
ENSMUSG00000026830,70,58,45,29,15,49
ENSMUSG00000041995,266,197,169,87,72,63
ENSMUSG00000055200,379,249,216,66,47,70
ENSMUSG00000037341,5899,5561,4081,2496,1726,3225
ENSMUSG00000051346,356,265,262,337,249,509
ENSMUSG00000008482,9,6,1,8,6,8
ENSMUSG00000024037,977,905,714,1162,861,1769
ENSMUSG00000096410,2564,901,707,464,606,509
ENSMUSG00000020231,533,455,355,117,84,126
ENSMUSG00000018548,1413,1193,982,1837,1357,2420
ENSMUSG00000032567,878,679,531,348,235,427
ENSMUSG00000014771,833,617,517,425,257,427
ENSMUSG00000069814,22,23,5,8,9,2
ENSMUSG00000002289,195,210,157,97,35,87
ENSMUSG00000032459,703,624,497,400,353,565
ENSMUSG00000025085,27349,21638,16373,8942,5472,8169
ENSMUSG00000085978,1,0,0,25,34,0
ENSMUSG00000023971,882,643,542,1437,1029,1897
ENSMUSG00000070493,3477,2575,2567,1483,939,2860
ENSMUSG00000087412,176,133,130,69,51,134
ENSMUSG00000039438,15,8,4,14,25,16
ENSMUSG00000017499,456,246,201,122,100,93
ENSMUSG00000028832,1498,781,723,482,289,460
ENSMUSG00000020914,6580,3750,3599,1836,1056,1774
ENSMUSG00000087370,1807,1572,1377,824,582,691
ENSMUSG00000092528,204,208,182,148,111,165
ENSMUSG00000051910,216,143,44,17,27,16
ENSMUSG00000041264,3727,3425,2561,2310,1887,2844
ENSMUSG00000030263,11985,10034,7825,4374,2561,5968
ENSMUSG00000093485,112,111,59,181,147,126
ENSMUSG00000084955,0,0,0,7,14,0
ENSMUSG00000043801,9,15,19,14,0,0
ENSMUSG00000048807,53,36,33,91,65,172
ENSMUSG00000083219,34,18,17,62,37,11
ENSMUSG00000082653,272,272,185,60,51,74
ENSMUSG00000025838,43,50,30,16,12,16
ENSMUSG00000002274,294,202,207,126,67,154
ENSMUSG00000034573,119,121,81,129,136,60
ENSMUSG00000035735,17,15,8,52,40,48
ENSMUSG00000026791,208,182,147,128,83,184
ENSMUSG00000037016,3,5,5,21,19,6
ENSMUSG00000021749,7,5,7,5,5,0
ENSMUSG00000032737,986,898,694,386,232,400
ENSMUSG00000043760,1,0,0,14,14,0
ENSMUSG00000105390,18,26,12,32,17,11
ENSMUSG00000020723,83,63,62,224,293,74
ENSMUSG00000096580,39,20,24,9,7,10
ENSMUSG00000024986,2257,1716,1237,1110,706,731
ENSMUSG00000052305,21576,3574,1502,1132,1265,816
ENSMUSG00000032898,1169,1091,771,443,294,454
ENSMUSG00000034653,2721,2454,1843,1099,794,1480
ENSMUSG00000034826,1721,1261,962,970,788,1139
ENSMUSG00000043468,7,13,5,149,238,59
ENSMUSG00000044162,109,76,66,231,216,196
ENSMUSG00000050621,63,52,28,145,152,0
ENSMUSG00000023110,1911,1374,1137,1863,1338,1996
ENSMUSG00000044348,1749,1426,1111,551,415,732
ENSMUSG00000012187,31,25,17,3,2,2
ENSMUSG00000037692,1687,1860,1171,901,689,780
ENSMUSG00000039929,2299,2048,1457,2371,1951,3015
ENSMUSG00000000355,1129,954,742,386,294,746
ENSMUSG00000050914,361,295,264,102,77,172
ENSMUSG00000049871,2448,2439,1746,700,681,610
ENSMUSG00000026526,3365,2599,2205,1164,760,1482
ENSMUSG00000028386,36,17,17,11,20,5
ENSMUSG00000034687,21,39,16,30,37,16
ENSMUSG00000028766,435,313,219,597,416,612
ENSMUSG00000026234,21516,15097,12924,38054,30278,31315
ENSMUSG00000103034,18,7,15,22,7,17
ENSMUSG00000068523,2413,1744,1529,752,461,1129
ENSMUSG00000042129,4361,3691,3044,1362,788,792
ENSMUSG00000021866,1878,1619,1200,635,372,494
ENSMUSG00000037725,317,169,152,1203,992,1871
ENSMUSG00000073436,3880,3112,2440,2803,2081,3936
ENSMUSG00000005674,915,728,603,626,394,822
