User_ID sorted by SD,p53_mock_1,p53_mock_2,p53_mock_3,p53_mock_4,p53_IR_1,p53_IR_2,p53_IR_3,p53_IR_4,null_mock_1,null_mock_2,null_IR_1,null_IR_2
 ENSMUSG00000075014,6.2053,10.2584,11.6271,12.4483,19.5899,21.0793,8.3301,17.4052,13.2391,12.9164,7.0696,14.5758
 ENSMUSG00000075015,4.6527,7.8614,9.1891,9.8268,16.9867,18.4746,6.0167,14.9699,10.6031,10.2711,5.1847,12.0093
 ENSMUSG00000041801,4.8056,4.8408,4.9,4.7165,12.1812,12.0333,12.9568,13.1007,4.4494,3.9948,2.9238,3.5861
 ENSMUSG00000098078,11.0705,11.3835,11.2388,11.3637,11.0188,11.1645,11.7002,4.075,2.9238,3.4115,3.4793,3.7315
 ENSMUSG00000066315,11.4909,7.7567,6.2094,2.9238,2.9238,2.9238,2.9238,12.6251,2.9238,10.6247,3.7047,2.9238
 ENSMUSG00000023067,5.1771,5.4086,5.172,5.1711,12.1282,12.0489,12.7694,12.9428,4.842,4.5956,4.9807,4.9245
 ENSMUSG00000096385,4.909,6.0657,6.8246,7.0166,13.8698,15.3129,4.7362,11.9299,7.9609,7.8364,3.8746,8.7806
 ENSMUSG00000095186,6.9059,8.0961,8.5032,9.2576,15.8659,17.3329,6.7279,13.6189,9.8026,9.4723,5.8443,10.9329
 ENSMUSG00000081406,12.797,11.8061,11.9018,10.154,13.2481,13.374,2.9238,13.5611,3.9343,12.2606,12.8809,8.9983
 ENSMUSG00000096519,5.5301,6.6295,7.4192,7.9958,15.125,16.693,6.4844,12.4229,8.445,8.3402,6.0844,10.0296
 ENSMUSG00000095547,6.1266,7.9545,8.7621,9.2359,16.0174,17.4705,7.7322,13.9184,9.8889,9.5091,6.5936,10.9992
 ENSMUSG00000069306,4.429,4.1096,4.2466,2.9238,3.9523,4.7123,2.9238,4.075,11.479,11.2336,11.5628,10.5287
 ENSMUSG00000095891,6.0994,6.8005,7.7163,8.1304,14.8957,16.337,6.5063,12.8237,8.8067,8.5469,4.8032,9.9688
 ENSMUSG00000091028,4.6527,4.922,6.55,6.5733,13.292,14.8042,4.4672,11.1177,7.2778,6.839,3.8746,8.5557
 ENSMUSG00000078087,12.2327,10.6331,10.6682,3.74,12.095,12.6155,2.9238,13.8763,10.4273,12.2052,13.3072,12.0701
 ENSMUSG00000061167,10.9017,10.7673,11.2807,11.1262,4.8002,9.1428,2.9238,11.8071,11.5851,11.4953,11.5041,2.9238
 ENSMUSG00000026700,4.149,4.7082,4.4102,3.9687,11.0188,10.9891,11.9553,11.7828,3.7128,3.886,5.4417,5.1508
 ENSMUSG00000101939,2.9238,3.5702,3.6483,2.9238,12.3787,10.8629,2.9238,5.9987,4.6617,2.9238,3.4793,9.3847
 ENSMUSG00000074564,4.0112,4.3887,5.3622,6.7293,12.707,14.0921,5.2014,10.4374,7.1884,6.8719,4.0154,8.122
 ENSMUSG00000096201,3.8488,4.922,5.3972,5.0995,11.8061,13.3575,2.9238,9.6905,5.635,5.7654,3.7047,6.8113
 ENSMUSG00000061983,13.5446,12.1667,13.1432,10.7459,15.397,15.1131,14.2035,14.9917,3.3831,12.4352,13.8018,14.9563
 ENSMUSG00000009628,4.6527,4.7082,4.8485,4.2295,10.9054,11.0889,12.1596,11.86,4.5604,4.1803,7.7882,6.8929
 ENSMUSG00000095280,4.2113,5.5381,6.4722,6.6831,12.9756,14.4085,5.3592,10.7399,7.1011,6.5033,4.8652,7.818
 ENSMUSG00000021701,6.6964,6.8597,7.3077,7.2792,13.0964,13.3551,13.7811,13.7721,7.0083,7.3075,7.176,5.9409
 ENSMUSG00000081604,11.4267,10.9118,11.1178,10.6743,2.9238,8.598,2.9238,11.766,10.6117,11.1139,12.5356,9.4716
 ENSMUSG00000043483,10.1146,9.8559,10.0638,10.0424,5.7641,2.9238,2.9238,11.7117,10.2946,10.4976,11.565,6.5841
 ENSMUSG00000068744,7.136,7.0746,7.0226,7.2636,12.8425,12.7908,13.6844,13.7487,7.0427,6.8827,6.7553,6.7135
 ENSMUSG00000069045,6.0716,6.014,6.0024,6.4266,6.6882,6.2634,6.2698,12.2195,12.0895,11.6586,12.8751,12.355
 ENSMUSG00000029134,3.9338,4.3255,4.3315,4.4373,10.0532,10.2181,10.9887,10.7559,4.2593,4.092,4.1375,4.4223
 ENSMUSG00000081344,2.9238,2.9238,3.4387,2.9238,2.9238,2.9238,2.9238,11.2802,2.9238,8.806,8.652,2.9238
 ENSMUSG00000037855,5.2807,6.1477,6.0677,6.247,11.599,11.5673,12.2605,12.3371,5.6117,6.2254,5.4417,5.6861
 ENSMUSG00000059195,5.2555,4.7082,5.1304,2.9238,11.7555,11.6124,5.921,11.1839,4.9232,5.3221,5.276,7.2814
 ENSMUSG00000026831,2.9238,3.3828,2.9238,2.9238,8.5639,8.4103,9.5325,9.6972,2.9238,2.9238,2.9238,2.9238
 ENSMUSG00000002083,6.7668,6.7176,6.6237,6.5733,12.2724,12.2493,12.4668,12.6877,6.1333,6.1006,5.9827,6.4952
 ENSMUSG00000069049,5.9546,5.5626,5.649,6.3692,5.9348,5.8969,5.5871,11.7096,11.6036,11.2704,11.7965,11.5345
 ENSMUSG00000022385,7.226,6.652,6.7607,6.6353,12.4332,12.3134,13.0117,13.1665,6.4499,6.6995,7.176,6.6085
 ENSMUSG00000037188,3.7539,3.3828,3.8066,3.8623,9.2789,9.4067,9.3273,9.5183,2.9238,3.7608,2.9238,3.3941
 ENSMUSG00000096736,4.0826,4.9607,5.172,5.3036,11.2131,12.6176,4.113,9.1361,5.9801,5.0302,4.3444,6.5593
 ENSMUSG00000069919,12.4021,10.2064,9.2459,14.589,9.4127,9.7035,8.535,7.9317,10.1267,16.139,8.9631,14.6619
 ENSMUSG00000046721,11.0292,11.2826,11.7352,10.7973,7.9401,7.9947,2.9238,12.6385,10.955,11.2811,12.8161,11.1042
 ENSMUSG00000025889,3.6451,2.9238,2.9238,3.5932,2.9238,2.9238,2.9238,2.9238,5.8081,10.7251,4.6691,9.3952
 ENSMUSG00000027171,7.6263,7.7772,7.5455,7.4608,12.6552,12.5142,13.1695,13.1868,7.1093,7.2167,7.5544,7.4321
 ENSMUSG00000048458,7.4719,7.7147,7.4916,8.3151,12.8251,12.8537,13.2464,13.4133,7.5651,7.9223,7.3973,7.7811
 ENSMUSG00000100944,2.9238,6.6852,6.837,2.9238,2.9238,2.9238,2.9238,11.5799,5.2967,6.2591,7.0573,3.8525
 ENSMUSG00000052305,13.7673,11.4425,10.5339,15.9278,10.5823,11.2329,10.1394,10.222,11.8211,17.5914,10.3237,15.8212
 ENSMUSG00000040918,7.2323,6.9889,7.5379,7.3546,12.3648,12.3824,13.1277,13.0997,7.1255,7.3852,8.2383,7.7917
 ENSMUSG00000030641,7.3628,6.8105,7.1771,6.6831,12.0478,12.1075,12.6506,12.6585,6.8123,6.6872,7.606,7.4524
 ENSMUSG00000069917,13.5125,11.2094,10.2536,15.9156,10.35,11.2136,10.2931,10.3415,11.5177,17.4141,10.25,15.7348
 ENSMUSG00000078794,4.3257,4.1867,4.2466,4.0637,9.4155,9.138,10.1076,10.0263,4.3896,4.6522,4.5181,4.9245
 ENSMUSG00000053706,2.9238,2.9238,2.9238,2.9238,2.9238,4.7123,9.0661,10.1184,2.9238,2.9238,2.9238,2.9238
 ENSMUSG00000073940,11.6579,9.6872,8.7719,13.8146,8.5993,9.324,8.2992,8.2841,9.6852,15.3718,8.4646,13.6378
 ENSMUSG00000101878,7.7742,5.6563,7.2061,2.9238,2.9238,2.9238,8.2089,9.1969,5.0361,6.8827,9.629,8.6228
 ENSMUSG00000105796,2.9238,2.9238,2.9238,2.9238,2.9238,2.9238,2.9238,11.4728,2.9238,2.9238,2.9238,2.9238
 ENSMUSG00000051811,4.7315,4.5593,4.9972,4.9433,9.1246,9.0837,10.0679,10.1397,4.2593,5.1473,4.3444,5.0044
 ENSMUSG00000072825,7.9728,8.3364,8.148,8.2653,12.8373,12.8205,13.2762,13.4059,7.9383,8.2053,8.4785,8.1051
 ENSMUSG00000040533,3.7539,3.5702,4.2466,4.2295,8.1992,8.3941,9.2869,9.0347,3.3831,3.6103,3.8746,4.4833
 ENSMUSG00000042099,7.263,7.1316,7.1071,7.4676,11.846,11.8636,12.835,12.9344,7.3756,7.842,8.7658,9.012
 ENSMUSG00000039450,8.0627,7.9318,8.258,8.2177,12.2468,12.0476,12.9896,13.2592,8.0052,8.2224,6.9547,7.6111
 ENSMUSG00000000308,3.3431,2.9238,2.9238,2.9238,7.5327,7.3255,8.0472,8.3475,2.9238,2.9238,2.9238,3.3941
 ENSMUSG00000075122,7.6543,7.8805,7.7028,7.4122,12.0065,12.0838,12.5752,12.4709,7.2922,7.129,7.3973,7.5684
 ENSMUSG00000034437,4.7315,4.754,5.7857,2.9238,8.307,8.4576,7.8479,9.4332,6.0503,2.9238,9.1337,8.5774
 ENSMUSG00000082035,7.5783,6.6961,7.6192,6.3545,7.9322,2.9238,7.3038,13.1613,7.285,5.3544,8.6682,7.6231
 ENSMUSG00000028893,8.3,8.4073,8.415,8.3633,12.6966,12.6541,13.1115,13.2432,8.0524,7.896,8.2546,7.8335
 ENSMUSG00000055632,6.0432,6.1636,6.2094,6.7959,10.388,10.4247,11.1022,11.1689,5.9251,6.1191,5.7227,5.8611
 ENSMUSG00000006445,7.8244,7.7975,7.5828,8.1685,12.2044,12.3059,12.8743,12.8064,8.0775,8.0519,7.9095,8.1093
 ENSMUSG00000062456,5.9081,4.922,5.1304,5.778,2.9238,6.7955,7.4575,12.5978,6.0673,6.4165,6.7244,7.0163
 ENSMUSG00000054589,6.113,5.6335,5.6199,5.6858,9.8833,9.5699,10.2224,10.4933,5.635,6.0042,4.6691,5.0425
 ENSMUSG00000047676,9.7538,8.7092,8.9816,5.5613,7.2942,6.4945,6.1903,13.4808,8.994,9.6431,10.4347,6.6561
 ENSMUSG00000041773,7.4019,7.5867,7.6546,7.805,11.8366,11.8695,12.316,12.39,7.5047,7.4226,7.8466,7.5051
 ENSMUSG00000094090,3.5148,3.9337,2.9238,4.1501,3.7693,4.4604,3.7763,4.6819,7.0764,7.6725,8.9828,8.8535
 ENSMUSG00000021185,9.1123,9.1655,9.1249,9.1562,12.3787,12.4542,12.7283,12.9883,8.5944,8.3937,6.8298,7.3114
 ENSMUSG00000046480,4.149,4.8408,4.5528,4.9011,8.4244,8.0779,9.4673,9.7663,4.962,5.22,4.0154,4.4833
 ENSMUSG00000032128,3.5148,3.3828,3.8066,3.5932,7.3308,7.5316,8.7003,8.6878,3.7128,4.4073,3.8746,3.5861
 ENSMUSG00000076569,13.1802,14.0887,13.5542,9.7099,14.265,16.5147,10.5097,14.3639,10.1376,10.8148,10.8744,11.0338
 ENSMUSG00000043099,5.3768,4.9983,5.2513,5.4242,9.282,9.272,9.9435,10.0816,5.1728,4.8076,5.8149,5.5644
 ENSMUSG00000078889,4.27,3.5702,2.9238,2.9238,7.5327,2.9238,7.8564,6.7323,2.9238,3.4115,4.0154,8.3114
 ENSMUSG00000045659,7.2751,7.4137,7.3255,7.6758,11.2301,11.3712,11.702,11.91,7.6174,7.5292,6.6107,6.6561
 ENSMUSG00000018428,6.3274,5.9604,6.4067,5.9847,10.3336,10.3515,10.9172,10.7707,6.286,6.0042,9.2463,9.1465
 ENSMUSG00000080977,2.9238,4.922,2.9238,2.9238,6.9929,7.1246,2.9238,8.9368,2.9238,2.9238,6.1792,4.6488
 ENSMUSG00000034818,5.6679,6.2551,5.9102,6.1649,10.0069,9.7518,10.4852,10.8722,6.3703,5.8119,6.1792,5.7092
 ENSMUSG00000089999,4.3786,4.0258,2.9238,3.8623,8.7818,8.9848,3.9606,7.9089,4.3264,3.7608,4.0154,5.8815
 ENSMUSG00000082016,5.827,6.2101,6.4067,6.0413,2.9238,2.9238,2.9238,8.319,7.1011,7.0451,8.4125,2.9238
 ENSMUSG00000035443,7.5783,7.4397,7.4679,7.1749,11.511,11.4773,12.1432,12.1883,7.0083,7.2914,9.5545,9.0959
 ENSMUSG00000024769,8.2851,8.4685,8.3646,8.8787,12.3273,12.4697,12.6853,12.7411,8.3624,8.5299,7.6961,7.9088
 ENSMUSG00000007379,7.4074,7.4137,7.2532,7.7558,11.3342,11.517,12.0122,11.9421,7.6733,7.4662,7.317,7.3836
 ENSMUSG00000042349,10.1313,10.5273,10.0886,9.5748,13.9058,13.9783,14.1528,14.3323,10.0111,9.3382,9.7215,9.9793
 ENSMUSG00000071141,2.9238,2.9238,2.9238,2.9238,5.8349,2.9238,2.9238,10.0714,4.0265,4.2614,4.4346,4.2163
 ENSMUSG00000050821,5.3768,5.0348,5.4647,4.9011,8.7862,8.9355,9.9515,9.6082,5.4369,5.4169,4.8032,5.0796
 ENSMUSG00000028970,8.6934,8.7145,8.7589,8.3189,12.5286,12.628,13.1039,13.1352,8.2891,8.1441,9.9529,9.8631
 ENSMUSG00000078126,2.9238,5.3531,5.7857,5.8219,5.24,5.8969,2.9238,10.0628,4.8833,2.9238,5.9561,2.9238
 ENSMUSG00000093798,5.9081,7.0152,6.7075,4.7653,5.5695,5.0135,7.2658,11.5255,6.6869,6.1374,10.4418,7.4524
 ENSMUSG00000100863,4.9417,6.0825,6.19,5.0238,9.522,8.8256,8.4974,10.4493,5.3259,5.6924,9.0463,9.1934
 ENSMUSG00000020326,11.7183,11.5817,11.77,11.3564,15.3612,15.2333,15.8516,15.843,11.3015,11.3266,11.6916,11.2826
 ENSMUSG00000094622,7.2751,3.8306,4.9,7.2159,4.4554,7.8484,7.5963,2.9238,3.7128,2.9238,7.317,3.3941
 ENSMUSG00000018012,5.2555,5.5131,5.5289,5.6618,9.3036,9.5076,9.7261,9.812,5.7025,5.4766,6.0088,5.3135
 ENSMUSG00000094127,6.1665,8.8073,8.3211,10.1047,10.2598,11.5446,8.5028,6.9717,9.0351,8.5469,4.6691,5.9016
 ENSMUSG00000006587,4.5683,4.6606,4.5528,4.6126,8.1109,8.3446,9.3119,9.3927,5.1062,4.5956,5.4021,5.2825
 ENSMUSG00000032374,5.0647,5.2654,5.5289,4.9433,8.7372,8.8671,9.8528,9.317,5.3825,4.5956,5.5175,5.732
 ENSMUSG00000067719,7.3684,7.3533,6.721,6.8491,7.892,8.098,2.9238,8.948,5.9063,6.9355,8.8104,2.9238
 ENSMUSG00000089762,4.4774,4.6606,4.2466,4.4988,8.1926,8.2036,9.0401,9.1361,4.6121,4.9887,5.1366,5.0796
 ENSMUSG00000025507,7.9122,7.9041,7.5902,8.1601,11.6908,11.7311,12.2907,12.3554,7.9106,7.8475,8.9231,8.8227
 ENSMUSG00000092528,7.1945,7.4589,7.5902,7.0891,7.7372,7.8124,7.9065,7.5745,3.7128,3.6103,3.4793,3.5861
 ENSMUSG00000020593,9.3435,9.5131,9.5123,9.4569,12.5703,12.6015,13.0081,13.1948,9.2887,9.2287,7.6721,8.38
 ENSMUSG00000025270,9.8708,8.5059,7.5227,11.7868,7.8253,8.4262,7.9864,7.6948,8.3418,13.1032,7.4453,11.5467
 ENSMUSG00000083670,4.0112,3.9337,2.9238,3.74,7.4575,7.4401,4.3616,7.998,3.9343,2.9238,2.9238,6.4952
 ENSMUSG00000021668,9.2503,9.3903,9.2758,9.3039,12.9892,13.1035,13.4447,13.3823,9.2525,9.216,9.5869,9.2677
 ENSMUSG00000037907,5.1221,4.882,4.9,5.2717,9.1384,9.2631,9.3576,9.2761,5.7243,5.0302,7.0069,7.0072
 ENSMUSG00000081087,4.5683,4.5593,5.4647,4.9842,4.3505,5.0135,5.3592,11.5255,4.842,5.0704,5.9827,5.5125
 ENSMUSG00000048188,5.0647,2.9238,3.4387,2.9238,7.4685,7.929,5.2014,6.9269,2.9238,2.9238,5.8443,6.2054
 ENSMUSG00000078377,5.8763,2.9238,2.9238,2.9238,7.1099,2.9238,2.9238,6.5862,2.9238,6.1006,7.1986,2.9238
 ENSMUSG00000081603,5.1221,4.1096,2.9238,4.6657,5.5695,5.2574,5.2561,10.2128,3.8312,4.9458,7.825,5.5896
 ENSMUSG00000096255,6.8744,6.8105,6.5947,4.6657,6.5907,6.3334,6.1628,5.5565,9.9181,10.2222,9.4805,9.7586
 ENSMUSG00000026649,5.9996,5.7653,5.8618,6.0038,9.1956,8.9074,9.7875,9.8403,5.41,5.3544,5.4417,5.2825
 ENSMUSG00000079033,7.0111,6.3686,6.5038,5.8219,9.8033,9.8318,10.6534,10.6001,5.962,5.9841,7.7429,7.5051
 ENSMUSG00000057886,7.1753,6.7492,7.4026,6.4544,2.9238,2.9238,6.1062,8.1351,5.0361,6.7116,8.7002,8.0879
 ENSMUSG00000076613,14.2516,13.8508,14.0434,10.3376,14.8514,15.1762,11.7399,12.7891,10.8092,10.7692,11.0621,10.1336
 ENSMUSG00000050621,5.776,5.7653,5.3622,5.6858,7.7097,8.2402,2.9238,2.9238,6.3703,2.9238,2.9238,4.5962
 ENSMUSG00000090639,7.1226,5.5866,6.0677,2.9238,8.3373,6.5831,7.5232,7.7726,4.8833,2.9238,6.7087,8.4488
 ENSMUSG00000094392,6.3848,6.014,6.7344,2.9238,6.5497,6.03,2.9238,9.7956,6.3974,6.6623,6.9414,4.3579
 ENSMUSG00000041845,3.3431,3.7122,3.6483,3.8623,7.1377,6.9585,7.6659,7.781,3.8312,3.886,3.4793,3.3941
 ENSMUSG00000042156,7.0039,7.1475,6.8246,6.3094,10.0031,10.4048,10.0587,10.3259,6.8615,5.943,5.6906,6.4143
 ENSMUSG00000027663,9.3663,9.7128,9.5984,9.9568,12.7638,12.8489,13.0684,13.0873,9.0093,8.9015,8.6962,8.7591
 ENSMUSG00000024778,7.7869,7.4267,7.5828,6.95,10.9174,10.9302,11.4762,11.4047,7.1806,6.8934,9.6249,8.2702
 ENSMUSG00000025912,9.0644,8.1522,8.9072,7.2078,11.1153,11.1174,11.8356,11.8127,7.7638,7.2587,7.5718,7.4591
 ENSMUSG00000101167,5.9238,5.8856,5.6774,6.0038,9.5889,9.6158,10.0915,10.0679,6.1809,5.879,7.0323,6.9223
 ENSMUSG00000034282,4.149,4.1867,4.4837,4.2295,7.6141,8.5109,7.3768,7.1766,4.0265,4.3368,8.2653,7.1046
 ENSMUSG00000034457,2.9238,3.3828,2.9238,3.74,6.4191,7.2195,6.9359,6.4447,2.9238,2.9238,2.9238,2.9238
 ENSMUSG00000003809,9.0363,8.892,9.055,8.7481,12.228,12.195,12.9399,13.2564,9.0027,8.9173,9.2677,8.9108
 ENSMUSG00000076612,14.1582,13.4462,12.7208,8.853,14.8164,14.1848,11.161,10.6929,10.8738,11.1191,11.3782,10.5079
 ENSMUSG00000026443,3.5148,4.0258,3.4387,3.3992,7.5535,8.5034,6.591,5.9692,3.3831,3.6103,6.0345,5.998
 ENSMUSG00000028737,9.1307,9.0793,9.0917,9.1135,12.3258,12.2543,12.7913,13.1448,9.033,8.9147,8.8466,8.5049
 ENSMUSG00000100405,2.9238,3.5702,3.8066,2.9238,2.9238,2.9238,2.9238,9.279,2.9238,2.9238,2.9238,2.9238
 ENSMUSG00000037725,7.7784,7.1865,7.3516,7.0442,10.6692,10.8847,11.3256,11.3711,7.0597,7.1199,8.1368,7.9804
 ENSMUSG00000081254,2.9238,5.9964,5.7857,5.5081,2.9238,2.9238,2.9238,7.998,5.7025,5.7415,6.7553,2.9238
 ENSMUSG00000036995,4.8755,5.2654,4.9972,4.9011,8.4244,8.5332,9.0439,8.9293,4.962,4.8554,5.4417,5.4585
 ENSMUSG00000060096,5.7049,5.6103,2.9238,5.3036,8.8166,8.8845,7.8479,8.4718,5.2967,6.5717,7.0069,8.0126
 ENSMUSG00000062762,9.9072,9.8559,9.9038,9.7661,13.3533,13.1462,13.6105,13.8396,9.5853,9.714,10.2228,9.9392
 ENSMUSG00000105645,5.3053,4.8408,2.9238,2.9238,6.9775,7.4401,5.9855,7.0433,2.9238,2.9238,6.5764,5.9602
 ENSMUSG00000024521,8.6912,8.8563,8.7226,8.7839,12.0839,12.1106,12.4936,12.4982,8.3175,8.5803,8.8608,8.901
 ENSMUSG00000061311,7.4129,7.6986,6.9784,7.7502,4.2344,4.5931,3.7763,3.9271,7.6288,8.9812,6.3105,7.1796
 ENSMUSG00000013629,10.6986,10.8183,10.5714,11.1576,14.256,14.2592,14.7301,14.7532,10.7004,10.7041,13.0722,12.7194
 ENSMUSG00000006574,9.9698,9.3617,7.6263,9.8825,6.1153,8.1079,6.8699,6.942,5.5395,10.8786,6.6605,9.6691
 ENSMUSG00000030609,10.1413,10.2372,10.2593,10.3505,13.7106,13.7874,14.1025,14.3168,10.2084,10.3153,12.2907,11.8407
 ENSMUSG00000036678,9.5577,9.592,9.5026,9.5333,12.8671,12.8552,13.5119,13.6468,9.5954,9.6336,10.5824,10.302
 ENSMUSG00000043618,3.3431,2.9238,3.4387,3.3992,3.9523,2.9238,3.5309,3.5108,5.7876,5.7415,7.9231,7.1957
 ENSMUSG00000109489,5.2299,5.6103,5.172,5.0622,8.7993,9.7954,8.3841,8.7784,5.2362,5.5616,6.8585,6.8007
 ENSMUSG00000070572,5.8923,6.7068,6.19,6.6474,2.9238,2.9238,6.077,7.8623,6.5968,5.5616,7.106,2.9238
 ENSMUSG00000031969,7.3853,7.4267,7.4356,7.3022,10.5848,10.5244,11.4405,11.4262,7.5169,7.3928,8.1772,7.8438
 ENSMUSG00000072082,8.4327,8.0033,8.0974,7.5723,11.0951,11.1149,11.7616,11.7362,7.7534,7.5697,8.5372,8.0171
 ENSMUSG00000076614,11.6833,10.5288,10.7334,7.9528,11.5688,10.8092,9.3364,10.5977,7.1572,7.2082,8.1543,7.7322
 ENSMUSG00000060143,5.3998,5.5381,6.0245,5.778,5.8,6.1515,7.947,11.6329,6.964,5.8119,7.1297,6.8321
 ENSMUSG00000044734,12.1893,12.0839,12.1818,12.1897,9.0716,8.5696,8.5973,9.0276,12.498,12.6748,9.7331,9.7381
 ENSMUSG00000098387,2.9238,2.9238,2.9238,2.9238,6.6305,6.6114,4.2447,6.942,2.9238,5.0704,4.2461,6.534
 ENSMUSG00000054612,5.7585,5.7442,6.2844,6.1132,8.7686,8.9631,9.2774,9.9278,6.1964,5.6672,5.5175,5.5896
 ENSMUSG00000029763,11.7786,11.8838,11.85,11.9057,14.9796,15.1613,15.6627,15.6185,11.9081,11.8439,12.3089,12.0099
 ENSMUSG00000022996,4.6112,4.7982,4.7948,5.2717,7.6722,7.5168,8.5717,8.4137,5.4892,5.5339,8.5013,8.6725
 ENSMUSG00000103034,4.6112,4.1096,4.7948,4.4988,5.438,4.7123,5.2014,10.4254,4.1875,4.8076,4.5181,4.7943
 ENSMUSG00000085791,6.1665,5.7861,3.6483,5.3348,6.1433,6.4637,4.3616,10.5185,4.7551,6.4016,6.1087,5.3438
 ENSMUSG00000082127,4.2113,5.1049,4.6798,4.8122,6.464,7.0849,3.9606,9.3083,4.3896,2.9238,6.1326,5.3438
 ENSMUSG00000083728,6.8092,7.217,6.9443,7.5274,10.15,10.3283,10.7342,10.5009,7.3823,7.2167,6.4685,6.9126
 ENSMUSG00000046818,5.3534,5.5626,5.8115,6.0038,8.6435,8.7324,9.055,8.8558,5.5395,5.3221,4.8032,5.2508
 ENSMUSG00000082381,2.9238,5.7227,5.172,4.7653,6.5287,6.4322,2.9238,7.4537,2.9238,3.9948,2.9238,6.4553
 ENSMUSG00000039395,7.6589,7.8662,7.6824,7.8935,10.6098,10.5984,11.3462,11.3972,7.8044,7.8141,11.0341,10.6484
 ENSMUSG00000030084,9.7837,10.1276,10.2912,10.3208,12.6172,12.556,13.2808,13.3533,9.6811,9.5735,8.8679,9.0634
 ENSMUSG00000039787,6.564,6.7492,6.266,6.7518,9.5712,9.6158,10.318,10.2312,6.3703,6.6623,6.6275,6.7468
 ENSMUSG00000020086,5.0047,5.2953,4.6798,5.0995,8.5433,8.6397,8.4191,8.4244,4.962,4.9014,6.0345,5.7092
 ENSMUSG00000044350,9.1123,8.7796,9.039,8.7397,11.9785,12.0071,12.3608,12.56,8.5651,8.7454,9.0212,9.0368
 ENSMUSG00000096577,9.6003,7.8323,7.568,7.3765,7.4685,12.7514,7.0295,7.0981,7.0256,7.4373,7.2751,7.1131
 ENSMUSG00000059647,2.9238,2.9238,2.9238,2.9238,6.7796,2.9238,6.5493,6.2875,5.1399,2.9238,2.9238,2.9238
 ENSMUSG00000038670,7.4561,7.5453,7.3858,8.0557,10.9743,11.9756,10.6037,10.1084,7.8391,8.2011,10.6443,10.2237
 ENSMUSG00000022098,5.3998,5.7442,5.4647,4.8574,8.6386,8.591,9.3902,9.162,6.1171,5.4766,6.5054,7.1632
 ENSMUSG00000050243,2.9238,2.9238,2.9238,2.9238,6.8486,6.9585,2.9238,5.9391,2.9238,3.9948,2.9238,2.9238
 ENSMUSG00000031785,6.0289,5.8267,5.4647,6.1983,8.4187,8.0473,9.3725,8.9065,6.0331,6.5583,9.2299,10.0104
 ENSMUSG00000020396,6.1665,6.2101,5.8115,6.0596,8.9826,8.9902,8.9673,9.2125,5.8872,5.6672,9.4666,8.9277
 ENSMUSG00000002799,5.3768,5.5131,5.2122,5.6125,8.2948,8.353,9.4533,9.3313,5.5395,5.8119,5.7848,6.0528
 ENSMUSG00000040715,2.9238,2.9238,5.3622,4.7165,2.9238,2.9238,2.9238,2.9238,6.4881,4.758,7.5368,2.9238
 ENSMUSG00000034416,3.6451,3.7122,3.6483,4.5571,6.8317,6.8677,7.555,7.2267,3.9343,3.9948,3.4793,3.8525
 ENSMUSG00000091694,8.5266,7.5151,5.7857,7.6817,5.24,6.7195,4.3616,4.6819,4.1875,8.1575,4.1375,7.2037
 ENSMUSG00000078173,4.27,2.9238,2.9238,2.9238,6.5907,7.2377,2.9238,5.9987,2.9238,2.9238,2.9238,4.4223
 ENSMUSG00000031258,9.5919,9.8205,9.6607,10.1934,13.2039,13.9742,8.783,10.4466,9.82,9.8002,8.6231,9.4962
 ENSMUSG00000048644,4.27,4.4484,4.3315,3.8623,7.0958,6.9585,8.0472,8.4351,4.5062,4.2614,6.3517,5.6144
 ENSMUSG00000076441,8.8204,8.685,8.9247,8.7537,11.7019,11.5637,12.2824,12.2787,8.3104,8.577,8.7159,8.6493
 ENSMUSG00000000884,6.6031,6.6852,6.6093,6.4817,9.7726,9.9796,10.3857,10.4361,6.955,6.9251,8.7276,8.2433
 ENSMUSG00000043468,4.0112,4.5052,4.0523,4.4988,7.7463,8.8612,6.5703,5.9692,4.2593,4.5362,6.7705,6.6325
 ENSMUSG00000106350,4.8755,4.5052,4.5528,4.9011,7.5222,8.5406,7.3407,6.1373,4.5604,4.758,8.4316,7.4524
 ENSMUSG00000108852,2.9238,2.9238,2.9238,2.9238,4.7228,5.7498,7.1316,6.4658,2.9238,2.9238,2.9238,2.9238
 ENSMUSG00000021913,3.7539,3.7122,3.8066,3.74,6.464,7.0849,7.2529,7.7125,4.1103,3.4115,4.596,4.6993
 ENSMUSG00000083287,6.3848,3.3828,6.2094,5.9458,7.165,7.0231,7.4003,7.5745,4.8833,4.758,8.7545,8.7537
 ENSMUSG00000093954,6.7839,7.4397,7.076,7.4878,6.7971,7.201,7.2786,6.9717,10.8054,10.0326,10.339,10.1999
 ENSMUSG00000067869,4.149,2.9238,2.9238,4.6126,2.9238,2.9238,4.6531,8.3362,2.9238,4.1803,5.8443,4.3579
 ENSMUSG00000034620,8.6267,8.6741,8.6613,8.345,11.6996,11.6081,12.1877,12.2894,8.5201,8.6162,9.3781,9.4415
 ENSMUSG00000038042,8.258,8.2979,8.2626,8.033,10.7921,11.1525,11.4298,11.7019,7.8966,7.5697,7.9958,8.3479
 ENSMUSG00000003873,10.0334,9.9184,10.0479,9.9532,12.9925,12.9041,13.6476,13.7679,9.8842,9.934,11.2885,10.9466
 ENSMUSG00000019979,10.8272,10.9031,10.8387,11.0609,13.5785,13.6564,14.2554,14.2398,11.0666,11.0451,10.4204,10.1072
 ENSMUSG00000041936,8.0557,8.1717,8.1025,8.1475,11.0683,11.0876,11.8188,11.6627,8.2232,8.0941,9.8028,10.6593
 ENSMUSG00000004842,6.0994,6.6961,6.837,7.6219,10.1619,11.3473,7.5758,7.9762,7.2112,6.771,6.0597,7.3694
 ENSMUSG00000046341,4.149,2.9238,3.6483,2.9238,6.6882,5.8006,2.9238,7.1766,2.9238,2.9238,2.9238,4.2895
 ENSMUSG00000031779,5.7049,5.7227,5.7594,5.8219,7.501,7.8124,8.7964,9.5057,5.2362,5.386,8.585,8.6346
 ENSMUSG00000036026,8.3749,8.7745,8.5528,8.8504,11.6631,11.7683,12.3071,12.3374,8.894,8.8284,10.7348,9.6102
 ENSMUSG00000028211,13.0569,13.0304,13.0541,12.8793,15.086,15.0468,15.9288,15.902,12.9067,13.1176,11.5153,11.1612
 ENSMUSG00000072812,5.7932,6.1792,6.4398,5.4527,8.6386,9.1667,8.4017,8.4404,5.635,5.5339,4.596,5.2508
 ENSMUSG00000082099,4.0112,3.8306,4.1542,3.3992,3.7693,2.9238,3.5309,9.0624,3.7128,3.886,4.5181,3.7315
 ENSMUSG00000095079,14.0477,14.3675,13.9291,13.04,13.0782,14.2707,13.7645,13.8388,10.2036,11.5418,10.8434,10.4284
 ENSMUSG00000079553,7.4667,7.0662,7.4274,6.8281,9.8269,9.8962,10.4306,10.3201,6.9459,6.6242,6.6928,6.7468
 ENSMUSG00000033854,5.1221,5.5626,5.0431,5.4807,8.0683,8.5332,8.6125,8.2958,5.3825,5.5339,8.5416,7.9663
 ENSMUSG00000021614,6.9137,6.5834,6.6801,5.5613,9.2727,9.5336,9.8549,9.4009,6.1007,5.7889,6.9143,7.5116
 ENSMUSG00000090381,5.776,6.2844,5.9571,2.9238,7.3428,7.1246,7.6562,8.8318,6.6538,6.6242,8.5978,8.0836
 ENSMUSG00000016526,6.4506,5.9047,5.7053,5.8644,8.8796,9.1949,9.0364,9.0064,5.4633,5.6416,5.9827,5.9792
 ENSMUSG00000040447,9.3956,9.5978,9.3936,9.9189,6.4191,6.6392,6.591,6.4658,9.8051,9.8268,6.8442,7.1131
 ENSMUSG00000028051,5.4446,5.9047,5.3263,5.5613,8.4904,8.4959,8.8655,9.0347,5.6579,5.5888,8.328,8.0485
 ENSMUSG00000073400,7.6025,6.652,5.3972,7.7833,4.4554,5.987,4.814,4.203,4.8833,8.8802,5.276,7.9616
 ENSMUSG00000020108,9.2954,9.8715,10.2466,10.1101,12.2404,12.3037,12.9182,12.9129,9.2229,9.2946,9.9363,8.5712
 ENSMUSG00000058626,2.9238,2.9238,7.6476,2.9238,6.1707,5.2574,4.4672,6.2392,4.3896,6.3864,3.8746,4.052
 ENSMUSG00000090877,6.6964,7.4202,7.9737,5.9259,8.4074,8.6397,9.2258,8.9884,6.513,5.2549,10.5586,6.3577
 ENSMUSG00000102918,5.6105,5.7227,4.9972,5.8433,8.624,8.3277,9.2388,9.0312,5.9251,5.6416,5.7541,6.0706
 ENSMUSG00000032135,6.0716,6.014,5.8862,6.6109,8.6338,8.4576,9.9555,9.8721,6.2568,6.6497,5.9561,6.2372
 ENSMUSG00000030407,8.2116,8.2692,8.2254,8.6853,11.2985,11.3123,11.741,11.6897,8.2082,8.2723,8.5635,8.4919
 ENSMUSG00000026817,4.3257,4.0258,3.9381,3.8623,6.7796,6.9804,7.4797,7.4746,4.1103,3.4115,4.5181,4.5962
 ENSMUSG00000082604,4.2113,4.4484,4.618,4.4988,7.2311,7.3758,6.7279,7.0433,4.1103,3.6103,2.9238,4.2163
 ENSMUSG00000079359,5.7585,5.6788,5.9338,6.2309,9.4491,9.8643,5.6284,6.5272,5.6579,6.0436,4.9243,5.5644
 ENSMUSG00000005233,7.6727,7.2903,7.343,6.8903,10.0367,9.993,10.8822,10.7602,6.9995,7.0547,8.1368,7.5991
 ENSMUSG00000091971,5.2299,4.9983,6.6939,4.9433,7.5116,7.4083,7.9707,7.998,4.1875,4.758,8.7002,5.4585
 ENSMUSG00000038011,4.5237,4.3887,3.8066,4.3724,7.1514,8.267,6.6513,6.7323,4.2593,4.1803,6.9547,6.8628
 ENSMUSG00000051839,8.5063,7.3805,6.4234,8.2496,5.438,6.03,5.5005,5.877,4.962,9.5332,5.2311,8.4114
 ENSMUSG00000094708,2.9238,2.9238,2.9238,2.9238,2.9238,2.9238,2.9238,8.2841,2.9238,2.9238,2.9238,2.9238
 ENSMUSG00000095937,2.9238,2.9238,2.9238,2.9238,2.9238,2.9238,2.9238,8.2841,2.9238,2.9238,2.9238,2.9238
 ENSMUSG00000021048,10.5294,10.2657,10.3582,10.2556,13.0643,13.0495,13.6287,13.7976,10.1903,10.3004,13.0895,12.6716
 ENSMUSG00000020898,9.5979,9.8043,9.6183,9.8685,12.6005,12.6194,13.1703,13.271,9.8311,9.803,10.0414,10.0228
 ENSMUSG00000042821,4.27,4.3887,4.7387,4.1501,7.023,7.4083,7.6166,7.2987,3.8312,4.758,7.1646,6.9888
 ENSMUSG00000026313,10.4147,10.5408,10.3657,10.5927,13.4179,13.568,14.0153,14.0385,10.5696,10.55,11.6771,11.2712
 ENSMUSG00000081051,11.4321,10.9382,11.2993,9.8672,11.1926,11.5151,7.555,13.2289,10.8123,11.3078,11.5769,8.2433
 ENSMUSG00000021222,8.7808,8.6985,8.5603,8.6998,11.6096,11.5834,12.1441,12.3346,8.7764,8.8116,9.2106,9.2847
 ENSMUSG00000086965,6.1665,5.8267,5.8115,6.3838,8.7949,9.0009,9.6101,9.5057,5.8081,6.0818,7.0696,6.7135
 ENSMUSG00000026532,9.0609,8.4811,7.4192,8.385,5.6107,7.4866,5.6686,5.7082,5.0716,9.2905,5.8149,8.3371
 ENSMUSG00000033644,5.2555,5.5626,5.3622,5.5613,7.9082,8.7065,8.1685,7.9467,5.1728,4.9458,8.2865,8.1051
 ENSMUSG00000022748,6.3274,5.9964,6.1504,5.9057,8.4356,8.1756,8.9634,8.7658,6.286,6.292,9.8746,9.4516
 ENSMUSG00000006154,10.3519,5.9047,11.6347,10.5653,10.3306,10.6159,10.6024,10.0507,10.9784,9.8296,8.8214,8.401
 ENSMUSG00000099809,2.9238,2.9238,2.9238,2.9238,2.9238,2.9238,2.9238,5.9692,5.9437,5.5616,6.0088,5.8404
 ENSMUSG00000063543,2.9238,2.9238,2.9238,2.9238,3.9523,2.9238,2.9238,7.7557,5.2049,4.3368,5.5894,4.2163
 ENSMUSG00000006800,7.8809,7.4397,7.6961,8.3301,10.483,10.4945,10.8988,10.9251,8.0439,7.9066,6.7705,7.8387
 ENSMUSG00000080875,2.9238,4.4484,5.0875,5.3653,4.8002,2.9238,2.9238,7.8059,2.9238,4.3368,5.4417,2.9238
 ENSMUSG00000055707,8.629,8.7409,8.6613,8.7113,11.4638,11.4493,12.1699,12.2256,8.7481,8.5902,9.383,9.2193
 ENSMUSG00000079575,5.3998,2.9238,4.8485,4.3724,6.7437,6.5542,5.921,7.071,3.7128,2.9238,3.8746,6.5212
 ENSMUSG00000036902,6.0432,6.1317,5.7857,6.0956,8.2382,8.386,9.1688,8.9293,6.3566,6.1374,9.6618,8.9253
 ENSMUSG00000052221,3.6451,3.5702,3.6483,4.0637,6.4417,6.2988,7.2529,7.071,3.8312,3.9948,3.4793,4.052
 ENSMUSG00000026582,7.5387,7.871,7.5455,8.1347,5.5271,5.8006,5.0222,4.8295,8.1143,8.0941,4.4346,5.1157
 ENSMUSG00000074846,2.9238,3.5702,2.9238,2.9238,5.9023,4.9209,2.9238,7.2631,2.9238,2.9238,2.9238,5.0425
 ENSMUSG00000001986,6.6222,6.7699,6.7344,7.0533,9.5762,9.7769,10.1958,9.9088,7.2706,6.9763,6.4497,7.3188
 ENSMUSG00000096718,6.2306,7.8273,7.6405,6.5348,7.6239,2.9238,7.0742,8.1801,8.1581,7.9685,7.8322,8.1178
 ENSMUSG00000020184,11.0505,11.1561,11.0648,11.3523,13.9712,14.1032,14.3319,14.3502,11.2006,11.2684,11.3388,11.109
 ENSMUSG00000047945,10.1495,9.9022,9.8755,9.7509,12.674,12.3405,13.0311,13.1934,9.79,10.2587,12.6905,12.5106
 ENSMUSG00000036894,9.5822,9.2885,9.4206,9.7893,12.1213,12.068,12.465,12.4735,9.2021,9.3382,8.7002,9.3724
 ENSMUSG00000020142,6.0575,5.8466,5.7327,5.4807,6.962,7.2557,7.5125,7.2869,5.2049,5.6924,9.8798,9.1172
 ENSMUSG00000052684,9.6312,8.7145,8.9013,8.8215,11.8762,11.9281,12.1763,12.182,8.7992,9.2702,10.0034,9.0368
 ENSMUSG00000004356,11.345,11.405,11.3105,11.4627,13.9392,14.1486,14.6334,14.4748,11.3909,11.4369,14.0691,13.8242
 ENSMUSG00000028362,5.7409,5.7227,6.0245,5.4242,8.2824,8.7324,8.5456,8.6517,5.8482,5.4169,5.3194,5.3135
 ENSMUSG00000000552,8.5957,8.5895,8.5603,9.4466,10.8467,10.8183,11.0372,11.3166,8.6145,8.8116,6.7553,7.518
 ENSMUSG00000006589,9.2178,9.0246,9.2983,8.9508,11.6505,11.3896,12.5025,12.514,9.118,9.0732,11.6901,11.172
 ENSMUSG00000049303,5.2038,5.5381,5.7053,5.3951,8.3433,8.353,8.5403,8.7574,5.7243,5.7654,5.7227,5.3438
 ENSMUSG00000066607,4.6927,3.9337,3.9381,3.74,6.8145,7.0849,6.7464,7.2869,4.3264,4.092,6.5235,6.7468
 ENSMUSG00000028008,3.6451,3.5702,3.6483,3.74,6.6882,7.3921,5.7455,4.8295,3.5706,3.4115,6.1561,6.1729
 ENSMUSG00000082329,2.9238,4.922,5.172,2.9238,3.5259,4.3101,2.9238,7.8141,4.6121,5.1473,5.3614,2.9238
 ENSMUSG00000033722,5.9393,6.1636,5.7053,6.0956,8.5993,8.7766,8.9634,9.4647,6.0331,5.857,5.929,6.6325
 ENSMUSG00000031562,6.8175,6.6742,6.638,6.4124,8.6191,8.7828,8.9829,8.7909,6.842,6.5583,10.3864,10.0441
 ENSMUSG00000101059,2.9238,2.9238,2.9238,2.9238,2.9238,2.9238,2.9238,5.9391,5.9063,5.6672,5.6576,5.5387
 ENSMUSG00000081999,2.9238,5.1715,2.9238,4.7653,4.7228,5.0999,4.4672,7.8464,2.9238,5.22,6.3105,3.9579
 ENSMUSG00000005107,8.4054,8.3638,8.5491,8.9165,10.8213,10.78,11.1635,11.1665,8.5944,8.8256,6.9941,7.4252
 ENSMUSG00000075046,2.9238,2.9238,2.9238,2.9238,6.1153,7.1823,2.9238,4.6819,3.3831,2.9238,2.9238,3.7315
 ENSMUSG00000098692,6.2919,6.4737,5.9571,6.3545,9.0571,9.3783,9.577,9.6058,6.3974,6.5583,7.7429,7.2431
 ENSMUSG00000022416,11.9485,12.3516,12.0646,12.6631,9.4155,9.4619,9.396,9.9428,12.4572,12.4087,9.6959,9.5442
 ENSMUSG00000038351,7.939,8.2399,7.9397,8.417,10.9481,10.8213,11.4105,11.5224,8.3418,8.1968,8.6601,8.6018
 ENSMUSG00000012017,4.7691,4.6606,4.6798,4.4988,7.2439,7.291,7.9707,7.878,5.2967,4.2614,4.5181,5.3734
 ENSMUSG00000027556,8.7976,7.4202,8.258,6.8067,4.1036,5.4635,5.5005,4.8972,4.9996,6.6748,5.1847,5.6387
 ENSMUSG00000082432,5.4446,5.8856,5.7327,6.3396,9.1656,9.8467,5.9536,6.7496,6.2568,5.6154,5.6239,5.7543
 ENSMUSG00000058006,13.4759,13.6072,13.4272,13.5242,15.8084,16.0403,16.3946,16.3226,13.5658,13.5529,16.7542,16.2145
 ENSMUSG00000083626,2.9238,2.9238,2.9238,2.9238,2.9238,5.2574,4.2447,5.3398,2.9238,2.9238,6.9547,5.5896
 ENSMUSG00000022044,2.9238,2.9238,2.9238,3.5932,6.2754,7.2377,4.4672,4.4196,2.9238,3.7608,5.276,5.2183
 ENSMUSG00000108929,7.812,8.1043,7.9048,8.5446,5.7273,5.8006,5.0222,5.4739,8.3034,8.5803,5.2311,5.9409
 ENSMUSG00000025433,7.5235,7.7411,7.8508,7.3692,4.8002,4.821,4.4672,4.3167,7.3345,6.7116,5.0348,5.1157
 ENSMUSG00000064208,2.9238,2.9238,5.2893,2.9238,2.9238,6.1898,4.6531,4.6008,4.4494,2.9238,7.1414,4.6488
 ENSMUSG00000096833,9.3929,9.0008,9.5334,8.3993,13.9075,9.3986,9.0697,8.9591,9.0667,8.8144,9.0117,9.0895
 ENSMUSG00000022094,8.7158,8.8563,8.6717,8.9015,11.474,11.6194,11.9054,12.0029,8.6815,8.629,10.4883,10.0285
 ENSMUSG00000096544,10.5983,10.6189,11.126,10.8108,13.4001,13.3431,13.0641,14.2717,10.5871,11.0558,13.2817,13.3127
 ENSMUSG00000026167,6.5136,6.2698,5.9799,6.6109,8.1179,8.3941,9.503,9.7278,6.8023,6.7825,9.3656,9.1278
 ENSMUSG00000099927,8.8551,8.1717,8.2301,7.9333,10.353,10.9823,9.1654,12.5193,7.7638,8.4812,9.6311,9.0524
 ENSMUSG00000056071,11.5045,9.6164,9.9853,7.4192,10.1936,11.2113,10.8885,9.4828,7.4544,8.1216,8.1251,9.1732
 ENSMUSG00000051378,7.6773,7.0993,7.1965,6.5085,9.2411,9.1715,9.8162,9.8503,6.6869,6.292,6.7553,6.1729
 ENSMUSG00000027330,10.414,10.7428,10.4264,11.1618,8.2318,8.2036,7.7598,8.0335,10.8986,10.9607,8.1427,8.251
 ENSMUSG00000007783,4.149,3.7122,3.8066,3.3992,6.707,7.044,6.9519,6.6241,3.9343,4.3368,4.738,4.4223
 ENSMUSG00000026390,9.814,9.2578,9.2272,9.3001,12.2472,11.683,12.0437,11.5484,8.1698,8.7484,9.3278,10.897
 ENSMUSG00000034795,6.9214,6.5357,6.7994,5.9654,8.9438,9.1762,9.1166,9.3651,6.3147,6.585,5.5539,6.5717
 ENSMUSG00000036781,9.5074,9.0814,9.4431,8.9938,11.9885,11.751,12.6008,12.4388,9.3153,9.3185,11.1126,10.7412
 ENSMUSG00000007908,6.2431,6.5357,6.0245,6.9402,8.43,8.4883,9.5111,9.3873,6.4369,7.3928,5.6576,5.6861
 ENSMUSG00000087635,3.9338,2.9238,2.9238,2.9238,2.9238,2.9238,2.9238,7.7386,2.9238,2.9238,2.9238,2.9238
 ENSMUSG00000038146,4.9736,5.0703,4.7387,5.5871,7.7463,8.0054,8.3723,8.1219,5.8872,5.6672,4.9243,6.1396
 ENSMUSG00000028420,11.4416,9.1944,11.9113,8.4889,8.7143,8.267,8.0095,7.9467,8.2492,7.8085,8.1073,7.8076
 ENSMUSG00000076670,8.3379,7.1475,8.626,4.5571,8.2253,9.3659,6.1062,5.8119,6.1494,6.3864,6.3917,6.8321
 ENSMUSG00000014599,8.1798,7.9318,8.0125,7.7502,10.6209,10.6654,11.1789,11.2556,7.9245,8.2885,8.8853,9.1024
 ENSMUSG00000089739,8.3437,8.2509,8.5491,7.4878,4.5515,6.0717,7.723,8.4666,8.1968,8.4124,9.1911,5.8194
 ENSMUSG00000094526,5.5301,6.2698,5.9571,6.586,4.9419,5.0999,4.9565,4.8972,9.1119,7.842,7.3875,7.6051
 ENSMUSG00000048087,8.1174,8.1561,8.007,7.5468,10.6537,10.3639,10.1992,11.272,7.5169,7.6787,9.7561,9.817
 ENSMUSG00000081926,2.9238,2.9238,2.9238,2.9238,2.9238,2.9238,2.9238,7.6948,2.9238,2.9238,2.9238,2.9238
 ENSMUSG00000033307,10.1205,9.7352,9.9544,9.6707,12.1208,11.8541,12.4654,12.7057,9.6522,9.9014,12.843,12.5282
 ENSMUSG00000069622,2.9238,4.4484,4.8485,2.9238,4.8002,5.6423,6.2698,5.7782,2.9238,4.2614,6.2464,6.7794
 ENSMUSG00000011179,11.3306,11.0006,11.156,10.766,13.2383,13.1751,13.7875,13.8436,10.7808,10.984,13.9315,13.5503
 ENSMUSG00000084261,3.9338,3.7122,3.4387,3.9687,6.464,6.5831,6.345,6.4658,3.5706,3.4115,3.7047,3.8525
 ENSMUSG00000025403,10.339,10.1892,10.1294,10.2077,12.4551,12.2852,12.6224,12.7002,10.0984,10.3708,13.4758,13.1227
 ENSMUSG00000058447,2.9238,2.9238,4.4102,4.8122,4.6402,6.1122,4.5639,5.3398,2.9238,4.5956,7.1874,6.2529
 ENSMUSG00000032496,9.7592,8.1364,7.4109,5.1711,6.962,7.9623,7.9629,7.8464,5.1399,6.0628,5.8443,6.9028
 ENSMUSG00000034126,8.4246,8.3807,8.3984,8.4822,10.9324,10.9062,11.7096,11.7367,8.571,8.5869,10.2794,9.5567
 ENSMUSG00000109510,5.0937,4.6606,2.9238,4.2295,4.873,2.9238,6.4844,6.6611,2.9238,2.9238,5.6239,4.5962
 ENSMUSG00000022483,3.7539,3.3828,3.9381,3.74,6.1433,6.6392,6.591,6.4865,2.9238,3.9948,4.596,4.5962
 ENSMUSG00000029463,7.5387,7.2614,7.3942,7.3692,9.8833,9.7068,10.6087,10.7665,7.4155,7.7685,8.1485,7.6986
 ENSMUSG00000099366,3.3431,3.5702,2.9238,2.9238,2.9238,3.6367,2.9238,7.7386,2.9238,2.9238,2.9238,3.3941
 ENSMUSG00000025364,11.8555,11.5893,11.8308,11.5025,13.8254,13.7415,14.1903,14.3301,11.5378,11.7734,14.7979,14.4345
 ENSMUSG00000034361,6.5136,6.313,6.4561,6.1983,8.4578,8.3778,9.0951,9.1263,5.9251,6.34,5.5175,5.6387
 ENSMUSG00000101750,3.6451,2.9238,2.9238,2.9238,5.6507,6.6114,4.7362,4.8295,2.9238,3.4115,5.9013,5.4024
 ENSMUSG00000082662,3.5148,2.9238,2.9238,3.3992,3.7693,3.9222,3.5309,7.9689,4.0265,2.9238,4.3444,3.8525
 ENSMUSG00000022899,10.7825,11.2398,10.3124,10.574,10.1686,11.5281,10.5872,10.5858,10.7138,10.7116,6.2464,9.5845
 ENSMUSG00000099702,11.5876,11.7652,11.5786,12.1103,14.7645,15.5129,12.4741,13.1342,11.827,11.602,11.3152,11.8682
 ENSMUSG00000022428,7.4347,7.0746,7.2898,7.1665,9.5273,9.272,10.0513,10.263,7.1572,7.1199,6.9547,6.6908
 ENSMUSG00000055748,3.9338,4.0258,4.0523,4.3033,6.4417,7.6036,5.9855,5.596,4.3896,4.3368,7.1646,6.5467
 ENSMUSG00000020712,5.6865,5.5866,5.5903,5.7095,7.8507,8.0054,8.1055,8.1865,5.564,5.6416,8.3634,8.5681
 ENSMUSG00000083365,9.1925,9.8916,8.0556,8.6258,10.3109,8.8845,7.6464,8.6333,9.0114,8.8532,5.8443,6.1227
 ENSMUSG00000083558,9.1925,9.8916,8.0556,8.6258,10.3109,8.8845,7.6464,8.6333,9.0114,8.8532,5.8443,6.1227
 ENSMUSG00000091712,4.149,3.9337,3.8066,3.74,6.2754,6.1898,7.2912,6.942,4.1875,4.092,3.8746,5.2183
 ENSMUSG00000038560,5.3053,5.3531,5.172,4.9011,7.3898,7.201,8.1478,8.4457,5.3545,4.9887,5.8149,4.7943
 ENSMUSG00000059237,4.2113,3.9337,4.2466,2.9238,2.9238,6.4,2.9238,6.3342,2.9238,5.1473,2.9238,2.9238
 ENSMUSG00000082691,6.9892,6.1792,6.1302,6.4405,2.9238,6.5542,7.3407,8.0544,6.5968,6.9458,7.106,4.7943
 ENSMUSG00000049892,4.7315,4.5052,4.4102,4.8122,6.9145,7.2735,7.931,7.7642,4.7993,5.1473,5.3194,5.2183
 ENSMUSG00000062846,2.9238,4.1867,2.9238,2.9238,5.2923,2.9238,2.9238,6.8166,5.1062,2.9238,4.8032,2.9238
 ENSMUSG00000083672,5.6105,5.9604,5.8618,5.2717,2.9238,2.9238,2.9238,4.6819,5.0361,6.0818,5.5539,2.9238
 ENSMUSG00000034792,8.4934,8.5423,8.564,8.7425,10.4626,10.3262,11.0815,11.3752,8.571,8.4012,7.7197,7.3188
 ENSMUSG00000058019,6.564,7.6493,7.3603,7.9284,9.9707,10.715,6.345,8.4137,6.751,7.6601,7.0323,7.3551
 ENSMUSG00000044083,4.3786,5.0348,4.1542,4.9433,7.1239,7.4866,7.5963,7.5937,4.842,4.6522,5.6239,5.8404
 ENSMUSG00000020649,9.2287,8.5393,8.6854,8.3227,10.6846,10.5114,11.463,11.5385,7.8966,8.0848,8.8322,8.4656
 ENSMUSG00000056054,10.5375,8.6795,9.0735,6.7518,9.3189,10.4425,9.9455,8.5177,6.9367,7.4733,7.2209,8.1008
 ENSMUSG00000020781,8.9161,8.7745,9.0038,8.919,11.3259,11.3608,12.0502,11.9533,8.9962,9.0255,10.9912,10.2861
 ENSMUSG00000001281,11.7194,11.9358,11.7451,11.814,9.2882,9.3905,8.9315,9.1131,11.8569,11.577,9.3456,9.488
 ENSMUSG00000030256,9.6241,9.5716,9.4186,9.6897,11.5802,11.4198,12.0945,12.1705,9.3654,9.7888,8.3331,8.6258
 ENSMUSG00000027381,10.2893,10.3537,10.3001,10.6273,12.9014,12.9816,13.3948,13.2846,10.4862,10.4578,11.0735,10.4087
 ENSMUSG00000081441,3.9338,4.3255,4.4837,2.9238,6.2499,5.5853,4.3616,2.9238,2.9238,2.9238,5.5539,6.4281
 ENSMUSG00000008393,9.8089,9.6432,9.6763,9.871,11.9268,11.6871,12.9054,12.9358,9.7606,9.9748,9.8229,9.6705
 ENSMUSG00000020669,5.5709,5.4877,5.7327,6.0413,7.3547,7.5752,8.4588,8.5126,5.9801,6.1006,4.8032,4.5962
 ENSMUSG00000061758,9.7646,9.6804,9.6866,9.644,11.572,11.5843,12.1886,12.348,9.6536,9.6352,8.4785,8.74
 ENSMUSG00000020089,9.224,8.6296,9.1866,8.4344,10.4138,10.1716,10.8665,10.8091,8.6977,8.7889,12.4612,11.6375
 ENSMUSG00000082277,7.2385,7.6824,7.7297,8.2614,10.5734,11.6194,8.857,9.317,7.9609,7.8028,7.7197,8.8149
 ENSMUSG00000026048,9.813,9.8303,9.7171,9.7702,12.192,12.3603,12.5871,12.5073,9.7094,9.6241,10.0257,9.5814
 ENSMUSG00000021983,4.6112,4.9983,5.0431,5.3348,7.4353,8.4341,7.2136,6.9116,5.2967,4.9458,7.2209,7.3976
 ENSMUSG00000030790,6.834,6.6632,6.5038,6.8386,8.5639,8.8729,9.425,9.162,7.1011,7.083,9.6679,9.8131
 ENSMUSG00000084838,7.2072,6.8693,7.1173,4.9842,7.7372,8.016,7.0446,10.1283,6.2715,7.3624,9.074,8.1758
 ENSMUSG00000040888,8.9353,8.9246,8.99,8.6736,11.2493,11.1489,11.822,11.9867,8.9312,8.9432,11.0789,10.5641
 ENSMUSG00000026558,9.4285,8.9654,9.1769,9.0717,11.1118,11.1502,11.2907,11.3494,8.8241,9.2558,12.2762,11.924
 ENSMUSG00000023000,3.7539,4.1096,3.9381,2.9238,5.9348,6.1898,6.4844,6.6972,3.5706,3.886,4.2461,3.9579
 ENSMUSG00000025201,2.9238,2.9238,4.5528,2.9238,5.0072,2.9238,4.7362,6.8962,2.9238,2.9238,2.9238,2.9238
 ENSMUSG00000089698,5.2807,5.5626,5.9102,2.9238,6.224,6.7195,4.113,7.0292,4.3264,5.2549,7.2857,6.4281
 ENSMUSG00000024912,5.1499,5.5131,5.2122,5.5081,7.9082,8.147,8.2676,8.2053,5.4369,5.4169,6.5764,6.6561
 ENSMUSG00000038295,4.3257,3.8306,3.6483,3.9687,6.4417,5.987,7.0143,7.0981,3.8312,4.5956,4.6691,4.2163
 ENSMUSG00000026822,8.3465,6.8205,6.1302,3.9687,6.224,7.5895,6.999,6.5668,4.2593,4.9887,5.4417,5.9602
 ENSMUSG00000068566,10.1536,10.298,10.0466,10.8944,8.4688,8.4341,7.7322,7.9166,10.6581,10.7641,7.5368,8.4656
 ENSMUSG00000026923,10.455,10.7493,10.5659,10.8267,12.7001,12.9441,13.3935,13.2698,10.6567,10.5116,10.2635,10.0273
 ENSMUSG00000058230,10.6755,10.7441,10.6446,10.9937,13.3066,13.415,13.7122,13.8256,10.9516,11.0106,11.7671,11.4792
 ENSMUSG00000017400,8.221,8.4748,8.2488,8.8889,7.1514,7.0019,5.9855,7.1379,9.422,9.5039,5.929,6.1564
 ENSMUSG00000020447,3.6451,4.0258,3.9381,4.2295,6.1707,6.7706,5.7455,5.596,3.7128,4.1803,7.0573,6.4004
 ENSMUSG00000020328,9.285,9.2832,9.1842,9.2616,11.7129,11.6511,12.2753,12.2133,9.2266,9.2139,10.7271,10.4462
 ENSMUSG00000094439,4.27,4.754,4.4837,4.5571,7.2818,7.1633,7.3162,7.0846,4.7993,4.758,4.5181,4.8392
 ENSMUSG00000074211,8.7202,8.6575,8.4914,8.431,11.0355,11.105,11.3989,11.3931,8.5323,8.9199,10.8831,10.2748
 ENSMUSG00000081788,5.7049,4.5052,4.618,4.7653,7.5535,8.5839,5.0847,7.1248,5.2362,5.2889,5.8443,6.4281
 ENSMUSG00000058492,4.429,4.3255,2.9238,2.9238,2.9238,2.9238,2.9238,7.1893,2.9238,4.3368,4.3444,2.9238
 ENSMUSG00000022586,5.7409,5.5626,5.7053,5.5871,8.4412,9.2271,6.6901,6.3342,5.2049,5.879,7.5456,7.4456
 ENSMUSG00000032484,9.7288,7.9041,7.0864,5.3951,6.9775,7.8245,7.9707,7.6126,5.3545,6.0628,5.7541,6.6793
 ENSMUSG00000053279,7.061,6.0315,5.8115,6.9884,4.873,4.7123,4.8873,4.3167,4.4494,7.9327,4.0154,6.6206
 ENSMUSG00000073802,4.4774,4.2584,4.618,4.4373,6.7255,6.9364,7.0143,7.4746,4.2593,4.3368,4.5181,5.0044
 ENSMUSG00000107539,5.1771,4.754,2.9238,2.9238,6.0279,6.3671,5.5871,7.1639,4.5604,4.5956,4.596,5.9409
 ENSMUSG00000022750,8.358,8.4269,8.5377,8.6941,10.8362,10.7566,11.6081,11.6599,8.665,8.7889,9.3879,9.0256
 ENSMUSG00000061742,5.2299,4.8408,4.9972,6.6948,7.3898,7.3425,8.1753,7.8702,5.7668,6.3711,4.738,4.9245
 ENSMUSG00000024042,10.1707,10.6422,10.6664,11.2962,13.1173,13.634,13.4463,13.1657,10.5937,11.0641,12.5386,11.5165
 ENSMUSG00000048807,5.5908,5.3811,5.5289,5.1358,7.0958,7.1049,7.9629,7.9541,4.9232,5.6672,4.4346,4.4223
 ENSMUSG00000035960,9.9149,9.6571,9.7104,9.7142,11.4065,11.3936,11.9925,11.9699,9.6987,10.0253,12.9723,12.6535
 ENSMUSG00000024246,8.1407,8.2288,8.1775,8.0602,10.4557,10.5299,11.0586,11.0868,8.065,8.117,8.825,8.5178
 ENSMUSG00000079362,3.3431,6.3411,6.4234,5.8001,6.3491,2.9238,6.8867,4.7579,5.9801,6.4606,5.5894,6.2214
 ENSMUSG00000068457,8.629,8.7119,8.6189,9.3994,10.5413,11.2009,9.4948,11.5835,11.6837,11.2467,11.536,11.3893
 ENSMUSG00000059422,5.3998,4.611,5.2513,5.0622,7.4902,7.9178,6.6901,8.2482,5.2362,5.2889,6.0345,7.3836
 ENSMUSG00000028069,9.3175,9.142,9.2389,9.2239,11.2885,11.4649,11.286,11.4818,9.1558,9.2986,12.0317,12.0728
 ENSMUSG00000020525,9.7984,9.7573,9.7453,9.9665,12.1796,12.2616,12.5337,12.6079,9.8287,9.971,10.1552,9.5982
 ENSMUSG00000058761,11.0145,11.1467,11.0443,11.3142,13.5956,13.6608,14.0004,14.0646,11.3661,11.3514,11.9443,11.3941
 ENSMUSG00000049044,10.9571,11.2677,10.9319,11.2417,9.2347,9.4502,8.6668,8.6005,11.0509,10.9995,8.1997,8.3551
 ENSMUSG00000004929,8.3176,7.8614,8.2112,8.0512,9.6671,9.5113,9.9495,10.1655,8.2232,8.0471,11.4858,11.0248
 ENSMUSG00000044434,2.9238,4.1096,2.9238,2.9238,2.9238,2.9238,2.9238,7.2869,2.9238,2.9238,3.8746,3.5861
 ENSMUSG00000022237,8.7002,8.8172,8.6613,8.4889,10.6728,11.1974,10.7491,10.4688,8.0225,8.1306,11.1843,10.6248
 ENSMUSG00000019986,8.4082,8.4842,8.4757,8.7369,10.5098,10.797,11.4497,11.6941,8.6259,8.7454,8.8031,8.7833
 ENSMUSG00000083061,2.9238,2.9238,5.5599,5.5613,2.9238,2.9238,2.9238,2.9238,5.9437,4.9014,3.4793,2.9238
 ENSMUSG00000092560,5.4224,5.7861,2.9238,2.9238,6.0577,5.987,6.1348,5.9692,4.7093,4.2614,6.0345,6.6444
 ENSMUSG00000024145,8.0697,7.8566,8.2718,7.9958,10.3779,10.2874,11.0896,11.0167,8.0225,8.2053,9.6269,8.8737
 ENSMUSG00000049233,6.0716,4.1096,4.7948,5.5081,5.1287,6.8909,7.4797,8.1416,4.1103,6.292,6.487,6.0347
 ENSMUSG00000047861,3.3431,3.5702,2.9238,2.9238,5.438,6.4637,5.2014,4.6008,2.9238,3.4115,5.8731,4.6488
 ENSMUSG00000020248,10.0926,9.9717,10.0169,10.0761,12.3589,12.3588,12.9992,13.1254,10.1327,10.1562,11.213,10.7169
 ENSMUSG00000075045,2.9238,2.9238,3.6483,2.9238,5.6507,6.7195,2.9238,4.6819,2.9238,3.886,2.9238,3.7315
 ENSMUSG00000026249,8.8631,9.1944,8.9478,9.2771,11.0346,11.4484,11.63,11.8777,8.9874,8.9225,8.9892,8.7373
 ENSMUSG00000106327,3.3431,2.9238,3.8066,3.74,5.4832,6.2271,5.5871,6.0558,3.3831,2.9238,3.4793,3.3941
 ENSMUSG00000106627,2.9238,2.9238,4.3315,2.9238,5.9348,6.6665,4.113,4.3167,2.9238,3.6103,2.9238,4.5411
 ENSMUSG00000006732,9.1039,9.1018,9.0656,9.056,10.8634,11.0392,11.4105,11.4991,9.0813,9.1419,12.0414,11.6964
 ENSMUSG00000061947,5.9546,5.8466,6.3899,6.4952,8.9161,9.4619,6.8357,7.0007,6.0503,5.7889,5.5894,5.8611
 ENSMUSG00000091228,9.5201,9.4807,9.8111,9.279,11.2635,10.9592,11.6925,12.2382,9.9135,9.8044,12.8623,12.0173
 ENSMUSG00000031467,8.8928,8.6658,8.9072,8.8914,11.0584,11.1357,11.7358,11.6196,8.761,8.8668,10.8281,10.4604
 ENSMUSG00000046761,5.6865,5.7861,5.8862,5.6125,7.892,7.929,8.2418,8.9368,6.0673,5.3544,5.8149,6.2054
 ENSMUSG00000026581,14.5651,14.5534,14.4566,14.3697,12.0107,12.0642,12.0334,12.1415,14.6209,14.7568,12.3732,12.4852
 ENSMUSG00000028479,10.3822,10.4106,10.3774,10.5597,12.8144,12.8811,13.0083,13.2369,10.2668,10.5279,10.5738,10.655
 ENSMUSG00000066108,5.3998,5.5131,5.0875,5.5081,8.0683,8.9631,6.7828,6.2392,5.1728,5.7415,6.9005,7.4389
 ENSMUSG00000108086,2.9238,2.9238,2.9238,2.9238,5.3426,5.3297,5.6686,5.6344,2.9238,3.4115,2.9238,2.9238
 ENSMUSG00000035049,9.6853,9.7181,9.6467,9.9177,11.6511,11.8408,12.0183,11.9252,9.7786,9.6447,12.6095,12.3646
 ENSMUSG00000000934,7.6773,7.6155,7.553,7.5468,9.9591,9.899,9.9693,10.205,7.5651,7.6027,9.976,9.8157
 ENSMUSG00000034394,5.0351,5.1386,4.9495,5.239,7.4353,7.6722,7.7688,7.6497,5.0361,5.1095,5.0348,5.4024
 ENSMUSG00000035179,5.0047,5.3245,5.2893,5.3653,7.7097,8.5767,7.4686,7.0981,5.3545,5.6924,7.1531,7.5991
 ENSMUSG00000105147,2.9238,2.9238,2.9238,3.3992,5.869,5.6423,5.7455,5.5565,2.9238,3.4115,3.8746,3.7315
 ENSMUSG00000028766,8.2085,8.0076,7.8385,7.1326,9.6718,9.6468,9.7308,9.4725,7.4608,7.5085,10.5356,10.5461
 ENSMUSG00000020788,13.5508,13.6491,13.3707,14.1535,11.6262,11.5483,11.1437,11.4487,13.6163,13.7438,10.8918,11.4668
 ENSMUSG00000005732,10.6606,10.3545,10.5687,10.2198,12.2255,12.1804,12.3992,12.468,10.2649,10.4223,13.5623,13.1671
 ENSMUSG00000046008,2.9238,2.9238,2.9238,2.9238,3.7693,7.2377,3.5309,2.9238,2.9238,2.9238,2.9238,2.9238
 ENSMUSG00000040711,7.2198,7.6878,7.8447,8.7085,10.1686,10.8363,7.6365,8.5326,8.162,7.9634,6.5054,7.1384
 ENSMUSG00000095210,9.2146,8.7693,8.6613,7.3692,8.6675,12.3091,8.6812,8.381,8.0096,8.0661,8.5194,7.7864
 ENSMUSG00000029101,8.0058,7.842,7.8261,7.8421,9.7093,9.657,10.353,10.492,7.844,7.8364,6.8298,7.2814
 ENSMUSG00000113508,7.7613,7.6932,7.0968,7.4332,9.8417,10.2787,9.4077,10.0714,6.955,7.3624,7.589,8.7672
 ENSMUSG00000100383,2.9238,2.9238,2.9238,2.9238,5.1287,5.5257,5.5445,5.5159,2.9238,2.9238,2.9238,2.9238
 ENSMUSG00000037405,10.9396,10.8586,11.0529,10.9176,13.1969,13.3026,13.7184,13.6225,10.8333,10.9397,12.996,12.4119
 ENSMUSG00000057506,9.4971,9.2724,9.2248,9.2458,11.7278,11.6332,12.1428,12.1007,9.2507,9.4326,9.8391,9.7215
 ENSMUSG00000001305,9.3677,9.2001,9.3768,9.3779,10.9144,11.2743,11.5244,11.5354,9.2923,9.5178,12.3387,12.1009
 ENSMUSG00000056888,11.2973,11.1264,11.0234,11.3431,13.4559,13.5362,13.6563,13.7575,11.0884,11.0658,10.956,10.9825
 ENSMUSG00000032889,2.9238,2.9238,2.9238,2.9238,2.9238,4.1352,3.9606,2.9238,5.0361,5.7654,5.9013,5.4024
 ENSMUSG00000068397,7.1293,8.0335,6.0677,8.6106,6.0577,8.8671,6.1628,8.4718,6.2568,8.1306,7.2319,5.1508
 ENSMUSG00000084383,7.1293,8.0335,6.0677,8.6106,6.0577,8.8671,6.1628,8.4718,6.2568,8.1306,7.2319,5.1508
 ENSMUSG00000045455,7.3908,7.0746,7.515,6.4124,8.3728,7.8719,8.5717,8.8872,7.0847,6.6748,10.5087,9.5997
 ENSMUSG00000054641,2.9238,2.9238,2.9238,2.9238,2.9238,2.9238,2.9238,2.9238,5.1728,6.1374,4.5181,5.4585
 ENSMUSG00000025726,2.9238,3.3828,3.4387,2.9238,5.6107,6.3671,5.2014,4.7579,2.9238,3.6103,5.5539,4.8825
 ENSMUSG00000039670,7.2072,7.0579,7.2532,6.5985,9.2633,9.2452,9.84,10.0524,7.0847,7.129,7.9163,7.4921
 ENSMUSG00000032577,9.756,9.8401,9.8032,9.9139,12.0395,12.0845,12.5775,12.7175,9.9826,9.9482,10.1364,9.772
 ENSMUSG00000024790,7.6635,7.3805,7.5605,7.4262,9.8501,9.6054,10.4062,10.5173,7.7059,7.6156,9.2994,8.8356
 ENSMUSG00000026770,7.6909,7.7874,7.4438,8.3922,10.1534,10.4128,10.765,10.7665,8.1581,8.4706,9.177,8.9681
 ENSMUSG00000042462,8.1208,7.7975,8.3211,7.7779,9.3577,8.8375,10.0879,9.9706,7.8966,8.1216,11.31,10.6658
 ENSMUSG00000079620,3.8488,3.3828,3.9381,3.3992,6.224,6.9585,4.113,4.075,2.9238,3.4115,3.4793,3.3941
 ENSMUSG00000000248,9.2364,9.387,9.1745,9.2078,11.5476,11.5437,11.3575,11.3606,9.126,9.0304,8.7002,8.3551
 ENSMUSG00000053801,8.851,8.8023,8.8984,8.9214,10.2503,10.4658,11.1332,11.0766,9.0049,9.0448,12.0837,11.5533
 ENSMUSG00000081094,5.3998,4.9607,4.9,5.6618,6.8486,6.82,6.6314,7.4849,6.3703,5.5056,6.487,2.9238
 ENSMUSG00000004098,6.2053,6.6742,6.1703,7.7779,4.873,5.6423,4.814,4.7579,7.4735,8.1794,4.8032,5.5644
 ENSMUSG00000048895,8.7069,8.6958,8.6957,8.4551,10.6135,10.7019,11.393,11.0706,8.4256,8.4777,10.8918,10.6114
 ENSMUSG00000101188,11.3002,10.9095,11.1541,11.0019,12.2523,12.2732,12.8034,12.5643,10.6016,11.0593,14.3747,13.8748
 ENSMUSG00000099974,8.8368,8.6097,8.9563,8.2298,10.3735,10.3473,11.0438,11.0885,8.3624,8.6606,11.2566,11.0925
 ENSMUSG00000027297,8.2365,8.2399,8.2672,8.0557,6.0577,5.5853,5.921,5.9391,8.0608,8.0848,5.9013,5.5896
 ENSMUSG00000042210,6.732,6.3549,6.55,6.2941,8.5485,8.3613,9.1342,9.2461,6.4369,6.4749,8.7041,8.5432
 ENSMUSG00000057541,9.9043,9.8987,9.836,9.9459,11.532,11.837,11.9319,11.8092,9.8175,9.9001,12.9338,12.6256
 ENSMUSG00000058748,9.475,9.4728,9.4552,9.3653,11.7324,11.9633,12.248,12.1883,9.5765,9.5669,10.992,9.9114
 ENSMUSG00000024901,4.6112,4.6606,4.7387,4.9433,6.6107,6.7453,7.1868,7.5154,4.7551,4.9014,4.2461,4.1376
 ENSMUSG00000004655,8.4673,7.8224,7.8929,6.1983,5.0072,5.3982,5.7076,5.0811,5.0361,6.4016,5.4802,5.732
 ENSMUSG00000036480,3.3431,2.9238,2.9238,2.9238,4.873,5.5853,5.7455,5.386,2.9238,2.9238,2.9238,2.9238
 ENSMUSG00000080941,2.9238,2.9238,2.9238,2.9238,2.9238,2.9238,2.9238,7.1248,2.9238,2.9238,2.9238,2.9238
 ENSMUSG00000065979,7.9579,8.0462,8.2763,8.1768,10.3002,10.294,10.5574,10.7474,7.9199,7.9935,7.8749,8.0618
 ENSMUSG00000051615,7.5387,7.6155,7.6405,7.9431,9.7526,9.7706,10.3843,10.465,7.5827,7.7972,7.6311,7.7043
 ENSMUSG00000099703,6.952,6.9889,7.0864,6.8174,8.4633,8.6601,9.3873,9.0998,6.8996,6.9963,9.6332,9.7586
 ENSMUSG00000024177,6.3621,6.1636,6.3025,6.0038,8.4074,8.1943,8.8739,9.0417,5.8872,5.943,6.6768,7.0072
 ENSMUSG00000051154,10.3954,10.1495,10.2431,9.8901,12.4739,12.4058,12.9034,13.0372,10.1227,10.3612,10.9183,10.52
 ENSMUSG00000021303,3.8488,3.5702,2.9238,4.0637,5.1855,6.2271,6.1348,6.1107,3.3831,4.092,5.5894,5.6861
 ENSMUSG00000062204,2.9238,2.9238,2.9238,2.9238,5.1855,6.4,4.8873,4.4196,2.9238,2.9238,4.6691,4.6993
 ENSMUSG00000059409,10.0352,9.9717,9.9155,9.9831,12.2791,12.2341,12.7084,12.8874,9.9936,10.0302,11.4893,11.0697
 ENSMUSG00000079374,2.9238,2.9238,2.9238,3.5932,5.7273,6.4,2.9238,2.9238,2.9238,2.9238,2.9238,3.5861
 ENSMUSG00000042606,8.9691,8.9014,8.8776,8.9581,10.6221,10.7691,10.9314,11.0104,8.676,8.7889,11.6921,11.5584
 ENSMUSG00000054901,4.3257,4.1096,4.0523,4.2295,6.6882,6.5831,6.7828,6.7835,4.0265,4.092,5.2311,5.1508
 ENSMUSG00000100862,10.0387,12.1805,12.8653,12.3169,11.3274,12.1857,12.6871,14.2523,11.4911,11.2061,12.0079,9.8806
 ENSMUSG00000035863,6.6964,6.461,6.6093,7.0979,8.8166,8.6397,9.2583,9.4543,6.8023,7.1996,6.2464,6.4281
 ENSMUSG00000055093,11.0364,10.212,10.5696,10.5724,9.4711,10.225,9.1059,12.2956,10.4971,10.7318,11.854,7.7487
 ENSMUSG00000040596,8.918,8.8991,8.8655,9.1156,10.5309,10.6838,11.1085,11.0176,9.2507,9.2517,12.1993,11.6246
 ENSMUSG00000022074,9.9178,10.1396,10.0019,10.5268,12.2732,12.5646,12.7008,12.6439,10.2084,10.2873,10.0194,10.016
 ENSMUSG00000027562,10.5953,9.6791,9.6883,9.6955,10.5191,10.4346,11.066,11.4611,7.8729,10.6159,7.51,9.2866
 ENSMUSG00000019796,6.2431,5.9604,6.0024,5.9259,8.2636,8.5332,8.4419,8.8278,6.0503,6.0818,8.0022,7.2431
 ENSMUSG00000092329,7.9083,5.8466,8.6153,8.5022,7.0815,8.5406,9.8378,10.3086,8.8217,8.8586,9.2677,9.2252
 ENSMUSG00000067586,10.7081,10.4935,10.6089,10.2358,7.8081,8.1079,7.5655,7.9166,10.173,9.8407,9.7253,9.5783
 ENSMUSG00000026825,5.4224,5.4877,5.3972,5.2717,7.4127,7.5895,8.2089,8.1801,5.2967,5.7172,5.4417,5.8194
 ENSMUSG00000047415,7.861,8.0462,7.7363,8.1685,10.1085,10.4148,9.9475,10.1217,8.065,7.6538,7.1414,7.6526
 ENSMUSG00000090164,10.7998,10.6146,10.8737,10.7515,13.1359,13.0173,13.3799,13.4062,10.7519,10.8515,12.681,12.3155
 ENSMUSG00000037638,6.8503,6.8402,6.7994,6.9402,8.1793,8.2846,8.5717,9.1197,6.6538,6.637,5.0348,5.7092
 ENSMUSG00000060950,8.5467,8.478,8.6296,8.7369,10.223,10.3515,10.7571,10.7367,8.7324,8.8144,11.6574,11.2278
 ENSMUSG00000101892,8.496,8.509,8.6613,8.551,10.6573,10.4831,11.2338,11.2905,8.6117,8.6606,10.8647,10.2833
 ENSMUSG00000066632,2.9238,2.9238,2.9238,2.9238,2.9238,2.9238,5.9855,2.9238,2.9238,2.9238,5.9827,2.9238
 ENSMUSG00000025980,11.8145,11.486,11.727,11.512,12.7252,12.7514,13.2407,13.1717,11.3729,11.5175,15.1274,14.0053
 ENSMUSG00000056612,9.4906,9.114,9.2201,9.1178,11.1983,11.0209,11.432,11.4644,9.1119,9.4687,12.0238,11.6893
 ENSMUSG00000070498,4.5237,4.9607,4.7387,5.1711,7.1377,8.0473,6.6708,6.4015,5.2049,5.3544,7.2857,7.1046
 ENSMUSG00000070337,4.3257,4.4484,3.9381,4.6657,6.707,7.3758,6.6314,6.8002,4.5604,4.4735,5.0867,5.1849
 ENSMUSG00000102566,3.3431,2.9238,3.6483,3.5932,5.2923,6.3671,5.2014,4.6819,2.9238,3.4115,5.8443,5.0044
 ENSMUSG00000025473,7.8489,7.4137,7.5072,7.4402,9.5481,9.9217,10.2009,10.3287,7.5108,7.5223,8.0276,7.9569
 ENSMUSG00000070471,3.9338,4.6606,4.7948,4.7653,6.8983,7.3758,6.6113,5.6344,4.6617,4.5362,6.6928,6.7686
 ENSMUSG00000038279,10.6132,10.435,10.5622,10.3967,11.998,12.2504,12.4727,12.4252,10.5629,10.5874,13.59,13.1702
 ENSMUSG00000091095,3.7539,4.4484,4.4102,4.9011,6.1976,6.7195,4.7362,6.849,4.1103,4.4073,2.9238,5.0796
 ENSMUSG00000004100,10.3759,10.272,10.2232,10.2378,12.0794,12.2787,12.3117,12.3392,10.3307,10.473,13.1841,12.8761
 ENSMUSG00000096641,2.9238,2.9238,3.4387,3.3992,5.5271,6.4945,2.9238,3.5108,2.9238,2.9238,2.9238,2.9238
 ENSMUSG00000079299,4.27,4.5593,4.4837,4.8122,6.0577,6.4637,7.1456,6.9116,4.7993,4.4073,3.7047,4.052
 ENSMUSG00000040350,12.4258,12.5816,12.4526,12.4466,14.0414,13.9718,14.386,14.7519,12.4458,12.3499,11.1,11.2473
 ENSMUSG00000015176,10.9854,10.7138,10.7066,10.7134,12.4308,12.7263,12.4709,12.494,10.6273,10.7908,13.693,13.4856
 ENSMUSG00000042377,7.6864,7.6932,7.723,7.6461,9.6575,9.6603,10.3635,10.3985,7.7219,7.6971,9.7787,9.4683
 ENSMUSG00000006442,8.4461,8.2979,8.3517,8.5154,10.1483,10.3177,10.396,10.4466,8.2006,8.2266,11.0917,10.8296
 ENSMUSG00000101932,6.0575,5.1715,5.4972,2.9238,6.2754,6.1898,6.1062,6.6427,3.8312,5.5616,6.6928,6.6793
 ENSMUSG00000020116,9.1877,8.8635,9.0524,8.8965,10.4978,10.6434,11.006,10.9934,8.9081,9.0472,11.9584,11.5861
 ENSMUSG00000035299,10.1096,10.6203,10.6551,9.606,12.401,12.7835,12.2066,13.3401,10.4507,11.0857,12.2263,11.6992
 ENSMUSG00000045092,13.2582,13.1308,12.9903,12.924,10.5032,10.7455,10.3455,10.7073,12.9806,13.0567,12.4442,12.2365
 ENSMUSG00000027863,12.058,12.0278,12.0428,12.0721,9.739,9.7612,9.3546,9.7257,12.1653,12.2611,10.7625,10.5232
 ENSMUSG00000108823,5.7049,5.8267,6.0889,6.0956,8.0169,8.2402,8.1616,8.0123,5.8081,5.6924,5.3614,5.5644
 ENSMUSG00000069206,9.1893,9.1791,9.2248,9.096,11.2572,11.3794,11.9852,11.856,9.2229,9.4086,9.7542,9.3071
 ENSMUSG00000010048,9.1925,8.8731,8.976,8.9065,10.4488,10.6211,11.0212,10.8224,8.9984,9.0709,12.0254,11.6153
 ENSMUSG00000026234,13.7633,13.5151,13.6259,13.7135,15.6395,15.8053,15.3826,15.5951,13.3262,13.5386,15.8958,16.3046
 ENSMUSG00000031995,9.8935,9.7689,9.7632,9.7866,11.8638,11.8137,12.1605,12.3952,9.5677,9.6336,9.788,9.5027
 ENSMUSG00000069008,7.6727,7.8518,6.9784,7.0073,8.7051,9.1809,7.4797,9.8993,6.0503,6.4749,9.0801,7.7917
 ENSMUSG00000037601,10.3745,10.0359,10.3528,10.075,11.5758,11.4869,12.3952,12.2363,10.0984,10.2546,13.1753,12.6877
 ENSMUSG00000071041,4.6527,4.8408,2.9238,4.7653,5.3911,5.3982,2.9238,6.2392,2.9238,4.5362,5.0867,2.9238
 ENSMUSG00000032834,10.165,10.0549,10.1053,10.1101,11.6262,11.8137,12.1974,12.1074,10.1912,10.3428,13.1717,12.6734
 ENSMUSG00000002319,9.5527,9.5905,9.6815,9.8774,11.4963,11.6553,11.9207,11.9162,9.617,9.8365,12.2582,12.0864
 ENSMUSG00000042354,10.5363,10.3974,10.3816,10.2809,11.8617,12.1375,12.2777,12.0109,10.3718,10.4747,13.4715,13.0782
 ENSMUSG00000100254,5.3534,2.9238,2.9238,4.8122,2.9238,5.3982,5.5005,2.9238,2.9238,2.9238,2.9238,2.9238
 ENSMUSG00000002346,8.5738,8.7461,8.5972,9.175,10.8551,11.0222,11.1315,11.2794,8.7297,8.6129,8.8177,8.6405
 ENSMUSG00000107733,8.3833,8.3225,8.1969,8.4822,10.3995,10.5188,11.2907,11.0193,8.6344,8.5603,10.2365,9.6147
 ENSMUSG00000053553,7.4928,7.4589,7.5072,7.8103,9.5429,9.7262,9.5351,9.6222,7.5047,7.7509,9.9841,10.2432
 ENSMUSG00000035279,4.0826,4.9607,4.4102,3.8623,6.5907,7.6987,6.1348,5.5159,4.4494,4.4073,5.9561,5.8611
 ENSMUSG00000005718,7.6909,7.7772,7.612,7.9769,9.522,9.5299,9.5974,9.5772,7.5592,7.7093,10.6586,10.2109
 ENSMUSG00000098369,4.909,4.7082,4.9,6.0038,2.9238,5.5257,5.2561,2.9238,5.8283,2.9238,5.7541,5.1508
 ENSMUSG00000091498,6.3506,5.0703,4.8485,5.5871,7.8338,7.9178,6.2173,8.319,6.1652,5.5339,7.1297,7.2508
 ENSMUSG00000041954,8.4986,8.4269,8.7159,8.2692,10.1686,10.0169,11.0466,11.2765,8.5109,8.4988,8.2108,8.0216
 ENSMUSG00000020534,9.092,9.0008,9.0891,9.281,10.4488,10.6054,10.8063,10.6929,9.1714,9.2517,12.3333,11.8607
 ENSMUSG00000083316,5.5092,5.701,5.5599,5.8852,8.2824,9.0736,6.4164,6.2392,6.0157,6.1006,5.3614,5.6387
 ENSMUSG00000029036,10.1723,10.0789,10.185,10.2339,11.7352,11.9877,12.2573,12.2117,10.2821,10.2721,13.0092,12.7764
 ENSMUSG00000034424,8.0058,7.842,7.9737,7.6699,9.3279,9.3197,9.8655,9.6681,7.8872,7.9066,10.884,10.5111
 ENSMUSG00000047751,3.9338,3.9337,3.8066,4.0637,5.869,6.4322,6.2698,6.7323,3.9343,3.886,5.5539,5.2183
 ENSMUSG00000109941,2.9238,2.9238,2.9238,2.9238,2.9238,5.8006,5.9855,2.9238,2.9238,2.9238,2.9238,2.9238
 ENSMUSG00000001576,9.9772,9.8751,9.7403,9.7812,11.8227,11.8273,12.2661,12.336,9.7121,9.872,12.1144,11.6882
 ENSMUSG00000038623,12.1127,12.1723,12.1268,11.9705,9.8647,9.7518,9.6571,9.7557,12.0785,11.8262,10.0979,9.9839
 ENSMUSG00000031666,11.5549,11.5699,11.5647,11.6735,13.3308,13.3949,13.7229,13.8874,11.6014,11.6032,10.7358,10.5963
 ENSMUSG00000030246,5.1771,4.7982,4.5528,4.9011,6.9145,7.7376,6.5063,6.5471,4.8833,5.2889,3.8746,4.6993
 ENSMUSG00000020176,5.5092,5.4086,6.0889,4.9842,7.0379,7.1823,7.8307,7.8936,5.564,5.3544,4.2461,5.8611
 ENSMUSG00000035215,7.3167,6.4222,6.2094,8.0466,8.932,7.8719,9.3273,8.9848,7.1651,6.7475,8.5416,9.541
 ENSMUSG00000032334,6.1533,6.461,6.3381,7.0533,4.6402,4.3101,4.5639,4.7579,6.8902,6.637,3.8746,4.6488
 ENSMUSG00000038508,5.1221,4.3887,5.5903,5.2717,6.6692,6.844,7.7415,6.9269,4.1103,5.2549,4.6691,4.8392
 ENSMUSG00000107425,6.3735,6.4482,6.4722,6.5733,8.5224,8.5479,8.5509,8.075,6.5252,6.0436,6.1326,5.1849
 ENSMUSG00000033227,3.7539,3.3828,3.6483,3.3992,5.5271,6.1515,5.921,6.5668,3.5706,4.3368,4.5181,4.4223
 ENSMUSG00000104765,4.6927,4.5593,3.9381,4.3033,6.65,7.3758,6.2698,6.1635,4.2593,4.4073,6.1087,6.0706
 ENSMUSG00000021891,9.6003,9.6292,9.6729,9.7606,11.9213,12.0011,12.2965,12.2515,9.6326,9.7453,10.9377,10.5656
 ENSMUSG00000062554,6.3157,6.2844,6.266,5.0238,5.0694,4.821,6.5703,8.1674,6.4627,6.7825,8.3382,7.5622
 ENSMUSG00000022962,10.9358,10.7839,10.8349,10.8121,12.5293,12.5918,13.1611,13.2001,10.7783,10.9085,13.3948,13.0867
 ENSMUSG00000093392,4.0112,5.0348,2.9238,4.5571,4.7228,2.9238,5.455,2.9238,5.2667,4.4735,6.1561,5.998
 ENSMUSG00000020990,7.3571,7.3257,7.4109,7.6758,5.3911,5.0135,5.0847,5.2919,7.7534,7.9275,6.1792,6.0165
 ENSMUSG00000030000,7.7309,7.0152,6.721,5.5613,4.9419,5.6971,4.8873,4.7579,3.7128,5.7415,4.4346,5.3135
 ENSMUSG00000085978,3.3431,2.9238,2.9238,2.9238,5.5695,6.2988,2.9238,3.5108,2.9238,2.9238,2.9238,3.5861
 ENSMUSG00000040997,8.4699,8.2655,8.3343,8.345,10.1294,9.8789,10.5311,10.6201,7.9199,8.3672,7.3066,7.7211
 ENSMUSG00000068014,5.1771,5.8663,6.4561,2.9238,6.1707,5.8969,5.408,5.2919,5.1399,2.9238,5.8443,5.1849
 ENSMUSG00000069083,4.5683,4.7982,4.9,2.9238,5.9348,2.9238,2.9238,2.9238,2.9238,2.9238,5.0867,4.7943
 ENSMUSG00000008167,7.7309,7.7359,7.7883,7.9333,9.6599,9.7454,10.4602,10.5581,7.9199,7.9013,7.8537,7.9522
 ENSMUSG00000079339,10.1421,9.7702,10.1606,9.592,7.5431,7.6722,7.89,7.4111,9.9227,10.4324,8.8286,8.701
 ENSMUSG00000096326,9.8568,11.0356,10.8946,7.9958,11.2854,9.7327,8.7191,9.4358,8.2006,8.7217,8.6722,8.6138
 ENSMUSG00000033855,5.9996,6.3271,6.266,6.8281,8.908,9.4187,7.9707,7.2019,6.286,6.4606,6.202,6.4281
 ENSMUSG00000000184,12.0132,11.8104,11.951,12.4158,13.7847,13.8207,13.8303,13.774,11.743,11.8613,14.8576,14.2309
 ENSMUSG00000005800,6.8422,5.701,5.4647,4.6657,6.8317,8.098,7.0295,5.3398,4.3896,4.5956,5.3194,5.6626
 ENSMUSG00000052837,10.7357,10.6025,10.6161,10.6476,12.7666,13.3024,13.0504,13.0331,10.6238,11.0093,12.5984,11.9826
 ENSMUSG00000031662,11.6261,11.5559,11.5408,11.5782,13.6241,13.5279,14.0211,14.1971,11.5332,11.602,11.6901,11.3849
 ENSMUSG00000056749,6.0994,5.9235,6.0245,5.2717,7.6239,8.302,7.955,7.878,5.7668,5.2549,5.7848,5.5644
 ENSMUSG00000060032,10.0806,9.9345,10.0585,10.0571,12.1547,12.0794,12.5116,12.8939,9.9969,10.0812,10.8603,10.4917
 ENSMUSG00000031239,6.5837,6.3822,6.5947,6.6594,8.3728,8.2492,9.0843,9.1197,6.5733,6.7116,6.0844,6.2529
 ENSMUSG00000079192,7.3571,6.4988,6.7476,5.5613,7.2439,7.4401,4.9565,7.878,5.8283,4.6522,5.6906,4.6993
 ENSMUSG00000028655,5.4665,5.1386,4.8485,4.7653,6.2754,6.2634,6.0471,5.8448,5.1728,5.2549,8.0526,8.1677
 ENSMUSG00000066553,2.9238,4.0258,4.1542,4.6126,4.3505,5.3982,4.6531,6.8649,4.2593,2.9238,2.9238,3.7315
 ENSMUSG00000099875,3.6451,2.9238,2.9238,3.5932,2.9238,4.5931,4.113,6.9569,4.0265,4.2614,2.9238,4.1376
 ENSMUSG00000022389,10.4623,10.4253,10.4915,10.6677,12.4513,12.4537,13.1303,13.2285,10.494,10.3419,11.1156,10.8539
 ENSMUSG00000055148,11.2884,11.3872,11.0915,11.9747,9.6647,9.4849,9.6813,9.5964,11.7193,11.9929,9.0831,9.4331
 ENSMUSG00000038871,9.6194,8.7092,8.4477,10.9622,9.3607,9.0987,9.2647,9.5283,8.7455,12.1432,8.6922,10.8469
 ENSMUSG00000026814,6.8008,6.4222,6.8737,6.9205,8.7235,8.8074,9.442,9.1296,7.0597,7.0736,6.2464,7.2662
 ENSMUSG00000003955,8.9084,8.5151,8.7621,8.5446,10.3866,10.2543,10.841,10.7728,8.4955,8.648,11.2753,10.8927
 ENSMUSG00000050195,6.5541,6.4863,6.6801,6.7064,9.0315,9.6904,8.582,8.4666,6.513,6.9458,7.2644,7.1467
 ENSMUSG00000003573,7.5977,7.767,7.5379,7.9911,9.5377,9.5663,10.3857,10.506,7.9337,8.0327,7.7957,7.765
 ENSMUSG00000083917,3.5148,3.3828,2.9238,2.9238,4.873,5.2574,5.9855,5.6718,2.9238,3.4115,4.0154,3.3941
 ENSMUSG00000028633,9.316,9.1597,9.2689,9.2752,10.3306,10.7182,11.0335,10.8305,9.3048,9.3342,12.3089,11.9097
 ENSMUSG00000020821,10.6812,10.7144,10.5844,11.0159,12.8543,12.7522,13.1799,13.3514,10.6567,10.7598,11.0326,10.8847
 ENSMUSG00000020648,7.8244,7.7515,7.875,7.5596,9.2153,9.2587,9.5245,9.3083,7.6456,7.622,10.8452,9.9955
 ENSMUSG00000046865,10.6215,10.2971,10.4954,10.5324,12.3326,12.2498,12.4305,12.6108,10.2857,10.5029,12.7959,12.9695
 ENSMUSG00000053846,4.27,4.0258,4.2466,3.74,5.5695,5.987,6.077,5.6718,4.1875,3.9948,6.6605,6.7135
 ENSMUSG00000022018,6.5136,6.5951,6.2285,5.1358,7.4685,7.8002,8.1055,7.9541,5.5881,5.1842,5.6239,5.4024
 ENSMUSG00000043243,11.6567,11.6597,11.6019,12.2643,13.623,13.6919,14.5825,14.4212,12.2676,12.5881,13.8913,13.8887
 ENSMUSG00000005370,10.9927,10.8009,10.7966,10.9373,12.9317,12.9235,13.3906,13.5983,10.7623,10.9499,12.2778,11.6138
 ENSMUSG00000001056,9.8548,9.4313,9.8251,9.2752,10.9618,10.9715,11.1823,11.2675,9.6041,9.5143,12.5557,12.167
 ENSMUSG00000049916,6.3274,5.7861,5.8862,6.0413,7.8167,7.8365,7.9864,7.8384,6.286,5.9637,8.4269,8.7537
 ENSMUSG00000049608,8.4934,8.4073,8.4836,7.5911,9.7814,10.1137,9.7238,10.0103,7.2993,7.3928,7.5632,7.3407
 ENSMUSG00000089865,2.9238,4.7982,2.9238,2.9238,4.873,5.8969,2.9238,2.9238,4.3264,5.0302,2.9238,2.9238
 ENSMUSG00000011034,2.9238,2.9238,2.9238,3.3992,4.6402,5.3982,5.455,5.2919,2.9238,2.9238,2.9238,2.9238
 ENSMUSG00000056214,5.9393,5.7442,6.1097,6.4124,8.1523,8.0473,8.6619,8.6005,6.0841,6.2756,7.6801,7.6409
 ENSMUSG00000033987,8.5063,8.8587,8.6648,9.3001,10.9491,12.0598,10.7342,10.1511,8.9358,8.82,10.3591,10.1574
 ENSMUSG00000084106,7.8244,7.3805,7.7028,7.0442,8.5065,8.9187,7.7598,11.2992,7.5472,7.5697,8.2706,7.9474
 ENSMUSG00000032744,4.149,4.4484,4.2466,4.3033,5.9976,6.1515,7.1456,6.7835,4.3896,4.5362,4.2461,4.4223
 ENSMUSG00000025092,7.5831,7.4461,7.5455,7.3546,5.8349,6.2271,4.814,4.9615,6.8023,6.7357,4.6691,5.5125
 ENSMUSG00000028860,5.488,5.9964,5.5599,5.778,7.892,8.0779,8.0984,8.199,6.0331,5.6672,7.317,6.5467
 ENSMUSG00000098021,3.6451,6.7176,7.0655,6.5217,4.873,6.1898,3.9606,5.9692,6.1964,6.8827,5.3614,5.8404
 ENSMUSG00000107968,3.8488,2.9238,3.9381,2.9238,4.873,3.6367,2.9238,6.6427,2.9238,3.7608,4.9243,3.5861
 ENSMUSG00000020307,9.9052,9.675,9.7778,9.5701,11.8125,11.6185,12.2509,12.3317,9.7671,9.8185,11.5934,11.0892
 ENSMUSG00000101439,4.8755,4.4484,4.2466,4.6126,5.4832,6.4945,5.2014,7.7386,4.4494,3.886,4.596,4.1376
 ENSMUSG00000036718,5.8436,5.5866,5.2893,5.6858,7.3665,7.3592,7.8817,7.3447,5.0361,4.9887,4.9243,5.2825
 ENSMUSG00000006356,8.5367,8.3364,8.5935,8.7284,9.5863,9.1135,10.077,10.2449,8.2157,8.3086,6.2243,7.4389
 ENSMUSG00000044330,3.5148,4.1096,3.4387,3.3992,2.9238,4.5931,2.9238,6.5471,4.5062,4.6522,5.7848,4.1376
 ENSMUSG00000083364,8.2762,7.8323,8.1178,7.664,9.6695,9.9578,9.9274,10.6154,7.8044,8.2053,10.1054,9.9272
 ENSMUSG00000069114,9.397,9.5992,9.3576,9.7688,11.6305,12.1094,11.9745,11.8708,9.6729,9.6928,11.0597,10.452
 ENSMUSG00000021270,13.4273,12.9875,13.2795,12.775,13.6528,13.6696,14.0295,13.9262,12.7599,12.8376,16.604,14.9589
 ENSMUSG00000079225,10.3209,9.8511,10.1704,9.6707,11.1926,11.3378,10.803,12.619,10.1307,10.3631,13.1527,11.7651
 ENSMUSG00000055612,9.3335,8.9497,9.2644,9.0055,9.7139,9.8046,10.368,10.2266,9.1059,9.3244,12.4153,11.7223
 ENSMUSG00000001288,7.1293,7.5273,7.1475,6.8903,8.8877,9.0325,8.8906,9.234,7.3414,6.5033,5.9013,7.0873
 ENSMUSG00000000811,7.3049,7.1075,7.2624,7.5973,8.8754,8.9521,9.3425,9.337,7.4985,7.6285,9.8885,10.0285
 ENSMUSG00000038776,11.3908,11.2973,11.3121,11.3912,12.3374,12.1603,12.7935,13.019,11.3409,11.5574,9.6979,9.2866
 ENSMUSG00000038335,11.019,10.8795,10.9455,10.8293,12.3106,12.4415,12.858,12.8545,10.8388,10.9582,13.6359,13.3712
 ENSMUSG00000038482,10.1658,9.8474,9.9184,9.5511,11.4493,11.4277,11.8643,11.7802,9.5514,9.5719,12.494,11.7261
 ENSMUSG00000093505,4.3786,4.1867,2.9238,3.3992,5.438,4.7123,2.9238,6.5862,4.3264,2.9238,4.6691,4.4833
 ENSMUSG00000028341,5.9996,6.4482,6.4067,6.7064,8.1387,8.9299,8.5717,8.5862,6.4499,6.3556,7.4548,5.998
 ENSMUSG00000053472,2.9238,2.9238,2.9238,2.9238,4.873,5.181,2.9238,5.9391,2.9238,2.9238,4.0154,4.3579
 ENSMUSG00000006411,6.8981,6.8789,7.3603,7.5339,8.7818,8.9131,9.792,9.5505,6.9275,7.0642,7.51,6.9126
 ENSMUSG00000091478,4.5237,2.9238,2.9238,2.9238,2.9238,2.9238,2.9238,6.5471,2.9238,2.9238,2.9238,3.7315
 ENSMUSG00000028937,7.2569,7.1633,7.2439,6.9884,8.4017,8.353,8.8357,8.9027,6.6978,6.794,10.2595,8.6464
 ENSMUSG00000089967,4.5683,4.922,4.7387,4.6657,2.9238,5.2574,2.9238,6.942,5.2362,4.6522,5.6239,4.052
 ENSMUSG00000038763,5.1499,5.2035,5.0875,5.5081,7.4685,8.5551,6.8183,6.6611,5.4369,5.4471,6.7087,6.7247
 ENSMUSG00000073879,4.5237,4.9983,4.9495,4.8574,6.3962,7.044,5.8184,5.1907,4.7993,3.7608,2.9238,4.4833
 ENSMUSG00000032946,12.7475,13.144,12.8228,13.2423,11.0547,10.9329,10.5961,10.6107,13.0654,12.9666,11.3826,11.1364
 ENSMUSG00000021879,6.1533,5.9604,6.1097,5.5081,9.2218,7.9623,7.4003,6.7496,5.9251,6.585,5.5175,6.2372
 ENSMUSG00000027230,4.9417,4.754,4.8485,4.8574,6.464,6.6114,6.4621,6.1373,4.5604,4.5362,2.9238,4.4223
 ENSMUSG00000078995,9.912,9.8904,9.8421,9.7988,11.8772,11.8876,12.4775,12.5311,10.0089,10.0974,10.8063,10.2442
 ENSMUSG00000058392,9.8579,9.9311,9.7304,9.9386,11.2954,11.7447,11.5633,11.4401,9.9331,9.9596,12.7502,12.2977
 ENSMUSG00000022325,8.9391,8.8271,8.7815,9.0264,10.4735,10.6142,11.1848,11.0308,8.9584,9.0279,11.444,10.9906
 ENSMUSG00000020706,11.7235,11.5327,11.5754,11.577,13.1249,13.3683,13.5063,13.4587,11.591,11.6822,14.3053,13.9599
 ENSMUSG00000059970,7.3457,7.1554,7.2716,7.4608,9.3927,9.2271,9.9091,9.9724,7.362,7.6156,7.8958,7.8489
 ENSMUSG00000092367,5.1221,4.9607,2.9238,4.7165,2.9238,4.5931,2.9238,5.6718,4.5604,5.6672,2.9238,3.7315
 ENSMUSG00000037788,9.1749,9.1848,9.2178,9.3525,11.1421,11.1704,11.401,11.4902,9.0265,9.3575,8.6763,9.0301
 ENSMUSG00000022519,6.218,6.0657,6.2094,6.3982,8.0019,7.8124,8.7191,8.7143,6.5252,6.904,8.4076,8.5835
 ENSMUSG00000044165,5.6865,5.4619,5.7327,5.5871,7.7372,8.0473,7.4686,7.2869,5.0716,5.2549,5.6239,5.4585
 ENSMUSG00000093913,2.9238,2.9238,2.9238,2.9238,5.3426,6.0717,2.9238,2.9238,3.7128,2.9238,2.9238,2.9238
 ENSMUSG00000101111,11.9541,12.9872,13.7412,12.3561,10.3261,10.5226,13.0002,12.9572,12.9916,13.434,13.2541,12.8791
 ENSMUSG00000023333,6.4506,6.9072,6.812,7.2714,8.9788,9.8962,7.5016,7.7125,6.973,6.3864,6.2894,6.8829
 ENSMUSG00000020592,9.5099,9.3186,9.3446,8.9435,10.0477,9.9633,10.7284,10.8355,8.8751,8.7717,7.5544,7.3188
 ENSMUSG00000024312,9.475,9.3719,9.3618,9.707,11.3244,11.3091,11.4892,11.5661,9.4558,9.5652,11.8262,11.7543
 ENSMUSG00000029027,8.9353,8.9497,8.8257,8.909,10.8105,10.7133,11.6143,11.6225,9.0244,9.0448,10.0034,9.4848
 ENSMUSG00000067547,8.0627,8.042,7.9223,7.6219,9.2633,9.0168,9.47,10.3401,7.9199,7.9275,10.9209,9.5768
 ENSMUSG00000083161,8.4434,8.4495,8.1726,8.1304,10.0962,10.4088,10.2339,10.2419,8.2195,8.1079,10.6037,10.2852
 ENSMUSG00000054999,4.9417,4.6606,4.7948,5.0238,6.7618,7.1441,7.2136,7.2631,4.5062,4.9458,5.9561,5.9602
 ENSMUSG00000028010,8.4461,8.2138,8.3211,8.5317,9.9552,10.0353,10.362,10.492,8.1183,8.2558,10.2741,10.8859
 ENSMUSG00000074625,2.9238,2.9238,3.4387,3.3992,5.0694,5.9427,5.0847,4.3167,2.9238,2.9238,5.1366,4.3579
 ENSMUSG00000029866,7.2811,7.0579,6.1302,5.0238,3.9523,5.4635,4.6531,4.6819,3.9343,5.7654,4.6691,5.3734
 ENSMUSG00000064264,5.5908,5.7442,5.4314,6.0596,7.6627,7.6314,8.0472,8.3419,5.9251,5.879,7.6311,7.2275
 ENSMUSG00000044199,11.1332,11.1923,11.0909,11.4938,9.1923,9.0887,9.4505,9.5603,11.5568,11.6258,9.4666,9.161
 ENSMUSG00000094075,11.3039,10.0675,9.8559,8.9701,12.4206,10.2654,9.1166,9.39,9.2507,9.1239,9.177,8.8356
 ENSMUSG00000039911,5.0047,5.2953,4.618,4.9011,7.008,7.2195,7.0143,7.4219,5.2667,4.758,4.9243,5.6144
 ENSMUSG00000020641,9.6568,8.892,8.8715,10.6997,8.6042,8.974,9.2963,8.3016,8.445,11.5926,7.8749,10.1554
 ENSMUSG00000048007,7.8927,7.5453,7.6824,7.9382,8.6386,8.8902,9.6813,9.0486,8.1463,8.2723,10.7998,10.4811
 ENSMUSG00000027076,7.7613,7.6212,7.881,7.5532,9.0462,9.0634,9.4019,9.4905,7.7219,8.0471,10.5792,10.2586
 ENSMUSG00000022876,10.9253,10.6526,10.7301,10.4353,12.7529,12.6883,13.2979,13.1907,10.9132,10.9467,12.2695,12.0837
 ENSMUSG00000089722,4.0826,4.5052,5.5289,5.9654,5.7273,5.9427,5.3087,2.9238,4.5062,4.1803,2.9238,5.3734
 ENSMUSG00000072949,6.2306,6.5112,6.4561,6.3838,7.3898,7.3425,8.6473,8.8115,6.5968,6.292,5.276,5.6626
 ENSMUSG00000078429,11.2723,11.4079,11.2671,11.7076,9.7748,9.7706,9.6176,9.6385,11.4884,11.6008,8.9095,9.1002
 ENSMUSG00000018378,6.7582,6.8304,6.5194,7.2714,8.9201,9.1331,9.0915,9.4091,7.2778,7.016,7.0449,7.6051
 ENSMUSG00000056412,2.9238,2.9238,2.9238,2.9238,2.9238,2.9238,2.9238,6.6427,2.9238,2.9238,2.9238,2.9238
 ENSMUSG00000089929,10.2129,10.0338,10.1655,9.4806,11.5758,11.4088,12.1763,12.1784,9.8482,10.0951,12.2765,12.035
 ENSMUSG00000006360,10.9854,11.0055,11.2999,11.0377,8.904,8.598,9.2583,9.1491,11.3322,11.2958,9.5632,9.6012
 ENSMUSG00000045251,8.941,8.9177,8.8006,8.8109,10.6857,10.6904,11.4076,11.5323,8.9494,9.1597,9.1598,9.0006
 ENSMUSG00000050244,11.9195,11.9505,11.8963,11.9747,13.2127,13.4078,13.8205,13.7137,11.9741,11.9923,14.7538,14.2882
 ENSMUSG00000000776,9.0851,9.0138,9.0656,9.0356,10.668,10.8905,10.9662,11.0901,8.8607,9.0988,11.3807,11.2868
 ENSMUSG00000029026,4.5683,4.2584,4.2466,3.5932,5.9023,5.8969,5.455,5.596,3.9343,2.9238,2.9238,3.8525
 ENSMUSG00000015656,15.3496,15.0867,15.3929,14.8179,15.957,15.7592,16.2332,16.0474,15.0363,14.9894,18.6039,17.0009
 ENSMUSG00000037426,11.422,11.5806,11.4927,11.7939,13.459,13.484,14.0247,13.9949,11.659,11.6737,11.6328,11.5337
 ENSMUSG00000106037,11.0826,11.1497,11.1847,10.8021,9.5141,9.5627,9.2258,12.513,11.18,11.1862,11.6104,9.0959
 ENSMUSG00000009246,6.8584,6.6408,6.7994,6.9884,8.5171,8.6465,9.4163,9.2309,6.8223,6.861,8.5635,8.4421
 ENSMUSG00000041429,5.8102,5.8856,5.7327,5.2055,7.501,7.2735,8.1889,8.3588,6.2568,6.4016,7.9433,7.3334
 ENSMUSG00000074467,2.9238,2.9238,4.6798,4.8574,5.5695,5.6971,2.9238,5.9692,4.1875,4.5362,4.0154,4.1376
 ENSMUSG00000020224,9.8758,9.7663,9.7745,9.8595,11.8163,11.7158,12.0918,11.8879,9.6536,9.8841,11.7797,11.7341
 ENSMUSG00000100514,6.3506,6.0315,6.0463,6.3094,4.6402,6.03,5.3087,5.1907,6.1652,6.446,2.9238,4.2895
 ENSMUSG00000070960,4.5683,2.9238,6.1504,4.8574,2.9238,4.1352,2.9238,2.9238,2.9238,4.2614,4.9807,4.1376
 ENSMUSG00000058420,6.8981,6.9889,6.7344,7.6991,9.3695,10.0888,7.9147,7.9541,7.2112,7.1996,6.6107,7.289
 ENSMUSG00000096472,8.768,8.733,8.7847,9.0125,6.7796,6.9364,6.6708,7.071,9.0895,9.2763,6.9005,7.289
 ENSMUSG00000098794,2.9238,2.9238,2.9238,2.9238,5.1287,5.3982,4.9565,5.2423,2.9238,2.9238,4.2461,3.9579
 ENSMUSG00000037974,2.9238,3.3828,2.9238,3.74,5.6507,6.6114,3.9606,4.4196,4.3264,4.092,3.7047,3.8525
 ENSMUSG00000094087,9.3364,9.11,9.3936,7.1326,9.9707,7.5168,6.8183,8.1416,7.256,7.6725,7.6476,7.2508
 ENSMUSG00000089978,6.4613,6.7904,6.0889,7.0351,8.6338,9.8496,6.7828,6.507,6.9367,6.8279,6.4306,7.2814
 ENSMUSG00000062785,7.054,7.2832,7.2716,7.6991,9.5035,9.5336,9.6789,9.73,7.5651,7.6538,9.0085,8.6982
 ENSMUSG00000009108,5.0647,4.754,4.8485,4.7165,6.5287,7.044,6.5493,6.311,4.3264,4.6522,6.9811,6.8007
 ENSMUSG00000070298,4.909,5.0703,4.8485,5.2055,6.962,7.8484,6.6513,6.4865,5.1728,5.22,7.0197,7.0344
 ENSMUSG00000026603,7.6635,7.5212,7.723,7.24,9.0241,9.0273,9.5218,9.3427,7.2112,7.2167,9.8211,9.6326
 ENSMUSG00000040734,4.27,4.2584,4.1542,4.7653,6.1707,6.3334,6.8357,6.6972,4.3264,4.092,5.0867,4.6993
 ENSMUSG00000024900,11.7955,11.9876,11.3745,11.586,10.2987,10.009,10.0624,10.4214,11.6545,11.5088,8.7276,9.3865
 ENSMUSG00000035576,4.0826,4.5052,3.6483,4.3033,5.9665,6.844,5.8877,5.2423,4.0265,4.4735,6.4113,5.8404
 ENSMUSG00000100838,6.5934,6.014,6.55,5.2055,7.5535,7.8002,7.6266,8.4509,6.1494,6.0436,8.5978,7.4184
 ENSMUSG00000084235,5.5092,5.7653,5.0875,6.0596,7.5222,7.1441,7.9707,8.3305,5.6117,5.9637,6.9811,7.1877
 ENSMUSG00000064317,8.144,8.0672,8.4557,7.1154,8.6675,8.8902,9.7238,10.1084,8.2639,8.523,10.8118,10.0463
 ENSMUSG00000028318,9.4298,9.219,9.2598,9.2674,10.6846,10.8228,11.2573,11.1325,9.3065,9.2804,11.8903,11.6044
 ENSMUSG00000071379,8.7158,8.4269,8.6991,8.6677,9.9356,9.899,10.1756,10.2034,8.3692,8.3862,6.7705,7.6409
 ENSMUSG00000032384,11.328,11.5134,11.3553,11.7126,13.521,13.5894,13.7417,13.8251,11.4825,11.4993,11.8557,11.6013
 ENSMUSG00000022602,5.4224,5.3811,5.2893,5.7555,7.1099,7.1049,8.3178,8.0405,5.7457,5.9007,7.1986,6.6908
 ENSMUSG00000056457,4.5237,5.1386,4.9,5.239,2.9238,2.9238,2.9238,4.3167,5.3259,4.9014,2.9238,2.9238
 ENSMUSG00000027395,10.2508,10.3103,10.2137,10.3967,11.534,11.8526,12.0169,11.9971,10.3463,10.3448,13.0296,12.7405
 ENSMUSG00000032251,6.1795,6.2698,6.2474,6.5348,8.0611,8.098,8.8906,8.7616,6.3839,6.024,7.0819,6.7578
 ENSMUSG00000021298,10.3933,10.6664,10.4447,10.4388,12.3007,12.7874,12.8561,12.8903,10.5428,10.4889,11.7914,11.1689
 ENSMUSG00000039239,5.1499,5.7227,4.9495,5.7555,6.8145,7.7755,7.0742,6.3794,5.1728,4.9014,7.6881,6.9223
 ENSMUSG00000020642,11.1522,11.2794,11.0569,11.4343,10.21,10.0378,10.5311,10.8435,11.2437,11.2247,8.4599,8.4148
 ENSMUSG00000019737,5.6679,6.0657,5.4647,6.0227,7.4241,8.2128,7.947,7.8936,5.6803,5.5888,7.51,6.8321
 ENSMUSG00000013419,4.6527,4.7982,4.5528,4.9011,6.5075,7.0019,6.9033,7.1248,4.7093,4.4735,5.3614,5.1157
 ENSMUSG00000002007,11.5601,11.5736,11.463,11.6528,9.2474,9.2317,9.3665,10.0455,11.7785,11.9169,10.4536,10.5327
 ENSMUSG00000101135,5.1221,5.7442,5.5289,6.0777,7.3065,7.4866,7.8649,7.7299,5.4369,5.4169,5.4802,5.4024
 ENSMUSG00000032556,9.5943,9.4052,9.5466,9.3321,11.041,11.0951,11.3842,11.3972,9.4873,9.5039,8.3483,8.6869
 ENSMUSG00000038845,10.3224,10.17,10.5186,10.1101,11.7181,11.4802,12.0664,11.9808,10.3359,10.4388,13.0944,12.6396
 ENSMUSG00000071591,2.9238,2.9238,3.6483,6.0227,2.9238,2.9238,2.9238,2.9238,2.9238,2.9238,2.9238,5.1849
 ENSMUSG00000049133,2.9238,2.9238,2.9238,3.3992,5.438,5.987,3.5309,4.075,2.9238,2.9238,2.9238,3.3941
 ENSMUSG00000081375,4.149,2.9238,4.5528,4.6657,2.9238,5.8969,5.8535,6.0835,4.2593,3.7608,4.6691,4.2163
 ENSMUSG00000082423,4.8755,4.611,4.2466,4.6657,5.24,5.4635,5.3087,8.3475,4.6617,5.0302,5.6906,5.3734
 ENSMUSG00000001416,11.834,11.7767,11.8596,11.6957,12.8038,12.8485,13.3448,13.3071,11.9139,11.9179,14.8458,14.1642
 ENSMUSG00000025656,5.9698,6.3271,5.649,6.4124,7.8081,8.1661,8.2548,8.199,6.1007,6.3082,5.5175,6.1396
 ENSMUSG00000020527,8.2792,8.5028,8.3211,8.5542,10.15,10.3701,10.6113,10.5483,8.4862,8.4345,10.5749,10.2586
 ENSMUSG00000019899,5.649,6.5112,5.7594,4.0637,6.8486,7.3084,6.7464,5.3398,7.1414,5.1842,5.2311,7.4321
 ENSMUSG00000025867,8.7135,8.652,8.6044,9.7256,8.2318,8.4341,7.1868,7.4111,9.2191,9.8282,6.2464,7.8076
 ENSMUSG00000033706,10.0414,10.0145,10.0305,10.0229,11.3631,11.4178,11.8073,11.8431,10.1327,10.1124,12.7689,12.3898
 ENSMUSG00000023034,8.8225,9.1655,9.2035,9.3761,11.0755,11.6002,10.9653,10.9551,8.9962,9.1307,10.7348,8.9181
 ENSMUSG00000022651,6.967,6.1317,5.9799,4.9842,7.1377,7.6587,7.0446,5.7782,4.4494,5.1095,4.738,5.7092
 ENSMUSG00000089945,8.6593,8.164,8.2488,7.124,9.8874,10.1787,9.4561,9.9354,7.5944,7.6027,9.0862,9.6341
 ENSMUSG00000021359,6.7143,7.4005,7.2157,7.8368,9.482,10.1235,8.39,8.2177,7.2412,7.37,6.7705,7.5684
 ENSMUSG00000020205,5.3296,5.0703,5.2513,5.5871,7.2693,7.3255,8.0018,7.7642,5.5395,6.0818,6.0345,5.8194
 ENSMUSG00000032818,6.218,5.8466,5.7857,6.5085,4.8002,5.181,3.9606,4.3167,6.6313,6.6995,3.8746,4.6488
 ENSMUSG00000027610,8.5417,8.5363,8.8006,8.8685,10.3837,10.5039,11.1129,11.1496,8.5353,8.6699,8.9598,8.9564
 ENSMUSG00000024301,6.8744,7.0746,6.6237,6.5348,8.5224,8.591,9.1992,8.9702,6.909,6.4016,7.0819,6.6561
 ENSMUSG00000058486,10.4296,10.5036,10.4727,10.8548,12.23,12.2061,12.8876,12.8896,10.7376,10.8028,10.2269,10.1283
 ENSMUSG00000046449,3.6451,3.8306,2.9238,3.9687,5.438,5.7498,5.6686,5.8119,3.7128,3.886,3.4793,3.5861
 ENSMUSG00000078984,9.4473,9.6832,9.4948,10.096,11.978,12.6838,10.356,10.4637,9.6198,9.9494,9.3481,9.9874
 ENSMUSG00000052920,4.27,4.3887,3.9381,3.5932,5.6507,6.03,5.7824,6.1107,4.6617,3.7608,6.1326,6.2836
 ENSMUSG00000024078,9.4867,9.5162,9.6414,9.5171,10.8234,10.889,11.4913,11.4611,9.7054,9.6759,12.2277,11.8197
 ENSMUSG00000053746,5.3534,5.5626,5.1304,5.7555,7.4127,7.0646,7.6756,7.6313,5.3825,5.5056,7.2962,7.3039
 ENSMUSG00000028741,9.3028,9.1771,9.2059,9.3743,10.54,10.6871,11.0212,10.9449,9.422,9.4086,12.019,11.6889
 ENSMUSG00000078636,9.2715,9.5359,9.9769,9.8876,7.7097,9.2982,10.3056,10.6387,10.1534,9.5074,10.7386,7.4321
 ENSMUSG00000082726,3.3431,3.8306,3.6483,3.3992,5.3426,5.0999,5.8535,5.6344,2.9238,3.4115,3.4793,3.5861
 ENSMUSG00000079445,6.5837,6.8105,7.0968,6.6948,8.0898,8.6802,8.7191,8.7951,6.4881,6.7593,8.6843,6.1564
 ENSMUSG00000039197,8.7046,8.319,8.6991,8.2417,10.0293,9.7612,10.6037,9.4332,8.2307,8.3284,11.0318,10.5039
 ENSMUSG00000078300,4.0826,4.3255,4.8485,6.6353,2.9238,5.5257,6.4164,5.386,5.3545,5.9637,4.9243,4.6993
 ENSMUSG00000035355,6.0575,6.3411,5.8369,6.2309,7.6239,7.9513,7.939,7.9467,6.0673,5.879,8.5372,7.9804
 ENSMUSG00000067219,5.2299,4.8408,5.2122,5.1711,7.165,8.1756,6.2953,5.877,5.3259,5.0704,6.8726,6.5082
 ENSMUSG00000004897,11.2025,10.972,11.0456,11.0406,12.3445,12.2515,12.6612,12.6991,10.8492,11.0811,13.7862,13.346
 ENSMUSG00000095567,11.7484,11.6972,11.628,11.6139,13.1342,13.2431,13.4194,13.4996,11.619,11.7669,14.2459,13.9284
 ENSMUSG00000041360,10.6315,10.4764,10.5387,10.6258,11.9616,12.184,12.3059,12.3145,10.4459,10.611,13.1373,12.7957
 ENSMUSG00000051675,7.8244,7.7463,7.7495,7.7277,9.5061,9.3325,10.3149,10.3528,7.7791,7.7858,8.6642,8.1388
 ENSMUSG00000067356,6.4719,6.5597,6.1097,6.9884,8.8379,9.3068,7.5125,7.622,6.5851,6.7237,5.9561,6.9701
 ENSMUSG00000042487,9.3956,9.256,9.2342,9.2694,11.1625,11.3567,11.4277,11.6242,9.234,9.3106,10.996,10.7057
 ENSMUSG00000079139,2.9238,2.9238,2.9238,5.2717,4.3505,5.3982,4.814,2.9238,2.9238,2.9238,2.9238,2.9238
 ENSMUSG00000022682,10.7379,10.7283,10.7588,10.741,12.5319,12.4959,13.0952,13.1246,10.7105,10.7972,12.5433,12.1323
 ENSMUSG00000059895,12.4894,12.4502,12.2476,12.6835,13.9579,13.9342,14.2448,14.5606,12.3864,12.5042,11.4767,11.6242
 ENSMUSG00000096141,4.3257,4.7982,3.9381,4.6126,6.4417,7.3084,5.921,5.8119,4.5062,4.9458,6.3718,5.9214
 ENSMUSG00000030662,11.5102,11.3008,11.4605,11.4019,12.5504,12.6293,13.0532,13.0843,11.3174,11.4185,14.143,13.7256
 ENSMUSG00000048756,11.3464,11.4949,11.3472,11.7297,13.0778,13.0785,13.4849,13.5423,11.3872,11.4729,10.9386,10.6629
 ENSMUSG00000024732,9.0954,8.8393,8.8865,9.279,10.7274,11.0889,10.9584,10.8965,9.0093,9.2454,11.2102,11.1259
 ENSMUSG00000032373,4.6112,4.5593,4.5528,4.4988,6.0868,6.6114,6.528,6.0558,4.1875,3.6103,5.7848,6.1227
 ENSMUSG00000044468,10.8948,10.3841,10.0873,11.8779,10.6513,11.0301,9.4948,9.9888,9.2562,12.8097,9.6598,11.0898
 ENSMUSG00000021665,11.5758,11.5172,11.6606,11.6066,9.6334,9.4424,9.7853,9.57,11.6979,11.8101,9.9579,9.7841
 ENSMUSG00000035211,5.3053,5.5131,5.3972,5.4527,7.2566,7.5752,7.6852,7.4111,5.2967,5.1842,5.8731,5.4307
 ENSMUSG00000026073,5.6865,5.1715,5.0875,4.1501,6.3962,7.4243,6.4394,5.1907,3.7128,4.6522,5.0867,5.0425
 ENSMUSG00000026377,10.1963,9.9045,10.0989,9.8977,11.1523,11.2842,11.5697,11.4553,9.9569,10.0824,12.8407,12.3711
 ENSMUSG00000058624,9.4486,8.1679,8.4796,10.0559,8.928,9.4187,8.8227,8.0264,7.7944,10.7908,7.3476,9.9004
 ENSMUSG00000000903,9.4932,9.4134,9.2826,10.0206,7.2942,7.4401,7.8133,8.0405,9.8936,10.2505,9.0892,8.5987
 ENSMUSG00000054321,9.4711,9.4586,9.4288,9.3833,11.071,11.225,11.5423,11.391,9.4526,9.6272,11.7609,11.4497
 ENSMUSG00000094388,5.3768,5.0703,5.0875,5.778,6.5075,6.9138,6.6708,8.1219,5.1062,4.5956,6.1561,5.1157
 ENSMUSG00000096592,5.3768,5.0703,5.0875,5.778,6.5075,6.9138,6.6708,8.1219,5.1062,4.5956,6.1561,5.1157
 ENSMUSG00000024039,4.27,4.4484,4.2466,4.7165,6.224,6.2271,6.6708,6.1373,4.1875,4.758,6.559,6.3137
 ENSMUSG00000003341,3.6451,3.5702,3.6483,3.5932,5.2923,5.9427,5.3087,4.7579,3.5706,2.9238,5.6576,5.1157
 ENSMUSG00000058258,9.0469,8.8222,9.4288,9.7661,10.3589,10.2158,10.5417,10.3626,9.2598,9.4934,12.0352,11.8585
 ENSMUSG00000035202,10.5856,12.6927,13.616,11.449,11.6826,12.181,11.8447,11.765,10.6977,10.6175,10.3962,12.9009
 ENSMUSG00000030189,10.287,9.8798,10.0505,9.9423,11.3697,11.3198,11.571,11.6289,9.7887,10.1847,12.7559,12.281
 ENSMUSG00000096074,10.6975,10.7343,10.8692,9.6319,10.982,10.6654,9.8989,13.2176,9.5499,9.6651,9.7273,9.9066
 ENSMUSG00000064147,5.6679,5.2654,5.3972,4.8122,6.5497,7.201,7.5655,7.4951,5.1728,4.9014,5.1366,5.6144
 ENSMUSG00000029521,10.3078,10.1583,9.7632,10.9194,12.1411,12.4706,12.6064,12.2784,10.2457,10.2893,10.8127,10.8016
 ENSMUSG00000045799,5.0351,5.2953,5.9338,5.5871,7.008,7.291,6.393,8.6743,5.4892,5.879,6.7087,6.6444
 ENSMUSG00000064354,14.5235,13.7579,13.3501,13.9632,16.5196,16.5599,14.4431,14.3435,13.8995,13.7827,14.2444,14.2836
 ENSMUSG00000018340,12.5203,12.5152,12.5723,12.594,10.7182,10.6536,10.3989,10.4466,12.642,12.676,10.6757,11.0332
 ENSMUSG00000020741,10.7998,10.8872,10.7408,11.1095,12.451,12.5216,12.7734,12.7576,10.9673,10.9006,13.3441,12.9752
 ENSMUSG00000020601,10.3325,10.558,10.2149,10.6845,12.1552,12.0559,12.7807,12.8541,10.6393,11.0652,10.1809,10.2758
 ENSMUSG00000024891,6.2306,6.0487,6.0024,6.3982,7.3187,7.8484,7.6365,7.781,6.3428,6.2082,8.7809,8.6346
 ENSMUSG00000030427,8.4986,8.4366,8.3299,8.3633,6.9305,6.844,6.3692,6.311,8.6174,8.5127,6.1326,6.7468
 ENSMUSG00000049396,8.8611,8.8393,8.5415,8.8736,9.8751,9.7923,10.3333,10.511,8.4578,7.7093,10.785,10.71
 ENSMUSG00000040263,9.8994,9.8583,9.8559,9.93,11.5827,11.6443,11.9319,12.1007,9.8995,9.8557,12.0147,11.6134
 ENSMUSG00000075598,2.9238,2.9238,2.9238,2.9238,5.1287,6.1515,3.5309,4.075,3.3831,2.9238,3.4793,3.3941
 ENSMUSG00000006724,4.6927,4.4484,4.7387,4.6657,5.6895,6.82,6.3203,6.1107,4.6121,4.758,7.2536,6.5964
 ENSMUSG00000041538,14.2623,14.3941,14.2825,14.2397,12.3337,12.1698,12.602,12.8191,14.5906,14.5886,12.5472,12.3773
 ENSMUSG00000029322,12.7734,12.4977,12.8886,12.3115,10.3109,10.5226,10.6024,10.4374,12.5277,12.606,11.5125,11.265
 ENSMUSG00000031925,10.9012,11.092,10.8495,11.092,9.5788,9.9496,8.7605,8.7316,10.8449,10.9352,8.8214,8.8985
 ENSMUSG00000038510,9.4162,9.0159,9.213,8.919,10.638,10.6002,10.5311,10.5022,9.0709,9.2804,11.7997,11.5561
 ENSMUSG00000066443,11.8356,11.254,11.7824,10.5421,10.3618,9.3451,10.9354,13.1645,11.604,11.584,12.1902,10.2605
 ENSMUSG00000025491,7.5082,5.7442,6.5799,4.6126,6.6882,7.8002,6.6901,5.2919,5.0716,5.1095,5.4802,5.5644
 ENSMUSG00000020250,10.6456,10.4685,10.8154,10.8366,12.5244,12.4474,12.8569,12.9414,10.2448,10.3574,11.3395,11.2473
 ENSMUSG00000063820,4.27,4.611,4.4837,4.3033,6.3962,6.9138,6.2698,6.1635,4.2593,4.092,5.7541,5.2825
 ENSMUSG00000019850,11.2143,11.159,11.1241,11.1327,12.8176,13.2975,13.1744,13.0187,11.1848,11.3043,13.3711,13.0021
 ENSMUSG00000076552,8.0238,7.4716,7.3942,6.5985,10.5658,7.4713,7.955,7.1115,7.017,7.3777,7.2857,6.9223
 ENSMUSG00000023267,4.5237,5.1386,4.9972,4.8122,6.3249,7.3758,6.7091,6.0275,5.1399,4.9458,7.3375,6.5082
 ENSMUSG00000033386,8.8389,9.0116,8.9013,9.2635,11.0566,11.4821,10.9494,10.9223,9.0895,9.0918,9.0432,9.4125
 ENSMUSG00000096883,6.6598,6.4863,6.0677,7.24,7.5116,7.5752,8.2222,8.2361,7.1255,7.4518,9.5501,8.9681
 ENSMUSG00000021453,7.5134,7.4589,7.4274,7.3249,9.1757,9.5113,9.4948,9.3256,7.4923,7.8475,9.4526,9.6132
 ENSMUSG00000040463,11.996,11.9312,11.8308,12.3923,13.7854,13.9173,13.7608,13.7366,11.8053,11.9556,14.0763,14.0992
 ENSMUSG00000015396,12.3655,12.1908,12.4408,11.9678,13.7066,14.0731,14.0772,14.043,12.2678,12.3208,14.89,13.9072
 ENSMUSG00000027293,10.7115,10.7323,10.7886,11.1949,11.8179,11.4821,12.464,12.6315,10.9922,11.3548,9.2162,9.5426
 ENSMUSG00000099241,11.4281,11.3822,11.6899,10.3533,9.1106,9.4849,9.4019,8.8033,11.0724,11.1048,9.9513,9.6458
 ENSMUSG00000042638,5.1499,4.9607,4.7387,4.9011,6.8145,6.8677,6.9519,6.8807,4.6617,4.1803,5.5894,5.6144
 ENSMUSG00000061024,9.267,9.136,9.0337,9.1687,10.7779,10.9019,10.8998,10.8515,8.8846,9.1989,11.3721,11.2971
 ENSMUSG00000025481,2.9238,2.9238,2.9238,2.9238,5.0072,5.8969,4.3616,3.9271,2.9238,3.4115,4.738,4.2895
 ENSMUSG00000078935,3.6451,3.3828,3.8066,3.74,5.3911,6.6114,4.814,4.4196,2.9238,3.886,4.596,5.0044
 ENSMUSG00000027185,10.7384,10.8159,10.6295,10.8181,12.1547,12.2912,12.7228,12.7305,10.8594,10.857,13.1322,12.9181
 ENSMUSG00000026604,10.5033,10.7833,10.5061,10.1487,11.6678,11.8991,11.8884,11.956,10.1216,9.8585,9.1131,9.2997
 ENSMUSG00000030737,9.7816,9.8893,10.0886,9.7056,9.0499,8.353,8.4532,8.2722,9.2977,8.8284,6.6768,7.7043
 ENSMUSG00000020547,10.4016,10.0716,10.4417,9.9902,11.3342,11.3536,11.7907,11.7052,10.0485,10.0217,12.8033,12.4895
 ENSMUSG00000024359,12.2091,11.9483,12.1061,11.9812,13.3664,13.4381,13.598,13.6914,11.9987,12.1116,14.72,14.327
 ENSMUSG00000091844,6.429,6.3822,6.3899,6.3094,7.6042,7.6587,8.1338,8.0544,6.4369,6.585,9.3506,8.2277
 ENSMUSG00000048445,5.5908,5.5381,5.4314,5.6618,7.4685,8.0265,6.9678,6.8807,5.3259,5.4471,7.094,7.6051
 ENSMUSG00000062075,9.0903,9.0627,9.0444,9.0583,10.4749,10.3048,10.9101,10.9643,9.0751,9.0802,11.614,11.1484
 ENSMUSG00000076615,11.528,10.5044,10.7604,9.3869,12.04,11.8039,9.9907,10.7388,9.7372,9.2865,9.68,9.1257
 ENSMUSG00000035735,4.5683,4.611,4.3315,4.2295,6.3962,6.4945,6.3203,6.3342,4.6121,3.886,4.2461,4.5962
 ENSMUSG00000012777,6.1533,5.9964,5.7594,6.0777,7.2942,7.8835,7.0887,6.8807,5.8283,6.0628,8.6682,8.2198
 ENSMUSG00000058743,3.9338,2.9238,4.0523,4.3033,5.6107,5.6971,5.2561,4.7579,3.5706,4.092,6.1326,5.7092
 ENSMUSG00000055602,3.3431,3.5702,2.9238,3.5932,5.4832,6.1898,4.113,4.6819,3.5706,3.9948,4.9243,5.3734
 ENSMUSG00000078154,4.6527,4.5593,4.6798,4.0637,6.3962,5.0135,5.2014,6.6053,2.9238,4.1803,4.3444,4.1376
 ENSMUSG00000040010,8.8225,8.7591,8.6438,8.9581,10.2214,10.3987,10.2208,10.1799,8.4482,8.7803,11.3145,10.9532
 ENSMUSG00000022790,8.3437,8.4398,8.3816,8.8736,10.6147,11.4247,9.3273,9.5007,8.6031,8.6417,8.0464,8.8253
 ENSMUSG00000041889,3.5148,4.2584,3.9381,4.0637,5.9348,6.6932,5.3592,4.6819,3.7128,4.2614,5.276,5.798
 ENSMUSG00000016356,7.5685,7.8075,7.4274,7.1996,8.8336,9.5519,9.2126,9.1748,6.8807,7.0451,9.3227,8.8712
 ENSMUSG00000032796,5.0351,5.2953,5.4647,3.74,5.9023,6.7453,4.3616,4.3167,4.0265,4.092,3.4793,3.7315
 ENSMUSG00000062867,11.476,11.2942,11.4814,11.1748,12.5684,12.3447,13.0664,13.1488,11.4009,11.412,14.0216,13.5523
 ENSMUSG00000094652,9.1022,8.4527,8.6578,7.805,9.3753,11.1798,7.5339,7.9166,8.1304,8.26,7.8537,7.8792
 ENSMUSG00000072693,2.9238,2.9238,2.9238,2.9238,2.9238,2.9238,2.9238,5.6344,2.9238,2.9238,5.0348,4.5962
 ENSMUSG00000103823,4.6112,4.0258,4.618,4.3724,4.8002,2.9238,4.814,2.9238,4.7551,4.092,6.8152,4.7477
 ENSMUSG00000027324,8.4164,8.4685,8.2989,8.3778,10.1736,10.261,10.7673,10.715,8.3827,8.4454,9.7768,9.5967
 ENSMUSG00000020018,9.1829,8.7897,8.942,8.5121,10.3967,10.2632,10.5961,10.516,8.5944,8.8116,10.9552,11.1561
 ENSMUSG00000030521,10.615,10.3982,10.5472,10.2953,11.9674,12.266,12.0136,12.0426,10.3944,10.4703,12.926,12.5877
 ENSMUSG00000022272,10.1519,10.2419,10.5509,10.6513,12.2606,11.9991,11.9696,11.95,9.7516,9.8761,9.5033,10.2188
 ENSMUSG00000051978,8.3293,8.3502,8.3731,8.4448,10.4433,10.5465,10.6337,10.5495,8.5798,8.4161,9.1541,8.954
 ENSMUSG00000032908,9.5626,9.8106,9.5653,9.9808,7.8081,8.016,7.5655,7.7299,9.8711,9.9224,8.1013,8.251
 ENSMUSG00000067220,5.1221,5.6563,5.6774,5.6858,7.5942,8.6051,6.1062,6.1107,5.5881,5.5339,5.6239,5.6626
 ENSMUSG00000045349,5.4665,5.0703,4.9,5.3036,6.2754,6.7453,6.528,6.5471,5.2049,5.6154,7.825,7.7211
 ENSMUSG00000036931,10.5801,10.5143,10.4963,10.7155,11.9761,12.7757,12.393,11.9703,10.7584,10.8371,13.2598,12.2946
 ENSMUSG00000020075,12.5358,12.3409,12.3089,12.4975,13.9807,14.094,14.0552,14.035,12.1997,12.3884,14.6808,14.6111
 ENSMUSG00000023971,9.1909,9.0029,9.0891,9.0032,10.9234,10.9371,11.3454,11.494,9.183,9.1397,10.5597,10.1677
 ENSMUSG00000022351,9.0416,8.8802,9.3006,9.4739,9.9552,9.993,10.3041,10.3187,9.2941,9.5366,11.9118,11.8651
 ENSMUSG00000047511,2.9238,3.3828,3.8066,4.2295,5.6107,6.1122,4.8873,4.075,4.1103,4.3368,5.5175,5.6626
 ENSMUSG00000014444,11.3613,11.5267,11.2926,11.6845,13.2966,13.5022,13.6473,13.6924,11.4116,11.374,12.7945,12.4864
 ENSMUSG00000032902,9.285,8.8635,9.0656,8.904,8.8877,9.2808,9.5138,9.3596,8.9494,9.0779,11.8791,11.3453
 ENSMUSG00000030268,6.5541,6.1792,6.2094,6.1983,7.4575,7.8245,7.9065,7.4326,6.0157,6.3082,8.973,8.3225
 ENSMUSG00000000386,10.2493,10.0101,10.2765,10.5022,11.7533,11.9964,12.6318,12.2102,10.1287,10.8939,9.7655,10.0803
 ENSMUSG00000042010,5.0351,5.7653,5.4972,4.8574,7.1099,7.6314,7.0143,6.3794,5.8482,5.4169,7.3273,7.4657
 ENSMUSG00000037552,11.179,11.3755,11.0864,11.7265,9.5635,9.4541,9.2388,9.3083,11.4806,11.3172,9.7655,9.6177
 ENSMUSG00000021595,11.6437,11.477,11.6114,11.5505,12.663,12.7753,13.1285,13.1405,11.5501,11.6791,14.2374,13.9138
 ENSMUSG00000002308,6.534,6.5357,6.4722,6.3692,7.7463,7.5752,8.5244,8.4244,6.7193,6.5717,9.0181,8.5337
 ENSMUSG00000056209,9.2609,9.1636,9.4247,9.1435,10.4612,10.2476,10.9404,10.882,9.4236,9.4326,11.9658,11.5731
 ENSMUSG00000041506,9.539,9.3685,9.3725,9.4258,10.5923,10.78,11.0212,10.9214,9.4446,9.5004,12.1909,11.6006
 ENSMUSG00000029657,10.4363,10.3468,10.6331,10.6363,10.7987,10.7954,11.2025,11.0985,10.5224,10.0974,13.8281,11.8531
 ENSMUSG00000030683,6.1925,6.6181,6.2285,6.6948,7.9636,8.5406,8.0766,7.8936,6.5615,6.0042,8.6396,8.1636
 ENSMUSG00000027654,6.0432,6.014,5.7327,5.5081,7.5222,8.2402,7.2786,7.1766,5.5395,5.1473,7.094,5.6626
 ENSMUSG00000042729,9.397,9.276,9.2848,9.2319,10.5309,10.6315,11.0878,11.1284,9.4732,9.3918,11.808,11.5743
 ENSMUSG00000026020,11.5632,11.3683,11.4333,11.4408,12.5671,12.8266,12.8777,12.7189,11.3691,11.5641,14.1553,13.7994
 ENSMUSG00000021703,10.6351,10.6253,10.617,11.5149,9.4127,9.4773,9.605,9.5432,11.3486,11.9399,8.986,9.2753
 ENSMUSG00000022865,6.2306,6.2698,6.0245,6.4405,8.1109,8.8612,8.0766,7.7893,6.3004,6.8501,8.2108,7.8641
 ENSMUSG00000027932,6.0289,6.2988,6.266,6.4124,7.5638,7.6587,8.686,8.591,5.8283,6.1732,7.4826,6.6793
 ENSMUSG00000083929,5.0647,5.3245,5.0431,5.0622,6.4859,6.6932,5.7824,5.386,4.6121,4.2614,2.9238,4.8392
 ENSMUSG00000091367,4.27,2.9238,5.5599,4.3033,2.9238,2.9238,2.9238,2.9238,2.9238,2.9238,5.1366,2.9238
 ENSMUSG00000069830,5.7585,5.3531,5.7857,5.3951,6.1153,5.9427,6.077,5.4307,4.1103,4.092,3.4793,3.5861
 ENSMUSG00000020034,11.1448,11.3885,11.2394,11.649,9.8501,10.1063,9.9751,9.9241,11.6402,11.7085,9.0648,9.1753
 ENSMUSG00000004113,5.7585,5.8466,5.4647,6.3094,7.3898,8.016,8.2023,7.9762,5.9801,6.1006,6.0844,6.2372
 ENSMUSG00000089728,5.9996,5.6335,5.8115,5.9259,7.4575,7.4401,7.5339,7.4002,5.41,5.2549,4.9807,5.2825
 ENSMUSG00000075229,8.2941,7.9945,8.2207,8.0421,9.9217,9.9076,10.3916,10.3696,8.1344,8.2723,9.7954,9.6444
 ENSMUSG00000081953,6.5441,7.0993,6.8737,6.4124,7.9163,8.3277,6.6513,9.7663,6.2568,6.9963,7.0449,7.2508
 ENSMUSG00000038357,8.0452,6.8597,6.1703,4.7653,5.3911,6.3334,6.6113,6.2392,4.7093,5.1095,5.0348,6.0706
 ENSMUSG00000003418,10.5494,10.5219,10.4325,9.8015,11.7204,11.8039,11.6374,11.7692,9.6987,9.8157,12.4838,12.0459
 ENSMUSG00000057113,14.046,13.7123,13.8908,13.3912,15.043,14.9556,15.2719,15.246,13.5183,13.6748,16.2851,15.8756
 ENSMUSG00000023979,6.4181,6.6852,6.1504,6.7518,8.0826,8.5034,8.1127,8.4821,6.5006,6.3242,8.6063,8.1008
 ENSMUSG00000056987,4.149,4.3255,3.4387,3.74,5.2923,6.1898,5.7824,5.2423,3.9343,3.7608,5.929,5.6144
 ENSMUSG00000027472,9.8109,9.7365,9.7535,9.9251,11.4801,11.3916,12.244,12.2612,9.7849,9.8227,10.8263,10.5422
 ENSMUSG00000001436,8.2762,8.3433,8.2854,8.4956,9.2379,9.5299,9.8052,9.717,8.4026,8.5737,11.0636,10.7963
 ENSMUSG00000026357,8.5417,8.333,8.6081,8.4099,10.1155,9.9161,10.7457,10.758,8.4092,8.4198,8.5808,8.2472
 ENSMUSG00000042195,6.0716,6.0991,6.0463,6.0956,7.0958,7.4083,7.3407,7.1893,6.2715,6.0042,8.8286,8.4854
 ENSMUSG00000079197,11.2745,10.8368,11.1932,10.8869,12.3623,12.1314,12.922,12.8632,11.0032,11.231,13.4834,13.1987
 ENSMUSG00000071226,11.064,11.1741,11.0556,11.9097,13.0079,13.1069,13.8886,13.6966,11.7315,11.9745,12.0473,11.8885
 ENSMUSG00000032360,8.1407,8.3807,8.3255,8.8002,6.7618,6.6932,6.6708,6.8807,8.5533,8.8883,6.3517,6.7135
 ENSMUSG00000039891,6.8981,6.8304,6.8494,6.763,8.1591,8.612,8.8313,8.7951,6.3839,6.2591,6.5764,6.7358
 ENSMUSG00000108352,3.9338,2.9238,2.9238,4.3033,2.9238,2.9238,2.9238,6.1107,4.1103,2.9238,2.9238,2.9238
 ENSMUSG00000072437,8.1174,7.9989,7.8073,7.6758,9.5532,9.2587,10.0382,10.297,7.64,8.0519,8.0588,7.6758
 ENSMUSG00000082475,2.9238,4.922,4.4837,5.239,2.9238,5.181,4.6531,2.9238,5.1399,5.6672,4.9243,4.6993
 ENSMUSG00000055452,4.0112,4.3255,2.9238,2.9238,4.6402,2.9238,2.9238,5.9084,2.9238,2.9238,4.5181,4.052
 ENSMUSG00000030357,11.1571,11.042,11.1553,11.0491,12.0418,11.813,12.4126,12.4279,11.0216,11.0979,14.1127,12.9936
 ENSMUSG00000064299,3.3431,4.0258,3.4387,3.9687,5.24,5.5853,6.1348,5.9692,3.8312,3.9948,3.8746,4.5411
 ENSMUSG00000030079,9.9245,9.7326,9.88,9.5858,10.8095,10.7847,11.1899,11.2623,9.7,9.8557,12.4806,12.0497
 ENSMUSG00000054385,8.1539,7.8372,8.0766,7.6341,5.6507,6.4,5.6686,5.3398,7.362,7.083,6.8152,6.4143
 ENSMUSG00000024785,9.2068,9.031,9.102,9.1135,10.4557,10.7502,10.7249,10.6178,8.9517,9.0779,11.508,11.2444
 ENSMUSG00000029055,4.2113,4.4484,4.1542,4.4988,6.65,6.6665,6.4164,6.1892,4.4494,4.758,5.3614,5.3734
 ENSMUSG00000109864,6.7143,7.1236,6.8616,7.1326,8.4187,8.9411,9.0175,8.624,6.5252,6.4749,6.8442,6.8729
 ENSMUSG00000025203,11.6654,11.3306,11.8098,11.8319,13.4982,13.546,13.6276,13.7985,11.3046,11.5583,12.2514,11.7905
 ENSMUSG00000102543,5.3296,4.7082,4.6798,4.9842,6.707,7.2377,6.9359,6.9863,5.1399,5.1473,4.8652,5.5387
 ENSMUSG00000027459,7.068,7.1554,6.9671,7.5339,8.4688,8.3446,9.1201,9.2248,7.2112,7.1199,6.5764,6.1893
 ENSMUSG00000031403,11.2395,11.0436,11.0864,11.0257,12.1712,12.2181,12.2915,12.289,11.0227,11.1522,13.8057,13.4875
 ENSMUSG00000008206,10.8303,11.0817,10.8827,11.2273,12.5581,12.6345,12.8414,13.0589,11.0026,10.979,10.4929,10.3568
 ENSMUSG00000039680,6.9444,6.7492,6.6093,6.9789,8.4688,8.386,8.9594,8.7826,6.73,6.8279,8.9095,8.3188
 ENSMUSG00000031954,10.6073,10.2837,10.4243,9.9226,11.6305,11.6451,11.7496,11.8239,10.1095,10.2618,12.7969,12.4124
 ENSMUSG00000037683,6.669,6.5478,7.1173,6.6594,5.1855,5.0999,4.4672,5.0227,6.3839,6.4892,4.6691,4.5962
 ENSMUSG00000073125,9.5176,8.2362,5.9102,7.3546,7.5942,7.984,7.4686,8.4562,7.9383,6.7825,8.1073,9.1874
 ENSMUSG00000095661,6.8008,5.3811,6.8976,5.8001,6.6107,7.3084,7.5861,7.2751,5.3545,6.3711,8.6396,7.6291
 ENSMUSG00000002477,9.7635,9.3515,9.5948,9.1328,10.6608,10.4697,10.9809,10.8584,9.3293,9.3633,11.8544,11.8165
 ENSMUSG00000042662,2.9238,2.9238,2.9238,2.9238,4.873,4.9209,5.1443,4.8295,3.3831,2.9238,2.9238,2.9238
 ENSMUSG00000027073,7.6864,7.5028,7.6335,5.6374,8.0465,8.6533,6.528,7.1766,6.1333,6.1554,6.1792,5.8404
 ENSMUSG00000018334,9.3606,9.4993,9.2436,9.2078,11.2509,11.2465,11.3287,11.4618,9.1868,9.1034,10.5256,10.363
 ENSMUSG00000038214,8.2458,8.5543,8.216,8.6795,9.8522,10.0143,9.8118,9.8543,8.3453,8.7601,10.9004,10.7534
 ENSMUSG00000101082,3.3431,2.9238,3.4387,3.74,5.3426,6.1515,4.4672,4.4196,3.5706,3.4115,4.8032,5.0425
 ENSMUSG00000045362,9.2999,9.441,9.3315,9.4856,10.6573,10.6349,11.3048,11.2941,9.5167,9.5933,8.3634,8.5113
 ENSMUSG00000029135,7.757,7.7975,7.9568,7.7221,9.4491,10.2158,9.4561,9.093,7.4798,7.3469,7.8177,7.4657
 ENSMUSG00000041046,3.7539,2.9238,2.9238,2.9238,5.24,5.3297,5.1443,4.7579,2.9238,3.4115,3.4793,3.5861
 ENSMUSG00000104217,4.5683,2.9238,4.6798,3.8623,4.4554,6.0717,5.6686,5.6718,4.1103,4.2614,6.0088,5.5125
 ENSMUSG00000059743,8.8039,8.5691,9.1794,9.2518,9.407,9.2675,9.7515,9.7192,9.126,9.3899,11.6816,11.5197
 ENSMUSG00000083789,7.3049,7.4005,7.0864,7.7833,9.5008,10.0661,8.324,8.4244,7.5472,7.2751,6.9941,7.5371
 ENSMUSG00000060716,7.498,7.4461,7.1071,7.8935,9.189,9.2764,9.9673,9.7451,7.6174,7.8253,8.8141,8.4984
 ENSMUSG00000074800,8.6005,9.8727,10.2605,9.6618,9.8119,8.6668,10.3242,12.1804,9.7837,10.1858,11.0341,9.3255
 ENSMUSG00000054568,8.144,8.2288,8.192,8.6439,10.388,11.1137,8.9515,9.0964,8.2963,8.2434,7.9763,8.5681
 ENSMUSG00000109564,2.9238,3.8306,3.6483,2.9238,5.7273,6.0717,3.9606,4.203,4.0265,3.4115,3.4793,3.8525
 ENSMUSG00000073676,10.8231,10.5356,10.8264,10.3661,11.7158,11.4793,12.2625,12.2378,10.6602,10.5617,13.4388,12.4035
 ENSMUSG00000081991,3.6451,3.5702,3.4387,3.5932,4.7228,5.9427,5.5871,4.9615,2.9238,3.6103,3.4793,3.3941
 ENSMUSG00000063334,10.9224,10.8313,10.8662,10.8799,12.6347,12.6834,12.9321,13,10.9161,10.8846,12.778,12.2584
 ENSMUSG00000079508,6.732,6.9977,7.2439,6.3246,8.6435,8.3613,8.9907,8.6562,7.0597,6.2254,8.2653,8.0574
 ENSMUSG00000082321,5.776,5.4086,4.5528,5.2055,6.3004,7.0231,7.0446,7.677,5.0716,4.9014,6.1087,5.4024
 ENSMUSG00000028222,6.4181,6.6181,6.1302,6.7179,8.569,9.4306,7.1456,7.0846,6.9995,6.2756,6.7244,6.6325
 ENSMUSG00000023262,8.1374,8.1833,7.9281,8.1261,9.3339,9.3111,10.055,10.0174,8.3726,8.3046,10.418,10.3648
 ENSMUSG00000071497,9.1456,8.7846,9.0917,8.697,10.0909,10.0169,10.4714,10.5135,8.8291,8.9173,11.5271,11.0026
 ENSMUSG00000052331,13.2856,13.4765,13.3291,13.6231,11.9188,12.0559,11.5762,11.7911,13.6379,13.6307,11.407,11.3583
 ENSMUSG00000097565,3.8488,2.9238,4.5528,2.9238,2.9238,5.4635,2.9238,2.9238,4.6617,2.9238,4.738,4.6993
 ENSMUSG00000032278,6.6031,7.0494,6.3728,6.763,8.2058,8.6868,8.4532,8.8716,6.751,6.7475,6.3312,6.534
 ENSMUSG00000030255,7.2009,7.5573,7.1869,7.7502,7.6817,8.1661,7.9147,7.8384,7.6512,7.8746,5.0348,5.5896
 ENSMUSG00000034239,2.9238,2.9238,2.9238,3.3992,5.1855,5.8496,3.5309,3.5108,2.9238,2.9238,2.9238,3.3941
 ENSMUSG00000036676,7.7353,7.8372,7.8136,7.7613,9.2347,9.0837,9.9771,9.6499,7.5592,7.5223,7.1414,7.4389
 ENSMUSG00000022843,7.0184,7.2094,7.0968,7.5274,8.8754,9.022,9.5692,9.5007,7.2188,7.2337,8.16,8.0261
 ENSMUSG00000030510,3.6451,3.8306,3.8066,4.3724,5.1855,5.987,4.5639,4.3167,3.3831,3.9948,6.1561,5.8404
 ENSMUSG00000000204,9.276,8.0589,8.2395,6.586,8.773,9.7295,9.315,7.5452,7.2778,7.4373,7.2962,8.2198
 ENSMUSG00000025366,12.759,12.8744,12.7027,13.0744,10.881,10.8016,10.8421,11.1617,12.9905,12.9952,11.6487,11.2807
 ENSMUSG00000004748,6.218,6.0991,6.1097,5.778,7.008,7.0019,7.2912,7.6859,5.962,5.7889,8.7506,7.9569
 ENSMUSG00000044024,6.0289,6.2101,5.9338,6.3982,7.5222,7.5168,8.0018,8.2663,6.1333,6.1732,8.297,8.0034
 ENSMUSG00000025026,13.4009,13.5341,13.3138,13.6312,11.787,11.6929,11.63,12.0163,13.577,13.6481,11.4184,11.5934
 ENSMUSG00000074272,11.2422,11.3513,11.1178,11.5149,10.064,9.9413,9.29,9.4981,11.4747,11.6971,9.3329,9.5489
 ENSMUSG00000044465,10.0173,10.1336,9.9329,10.3218,11.8381,11.9434,12.2828,12.3846,10.0891,10.1716,10.5973,10.3039
 ENSMUSG00000046314,6.14,6.7802,6.565,7.1665,8.677,9.4385,7.4234,7.3103,6.842,6.4606,6.4113,6.9888
 ENSMUSG00000022263,10.7461,10.8931,10.7588,10.9089,12.4824,12.6473,13.0358,13.2384,10.8173,10.9163,11.364,11.2545
 ENSMUSG00000028521,8.4354,8.6958,8.5186,8.7812,10.4803,10.6002,10.5897,10.7527,8.5798,8.5435,8.9399,8.8305
 ENSMUSG00000073842,2.9238,2.9238,2.9238,2.9238,5.3426,5.5257,3.7763,3.7484,2.9238,2.9238,2.9238,2.9238
 ENSMUSG00000094248,5.1771,2.9238,4.3315,5.1711,4.9419,6.0717,6.1903,6.4658,5.7025,5.8119,5.5894,4.7477
 ENSMUSG00000087376,2.9238,3.5702,2.9238,2.9238,4.1036,5.181,4.7362,3.5108,3.3831,3.6103,5.4802,5.3135
 ENSMUSG00000093955,8.7573,8.164,9.8452,6.9402,9.2087,9.7391,8.4755,8.7868,7.1011,7.2833,7.8608,8.1262
 ENSMUSG00000021175,8.7829,8.5242,8.5603,8.1727,9.3067,9.3367,9.7051,9.7747,8.445,8.4741,11.1601,10.8238
 ENSMUSG00000020180,9.7365,9.3412,9.3915,9.6425,11.369,11.1692,11.1103,11.3931,9.2671,9.5383,11.0048,11.6914
 ENSMUSG00000078812,12.1871,11.8345,12.1573,12.0068,13.1028,12.9305,13.6965,13.7253,11.8944,12.0212,14.4669,14.1916
 ENSMUSG00000047454,9.7222,9.7418,9.7354,9.6075,11.1917,11.2732,11.6087,11.5691,9.5618,9.5281,11.7108,11.4833
 ENSMUSG00000036572,11.0275,10.9792,10.7572,10.9676,12.81,12.9058,12.7427,12.8828,10.8302,10.9319,10.7222,10.8809
 ENSMUSG00000018476,9.9303,10.32,10.1256,10.9281,12.185,12.8944,12.1493,11.8649,10.4932,10.4442,11.7895,11.1669
 ENSMUSG00000038368,9.9965,10.0943,10.0925,10.1058,11.6077,11.7287,12.1915,12.2063,10.0653,9.9482,11.8786,11.5165
 ENSMUSG00000054728,6.3621,6.6632,6.565,7.398,8.6911,9.5188,7.2786,7.622,6.8322,6.839,6.3517,6.9795
 ENSMUSG00000028851,10.3982,10.1426,10.1946,10.1349,11.2939,11.2929,11.3195,11.4844,10.0358,10.2232,12.9344,12.3889
 ENSMUSG00000074479,4.3786,2.9238,2.9238,2.9238,5.1287,5.0135,2.9238,5.2919,4.1103,2.9238,4.4346,4.3579
 ENSMUSG00000020908,3.7539,3.3828,3.8066,3.8623,5.8349,6.4945,4.8873,4.4196,4.0265,3.7608,5.4021,4.4833
 ENSMUSG00000011154,4.0112,4.5052,4.3315,3.9687,5.438,6.4637,5.0222,4.4196,4.1875,2.9238,5.8731,5.3135
 ENSMUSG00000034164,9.4724,9.4602,9.4144,9.9843,7.7907,7.6314,7.8133,7.7642,9.6508,9.7859,8.0833,7.8284
 ENSMUSG00000025817,10.6703,10.6651,10.5434,10.6566,12.091,12.0333,12.9456,12.8275,10.6664,10.7124,12.5824,11.9548
 ENSMUSG00000091713,2.9238,2.9238,2.9238,2.9238,5.0072,5.6971,2.9238,3.9271,2.9238,2.9238,2.9238,2.9238
 ENSMUSG00000094862,5.6299,5.3531,4.4837,4.4988,7.719,3.9222,4.5639,5.596,4.7551,4.7062,4.9243,5.0425
 ENSMUSG00000028794,5.8763,6.014,6.1504,6.5217,7.9243,8.9299,7.5445,7.1639,6.1007,6.3082,7.8394,7.3114
 ENSMUSG00000107951,5.3053,4.4484,5.4314,4.4988,5.9665,4.821,5.3087,4.6008,5.1728,5.0704,7.9095,6.2214
 ENSMUSG00000042558,9.4893,9.4036,9.6917,9.4586,11.1768,11.1223,11.7868,11.9152,9.6797,9.6728,11.1022,10.6809
 ENSMUSG00000076534,9.3956,8.1717,9.0603,7.9431,10.5045,10.3865,7.8733,9.2125,7.5472,8.1396,8.9432,8.4522
 ENSMUSG00000003824,7.0398,6.8304,6.8616,6.5085,8.4633,8.4731,8.7875,8.9293,6.5615,6.6872,8.3534,8.2
 ENSMUSG00000018548,9.8568,9.8751,9.9286,9.8595,11.2753,11.3336,11.6949,11.6746,9.8543,9.8557,12.1531,11.8362
 ENSMUSG00000067575,2.9238,3.7122,3.6483,3.5932,4.1036,2.9238,2.9238,6.5272,3.3831,3.7608,3.4793,3.5861
 ENSMUSG00000081214,2.9238,3.7122,3.6483,3.5932,4.1036,2.9238,2.9238,6.5272,3.3831,3.7608,3.4793,3.5861
 ENSMUSG00000083424,2.9238,3.7122,3.6483,3.5932,4.1036,2.9238,2.9238,6.5272,3.3831,3.7608,3.4793,3.5861
 ENSMUSG00000094664,2.9238,3.7122,3.6483,3.5932,4.1036,2.9238,2.9238,6.5272,3.3831,3.7608,3.4793,3.5861
 ENSMUSG00000095526,2.9238,3.7122,3.6483,3.5932,4.1036,2.9238,2.9238,6.5272,3.3831,3.7608,3.4793,3.5861
 ENSMUSG00000057262,5.6865,5.0703,5.649,5.8001,4.3505,2.9238,4.9565,4.4196,5.998,5.8347,6.4497,4.7943
 ENSMUSG00000092340,8.031,8.1795,8.0766,7.3098,6.5907,5.8006,5.9855,6.1373,7.1806,6.8279,5.5175,5.8611
 ENSMUSG00000021559,6.1665,6.2844,5.9338,5.8219,7.6337,8.2402,7.6166,7.4951,6.3147,5.9841,4.9807,6.9223
 ENSMUSG00000076562,7.9541,10.6623,8.4757,7.0713,7.5327,7.4866,7.4003,7.8623,7.2633,7.6971,7.4071,7.4115
 ENSMUSG00000021193,10.6772,10.4756,10.5575,10.3949,11.545,11.5537,11.9141,12.0087,10.3693,10.5133,13.1843,12.5778
 ENSMUSG00000022469,7.861,8.0589,7.6755,8.0557,9.1418,9.3282,9.4221,9.6522,8.0008,7.8141,6.5054,7.2738
 ENSMUSG00000063660,8.7135,8.9497,8.5339,7.8316,7.6337,7.5316,6.591,6.8166,7.5472,7.1735,6.0088,6.1893
 ENSMUSG00000085998,9.554,9.8018,9.4612,9.8939,11.9966,12.383,9.9614,10.5846,10.1247,9.6821,9.629,9.8769
 ENSMUSG00000039813,6.429,6.7387,6.2844,7.0442,8.1387,8.0678,8.6716,8.9848,6.6313,6.8934,6.4113,6.5593
 ENSMUSG00000079018,5.9081,5.8466,6.0463,5.5613,7.8422,8.6802,7.1032,6.8002,5.635,6.3242,6.559,7.289
 ENSMUSG00000021018,8.65,8.3155,8.6682,8.3597,9.7503,9.5225,10.356,10.3724,8.4768,8.7395,10.9527,10.4035
 ENSMUSG00000067149,14.4983,14.3706,14.5131,12.2533,14.322,14.9387,13.3647,13.8511,12.6301,12.6237,13.2561,12.3481
 ENSMUSG00000093865,2.9238,2.9238,2.9238,2.9238,4.5515,5.4635,4.113,4.203,3.3831,2.9238,5.1847,4.5411
 ENSMUSG00000027560,4.0826,4.2584,4.0523,4.8122,6.4859,6.9585,5.0222,5.1907,4.5062,4.4735,3.8746,4.8825
 ENSMUSG00000028261,9.0765,8.9788,9.0065,8.5795,9.482,9.5299,10.1619,9.9779,8.8017,8.8339,11.7414,10.9038
 ENSMUSG00000021032,3.3431,4.0258,3.4387,3.74,5.24,5.8006,5.7076,5.7436,4.0265,3.9948,5.4802,5.0425
 ENSMUSG00000025780,9.1374,9.0937,9.1249,9.788,7.5841,7.8484,7.3768,7.2751,9.4252,9.7526,7.8608,7.8941
 ENSMUSG00000051518,7.8848,7.6604,7.7819,7.7888,9.2153,9.1476,9.6276,9.6105,7.7842,7.8638,10.0676,9.7243
 ENSMUSG00000020857,11.4416,11.0308,11.4789,10.8709,12.4343,12.2164,13.0725,12.9454,11.2756,11.2205,13.6487,13.0592
 ENSMUSG00000027597,9.967,9.6832,9.9515,10.0927,11.7272,11.4336,12.2268,12.0198,10.0326,10.1462,11.6379,11.4239
 ENSMUSG00000080848,10.6936,9.7702,9.9444,9.2259,10.3589,10.3577,8.3301,11.6644,8.9539,9.9634,11.2011,9.2997
 ENSMUSG00000037851,11.3371,11.2305,11.2487,11.289,12.5339,12.5673,12.9725,12.9602,11.2998,11.3285,13.7224,13.3258
 ENSMUSG00000068740,6.4071,6.8693,6.5799,7.4608,8.5588,8.619,9.0364,9.3025,7.6174,7.5292,7.8177,7.13
 ENSMUSG00000041215,10.4249,10.3982,10.3496,10.4964,12.1437,12.1669,12.7381,12.6718,10.5526,10.4854,11.7191,11.4106
 ENSMUSG00000034881,7.4876,7.7567,7.4518,7.6521,8.251,8.5696,8.7284,9.0099,7.3957,7.8692,5.8149,6.1729
 ENSMUSG00000071657,10.1454,10.1306,10.0033,10.1718,11.6463,11.7231,12.3738,12.487,10.1922,10.2105,10.4687,10.2442
 ENSMUSG00000031453,13.3571,13.4991,13.329,13.595,12.0335,12.0832,11.9474,12.1496,13.5772,13.649,11.1551,11.306
 ENSMUSG00000022842,7.4019,7.1865,7.3342,7.3249,8.3959,8.6533,8.8485,8.5126,7.4735,7.5496,9.8989,9.6633
 ENSMUSG00000074141,11.3146,11.0531,11.0221,11.4046,13.1474,12.9833,12.8801,13.1068,10.9242,11.1643,12.6647,12.824
 ENSMUSG00000037536,8.9598,8.9587,8.9844,9.2159,10.7768,10.7295,11.12,11.2405,8.9896,9.0519,9.3607,9.0502
 ENSMUSG00000005640,7.3167,7.6098,7.6616,8.0421,9.3782,10.4088,8.1616,7.9762,7.774,7.7685,6.8726,7.6758
 ENSMUSG00000049950,7.5082,7.3396,7.3166,7.2078,8.3902,8.7641,8.7964,8.7742,7.362,7.4804,9.997,9.3969
 ENSMUSG00000083165,7.1623,7.2903,6.7607,7.8368,5.5271,5.8496,5.408,5.386,7.5291,7.9327,6.2681,6.1564
 ENSMUSG00000062372,2.9238,3.3828,2.9238,2.9238,5.1855,5.6423,3.5309,4.203,3.3831,2.9238,2.9238,2.9238
 ENSMUSG00000013236,9.288,9.2796,9.1672,9.7866,10.7557,10.7279,11.4313,11.3938,9.8519,9.9145,11.7371,11.3385
 ENSMUSG00000083410,7.0749,7.3533,7.2346,7.6097,8.9864,9.0837,9.5111,9.57,7.409,7.1823,8.3433,8.1388
 ENSMUSG00000094122,4.3257,4.2584,4.7387,3.8623,5.3426,2.9238,4.3616,5.3398,2.9238,4.9458,5.4021,2.9238
 ENSMUSG00000109448,3.3431,3.3828,3.8066,3.74,4.8002,6.03,5.1443,5.7082,3.3831,3.7608,3.7047,3.8525
 ENSMUSG00000025213,4.9736,4.9983,4.618,4.6126,6.4859,6.6392,6.9197,6.8807,5.1728,4.7062,4.596,5.6626
 ENSMUSG00000052825,5.827,5.6103,6.4722,6.1307,7.2942,7.044,5.5445,8.7488,5.7025,6.2082,7.3677,6.9028
 ENSMUSG00000051255,2.9238,4.611,2.9238,4.6126,2.9238,2.9238,4.8873,2.9238,2.9238,2.9238,2.9238,5.1849
 ENSMUSG00000032224,7.2446,7.575,7.5227,8.0914,9.3724,10.3347,7.9786,8.0194,7.5769,7.4662,7.1414,7.4252
 ENSMUSG00000054150,10.3419,10.3858,10.3636,10.9759,10.8551,10.9231,11.2985,11.4637,10.6009,10.527,8.4076,8.6523
 ENSMUSG00000032122,10.7187,10.8837,10.9988,10.8652,12.0206,11.9503,12.7578,12.9325,10.8216,10.8134,11.5918,9.637
 ENSMUSG00000020022,9.2333,8.9177,9.3095,8.8634,10.3079,10.1597,10.6238,10.6694,8.8917,9.0872,11.4836,11.1085
 ENSMUSG00000068587,5.7409,5.1049,4.9495,4.2295,5.5695,6.9364,5.5871,4.3167,3.8312,4.092,3.8746,4.2895
 ENSMUSG00000092278,6.3735,6.3686,6.3728,6.5985,8.1249,9.0009,7.2786,6.6611,5.5881,5.9841,7.3677,6.8424
 ENSMUSG00000060098,9.9624,9.8401,9.9699,9.9398,10.9753,11.1259,11.6331,11.6108,10.1045,10.2084,12.5127,12.0305
 ENSMUSG00000042417,4.0112,3.5702,2.9238,2.9238,5.0072,5.181,5.455,4.6819,2.9238,2.9238,3.8746,3.8525
 ENSMUSG00000037243,9.1877,9.3395,9.0656,9.2319,10.803,10.7068,11.5443,11.6439,9.3806,9.3006,9.9177,9.6222
 ENSMUSG00000009566,8.5266,8.4997,8.4954,8.7397,9.8543,9.9496,10.1756,10.2896,8.396,8.4848,10.7915,10.5382
 ENSMUSG00000092376,6.1266,5.8663,5.9799,6.1983,7.719,8.8316,6.2698,6.7667,6.1007,6.4165,5.2311,6.2054
 ENSMUSG00000074903,2.9238,2.9238,2.9238,4.0637,2.9238,2.9238,4.6531,5.9692,4.0265,4.3368,3.7047,4.1376
 ENSMUSG00000037149,10.8339,10.626,10.7359,10.5096,12.0266,12.0857,12.5752,12.5237,10.582,10.6287,12.7684,12.5023
 ENSMUSG00000081196,3.6451,3.9337,3.8066,3.8623,5.24,5.3982,5.3087,5.386,3.8312,2.9238,2.9238,3.3941
 ENSMUSG00000030747,6.1795,5.8267,6.3025,5.9654,7.4013,7.4243,7.9707,7.4219,4.9996,5.2549,5.8149,6.2214
 ENSMUSG00000025869,9.1522,8.9632,9.1939,9.2596,10.2133,10.2363,10.5846,10.4753,9.2762,9.3106,11.8316,11.3308
 ENSMUSG00000019820,12.9516,13.1826,12.9625,12.8663,13.947,14.2563,14.0077,14.0292,13.1208,12.7255,11.052,11.8323
 ENSMUSG00000026192,10.9613,10.8748,10.9369,10.9416,11.8617,11.8437,12.2293,12.2642,10.8648,10.8658,13.61,13.0045
 ENSMUSG00000028943,5.8436,6.6408,6.5038,6.0227,7.7372,8.0678,7.3285,7.6859,6.5374,5.5339,5.0867,6.0881
 ENSMUSG00000101236,7.4454,6.3549,6.3728,6.2941,7.9082,8.2402,7.7415,9.0064,6.1494,6.8719,8.0402,8.0922
 ENSMUSG00000051790,5.2038,5.5866,5.4647,5.5081,7.1099,7.4558,7.5758,7.3783,6.2715,5.5339,6.8152,7.4591
 ENSMUSG00000031984,9.4763,9.3903,9.381,9.2279,10.6135,10.6805,11.0098,10.9004,9.3432,9.4308,11.8764,11.3303
 ENSMUSG00000044951,7.3399,7.3872,7.1575,7.821,9.3036,10.0813,8.2288,8.5957,7.4985,7.5764,6.8585,7.8232
 ENSMUSG00000028840,8.261,8.1284,8.2064,8.2217,9.3309,9.3824,9.5191,9.5892,8.1891,8.2434,10.7615,10.413
 ENSMUSG00000020723,6.0855,5.9785,6.2285,6.7179,8.3009,9.1524,6.8529,7.0292,6.513,6.3082,6.5413,7.1131
 ENSMUSG00000056656,5.4665,4.8408,4.7387,4.0637,5.5695,6.4322,5.408,5.0811,2.9238,3.6103,4.8652,5.1157
 ENSMUSG00000049571,4.5683,4.8408,4.8485,5.3348,6.9464,7.5316,5.7076,6.0835,4.9996,4.758,4.8032,5.2183
 ENSMUSG00000028990,9.2745,9.2321,9.3095,9.3653,10.8676,10.8318,11.654,11.5416,9.4669,9.4669,10.9276,10.4495
 ENSMUSG00000074673,5.7409,6.2403,5.8369,6.0956,7.7097,7.7879,8.0397,8.1674,6.0841,6.1554,6.202,6.0706
 ENSMUSG00000021286,7.0749,6.7699,7.0117,6.9693,8.4742,8.3106,9.2388,9.3342,6.973,7.129,7.106,7.1714
 ENSMUSG00000044162,6.4071,6.1948,6.3025,6.5733,8.3433,8.726,8.1408,7.8623,6.3004,6.585,6.5054,6.4418
 ENSMUSG00000078611,2.9238,2.9238,2.9238,2.9238,4.4554,4.821,3.7763,5.596,4.1103,2.9238,2.9238,2.9238
 ENSMUSG00000079067,6.0855,4.9983,5.9338,5.3951,5.9023,6.5542,4.814,7.6032,5.0716,4.5362,6.8442,4.8825
 ENSMUSG00000027108,10.2176,10.0025,10.1606,9.9556,11.3199,11.1549,11.7644,11.7771,10.039,10.0986,12.4843,12.0511
 ENSMUSG00000021850,3.8488,3.8306,3.4387,4.1501,5.1287,6.1898,5.0847,3.9271,3.9343,3.886,6.0844,5.1849
 ENSMUSG00000071014,7.939,7.8025,8.133,7.6581,9.0571,8.9017,10.3242,10.1543,8.0816,8.2053,9.801,9.113
 ENSMUSG00000074419,8.2241,8.2288,8.2301,8.1685,6.8317,6.5247,6.4844,7.0007,8.4955,8.1396,5.8443,6.5212
 ENSMUSG00000025730,8.65,8.8295,8.7556,9.175,10.4038,10.3987,11.1279,11.1832,9.0201,8.9961,9.2624,9.0075
 ENSMUSG00000029029,9.4539,9.5404,9.659,9.6075,11.0977,11.0248,11.9667,11.9971,9.8842,9.708,10.5984,9.957
 ENSMUSG00000031073,4.3786,4.5593,4.4102,5.1711,6.8486,7.1246,5.9536,5.4307,4.7993,4.5956,4.596,5.0044
 ENSMUSG00000037315,8.3551,8.1717,8.4067,8.3523,9.5762,9.6089,10.3379,10.1101,8.5622,8.4563,10.6927,10.1646
 ENSMUSG00000004791,3.8488,3.7122,3.8066,4.1501,5.0072,5.0135,6.1348,5.8448,3.9343,3.9948,2.9238,4.1376
 ENSMUSG00000024037,9.3349,9.4838,9.4771,9.5301,10.6196,10.6821,11.2452,11.1528,9.7214,9.7275,12.0352,11.4387
 ENSMUSG00000082101,6.5441,6.4737,4.7948,5.1358,5.0694,5.6971,4.113,4.203,3.8312,5.5616,4.0154,5.7543
 ENSMUSG00000090066,3.3431,2.9238,2.9238,3.3992,4.8002,5.987,4.4672,3.5108,3.5706,2.9238,4.2461,4.4833
 ENSMUSG00000035896,3.6451,3.5702,2.9238,3.5932,5.0694,6.2271,4.4672,4.3167,3.5706,3.7608,5.1847,4.8825
 ENSMUSG00000022180,8.4407,8.333,9.0038,9.2596,8.5791,8.3446,8.3117,8.102,8.2006,7.9885,5.5894,7.3039
 ENSMUSG00000001627,9.5315,9.5847,9.52,9.592,10.6787,11.0275,11.2533,10.9934,9.6184,9.717,12.0484,11.5949
 ENSMUSG00000069910,8.255,7.9989,8.2763,7.6401,9.2601,9.5446,9.6251,9.6176,7.8681,8.0519,10.3913,9.8079
 ENSMUSG00000046169,10.326,10.6671,10.3657,10.9076,8.8036,8.9187,9.2126,8.9992,11.0065,10.9809,9.0149,8.8911
 ENSMUSG00000027955,7.3108,7.604,7.5227,7.6758,8.9201,9.1809,9.5138,9.6315,7.6117,7.691,6.9547,7.5497
 ENSMUSG00000066270,2.9238,4.4484,2.9238,4.8122,5.24,5.4635,4.113,5.9692,4.5062,4.4073,4.596,5.3734
 ENSMUSG00000096862,4.149,4.882,2.9238,4.2295,5.24,6.1898,4.6531,4.5137,4.1875,3.7608,2.9238,3.5861
 ENSMUSG00000091898,7.1293,7.3046,6.9896,7.8985,9.2913,9.8818,8.2676,8.0474,7.2633,7.3546,7.0449,7.2353
 ENSMUSG00000028841,3.8488,3.9337,3.6483,3.9687,5.24,5.6971,5.0847,4.4196,3.7128,3.4115,6.3718,4.9245
 ENSMUSG00000046733,2.9238,3.3828,3.4387,2.9238,4.9419,5.5257,5.1443,4.9615,3.3831,3.4115,3.4793,3.5861
 ENSMUSG00000005667,8.6844,8.4237,8.7092,8.4517,9.0895,8.8435,9.2774,9.3227,8.3104,8.6385,11.3881,10.5695
 ENSMUSG00000100801,6.0994,5.9047,6.4067,5.9458,6.1707,6.7955,5.5445,6.5862,6.1652,6.2254,9.1684,7.0523
 ENSMUSG00000058927,9.3873,8.9361,9.4103,8.7312,10.0012,9.8467,10.8248,10.5617,8.9403,9.2537,11.6385,10.9496
 ENSMUSG00000049235,2.9238,2.9238,2.9238,4.0637,2.9238,5.3297,2.9238,5.1907,2.9238,2.9238,4.2461,4.052
 ENSMUSG00000003279,6.8092,6.7282,6.9671,7.5404,8.6191,9.7923,8.1616,7.7726,7.1494,7.0736,8.762,7.9522
 ENSMUSG00000093930,9.9111,9.7612,10.2489,10.6043,10.2987,10.3177,10.5231,10.6201,10.2374,10.3841,12.5752,12.6159
 ENSMUSG00000051910,7.269,6.9712,5.8369,5.4527,5.1855,6.03,5.1443,5.1371,3.9343,6.2254,4.6691,5.5896
 ENSMUSG00000006641,7.9199,7.7619,7.9681,7.9431,9.3665,9.272,9.8205,9.8701,7.9744,8.0471,10.0844,9.5921
 ENSMUSG00000001467,10.0405,9.8018,10.3289,10.4636,10.6464,10.7117,10.9284,11.0369,10.1749,10.4792,12.7957,12.5414
 ENSMUSG00000082382,4.0112,3.5702,2.9238,3.5932,5.0072,5.3297,2.9238,5.2423,2.9238,3.886,2.9238,4.5411
 ENSMUSG00000026879,11.0774,10.8622,11.0608,10.912,9.0571,8.9848,9.055,9.1164,10.9589,10.9032,9.5258,9.5799
 ENSMUSG00000006241,3.8488,4.0258,4.0523,3.74,5.5695,6.0717,5.5005,5.7782,4.0265,3.7608,3.4793,4.4223
 ENSMUSG00000037278,7.8408,7.7094,8.0342,7.7502,8.1318,8.0473,8.733,8.6788,7.8633,8.0034,10.5132,10.0922
 ENSMUSG00000031068,10.8133,10.6075,10.8256,10.4292,12.1308,12.0687,12.8693,12.4899,10.7649,10.8106,12.7785,12.1518
 ENSMUSG00000037437,4.0112,4.0258,4.0523,4.0637,5.9665,6.6114,5.8184,5.0811,4.1875,3.9948,4.4346,5.2825
 ENSMUSG00000100309,2.9238,4.7082,5.172,5.1711,4.1036,2.9238,2.9238,2.9238,4.6121,4.8076,4.8032,4.1376
 ENSMUSG00000029093,7.4667,7.8273,7.553,8.5088,6.7255,7.2377,6.6314,6.8002,8.0052,8.4161,5.5175,5.9792
 ENSMUSG00000021392,11.0279,10.8694,10.9462,10.7906,12.1547,12.3608,12.4496,12.3181,10.8588,10.9595,13.3277,12.9018
 ENSMUSG00000029468,8.7356,8.7487,8.8534,8.7894,9.9765,9.9904,10.3975,10.569,8.5533,8.4741,7.5976,8.274
 ENSMUSG00000041057,11.813,11.6711,11.7892,11.6127,12.8808,13.1603,13.0542,13.0178,11.6789,11.8421,14.1969,13.866
 ENSMUSG00000022878,3.3431,3.7122,3.9381,2.9238,4.8002,5.6423,5.2561,5.2919,3.7128,3.7608,4.8652,5.4585
 ENSMUSG00000034057,3.6451,3.9337,3.4387,4.0637,5.3911,5.8969,5.0222,4.5137,3.9343,3.6103,6.1561,4.965
 ENSMUSG00000043801,4.149,4.611,4.9972,4.3033,5.0072,2.9238,2.9238,5.877,4.5604,4.2614,2.9238,3.8525
 ENSMUSG00000026023,7.9005,7.8994,7.9737,8.7284,10.0802,10.715,8.4475,8.4137,8.4059,8.235,7.5805,8.2472
 ENSMUSG00000063594,2.9238,2.9238,2.9238,2.9238,4.5515,5.3982,4.7362,4.6819,3.3831,2.9238,2.9238,3.3941
 ENSMUSG00000038299,10.7893,10.6082,10.6197,10.478,11.7031,11.7597,12.2777,12.182,10.6685,10.7495,13.0665,12.6917
 ENSMUSG00000059552,11.2742,11.2844,11.2218,11.3692,11.9302,12.0031,12.2561,12.4033,9.5059,9.5485,11.5961,11.3823
 ENSMUSG00000024401,9.1603,8.6631,8.6438,8.7564,9.212,9.0429,8.9594,9.0486,8.735,9.2413,11.4381,11.067
 ENSMUSG00000032454,2.9238,2.9238,2.9238,2.9238,4.6402,4.1352,5.3087,4.8295,2.9238,2.9238,2.9238,2.9238
 ENSMUSG00000074480,7.0256,7.0579,6.9328,7.4122,8.4851,8.3192,8.3604,8.1351,7.3957,7.3075,9.5933,9.4897
 ENSMUSG00000047649,8.8591,8.685,8.5148,8.7425,9.9157,10.1186,9.8592,9.9797,8.6678,8.9199,11.1529,10.9508
 ENSMUSG00000044285,10.3794,9.4362,9.4909,9.085,10.8488,10.541,9.2323,12.3976,9.5499,10.3233,10.6131,9.8052
 ENSMUSG00000022913,8.2147,7.9989,8.2718,8.0375,9.2055,9.1762,9.4975,9.4981,8.0439,8.1924,10.6089,10.2833
 ENSMUSG00000024966,11.3768,11.1309,11.2751,11.0871,11.9718,11.8556,12.1626,12.1741,11.164,11.1156,14.2197,12.7719
 ENSMUSG00000029594,10.1536,10.213,10.2685,10.3931,11.682,11.921,12.0451,12.0335,10.3936,10.3203,12.3975,12.0709
 ENSMUSG00000028480,9.1925,9.0896,9.2035,8.8787,10.1669,10.0404,10.8041,10.9789,9.0916,9.0255,8.1657,8.1136
 ENSMUSG00000054766,12.8072,12.625,12.6887,12.6411,13.7409,13.6439,14.1347,13.9035,12.6003,12.6773,15.1191,14.8969
 ENSMUSG00000067860,2.9238,2.9238,3.9381,4.3724,5.2923,5.4635,2.9238,2.9238,3.7128,3.6103,4.1375,2.9238
 ENSMUSG00000059479,10.9821,10.9118,10.7159,11.3193,9.6503,9.6158,9.9071,10.371,11.202,11.483,8.7392,9.0435
 ENSMUSG00000034903,10.9104,11.062,10.8924,11.3728,9.4847,9.6603,8.8443,8.9956,11.0302,11.1588,9.9092,9.5457
 ENSMUSG00000028639,13.2215,12.78,12.9899,12.674,14.5695,14.3685,14.2898,14.5633,12.7003,12.8397,15.0635,14.577
 ENSMUSG00000058740,3.9338,3.9337,3.4387,3.9687,5.24,6.4637,4.5639,4.075,3.8312,3.4115,5.4802,4.8392
 ENSMUSG00000027405,12.0506,11.9802,11.9666,11.9035,13.014,13.1745,13.3904,13.3969,11.9444,11.9562,14.3252,14.1795
 ENSMUSG00000066362,2.9238,4.9983,2.9238,4.4988,5.1287,5.0135,2.9238,5.1907,4.9996,4.1803,4.4346,5.0796
 ENSMUSG00000090509,4.429,4.754,4.5528,5.5349,6.962,6.7195,4.9565,4.3167,5.1399,4.7062,4.3444,6.0528
 ENSMUSG00000034762,4.0826,3.9337,4.1542,4.3724,6.0279,6.03,5.5445,5.7782,4.1103,3.6103,5.5175,5.5644
 ENSMUSG00000054191,7.4129,6.5112,6.5347,5.3036,4.9419,5.4635,5.0222,5.2919,4.3264,5.4169,4.596,4.6488
 ENSMUSG00000035394,6.5033,6.6408,6.3556,6.4681,8.1659,8.7195,8.8528,7.4951,6.4499,6.5033,6.9679,6.9223
 ENSMUSG00000006576,6.9444,6.9441,6.5347,7.7558,5.869,5.8496,5.6686,5.3398,7.4735,7.5896,5.0348,6.8929
 ENSMUSG00000084836,6.2431,6.7387,6.8976,6.8903,3.9523,5.7498,5.408,5.9987,6.5495,6.4892,4.8032,5.2508
 ENSMUSG00000018651,7.869,7.604,7.3077,7.6991,8.936,8.9521,9.2963,9.1296,7.8243,7.5896,9.7097,9.8466
 ENSMUSG00000026615,12.5007,12.4025,12.3802,12.2841,13.4297,13.5265,13.8073,13.8744,12.3052,12.4379,14.835,14.4547
 ENSMUSG00000029246,10.2683,9.9493,10.0291,9.8787,10.882,10.8789,10.8388,10.8888,9.8615,9.9237,12.6254,12.1953
 ENSMUSG00000027361,10.4133,10.4503,10.3721,10.5597,12.2456,12.4973,12.4622,12.5152,10.527,10.654,11.6328,11.4919
 ENSMUSG00000018924,4.9417,4.2584,4.6798,4.6657,5.9665,6.6932,7.0887,4.7579,4.7551,4.5956,4.4346,5.2183
 ENSMUSG00000061356,7.7995,7.0152,7.5379,6.0227,6.9145,6.5542,4.5639,6.0835,6.3428,5.6154,5.5894,5.6861
 ENSMUSG00000061838,10.2952,10.2556,10.3859,10.1718,11.6803,11.7407,12.1686,12.1848,10.2393,10.269,12.2379,11.9426
 ENSMUSG00000057135,8.221,8.0076,8.1229,8.1261,6.4859,6.2634,6.8006,6.8649,8.8167,8.8477,8.6021,8.0529
 ENSMUSG00000025480,2.9238,3.3828,2.9238,2.9238,3.9523,4.1352,2.9238,4.4196,3.5706,4.6522,5.9561,3.9579
 ENSMUSG00000084883,4.8755,4.882,4.618,4.7653,5.6895,6.1122,5.9855,6.1635,4.5604,4.9014,7.2857,6.7794
 ENSMUSG00000040405,7.5586,6.8693,7.4837,6.6353,8.7051,8.3778,8.9515,8.992,6.9907,6.8501,8.8286,8.4387
 ENSMUSG00000038550,6.3848,6.4352,5.8862,6.7064,7.2566,7.3921,7.6659,7.7386,6.4881,6.7825,8.8923,8.5774
 ENSMUSG00000022403,11.6338,11.4899,11.5361,11.4657,12.4888,12.4513,12.7513,12.712,11.4676,11.5452,14.2998,13.3697
 ENSMUSG00000049553,11.6176,11.5994,11.4976,11.6735,12.8996,12.9951,13.2482,13.2266,11.5895,11.707,13.8398,13.5961
 ENSMUSG00000067367,9.6475,9.2505,9.3768,9.1562,10.7444,10.7597,10.4575,10.6896,9.0792,9.4362,11.6721,11.3641
 ENSMUSG00000025613,11.9433,11.7406,11.8538,11.6841,12.6808,12.6792,13.0439,13.0796,11.6792,11.7992,14.4421,13.7671
 ENSMUSG00000074182,8.6029,8.6239,8.5339,8.6559,9.7368,10.0661,9.8718,9.8563,8.5201,8.4777,10.8629,10.7764
 ENSMUSG00000028673,11.4688,11.4267,11.3612,11.3908,13.0758,12.9994,13.3919,13.5708,11.3495,11.3957,11.5382,11.5004
 ENSMUSG00000029752,7.6404,6.8597,7.1965,5.3348,7.1377,7.4401,6.7828,6.6793,5.2362,5.6154,8.0276,7.3188
 ENSMUSG00000030956,10.7946,10.8712,10.6542,11.3132,12.4834,12.4198,12.9354,13.0526,11.0801,11.2279,11.0024,10.6344
 ENSMUSG00000015932,10.1413,9.8267,10.2787,9.9855,11.6408,11.4058,12.1626,12.1504,9.9692,10.202,9.9006,10.0901
 ENSMUSG00000021037,10.9239,10.6977,10.8938,10.6647,11.3792,11.2009,11.7173,11.7496,10.75,10.8799,13.7615,12.4462
 ENSMUSG00000094590,4.909,5.7861,5.172,3.3992,5.8349,5.3297,5.0222,5.5565,4.842,5.6672,4.738,2.9238
 ENSMUSG00000031825,4.27,4.0258,3.9381,4.3724,6.0577,6.8909,5.6284,4.5137,4.5062,4.4073,5.4021,5.2825
 ENSMUSG00000095779,4.429,2.9238,4.2466,4.1501,4.9419,5.7498,2.9238,4.5137,2.9238,3.886,4.0154,2.9238
 ENSMUSG00000027347,12.4508,12.4134,12.252,12.6696,10.7251,10.6468,10.5457,10.7452,12.6413,12.7741,11.1572,11.3013
 ENSMUSG00000042064,6.4181,6.5357,6.6939,6.3982,7.6239,8.4262,7.2658,7.356,6.6199,6.3711,5.0867,5.4307
 ENSMUSG00000031026,4.149,4.1096,3.9381,3.74,6.1153,6.2988,5.3087,5.877,4.2593,3.9948,4.738,4.7477
 ENSMUSG00000098470,2.9238,2.9238,2.9238,2.9238,3.9523,4.7123,4.814,5.2423,2.9238,2.9238,2.9238,2.9238
 ENSMUSG00000035683,7.2811,6.5951,6.812,6.0596,7.4794,7.6036,8.2288,7.8544,6.3974,6.34,8.8322,8.5016
 ENSMUSG00000003868,10.1899,10.0892,10.209,9.9532,10.9705,10.8905,11.3967,11.5478,10.1642,10.1793,12.6606,12.2124
 ENSMUSG00000045005,8.2671,8.3155,8.2626,8.7509,9.9975,10.0636,10.4335,10.3944,8.3827,8.4087,8.585,8.3371
 ENSMUSG00000034275,4.0112,4.1867,3.8066,3.5932,5.6507,6.2634,4.814,4.9615,4.0265,3.4115,3.4793,3.7315
 ENSMUSG00000018697,10.4276,10.4709,10.4192,10.4205,11.6541,11.86,11.8323,11.8204,10.3376,10.4415,12.6962,12.5274
 ENSMUSG00000098104,4.7315,5.1715,4.6798,4.5571,5.9348,6.8677,6.4844,6.9269,4.7993,4.9458,6.0345,6.4281
 ENSMUSG00000031939,10.8446,10.6161,10.6837,10.4712,12.0573,12.3278,12.314,12.1227,10.7004,10.785,12.7677,12.6519
 ENSMUSG00000025255,2.9238,3.3828,4.0523,2.9238,5.0072,5.8496,3.5309,2.9238,3.9343,3.7608,2.9238,3.5861
 ENSMUSG00000052415,3.6451,3.8306,4.1542,3.3992,5.7273,5.3982,4.113,4.203,2.9238,3.6103,2.9238,2.9238
 ENSMUSG00000041247,7.5336,7.5513,7.6263,6.9402,6.1433,6.2988,5.7076,5.6718,7.0342,7.191,5.2311,5.2508
 ENSMUSG00000024436,9.6579,9.4633,9.5447,9.4973,10.7568,10.8905,11.0521,11.1871,9.3722,9.6744,11.7951,11.4709
 ENSMUSG00000059854,3.6451,3.8306,2.9238,3.3992,5.2923,6.03,4.113,4.203,2.9238,3.6103,3.7047,3.5861
 ENSMUSG00000071552,7.5437,7.5867,7.7883,7.9577,9.4491,10.1787,8.1268,8.1481,7.3957,7.4946,7.0696,7.5116
 ENSMUSG00000020079,9.7078,9.615,9.6397,9.6574,11.0188,11.2158,11.1831,11.1792,9.6563,9.7349,11.8248,11.6825
 ENSMUSG00000081343,5.5092,5.2654,5.1304,5.5081,6.7796,6.8909,6.9359,7.2389,5.2362,5.0302,4.6691,5.1508
 ENSMUSG00000011257,11.2973,11.1928,11.0132,11.1633,12.6597,12.6688,12.6874,12.8647,10.9259,11.0629,13.1208,12.907
 ENSMUSG00000025995,10.7291,10.5924,10.7201,10.5478,11.5195,11.6485,12.0306,11.974,10.6152,10.6311,13.1473,12.6885
 ENSMUSG00000025076,9.0731,8.8707,9.0656,8.9484,10.3426,10.1597,10.8998,11.0404,8.8291,8.9762,8.5936,8.5241
 ENSMUSG00000036006,13.8403,14.0983,13.8753,14.3312,12.3685,12.4449,12.2769,12.2839,14.2124,14.1479,12.4521,12.4089
 ENSMUSG00000006567,6.4719,6.0991,6.3204,5.7095,4.7228,6.3671,7.5445,7.4642,5.0716,5.8119,7.0819,7.2117
 ENSMUSG00000002825,8.1241,8.1679,8.2348,8.2692,9.3309,9.4502,9.7875,9.9203,8.4736,8.4563,10.6727,10.1666
 ENSMUSG00000023110,10.2863,10.0758,10.137,10.2006,11.2954,11.3134,11.4184,11.5618,10.1327,10.2863,12.5581,12.3718
 ENSMUSG00000040688,10.1347,10.1014,10.1728,10.2329,11.165,11.2284,11.6788,11.6542,10.3836,10.2731,12.5331,12.3883
 ENSMUSG00000021116,11.2696,10.9563,11.1479,10.8875,12.1994,12.2358,12.3944,12.3797,10.9707,11.1511,13.4984,13.115
 ENSMUSG00000036591,10.0746,10.1065,10.1028,10.2279,11.7071,11.7862,12.0045,11.9758,9.8213,9.9609,10.1128,9.9966
 ENSMUSG00000042724,10.0642,10.2693,10.0345,10.6036,11.3416,11.4523,11.4734,11.8575,10.2731,10.3698,8.9828,9.1834
 ENSMUSG00000050860,5.2299,4.2584,4.0523,5.2717,5.1287,5.3982,4.5639,2.9238,4.6617,5.6924,2.9238,4.5411
 ENSMUSG00000083708,2.9238,2.9238,2.9238,3.5932,4.4554,2.9238,2.9238,5.8119,2.9238,2.9238,2.9238,2.9238
 ENSMUSG00000002847,4.429,4.0258,3.6483,3.74,5.2923,6.3334,6.0167,5.1371,4.3264,4.2614,5.7541,5.2508
 ENSMUSG00000098934,12.0411,12.1225,12.2445,11.9865,10.5439,10.6246,10.184,9.8896,11.9078,12.0384,10.52,10.4753
 ENSMUSG00000048915,3.9338,3.9337,3.8066,4.2295,5.6507,5.8496,5.7455,5.8119,3.9343,3.9948,3.8746,3.8525
 ENSMUSG00000036323,11.8691,11.7471,11.7525,11.7165,13.4698,13.479,13.8267,13.8829,11.7605,11.8456,13.0762,12.7424
 ENSMUSG00000110699,2.9238,2.9238,2.9238,2.9238,2.9238,5.6423,2.9238,4.4196,2.9238,4.1803,4.1375,2.9238
 ENSMUSG00000042734,3.6451,3.5702,3.4387,3.3992,4.7228,4.821,5.3592,5.2423,2.9238,3.886,2.9238,2.9238
 ENSMUSG00000033166,10.3048,10.1911,10.1256,10.096,11.3424,11.5437,11.4334,11.4215,10.1465,10.1595,12.6058,12.2057
 ENSMUSG00000014226,10.6514,10.3322,10.6734,10.3422,11.0327,10.8556,11.1797,11.1044,10.4151,10.4131,13.4032,12.1582
 ENSMUSG00000025650,7.9428,8.6352,7.8136,7.566,9.686,9.9301,10.0752,9.5892,8.8486,8.0895,8.6883,9.7626
 ENSMUSG00000028717,7.5235,6.8597,6.812,5.7327,5.1855,5.8969,5.1443,4.8295,4.6121,5.4471,5.0867,5.5644
 ENSMUSG00000094502,9.4828,8.8023,9.5579,8.1347,10.4502,10.6228,7.939,8.3643,8.3692,8.3786,8.6962,8.2891
 ENSMUSG00000029633,4.27,4.5052,2.9238,4.6126,5.1287,6.7955,4.4672,4.9615,3.9343,4.092,4.5181,4.3579
 ENSMUSG00000035754,9.7742,9.6804,9.7648,9.707,10.6834,10.6638,11.1182,11.2728,9.8901,9.8612,12.245,11.8011
 ENSMUSG00000042745,4.6927,4.3887,4.1542,4.3724,6.3962,6.7955,6.077,5.6344,4.3264,5.1473,5.8443,5.6387
 ENSMUSG00000028195,3.6451,3.8306,2.9238,2.9238,5.24,5.8969,5.0222,4.6008,4.7993,3.886,4.3444,4.2163
 ENSMUSG00000032193,8.8711,8.9497,9.7874,10.357,10.033,10.188,9.8507,9.9632,9.5721,9.8841,11.6821,11.8246
 ENSMUSG00000005846,10.8825,10.7044,10.8456,10.6409,11.6164,11.7085,12.1393,11.9926,10.8042,10.8813,13.3157,12.8535
 ENSMUSG00000044149,8.877,8.9177,8.81,8.8787,10.2182,10.3325,10.4518,10.5273,8.8017,8.9381,11.0551,10.6831
 ENSMUSG00000048949,8.1241,7.6932,7.5303,7.2792,9.0091,8.2128,9.3485,8.1481,6.5733,7.4226,9.2299,9.2232
 ENSMUSG00000029610,8.6799,8.5543,8.6682,8.4653,9.6884,9.6297,9.7121,9.8383,8.5886,8.6417,11.142,10.6447
 ENSMUSG00000042499,3.6451,3.5702,4.1542,3.8623,5.5271,6.2634,4.113,3.9271,3.7128,3.886,2.9238,4.052
 ENSMUSG00000083827,6.7582,6.7904,7.076,7.3837,6.0279,5.8969,5.7455,5.7436,7.2188,6.9251,4.6691,4.9245
 ENSMUSG00000030512,9.7255,9.6557,9.6763,9.6379,10.5243,10.4386,11.0344,10.9853,9.749,9.8571,12.2382,11.7765
 ENSMUSG00000030605,7.5185,7.5453,7.553,7.4539,8.8123,8.8375,9.6956,9.717,7.9429,8.2053,7.1297,7.518
 ENSMUSG00000094446,5.0351,2.9238,4.7387,4.4373,2.9238,2.9238,2.9238,2.9238,4.7993,4.092,4.8652,4.052
 ENSMUSG00000018446,9.4566,9.3063,9.2459,9.6648,10.8963,10.9647,10.9877,10.978,9.1479,9.0755,11.1391,11.0741
 ENSMUSG00000086691,2.9238,2.9238,3.4387,2.9238,3.7693,2.9238,3.5309,6.0558,2.9238,3.6103,2.9238,2.9238
 ENSMUSG00000017737,7.7484,6.4737,6.3728,5.9057,6.5703,7.4401,7.0594,5.9391,5.1728,5.3544,4.9807,5.4858
 ENSMUSG00000004988,6.6317,6.2844,6.2474,6.763,8.0391,8.8316,7.6365,6.6972,6.3004,6.5982,8.1997,7.971
 ENSMUSG00000061724,4.5683,4.3887,5.3972,4.3033,2.9238,2.9238,2.9238,2.9238,4.1875,2.9238,2.9238,2.9238
 ENSMUSG00000028661,2.9238,2.9238,2.9238,2.9238,4.6402,5.6423,4.4672,4.075,3.5706,2.9238,4.2461,4.1376
 ENSMUSG00000037275,10.3745,10.4007,10.2137,10.4576,11.3206,11.4208,11.8068,11.6684,10.3878,10.4415,12.8136,12.4316
 ENSMUSG00000051557,7.5928,7.7619,7.7028,7.6817,8.2886,8.3941,8.9234,8.8519,7.8488,8.0132,10.2965,9.893
 ENSMUSG00000053398,10.8324,10.6568,10.7685,10.5202,11.2753,11.0901,11.9429,11.9813,10.7004,10.6812,13.2453,12.6751
 ENSMUSG00000038801,2.9238,2.9238,2.9238,3.3992,4.4554,5.5853,4.3616,2.9238,3.5706,3.4115,4.8652,4.3579
 ENSMUSG00000023944,14.8699,14.4827,14.699,14.528,15.7294,15.5983,15.8764,16.0643,14.4202,14.6126,17.2118,16.2782
 ENSMUSG00000084858,4.6527,4.1096,5.2513,4.3033,5.5271,4.1352,5.408,2.9238,2.9238,4.5362,5.4802,4.7943
 ENSMUSG00000070522,6.2053,6.0487,5.649,5.8001,7.0815,7.5316,6.7464,7.7642,5.8081,6.1191,8.1997,7.635
 ENSMUSG00000056752,5.2038,5.0348,4.7387,5.2055,6.7437,7.763,6.0471,5.7782,4.9996,5.5616,6.4306,6.4952
 ENSMUSG00000023951,7.2135,7.8372,6.8737,6.6713,8.4244,8.7828,9.0099,8.8115,8.3245,6.9355,8.6272,9.012
 ENSMUSG00000030616,6.732,7.0152,6.9558,7.1154,8.0318,8.8729,8.5665,8.2361,7.1572,6.2756,6.0844,6.8628
 ENSMUSG00000044949,6.3274,6.3271,5.9102,6.4124,7.8673,7.8245,8.0839,8.0474,6.2117,6.4749,8.0588,7.8842
 ENSMUSG00000029430,11.8666,11.5552,11.9077,11.5849,12.2922,12.168,12.9765,12.8627,11.7511,11.7846,14.3014,13.7561
 ENSMUSG00000018750,11.9506,12.0352,11.9638,12.0662,10.2926,10.3112,9.8844,10.416,12.0574,12.1412,10.785,10.5493
 ENSMUSG00000040234,9.2954,9.1459,9.2201,9.047,10.6608,10.4287,11.0769,11.2608,9.0709,9.2599,8.9989,8.8201
 ENSMUSG00000073647,7.8729,8.1948,7.8323,8.2847,9.0752,9.5735,9.4811,10.2297,8.0439,8.1881,10.1682,9.4194
 ENSMUSG00000079478,8.5291,8.5028,8.5225,8.5827,9.4684,9.4657,9.9254,10.0263,8.6174,8.8668,11.0388,10.6292
 ENSMUSG00000051747,9.8254,10.1873,9.7036,8.8711,11.3138,12.1393,10.507,10.569,9.8434,9.3342,10.6504,10.8634
 ENSMUSG00000079543,10.4891,10.1719,10.6638,8.5478,9.8976,10.5428,9.3695,9.0659,8.4224,8.4198,8.9231,8.4919
 ENSMUSG00000020368,13.4326,13.2525,13.3651,13.1452,14.6578,14.5297,15.1149,15.1745,13.0667,13.1753,15.2542,14.5512
 ENSMUSG00000057497,9.319,9.0957,9.305,9.2098,9.7682,9.8348,10.2404,10.1511,9.3671,9.4687,11.9182,11.3756
 ENSMUSG00000032215,10.1779,9.9894,10.142,10.0435,11.1048,11.1881,11.6043,11.5465,10.1759,10.2863,12.5444,12.0931
 ENSMUSG00000094124,8.6148,9.0459,8.5225,7.3837,8.1523,10.951,8.0766,8.4509,8.0397,8.153,8.1543,7.8387
 ENSMUSG00000029512,9.3535,9.6474,9.4186,9.8109,11.0447,11.1211,11.5436,11.5016,9.5721,9.6241,9.5826,9.2847
 ENSMUSG00000046006,8.9429,8.7435,8.7126,8.9484,7.2181,7.0646,6.6113,7.4111,8.8389,8.8962,7.6476,7.3039
 ENSMUSG00000042510,4.841,4.6606,5.0875,4.9842,6.4859,7.4083,5.5005,5.3398,4.842,4.8554,6.4497,6.4004
 ENSMUSG00000074794,11.0372,11.2942,11.0489,10.6954,12.5122,12.7668,13.1283,13.1241,10.938,11.2394,11.958,12.015
 ENSMUSG00000029507,9.2209,9.0395,9.0787,9.1371,10.1886,10.3681,10.6716,10.6213,9.0287,9.0424,11.3496,11.0101
 ENSMUSG00000069792,8.6124,7.6715,8.5377,6.9402,8.3728,7.6587,7.8649,6.3342,6.7193,6.6748,6.1326,6.5467
 ENSMUSG00000107877,5.9546,6.1317,5.8369,6.4124,7.6337,7.8835,7.7322,8.1546,5.998,5.7889,6.3517,6.4143
 ENSMUSG00000019982,9.6717,9.3651,9.3873,10.1166,10.7877,10.797,11.7038,11.4155,10.1106,10.4029,11.7647,11.5983
 ENSMUSG00000037235,12.4478,12.3667,12.4451,12.4414,11.3864,11.0988,11.3378,11.602,12.5484,12.3775,10.2886,10.0285
 ENSMUSG00000083773,2.9238,2.9238,4.3315,4.3033,5.1287,2.9238,2.9238,2.9238,4.6617,4.1803,4.9243,4.4833
 ENSMUSG00000000263,2.9238,3.8306,2.9238,3.5932,4.8002,5.987,3.7763,4.3167,3.3831,3.4115,4.5181,4.6488
 ENSMUSG00000050721,11.3751,11.2897,11.2813,11.562,12.998,13.0146,13.0618,13.3285,11.3478,11.4468,11.0192,11.2712
 ENSMUSG00000037095,6.669,5.1715,6.0677,4.6126,6.6882,7.5463,6.7647,5.2423,4.962,5.8119,5.4021,5.4307
 ENSMUSG00000076523,9.9791,9.5716,9.8528,8.4856,10.6846,12.2267,9.5795,10.1815,9.696,9.3993,9.7485,9.7436
 ENSMUSG00000051590,9.9043,10.1306,9.7584,9.836,8.5171,8.6051,8.2089,8.1153,9.6824,9.6192,7.9698,7.7432
 ENSMUSG00000025134,10.6652,10.3622,10.509,10.2006,11.6046,11.5364,11.8393,11.9257,10.4289,10.5432,12.8639,12.2925
 ENSMUSG00000044737,4.149,4.3255,3.9381,4.0637,5.8349,6.7453,4.8873,5.4307,4.2593,4.092,4.1375,4.1376
 ENSMUSG00000033209,9.5378,9.8217,9.6344,9.9532,10.3485,10.4405,10.4448,10.805,9.795,9.4723,7.7274,8.3443
 ENSMUSG00000078632,3.3431,3.5702,2.9238,2.9238,5.24,5.5853,2.9238,4.4196,3.3831,3.6103,3.4793,3.3941
 ENSMUSG00000031931,9.3335,9.1982,9.1963,8.8162,10.1703,10.2453,10.5935,10.5678,9.0792,9.4234,11.5204,11.1322
 ENSMUSG00000049551,3.8488,3.7122,3.6483,4.2295,4.9419,4.9209,5.5005,5.2423,4.2593,4.5956,6.3517,5.998
 ENSMUSG00000092534,4.0826,4.0258,2.9238,4.6126,6.0577,5.6423,4.4672,4.9615,3.7128,3.9948,5.1366,5.2508
 ENSMUSG00000070345,4.6927,4.2584,4.5528,4.1501,5.9348,6.4322,5.6686,5.386,4.962,4.6522,6.559,6.4553
 ENSMUSG00000040354,10.6409,10.5996,10.5291,10.5653,11.6873,11.634,12.2569,12.2876,10.5944,10.6247,12.8015,12.4348
 ENSMUSG00000044309,8.8611,8.6985,9.2201,9.5006,7.3187,7.6314,8.3362,8.7186,9.4462,9.6759,9.5869,10.419
 ENSMUSG00000032892,7.0469,6.6742,6.8976,6.7518,7.1099,7.0849,8.0984,7.878,6.9275,7.0923,9.4001,8.8687
 ENSMUSG00000020899,10.8097,10.91,10.7726,11.0766,12.1025,12.1645,12.5976,12.5718,10.86,10.9118,12.9649,12.735
 ENSMUSG00000023963,8.6454,8.8611,8.6854,8.6379,7.4902,7.2735,6.7279,6.7149,8.4092,8.2139,6.9414,6.6561
 ENSMUSG00000066697,7.0111,7.2018,7.0117,7.805,9.0016,9.8643,7.8564,8.0335,7.3064,7.0923,7.106,7.9474
 ENSMUSG00000028910,8.9353,9.0916,9.0256,9.1562,10.388,10.3926,10.857,10.8712,9.204,9.0304,11.1296,10.6774
 ENSMUSG00000058571,7.4824,7.7411,7.612,8.2096,9.4013,10.195,8.3362,8.6425,7.7586,7.88,6.9414,8.2394
 ENSMUSG00000001785,10.147,10.0486,10.203,9.9568,11.1608,11.202,11.7102,11.7828,10.1004,10.2741,12.4066,11.9128
 ENSMUSG00000025592,5.8763,5.8066,5.9102,6.2941,7.9243,8.4103,7.5758,7.2987,6.1494,6.1374,6.4113,6.9795
 ENSMUSG00000080896,5.7409,5.4355,5.8115,4.9842,5.438,5.0999,3.5309,6.7835,5.6579,5.9841,6.8298,4.8392
 ENSMUSG00000029385,11.1345,11.0776,11.1063,11.2947,9.5008,9.3824,9.564,9.7192,11.4372,11.5367,9.9711,9.5426
 ENSMUSG00000034203,8.5812,8.4334,8.507,8.5055,9.2474,9.4227,9.7606,9.6994,8.5857,8.5023,10.9855,10.6083
 ENSMUSG00000079710,6.4719,6.1636,5.9338,6.1132,8.0169,8.0678,7.6947,7.7386,5.8482,5.7654,6.9143,7.0699
 ENSMUSG00000034926,8.0937,7.8805,8.5415,8.8082,8.994,8.9355,9.2225,9.3982,8.3453,8.4345,10.5845,10.6608
 ENSMUSG00000082925,4.3786,4.1867,2.9238,3.8623,5.5695,4.9209,2.9238,5.1371,3.7128,4.4073,5.4417,3.8525
 ENSMUSG00000020806,10.8617,11.0308,10.9239,11.3961,11.8093,11.8673,12.0914,12.2226,11.0843,11.1676,9.5805,9.4516
 ENSMUSG00000030735,3.9338,2.9238,2.9238,2.9238,4.8002,5.4635,2.9238,2.9238,2.9238,2.9238,2.9238,2.9238
 ENSMUSG00000042757,7.6635,7.704,7.7163,7.8629,8.251,8.2402,8.6473,8.9217,7.8681,8.3672,6.202,5.998
 ENSMUSG00000085917,8.5241,8.5924,8.8895,8.3189,6.707,7.7118,7.3648,9.4751,8.4026,8.7717,9.4385,7.1216
 ENSMUSG00000008843,6.3038,5.6788,5.7053,4.3724,3.5259,4.1352,3.9606,4.5137,3.7128,4.1803,4.1375,4.052
 ENSMUSG00000050075,11.0869,11.3436,11.527,10.9076,12.1908,12.1869,12.8001,12.9386,10.7409,10.5899,12.1979,10.3011
 ENSMUSG00000026080,10.1263,10.5074,10.3984,10.2398,11.4235,11.7085,11.2978,11.5889,9.7187,9.3264,12.0395,11.5498
 ENSMUSG00000081787,3.7539,3.7122,3.8066,2.9238,4.2344,2.9238,2.9238,6.0835,3.7128,3.886,4.0154,2.9238
 ENSMUSG00000108294,2.9238,2.9238,2.9238,2.9238,2.9238,2.9238,2.9238,5.9692,2.9238,2.9238,2.9238,2.9238
 ENSMUSG00000022122,5.1499,5.1049,4.7948,5.5349,6.65,7.4713,6.7464,5.6718,5.3545,5.3221,4.4346,5.5387
 ENSMUSG00000013353,5.9848,6.2844,6.2844,6.785,8.1249,8.7452,6.3692,6.1373,6.3839,6.2756,5.9561,6.2372
 ENSMUSG00000024999,10.266,10.2747,10.2066,10.1821,11.2008,11.4327,11.6405,11.5612,10.1778,10.1987,12.642,12.0791
 ENSMUSG00000026238,14.5174,14.2371,14.4691,14.2578,15.7927,15.4933,16.1917,16.166,14.3803,14.5659,16.5234,15.9002
 ENSMUSG00000057457,7.5635,7.8662,7.4916,8.5088,9.8915,10.4523,8.7422,8.3699,8.3759,7.9379,8.4221,8.6464
 ENSMUSG00000066810,5.9546,6.3411,5.5289,6.2941,7.4902,8.4959,6.2173,5.9084,5.9063,6.585,5.6239,5.4858
 ENSMUSG00000031948,11.1031,10.8368,10.8729,10.7248,11.8772,11.7707,12.0687,12.209,10.7891,10.9467,13.2919,12.8997
 ENSMUSG00000042675,10.5983,10.7178,10.5138,10.7694,10.2987,10.1573,10.6824,10.9588,10.8756,10.9902,8.4221,8.5712
 ENSMUSG00000033327,7.5586,8.4007,7.756,7.0259,8.0318,7.984,8.0693,7.3447,9.4039,7.6663,6.5235,9.5582
 ENSMUSG00000022704,9.5761,9.5934,9.5314,9.6574,10.464,10.6366,11.1094,11.1094,9.6605,9.5949,12.0147,11.3801
 ENSMUSG00000020681,8.358,8.1124,8.4477,7.9577,9.7924,8.7,7.7778,6.9269,7.8824,8.6945,6.3312,8.0261
 ENSMUSG00000075605,3.5148,3.3828,3.4387,3.3992,4.9419,5.6423,4.5639,4.6819,3.5706,3.7608,5.4802,5.1849
 ENSMUSG00000026728,12.3391,12.2914,12.3261,12.5207,11.1633,10.8644,11.4083,11.4914,12.4863,12.6281,10.0209,10.6068
 ENSMUSG00000094114,6.2554,6.8402,7.1173,6.4681,6.1153,6.2271,7.6852,7.6032,5.998,6.8934,8.6682,8.2394
 ENSMUSG00000025352,10.7148,10.804,10.6999,10.7389,8.9902,8.619,8.6424,9.2401,10.6344,10.6013,9.7954,9.6207
 ENSMUSG00000107062,4.0826,3.9337,3.6483,3.74,4.7228,4.3101,5.5005,5.3398,3.7128,2.9238,2.9238,2.9238
 ENSMUSG00000017943,3.3431,2.9238,2.9238,2.9238,4.6402,5.3297,4.5639,4.5137,2.9238,3.4115,4.5181,4.4223
 ENSMUSG00000005413,13.3992,12.6627,13.8049,13.7912,14.201,13.5202,13.8198,13.2856,12.3522,12.6542,11.0917,12.4464
 ENSMUSG00000050132,5.3296,5.4619,5.2893,5.1358,6.962,7.0019,7.2912,7.1639,5.3545,5.0704,5.6576,5.6861
 ENSMUSG00000016552,9.0487,9.1733,8.8257,8.982,9.7548,9.8673,10.2142,10.4676,8.9539,9.0662,11.354,11.0637
 ENSMUSG00000094935,5.6299,4.882,4.7948,5.2055,5.6895,2.9238,5.3087,5.7082,5.6803,6.4606,5.5539,5.8815
 ENSMUSG00000095930,5.7049,5.6335,4.9972,5.8852,7.0379,7.6722,6.7279,6.2875,5.7876,5.7415,7.4548,7.4252
 ENSMUSG00000009731,5.5908,6.2403,6.3728,6.4817,7.6435,8.0054,7.7322,7.6497,5.8872,5.7172,7.5456,6.9795
 ENSMUSG00000046958,4.3257,4.0258,4.2466,4.6126,6.0279,6.7453,4.4672,4.4196,4.0265,4.1803,3.8746,4.2163
 ENSMUSG00000026971,6.5033,6.4352,6.2285,6.8699,8.2188,9.0009,6.9033,6.7835,6.4107,6.3242,6.0345,6.5841
 ENSMUSG00000033020,8.3322,8.1872,8.3773,8.1517,9.3724,9.2226,9.7284,9.6568,8.328,8.4706,10.6636,10.2509
 ENSMUSG00000057191,11.6149,11.5372,11.68,11.4934,10.21,9.7831,10.1958,10.1575,11.636,11.6373,9.5848,9.8593
 ENSMUSG00000095366,5.8923,6.2403,6.4881,5.6858,6.8317,6.6665,5.2561,4.5137,6.6426,6.7475,7.589,7.3623
 ENSMUSG00000096850,5.8923,6.2403,6.4881,5.6858,6.8317,6.6665,5.2561,4.5137,6.6426,6.7475,7.589,7.3623
 ENSMUSG00000079681,4.9736,4.7082,4.7387,5.1358,5.8,5.987,6.1062,6.1373,4.7551,4.7062,7.317,6.6206
 ENSMUSG00000096808,11.8202,12.0178,11.816,11.9506,13.7682,14.4425,12.2867,12.7987,12.0258,11.85,11.6746,11.9759
 ENSMUSG00000052469,2.9238,2.9238,2.9238,2.9238,4.7228,5.5257,3.9606,2.9238,2.9238,2.9238,3.7047,3.9579
 ENSMUSG00000074243,2.9238,4.1096,4.3315,3.3992,4.5515,4.5931,2.9238,5.877,3.9343,4.4735,5.0867,4.8825
 ENSMUSG00000066116,4.27,2.9238,4.4102,5.0995,4.873,4.1352,2.9238,2.9238,4.5062,2.9238,2.9238,4.5411
 ENSMUSG00000039555,2.9238,2.9238,2.9238,2.9238,4.9419,5.3982,2.9238,2.9238,2.9238,2.9238,2.9238,3.3941
 ENSMUSG00000040264,5.4224,5.2654,5.4972,4.6126,6.1976,6.4945,6.5493,6.8002,4.7551,4.9014,7.2536,6.2836
 ENSMUSG00000021852,4.149,4.1096,4.0523,4.3724,5.9023,6.4322,5.3592,5.0227,4.0265,4.092,5.8149,5.4858
 ENSMUSG00000034227,4.3257,4.7982,4.5528,4.4373,6.1153,6.0717,6.1062,5.8119,4.3896,4.4735,6.487,6.1729
 ENSMUSG00000071036,7.916,8.4811,8.0818,9.1477,8.1992,8.353,8.7237,8.6052,8.5915,8.648,6.3718,6.4143
 ENSMUSG00000019359,5.8923,6.6852,5.8618,5.0622,6.7255,7.0019,7.0295,5.6344,7.6002,5.1095,5.9827,7.5116
 ENSMUSG00000093894,10.8632,10.5771,10.4497,9.4989,12.4603,10.7908,9.4163,10.4727,9.5212,9.8379,9.7253,9.6502
 ENSMUSG00000098198,2.9238,3.7122,2.9238,2.9238,4.8002,5.6971,3.9606,4.8295,4.0265,3.7608,4.6691,4.2895
 ENSMUSG00000018909,11.49,11.6109,11.636,11.6943,10.3048,10.1453,9.903,9.8283,11.5605,11.4997,9.469,10.1315
 ENSMUSG00000094840,6.2798,6.5834,6.0024,6.8699,5.5695,6.0717,4.5639,5.0811,6.8123,6.4892,4.4346,4.9245
 ENSMUSG00000032959,10.612,10.431,10.7989,10.4405,11.4403,11.1429,12.2107,12.2306,10.6678,10.7281,12.9863,12.199
 ENSMUSG00000071669,12.2799,12.5759,12.3733,12.7484,11.0719,11.3588,11.2224,11.2631,12.7268,12.6607,10.5466,10.4737
 ENSMUSG00000085787,7.9466,7.6325,7.6755,7.5468,8.6483,8.591,8.3544,9.6105,7.3345,7.8692,9.892,9.4348
 ENSMUSG00000043760,3.3431,2.9238,2.9238,2.9238,5.0072,5.3297,2.9238,4.3167,3.3831,2.9238,2.9238,3.3941
 ENSMUSG00000076512,7.263,6.3271,6.266,6.0227,6.8654,7.3758,7.2529,8.2543,5.3259,5.857,5.7227,5.798
 ENSMUSG00000071532,5.1221,4.7082,4.3315,2.9238,6.0577,5.2574,4.9565,6.0835,4.842,4.6522,5.9013,4.5962
 ENSMUSG00000035704,8.3494,8.2473,8.2718,8.0647,9.1349,9.3367,9.6101,9.5627,8.0898,8.3006,10.6677,9.9989
 ENSMUSG00000040666,5.9848,6.2844,5.9102,7.0073,7.9867,8.6868,6.6113,6.7323,6.3428,6.0818,5.8443,6.4553
 ENSMUSG00000033356,8.3693,8.2872,8.3343,8.0781,9.5035,9.5409,9.7003,9.7386,8.2783,8.3862,10.3641,10.3523
 ENSMUSG00000060445,5.2038,4.0258,4.4837,3.3992,5.1287,6.1122,5.5445,4.4196,3.9343,3.6103,3.4793,4.1376
 ENSMUSG00000093485,6.4399,6.652,6.1703,6.2941,8.0094,8.1943,7.5445,8.1285,6.2117,6.024,7.9828,7.4456
 ENSMUSG00000105021,4.0826,3.8306,3.6483,4.4988,5.869,6.4322,5.0847,4.8972,4.1103,4.4073,5.5175,5.4024
 ENSMUSG00000024735,11.2279,11.1304,11.3596,11.1969,12.164,12.0359,12.781,12.875,11.2909,11.3142,13.6123,12.9434
 ENSMUSG00000044816,5.488,5.5626,5.5903,5.8644,7.2181,7.0019,7.7042,7.1509,5.7876,5.2889,5.276,5.732
 ENSMUSG00000004110,13.1012,13.4622,13.1964,13.1497,11.9436,12.2956,11.3827,11.7544,12.9771,13.031,11.1362,11.1982
 ENSMUSG00000051146,4.8056,4.8408,4.4837,4.8122,6.0279,6.4322,5.7824,5.7082,5.0361,5.0302,7.1297,6.7358
 ENSMUSG00000027722,10.5959,10.6359,10.663,10.6838,11.6256,11.889,12.3518,12.1504,10.7897,10.8405,12.8953,12.5635
 ENSMUSG00000007107,3.5148,2.9238,2.9238,3.3992,4.3505,5.8969,3.7763,2.9238,3.3831,2.9238,3.4793,4.2895
 ENSMUSG00000030505,10.838,10.849,10.8162,10.8214,11.8612,11.8941,12.4765,12.3952,10.8957,10.9422,13.0912,12.6922
 ENSMUSG00000024528,9.1538,9.0585,9.0256,8.8736,10.0802,10.3763,10.3149,10.3115,9.0114,9.2075,11.3764,10.9981
 ENSMUSG00000008450,7.3514,6.8789,7.1274,7.232,7.8338,7.895,8.7696,8.5227,6.8711,7.3928,9.4266,8.9445
 ENSMUSG00000008604,10.0245,10.1396,9.9343,10.1003,11.4431,11.3283,11.8415,11.9523,10.1126,10.1562,12.0127,11.5623
 ENSMUSG00000037295,9.9633,10.1806,10.0385,10.3823,11.1599,11.1063,11.85,11.9921,10.214,10.144,9.4573,9.2866
 ENSMUSG00000059974,5.8923,6.1636,5.8369,6.6831,7.859,8.6868,7.1032,7.1766,6.2419,6.5172,5.929,6.5212
 ENSMUSG00000010505,3.9338,3.8306,4.1542,4.1501,5.7273,6.4945,4.814,5.1907,3.9343,3.9948,5.3194,5.2508
 ENSMUSG00000043873,8.2671,8.0076,9.6308,9.2498,7.3547,8.0576,7.2529,7.4432,9.2285,8.5023,7.1986,7.3479
 ENSMUSG00000034059,6.4181,6.3411,4.618,4.0637,5.1287,5.4635,4.2447,4.6819,3.8312,4.1803,4.2461,4.4223
 ENSMUSG00000021624,13.3203,13.2027,13.0927,13.269,11.5953,11.3155,11.3401,11.6712,13.3078,13.3208,12.9658,13.2232
 ENSMUSG00000035983,5.6105,4.922,5.4972,5.3348,7.165,7.0231,7.0887,7.2389,5.1728,5.5339,6.4113,6.4143
 ENSMUSG00000021958,8.875,8.777,8.9043,8.6469,10.1103,10.3535,10.1824,10.2003,8.7866,8.8989,10.9798,10.6136
 ENSMUSG00000038179,11.3638,11.2066,11.2654,11.2081,12.8359,12.6426,13.3977,13.3967,11.3353,11.5599,12.5214,12.4441
 ENSMUSG00000058922,10.6623,10.1445,10.3816,9.9052,11.532,11.8061,11.4539,12.6889,10.1336,10.4569,11.7751,11.3866
 ENSMUSG00000071866,13.7732,13.4437,13.7758,13.3915,14.6341,14.3654,15.319,15.1928,13.6683,13.7338,15.804,15.4057
 ENSMUSG00000022474,8.3176,8.0547,8.2441,8.139,9.7277,9.3197,10.1891,10.3556,8.0608,8.0083,8.7658,8.6812
 ENSMUSG00000055015,4.3257,4.7982,4.9,4.5571,6.224,6.5247,6.4621,6.1635,4.6121,4.5956,4.596,4.5962
 ENSMUSG00000005973,8.4541,8.1204,8.2809,7.9235,9.1246,9.3742,9.2742,9.2612,8.0182,8.2764,10.4547,10.2833
 ENSMUSG00000021908,4.27,2.9238,2.9238,4.4988,4.5515,2.9238,2.9238,2.9238,4.4494,5.1095,4.6691,4.2895
 ENSMUSG00000083261,4.0826,4.3887,2.9238,2.9238,4.1036,4.7123,4.2447,2.9238,4.5604,4.5362,5.8731,4.2163
 ENSMUSG00000031512,4.27,4.3255,4.4102,3.9687,5.6895,6.5247,5.3592,5.1907,4.1103,3.886,5.6906,5.6144
 ENSMUSG00000039070,2.9238,3.3828,3.4387,2.9238,4.873,5.0999,4.814,4.6819,2.9238,2.9238,3.7047,3.3941
 ENSMUSG00000070933,2.9238,2.9238,2.9238,2.9238,4.3505,5.6971,3.5309,2.9238,2.9238,2.9238,2.9238,2.9238
 ENSMUSG00000071984,4.0826,4.754,4.5528,4.4373,6.1153,6.2634,3.5309,4.3167,4.1875,4.092,4.1375,3.5861
 ENSMUSG00000040269,8.0238,7.871,8.1178,7.7164,9.225,8.9848,9.7964,9.57,7.9383,7.943,9.9228,9.5691
 ENSMUSG00000067292,6.1925,6.7282,6.4234,7.1581,8.1926,8.789,6.5703,7.3672,6.6313,6.6872,5.9013,6.0881
 ENSMUSG00000003484,11.2449,11.2727,11.2235,11.2486,9.6236,9.6089,9.7492,10.1365,11.383,11.4409,9.7176,9.3219
 ENSMUSG00000040957,5.5908,5.4086,5.4972,5.3348,6.9145,7.9513,6.8183,6.5668,5.3545,5.3544,6.6275,5.5896
 ENSMUSG00000032415,6.6411,6.5951,6.9095,6.6232,7.9001,7.6451,8.3054,8.4872,6.7922,6.8054,8.8031,8.4984
 ENSMUSG00000030792,5.9546,5.4355,5.5289,5.3348,6.4191,6.5831,6.7279,7.1379,5.5395,5.4766,4.5181,4.2895
 ENSMUSG00000027855,7.4292,7.9087,7.7429,8.277,9.2055,10.1381,8.4919,8.7186,7.8144,7.6156,6.9811,7.7917
 ENSMUSG00000019971,8.6407,8.5212,8.8038,8.2535,9.5194,9.5372,10.0697,9.9447,8.0139,8.1079,7.3677,7.9804
 ENSMUSG00000020017,6.1925,6.1948,6.19,6.9105,8.1992,8.8494,6.8867,7.1509,6.3288,6.0628,6.6441,6.7901
 ENSMUSG00000035164,10.6262,10.4302,10.4487,9.9891,10.9013,11.2386,11.0806,11.0378,10.01,9.6944,12.5832,12.1641
 ENSMUSG00000059864,3.7539,3.5702,3.8066,3.5932,5.3911,6.2988,4.814,4.075,3.8312,3.7608,4.8032,4.9245
 ENSMUSG00000078651,8.4726,8.5393,8.3816,8.7056,9.766,10.2273,9.9395,9.7997,8.4125,8.557,10.5856,10.2748
 ENSMUSG00000036192,7.5387,7.8025,7.4109,8.033,9.4847,10.2341,8.2156,8.477,7.9474,7.5496,7.5718,7.8232
 ENSMUSG00000028430,10.1803,10.3077,10.1181,10.6838,11.5821,11.6705,11.8957,11.9157,10.2686,10.4551,12.3589,12.0866
 ENSMUSG00000028444,4.149,4.3255,3.8066,2.9238,4.8002,5.8496,3.9606,3.7484,4.7093,3.7608,2.9238,5.1508
 ENSMUSG00000047295,3.7539,4.0258,3.4387,4.0637,5.5695,6.2988,4.7362,4.7579,3.5706,3.886,4.9807,4.2163
 ENSMUSG00000021611,7.136,7.4716,7.2898,7.1996,8.5993,8.4654,9.2126,9.2908,7.0427,6.9458,7.4734,7.3188
 ENSMUSG00000024640,9.4698,9.126,9.4186,9.1199,10.0219,9.8496,10.1446,10.1703,8.8893,9.0328,11.6901,11.0849
 ENSMUSG00000056602,11.8315,12.0318,11.9663,12.6698,11.1557,11.5789,10.68,10.5977,12.3032,12.3912,10.1739,10.3496
 ENSMUSG00000027577,2.9238,3.7122,3.6483,3.5932,5.3426,5.5853,4.3616,4.3167,3.3831,2.9238,4.6691,4.2895
 ENSMUSG00000103981,2.9238,2.9238,2.9238,2.9238,2.9238,2.9238,4.2447,5.7082,2.9238,2.9238,2.9238,2.9238
 ENSMUSG00000048703,2.9238,3.8306,3.8066,3.5932,4.7228,5.8006,2.9238,3.5108,3.3831,3.4115,2.9238,2.9238
 ENSMUSG00000022234,12.7392,12.4692,12.7067,12.3108,13.2761,13.2124,13.7313,13.8045,12.5074,12.5878,15.0267,14.4159
 ENSMUSG00000030880,10.2577,10.2828,10.1507,10.2799,11.3349,11.4629,11.8484,11.9214,10.3928,10.5107,12.5192,12.0277
 ENSMUSG00000022126,6.0855,5.1715,5.5289,3.8623,5.3426,5.9427,5.8535,4.5137,3.7128,4.7062,3.8746,4.3579
 ENSMUSG00000032327,3.8488,3.5702,2.9238,3.74,5.1287,5.5257,4.5639,4.8295,3.3831,3.4115,2.9238,3.5861
 ENSMUSG00000002944,11.5641,11.311,11.3369,10.8944,10.4363,10.1453,11.1279,11.152,11.0281,11.2472,13.1127,12.8354
 ENSMUSG00000063902,5.3053,4.9983,4.6798,5.2055,5.6507,5.8496,2.9238,5.596,4.5062,5.4169,5.4802,6.2836
 ENSMUSG00000029212,6.4613,6.5357,6.5038,6.8067,8.3433,8.8435,7.7598,7.3333,6.8123,6.446,8.3534,7.6526
 ENSMUSG00000028979,6.1665,5.701,5.3263,6.5985,7.165,7.4243,7.4686,7.6126,5.8283,6.1554,7.8177,7.3261
 ENSMUSG00000019814,9.8078,9.7509,9.6414,9.7757,11.0401,11.1657,11.1358,11.2405,9.7187,9.9353,11.8825,11.6156
 ENSMUSG00000073600,7.2871,7.0911,7.0007,7.124,8.5118,8.5332,8.9829,9.1588,6.782,6.8719,7.8958,7.765
 ENSMUSG00000036693,10.3682,10.3182,10.2524,10.3814,11.8243,12.1549,11.5973,11.6184,10.0778,10.2649,11.9605,12.0995
 ENSMUSG00000031722,7.9504,6.6295,6.9443,5.7555,7.8338,8.353,7.6464,6.5862,6.0157,6.9863,5.8443,6.8321
 ENSMUSG00000019726,13.6918,13.8059,13.6745,13.5938,14.8582,14.9681,15.0555,15.0886,13.706,13.6248,15.8853,15.5359
 ENSMUSG00000028176,6.7924,7.3737,6.9328,7.8577,8.936,9.6536,7.5861,7.7212,7.3552,7.4078,6.8585,7.2196
 ENSMUSG00000054446,3.3431,3.5702,2.9238,3.74,4.1036,6.3334,3.9606,3.5108,3.3831,3.4115,3.7047,3.9579
 ENSMUSG00000096223,2.9238,2.9238,2.9238,2.9238,2.9238,2.9238,2.9238,5.877,2.9238,2.9238,2.9238,2.9238
 ENSMUSG00000047193,10.0467,10.0263,10.0169,10.332,11.4754,11.9033,11.9833,11.8903,10.3454,10.4649,11.8672,11.6736
 ENSMUSG00000073678,12.7907,13.0697,12.9598,13.2165,11.355,11.1704,11.5397,11.5787,13.4217,13.4407,12.4141,11.8863
 ENSMUSG00000021278,4.6112,5.0703,4.9495,5.0238,6.5907,6.8677,6.2438,5.9084,5.0361,4.7062,6.7087,6.3721
 ENSMUSG00000051000,6.534,6.6742,6.4067,5.9057,7.7642,8.3362,7.5758,7.356,6.1007,5.6924,7.589,7.6585
 ENSMUSG00000081671,2.9238,2.9238,4.5528,5.239,4.2344,4.3101,2.9238,2.9238,2.9238,2.9238,2.9238,2.9238
 ENSMUSG00000045237,7.9579,7.6212,7.6476,7.5596,9.3189,9.0009,9.7763,9.8721,7.8144,7.9327,8.4552,8.1346
 ENSMUSG00000091255,2.9238,2.9238,2.9238,3.3992,3.9523,5.8006,2.9238,2.9238,2.9238,2.9238,2.9238,2.9238
 ENSMUSG00000004568,12.8992,13.2895,12.9222,13.4823,12.2488,12.4634,12.2165,12.2485,13.3634,13.4322,11.2164,10.8884
 ENSMUSG00000029415,11.2283,11.1088,11.1792,11.2005,12.1496,12.294,12.6284,12.5615,11.2868,11.4217,13.4511,13.2207
 ENSMUSG00000038528,6.967,7.1942,6.8737,7.5911,9.0608,9.6771,7.6365,7.6679,7.3414,7.3075,7.0819,7.4591
 ENSMUSG00000028729,10.6001,10.4261,10.5622,10.5013,11.4996,11.5869,11.7968,11.8436,10.5503,10.6382,12.8911,12.451
 ENSMUSG00000107418,2.9238,3.3828,2.9238,2.9238,5.0072,5.3982,3.5309,3.7484,2.9238,3.4115,2.9238,2.9238
 ENSMUSG00000058355,12.3567,12.1187,12.2213,11.986,13.0697,13.0613,13.3725,13.4365,12.1198,12.1842,14.524,14.0955
 ENSMUSG00000020812,8.1473,8.2583,8.2441,8.2692,9.3548,9.6502,9.9515,9.7016,8.4736,8.4345,10.2754,10.2129
 ENSMUSG00000028410,11.6576,11.5229,11.858,11.9088,11.3697,11.3681,11.9228,11.6405,11.6479,11.5427,14.4833,12.4158
 ENSMUSG00000070330,3.3431,2.9238,2.9238,2.9238,4.7228,5.5257,4.2447,3.5108,3.3831,2.9238,4.4346,3.9579
 ENSMUSG00000032698,11.7066,11.6255,11.5308,11.6632,10.0125,9.7327,9.6473,10.1478,11.6517,11.7553,10.8263,10.4604
 ENSMUSG00000038199,3.3431,2.9238,2.9238,3.3992,4.7228,5.6971,4.2447,4.3167,3.3831,3.4115,4.5181,4.5411
 ENSMUSG00000004393,10.0146,10.0112,9.9936,9.9628,10.9324,11.0288,11.5749,11.4728,10.2017,10.2169,12.318,11.9027
 ENSMUSG00000038065,8.4541,8.6436,8.5528,8.8029,7.719,7.8719,7.3886,7.7212,9.0179,9.0638,6.5235,6.7794
 ENSMUSG00000052544,8.6148,8.7796,8.81,8.7757,7.8756,8.2036,7.2912,7.0007,8.64,8.5469,6.6107,6.7794
 ENSMUSG00000076680,10.6789,10.4415,10.1519,8.5764,10.5747,11.3722,9.0734,9.39,9.1714,9.1729,9.4194,9.1382
 ENSMUSG00000009739,10.2439,10.5051,10.281,10.5951,9.3636,9.5038,8.8528,9.059,10.2567,10.0683,8.1013,8.4114
 ENSMUSG00000060989,4.6527,5.0703,4.3315,5.6125,5.6895,5.987,5.455,2.9238,4.1103,5.1095,5.1366,5.4307
 ENSMUSG00000022856,6.0716,5.8663,6.1097,5.7327,7.0815,6.9364,7.7598,7.781,5.7876,5.8119,7.6881,7.3694
 ENSMUSG00000030725,6.0289,5.9421,6.2285,5.4527,6.6692,6.5542,7.1732,7.1766,6.1494,5.922,8.2653,7.8591
 ENSMUSG00000095761,6.3848,7.5925,6.3025,5.6858,7.0815,8.0054,5.6686,5.6344,6.2269,7.583,6.8866,5.732
 ENSMUSG00000028518,4.149,4.3255,4.618,4.4988,5.9023,6.1122,6.077,5.596,4.3896,3.886,4.3444,3.9579
 ENSMUSG00000041323,4.7691,5.1049,5.3622,4.5571,6.4417,6.7706,6.1348,6.0558,4.1875,4.7062,5.9561,6.2214
 ENSMUSG00000040118,6.0289,6.1636,6.0677,6.5606,7.3187,8.267,5.1443,6.2144,6.1494,5.943,5.5175,5.4585
 ENSMUSG00000072653,9.5882,9.8056,9.6326,9.8465,11.0123,11.1502,11.3827,11.6874,9.9715,10.0058,11.6051,11.4366
 ENSMUSG00000061897,4.7315,4.2584,3.9381,4.6126,5.24,5.8969,5.3592,6.9116,4.7993,4.092,4.9243,5.6861
 ENSMUSG00000021149,11.0605,10.9439,11.0818,10.9604,12.0107,12.3241,12.2095,12.137,10.9961,11.0851,13.2952,12.9818
 ENSMUSG00000083179,7.3399,6.5834,6.9558,6.6948,7.8507,7.763,7.7957,8.6193,6.6313,6.8501,8.9026,8.6897
 ENSMUSG00000019872,10.296,10.1014,10.3678,9.7397,9.212,8.8375,8.6325,8.4083,10.1257,10.3173,8.0086,8.8636
 ENSMUSG00000040270,13.0544,13.301,13.0721,13.8365,12.2685,12.2699,12.1147,12.2295,13.49,13.5627,11.1311,11.6081
 ENSMUSG00000007721,9.1257,8.7409,8.9563,8.6559,10.177,10.2135,10.0156,10.4506,8.6678,8.7513,10.8344,10.5279
 ENSMUSG00000024647,3.5148,4.1867,4.3315,4.3724,5.3426,5.987,5.9536,5.386,3.5706,4.4073,5.4021,4.9245
 ENSMUSG00000058046,4.6112,4.5052,4.7387,4.5571,5.6507,6.5247,6.4394,6.1892,4.3264,4.3368,5.4021,5.8404
 ENSMUSG00000021974,7.136,7.4525,7.3166,7.8577,9.0241,9.9076,8.0171,8.0953,7.5291,7.2669,7.106,7.4184
 ENSMUSG00000066543,4.8056,4.7982,4.9972,5.1358,5.3911,2.9238,2.9238,5.1371,4.5604,5.2549,5.0867,5.0044
 ENSMUSG00000035834,8.971,8.8683,8.8288,9.0515,9.8333,9.8378,9.9173,9.7976,8.8631,8.9986,11.2606,11.0466
 ENSMUSG00000051817,6.1795,6.0315,5.9799,6.1983,7.1239,7.291,7.4003,7.8059,6.286,6.2254,8.2865,7.9896
 ENSMUSG00000090306,4.0112,4.3255,3.9381,3.74,5.24,6.2634,3.7763,4.3167,3.7128,3.9948,2.9238,3.9579
 ENSMUSG00000051502,6.3274,6.3822,5.8369,6.5085,7.4353,7.4713,8.1055,8.4821,5.998,6.1908,7.0197,7.1046
 ENSMUSG00000027570,6.1533,6.2988,6.2094,7.4332,7.1239,7.8835,8.2676,8.23,6.1007,6.4749,7.8749,7.4657
 ENSMUSG00000096171,4.9736,4.882,4.5528,2.9238,4.873,2.9238,5.2561,5.0811,3.5706,4.9887,4.738,3.8525
 ENSMUSG00000036882,6.8824,7.1396,6.8246,7.6699,5.6507,6.4637,5.3087,5.7782,7.3275,7.4078,5.4021,5.8611
 ENSMUSG00000061833,3.8488,4.5052,4.9972,4.1501,6.2754,5.8006,4.5639,6.1107,4.5062,4.3368,6.0345,5.2825
 ENSMUSG00000067919,4.5237,4.3887,4.9972,4.3724,2.9238,2.9238,4.2447,4.6819,4.7093,5.0704,5.1366,2.9238
 ENSMUSG00000050953,5.7932,5.7653,6.266,5.239,7.7642,7.5752,7.2658,6.4447,5.9063,5.5888,5.4417,6.1564
 ENSMUSG00000022686,12.9204,12.9192,12.8224,13.0607,11.2033,11.2329,11.263,11.4388,13.146,13.4284,12.5559,12.2806
 ENSMUSG00000022353,11.8503,12.0829,11.7752,12.4023,10.5111,10.5244,10.1619,10.3316,12.1798,12.3045,11.0917,10.8871
 ENSMUSG00000109494,2.9238,2.9238,2.9238,2.9238,4.1036,5.6971,2.9238,2.9238,2.9238,2.9238,2.9238,2.9238
 ENSMUSG00000064156,2.9238,3.3828,2.9238,2.9238,4.5515,5.5257,2.9238,3.7484,2.9238,2.9238,2.9238,2.9238
 ENSMUSG00000078249,3.8488,4.5593,3.9381,2.9238,4.5515,4.9209,4.6531,6.2392,3.9343,3.886,5.1366,3.8525
 ENSMUSG00000036264,3.7539,4.4484,4.5528,5.0238,5.8,5.5853,6.2438,6.1107,4.842,4.3368,4.0154,4.2163
 ENSMUSG00000006057,10.3885,10.1075,10.2912,10.3039,11.1726,11.0623,11.7143,11.6254,10.2955,10.3698,12.5746,12.1407
 ENSMUSG00000104422,5.9546,6.2101,6.19,5.4242,8.2948,6.5831,6.0167,6.849,5.564,5.3544,5.7227,5.2825
 ENSMUSG00000062038,6.9444,6.461,6.7344,6.1132,7.3782,6.1515,6.5703,7.4642,6.5851,5.6924,8.8104,7.6111
 ENSMUSG00000081569,5.6679,6.1948,5.5903,6.4952,3.9523,5.0135,4.2447,4.203,5.8482,5.9007,4.6691,5.0044
 ENSMUSG00000051537,3.7539,4.4484,4.618,4.2295,5.7273,6.5247,4.814,5.4307,4.1103,3.886,5.4417,5.3135
 ENSMUSG00000044037,7.9044,9.0896,8.2672,7.5973,9.4928,9.9606,8.6716,8.7446,9.1597,7.1647,7.6476,8.3694
 ENSMUSG00000045294,9.8057,9.6207,10.1691,10.1392,10.388,10.1692,10.543,10.7781,10.0175,10.3708,12.201,12.2062
 ENSMUSG00000030838,2.9238,2.9238,2.9238,2.9238,4.7228,5.3982,2.9238,3.5108,2.9238,2.9238,2.9238,2.9238
 ENSMUSG00000003604,8.6821,8.7591,8.4836,8.6349,9.8792,9.966,10.2109,10.1591,8.5533,8.557,10.6947,10.1029
 ENSMUSG00000029370,7.2446,6.8304,7.0655,6.4681,5.9348,5.7498,4.4672,5.5565,6.7717,6.7593,5.3194,5.6144
 ENSMUSG00000001674,10.9931,10.8574,10.8287,10.7722,11.609,11.7954,12.1432,12.0548,10.7751,10.8926,13.2522,12.6484
 ENSMUSG00000025086,9.1829,9.2542,9.2059,9.1285,10.4803,10.5914,10.7985,10.8142,9.1945,9.3145,11.1141,10.9305
 ENSMUSG00000105800,2.9238,2.9238,3.8066,2.9238,3.7693,5.8496,2.9238,2.9238,3.7128,2.9238,3.4793,3.3941
 ENSMUSG00000039929,10.55,10.645,10.4905,10.7262,11.6414,11.8548,12.0107,11.9266,10.7409,10.7116,12.9354,12.3795
 ENSMUSG00000099871,5.1221,5.1049,5.3972,4.4373,5.24,4.1352,5.1443,6.6427,5.4633,5.5616,7.0323,6.2529
 ENSMUSG00000078713,9.2411,8.8944,9.2983,8.8914,9.5762,9.3068,10.1498,9.9316,9.2303,9.2599,11.4921,11.1048
 ENSMUSG00000029461,10.2523,10.654,10.4497,10.7459,11.5758,11.3598,11.615,11.831,10.4917,10.5659,9.2051,9.3491
 ENSMUSG00000078365,3.6451,3.8306,3.4387,3.9687,5.0694,5.8969,4.5639,3.5108,3.3831,3.4115,5.1847,4.5411
 ENSMUSG00000027999,8.3721,8.3907,8.2763,8.3922,9.7503,9.7295,10.167,10.2793,8.0857,8.2723,9.6578,9.4449
 ENSMUSG00000024376,5.7932,5.1049,5.3622,5.9654,6.5075,6.9804,6.6901,6.8649,5.2967,5.9637,7.2319,7.7322
 ENSMUSG00000021273,8.3437,8.1601,8.6578,8.8889,9.384,9.3946,9.8118,9.8383,8.7992,9.0328,10.7144,10.7163
 ENSMUSG00000044770,11.071,11.3564,11.0469,11.5766,10.5058,10.6332,10.2224,10.371,11.4593,11.5599,9.2651,9.1257
 ENSMUSG00000002658,10.6874,10.4139,10.5649,10.2654,11.6755,11.7644,11.7593,11.9195,10.3819,10.4836,12.4983,12.335
 ENSMUSG00000081855,7.0256,5.9235,6.3025,6.3545,7.3665,6.6114,5.8184,8.3588,6.2117,6.1554,6.4306,5.0425
 ENSMUSG00000083397,5.4665,5.4086,5.5599,5.9259,7.3065,7.2377,7.1868,7.7125,5.9437,5.7654,6.2464,7.0163
 ENSMUSG00000037379,4.0826,4.1867,3.9381,2.9238,4.9419,6.1515,4.6531,3.9271,3.9343,4.1803,5.276,5.0796
 ENSMUSG00000048827,8.0487,7.9857,7.9106,7.9086,9.3339,9.7198,9.3546,9.5987,7.774,7.896,9.4965,9.514
 ENSMUSG00000037325,6.1266,6.2698,6.2094,5.9259,7.2181,7.5316,7.947,7.9013,5.8081,5.7415,5.9013,6.2529
 ENSMUSG00000000617,6.8175,6.8693,6.8857,6.5606,8.4187,8.2933,8.062,8.5326,6.286,6.34,7.7582,7.5808
 ENSMUSG00000036752,12.0376,11.7783,12,11.6359,13.1895,12.8825,13.6655,14.0779,11.8988,11.8731,13.3618,12.7446
 ENSMUSG00000100981,5.2555,4.9983,4.8485,5.6125,6.6882,7.8484,5.8184,5.596,5.0361,5.4169,5.4021,5.6626
 ENSMUSG00000022863,7.2385,6.9441,6.6801,6.8699,7.7097,8.2036,8.84,7.781,6.9459,6.7357,9.0862,8.2119
 ENSMUSG00000103735,5.488,5.8856,5.7327,5.5081,5.6107,3.6367,3.7763,4.8295,5.2049,5.2889,3.7047,4.4223
 ENSMUSG00000044172,2.9238,2.9238,2.9238,2.9238,4.5515,5.3297,4.2447,2.9238,2.9238,2.9238,4.0154,3.7315
 ENSMUSG00000089803,8.3408,7.8758,8.0974,7.7833,8.6092,9.0429,7.8479,8.8794,7.8342,8.5162,10.5695,9.5075
 ENSMUSG00000031904,9.731,9.9033,9.7518,9.9362,10.6355,10.6772,11.1058,11.0783,9.9659,10.0589,12.2129,11.8083
 ENSMUSG00000030431,7.0256,6.7699,6.5799,6.4817,7.8756,7.8002,7.6562,8.1285,6.6538,6.6242,8.9795,8.3623
 ENSMUSG00000058589,4.6927,4.922,4.618,4.5571,6.3491,6.4945,5.5005,5.6718,4.5604,4.5956,4.0154,3.9579
 ENSMUSG00000070390,8.5266,8.4936,8.6682,7.8935,8.4523,8.6051,8.0912,7.8303,7.1651,6.5583,6.4113,6.9028
 ENSMUSG00000073063,4.6927,4.3255,3.6483,4.9011,2.9238,4.1352,2.9238,2.9238,3.5706,5.4766,3.4793,4.1376
 ENSMUSG00000083240,4.3257,2.9238,4.6798,3.9687,4.873,2.9238,3.9606,5.9987,4.4494,3.886,4.2461,4.5962
 ENSMUSG00000022814,9.9014,9.6709,9.9111,9.7013,10.3261,10.1997,10.5574,10.6627,9.6933,9.7672,12.3397,11.5451
 ENSMUSG00000052563,7.3628,7.3533,7.2624,8.0825,6.1976,6.1515,5.408,5.9987,7.5827,7.842,6.5235,6.6678
 ENSMUSG00000022665,5.0937,5.4086,5.2122,3.9687,6.6107,6.5542,6.1348,5.2423,5.962,5.1473,4.2461,6.0165
 ENSMUSG00000099951,2.9238,2.9238,2.9238,2.9238,3.7693,5.7498,2.9238,2.9238,2.9238,2.9238,2.9238,2.9238
 ENSMUSG00000095565,10.3961,8.9876,8.4314,7.7049,9.2696,9.993,8.9984,8.3643,7.9013,8.39,8.5238,7.9234
 ENSMUSG00000096144,5.9238,6.7492,6.4881,6.5217,4.4554,5.0135,5.455,4.8972,7.0681,6.3242,6.1326,5.2183
 ENSMUSG00000082912,2.9238,3.3828,3.8066,3.3992,4.6402,5.5853,4.7362,4.6008,3.3831,2.9238,3.7047,3.3941
 ENSMUSG00000033809,8.2851,8.1948,7.9849,7.9769,9.1141,9.1282,9.3606,9.4358,7.9474,8.0661,10.1978,10.0012
 ENSMUSG00000056673,11.0199,11.2272,11.0105,11.332,11.6341,11.876,11.3857,13.1743,12.6958,12.421,13.1261,12.8612
 ENSMUSG00000002984,9.9322,9.8845,9.9501,10.1338,10.884,11.0327,11.282,11.2956,9.9947,10.1716,12.2582,11.8748
 ENSMUSG00000021957,12.5213,12.2005,12.5057,12.2215,13.3033,13.0346,13.566,13.7823,12.2428,12.4366,14.5865,14.1941
 ENSMUSG00000076435,11.0027,11.1571,10.9682,11.4576,10.0181,9.7295,9.4392,9.7789,10.8222,10.7003,9.0085,9.2941
 ENSMUSG00000048078,8.8246,9.1479,9.1939,9.3616,8.4017,8.4883,7.3768,7.6405,8.7559,8.8722,6.9547,7.3114
 ENSMUSG00000066687,5.7585,5.701,5.9799,6.2941,8.1179,7.8484,6.3692,6.2392,6.1964,5.8119,5.4417,6.0165
 ENSMUSG00000096252,4.149,5.0703,5.3263,4.9011,5.5271,5.9427,5.1443,2.9238,3.9343,4.9887,5.2311,5.4024
 ENSMUSG00000025153,11.5545,11.6137,11.5864,12.1732,12.7422,12.8489,12.96,12.9358,11.7397,11.7564,13.9091,13.6057
 ENSMUSG00000023984,6.429,6.2698,6.1703,6.586,7.7819,8.386,7.9229,7.5053,6.2715,6.7237,7.9566,7.9804
 ENSMUSG00000081715,4.0826,4.1867,4.2466,3.74,5.7641,6.2634,5.1443,4.6819,4.0265,3.7608,5.4802,4.8392
 ENSMUSG00000024529,3.5148,3.3828,2.9238,3.8623,4.873,5.8969,4.5639,4.3167,3.3831,3.7608,4.8032,4.1376
 ENSMUSG00000101874,2.9238,2.9238,2.9238,2.9238,4.3505,5.3982,3.9606,3.5108,2.9238,2.9238,4.4346,3.9579
 ENSMUSG00000028078,10.8257,11.1027,10.8692,10.9854,9.1176,9.2497,9.2742,9.5057,10.8981,10.6919,9.8102,9.2014
 ENSMUSG00000025591,10.0334,10.038,9.9741,10.1295,11.3594,11.6211,11.297,11.3787,10.1237,10.2659,12.0488,11.9665
 ENSMUSG00000021411,11.2958,11.3163,11.4076,11.2258,9.6742,9.5113,9.6547,10.0032,11.6569,11.5338,11.3015,10.9836
 ENSMUSG00000096265,3.9338,2.9238,2.9238,2.9238,5.3426,4.5931,2.9238,2.9238,2.9238,2.9238,2.9238,2.9238
 ENSMUSG00000016179,4.149,4.4484,4.7948,4.8122,6.2754,6.9364,5.7455,5.0227,4.6121,5.0302,5.9561,5.5644
 ENSMUSG00000033991,10.8247,10.7557,10.7734,10.8014,12.0243,12.0945,12.7204,12.6508,10.9294,10.9908,12.5023,12.2582
 ENSMUSG00000047370,7.3514,7.5453,7.4109,5.3653,7.4794,7.5895,5.3592,6.942,6.3147,7.37,7.5805,6.7247
 ENSMUSG00000001131,4.2113,4.0258,4.618,2.9238,5.3911,5.8969,4.5639,5.0227,3.5706,4.1803,5.0348,5.1508
 ENSMUSG00000049295,8.031,7.9635,7.9849,8.2496,9.1989,9.0786,9.4811,9.8779,8.1542,8.2434,7.3375,7.2662
 ENSMUSG00000056718,6.113,6.2551,6.1302,6.5348,7.6817,7.6855,8.1956,8.1801,6.3288,6.4165,7.7733,6.8929
 ENSMUSG00000094194,9.6876,9.7968,9.278,8.0557,10.2359,10.2498,8.2418,8.3016,8.1463,8.7217,9.5146,8.5337
 ENSMUSG00000033618,5.649,5.4086,5.2893,5.5871,6.9775,7.6855,6.5703,6.357,5.1728,5.5888,7.094,6.5841
 ENSMUSG00000031492,6.4929,6.9712,6.6093,7.2558,8.6386,9.162,7.2912,7.1379,7.0847,6.8934,6.559,6.8321
 ENSMUSG00000026815,6.3621,5.6103,5.4314,4.2295,3.7693,5.0135,4.4672,3.9271,3.7128,4.6522,4.0154,4.3579
 ENSMUSG00000033036,6.4399,6.0991,5.6199,6.4681,4.1036,5.0999,4.3616,5.7436,6.1171,6.771,5.3194,5.5125
 ENSMUSG00000082570,6.429,6.2698,6.2844,6.586,5.0072,4.9209,5.0222,4.9615,6.7193,6.6872,5.0867,4.6993
 ENSMUSG00000072188,2.9238,2.9238,2.9238,2.9238,4.3505,5.5257,2.9238,2.9238,2.9238,2.9238,2.9238,2.9238
 ENSMUSG00000109446,3.3431,2.9238,2.9238,2.9238,4.6402,5.3982,2.9238,2.9238,2.9238,2.9238,2.9238,3.7315
 ENSMUSG00000020638,9.7646,9.5177,9.7137,9.9949,8.0898,8.1566,8.8655,8.3531,9.7593,10.4605,8.4739,8.4183
 ENSMUSG00000052334,2.9238,3.3828,3.8066,2.9238,4.6402,5.4635,2.9238,3.9271,2.9238,2.9238,2.9238,3.3941
 ENSMUSG00000091903,3.6451,3.7122,4.2466,2.9238,5.438,4.5931,4.113,4.075,2.9238,2.9238,2.9238,2.9238
 ENSMUSG00000031162,6.8584,5.9235,6.3556,5.0622,4.4554,5.7498,4.8873,4.5137,4.3896,5.0704,4.4346,4.8392
 ENSMUSG00000034362,4.0826,4.0258,4.3315,4.3033,5.9348,6.1122,5.5871,5.7436,4.3896,3.9948,5.6239,4.8825
 ENSMUSG00000031578,10.9678,10.8282,10.8692,10.6961,11.8931,12.1081,12.2016,12.2556,10.8552,11.0758,13.0526,12.6071
 ENSMUSG00000102817,3.9338,3.8306,4.0523,4.0637,5.7273,6.2988,4.814,4.6008,4.0265,4.1803,5.5894,5.0425
 ENSMUSG00000023942,9.5086,9.3685,9.7104,9.1687,10.0125,9.7862,10.3425,10.3086,9.0457,9.4197,11.6876,11.292
 ENSMUSG00000022241,10.68,10.528,10.5368,10.3697,11.3668,11.3896,11.5157,11.6067,10.4027,10.5659,12.8347,12.439
 ENSMUSG00000055760,7.9428,7.5089,7.8989,7.6158,8.4187,8.3613,9.0175,8.9738,7.6678,8.0181,10.0707,9.5676
 ENSMUSG00000020775,9.3578,9.1538,9.1324,9.1264,10.1836,10.195,10.5244,10.6154,9.234,9.1946,11.483,10.8277
 ENSMUSG00000106038,5.9996,5.8856,5.6774,6.247,7.5116,8.3696,6.077,6.6427,5.9437,5.857,5.5894,6.1564
 ENSMUSG00000000628,8.8731,8.6408,8.8503,9.0628,9.693,9.9301,9.7446,9.4279,8.6815,8.6853,10.9183,10.9335
 ENSMUSG00000028953,10.7009,10.5067,10.6699,10.5096,11.5063,11.6562,12.0084,12.0286,10.6449,10.6781,12.8277,12.3306
 ENSMUSG00000025875,6.4399,6.3957,6.6662,6.4405,5.0694,5.5257,4.7362,4.8972,6.1964,6.0436,4.3444,4.8392
 ENSMUSG00000048540,3.6451,3.9337,4.1542,4.3033,5.7273,6.1898,3.5309,4.6008,3.9343,4.092,3.7047,4.2163
 ENSMUSG00000094051,9.2745,7.171,8.1025,6.5733,7.4127,8.386,6.8867,6.9269,6.6649,7.4152,7.3066,6.5964
 ENSMUSG00000096156,3.8488,2.9238,2.9238,4.4988,2.9238,5.3982,2.9238,2.9238,2.9238,2.9238,2.9238,2.9238
 ENSMUSG00000075268,6.2053,5.5381,5.5289,5.5349,6.3962,6.4637,6.2438,7.7726,5.5881,5.5888,4.8032,4.7477
 ENSMUSG00000067482,5.1771,5.4086,4.9495,6.0956,6.7255,7.3084,5.2561,4.6008,5.5146,5.5616,5.2311,4.5411
 ENSMUSG00000094027,4.2113,4.1867,4.4102,5.3036,4.1036,4.1352,4.814,2.9238,4.9996,5.4169,5.9827,5.3135
 ENSMUSG00000068466,4.9417,4.6606,4.9,4.6657,5.8,6.7955,5.3087,5.5159,4.4494,4.9014,6.8585,6.0528
 ENSMUSG00000085795,7.9504,8.2979,8.3255,8.9484,9.3898,9.2134,9.5795,9.6636,8.2747,8.1261,7.3066,7.3261
 ENSMUSG00000054720,10.1891,10.4677,10.1432,10.8542,9.6599,9.3576,9.29,9.1296,10.3676,10.3419,8.131,8.6581
 ENSMUSG00000097012,7.2871,7.4841,6.9558,7.6933,7.5638,5.8006,7.2136,7.5154,7.4023,7.7213,5.4417,5.8194
 ENSMUSG00000061559,9.6602,9.5024,9.6625,9.4153,10.6974,10.5682,11.3805,11.3409,9.6688,9.8612,11.4575,11.1786
 ENSMUSG00000094102,9.6498,7.3872,7.3603,6.3094,7.3308,7.0019,7.0742,6.942,6.6978,7.1823,7.2857,6.8217
 ENSMUSG00000005968,6.9059,6.8105,7.076,6.9979,8.2824,8.4576,8.7003,8.6966,7.0256,7.138,8.6682,8.401
 ENSMUSG00000062611,5.4446,4.754,5.172,5.7095,4.5515,4.5931,4.5639,7.1115,5.2667,4.4073,6.3517,5.5644
 ENSMUSG00000025007,10.1593,10.0003,9.9936,9.8876,10.7768,10.7166,10.9702,11.0229,9.8901,9.872,12.3002,11.8845
 ENSMUSG00000042660,9.4789,9.2339,9.3746,9.2439,10.055,10.1332,10.3226,10.4545,9.3328,9.4471,11.6655,11.2953
 ENSMUSG00000031618,7.7699,7.8662,7.8989,7.2479,6.8654,7.3084,6.393,6.4447,6.842,6.4749,5.2311,5.9214
 ENSMUSG00000032243,5.3053,5.4877,5.2122,5.8219,6.9145,7.8602,6.1903,5.9391,5.2362,5.22,6.4113,6.4952
 ENSMUSG00000018566,4.149,4.3887,3.8066,3.74,5.0694,5.0135,4.9565,5.3398,3.5706,4.1803,2.9238,2.9238
 ENSMUSG00000026478,10.1585,10.3086,10.1104,10.5251,11.1801,11.0235,11.543,11.6002,10.1544,10.269,9.4338,8.8433
 ENSMUSG00000029754,7.9876,8.312,8.2534,9.0717,9.9552,10.6142,8.5922,8.9331,8.5292,8.3284,7.7808,8.5049
 ENSMUSG00000042655,2.9238,2.9238,2.9238,3.5932,4.3505,4.4604,5.0847,4.8295,2.9238,2.9238,3.4793,3.3941
 ENSMUSG00000026806,9.6842,9.7114,9.737,9.644,10.527,10.755,11.0051,10.8173,9.7824,9.7245,12.0242,11.4845
 ENSMUSG00000028138,10.8577,10.7871,10.8548,10.7756,12.0514,11.953,12.7017,12.7057,10.8552,10.9696,12.548,12.1121
 ENSMUSG00000001420,5.827,5.5381,5.649,5.9259,6.882,7.0231,7.3407,7.4432,5.564,6.0436,7.4734,7.4184
 ENSMUSG00000076525,6.5837,6.4863,6.565,6.1817,8.7372,6.4322,6.393,6.1635,7.64,6.4749,6.6605,8.0216
 ENSMUSG00000011008,10.4133,10.5219,10.3603,10.5104,8.7686,8.6802,8.6619,8.7488,10.3727,10.401,9.2463,9.7005
 ENSMUSG00000021997,4.9417,5.2654,5.0875,5.5871,6.882,7.7755,6.0167,6.0275,5.1728,5.857,5.5894,6.2214
 ENSMUSG00000112148,9.8468,9.2921,10.0318,8.8787,10.8561,10.6604,10.4728,10.0139,8.3827,8.5836,9.1367,9.9909
 ENSMUSG00000041245,7.0469,7.1316,7.0549,6.9105,8.2699,8.5767,8.5137,8.0886,7.0342,6.7357,8.9432,8.54
 ENSMUSG00000087204,5.9081,5.6103,5.7857,5.4807,6.9775,7.0019,6.6901,7.3219,5.4892,5.386,5.1847,4.8392
 ENSMUSG00000014873,9.9188,9.834,9.7087,9.8659,10.8861,11.0456,10.9712,11.202,9.8051,9.9066,12.0139,11.6179
 ENSMUSG00000028031,5.86,6.014,6.0024,6.3982,7.6531,8.185,6.9359,6.4658,5.998,5.7415,5.4021,6.1564
 ENSMUSG00000028651,9.4592,9.2152,9.3095,9.085,10.2692,10.0196,10.8442,10.8742,9.4072,9.4289,11.4452,10.8709
 ENSMUSG00000079677,8.4381,8.305,8.3942,8.4029,9.5167,9.4502,10.0137,9.9521,8.514,8.39,10.3815,10.0607
 ENSMUSG00000095612,10.1113,11.1531,10.0743,9.0241,9.9994,11.3916,8.979,9.3818,9.2059,9.2599,9.3303,9.1507
 ENSMUSG00000040752,2.9238,2.9238,3.4387,3.3992,5.0694,5.181,2.9238,3.5108,2.9238,3.4115,2.9238,2.9238
 ENSMUSG00000039031,9.5453,9.5116,9.5123,9.403,8.3492,8.1566,8.0766,7.8858,9.5364,9.3955,7.4263,7.9988
 ENSMUSG00000096237,3.6451,4.1867,3.8066,2.9238,5.1855,5.181,5.408,4.4196,4.4494,2.9238,4.3444,4.4223
 ENSMUSG00000101279,6.8903,7.171,7.0864,6.6353,6.0868,6.5831,6.6513,6.3342,6.0673,4.9887,4.9807,4.965
 ENSMUSG00000037972,13.5083,13.3917,13.3632,13.6967,11.7733,11.5628,12.0498,12.452,13.7432,13.9564,12.7939,12.9942
 ENSMUSG00000020532,11.7353,11.668,11.7533,12.0533,12.8938,13.0709,13.1748,13.1665,11.9252,11.848,13.8888,13.6046
 ENSMUSG00000095429,7.1226,8.4622,8.2534,6.6713,8.3492,8.0369,8.6275,6.5862,6.7193,6.9251,7.5544,6.5593
 ENSMUSG00000082896,4.5683,3.9337,4.1542,4.3033,4.9419,4.1352,5.0847,5.0811,4.2593,4.758,6.8726,5.5644
 ENSMUSG00000056737,12.2404,12.1795,12.2275,11.9476,12.4025,12.1489,13.0306,13.3955,12.2405,12.267,10.6545,10.5438
 ENSMUSG00000075064,2.9238,2.9238,2.9238,2.9238,2.9238,5.5853,4.113,3.7484,2.9238,2.9238,3.7047,3.8525
 ENSMUSG00000049336,4.0826,3.7122,3.9381,3.74,5.5695,5.7498,3.7763,4.6819,3.7128,3.7608,2.9238,4.1376
 ENSMUSG00000039457,8.3351,8.3399,8.1726,8.1347,7.4241,7.6722,6.9197,7.1115,7.389,7.37,5.8443,6.1564
 ENSMUSG00000092618,7.7784,7.2975,8.2488,7.3909,7.6722,7.3084,7.4234,6.7496,6.4239,6.4165,5.2311,6.482
 ENSMUSG00000054079,10.414,10.2765,10.4437,10.2693,11.2349,11.3977,11.6275,11.5373,10.2946,10.4739,12.6095,12.1505
 ENSMUSG00000094951,8.9391,8.9107,10.3901,7.664,8.0969,8.6601,7.6756,8.2238,7.8681,8.0278,7.8466,7.4856
 ENSMUSG00000047298,3.5148,2.9238,2.9238,2.9238,4.3505,5.181,4.3616,3.7484,3.3831,2.9238,4.8032,4.4223
 ENSMUSG00000064193,2.9238,2.9238,2.9238,4.8574,2.9238,2.9238,2.9238,2.9238,2.9238,5.1473,2.9238,2.9238
 ENSMUSG00000046636,4.4774,4.5593,4.618,4.9011,2.9238,4.4604,5.3592,5.0227,4.6121,2.9238,5.4802,4.1376
 ENSMUSG00000094941,2.9238,2.9238,2.9238,2.9238,4.3505,5.4635,2.9238,2.9238,2.9238,2.9238,2.9238,3.7315
 ENSMUSG00000027408,4.27,4.1867,3.8066,4.4988,5.3426,6.2271,5.0222,5.0227,4.1103,4.3368,6.0088,5.798
 ENSMUSG00000051346,7.9352,7.7823,8.0818,7.7779,8.8672,8.9243,9.47,9.553,7.9474,8.2845,9.9825,9.5845
 ENSMUSG00000024388,2.9238,2.9238,2.9238,3.3992,5.0072,5.2574,3.5309,3.9271,3.3831,2.9238,2.9238,3.3941
 ENSMUSG00000058952,3.3431,3.5702,2.9238,2.9238,4.7228,5.3297,4.8873,4.6008,3.3831,3.4115,3.4793,4.052
 ENSMUSG00000029312,6.7495,7.171,7.0864,6.7293,8.0969,8.1079,8.8485,9.0382,7.0342,6.7237,7.7733,7.3694
 ENSMUSG00000062209,2.9238,2.9238,2.9238,2.9238,4.2344,5.4635,2.9238,3.9271,2.9238,2.9238,2.9238,2.9238
 ENSMUSG00000022768,7.3167,7.5573,7.5828,7.7164,8.7051,9.0583,8.9234,8.948,7.4985,7.6663,9.3706,9.3491
 ENSMUSG00000076508,10.1138,9.834,10.1507,9.4739,9.9591,12.5993,9.803,9.9241,9.6354,9.7585,10.2406,9.9966
 ENSMUSG00000024588,9.8047,9.2246,9.1769,10.4222,8.8379,8.9131,8.8697,8.992,8.9896,11.351,8.6601,10.043
 ENSMUSG00000105124,4.0112,3.9337,3.6483,3.5932,5.3426,5.8969,4.814,5.386,4.1103,3.4115,4.9243,4.6993
 ENSMUSG00000041642,13.253,13.5668,13.2631,13.8917,12.6283,12.8585,12.1784,12.4013,13.6463,13.6691,11.419,11.7427
 ENSMUSG00000049555,5.2038,5.3245,5.1304,4.3724,6.5497,7.1823,5.2561,5.5565,5.41,4.3368,4.8032,5.3135
 ENSMUSG00000099423,4.9417,5.1715,5.0431,5.3348,6.3004,6.82,6.9359,7.1893,5.3545,5.1842,5.7541,5.3734
 ENSMUSG00000024485,3.3431,2.9238,2.9238,2.9238,4.5515,5.4635,3.9606,3.9271,3.3831,2.9238,4.4346,3.9579
 ENSMUSG00000048096,3.3431,3.3828,3.4387,2.9238,5.1287,5.181,4.3616,3.5108,2.9238,3.6103,4.596,4.5411
 ENSMUSG00000055538,9.515,9.6078,9.4889,10.0526,9.4547,8.9956,9.6717,9.9888,9.7735,9.8157,7.5632,7.8128
 ENSMUSG00000084159,7.6543,7.3046,7.4758,7.4608,8.9121,9.0273,7.89,9.0998,6.909,7.2504,8.8784,8.6346
 ENSMUSG00000050982,5.3296,4.8408,4.0523,4.1501,4.3505,5.3297,3.7763,2.9238,3.3831,3.7608,2.9238,3.8525
 ENSMUSG00000079036,10.774,10.804,10.6785,10.907,11.787,12.2425,12.1797,12.0868,10.9271,10.9202,12.906,12.553
 ENSMUSG00000040675,10.4616,10.4212,10.4528,10.5413,11.7312,11.6995,12.0107,12.0136,10.5799,10.533,12.3871,12.1882
 ENSMUSG00000053580,8.2941,8.4431,8.3517,8.5349,9.5351,9.899,9.5821,9.3624,8.2891,8.3086,10.486,10.0374
 ENSMUSG00000082980,2.9238,3.3828,2.9238,2.9238,4.4554,5.3297,2.9238,3.9271,2.9238,2.9238,4.0154,4.2163
 ENSMUSG00000019817,3.8488,3.8306,4.0523,3.74,5.438,6.2988,4.113,4.3167,3.5706,3.886,3.8746,3.8525
 ENSMUSG00000052273,3.3431,3.5702,3.4387,2.9238,4.9419,5.8969,3.7763,3.9271,3.5706,3.7608,4.0154,4.5411
 ENSMUSG00000046634,3.8488,4.1096,3.6483,3.9687,5.5695,6.03,4.8873,5.1371,3.7128,3.7608,5.0867,4.6993
 ENSMUSG00000024208,8.8671,8.6686,8.9392,8.6677,9.6113,9.2452,10.0382,9.8818,8.9104,8.763,11.0827,10.5894
 ENSMUSG00000036251,3.3431,2.9238,3.4387,2.9238,4.6402,5.4635,2.9238,4.075,2.9238,2.9238,3.4793,3.5861
 ENSMUSG00000095609,3.7539,4.611,4.7387,4.2295,5.1287,2.9238,2.9238,2.9238,4.0265,4.2614,2.9238,4.4833
 ENSMUSG00000022375,3.5148,3.3828,2.9238,2.9238,4.7228,5.2574,4.4672,3.5108,3.3831,2.9238,2.9238,2.9238
 ENSMUSG00000090223,5.9848,5.6563,6.2094,5.9259,4.6402,4.9209,4.7362,4.8972,6.973,6.8054,6.0345,6.4418
 ENSMUSG00000022557,10.349,10.2953,10.4866,10.4283,11.1776,11.2352,11.7312,11.7161,10.5171,10.5584,12.6223,12.2644
 ENSMUSG00000036928,6.8664,6.7282,6.7607,6.9597,8.0683,8.2758,8.2288,8.9368,7.0681,7.5428,8.6021,8.4488
 ENSMUSG00000094259,4.149,3.9337,3.6483,2.9238,4.3505,4.1352,3.5309,5.8119,2.9238,3.9948,3.4793,2.9238
 ENSMUSG00000094574,4.149,3.9337,3.6483,2.9238,4.3505,4.1352,3.5309,5.8119,2.9238,3.9948,3.4793,2.9238
 ENSMUSG00000094117,8.9353,9.126,8.6717,8.0284,10.9925,8.4576,8.1685,8.4351,8.162,8.0471,8.6642,8.4319
 ENSMUSG00000079442,10.5218,10.4535,10.4717,10.6204,11.5003,11.6098,12.0026,12.0779,10.4523,10.5466,12.4162,12.2651
 ENSMUSG00000037822,12.7353,12.8642,12.6925,13.1209,11.2846,11.181,11.4213,11.7068,13.0412,13.154,11.5198,11.487
 ENSMUSG00000096459,10.9224,11.5402,10.3922,9.8268,10.9753,12.6541,10.1773,10.7495,9.8188,10.0986,10.5311,10.2548
 ENSMUSG00000027022,3.3431,2.9238,2.9238,2.9238,4.2344,5.5257,2.9238,3.7484,2.9238,2.9238,2.9238,2.9238
 ENSMUSG00000027221,7.0398,7.575,7.1771,6.2785,8.0465,8.4654,6.393,7.071,6.3004,5.879,6.2243,6.3721
 ENSMUSG00000022346,10.0763,10.082,9.9052,10.1381,11.1675,12.2358,10.5974,10.0559,9.8274,9.8639,11.579,11.3087
 ENSMUSG00000064326,7.8448,7.4589,7.7163,7.5209,8.8589,8.6868,9.5744,9.5652,7.7005,7.6971,9.0771,8.8662
 ENSMUSG00000038759,11.7511,11.5954,11.6933,11.5608,12.4092,12.4769,13.0542,12.9655,11.7279,11.8056,13.8858,13.445
 ENSMUSG00000062933,12.6161,12.2473,12.483,12.0152,13.2976,13.1942,13.3317,14.0056,12.0389,12.2025,14.3921,13.6597
 ENSMUSG00000030942,10.4774,10.2684,10.3267,10.2368,11.1742,11.2193,11.5143,11.6656,10.2531,10.4361,12.4586,12.2169
 ENSMUSG00000061479,9.9938,9.7778,9.8452,9.6766,10.662,10.7343,11.0089,11.2198,9.5334,9.773,11.9199,11.4472
 ENSMUSG00000021079,8.1669,8.1043,8.0449,7.9036,8.5536,8.726,9.3725,8.9992,8.1814,8.0423,10.3913,9.8299
 ENSMUSG00000027996,3.5148,3.9337,3.4387,3.3992,5.0694,5.8006,4.113,4.4196,3.8312,2.9238,3.4793,3.5861
 ENSMUSG00000068184,6.8258,6.8105,6.6801,6.7179,8.0391,7.8719,8.0322,8.2958,6.3428,6.6995,8.4459,8.3515
 ENSMUSG00000039640,9.8192,9.2706,9.4309,9.6883,10.9569,10.7893,10.7985,10.7885,9.478,9.6666,11.2025,11.5704
 ENSMUSG00000021136,4.5683,5.4877,4.1542,4.9842,6.2499,5.4635,6.7647,5.596,5.6117,5.4169,5.8443,6.8829
 ENSMUSG00000023988,9.4217,9.2903,9.4632,9.5462,10.3018,10.5188,10.3226,10.506,9.394,9.5298,11.6756,11.329
 ENSMUSG00000025357,12.3992,12.7236,12.4913,12.605,12.0523,12.251,11.3879,11.6341,12.7825,12.5817,10.25,10.9068
 ENSMUSG00000001555,4.4774,4.6606,4.1542,4.8122,6.0577,6.03,6.345,6.507,4.5604,5.0704,4.9243,5.5387
 ENSMUSG00000089694,3.7539,5.6335,4.1542,4.3724,5.6507,5.8496,5.1443,5.8448,4.1875,3.886,5.5539,4.8392
 ENSMUSG00000047517,2.9238,3.3828,3.6483,3.3992,4.7228,5.9427,4.113,4.203,3.5706,3.4115,3.4793,3.7315
 ENSMUSG00000020524,2.9238,2.9238,2.9238,2.9238,4.6402,5.3297,2.9238,3.5108,2.9238,3.4115,2.9238,2.9238
 ENSMUSG00000062661,4.6112,5.1049,4.2466,4.7653,5.5271,5.987,5.6284,5.6718,4.7551,4.8076,6.8152,6.5717
 ENSMUSG00000092072,4.8056,4.882,5.6774,5.9259,5.438,5.0135,2.9238,4.6008,5.8283,4.9887,4.5181,4.5962
 ENSMUSG00000038900,11.106,11.0505,11.201,10.8944,12.021,12.1069,12.6624,12.6428,11.0551,11.1572,13.0453,12.6477
 ENSMUSG00000027452,11.6708,11.7957,11.7228,12.0256,10.2566,10.3112,10.3545,10.3779,11.8914,12.0215,10.2728,10.4436
 ENSMUSG00000095562,8.1734,9.3273,9.7002,8.2096,9.1956,9.2851,9.9535,10.5894,8.6002,8.5092,10.2926,9.7841
 ENSMUSG00000058670,7.5185,7.8323,7.8385,8.2217,9.5403,10.181,8.0247,8.3974,8.3034,7.9379,7.51,7.9896
 ENSMUSG00000082653,7.5734,7.8175,7.612,8.2692,6.5703,6.7955,6.8529,6.7149,8.321,8.1033,6.1087,6.1729
 ENSMUSG00000070323,5.649,5.0348,6.721,4.8574,6.2754,5.5257,4.9565,3.9271,4.9232,5.2549,4.1375,4.6993
 ENSMUSG00000078881,4.3786,2.9238,2.9238,3.5932,4.2344,4.4604,5.455,5.0227,4.1103,3.7608,4.596,5.0425
 ENSMUSG00000078789,9.3291,9.1868,9.2666,9.2239,10.0293,10.2896,10.6534,10.641,9.1791,9.0035,11.2713,10.8283
 ENSMUSG00000016554,11.6382,11.4746,11.538,11.3669,12.4039,12.4459,12.7061,12.8496,11.52,11.6044,13.7182,13.2785
 ENSMUSG00000043424,9.5327,9.276,9.5123,9.4153,10.3967,10.5789,10.6583,10.8878,9.3956,9.3824,11.6035,10.9437
 ENSMUSG00000024493,11.1337,11.093,11.1273,11.0975,11.87,12.011,12.537,12.4828,11.1853,11.2596,13.2057,13.0019
 ENSMUSG00000109324,10.2982,10.2584,10.3035,10.5243,11.7454,11.7962,11.8527,11.9047,10.3819,10.4941,12.055,12.001
 ENSMUSG00000024132,9.0834,9.0246,8.99,8.909,10.1853,10.1405,10.7819,10.8264,9.1616,9.1307,10.8026,10.3612
 ENSMUSG00000045983,13.3171,13.2738,13.2106,13.3073,14.5093,14.5816,14.6446,14.7382,13.1348,13.2459,15.1511,14.8447
 ENSMUSG00000082865,4.2113,4.4484,4.2466,4.1501,5.3911,6.7195,4.4672,4.4196,4.2593,3.7608,3.8746,4.3579
 ENSMUSG00000043800,3.5148,3.5702,3.4387,3.3992,4.2344,4.5931,5.2014,5.3398,3.9343,3.7608,2.9238,2.9238
 ENSMUSG00000030127,9.8447,9.7207,9.7221,9.6589,10.6416,10.6349,11.1013,11.1996,9.7307,9.9027,11.8566,11.4976
 ENSMUSG00000022821,3.3431,3.5702,3.8066,3.3992,4.873,5.6971,4.7362,4.3167,3.9343,3.4115,5.1847,4.8825
 ENSMUSG00000095442,8.9315,8.652,7.6405,7.2946,9.5246,8.8135,7.2136,8.102,7.4221,7.5155,7.7429,7.0873
 ENSMUSG00000018583,12.6224,12.5184,12.5381,12.4935,13.3815,13.4118,13.8012,13.8245,12.4803,12.6017,14.6972,14.3511
 ENSMUSG00000031452,4.6927,4.922,4.5528,5.2055,6.707,7.1823,6.1628,5.8119,5.0716,5.4471,5.7848,5.4024
 ENSMUSG00000090634,3.3431,3.3828,3.4387,3.3992,4.7228,5.5257,2.9238,3.7484,2.9238,2.9238,3.4793,2.9238
 ENSMUSG00000044757,4.6927,4.3887,3.8066,4.8122,4.5515,4.821,3.9606,2.9238,5.2967,5.2549,5.8443,5.3438
 ENSMUSG00000079707,5.7409,5.4877,6.0463,6.1307,7.1377,6.8677,7.9707,7.6032,5.5395,6.4314,6.6441,6.9512
 ENSMUSG00000038298,3.8488,4.611,4.0523,3.74,5.7641,5.7498,5.3087,4.7579,4.0265,4.092,5.9013,4.9245
 ENSMUSG00000074497,12.1548,12.6492,12.3296,13.0538,11.9103,12.1579,11.8468,11.91,12.7005,12.642,10.6329,10.4215
 ENSMUSG00000058260,5.776,6.1636,5.6774,6.3982,7.6042,8.3277,6.6113,6.1373,6.0503,6.4165,5.7848,5.9214
 ENSMUSG00000080902,6.7668,6.8205,6.3556,5.9458,7.7642,7.9513,7.2003,8.4298,6.0157,6.6995,7.6144,7.693
 ENSMUSG00000026811,7.4824,7.6212,7.3255,7.6758,8.6386,9.0168,8.8655,8.9591,7.6788,7.5631,9.5545,9.083
 ENSMUSG00000094054,4.3786,4.3887,4.7387,4.8574,4.9419,4.821,2.9238,3.7484,4.3896,2.9238,2.9238,3.5861
 ENSMUSG00000031503,7.0039,7.1554,7.568,6.7959,8.0755,8.185,7.8564,6.8807,7.7113,8.1486,5.5175,8.1799
 ENSMUSG00000092093,2.9238,2.9238,2.9238,2.9238,4.1036,4.4604,5.1443,4.5137,3.5706,3.6103,2.9238,2.9238
 ENSMUSG00000095704,5.9081,5.6335,6.3556,6.586,4.3505,4.1352,5.7076,5.2423,6.2269,6.5583,5.5894,6.1227
 ENSMUSG00000060548,6.3391,6.014,6.4398,6.9597,6.8486,6.6665,7.3285,7.6032,6.7717,7.2995,8.825,8.122
 ENSMUSG00000045967,2.9238,2.9238,2.9238,2.9238,4.4554,5.181,2.9238,4.203,2.9238,2.9238,2.9238,2.9238
 ENSMUSG00000004837,12.4571,12.4174,12.3757,12.303,13.613,13.5549,13.9131,13.991,12.5625,12.4797,14.3131,14.0342
 ENSMUSG00000105977,2.9238,2.9238,2.9238,2.9238,2.9238,2.9238,2.9238,5.6718,2.9238,2.9238,2.9238,2.9238
 ENSMUSG00000001774,10.8211,10.7217,10.8037,10.6852,10.9714,10.9701,11.2273,11.1069,10.7085,10.6571,13.5017,11.6537
 ENSMUSG00000093896,10.0458,9.8987,9.6021,8.1559,10.3261,9.2226,8.519,9.0555,8.445,8.371,8.7041,7.9426
 ENSMUSG00000019429,4.9736,5.1049,5.0431,5.4242,6.7437,7.1246,6.1062,6.4447,4.9232,4.9458,6.2894,6.1893
 ENSMUSG00000048126,5.6105,6.3271,5.5289,5.2055,6.65,6.9804,6.393,5.877,6.9183,5.6154,4.9807,7.5622
 ENSMUSG00000020537,9.8896,9.8043,9.8421,9.8215,10.6585,10.755,11.4796,11.3917,9.9319,9.9723,11.8981,11.4023
 ENSMUSG00000095514,6.4181,5.8267,6.2094,6.7179,4.7228,5.181,5.6686,6.0558,6.7614,6.7237,7.519,6.9795
 ENSMUSG00000068452,3.3431,2.9238,2.9238,2.9238,5.0694,4.821,2.9238,3.9271,2.9238,2.9238,2.9238,2.9238
 ENSMUSG00000032301,11.2745,10.9388,11.3066,10.7674,11.9828,11.9168,12.1755,12.2133,11.0339,11.1416,13.2606,12.8493
 ENSMUSG00000026399,14.1369,14.2872,14.0475,14.2266,13.8189,13.8096,13.9735,14.1759,14.451,14.5691,11.9539,12.4911
 ENSMUSG00000083856,3.8488,3.8306,3.9381,3.8623,5.24,5.5853,5.2014,5.8119,3.8312,3.6103,4.1375,4.2895
 ENSMUSG00000085547,2.9238,2.9238,2.9238,2.9238,3.9523,5.3982,4.2447,4.6008,3.5706,3.4115,4.2461,3.9579
 ENSMUSG00000092048,4.0826,3.8306,2.9238,4.1501,4.5515,5.8496,3.9606,3.7484,3.7128,4.092,5.1847,5.1157
 ENSMUSG00000041347,4.6112,4.754,4.0523,4.8122,5.6107,6.6114,5.8184,5.6344,4.3264,4.4735,5.9561,5.732
 ENSMUSG00000039349,5.3053,6.2403,6.4067,6.0038,7.2311,8.0473,6.6901,6.5272,5.8482,6.2423,5.0867,6.3137
 ENSMUSG00000021384,10.1585,10.1206,10.2708,10.2198,8.7686,8.4959,8.5922,9.0417,10.4737,10.5398,9.2079,8.9349
 ENSMUSG00000007659,8.5467,8.2138,8.138,9.0672,9.4547,9.723,10.3364,10.1815,8.0816,9.7759,9.4001,9.5504
 ENSMUSG00000074342,10.6339,10.4677,10.4528,9.9139,8.9399,9.0273,8.6225,8.3643,10.0527,9.6047,8.6843,9.4733
 ENSMUSG00000024844,9.3929,8.9107,9.1324,9.5187,10.5529,10.4366,10.6163,10.6796,8.7992,9.1216,10.6757,10.7086
 ENSMUSG00000079652,4.3257,4.3887,4.3315,4.1501,5.5271,6.1898,6.1628,5.596,4.3264,4.3368,5.276,5.7092
 ENSMUSG00000081967,2.9238,3.8306,2.9238,4.0637,2.9238,4.5931,2.9238,5.2423,2.9238,2.9238,4.0154,3.5861
 ENSMUSG00000045350,2.9238,2.9238,3.4387,2.9238,4.6402,5.3297,3.7763,4.203,2.9238,2.9238,3.4793,3.8525
 ENSMUSG00000040035,5.776,6.1317,5.9799,6.3246,7.5942,8.1373,5.9536,5.8119,6.3288,6.2756,5.3194,6.0347
 ENSMUSG00000020877,7.7699,7.7094,7.7028,7.6699,8.4851,8.267,9.1891,9.2582,8.0052,8.1033,10.0018,9.2922
 ENSMUSG00000038975,10.1188,10.0101,10.1053,9.9961,10.9481,11.0661,11.5184,11.4434,9.9936,10.1529,12.0852,11.7478
 ENSMUSG00000084955,2.9238,2.9238,2.9238,2.9238,4.4554,5.3297,2.9238,2.9238,2.9238,2.9238,2.9238,2.9238
 ENSMUSG00000082935,4.5237,4.8408,4.7948,5.5081,6.1976,6.4322,6.8006,6.4658,5.1062,4.9014,6.1326,6.0706
 ENSMUSG00000020766,8.6523,8.3638,8.6081,8.4856,8.6627,8.6259,9.2679,9.279,8.7455,9.006,10.7319,10.5825
 ENSMUSG00000095571,11.3061,10.6373,10.0585,9.0333,10.2455,11.1585,9.3088,9.6659,9.2247,9.403,9.3456,9.26
 ENSMUSG00000044006,4.149,3.5702,3.4387,4.0637,4.873,5.4635,5.2014,5.4739,3.7128,3.4115,4.8032,4.9245
 ENSMUSG00000099764,5.1499,4.3887,4.7948,4.1501,2.9238,4.5931,2.9238,5.0227,4.1103,5.4471,4.6691,4.3579
 ENSMUSG00000033752,5.7585,4.611,5.7053,5.2717,6.3728,6.6932,6.8699,6.8329,5.4892,5.3544,6.8585,6.8729
 ENSMUSG00000038725,7.1623,6.7176,6.2285,4.7165,5.1855,5.6971,5.7455,5.2423,4.6121,5.1842,5.1847,5.0425
 ENSMUSG00000081593,4.5237,4.1867,3.8066,4.4373,5.1855,5.987,4.7362,4.8295,4.1103,2.9238,4.1375,5.2825
 ENSMUSG00000106821,2.9238,2.9238,2.9238,2.9238,4.6402,5.181,2.9238,3.7484,2.9238,2.9238,2.9238,2.9238
 ENSMUSG00000068579,4.149,4.2584,2.9238,2.9238,5.0072,5.181,4.113,4.5137,4.5062,4.4735,5.276,5.1157
 ENSMUSG00000052751,8.2085,8.1483,8.0818,8.1727,9.2347,9.2587,9.8205,10.0524,8.1463,8.3595,9.8374,9.5331
 ENSMUSG00000010755,10.0546,10.0134,9.9096,9.9926,10.9915,11.1296,11.417,11.3697,9.9781,9.9885,11.9646,11.6591
 ENSMUSG00000063802,9.0416,8.9292,9.0708,9.0605,9.7413,9.5806,10.5284,10.6072,9.12,9.1464,11.1281,10.5641
 ENSMUSG00000036872,2.9238,2.9238,2.9238,2.9238,4.7228,5.2574,3.5309,3.5108,3.3831,2.9238,4.2461,3.7315
 ENSMUSG00000043487,5.8436,6.0487,5.4972,5.7327,6.7437,7.0646,7.3886,7.4326,5.7025,4.9887,6.7087,6.534
 ENSMUSG00000054662,3.8488,3.5702,4.0523,3.3992,4.873,5.6423,5.408,5.2423,3.7128,3.7608,3.8746,3.9579
 ENSMUSG00000082838,7.4074,8.042,8.3255,8.3778,7.948,8.1661,8.9594,10.3028,7.844,8.0755,8.0022,7.2814
 ENSMUSG00000032332,3.9338,4.0258,3.4387,3.9687,5.8,6.1898,4.3616,4.3167,4.6617,4.4073,4.596,4.965
 ENSMUSG00000054619,8.0835,8.0206,8.2017,7.9382,6.962,6.9585,6.8699,6.3342,7.743,7.9836,5.9827,6.482
 ENSMUSG00000095427,3.7539,2.9238,4.5528,5.3951,5.24,4.7123,3.9606,5.0811,4.6617,4.9014,5.7541,5.0044
 ENSMUSG00000101964,9.9754,10.467,10.2314,10.8,8.7552,8.5479,9.0513,9.1748,10.5711,10.4122,9.2517,9.231
 ENSMUSG00000102161,4.6927,2.9238,4.7948,3.9687,2.9238,4.5931,5.1443,3.5108,4.3264,4.4073,2.9238,3.9579
 ENSMUSG00000027074,9.0748,8.6408,8.9189,8.5638,10.1669,10.0636,10.4406,10.4254,8.5857,8.7336,9.9546,10.2009
 ENSMUSG00000001496,4.7691,4.754,4.7948,5.6125,6.1153,7.1441,5.0222,5.2423,4.9232,4.5362,4.596,4.4833
 ENSMUSG00000099418,4.0112,4.611,3.8066,4.0637,4.8002,5.987,5.0847,4.8972,4.2593,4.2614,5.9827,5.8404
 ENSMUSG00000004231,2.9238,2.9238,2.9238,3.3992,4.8002,5.181,3.5309,3.5108,2.9238,2.9238,2.9238,2.9238
 ENSMUSG00000074635,4.9417,5.1715,5.0431,5.3036,6.7618,7.3425,4.9565,5.8119,4.7993,5.5339,5.276,5.9792
 ENSMUSG00000094501,4.149,4.611,4.3315,4.2295,5.8,6.6665,4.113,4.4196,4.2593,4.092,4.5181,4.6488
 ENSMUSG00000015599,6.9892,7.5089,7.2157,7.3909,7.0526,7.9178,6.077,6.0835,7.0597,7.0355,5.3614,5.732
 ENSMUSG00000079025,2.9238,3.3828,2.9238,3.3992,4.7228,5.3982,4.113,3.5108,3.5706,2.9238,3.8746,4.4833
 ENSMUSG00000029777,10.82,10.6295,10.7621,10.7141,11.6071,11.5771,12.1151,12.1981,10.6896,10.7649,12.7925,12.33
 ENSMUSG00000008373,10.6846,10.5786,10.6897,10.4602,11.604,11.6663,11.8269,12.002,10.6294,10.8398,12.635,12.4546
 ENSMUSG00000055333,2.9238,3.3828,3.4387,3.5932,5.0694,5.4635,3.5309,4.203,3.5706,3.6103,2.9238,3.3941
 ENSMUSG00000018565,9.355,9.3045,9.3554,9.403,10.2661,10.2498,10.7763,10.8584,9.3328,9.5535,11.3584,11.0703
 ENSMUSG00000079224,6.7495,6.5597,7.0226,6.9304,6.224,5.2574,7.4119,7.8464,7.1093,6.9146,8.3178,7.4184
 ENSMUSG00000021643,4.9417,5.1049,4.9,4.1501,5.9665,5.6423,5.6284,5.6344,5.1062,4.8076,6.9279,6.5717
 ENSMUSG00000052131,7.054,7.1156,7.4599,7.0623,7.165,6.1898,6.1348,6.2144,6.9367,6.5447,4.738,5.6387
 ENSMUSG00000006728,11.1073,10.87,10.9926,10.7852,11.4179,11.3336,11.9162,11.9124,10.9362,11.0445,13.1779,12.7959
 ENSMUSG00000042414,2.9238,2.9238,2.9238,2.9238,4.4554,5.181,3.5309,3.7484,2.9238,2.9238,4.2461,4.1376
 ENSMUSG00000026019,10.9368,10.9814,10.9224,11.0581,11.8497,12.1032,12.4151,12.2832,10.8922,10.9946,12.9906,12.5616
 ENSMUSG00000093701,2.9238,4.3887,2.9238,4.4373,3.9523,4.4604,2.9238,5.0811,4.0265,2.9238,2.9238,3.8525
 ENSMUSG00000082791,3.3431,3.3828,2.9238,3.3992,3.7693,5.5853,3.7763,4.4196,2.9238,3.4115,3.4793,4.6993
 ENSMUSG00000031376,3.7539,4.1867,3.8066,3.9687,5.1287,5.987,3.7763,2.9238,3.8312,3.6103,4.2461,3.9579
 ENSMUSG00000024399,13.298,13.1291,13.2858,12.8852,11.845,11.578,11.7559,12.2249,13.4104,13.4622,13.7984,13.4936
 ENSMUSG00000003420,10.6144,10.6781,10.6499,10.5349,9.5455,8.9355,9.315,8.9554,10.5194,10.4792,8.7353,9.3935
 ENSMUSG00000101262,4.149,4.5052,4.9,3.3992,4.8002,4.7123,4.5639,4.8295,4.3896,4.4073,6.7856,4.8825
 ENSMUSG00000075270,5.3534,5.4355,5.7327,5.5349,7.3898,7.7504,6.1348,6.0558,5.7457,5.4169,5.5175,5.9409
 ENSMUSG00000033768,6.3274,6.8978,6.4722,7.4811,8.0019,8.0473,7.89,7.9242,7.0342,7.1199,5.8149,6.1893
 ENSMUSG00000059058,4.5683,4.611,4.0523,4.6126,5.3911,5.8006,5.3087,7.1509,5.2049,5.0302,5.2311,5.3438
 ENSMUSG00000021867,6.4613,6.3822,6.4234,5.9259,5.8349,5.2574,6.1628,6.7149,7.8144,7.7213,6.8866,7.4456
 ENSMUSG00000072676,6.4613,6.3822,6.4234,5.9259,5.8349,5.2574,6.1628,6.7149,7.8144,7.7213,6.8866,7.4456
 ENSMUSG00000024309,9.0592,9.0246,8.9732,8.9844,9.7967,9.6937,10.3409,10.4052,9.0998,9.1171,11.1464,10.7267
 ENSMUSG00000030717,6.1266,6.3822,6.638,6.3545,7.7819,8.016,6.0167,5.7782,6.4627,6.2423,5.1847,6.482
 ENSMUSG00000026586,6.1533,6.7068,6.0889,7.124,8.1659,8.7,7.0143,6.8002,6.909,6.3556,6.4306,7.0254
 ENSMUSG00000066902,3.9338,4.1867,2.9238,4.4373,2.9238,5.0999,2.9238,2.9238,3.8312,4.8076,4.2461,4.2163
 ENSMUSG00000086962,5.7409,5.6103,5.4314,6.0777,6.5287,7.6587,5.9855,6.0558,5.4633,5.6924,7.3066,7.289
 ENSMUSG00000020471,9.2333,8.9061,8.8163,8.7866,9.5455,9.6054,9.7145,9.8583,8.8142,9.0207,11.1651,10.7636
 ENSMUSG00000009292,10.8226,10.9631,11.0779,10.9842,11.9307,11.84,12.0419,12.1374,10.3786,10.1328,9.885,10.4403
 ENSMUSG00000024829,8.9986,8.8466,9.0038,8.6912,9.6503,9.6158,10.1705,10.2003,8.8535,8.8367,10.9976,10.5031
 ENSMUSG00000073130,3.5148,3.7122,4.0523,3.3992,5.0694,5.3297,4.9565,3.9271,3.3831,3.4115,4.9807,5.0425
 ENSMUSG00000070837,2.9238,2.9238,3.6483,4.2295,2.9238,5.181,4.3616,4.3167,3.7128,3.6103,4.8652,4.6488
 ENSMUSG00000068699,2.9238,3.3828,2.9238,2.9238,5.3911,4.7123,3.7763,3.9271,4.0265,3.4115,2.9238,3.5861
 ENSMUSG00000022817,9.8407,9.9605,10.242,10.002,9.0966,8.442,8.5613,8.4083,9.6084,9.6682,8.0464,8.4387
 ENSMUSG00000023031,7.5635,7.3533,8.3816,8.1851,7.3187,7.3255,7.4797,6.8962,7.64,7.7509,5.3614,6.7135
 ENSMUSG00000021583,11.7931,11.6041,11.6984,11.5033,12.2899,12.2721,12.8801,12.8151,11.6047,11.7328,13.8764,13.3013
 ENSMUSG00000050248,4.6112,4.5593,4.4837,4.0637,5.9023,6.4945,5.1443,5.0227,4.7093,3.6103,4.4346,5.1157
 ENSMUSG00000044377,3.8488,2.9238,2.9238,3.5932,2.9238,2.9238,3.7763,5.5565,2.9238,2.9238,3.8746,3.7315
 ENSMUSG00000025482,4.3257,4.754,4.4837,4.2295,5.8,6.2634,5.6686,4.9615,4.0265,4.4735,6.1561,5.0044
 ENSMUSG00000013974,7.0398,6.1636,6.55,6.2309,7.8338,8.1661,8.0472,7.9089,6.3839,6.8279,7.6801,7.9616
 ENSMUSG00000062309,3.5148,3.5702,3.4387,3.3992,4.4554,3.9222,4.2447,3.9271,2.9238,3.4115,5.276,5.4585
 ENSMUSG00000054161,5.2038,5.2035,5.0875,5.5613,5.8,6.1515,6.7464,6.2392,4.8833,5.3221,7.106,6.9795
 ENSMUSG00000026303,6.3848,6.4352,6.3204,7.2479,7.9867,8.6465,6.9033,6.6793,6.2568,6.4606,6.0345,6.5841
 ENSMUSG00000041774,7.9083,7.8994,7.875,8.1432,8.9478,9.0273,9.2092,9.178,8.0397,7.9584,9.9808,9.7436
 ENSMUSG00000034321,9.0557,8.9406,8.99,9.0538,9.814,10.0248,10.1975,10.0645,9.0584,9.2392,11.103,10.9673
 ENSMUSG00000093384,5.776,5.0348,5.3972,4.3724,6.5075,6.6932,5.2014,7.1115,5.2362,5.879,5.6239,6.1396
 ENSMUSG00000028464,5.3053,4.922,4.9972,4.8122,6.2754,6.7706,6.6314,4.7579,5.4892,5.5888,4.738,6.4553
 ENSMUSG00000027364,8.5417,8.4527,8.6331,8.6349,9.0091,8.8013,9.9009,9.8222,8.5533,8.6097,10.6121,10.2739
 ENSMUSG00000040809,8.4594,7.1396,6.9896,5.7327,6.6882,6.9804,7.5445,6.849,5.635,7.0736,6.1087,7.0699
 ENSMUSG00000051985,3.8488,3.8306,3.9381,3.5932,5.24,6.0717,4.113,4.5137,3.3831,4.2614,3.4793,4.2895
 ENSMUSG00000051314,9.4828,9.181,9.2983,8.2015,8.1249,7.9178,7.3285,7.4849,8.4482,7.7742,7.3375,7.5434
 ENSMUSG00000010136,5.8763,5.8663,6.7737,6.763,4.4554,5.5853,4.9565,5.2423,6.8023,6.1908,5.276,5.1508
 ENSMUSG00000000916,9.1538,9.1479,9.1096,9.2199,9.7836,9.9329,10.2726,10.26,9.3171,9.2096,11.4387,10.8976
 ENSMUSG00000079884,8.5216,8.28,8.3731,8.4344,7.3898,8.598,9.4839,9.4144,8.162,8.3557,10.0979,9.6962
 ENSMUSG00000026011,6.0575,6.014,5.8115,5.239,7.3898,7.8719,6.4844,6.6793,5.998,5.3544,5.9561,5.8611
 ENSMUSG00000029074,4.149,4.1096,3.6483,3.8623,5.2923,5.9427,5.1443,5.386,3.8312,3.9948,3.8746,4.052
 ENSMUSG00000018677,9.7244,9.5162,9.5353,9.9616,10.3981,10.2431,10.7639,10.9916,9.2415,10.5381,11.6584,11.3984
 ENSMUSG00000063229,12.0347,11.7897,12.1068,11.8843,12.5326,12.3134,12.7387,12.6559,11.904,11.9077,14.2125,13.7471
 ENSMUSG00000033219,2.9238,2.9238,3.4387,2.9238,4.7228,5.0999,2.9238,3.7484,2.9238,2.9238,2.9238,2.9238
 ENSMUSG00000099998,5.6299,5.6563,4.1542,5.3653,6.0577,5.8006,6.8183,6.3794,5.1728,5.5888,6.9279,6.4952
 ENSMUSG00000031845,4.5683,5.1386,4.9,5.3348,6.6107,6.9804,5.8877,5.1907,4.9232,5.1095,4.5181,5.8611
 ENSMUSG00000026883,8.3408,8.3295,8.4993,8.773,9.3309,9.0532,9.7628,9.9779,8.5413,8.5435,7.1646,7.9569
 ENSMUSG00000021439,3.8488,3.9337,3.8066,4.4373,4.873,5.8006,3.5309,4.3167,3.3831,3.4115,3.7047,2.9238
 ENSMUSG00000057969,4.5683,4.7082,4.8485,5.0995,5.8,6.3671,5.6284,5.0811,4.7551,4.6522,6.6275,6.5212
 ENSMUSG00000020430,11.2154,11.0169,11.1386,11.0626,11.9771,11.983,12.2338,12.3438,11.164,11.3582,13.2468,12.9707
 ENSMUSG00000057914,5.7585,5.701,5.5289,6.0956,7.023,7.8602,7.0742,6.5668,5.5881,5.8347,6.8004,7.2117
 ENSMUSG00000025795,11.0692,11.158,11.0193,11.4248,9.8585,9.6904,9.7027,10.0662,11.1532,11.2632,9.5011,9.6132
 ENSMUSG00000066113,3.3431,3.3828,3.4387,3.3992,5.0072,5.4635,3.5309,3.7484,3.3831,2.9238,2.9238,3.7315
 ENSMUSG00000095300,2.9238,2.9238,2.9238,2.9238,4.3505,5.3297,2.9238,3.5108,2.9238,2.9238,2.9238,2.9238
 ENSMUSG00000075023,2.9238,2.9238,3.4387,3.3992,4.2344,5.181,4.5639,4.5137,2.9238,3.4115,2.9238,3.5861
 ENSMUSG00000096617,4.3786,2.9238,4.2466,4.7165,4.2344,2.9238,2.9238,5.0227,4.1875,5.0302,4.3444,4.4223
 ENSMUSG00000043102,7.1623,7.3046,7.1173,7.6875,5.7641,6.3334,6.1348,6.0835,7.5827,7.7858,5.7541,6.1893
 ENSMUSG00000003476,2.9238,2.9238,2.9238,2.9238,4.6402,5.181,3.5309,3.5108,2.9238,2.9238,2.9238,2.9238
 ENSMUSG00000078652,11.4223,11.2933,11.3761,11.4745,12.2685,12.2923,12.5758,12.5286,11.2565,11.7395,13.5419,13.1552
 ENSMUSG00000059657,5.2299,4.1867,4.8485,3.3992,5.3426,5.6971,4.2447,4.203,3.5706,3.9948,3.4793,3.8525
 ENSMUSG00000073906,3.8488,3.3828,3.6483,3.5932,5.1287,5.4635,4.3616,4.9615,3.5706,2.9238,4.2461,4.3579
 ENSMUSG00000054723,8.6243,8.3672,8.5377,8.4551,9.4042,9.3197,9.9712,10.2343,8.5079,8.6884,7.8031,7.8284
 ENSMUSG00000063317,10.0909,10.1844,10.1269,10.1455,10.8256,10.8847,11.353,11.2221,10.264,10.2618,12.4986,11.6864
 ENSMUSG00000020053,10.2945,10.1573,10.7613,10.6684,9.8606,9.3986,9.7308,9.5233,10.0496,9.8814,7.8679,9.161
 ENSMUSG00000022659,7.8244,6.8005,7.6047,6.4817,7.1377,6.9138,5.455,5.877,6.4627,6.3556,5.3194,6.4553
 ENSMUSG00000040078,8.7808,8.6958,8.8411,8.4517,9.1176,9.1524,9.1756,9.8059,8.3384,8.3975,10.9183,10.0363
 ENSMUSG00000078532,3.3431,3.7122,3.6483,2.9238,4.5515,4.821,4.4672,4.203,3.5706,3.6103,5.5539,4.9245
 ENSMUSG00000099591,4.4774,4.754,4.3315,4.1501,6.224,6.3671,5.5005,5.7082,4.962,4.2614,4.4346,5.0796
 ENSMUSG00000057130,8.6172,8.5242,8.6957,8.5732,9.3219,9.4385,9.4673,9.7914,8.5503,8.6914,10.9081,10.1819
 ENSMUSG00000030144,6.3848,5.4877,5.4647,5.0622,6.4859,7.3758,6.7091,5.5565,4.7551,5.2549,5.5175,5.5125
 ENSMUSG00000048483,3.7539,4.3887,3.4387,3.9687,5.4832,5.8496,3.9606,3.7484,4.0265,3.6103,4.8652,4.7943
 ENSMUSG00000078627,2.9238,2.9238,2.9238,2.9238,4.8002,5.0999,3.5309,2.9238,3.5706,3.4115,2.9238,2.9238
 ENSMUSG00000001348,11.8235,11.7116,11.7968,11.8104,10.833,10.6019,10.3257,10.2434,11.4759,11.6795,9.8374,10.1283
 ENSMUSG00000032265,10.6629,10.695,10.7515,11.0587,9.5532,9.4385,9.4449,9.3054,10.6991,11.0635,9.2863,9.2504
 ENSMUSG00000045886,6.4071,5.9604,6.7994,6.9105,6.224,6.3671,7.3285,6.8329,6.1007,6.6623,7.6881,4.6488
 ENSMUSG00000022009,9.6921,9.5876,9.6694,9.5089,10.4166,10.5628,10.8356,10.6547,9.6987,9.8365,11.8343,11.3623
 ENSMUSG00000034145,3.3431,3.3828,4.0523,3.5932,5.1287,5.8969,3.9606,3.9271,3.7128,3.886,3.7047,4.7477
 ENSMUSG00000093867,5.4224,5.3245,4.9972,5.3036,6.8317,7.5316,6.1628,5.7436,5.1399,5.6924,6.202,6.5212
 ENSMUSG00000096045,2.9238,2.9238,2.9238,2.9238,3.9523,5.4635,2.9238,2.9238,2.9238,2.9238,2.9238,2.9238
 ENSMUSG00000037138,12.8498,12.9617,12.8511,13.3279,11.9203,12.2403,11.5522,11.7421,13.2086,13.3141,11.4333,11.3884
 ENSMUSG00000052212,7.3741,6.1155,5.9102,4.9433,5.7273,6.5542,6.1348,5.7782,4.8833,5.0302,4.8032,5.9214
 ENSMUSG00000067722,9.288,9.1538,9.2803,9.175,9.9237,9.9385,10.6436,10.5762,9.2266,9.3125,11.2812,10.836
 ENSMUSG00000053289,10.9472,10.9279,10.8849,10.933,12.0136,12.2604,12.1776,12.2148,10.9823,11.0276,12.8042,12.6724
 ENSMUSG00000025701,5.9848,4.922,5.2513,5.0622,6.6305,6.5247,6.077,5.4307,4.6121,5.0302,4.1375,5.0425
 ENSMUSG00000085513,4.6527,3.3828,4.4102,3.9687,2.9238,2.9238,4.5639,4.8295,4.0265,4.8554,5.276,4.4223
 ENSMUSG00000083771,4.2113,4.754,4.7387,4.6657,6.0279,6.03,5.7455,5.9084,4.5604,4.9014,4.0154,4.052
 ENSMUSG00000044678,6.6317,6.6632,7.5303,6.3692,6.4191,7.5895,6.5703,6.4015,4.7093,5.9637,7.2857,6.6678
 ENSMUSG00000058625,4.2113,4.3255,4.2466,4.0637,4.5515,4.5931,2.9238,6.311,4.4494,4.092,4.6691,4.8392
 ENSMUSG00000057163,3.3431,2.9238,3.8066,3.8623,3.7693,5.6423,4.3616,4.075,3.7128,2.9238,2.9238,3.3941
 ENSMUSG00000002068,9.1005,9.1538,8.9563,9.1435,7.6141,7.5895,7.5758,8.0405,8.9719,9.2245,7.8031,7.3765
 ENSMUSG00000040136,3.5148,3.5702,3.8066,3.3992,5.0694,5.2574,4.3616,4.5137,3.5706,3.6103,2.9238,2.9238
 ENSMUSG00000044824,2.9238,2.9238,3.4387,3.74,4.7228,5.3297,4.3616,4.4196,3.5706,2.9238,3.7047,3.9579
 ENSMUSG00000031976,10.0563,10.0963,10.1028,10.2934,10.8149,10.9246,11.2517,11.1752,10.23,10.3044,12.2662,12.0361
 ENSMUSG00000109032,5.649,5.3245,4.9,5.239,6.4859,6.9804,6.8867,6.8807,5.1062,5.2889,5.9827,6.2372
 ENSMUSG00000050035,5.6865,5.6788,5.2893,5.3951,6.3962,6.6392,7.4234,7.3783,5.1062,5.7172,6.1326,6.0881
 ENSMUSG00000072672,2.9238,2.9238,3.4387,2.9238,3.5259,5.0135,2.9238,2.9238,4.962,3.7608,4.0154,3.3941
 ENSMUSG00000064246,6.6598,5.7227,5.6774,4.7653,5.8,6.5831,5.9855,5.1371,4.5604,4.4735,4.596,5.1849
 ENSMUSG00000021130,3.6451,3.5702,3.4387,3.74,5.24,5.6423,4.4672,4.203,3.5706,3.6103,4.6691,5.0425
 ENSMUSG00000038570,5.6299,5.8066,5.3622,5.2055,6.5703,7.0019,6.7464,7.0292,5.3825,5.5339,7.2428,6.7022
 ENSMUSG00000087642,4.7691,5.1049,5.4314,3.74,4.873,4.7123,4.113,2.9238,3.7128,3.4115,3.7047,3.9579
 ENSMUSG00000040249,12.2635,12.6504,12.7963,13.2056,13.3329,12.6507,12.192,11.8501,12.1933,12.1626,10.4871,11.6111
 ENSMUSG00000091058,7.299,6.0487,6.3728,5.5081,7.5222,7.3758,7.0295,7.9166,5.998,7.0451,7.7429,7.1714
 ENSMUSG00000091311,2.9238,3.3828,2.9238,2.9238,4.4554,5.0999,4.2447,4.075,2.9238,2.9238,2.9238,3.3941
 ENSMUSG00000041052,6.0716,6.2698,6.1504,5.8644,7.7372,8.2311,6.3692,6.4658,6.7717,6.1908,5.5539,6.534
 ENSMUSG00000079138,5.7932,5.8856,5.3972,6.1649,6.7437,7.0019,7.1032,7.1115,5.8678,5.7654,5.1366,4.9245
 ENSMUSG00000036305,10.0074,9.9173,10.2821,10.1231,10.6428,10.6228,11.9848,12.0961,9.9781,10.1112,11.2539,10.7724
 ENSMUSG00000067194,10.385,10.194,10.3721,10.2198,10.8256,10.7003,11.334,11.1902,10.348,10.4641,12.56,12.0333
 ENSMUSG00000055053,8.8018,9.126,8.9072,9.7439,10.2279,10.2112,10.4047,10.4133,9.124,9.1794,8.1828,8.6405
 ENSMUSG00000091123,2.9238,2.9238,2.9238,2.9238,2.9238,2.9238,2.9238,5.5565,2.9238,2.9238,2.9238,2.9238
 ENSMUSG00000025962,9.731,9.675,9.7403,9.5236,10.1886,10.2676,10.8926,10.7707,9.8051,9.726,11.8602,11.3619
 ENSMUSG00000018433,10.3383,10.3874,10.3157,10.3688,11.2721,11.3357,11.8366,11.7645,10.3878,10.4342,12.317,11.899
 ENSMUSG00000034401,9.2318,9.1791,9.1598,9.302,8.2382,8.1566,8.062,8.0544,9.492,9.54,7.3577,7.7757
 ENSMUSG00000049744,12.8203,13.0062,12.9984,13.0961,11.8476,12.0687,11.5489,11.408,13.2936,13.2033,11.6416,11.4898
 ENSMUSG00000026301,4.0112,4.1096,4.1542,3.8623,4.9419,6.0717,4.2447,3.9271,4.2593,3.7608,3.7047,2.9238
 ENSMUSG00000044424,6.2919,5.1049,6.5038,6.1817,6.0868,5.0135,5.5005,7.4432,6.5733,6.9146,7.0197,5.6861
 ENSMUSG00000057626,2.9238,2.9238,2.9238,2.9238,2.9238,2.9238,2.9238,2.9238,2.9238,2.9238,5.5539,2.9238
 ENSMUSG00000042766,5.6679,5.6335,5.9571,6.4681,4.7228,5.2574,4.4672,5.1371,6.1171,6.1006,4.5181,4.1376
 ENSMUSG00000079657,6.3391,6.1317,6.0024,6.3246,7.1099,7.0019,7.931,7.4432,6.2715,6.2082,7.6961,8.0749
 ENSMUSG00000027133,10.0952,9.8377,10.1206,9.578,10.3441,10.1112,11.1437,11.1641,9.8101,10.0374,12.0399,11.3124
 ENSMUSG00000105573,4.9417,4.922,4.8485,5.3653,6.4859,7.1823,5.2561,4.7579,5.0716,4.8076,4.9243,4.8825
 ENSMUSG00000073198,2.9238,2.9238,2.9238,2.9238,2.9238,5.4635,2.9238,2.9238,3.7128,3.7608,2.9238,2.9238
 ENSMUSG00000027639,13.948,14.0591,13.9714,14.272,12.8394,12.8016,12.6751,12.6155,14.1002,14.2132,12.5037,12.5395
 ENSMUSG00000049649,3.5148,3.3828,2.9238,4.1501,5.1855,5.5257,4.2447,3.5108,3.5706,3.7608,4.4346,4.2895
 ENSMUSG00000050014,5.4665,5.3245,5.8862,5.239,6.4859,6.6114,6.5703,7.0151,5.1062,5.1095,4.596,5.4858
 ENSMUSG00000091386,3.6451,4.5593,4.2466,4.1501,5.869,5.8969,5.0222,5.1907,3.8312,4.092,4.2461,4.052
 ENSMUSG00000041608,4.909,4.1867,3.9381,3.3992,5.1855,6.1898,5.2561,5.1371,4.1875,4.3368,4.9807,5.2825
 ENSMUSG00000058966,3.5148,3.3828,2.9238,3.3992,5.0072,5.3982,2.9238,3.7484,3.3831,3.7608,4.1375,4.052
 ENSMUSG00000052031,9.7244,9.6832,9.4928,9.5121,10.3185,10.4464,10.9662,10.9411,9.7464,9.9443,11.7779,11.218
 ENSMUSG00000110404,4.4774,4.3887,4.2466,4.2295,5.3911,5.3297,4.9565,5.1371,4.2593,4.2614,6.4685,6.0165
 ENSMUSG00000027350,3.3431,3.5702,3.8066,2.9238,4.7228,5.181,3.7763,3.7484,2.9238,2.9238,4.6691,4.2895
 ENSMUSG00000040856,3.6451,3.8306,3.4387,4.3033,5.6107,5.8969,3.9606,4.6008,4.1875,3.886,3.8746,4.5962
 ENSMUSG00000063412,8.7421,8.21,8.4026,8.367,9.1315,8.9956,9.7121,9.7768,8.5473,8.7157,10.395,10.2805
 ENSMUSG00000044533,14.6228,14.3022,14.5583,14.1746,15.4445,15.2464,15.8395,16.051,14.3876,14.4893,16.2805,15.7554
 ENSMUSG00000021474,10.4174,10.1296,10.3377,10.1156,10.7354,10.8077,11.2654,11.2646,10.1247,10.2974,12.3387,12.0342
 ENSMUSG00000018848,10.7395,10.5013,10.6349,10.5842,11.3461,11.4639,11.541,11.6143,10.3861,10.5997,12.6543,12.3797
 ENSMUSG00000024120,11.7077,11.7315,11.6619,11.8017,12.5423,12.6524,13.0197,12.9888,11.7908,11.8664,13.8004,13.423
 ENSMUSG00000041205,5.7585,5.7227,5.4314,5.9259,6.962,7.291,7.5445,7.4002,5.9801,5.7654,6.8726,6.6444
 ENSMUSG00000061525,3.5148,3.8306,2.9238,3.5932,4.7228,5.5257,2.9238,3.7484,3.5706,3.6103,2.9238,3.8525
 ENSMUSG00000041632,8.6243,8.478,8.2254,8.592,9.7,9.6297,9.8781,9.7494,8.5323,8.467,10.1624,10.2059
 ENSMUSG00000014602,6.0855,6.2101,6.55,6.3982,7.3782,7.3425,5.7455,5.6718,5.5881,4.9458,5.276,5.6144
 ENSMUSG00000042179,2.9238,2.9238,2.9238,2.9238,2.9238,5.5257,3.5309,2.9238,2.9238,2.9238,2.9238,2.9238
 ENSMUSG00000034543,11.0632,11.0766,11.005,11.2803,12.0668,12.4017,12.3853,12.3145,11.1819,11.2093,13.0899,12.7369
 ENSMUSG00000071347,4.0112,4.3255,3.8066,3.3992,5.0072,6.03,4.8873,4.5137,4.3264,3.6103,5.3614,4.4833
 ENSMUSG00000066189,4.27,4.1867,3.8066,4.3033,5.9665,6.4637,4.7362,4.8295,4.5604,4.4073,4.5181,4.7943
 ENSMUSG00000031802,9.2999,9.6654,9.4592,9.7784,8.2948,8.442,7.8307,7.9835,9.5867,9.4417,8.2383,8.0529
 ENSMUSG00000036551,5.3053,5.2348,4.618,5.3036,6.6305,7.3255,5.8184,5.7782,4.7093,5.4169,5.7848,5.7764
 ENSMUSG00000108370,4.8755,4.6606,5.0431,4.3724,6.0868,5.8969,5.3592,7.0292,4.7093,4.6522,5.1366,5.2183
 ENSMUSG00000044719,4.8056,4.1867,4.6798,4.8574,5.9023,6.3671,5.5005,5.0227,4.5062,4.8076,6.3517,6.0881
 ENSMUSG00000020691,9.9062,9.8916,9.8437,10.0332,10.8769,10.9062,11.1393,11.1728,9.9433,10.0009,11.9675,11.5662
 ENSMUSG00000037016,3.6451,3.9337,4.0523,3.74,5.3911,5.6423,4.3616,3.5108,4.3264,2.9238,4.0154,4.2163
 ENSMUSG00000049176,3.6451,2.9238,3.8066,3.5932,5.0072,5.4635,3.5309,3.5108,3.5706,2.9238,3.4793,3.3941
 ENSMUSG00000032118,3.6451,3.5702,3.6483,2.9238,4.5515,5.5853,4.2447,4.4196,2.9238,3.4115,3.4793,3.5861
 ENSMUSG00000043549,4.27,4.5593,3.6483,4.6657,5.7273,6.2634,4.8873,4.9615,4.1103,4.092,4.0154,4.2163
 ENSMUSG00000032113,7.7656,7.3805,7.568,7.4744,7.9867,8.1276,7.7136,7.5648,7.3823,7.3546,9.8481,8.9564
 ENSMUSG00000020154,7.6864,7.7306,8.2534,7.7334,8.1992,8.016,6.9359,6.7667,8.1304,8.6129,6.0088,8.2119
 ENSMUSG00000027656,4.9736,4.5593,5.2513,4.8574,5.2923,5.8969,4.7362,4.3167,4.3264,4.1803,2.9238,4.052
 ENSMUSG00000028364,3.9338,3.7122,3.6483,3.3992,5.2923,5.5853,4.814,4.7579,3.7128,3.6103,3.4793,3.8525
 ENSMUSG00000024659,8.918,8.0163,8.4517,8.1768,7.205,7.6314,7.8307,6.7835,8.4673,8.6574,6.4685,7.5869
 ENSMUSG00000099981,2.9238,3.3828,2.9238,3.3992,4.5515,5.181,2.9238,2.9238,2.9238,2.9238,2.9238,2.9238
 ENSMUSG00000019823,12.1817,12.2001,12.066,12.2851,10.8149,10.6855,10.3754,10.7988,12.2186,12.243,10.9635,11.1735
 ENSMUSG00000062758,4.27,4.3255,2.9238,2.9238,5.24,4.4604,4.9565,4.203,4.6617,4.4073,4.2461,5.2825
 ENSMUSG00000035711,12.0462,11.9716,11.908,12.1961,10.7159,10.5682,10.8549,11.3662,12.1931,12.3194,10.5749,10.4
 ENSMUSG00000084063,5.3998,5.5626,5.2513,5.7555,7.4465,7.4558,5.7076,5.6344,5.564,5.6924,5.3194,5.732
 ENSMUSG00000029211,4.0826,4.4484,3.9381,3.5932,4.873,5.7498,3.5309,3.5108,2.9238,3.6103,3.4793,3.9579
 ENSMUSG00000095101,5.1221,4.922,5.0875,4.3033,6.3004,6.4322,6.1903,6.2392,5.2967,5.0704,4.5181,4.6488
 ENSMUSG00000051504,8.1473,7.9364,8.0608,9.3396,7.9243,8.5551,8.6522,8.199,9.5334,9.632,9.9092,9.5457
 ENSMUSG00000094105,2.9238,2.9238,3.9381,2.9238,4.6402,5.0999,3.7763,4.4196,3.3831,2.9238,4.2461,3.5861
 ENSMUSG00000050600,12.4779,12.6873,12.4547,12.7912,11.5359,11.7166,11.2662,11.693,12.7997,12.7638,10.9461,10.8029
 ENSMUSG00000096768,11.3164,12.0237,12.5991,11.4657,12.6513,12.2549,12.8031,12.4963,11.5073,11.5616,13.8276,12.9893
 ENSMUSG00000059857,3.6451,4.0258,3.9381,3.8623,4.6402,5.6423,4.113,4.7579,2.9238,3.7608,2.9238,4.1376
 ENSMUSG00000050368,3.8488,4.1867,3.4387,4.0637,5.7273,5.6971,4.7362,4.6008,3.8312,4.092,3.7047,3.7315
 ENSMUSG00000059040,4.27,5.2348,4.8485,4.0637,5.1287,5.5257,4.113,2.9238,5.2049,4.5362,5.2311,3.9579
 ENSMUSG00000001524,8.4407,8.2362,8.1579,8.3076,9.2282,9.2362,9.5351,9.6431,8.2418,8.3557,10.2365,9.9102
 ENSMUSG00000030638,3.8488,4.1096,4.4837,3.74,5.0072,5.987,4.8873,3.5108,3.9343,3.4115,3.7047,4.5411
 ENSMUSG00000028394,8.9839,8.4905,8.7974,8.8136,9.9454,9.8137,10.0326,10.0385,8.7688,8.8668,10.6152,10.4637
 ENSMUSG00000045165,11.0822,10.9135,11.0602,11.1214,9.561,9.324,9.698,9.9797,11.3314,11.3995,10.2821,9.9641
 ENSMUSG00000026874,3.5148,3.3828,3.4387,3.3992,4.8002,5.6971,4.7362,3.9271,3.5706,3.4115,4.4346,4.4223
 ENSMUSG00000074575,7.865,8.2362,7.7297,8.1347,6.5907,6.6392,6.7647,7.0151,7.9564,7.6849,6.202,6.2683
 ENSMUSG00000031517,6.0432,5.6103,6.1302,4.9842,5.6107,5.5257,3.7763,4.5137,4.962,4.1803,4.596,4.4833
 ENSMUSG00000022972,7.3797,7.1554,7.3516,7.1749,7.7005,7.6587,7.8045,8.1087,7.1255,7.3546,9.3582,9.1507
 ENSMUSG00000027387,7.6681,7.5983,7.6892,7.8935,8.3959,8.6465,9.0476,8.8479,7.8585,7.9379,9.7078,9.5706
 ENSMUSG00000031960,11.3241,11.093,11.1095,10.9783,11.9352,11.8474,11.9687,12.1533,10.8708,10.989,13.1234,12.8209
 ENSMUSG00000094065,2.9238,2.9238,2.9238,2.9238,2.9238,5.5257,2.9238,2.9238,2.9238,2.9238,2.9238,2.9238
 ENSMUSG00000095029,5.0937,4.1096,4.4102,4.2295,5.1287,5.8969,5.1443,4.8295,4.7551,4.2614,2.9238,4.052
 ENSMUSG00000005952,3.3431,2.9238,2.9238,2.9238,4.3505,5.3297,3.7763,2.9238,2.9238,2.9238,3.7047,3.5861
 ENSMUSG00000058435,6.14,6.2988,7.0968,6.1479,6.0868,5.8496,5.8184,5.9987,5.8678,5.1842,4.0154,5.2183
 ENSMUSG00000036371,13.7254,13.511,13.5955,13.4974,14.5817,14.6646,14.6088,14.7268,13.4001,13.5992,15.5408,15.2183
 ENSMUSG00000033196,2.9238,2.9238,2.9238,2.9238,4.5515,5.0999,2.9238,2.9238,2.9238,2.9238,2.9238,2.9238
 ENSMUSG00000026175,4.5237,4.4484,4.618,5.239,6.0868,6.7453,5.8535,5.6718,4.9232,5.0704,6.3105,5.798
 ENSMUSG00000069302,8.851,7.7975,8.3816,7.4402,6.6305,6.3334,7.0594,6.6972,7.8243,7.4373,8.1427,7.4591
 ENSMUSG00000078722,3.8488,4.3255,3.8066,3.3992,5.0072,5.6423,4.6531,4.075,4.5062,4.3368,2.9238,5.0044
 ENSMUSG00000020481,3.5148,3.8306,3.4387,2.9238,4.873,5.3297,2.9238,3.9271,3.3831,2.9238,3.4793,3.5861
 ENSMUSG00000053916,5.9238,5.9047,6.2844,5.8852,7.0671,6.2634,7.9864,6.507,5.8283,5.0704,5.6239,6.5593
 ENSMUSG00000001707,8.6662,8.5273,8.8163,8.5574,8.9864,9.1086,9.5949,9.3256,8.8017,8.8228,11.0088,10.2335
 ENSMUSG00000034667,10.9505,10.8404,10.8013,10.8014,11.8233,11.8213,12.1071,12.1198,10.7649,10.819,12.7799,12.4207
 ENSMUSG00000028845,3.9338,3.9337,3.9381,3.8623,5.1855,5.5257,5.5005,5.596,3.7128,3.886,4.4346,4.2163
 ENSMUSG00000101376,2.9238,2.9238,2.9238,2.9238,4.3505,5.0999,4.113,4.203,2.9238,3.4115,2.9238,3.3941
 ENSMUSG00000015968,8.5216,8.8147,8.8226,9.3433,7.8507,8.3106,7.6947,7.7212,9.2078,9.458,7.1986,7.7487
 ENSMUSG00000070980,2.9238,2.9238,3.4387,3.9687,4.2344,5.181,4.4672,4.6008,3.7128,3.886,4.596,2.9238
 ENSMUSG00000027804,10.9368,10.8343,10.7523,10.6558,11.3454,11.4812,11.91,11.9233,10.8017,10.8933,12.9411,12.4588
 ENSMUSG00000094689,9.6063,10.9919,9.5709,8.5701,9.5246,10.0813,8.5769,8.8558,8.7192,8.8088,8.9231,8.5588
 ENSMUSG00000094686,3.9338,4.1096,3.8066,3.3992,5.1287,5.181,5.2561,4.6819,4.5062,4.2614,2.9238,5.0044
 ENSMUSG00000068101,6.2554,5.9964,6.3381,6.2309,7.2942,7.2377,7.955,7.7893,6.1007,5.9637,7.5544,7.2196
 ENSMUSG00000028042,10.6168,10.6699,10.599,10.6113,11.5143,11.4591,11.7248,12.1036,10.6421,10.6295,9.7078,9.6648
 ENSMUSG00000041991,2.9238,2.9238,2.9238,3.3992,4.4554,5.181,2.9238,2.9238,2.9238,2.9238,2.9238,2.9238
 ENSMUSG00000096100,5.488,4.9607,5.5599,5.0238,4.1036,4.7123,3.9606,2.9238,4.6617,5.0302,4.0154,4.2163
 ENSMUSG00000070319,10.7143,10.4606,10.5272,10.5186,11.3675,11.5244,11.533,11.4637,10.4362,10.5466,12.5646,12.3277
 ENSMUSG00000027273,4.0112,4.7082,4.4102,4.5571,5.24,6.3671,5.7824,5.2423,4.5062,3.9948,4.3444,4.052
 ENSMUSG00000025050,8.7334,8.832,8.626,8.6379,9.3665,9.5038,9.9555,9.9651,8.7112,8.7975,10.8181,10.2557
 ENSMUSG00000020695,4.9736,4.754,4.4102,4.6657,6.3491,7.044,5.5005,5.386,5.4369,4.9458,4.8652,5.4307
 ENSMUSG00000057561,10.6333,10.2846,10.6777,10.3931,10.9858,11.013,11.3462,11.2051,10.3819,10.5525,12.6578,12.2391
 ENSMUSG00000020692,9.3014,9.4134,9.3095,9.4789,10.3321,10.4561,10.8644,10.7474,9.5824,9.4526,11.2579,10.9958
 ENSMUSG00000026675,8.2303,8.2692,8.4954,8.6258,8.4578,8.612,9.0099,9.237,8.4705,8.6449,10.4687,10.289
 ENSMUSG00000084283,7.2751,7.6098,7.3942,7.9135,8.7641,9.6904,7.4462,7.4326,7.6568,7.4003,7.0449,7.4184
 ENSMUSG00000031957,2.9238,2.9238,2.9238,2.9238,3.7693,5.3982,3.7763,2.9238,2.9238,2.9238,2.9238,2.9238
 ENSMUSG00000014301,7.4614,7.1788,7.2807,6.8595,8.3551,8.4576,8.7237,8.7531,7.389,7.2252,8.6843,8.7262
 ENSMUSG00000062981,9.4149,9.0331,9.2803,8.84,9.9137,9.8198,9.8378,9.9297,8.9034,9.0779,11.3235,10.6418
 ENSMUSG00000027199,8.5241,7.959,8.564,8.1304,7.9082,7.291,7.7507,6.8649,7.7113,8.2966,5.9561,7.3551
 ENSMUSG00000079003,9.279,9.1752,9.0256,8.9701,9.093,8.8256,9.0513,9.5233,9.0372,9.1262,11.342,10.4835
 ENSMUSG00000028540,9.0539,9.1597,9.0682,9.0333,9.5325,9.6054,10.2978,10.3013,9.2322,9.2118,11.2983,10.5833
 ENSMUSG00000076499,4.0112,3.9337,3.8066,4.2295,4.8002,5.3297,6.1628,5.1371,4.1103,4.1803,3.8746,3.8525
 ENSMUSG00000007872,9.953,9.7194,9.4206,9.9796,8.3959,8.2758,9.3364,8.9775,10.3608,10.846,9.5997,9.3255
 ENSMUSG00000096802,6.7582,7.2394,7.4026,6.4952,5.6507,6.4322,5.7076,5.7782,6.0841,5.5056,5.2311,5.1849
 ENSMUSG00000073838,10.2743,10.0591,10.1294,10.179,10.8912,10.8991,11.3179,11.448,10.059,10.1716,12.1736,11.7475
 ENSMUSG00000093806,2.9238,3.7122,3.4387,3.8623,4.2344,5.4635,3.9606,3.5108,2.9238,2.9238,4.5181,4.052
 ENSMUSG00000005566,11.8606,11.7761,11.8211,11.8814,12.3141,12.3032,12.9898,13.0811,11.9562,12.0342,13.9861,13.4782
 ENSMUSG00000037716,3.3431,2.9238,2.9238,2.9238,4.1036,5.3297,2.9238,3.9271,2.9238,2.9238,2.9238,3.3941
 ENSMUSG00000026187,10.156,10.0871,10.1777,9.9077,10.9304,11.0508,11.3499,11.4255,10.0121,9.9885,11.8522,11.7416
 ENSMUSG00000026974,9.004,8.6795,8.8776,8.9533,9.1956,9.4657,9.6668,9.5333,8.761,8.9303,11.0513,10.5985
 ENSMUSG00000002769,5.1221,5.5131,5.0431,5.9259,6.4859,7.5018,6.2173,6.0835,5.2967,5.6924,6.8585,6.5212
 ENSMUSG00000004891,4.7691,3.9337,5.0431,4.3724,5.7273,6.6392,5.8877,5.3398,4.9996,4.6522,4.5181,5.3734
 ENSMUSG00000061390,4.4774,4.3255,4.0523,3.5932,4.7228,4.1352,2.9238,4.5137,5.1062,2.9238,4.9807,3.3941
 ENSMUSG00000069763,5.2555,4.7082,4.5528,4.3033,4.7228,4.4604,4.3616,5.0811,2.9238,3.4115,3.4793,3.3941
 ENSMUSG00000083587,5.3998,5.9964,6.0463,6.5348,7.0671,8.1756,6.077,5.9391,5.9251,6.0436,5.5539,6.1055
 ENSMUSG00000041736,9.5931,9.4085,9.7842,9.4449,8.0391,7.8719,8.582,8.2238,9.7464,9.8072,8.4831,8.4455
 ENSMUSG00000031659,13.2536,13.4467,13.262,13.3529,12.0056,12.0222,11.9008,12.1423,13.5159,13.4326,11.9534,11.8021
 ENSMUSG00000069516,12.4343,11.6226,12.1882,12.2177,11.2916,10.8862,11.4097,10.742,11.587,12.5226,10.2768,12.4143
 ENSMUSG00000081221,5.5908,4.2584,5.9102,5.4527,4.8002,4.5931,5.0222,6.8649,5.1399,4.8554,6.2681,5.6144
 ENSMUSG00000045629,6.429,5.9785,5.5599,4.6657,4.4554,5.3297,4.4672,4.6008,4.7551,5.1842,3.7047,5.0796
 ENSMUSG00000018830,5.2299,5.0703,4.4837,5.0238,6.6107,6.9364,6.0471,5.7082,5.0716,5.0704,5.6576,6.2836
 ENSMUSG00000028683,9.1324,9.0073,9.1198,9.1729,10.0784,10.3177,10.3485,10.3359,9.1499,9.2245,11.0302,10.7562
 ENSMUSG00000042215,6.2431,6.2403,6.1097,6.2147,6.3004,6.4637,6.6113,6.4232,5.564,6.2082,8.297,7.6986
 ENSMUSG00000061613,10.044,9.9594,10.0224,9.8607,10.8758,10.9371,11.0779,11.1989,9.9388,9.9935,11.8557,11.7361
 ENSMUSG00000069308,8.0274,7.2245,7.9397,7.2078,8.2318,8.2846,9.5457,9.2492,7.64,7.7858,8.1427,7.2586
 ENSMUSG00000091006,4.429,4.2584,4.6798,4.4988,6.1433,6.7195,5.1443,5.4307,4.6121,4.5956,4.9243,4.8392
 ENSMUSG00000038967,7.3908,7.0324,7.1965,7.6097,6.65,6.3671,6.2173,6.7667,7.4923,7.5016,5.4417,5.5896
 ENSMUSG00000095130,9.581,9.6791,9.3359,8.5284,8.7818,10.7908,8.2803,8.7316,8.4059,8.6668,8.7468,8.2702
 ENSMUSG00000019777,10.5612,10.5105,10.4993,10.3931,11.5637,11.4523,11.8226,11.8874,10.3454,10.5533,12.3673,11.8842
 ENSMUSG00000040034,8.6708,8.3974,8.4026,8.3038,9.0091,8.9576,9.47,9.3568,8.461,8.7277,10.6838,10.0933
 ENSMUSG00000076677,11.1989,11.7796,10.9822,9.6604,11.6955,12.2593,10.62,11.2043,10.8079,10.2369,10.4132,10.3487
 ENSMUSG00000034024,12.2278,11.9643,12.219,12.0575,12.8836,12.8452,13.3446,13.3301,12.2139,12.2747,14.3176,13.5865
 ENSMUSG00000089817,4.3257,4.4484,3.6483,4.4988,5.869,5.9427,5.0222,5.2423,4.4494,4.1803,3.7047,4.9245
 ENSMUSG00000067995,9.554,9.3133,9.5181,9.3209,10.3155,10.3473,10.5496,10.5906,9.3722,9.5332,11.4726,11.0427
 ENSMUSG00000109035,4.6112,5.0703,4.7387,4.8122,5.6895,5.8496,6.3203,5.877,4.5604,4.9014,3.8746,4.2163
 ENSMUSG00000024081,11.6048,11.6123,11.5422,11.4917,12.328,12.5922,12.7076,12.7024,11.6384,11.7216,13.6547,13.2315
 ENSMUSG00000031297,4.8056,4.922,4.9495,4.6126,6.0279,6.8909,5.7455,5.596,4.5062,4.8554,6.1792,5.7764
 ENSMUSG00000095193,8.7378,8.8246,8.8473,8.7227,9.1956,9.3659,10.2453,9.8503,9.0244,9.0304,10.8434,10.486
 ENSMUSG00000044814,4.27,4.6606,4.1542,4.4988,5.869,5.7498,6.1348,6.0275,4.2593,4.7062,4.6691,5.0425
 ENSMUSG00000019837,8.9747,8.6097,8.6153,8.6409,9.8354,9.8789,9.7696,10.1151,8.7004,8.7717,10.4512,10.3807
 ENSMUSG00000046240,3.3431,3.7122,2.9238,2.9238,4.4554,5.181,4.2447,4.6008,3.3831,3.886,2.9238,3.3941
 ENSMUSG00000100033,4.3257,4.5052,4.7948,4.1501,5.0694,5.0999,4.4672,4.9615,4.6617,4.4073,6.9811,5.1508
 ENSMUSG00000043789,3.6451,3.5702,3.4387,3.3992,4.873,5.4635,4.2447,4.6008,3.3831,2.9238,4.1375,4.3579
 ENSMUSG00000042121,11.424,11.6066,11.3423,11.9305,10.3048,10.2565,10.0022,10.1381,11.4521,11.4111,10.2446,9.9746
 ENSMUSG00000022594,11.9765,11.7556,11.7683,12.0132,12.7183,12.4639,13.3098,13.5834,12.0476,12.4103,13.5094,13.6882
 ENSMUSG00000062995,5.6679,5.2953,4.9,4.8574,6.6882,7.1823,5.7455,5.2919,5.2967,5.0302,6.0597,6.3285
 ENSMUSG00000090408,5.1771,5.1386,5.3263,5.6858,6.6882,7.5018,5.9536,5.3398,5.6579,5.0704,5.0348,5.6144
 ENSMUSG00000022892,9.8089,9.9661,10.1002,9.8672,10.9234,10.6654,10.6461,10.7968,9.1868,9.2558,8.6021,9.3145
 ENSMUSG00000098650,9.2954,9.8068,9.8437,10.4431,8.1659,8.3941,8.8864,9.3141,10.1277,10.1305,10.1466,9.9897
 ENSMUSG00000047881,8.0835,8.0547,7.9849,8.6559,9.2055,8.8553,9.1236,9.093,8.162,8.0034,7.0197,7.0873
 ENSMUSG00000020656,6.3506,6.5951,6.3728,5.8433,7.4241,7.6722,7.3768,7.2987,5.9437,5.922,7.8749,7.3039
 ENSMUSG00000028217,9.743,9.5177,9.6572,9.1199,8.2188,8.5479,7.7868,7.6313,9.2059,9.0255,8.2599,8.1051
 ENSMUSG00000032890,9.7178,9.8031,10.2326,10.0332,9.2506,8.6668,8.7191,8.5957,9.5013,9.1329,7.8031,8.3765
 ENSMUSG00000011752,10.8138,10.5895,10.8209,10.6469,11.3107,11.1892,11.908,11.7544,10.6266,10.7517,12.8209,12.2584
 ENSMUSG00000031543,8.8711,8.4905,8.0125,7.8473,7.2311,8.0265,6.9359,7.2869,6.6199,8.1838,6.6107,7.1632
 ENSMUSG00000022053,3.8488,4.2584,3.8066,4.5571,5.3911,5.9427,3.7763,3.9271,3.3831,3.886,4.0154,3.9579
 ENSMUSG00000106453,3.3431,2.9238,2.9238,3.3992,4.4554,5.0999,3.5309,4.3167,2.9238,2.9238,4.3444,3.7315
 ENSMUSG00000022510,2.9238,2.9238,3.4387,2.9238,4.5515,5.181,2.9238,3.7484,2.9238,3.4115,2.9238,3.3941
 ENSMUSG00000041762,10.156,10.1376,9.9699,10.3218,8.7774,8.6465,8.6522,8.8156,10.3411,10.4223,9.0212,9.3383
 ENSMUSG00000078907,3.7539,3.3828,3.4387,2.9238,4.6402,5.7498,4.3616,3.7484,3.7128,3.4115,3.8746,4.052
 ENSMUSG00000039646,10.1971,10.5013,10.3859,11.0838,10.8861,10.7279,11.2993,11.2237,10.6301,10.4269,8.8466,9.3164
 ENSMUSG00000030888,9.8325,9.7034,9.6555,9.6998,10.4502,10.5914,10.783,10.8029,9.7593,9.8841,11.9157,11.2821
 ENSMUSG00000034041,11.3828,11.2758,11.3077,11.4138,9.8996,9.697,10.0605,10.3287,11.5264,11.6582,11.6487,11.3064
 ENSMUSG00000031495,4.2113,4.3255,4.3315,5.3348,3.5259,4.1352,4.2447,4.3167,5.6803,5.6924,5.4802,5.3438
 ENSMUSG00000073433,4.4774,4.3255,4.2466,4.9842,5.438,5.8006,4.4672,4.203,4.1103,5.22,5.8443,6.1729
 ENSMUSG00000005540,13.8218,13.8766,13.6645,13.9565,14.8641,14.6414,15.218,15.4012,14.036,14.053,15.5622,15.5489
 ENSMUSG00000034248,12.1257,12.1481,11.8844,12.5723,10.5886,10.5754,10.9111,11.0508,12.1923,12.6739,11.6826,11.5041
 ENSMUSG00000053137,10.5161,10.864,10.7556,10.9014,9.4629,9.1856,8.9475,9.6613,10.9651,10.8035,10.6818,10.2843
 ENSMUSG00000043925,3.7539,3.7122,3.9381,3.9687,5.5271,5.8006,4.7362,4.8295,3.7128,3.7608,3.8746,4.4223
 ENSMUSG00000005981,11.0109,11.0109,10.9703,11.032,12.0275,12.0235,12.3842,12.4249,10.9988,10.9677,12.8104,12.435
 ENSMUSG00000005131,3.8488,4.3887,4.0523,4.2295,5.4832,5.0999,5.8184,5.596,3.7128,3.886,4.3444,4.4833
 ENSMUSG00000030603,10.7098,10.6082,10.7383,10.4499,11.1692,11.0559,11.7587,11.827,10.6862,10.7771,12.7794,12.1469
 ENSMUSG00000021670,10.8816,10.8097,11.0342,11.2268,11.3748,11.53,11.6697,11.7708,10.9431,11.0534,13.072,12.7927
 ENSMUSG00000100152,4.6112,4.5593,4.9495,4.9433,4.8002,4.7123,3.7763,2.9238,4.962,4.3368,2.9238,4.2895
 ENSMUSG00000076672,11.5025,11.0099,10.617,9.976,11.9391,11.594,10.0345,10.3115,9.9285,10.3583,11.5497,10.1461
 ENSMUSG00000071528,9.6763,9.0814,9.5065,8.894,10.3559,10.0196,10.4134,10.2911,9.2959,9.6697,11.1449,11.1064
 ENSMUSG00000053907,12.211,12.1233,12.2523,12.4188,12.8833,12.8994,13.3625,13.2652,12.263,12.1839,14.4635,13.629
 ENSMUSG00000030738,12.4241,12.253,12.3321,12.3575,13.2741,13.3954,13.3979,13.4257,12.1945,12.3186,14.2556,13.9563
 ENSMUSG00000043419,6.5033,6.1477,6.4561,6.3396,6.1433,5.7498,6.1348,5.7436,6.513,6.4892,8.3126,7.5371
 ENSMUSG00000082952,5.4224,5.6788,5.6199,6.1817,7.008,7.5752,5.8535,5.1371,5.6579,5.386,5.1847,5.732
 ENSMUSG00000082029,5.0351,5.1049,5.0875,4.8122,5.0072,2.9238,4.3616,4.8295,5.6579,5.5339,5.6239,5.2183
 ENSMUSG00000028328,6.2554,5.5626,5.3263,5.8433,5.8,6.2634,4.2447,4.6819,4.842,6.7593,5.6576,6.1055
 ENSMUSG00000022475,11.0666,11.2973,11.0707,11.7409,10.0144,9.9578,9.8118,10.0967,11.5004,11.3995,9.8746,10.2393
 ENSMUSG00000024537,8.5467,8.4463,8.4396,8.3523,8.9595,8.7766,9.5614,9.4464,8.571,8.5333,10.5952,10.0716
 ENSMUSG00000108705,2.9238,2.9238,2.9238,2.9238,4.2344,5.0999,3.5309,3.9271,2.9238,2.9238,3.4793,4.2895
 ENSMUSG00000020627,4.8056,5.2348,5.1304,4.9433,6.5907,6.9138,6.2953,5.0811,5.7457,5.2889,5.6239,6.5964
 ENSMUSG00000038059,6.8503,6.4988,6.9558,7.0713,7.7553,7.6314,8.4919,8.199,7.0597,7.6348,8.7237,8.4319
 ENSMUSG00000075184,4.5237,4.1096,3.6483,5.1358,3.9523,4.821,3.7763,3.9271,3.3831,5.7889,3.4793,4.6993
 ENSMUSG00000027867,2.9238,3.3828,2.9238,3.3992,4.2344,5.3982,3.5309,3.7484,2.9238,2.9238,2.9238,3.3941
 ENSMUSG00000040532,8.9006,9.0267,8.8925,8.8504,9.6014,9.7133,10.3695,10.5285,9.0833,9.1575,10.7989,10.4035
 ENSMUSG00000048312,2.9238,2.9238,2.9238,2.9238,4.4554,5.0999,2.9238,3.5108,2.9238,2.9238,2.9238,2.9238
 ENSMUSG00000087412,7.0039,6.8789,7.1475,7.0259,6.7437,6.7955,7.6266,9.1329,7.6059,7.7742,7.519,6.2372
 ENSMUSG00000039908,8.6029,8.8048,8.4109,9.0195,7.4575,7.3255,7.4797,7.8544,9.2191,8.8802,7.5456,7.3188
 ENSMUSG00000013846,11.6659,11.8835,11.628,12.0626,10.7657,11.013,9.9946,10.0782,11.8307,12.0123,11.1311,10.6658
 ENSMUSG00000063787,9.3421,9.0752,9.2826,8.9313,9.8915,9.7893,10.2025,10.2143,9.3188,9.1989,11.3483,10.6959
 ENSMUSG00000058427,4.0112,3.3828,4.1542,3.5932,4.2344,4.821,5.6686,4.4196,3.3831,3.886,2.9238,3.7315
 ENSMUSG00000034858,11.6938,11.8026,11.5951,11.8003,11.2977,11.4964,11.409,11.5465,11.7183,11.8855,9.7446,9.8542
 ENSMUSG00000023456,10.6351,10.3348,10.7498,10.2819,10.6608,10.3742,11.1323,11.1665,10.4563,10.6167,12.5554,12.1715
 ENSMUSG00000081191,3.5148,3.3828,3.8066,2.9238,4.9419,5.2574,3.9606,4.203,3.3831,2.9238,4.3444,4.1376
 ENSMUSG00000020738,12.0639,11.8882,12.0313,11.8127,12.5536,12.4595,13.0379,12.8097,11.8137,12.0254,14.0894,13.5035
 ENSMUSG00000019230,5.9698,6.3411,6.266,6.6474,7.3547,7.8124,5.8877,5.9987,6.2269,6.5172,4.9807,5.8611
 ENSMUSG00000028073,9.4579,9.7867,9.4288,9.7853,9.9237,10.009,10.1236,10.5347,9.677,9.5332,8.0588,8.192
 ENSMUSG00000062937,9.6797,9.4506,9.52,9.5811,9.9454,9.9133,10.2075,10.2174,9.4811,9.4969,11.6816,11.2736
 ENSMUSG00000106031,5.4224,5.7442,5.6774,6.0956,4.7228,4.3101,4.3616,4.6819,6.1333,6.585,5.276,5.3438
 ENSMUSG00000040747,13.8473,13.7674,13.943,13.6046,12.4252,12.0782,12.9361,12.8413,13.9651,13.9596,14.512,13.7965
 ENSMUSG00000049130,6.2431,5.5381,5.3972,4.6657,6.1707,6.7955,6.4844,5.386,4.5062,5.5888,4.738,5.5644
 ENSMUSG00000096292,6.5541,6.7492,6.1703,6.1817,5.0694,5.8006,5.2561,5.3398,6.0157,5.922,4.8652,4.2895
 ENSMUSG00000038987,4.9736,4.5052,4.618,4.9433,6.1433,5.6423,6.2953,5.8448,4.5604,5.1095,6.0088,6.534
 ENSMUSG00000003309,6.7408,6.9165,6.7476,6.4817,5.3911,5.8006,5.5005,5.1907,6.8518,7.0451,5.4021,5.4024
 ENSMUSG00000036560,3.3431,3.3828,4.0523,3.74,4.8002,5.3297,4.113,4.5137,2.9238,3.9948,2.9238,3.7315
 ENSMUSG00000003438,9.0434,8.8369,8.8564,8.9264,9.6527,9.4541,9.8074,9.9595,8.8822,9.0352,10.9855,10.6484
 ENSMUSG00000058905,4.0112,4.1096,3.8066,4.1501,4.1036,5.7498,2.9238,2.9238,3.8312,4.1803,4.3444,4.4833
 ENSMUSG00000083380,9.1291,8.7251,8.9872,8.2692,9.9454,9.7612,9.5821,9.8543,8.6705,8.82,10.5099,10.4462
 ENSMUSG00000032911,3.5148,3.3828,2.9238,2.9238,5.0694,5.2574,3.5309,3.5108,3.3831,3.6103,3.8746,3.7315
 ENSMUSG00000105277,5.0937,5.5131,6.3899,6.1479,4.2344,4.9209,4.6531,4.3167,6.1809,5.22,4.8652,4.6993
 ENSMUSG00000081111,3.7539,4.611,3.6483,3.8623,4.8002,4.7123,4.2447,5.1907,4.1103,2.9238,5.5539,4.6488
 ENSMUSG00000031389,13.4241,13.5835,13.3188,13.5135,11.9441,11.8948,11.9003,12.2986,13.604,13.5319,12.6092,12.3203
 ENSMUSG00000034472,5.8436,6.3271,5.649,6.3094,7.2566,8.147,6.3203,5.9084,6.1652,6.0042,5.7848,5.7092
 ENSMUSG00000083396,8.3176,8.6686,8.4314,8.6228,8.5276,8.8013,8.8989,8.7574,8.3927,7.8854,10.8805,8.9229
 ENSMUSG00000074934,6.396,6.7904,6.4881,7.5143,8.0611,8.6934,6.7828,6.5862,7.1651,6.6872,6.2894,6.7686
 ENSMUSG00000022471,10.2191,9.9949,10.095,10.179,11.0235,11.0196,11.4511,11.5142,10.2337,10.3282,12.0623,11.6886
 ENSMUSG00000038665,8.7046,8.9474,9.3683,9.0401,9.3724,8.8612,9.0251,8.8479,8.4321,8.0327,6.8152,7.9186
 ENSMUSG00000050796,7.939,7.9318,7.8989,7.9382,8.6722,8.6465,9.2837,9.3054,8.1062,8.3937,10.0538,9.4022
 ENSMUSG00000007122,4.149,4.3887,3.9381,4.4988,5.6507,6.2634,5.0222,4.8295,3.9343,4.3368,5.1366,5.4307
 ENSMUSG00000033732,12.6935,12.5722,12.5627,12.6359,13.4035,13.5929,13.9166,13.9309,12.6371,12.7218,14.5428,14.1629
 ENSMUSG00000059791,10.1955,10.022,10.0756,10.5454,8.7774,8.7065,8.7741,8.9065,10.3693,10.5972,9.8798,9.7613
 ENSMUSG00000014907,7.8927,7.7306,7.8323,7.7446,8.3373,8.2581,8.4974,8.3588,7.7059,7.8028,9.9678,9.4699
 ENSMUSG00000031112,10.4383,10.499,10.5889,10.4797,8.8505,8.6868,9.6765,9.6385,10.8036,10.7986,10.0445,9.522
 ENSMUSG00000033544,10.8144,11.1512,11.0166,11.5308,9.6977,9.6871,9.662,9.8857,11.2891,11.2002,10.0351,10.0024
 ENSMUSG00000068039,12.4071,12.2159,12.3941,12.2325,12.916,12.9104,13.3469,13.3622,12.3052,12.3874,14.4685,13.8537
 ENSMUSG00000039682,10.2424,9.8535,10.4507,10.0872,10.5283,10.4208,10.7796,10.6728,9.5028,9.7215,12.0179,11.565
 ENSMUSG00000082938,6.7232,6.3822,6.6801,6.5606,7.9867,7.9623,6.3692,7.9689,6.1652,6.9251,5.929,6.4952
 ENSMUSG00000020062,3.3431,3.3828,2.9238,2.9238,4.5515,5.3982,3.5309,4.4196,3.3831,3.4115,3.8746,3.5861
 ENSMUSG00000060985,4.909,4.882,4.4837,4.5571,6.1707,6.7195,5.0847,5.386,4.6617,4.4073,5.8731,5.0425
 ENSMUSG00000042719,11.1366,11.0709,11.0883,11.2823,11.8926,12.1816,12.36,12.275,11.2288,11.2735,13.1395,12.7828
 ENSMUSG00000079330,4.8056,5.4619,5.3972,5.5081,6.6107,7.3084,5.5005,5.0811,5.2362,5.3221,4.8032,5.8194
 ENSMUSG00000096846,4.3786,4.0258,4.4102,2.9238,4.7228,5.3982,3.7763,4.7579,3.8312,2.9238,3.8746,3.7315
 ENSMUSG00000063316,9.0988,9.0668,9.1548,9.154,9.8833,9.5446,10.5244,10.4268,9.1868,9.5552,10.9992,10.8354
 ENSMUSG00000025150,5.9393,5.5866,6.565,6.4681,6.4191,5.3982,6.1062,5.4739,5.3259,4.8076,4.1375,5.1849
 ENSMUSG00000081738,3.7539,4.882,4.8485,2.9238,5.0694,5.3297,4.4672,4.5137,4.1875,3.886,5.4417,4.1376
 ENSMUSG00000044456,12.0425,12.1862,11.9356,12.5872,10.9094,10.9357,10.7468,10.8859,12.132,12.0474,10.6463,10.7156
 ENSMUSG00000029014,11.1485,11.0378,11.1005,11.0077,11.8628,12.0031,12.0302,12.0813,11.0899,11.1555,13.1123,12.7813
 ENSMUSG00000074224,3.6451,4.0258,4.0523,4.2295,5.3911,5.9427,4.5639,4.6008,4.3264,3.886,3.4793,3.7315
 ENSMUSG00000029848,4.6927,4.3887,4.7948,5.0622,5.9976,6.7195,5.455,5.4307,5.1728,4.7062,4.2461,4.4223
 ENSMUSG00000023089,8.5492,8.3536,8.5825,8.0869,9.2633,8.7641,9.4921,9.5481,8.2044,8.4345,10.1552,10.0997
 ENSMUSG00000105043,6.2677,6.8304,6.6237,6.5733,5.3426,5.3982,5.0847,5.1371,6.286,6.446,4.8032,5.2825
 ENSMUSG00000081384,4.4774,4.4484,4.9,4.9433,5.7641,6.6665,4.814,5.0227,4.1103,4.4735,4.2461,4.3579
 ENSMUSG00000041747,10.3836,10.3707,10.2765,10.301,10.884,11.0327,11.2573,11.2336,10.3548,10.5064,12.4513,12.0695
 ENSMUSG00000036915,3.3431,2.9238,2.9238,3.3992,4.4554,5.2574,3.5309,3.7484,2.9238,2.9238,2.9238,3.5861
 ENSMUSG00000022571,8.3916,8.2655,8.4355,8.0825,8.4523,8.5624,9.0879,9.2461,8.4353,8.4345,10.5466,9.7422
 ENSMUSG00000024360,11.6015,11.3738,11.5432,11.4239,12.0496,12.2072,12.3458,12.3066,11.4533,11.5499,13.6205,13.148
 ENSMUSG00000002908,4.4774,3.7122,4.0523,4.3724,5.0072,5.2574,5.0222,4.8295,4.1103,4.3368,6.3517,5.4024
 ENSMUSG00000045411,11.3244,11.43,11.3461,11.2885,12.0623,12.2278,12.5031,12.5812,11.5104,11.5401,13.3425,13.0695
 ENSMUSG00000109163,3.3431,3.5702,3.4387,3.5932,4.3505,5.3982,3.9606,3.5108,3.5706,3.4115,5.2311,4.5411
 ENSMUSG00000005410,10.9655,10.499,10.8279,10.3805,10.9114,10.7939,11.2363,11.3224,10.5622,10.58,12.832,12.1121
 ENSMUSG00000047013,5.2555,4.5593,4.4837,5.4242,5.6507,6.2271,5.3592,5.3398,4.5604,5.857,6.7705,6.2372
 ENSMUSG00000024587,11.2256,11.0594,11.1847,11.0366,11.7118,11.6763,11.9509,12.1019,10.9471,11.0498,13.1475,12.7559
 ENSMUSG00000074417,8.4778,8.0797,8.5301,8.2653,7.5116,7.044,7.1595,6.8649,8.4191,8.2181,6.6107,6.9512
 ENSMUSG00000025743,12.2963,12.1046,12.6277,12.5398,11.9093,11.0508,11.2525,10.7864,11.7073,11.8912,10.3339,11.154
 ENSMUSG00000049327,10.3498,10.1286,10.1753,10.0705,11.1983,11.3441,11.2306,11.1135,10.0208,10.1518,12.1549,11.5478
 ENSMUSG00000020866,4.0826,4.2584,3.6483,4.1501,5.0694,5.6971,3.7763,4.3167,3.8312,2.9238,3.4793,3.9579
 ENSMUSG00000044338,4.9736,4.9607,5.4647,4.9433,4.873,4.9209,3.7763,3.7484,5.0361,5.7415,3.4793,5.4024
 ENSMUSG00000079005,3.3431,2.9238,3.6483,3.3992,4.8002,5.0999,3.5309,2.9238,2.9238,3.4115,3.8746,2.9238
 ENSMUSG00000063931,9.6264,9.7167,9.7469,9.8242,10.6513,10.5519,11.3001,11.1863,9.8372,9.981,11.6193,11.0427
 ENSMUSG00000092511,2.9238,2.9238,4.7948,2.9238,2.9238,2.9238,2.9238,2.9238,2.9238,4.758,2.9238,2.9238
 ENSMUSG00000048967,4.5237,4.5052,4.3315,4.7165,5.3911,5.5257,5.9855,5.6718,4.1103,4.1803,6.1326,5.3734
 ENSMUSG00000017999,11.0688,11.0071,10.9759,11.1353,12.0275,12.1375,12.1622,12.2964,11.0124,11.1438,12.8757,12.6828
 ENSMUSG00000068745,3.9338,3.9337,4.1542,3.9687,5.8,4.7123,5.408,5.1371,3.9343,3.7608,4.0154,3.5861
 ENSMUSG00000091086,4.841,4.6606,4.618,4.8122,5.0694,4.4604,5.1443,2.9238,5.4369,4.9458,5.929,4.4223
 ENSMUSG00000041895,7.068,7.3046,7.0007,7.24,8.0318,8.4654,7.7507,8.0335,6.8123,6.956,6.0345,6.2987
 ENSMUSG00000047821,5.5301,5.4877,5.3263,6.2147,4.9419,5.2574,4.6531,4.075,5.9437,6.4892,4.596,4.6488
 ENSMUSG00000011632,3.7539,4.1867,4.0523,3.8623,5.0072,5.5257,5.2561,5.2919,4.0265,4.1803,3.4793,3.5861
 ENSMUSG00000034758,4.6112,5.0703,4.618,4.2295,5.4832,5.7498,5.8535,6.0835,4.9996,4.7062,6.487,6.0528
 ENSMUSG00000010021,7.44,7.3326,7.2439,7.4539,6.65,6.4945,5.9536,6.2875,7.1572,7.4518,5.4021,5.8815
 ENSMUSG00000028948,10.7444,10.7171,10.6322,10.8221,11.6511,11.797,11.9818,11.8874,10.7719,10.7503,12.6823,12.1897
 ENSMUSG00000028896,9.2775,9.0159,9.4041,8.9773,9.8011,9.8015,10.2009,10.263,8.9335,8.9432,10.9602,10.75
 ENSMUSG00000069011,2.9238,3.8306,2.9238,2.9238,2.9238,5.0999,4.113,2.9238,2.9238,2.9238,2.9238,3.9579
 ENSMUSG00000078141,4.5683,4.882,4.7948,4.8122,5.1287,2.9238,3.7763,4.4196,4.3264,4.4073,2.9238,4.3579
 ENSMUSG00000039084,8.1341,8.6658,8.4557,8.9725,7.719,7.2735,7.1868,7.3893,8.514,7.8028,6.9679,6.8007
 ENSMUSG00000002930,4.429,4.2584,4.0523,4.6657,5.6107,6.5542,4.113,4.7579,4.5604,4.6522,4.1375,4.4833
 ENSMUSG00000027208,4.429,4.6606,4.3315,4.9433,6.0868,6.4637,5.455,5.4739,4.5062,4.2614,5.2311,4.5411
 ENSMUSG00000091752,2.9238,2.9238,2.9238,2.9238,2.9238,5.3982,2.9238,3.5108,2.9238,2.9238,2.9238,2.9238
 ENSMUSG00000044534,9.4592,9.336,9.3554,8.6349,7.7907,7.6176,7.4234,7.878,8.779,8.4741,8.065,7.9039
 ENSMUSG00000036078,8.6979,8.4527,8.564,8.4653,9.3128,9.3493,9.4645,9.4879,8.4353,8.5902,10.4156,10.3639
 ENSMUSG00000029096,4.149,4.1096,3.8066,4.7653,4.5515,5.8969,4.2447,3.7484,4.5604,4.758,2.9238,4.5962
 ENSMUSG00000106721,2.9238,2.9238,2.9238,2.9238,4.3505,5.0999,2.9238,3.7484,3.3831,2.9238,2.9238,2.9238
 ENSMUSG00000029869,5.7049,6.0487,5.7594,5.5349,6.6305,7.1441,6.3692,6.5862,6.0157,5.1842,4.5181,5.4024
 ENSMUSG00000041842,6.7143,6.6742,5.4972,5.0238,6.1976,6.9364,5.9536,5.5159,4.7093,5.5056,6.4306,6.5082
 ENSMUSG00000055762,12.04,11.8847,11.9617,11.5821,12.6769,12.5387,12.9296,13.0392,11.7066,11.7524,13.7793,13.315
 ENSMUSG00000039747,11.1989,11.3237,11.2417,11.8625,11.9819,11.9112,12.5406,12.6811,11.7933,11.8805,10.3852,10.4436
 ENSMUSG00000020918,10.0694,10.0528,9.9529,10.1697,10.8738,10.9119,11.2493,11.2728,9.9227,10.0613,11.9505,11.5564
 ENSMUSG00000099781,2.9238,2.9238,2.9238,2.9238,4.3505,5.0999,2.9238,3.5108,2.9238,2.9238,2.9238,2.9238
 ENSMUSG00000022554,8.6753,8.652,8.8257,8.9165,9.5035,9.6704,9.8634,9.8181,8.8315,8.8088,10.829,10.3011
 ENSMUSG00000025580,10.9109,10.8843,10.9362,10.8496,11.5314,11.5519,12.0783,12.1753,11.0477,11.1561,12.9631,12.4702
 ENSMUSG00000031790,4.5237,4.2584,4.4102,4.4373,5.3426,6.1515,5.5005,5.4739,4.3896,4.5956,3.7047,4.052
 ENSMUSG00000027067,12.4765,12.2378,12.3717,12.1989,13.1009,13.0294,13.2633,13.5484,12.2002,12.3763,14.2455,13.9345
 ENSMUSG00000026853,9.789,9.675,9.6832,9.7825,8.5536,8.2402,8.2612,8.4924,9.7148,9.8948,8.4173,8.4319
 ENSMUSG00000027203,9.5601,9.0957,9.4987,8.9844,9.6884,9.5336,10.3165,10.521,9.1597,9.2032,11.1941,10.6666
 ENSMUSG00000040310,7.1024,7.3872,6.9558,7.6219,8.4187,9.1524,7.4686,7.6948,7.4671,7.3391,6.2894,7.2814
 ENSMUSG00000021732,5.3053,4.7982,5.2893,5.8219,6.4191,7.1633,5.5005,5.2423,5.2362,4.9887,4.596,5.1157
 ENSMUSG00000028909,3.3431,3.5702,3.6483,4.0637,5.24,5.2574,4.2447,4.6819,4.0265,3.7608,2.9238,4.3579
 ENSMUSG00000025104,10.1429,10.2148,10.1256,10.0355,8.932,9.4227,8.4305,8.3475,10.1661,10.0506,9.0021,9.0211
 ENSMUSG00000034918,4.2113,4.1867,3.6483,3.3992,5.1287,5.181,5.1443,5.0227,3.5706,4.3368,3.7047,3.3941
 ENSMUSG00000021243,9.5099,9.3515,9.5912,9.3451,10.3779,10.4168,10.6644,10.581,9.4669,9.632,11.377,11.0538
 ENSMUSG00000032232,6.2677,6.4222,6.3728,5.8001,7.574,7.5463,7.0295,5.7436,6.1007,6.0628,5.3194,7.0072
 ENSMUSG00000025439,10.1593,10.1306,10.1345,10.2428,10.769,10.8629,11.359,11.326,10.1788,10.3438,12.1799,11.7583
 ENSMUSG00000001228,10.107,9.5253,9.8785,9.5811,9.561,9.0786,9.4106,9.4879,9.3535,9.4723,11.4767,11.0089
 ENSMUSG00000028431,10.8324,10.896,10.8264,10.9954,11.5827,11.7383,12.2016,12.0994,11.0005,11.0944,12.8275,12.5202
 ENSMUSG00000018983,10.8262,10.7382,10.7317,11.181,9.5584,9.324,9.4756,9.7684,11.052,11.3877,10.2913,10.1189
 ENSMUSG00000081752,8.1701,7.8614,7.8929,7.8629,8.0169,8.2402,8.4362,8.77,8.571,7.9634,10.2886,9.2054
 ENSMUSG00000084010,3.9338,2.9238,4.2466,4.2295,4.5515,5.181,3.7763,4.5137,2.9238,3.7608,2.9238,4.1376
 ENSMUSG00000021123,10.4187,10.58,10.4037,10.6097,9.4766,9.6297,9.0289,9.0964,10.6067,10.7583,9.1512,9.083
 ENSMUSG00000029106,12.617,12.7519,12.512,12.8691,11.3784,11.4148,11.4865,11.7592,12.7726,12.8421,11.2606,11.1096
 ENSMUSG00000028614,9.0574,8.8418,8.7621,8.773,9.522,9.458,9.9395,9.9069,8.779,8.8339,10.8603,10.3922
 ENSMUSG00000033707,8.1473,8.0377,8.0342,7.9864,8.8713,8.8494,9.2518,9.4305,7.8194,8.0519,9.7485,9.5691
 ENSMUSG00000039356,10.169,10.1366,10.1886,10.2953,11.0001,11.0951,11.3627,11.3159,10.2225,10.2802,12.1589,11.7968
 ENSMUSG00000021131,9.092,8.777,9.0283,9.047,9.9822,9.8555,10.1824,10.0014,8.7138,8.8088,10.6737,10.486
 ENSMUSG00000040017,6.5441,6.9889,7.1965,7.4676,8.1726,8.726,7.1032,6.7149,6.751,7.0923,6.1326,6.7135
 ENSMUSG00000046049,3.8488,3.5702,4.2466,3.3992,4.9419,5.3297,3.7763,4.075,3.7128,2.9238,2.9238,3.8525
 ENSMUSG00000032103,9.7332,9.5299,9.6397,9.2887,10.3351,10.462,10.5961,10.8365,9.5258,9.6928,11.5606,10.9608
 ENSMUSG00000023047,4.5683,4.3887,4.3315,4.5571,5.5271,6.1898,5.7076,5.7436,4.3264,4.3368,5.8731,5.1849
 ENSMUSG00000022619,3.7539,3.9337,3.4387,3.3992,5.0694,5.6423,4.113,4.075,4.1103,3.4115,3.4793,3.3941
 ENSMUSG00000083107,3.7539,3.3828,3.4387,3.3992,4.8002,5.2574,4.7362,4.203,2.9238,3.4115,3.4793,4.052
 ENSMUSG00000026354,5.2807,5.0703,4.6798,5.3036,6.1976,6.6932,5.6686,6.1635,4.7993,5.0704,6.2243,6.6561
 ENSMUSG00000027374,9.7752,9.6107,9.7337,9.5701,10.6307,10.6671,10.6325,10.9166,9.7398,9.8058,11.5887,11.3184
 ENSMUSG00000028609,9.953,9.5147,9.7874,9.3598,10.4474,10.1597,10.5391,10.6524,9.4951,9.6431,11.5475,11.2816
 ENSMUSG00000024056,8.847,8.6464,8.7556,8.5542,7.4685,7.1441,7.1595,7.4537,8.6259,8.7803,7.9299,7.2431
 ENSMUSG00000052180,3.6451,3.3828,2.9238,3.3992,4.8002,5.5257,4.2447,3.9271,3.7128,3.4115,4.0154,4.3579
 ENSMUSG00000087701,5.2555,5.0703,5.4647,5.239,5.1287,2.9238,5.1443,5.386,4.7551,4.9887,5.4802,5.6861
 ENSMUSG00000005237,5.6299,5.7442,6.0677,5.778,7.3898,7.4558,6.5063,6.1892,5.9251,5.5616,5.0867,5.7764
 ENSMUSG00000028785,3.7539,3.8306,3.4387,3.74,5.2923,5.6423,3.5309,3.7484,3.7128,3.4115,4.1375,4.1376
 ENSMUSG00000068373,5.4224,6.1155,5.7857,6.3545,7.023,7.9178,6.077,5.9391,5.962,6.2082,5.2311,5.9214
 ENSMUSG00000095954,3.3431,3.7122,3.4387,2.9238,3.7693,5.4635,2.9238,4.075,4.2593,3.7608,3.7047,2.9238
 ENSMUSG00000072940,10.4457,10.281,10.3057,9.8042,10.0695,9.9496,9.4048,12.0051,10.1024,10.7018,11.413,10.0847
 ENSMUSG00000084314,4.9417,4.5593,5.4972,4.7165,4.9419,5.0135,4.9565,7.1893,4.7551,4.8554,5.4802,4.6488
 ENSMUSG00000034442,8.8571,8.6464,8.6751,8.4275,9.1923,9.1809,9.6176,9.7768,8.3658,8.6945,10.5564,10.1829
 ENSMUSG00000031613,10.7628,10.6856,11.2903,10.8671,10.1786,9.4696,9.74,9.2217,10.5285,10.7663,9.0831,10.1574
 ENSMUSG00000026566,7.2508,7.6212,7.515,7.8577,7.892,7.5018,7.4003,7.7386,6.9819,6.6872,5.6906,6.0347
 ENSMUSG00000040152,7.9314,7.5089,7.9165,7.9086,8.5118,8.1566,8.9594,7.3219,7.1335,8.3402,6.2243,7.8641
 ENSMUSG00000105053,5.6865,5.4877,5.4972,4.8122,6.2754,7.1246,7.3648,6.2392,6.2269,5.5616,6.1561,5.9214
 ENSMUSG00000051435,4.6527,4.1096,4.2466,4.0637,5.9023,6.1898,4.4672,5.0811,4.3264,4.092,4.2461,4.5411
 ENSMUSG00000073418,8.6384,8.509,8.5752,6.9884,9.0608,8.8375,8.5769,8.1153,7.6623,7.1108,7.2319,7.9988
 ENSMUSG00000040140,3.6451,3.3828,2.9238,3.3992,4.9419,5.181,4.113,4.203,3.3831,3.7608,2.9238,3.7315
 ENSMUSG00000062727,10.3462,9.6502,10.299,9.2557,8.3192,8.1373,9.0879,8.8399,9.6973,9.5552,9.997,9.0188
 ENSMUSG00000010538,6.8664,6.7068,6.5347,6.5348,7.7731,7.6722,8.1547,8.3699,6.7193,6.7116,8.1133,7.8128
 ENSMUSG00000015222,7.0256,6.7068,6.7737,7.5911,6.0577,6.7195,5.7824,5.6344,6.7405,7.5428,5.7227,5.6626
 ENSMUSG00000027072,5.5092,5.3531,5.7053,6.0413,4.9419,4.821,4.113,4.5137,5.4369,6.3556,4.8652,6.3432
 ENSMUSG00000084362,6.2554,6.6295,6.6522,7.2159,5.24,5.4635,6.1903,5.6344,7.4416,6.7475,6.0844,5.4858
 ENSMUSG00000032816,4.2113,4.3887,4.0523,4.6126,5.7273,6.1898,5.5871,5.386,4.5062,4.4073,4.1375,4.9245
 ENSMUSG00000024287,10.6061,10.5348,10.5462,10.4508,11.3046,11.4464,11.8122,11.7394,10.5857,10.6595,12.476,12.0481
 ENSMUSG00000071322,3.5148,3.5702,3.4387,3.3992,4.8002,5.4635,4.2447,4.203,3.3831,2.9238,4.2461,4.052
 ENSMUSG00000050199,5.7932,5.7653,5.8618,5.5349,6.7796,7.3255,6.528,6.3794,5.564,5.5339,7.4641,6.9223
 ENSMUSG00000000708,10.437,10.4527,10.4284,10.4064,9.3098,9.324,9.0364,8.9956,10.4595,10.5228,9.0338,8.9658
 ENSMUSG00000031765,6.9819,6.2101,7.0549,6.6594,7.5841,7.1246,7.4575,6.8166,5.9437,6.6497,5.0348,6.2372
 ENSMUSG00000081528,5.1771,5.5626,5.3972,5.8852,4.5515,3.9222,4.8873,4.3167,6.1333,6.1006,4.9243,4.6993
 ENSMUSG00000030032,4.0826,4.2584,3.6483,4.2295,5.3911,6.2634,4.3616,4.6819,4.4494,4.092,4.9243,4.052
 ENSMUSG00000028964,10.5892,10.4269,10.4885,10.3124,11.2698,11.1075,11.6637,11.8703,10.3167,10.5305,12.2565,11.8851
 ENSMUSG00000074505,3.9338,4.1867,4.3315,4.3724,5.5695,6.4945,4.113,4.6819,4.7993,4.4073,4.6691,4.7943
 ENSMUSG00000047414,4.841,4.7082,5.3263,4.7165,5.0694,5.4635,3.9606,3.7484,5.0361,5.8347,3.7047,5.5644
 ENSMUSG00000071424,4.2113,4.754,5.0875,5.1711,6.1976,6.6114,4.8873,5.0811,4.7551,4.9458,4.1375,5.1157
 ENSMUSG00000036030,4.149,4.3887,4.4837,4.6657,5.6107,6.3671,4.113,4.7579,4.9996,4.6522,4.0154,3.9579
 ENSMUSG00000030007,11.8792,11.7341,11.9403,11.781,12.2669,12.1974,12.7318,12.7616,11.7813,11.8332,14.0538,13.1111
 ENSMUSG00000018362,11.0154,10.6075,10.8729,10.3624,10.9618,10.8629,11.3378,11.336,10.5421,10.5567,12.698,12.2483
 ENSMUSG00000026413,3.6451,3.8306,3.6483,4.2295,5.3426,5.6423,3.7763,4.3167,3.5706,3.6103,3.7047,3.5861
 ENSMUSG00000035772,9.3262,9.1733,9.2011,9.1645,10.0766,10.0888,10.4004,10.526,9.124,9.3729,11.072,10.726
 ENSMUSG00000036944,10.0236,9.9033,9.874,9.958,9.2696,9.3576,8.9395,9.2031,10.1788,10.1955,7.9698,8.5049
 ENSMUSG00000083121,7.4454,8.0462,7.9849,8.1601,6.6305,6.2988,6.7464,6.942,8.1103,8.2966,6.9143,6.9701
 ENSMUSG00000034055,10.0572,10.2917,10.1219,10.2527,8.8336,8.6051,8.8947,8.948,10.2893,10.1595,8.9565,8.9059
 ENSMUSG00000035575,10.7851,10.7131,10.6888,10.7177,11.4382,11.5401,11.6655,11.6819,10.6449,10.7517,12.6962,12.3704
 ENSMUSG00000098428,7.4238,7.1236,7.4994,6.3982,7.4127,6.9364,6.5493,7.2389,6.1964,6.7825,4.9807,6.5717
 ENSMUSG00000092518,3.3431,2.9238,2.9238,2.9238,4.4554,5.0999,4.2447,3.9271,2.9238,3.6103,3.8746,3.3941
 ENSMUSG00000024211,4.8755,4.5593,4.9495,6.0227,4.5515,5.6423,5.2014,4.8972,6.3839,5.922,6.4113,6.2054
 ENSMUSG00000020288,9.9445,9.9639,9.9052,9.9214,9.1823,9.4963,9.6326,9.2431,9.977,9.9119,11.9687,10.089
 ENSMUSG00000025141,5.0047,4.6606,4.618,4.9433,3.7693,4.1352,2.9238,3.9271,4.5062,5.5056,4.4346,3.5861
 ENSMUSG00000083642,3.6451,3.8306,3.8066,2.9238,4.4554,5.4635,4.5639,4.3167,2.9238,3.6103,4.1375,4.2163
 ENSMUSG00000076583,10.3604,10.2455,10.0466,9.2439,11.751,11.0521,9.4392,10.035,9.5838,9.8044,10.5705,9.8377
 ENSMUSG00000062054,9.2068,9.1752,9.1696,9.0806,9.6261,9.3068,10.4047,10.3598,9.3483,9.4633,11.1333,10.705
 ENSMUSG00000022494,2.9238,3.3828,2.9238,2.9238,4.3505,5.0999,2.9238,2.9238,2.9238,2.9238,2.9238,3.3941
 ENSMUSG00000026432,3.8488,3.7122,3.6483,3.5932,4.9419,5.3297,5.1443,5.1371,3.7128,4.2614,3.7047,3.5861
 ENSMUSG00000049109,7.8161,8.2138,7.568,7.5849,8.9438,9.6366,8.2803,8.0264,8.2492,6.8719,7.6476,8.1513
 ENSMUSG00000078784,9.8397,9.5314,9.7518,9.3959,10.606,10.3304,10.6138,10.6455,9.7174,9.8407,11.5459,11.3792
 ENSMUSG00000074628,5.5092,5.5131,5.2122,6.0038,4.9419,4.7123,5.2014,3.9271,5.6579,6.024,3.8746,4.7943
 ENSMUSG00000031451,6.669,6.3957,7.6405,6.9205,7.2693,6.9804,7.0143,6.5471,6.0503,6.1732,4.9807,5.9602
 ENSMUSG00000064137,9.3043,9.1498,9.2758,9.5998,10.4152,10.8348,9.1023,9.6636,8.8266,9.2966,8.0711,9.4432
 ENSMUSG00000037606,10.1113,10.2962,10.2256,10.3218,8.908,9.1903,8.857,9.0135,10.3342,10.3935,8.7583,8.9705
 ENSMUSG00000049314,5.7049,5.8663,5.9571,5.6858,3.9523,4.5931,4.5639,4.5137,5.8678,5.7172,5.0348,4.5411
 ENSMUSG00000020361,12.7529,12.6245,12.7544,12.6544,13.169,13.2434,13.5851,13.583,12.6436,12.6568,14.8042,14.1856
 ENSMUSG00000032026,10.0986,9.726,9.889,9.3525,10.6728,10.4405,10.6448,10.9119,9.4105,9.5264,11.4452,11.1291
 ENSMUSG00000017969,7.3108,7.4966,7.6047,7.9333,6.1153,6.2271,6.6113,6.2875,7.1174,6.9146,5.6239,6.3577
 ENSMUSG00000054263,9.1123,9.0008,9.1915,9.7961,8.8999,8.612,8.2222,7.6497,9.9342,10.1595,9.0771,8.9587
 ENSMUSG00000060534,2.9238,3.3828,2.9238,2.9238,4.2344,5.181,2.9238,2.9238,3.3831,2.9238,2.9238,3.5861
 ENSMUSG00000063694,10.0616,9.7715,9.8785,9.8189,10.8881,10.7423,11.12,10.8535,9.7593,9.9405,11.6605,11.4817
 ENSMUSG00000008129,5.9848,5.9047,5.6774,6.3692,6.8983,7.0019,7.0594,7.3783,6.1007,6.5447,7.4359,7.9331
 ENSMUSG00000038736,9.4271,9.1963,9.3337,9.0762,9.9316,9.8407,10.4518,10.3696,9.2135,9.3125,11.2053,10.7555
 ENSMUSG00000050700,2.9238,2.9238,3.4387,3.3992,3.9523,5.3982,3.5309,2.9238,3.3831,2.9238,3.4793,4.052
 ENSMUSG00000027398,8.9986,8.459,8.9478,7.5339,8.7686,9.5555,9.2421,8.7574,7.486,8.1881,7.9095,7.593
 ENSMUSG00000066007,4.0112,4.5052,4.4837,3.9687,4.3505,5.5257,5.7824,5.7082,3.8312,4.9014,5.0348,5.4585
 ENSMUSG00000112023,8.92,8.4106,8.8595,7.3398,9.4042,9.4385,8.7786,8.3699,7.7893,7.6027,7.6881,8.751
 ENSMUSG00000038587,10.5212,10.5143,10.3234,11.3,10.6928,10.5718,11.3264,11.4741,11.0032,11.5158,9.1855,9.792
 ENSMUSG00000035934,3.7539,3.9337,3.8066,3.74,5.1287,5.5257,2.9238,3.7484,4.0265,3.7608,3.4793,4.3579
 ENSMUSG00000010047,7.6168,7.3465,7.5975,7.3909,8.6191,8.222,8.814,8.8911,7.4735,7.536,9.3046,8.661
 ENSMUSG00000041064,6.7143,6.1155,6.3025,5.6618,5.4832,5.4635,4.2447,4.7579,5.8283,5.386,5.3194,4.6993
 ENSMUSG00000032776,10.9664,10.9847,10.9562,11.4361,9.7458,10.0037,9.9335,9.7747,11.4711,11.7542,10.3095,10.6651
 ENSMUSG00000027404,10.995,10.7965,10.9912,10.8221,11.2627,11.0418,12.2334,12.1508,10.9906,11.077,12.8656,12.187
 ENSMUSG00000004105,7.8769,8.5924,8.1726,8.8321,7.8756,7.7879,7.6166,7.8702,8.6567,8.5869,6.3312,7.2275
 ENSMUSG00000094120,2.9238,2.9238,2.9238,2.9238,4.2344,5.0999,2.9238,2.9238,2.9238,2.9238,2.9238,2.9238
 ENSMUSG00000051316,9.7953,9.774,9.7502,9.7509,10.4776,10.6089,10.8602,10.8395,9.8101,9.9885,11.8112,11.334
 ENSMUSG00000020423,12.5884,12.5245,12.5618,12.7576,13.1564,13.154,13.8382,13.9033,12.5604,12.8057,11.8442,11.4759
 ENSMUSG00000033213,4.5683,4.1096,3.8066,3.3992,4.3505,5.3982,5.2561,4.075,3.3831,3.6103,5.0348,4.7943
 ENSMUSG00000050666,7.9314,8.042,8.1677,7.7334,7.4013,6.0717,6.9678,6.8166,7.571,7.138,6.202,6.6325
 ENSMUSG00000092261,6.0289,6.4988,6.3728,7.0802,5.5695,4.821,5.0222,5.7082,6.5006,6.3242,5.2311,5.2825
 ENSMUSG00000022391,10.9234,10.7997,10.8879,10.9489,11.5997,11.7255,12.059,12.0343,10.8004,10.7124,12.8425,12.1181
 ENSMUSG00000069925,4.6927,5.2348,4.3315,4.8574,6.3491,6.7453,5.0847,5.386,4.962,4.5956,4.9243,5.0044
 ENSMUSG00000096574,2.9238,2.9238,2.9238,3.74,3.9523,5.181,2.9238,2.9238,2.9238,2.9238,2.9238,2.9238
 ENSMUSG00000071072,11.3652,11.2291,11.3903,11.2041,11.7694,11.5993,12.0691,11.9799,11.0467,11.1275,13.3602,12.703
 ENSMUSG00000025264,8.8651,8.7616,8.5603,8.6075,9.4847,9.5372,9.7423,9.8424,8.5533,8.8256,10.4606,10.3904
 ENSMUSG00000086322,5.2807,5.4355,5.8862,5.9259,6.5703,6.1515,6.9835,6.4865,5.7457,6.0436,7.4167,7.3479
 ENSMUSG00000096294,2.9238,2.9238,2.9238,2.9238,4.1036,5.181,3.5309,2.9238,2.9238,2.9238,3.4793,2.9238
 ENSMUSG00000010554,10.7498,10.7198,10.6621,10.8594,11.4822,11.7133,11.9253,11.852,10.7545,10.8529,12.6448,12.3125
 ENSMUSG00000024225,2.9238,2.9238,2.9238,2.9238,3.5259,5.3297,2.9238,2.9238,2.9238,2.9238,2.9238,2.9238
 ENSMUSG00000095996,2.9238,2.9238,2.9238,2.9238,3.5259,5.3297,2.9238,2.9238,2.9238,2.9238,2.9238,2.9238
 ENSMUSG00000068749,10.3512,10.1106,10.3837,10.0971,10.7489,10.5592,11.3945,11.1512,10.3185,10.3487,12.2187,11.8326
 ENSMUSG00000004446,10.8138,10.558,10.7301,10.424,11.3828,11.2227,11.6162,11.6819,10.554,10.5262,12.604,12.0561
 ENSMUSG00000005447,9.4724,9.2615,9.2689,9.6075,8.2636,7.9947,8.7376,8.8755,9.5647,9.9735,7.8466,8.304
 ENSMUSG00000031917,10.5575,10.5513,10.6828,10.5437,11.1352,11.2809,11.5846,11.4155,10.6855,10.7678,12.667,12.2296
 ENSMUSG00000020684,3.6451,3.3828,3.4387,3.3992,4.7228,5.5257,4.814,4.6008,3.8312,3.7608,4.2461,4.7477
 ENSMUSG00000042500,9.0113,9.1616,9.047,9.5382,8.3492,8.5479,8.0984,8.0474,9.2744,9.2517,7.5009,7.5434
 ENSMUSG00000074930,4.3786,4.3255,2.9238,4.0637,4.3505,4.5931,4.113,5.9987,3.8312,4.2614,4.596,3.9579
 ENSMUSG00000005950,5.9996,6.0991,6.2474,6.5985,7.205,7.7755,6.8867,6.6611,5.962,6.1191,7.8322,7.556
 ENSMUSG00000075599,3.5148,4.2584,4.1542,4.6126,5.2923,6.03,4.113,4.3167,4.0265,3.7608,4.0154,3.8525
 ENSMUSG00000007655,5.1499,5.1715,5.9338,4.9433,5.438,5.0135,4.4672,4.075,5.4369,6.1908,4.1375,6.0528
 ENSMUSG00000082615,3.3431,2.9238,3.8066,2.9238,4.2344,5.0999,2.9238,2.9238,2.9238,3.6103,2.9238,2.9238
 ENSMUSG00000054672,6.2798,6.0487,5.4972,4.5571,6.6692,6.8909,5.8535,5.6344,5.3259,4.758,5.3614,5.9409
 ENSMUSG00000020988,7.9616,7.95,8.0396,8.0557,8.6092,8.5479,9.0401,8.9217,8.0566,7.8854,10.005,9.5394
 ENSMUSG00000037995,7.226,7.5573,7.3942,8.3886,8.4904,8.6601,9.0915,9.2248,8.2119,8.3323,9.074,9.1382
 ENSMUSG00000044197,9.8407,9.9772,9.9271,10.2702,9.0204,9.0937,8.8655,8.6653,10.2131,10.2009,8.4599,8.6435
 ENSMUSG00000026414,5.3534,5.3811,4.9495,6.3094,6.6305,7.0019,5.9536,6.0835,5.1062,5.1842,4.8032,5.5644
 ENSMUSG00000081984,4.27,4.3255,4.7387,4.2295,4.873,5.3297,6.1348,6.2392,4.2593,4.4735,4.6691,5.0425
 ENSMUSG00000022496,6.7143,6.5235,6.6093,5.3653,6.3728,6.82,5.5005,6.2635,5.1062,5.22,5.1847,5.1508
 ENSMUSG00000068037,2.9238,3.8306,2.9238,3.3992,4.8002,5.2574,4.113,3.7484,3.3831,3.4115,3.4793,3.9579
 ENSMUSG00000025393,13.4685,13.2625,13.4566,13.2091,13.8834,13.7103,14.2981,14.3816,13.3566,13.4867,15.3863,14.8967
 ENSMUSG00000060791,11.374,11.2291,11.3654,11.2437,10.401,10.3368,9.9515,10.1414,11.481,11.6484,9.7618,10.0419
 ENSMUSG00000061825,4.3257,4.754,3.9381,2.9238,4.3505,5.0999,2.9238,3.5108,4.5062,3.4115,4.3444,4.2895
 ENSMUSG00000081881,3.6451,4.5052,3.6483,4.2295,5.0694,6.1515,4.4672,3.7484,4.2593,4.1803,4.0154,4.1376
 ENSMUSG00000085342,4.5683,4.4484,4.618,4.3724,4.2344,4.4604,4.113,2.9238,4.7993,4.4073,6.0597,4.7943
 ENSMUSG00000020549,9.9828,9.8583,9.9755,9.7866,10.4965,10.6937,10.827,10.9109,9.8971,10.0095,11.833,11.596
 ENSMUSG00000085601,3.7539,3.3828,3.4387,3.3992,4.7228,5.2574,3.9606,4.3167,3.7128,3.4115,5.1366,4.6488
 ENSMUSG00000029875,3.5148,3.7122,4.0523,2.9238,5.0072,5.2574,4.4672,3.7484,3.3831,3.6103,3.4793,3.3941
 ENSMUSG00000020295,3.5148,2.9238,2.9238,3.74,3.9523,2.9238,2.9238,2.9238,2.9238,5.0302,2.9238,4.2163
 ENSMUSG00000082112,5.1499,4.9607,5.2513,4.7165,4.2344,5.181,2.9238,4.8295,5.1728,4.5362,5.4802,5.3734
 ENSMUSG00000045038,11.4108,11.7199,11.4164,12.2106,11.7409,11.8688,12.1806,12.1693,11.827,11.961,10.1422,10.2471
 ENSMUSG00000028798,11.4938,11.2928,11.5577,11.2957,11.889,11.8303,12.4525,12.4828,11.5756,11.514,13.4593,12.9332
 ENSMUSG00000079466,3.6451,4.1096,4.1542,4.2295,5.0072,5.6971,2.9238,4.4196,3.9343,3.6103,4.0154,4.2895
 ENSMUSG00000002343,7.8448,7.6824,7.8929,7.8783,7.9943,7.6722,8.5509,8.6653,7.8966,7.8854,9.9396,9.1507
 ENSMUSG00000022964,9.9642,10.0198,10.0115,9.9831,8.7235,8.3941,8.39,8.7616,9.9958,10.0506,9.9396,9.367
 ENSMUSG00000031398,7.9616,8.2692,8.1178,8.4344,8.5536,8.5184,9.5351,9.3763,8.3927,8.4812,10.0194,9.7907
 ENSMUSG00000101035,2.9238,2.9238,2.9238,2.9238,2.9238,5.3297,2.9238,2.9238,3.5706,3.4115,2.9238,3.3941
 ENSMUSG00000001027,9.9284,10.1065,9.9052,10.2953,8.7189,9.1903,8.7786,9.0028,10.0548,10.268,8.5504,8.6464
 ENSMUSG00000025129,4.3257,3.8306,4.618,4.1501,5.0694,5.5257,5.7824,5.5565,4.3896,3.886,5.4021,5.2508
 ENSMUSG00000025475,3.8488,4.2584,4.3315,4.5571,5.6507,6.03,5.5005,5.386,4.7093,4.092,4.4346,4.4223
 ENSMUSG00000050122,4.8056,4.2584,4.9495,4.4373,5.0694,5.5853,3.7763,4.6819,4.6121,3.886,2.9238,4.2163
 ENSMUSG00000062093,4.3786,2.9238,3.9381,4.5571,5.1855,4.3101,4.6531,5.4307,4.9232,4.8076,4.9243,5.4024
 ENSMUSG00000034245,7.812,7.968,7.8929,7.6461,6.5907,6.4322,6.4164,6.7835,7.6733,7.7332,6.1792,6.5593
 ENSMUSG00000020876,10.6715,10.8282,10.7058,10.8754,11.5789,11.5346,12.1797,12.1334,10.8939,10.8071,12.5183,12.2013
 ENSMUSG00000049882,7.6072,7.6715,7.568,7.6521,8.6864,8.7452,8.7696,8.7488,7.6059,8.0132,9.4597,9.1954
 ENSMUSG00000087468,2.9238,2.9238,2.9238,2.9238,2.9238,5.3297,2.9238,2.9238,2.9238,2.9238,2.9238,2.9238
 ENSMUSG00000021692,8.7158,8.5363,8.726,8.7256,9.4352,9.5262,9.792,9.6883,8.8437,8.7803,10.6987,10.2039
 ENSMUSG00000038060,6.6222,7.2832,7.0007,7.3324,8.3728,8.7766,7.0446,7.0151,7.1335,7.016,6.3718,6.6908
 ENSMUSG00000020704,3.3431,2.9238,3.4387,3.5932,4.7228,5.181,3.7763,2.9238,3.7128,3.4115,2.9238,3.5861
 ENSMUSG00000022596,7.5134,7.5212,7.4599,7.7334,7.7005,7.3921,7.9229,8.0818,7.5532,7.6538,9.455,9.2658
 ENSMUSG00000032174,4.8056,5.1049,4.7387,4.3724,5.8,6.2988,6.2953,5.9391,4.7093,4.4073,5.0348,5.4024
 ENSMUSG00000051490,3.7539,3.5702,3.8066,3.3992,5.0072,4.9209,3.9606,2.9238,2.9238,2.9238,3.7047,3.3941
 ENSMUSG00000028527,3.7539,3.8306,4.4837,3.74,5.1855,5.0999,5.3087,5.1371,3.5706,3.9948,4.9243,5.2183
 ENSMUSG00000076709,7.9199,7.4461,9.5181,6.8386,7.3782,7.5463,6.9835,6.9717,7.3275,7.4152,7.5279,7.4921
 ENSMUSG00000090840,5.0937,5.0348,5.3263,5.2055,5.6107,6.1515,6.5063,6.5668,5.0361,4.9887,6.7553,6.3432
 ENSMUSG00000024112,8.8591,8.9587,8.6543,9.1414,8.7774,9.1282,7.4797,7.8384,8.4673,8.9042,7.4453,7.3334
 ENSMUSG00000000120,7.6025,7.8175,7.7028,8.5022,8.1109,8.2036,7.5232,7.4951,7.9564,7.622,6.1792,6.3285
 ENSMUSG00000044156,9.238,9.433,9.2621,9.2219,8.7862,8.8135,8.2612,8.3643,8.922,8.6699,7.2751,7.479
 ENSMUSG00000032105,4.2113,3.9337,3.9381,3.8623,5.24,5.2574,4.814,4.5137,3.3831,2.9238,4.1375,4.4223
 ENSMUSG00000078795,3.6451,4.0258,3.6483,2.9238,4.2344,5.2574,3.7763,2.9238,2.9238,3.4115,2.9238,3.3941
 ENSMUSG00000027195,10.1731,9.8893,10.2867,9.9938,10.8351,10.7068,11.3484,11.191,9.8126,9.9001,11.7529,11.4383
 ENSMUSG00000054293,9.9274,10.0591,10.1789,10.0526,8.5842,8.5551,8.8823,8.9702,10.3079,10.4084,9.5567,9.1024
 ENSMUSG00000031604,9.5137,9.4232,9.781,9.9508,10.2582,10.2066,10.6374,10.7193,9.8494,9.8571,11.5114,11.4551
 ENSMUSG00000093838,8.5063,8.7409,8.962,7.7049,8.773,8.6397,9.4392,7.2143,7.5532,7.8141,8.7545,7.6526
 ENSMUSG00000091149,4.27,4.611,4.3315,4.8574,3.5259,2.9238,4.113,3.5108,4.6617,4.8076,3.7047,2.9238
 ENSMUSG00000020708,10.2592,10.0274,10.1704,10.2047,11.0216,10.8423,11.2174,11.326,10.0315,10.2944,11.8602,11.8776
 ENSMUSG00000025068,9.0131,8.7172,9.039,8.7647,9.7368,9.4541,9.9274,9.7408,8.4191,8.6574,10.5367,10.2992
 ENSMUSG00000062619,7.7309,7.5573,7.6476,7.3692,8.307,8.1178,8.8947,8.9141,7.7219,7.9885,9.3354,9.233
 ENSMUSG00000030224,10.6761,10.4951,10.6734,10.6558,11.369,11.4158,11.7067,11.6924,10.5973,10.8481,12.54,12.2357
 ENSMUSG00000035186,7.269,7.4841,7.801,6.9205,8.2446,7.1633,6.6513,7.0007,6.8902,5.943,5.9013,7.5622
 ENSMUSG00000019803,4.0826,4.8408,4.4102,4.7653,5.438,6.1122,4.113,4.075,4.4494,4.1803,4.1375,3.5861
 ENSMUSG00000038175,11.8915,11.8938,11.8447,11.9759,10.7263,10.7391,10.7707,10.8152,11.8947,12.1739,10.4228,10.4403
 ENSMUSG00000010142,12.4292,12.2806,12.2689,12.3587,10.8593,10.6671,10.8822,11.4188,12.3662,12.5555,12.0003,11.7885
 ENSMUSG00000018405,8.9821,8.8539,8.8503,8.9796,9.2474,9.3742,10.1165,10.1639,9.0584,9.1486,10.8969,10.3306
 ENSMUSG00000083979,5.7585,6.0991,5.9571,6.7959,5.1855,4.7123,4.6531,5.0811,6.1652,6.1191,4.8032,5.3135
 ENSMUSG00000092021,4.6112,4.922,4.4837,3.9687,5.5271,5.7498,4.4672,4.5137,3.9343,3.4115,3.7047,4.5962
 ENSMUSG00000028156,10.84,10.8356,10.8834,10.8444,11.088,11.132,11.7576,11.5606,10.8981,10.9752,12.9498,12.3541
 ENSMUSG00000018040,10.7498,10.5734,10.6948,10.5397,11.4058,11.4386,11.5489,11.6155,10.665,10.7169,12.6215,12.2124
 ENSMUSG00000100025,4.3786,4.2584,4.6798,3.8623,4.8002,5.3297,5.0847,4.8972,4.5604,4.4735,6.5764,5.2508
 ENSMUSG00000068747,10.3512,10.4803,10.7317,10.1904,10.0604,9.2675,9.2932,9.0486,9.8901,9.5785,8.4316,9.1299
 ENSMUSG00000058809,3.7539,3.8306,3.9381,4.1501,4.9419,2.9238,4.6531,4.4196,4.0265,3.886,5.6239,4.6993
 ENSMUSG00000051232,9.0058,8.9677,9.0761,8.7256,9.6647,9.7769,10.1446,10.2555,8.9808,9.0918,10.8108,10.3577
 ENSMUSG00000029372,7.1024,6.7802,6.8976,7.1581,7.4685,5.987,6.8006,6.1892,6.73,7.3928,4.9807,6.7578
 ENSMUSG00000033368,4.5237,4.611,4.1542,4.6657,5.0072,5.6971,4.9565,5.4739,4.3264,4.5362,6.5413,5.5125
 ENSMUSG00000023156,9.2052,9.124,9.2154,9.1583,9.8375,9.6603,10.0715,9.9372,9.2452,9.3066,11.2233,10.8114
 ENSMUSG00000085603,10.3975,10.6623,10.3995,10.7318,9.9726,10.4168,9.2742,9.3818,10.8004,10.6957,8.8643,9.2941
 ENSMUSG00000025757,9.9226,9.947,9.9671,10.0252,9.0608,8.8902,8.8989,8.736,9.9726,9.934,11.045,9.039
 ENSMUSG00000082686,5.5506,5.6335,5.4314,5.6618,4.9419,4.5931,3.7763,4.6819,5.6117,5.9007,4.1375,4.5411
 ENSMUSG00000057751,3.6451,4.1096,3.6483,3.9687,5.24,5.9427,5.0222,4.7579,4.6617,4.092,4.9243,4.4833
 ENSMUSG00000078588,4.2113,4.2584,3.6483,4.0637,4.9419,5.6971,4.5639,4.8295,4.1875,3.886,5.9013,4.6993
 ENSMUSG00000078616,9.0149,8.92,8.99,9.1583,7.6627,7.6722,8.3178,7.5452,8.2195,9.0732,7.4263,7.6986
 ENSMUSG00000102502,3.3431,3.5702,2.9238,2.9238,3.5259,2.9238,2.9238,5.2919,2.9238,2.9238,2.9238,2.9238
 ENSMUSG00000051617,2.9238,2.9238,2.9238,2.9238,3.7693,5.181,2.9238,3.7484,2.9238,2.9238,2.9238,2.9238
 ENSMUSG00000066232,12.1849,12.1069,12.2529,12.153,12.8971,12.9735,13.2456,13.1701,12.1933,12.2135,14.1744,13.6155
 ENSMUSG00000021782,5.0047,5.2348,5.172,4.4373,5.9023,6.6392,5.408,4.8295,5.3259,4.9014,4.0154,5.7764
 ENSMUSG00000015484,3.5148,3.7122,3.4387,3.3992,4.9419,5.181,2.9238,3.7484,3.8312,3.6103,4.0154,2.9238
 ENSMUSG00000095564,4.0112,3.8306,2.9238,3.3992,2.9238,5.3297,4.2447,4.075,3.5706,3.886,3.4793,2.9238
 ENSMUSG00000057817,3.5148,2.9238,3.4387,2.9238,4.4554,5.3982,3.9606,4.203,3.7128,3.4115,3.4793,3.9579
 ENSMUSG00000047712,6.6505,6.6408,6.7344,6.3982,7.8673,7.5018,7.4797,7.2987,6.5615,6.3242,5.4021,6.1396
 ENSMUSG00000020473,5.1221,5.2654,5.2893,5.1358,6.3962,6.7706,6.4394,5.877,5.3259,4.9014,6.559,6.4553
 ENSMUSG00000028455,9.9837,9.7817,9.8142,9.6912,10.2987,10.2453,10.6125,10.657,9.79,9.8254,11.7946,11.4307
 ENSMUSG00000051727,8.6685,8.7119,8.3299,9.3653,7.5841,7.9947,7.4349,7.5648,8.6951,8.8909,7.1874,7.7757
 ENSMUSG00000032423,12.6942,12.5785,12.5693,12.7084,13.4757,13.5999,13.6841,13.6346,12.646,12.7727,14.441,14.3218
 ENSMUSG00000013701,11.6562,11.67,11.9396,10.609,12.1758,12.2409,11.8817,11.6689,11.2086,10.8007,12.9283,12.6546
 ENSMUSG00000068893,2.9238,4.9607,4.9495,4.9842,5.1855,5.7498,5.2561,4.4196,4.7993,4.8554,5.2311,4.965
 ENSMUSG00000061603,4.429,5.1386,4.9,3.8623,5.438,5.9427,3.7763,4.7579,4.1103,4.2614,4.2461,3.8525
 ENSMUSG00000022231,9.0022,9.3481,9.1071,9.281,8.7949,9.6193,8.5403,7.7642,8.2783,8.1396,7.4826,7.971
 ENSMUSG00000081228,3.7539,4.1867,3.9381,3.74,4.2344,5.2574,3.9606,5.0227,2.9238,3.886,2.9238,3.9579
 ENSMUSG00000020131,5.6105,5.3531,5.3622,5.7327,6.1153,6.2634,6.5703,6.8002,5.6117,5.8347,7.2644,7.2508
 ENSMUSG00000035818,4.0112,3.9337,3.9381,3.5932,5.0694,5.181,4.8873,4.203,3.7128,3.7608,2.9238,3.3941
 ENSMUSG00000056144,12.8986,13.0375,12.9743,12.998,11.7094,11.6211,12.0339,12.0011,12.9835,13.1609,11.6056,11.4438
 ENSMUSG00000100344,3.3431,3.7122,3.6483,3.3992,4.6402,5.0999,4.7362,5.1371,3.7128,3.4115,4.596,4.4833
 ENSMUSG00000094345,9.8151,9.4313,9.485,8.6648,9.4901,10.9633,9.0099,9.6591,8.1659,9.0158,9.0618,9.1834
 ENSMUSG00000032101,7.1557,7.217,7.1375,7.0073,6.4417,6.5831,6.0471,6.6427,7.1414,7.4373,5.4417,5.4307
 ENSMUSG00000025461,4.7315,5.2654,5.3622,4.1501,5.6507,6.6932,5.3087,5.1907,5.3259,4.1803,4.8032,5.5896
 ENSMUSG00000038963,7.1091,7.0494,6.9328,7.9816,6.0868,6.4637,6.8529,6.6611,7.8872,8.0941,8.0711,7.693
 ENSMUSG00000083219,5.1499,4.754,4.9,4.4988,6.6107,6.4,4.814,5.5565,4.7093,4.9014,4.6691,5.4307
 ENSMUSG00000100922,4.149,4.0258,4.1542,3.3992,5.1855,5.3982,5.6686,5.3398,4.5062,4.092,4.8032,4.5411
 ENSMUSG00000086112,2.9238,4.0258,2.9238,4.1501,4.2344,5.0999,4.113,3.9271,2.9238,3.4115,4.1375,4.4833
 ENSMUSG00000052353,5.776,6.2101,5.7327,5.9847,7.3547,7.6855,6.7091,5.9391,6.5006,5.8347,6.3517,7.3694
 ENSMUSG00000049999,5.5301,4.8408,5.2122,4.1501,5.5695,5.8496,5.6284,4.7579,3.9343,4.3368,4.0154,4.4833
 ENSMUSG00000047907,4.6927,5.7227,4.9,4.9842,6.2754,6.5831,5.5445,5.1371,5.4633,4.9014,4.2461,5.9409
 ENSMUSG00000022505,5.3534,4.882,5.3263,5.7555,6.3728,7.1049,5.7076,5.1907,5.1399,5.2549,4.596,5.9409
 ENSMUSG00000107145,5.4446,5.3811,5.3622,4.2295,5.2923,5.6423,5.9855,6.6427,4.4494,5.7415,4.5181,5.5896
 ENSMUSG00000000416,4.149,4.5593,4.4102,3.5932,5.1855,5.8006,4.2447,3.7484,4.6121,4.6522,3.4793,5.0796
 ENSMUSG00000099660,7.4667,8.164,7.9905,8.6197,8.932,8.9794,8.4017,8.5177,8.0608,8.2682,6.487,7.7757
 ENSMUSG00000043415,9.5979,9.5055,9.3597,9.8582,8.5892,8.0678,8.7191,8.9255,9.7425,10.0742,8.5893,8.122
 ENSMUSG00000084096,4.5237,4.7082,4.9495,5.2717,6.0868,6.0717,4.2447,4.6008,4.1875,4.092,4.2461,4.8825
 ENSMUSG00000079383,4.0826,4.5052,4.4837,4.0637,5.3911,5.5853,4.113,4.6819,4.1103,2.9238,4.3444,4.6993
 ENSMUSG00000053931,11.5924,11.5399,11.5169,11.805,10.2677,9.985,10.2175,10.6072,11.6969,11.9057,11.0925,10.8488
 ENSMUSG00000042406,11.878,11.7113,11.7081,11.668,12.3456,12.4935,12.7043,12.7854,11.6683,11.953,13.7217,13.2379
 ENSMUSG00000023349,10.8982,10.2556,11.6019,10.5121,11.9367,11.2896,11.7167,11.0851,9.9704,10.3963,9.8972,11.0382
 ENSMUSG00000027907,9.9614,9.5862,9.8344,9.6121,10.5478,10.3947,10.7074,11.1423,9.6438,9.7831,8.6682,9.2034
 ENSMUSG00000050377,4.9736,5.2035,5.4314,4.2295,6.1433,6.2634,4.8873,4.075,5.0361,4.7062,4.5181,4.5411
 ENSMUSG00000037376,10.0119,9.9253,9.8452,9.9592,10.8298,10.9837,11.0127,11.0308,9.977,10.0986,11.6307,11.6427
 ENSMUSG00000109238,4.841,4.7082,4.7948,5.5349,6.1153,6.6665,4.5639,4.4196,5.1728,4.9458,5.1366,5.8404
 ENSMUSG00000023902,3.3431,4.0258,3.9381,3.74,4.8002,5.2574,4.2447,4.7579,3.5706,3.6103,3.4793,2.9238
 ENSMUSG00000046186,4.0826,3.5702,3.4387,3.74,5.1287,4.9209,5.1443,4.8295,3.7128,3.4115,3.7047,3.7315
 ENSMUSG00000008540,8.3147,8.0589,8.9363,7.9185,8.0755,7.3592,8.0018,7.5841,7.9106,8.0083,6.3917,6.7578
 ENSMUSG00000059708,8.8987,8.7565,8.6543,9.0739,7.7005,7.2735,7.6464,7.8702,9.0605,9.4417,8.2599,8.1388
 ENSMUSG00000029661,6.0716,6.6408,5.9571,6.0596,7.3898,7.9065,7.0594,6.6241,7.1651,6.5447,5.8149,7.518
 ENSMUSG00000036040,5.0937,5.9785,4.9972,4.9842,6.6882,7.0231,5.7824,5.2423,6.2117,5.1095,5.5894,6.0165
 ENSMUSG00000050533,6.1665,5.8663,5.2513,5.5349,6.65,6.9138,6.7464,7.1509,6.6313,5.22,7.0197,6.2529
 ENSMUSG00000072720,6.2053,6.1155,6.5799,6.5477,7.2942,7.3255,6.6513,5.877,6.3147,5.879,4.8652,5.7092
 ENSMUSG00000036309,10.8761,10.864,10.9912,10.8128,11.3168,11.1429,12.0475,11.9917,10.9994,11.0385,12.9054,12.2028
 ENSMUSG00000058579,4.149,4.4484,4.6798,4.7165,4.9419,6.7195,4.4672,4.6008,4.0265,4.6522,4.5181,4.4833
 ENSMUSG00000073420,6.2053,6.0991,6.5947,5.9458,6.0577,6.0717,5.7455,5.4739,4.962,5.0704,4.1375,5.2825
 ENSMUSG00000024013,12.3167,12.4219,12.3939,12.6585,11.0198,10.9592,11.3827,11.612,12.697,12.7431,12.8383,12.2326
 ENSMUSG00000025156,10.7009,10.5866,10.6682,10.5413,11.0836,11.0156,11.6225,11.7356,10.7191,10.8576,12.641,12.1065
 ENSMUSG00000040093,10.1739,10.2774,10.209,10.8234,9.1071,9.7769,9.2323,9.1588,10.9972,11.0558,10.3766,10.0385
 ENSMUSG00000030551,6.2919,6.8205,6.565,6.785,7.9322,8.4341,6.5063,6.5471,6.8322,6.4165,6.0844,7.0434
 ENSMUSG00000024620,5.1499,5.5381,5.1304,5.0238,6.0868,6.4322,5.9855,5.5565,6.4369,5.1095,4.596,6.7578
 ENSMUSG00000027333,7.757,7.4589,7.4916,7.8525,8.3728,8.4731,8.5769,8.4083,7.0342,8.1396,6.2681,7.5116
 ENSMUSG00000019312,8.1241,8.4073,8.0556,8.6136,6.707,7.1049,6.7091,6.9269,8.3418,8.0423,7.7657,7.6585
 ENSMUSG00000083150,2.9238,2.9238,2.9238,2.9238,3.7693,2.9238,2.9238,5.1907,3.5706,2.9238,2.9238,2.9238
 ENSMUSG00000070777,5.7049,6.2844,6.1302,6.586,7.4127,7.8602,6.6113,6.4015,6.4627,6.292,5.276,6.2372
 ENSMUSG00000089943,4.5237,4.1867,4.4102,4.3033,5.5271,5.0999,5.0847,3.7484,4.3896,4.4735,2.9238,4.8825
 ENSMUSG00000027684,4.7315,4.754,4.8485,5.2055,6.0279,6.7706,4.7362,5.0811,4.5604,4.8076,4.3444,4.8825
 ENSMUSG00000075054,9.1829,9.1848,9.3403,9.0538,9.6063,9.8467,10.1481,9.9924,9.1518,9.1946,11.2356,10.5825
 ENSMUSG00000036617,7.1226,7.3187,6.9896,6.8491,8.1455,8.5034,6.9197,7.0292,6.8902,6.5583,5.9561,6.6325
 ENSMUSG00000027944,9.6921,9.5479,9.6485,9.4671,10.2487,10.0737,10.7038,10.8183,9.6027,9.7065,11.4581,11.0538
 ENSMUSG00000096844,7.4129,6.7699,6.7994,6.3545,7.4465,7.8719,8.1478,8.7574,7.0342,6.8719,6.8585,7.2965
 ENSMUSG00000001552,9.4067,9.5642,9.5857,10.1718,9.2411,9.0273,8.705,8.6099,9.3328,9.2845,7.5456,8.4183
 ENSMUSG00000098111,4.4774,5.5626,5.2513,5.2717,4.4554,4.4604,2.9238,4.6008,4.842,5.0302,4.4346,4.2163
 ENSMUSG00000050323,6.9966,6.9622,7.1475,6.8281,7.6531,7.6987,8.1055,7.878,7.3345,7.191,8.9989,8.5835
 ENSMUSG00000032009,13.1692,13.2265,13.1697,13.3052,11.9357,11.8046,11.6673,11.86,13.1428,12.9871,12.1354,11.9315
 ENSMUSG00000028914,10.1995,10.1406,10.1256,10.4405,8.8959,8.7452,8.7237,8.9628,10.2187,10.2421,9.3903,9.1527
 ENSMUSG00000018286,10.6286,10.3165,10.6053,10.2118,11.1684,10.909,11.4112,11.5877,10.5703,10.6735,12.3999,11.9491
 ENSMUSG00000027219,12.717,12.7933,12.6454,12.6109,11.218,11.0314,11.6558,11.7613,12.7977,12.8111,11.8531,11.4943
 ENSMUSG00000063919,3.6451,3.8306,3.8066,4.0637,5.438,5.6971,3.9606,3.9271,3.7128,3.7608,4.0154,3.8525
 ENSMUSG00000047250,10.1247,9.9103,10.4518,10.3478,9.5558,8.8316,9.4866,8.8872,9.9273,9.8296,8.2164,9.1024
 ENSMUSG00000062070,11.2357,10.9703,11.3417,11.0604,11.3229,10.8746,12.0155,11.7906,11.2349,11.1654,13.0202,12.6267
 ENSMUSG00000054003,3.3431,3.3828,3.4387,3.5932,4.873,5.3297,3.5309,4.075,3.5706,2.9238,3.7047,3.5861
 ENSMUSG00000022445,3.5148,3.8306,3.4387,4.2295,4.8002,5.6423,4.7362,4.7579,3.5706,4.092,4.738,4.8392
 ENSMUSG00000103939,5.5908,6.5112,7.0117,5.2055,6.5075,6.03,4.814,6.9269,5.8283,6.0436,5.6576,5.4307
 ENSMUSG00000026447,12.5631,12.7529,12.6045,13.2346,11.7037,11.6263,11.9721,12.0813,12.9334,12.9297,11.2885,11.265
 ENSMUSG00000022262,3.3431,3.5702,2.9238,3.3992,4.3505,5.4635,3.5309,3.9271,3.7128,3.6103,2.9238,3.7315
 ENSMUSG00000037129,6.0143,6.4222,6.0889,6.3246,6.0577,6.4322,4.7362,5.0227,6.1171,5.9841,4.6691,4.965
 ENSMUSG00000084031,4.6927,4.5593,4.9,5.1358,6.3962,6.7195,5.0222,5.2919,4.9996,5.1095,4.596,4.8825
 ENSMUSG00000041237,6.7754,5.4877,6.3204,5.0238,4.8002,5.5257,5.3087,5.0227,4.2593,4.9887,5.1366,4.9245
 ENSMUSG00000022589,3.3431,2.9238,3.4387,2.9238,3.7693,5.3297,2.9238,3.7484,2.9238,3.4115,3.4793,3.9579
 ENSMUSG00000013091,5.1771,5.0703,4.618,5.3653,5.6507,5.3297,5.921,5.7082,5.1728,4.9887,7.0197,6.5212
 ENSMUSG00000050335,9.8965,9.5008,10.1898,9.8149,10.0568,9.8046,10.4893,10.0507,9.0709,9.6744,7.8608,9.4056
 ENSMUSG00000080186,4.0826,3.5702,3.6483,2.9238,4.6402,2.9238,3.7763,5.2423,3.9343,4.1803,4.596,3.7315
 ENSMUSG00000036863,3.8488,4.611,4.7387,4.1501,4.8002,5.181,3.9606,4.3167,4.1875,4.4735,6.0088,5.732
 ENSMUSG00000027342,11.637,11.2554,11.6391,11.1491,11.7158,11.594,12.3067,12.2059,11.3104,11.3985,13.4094,12.7284
 ENSMUSG00000083595,4.2113,4.882,3.8066,4.7165,2.9238,3.9222,3.7763,3.5108,4.7993,4.6522,4.0154,2.9238
 ENSMUSG00000045868,15.1225,14.9082,15.1141,13.6118,13.6505,13.7097,13.4974,13.3947,14.6463,14.9075,14.4738,13.917
 ENSMUSG00000048502,4.6112,4.754,3.9381,5.1711,5.6507,6.0717,4.113,4.7579,5.3825,5.5339,5.8443,5.5125
 ENSMUSG00000006315,8.7808,8.8295,8.9535,8.6677,9.2314,8.9074,10.1498,10.1575,8.9266,9.0376,10.6298,9.9874
 ENSMUSG00000030518,3.8488,3.7122,4.0523,4.1501,5.24,5.0999,5.2014,5.8119,4.1103,4.4073,3.8746,4.4833
 ENSMUSG00000032875,5.6105,5.9964,5.8115,4.8574,6.4417,6.844,6.1062,5.5159,6.6978,5.6154,5.0867,6.9701
 ENSMUSG00000076655,9.6146,9.3735,10.2454,9.177,10.5823,9.9301,9.5057,9.8141,8.5473,8.3937,9.1101,8.6639
 ENSMUSG00000005534,11.2029,11.5432,11.3374,11.7079,10.6704,10.7311,10.2646,10.3187,11.6655,11.6109,9.8047,10.1429
 ENSMUSG00000022193,9.7167,9.4458,9.7321,9.681,10.0748,9.723,10.481,10.6717,9.6155,9.6882,11.6198,11.0078
 ENSMUSG00000082828,4.7315,4.611,4.7387,4.3724,5.5271,5.5853,6.1062,6.3794,5.0716,4.9458,4.596,4.2895
 ENSMUSG00000037140,4.2113,4.1867,3.6483,3.9687,4.8002,5.6971,4.5639,4.203,3.8312,4.092,5.5894,5.1508
 ENSMUSG00000031390,8.9257,9.3221,8.9844,9.5748,7.6722,7.9513,7.7415,8.075,9.3956,9.1125,8.762,8.2625
 ENSMUSG00000084965,3.7539,3.5702,3.6483,4.1501,4.5515,4.5931,5.1443,5.0811,4.1103,3.886,2.9238,3.3941
 ENSMUSG00000026407,7.5734,7.1396,7.3858,5.8433,7.6239,7.8002,6.7279,7.3447,6.1652,6.2254,6.7553,6.1396
 ENSMUSG00000067344,4.6927,4.3887,4.9495,4.9011,5.1855,4.821,4.4672,6.8166,5.2049,5.0302,5.9827,5.4024
 ENSMUSG00000081284,3.8488,4.0258,3.4387,4.1501,5.1855,5.8496,5.1443,4.6819,4.1103,4.2614,4.6691,4.8825
 ENSMUSG00000030045,9.7731,9.6654,9.6165,9.8228,10.4694,10.5483,10.7376,10.7226,9.8948,9.7468,11.6323,11.2655
 ENSMUSG00000096549,4.6927,5.1049,4.9495,4.4988,5.1855,2.9238,5.2014,5.0227,4.6121,4.9887,5.276,5.5896
 ENSMUSG00000078816,7.3741,7.5808,7.4837,8.7341,7.3665,7.6587,6.8699,6.5862,8.3993,8.5333,6.9279,7.3188
 ENSMUSG00000020865,10.4715,10.5386,10.8961,11.2036,10.2391,9.6297,9.7786,9.4279,10.791,10.5882,8.9129,9.9511
 ENSMUSG00000109143,2.9238,3.8306,3.9381,3.3992,3.7693,3.6367,4.2447,5.386,4.3896,3.4115,2.9238,3.5861
 ENSMUSG00000026198,8.1073,7.9409,7.9905,8.0466,8.7051,8.6259,9.0213,8.9293,7.9337,8.0987,9.7674,9.7381
 ENSMUSG00000021223,5.2299,5.5131,5.1304,5.1358,6.2754,6.7955,6.5703,5.8119,5.8482,5.8347,4.8652,4.6488
 ENSMUSG00000089996,3.8488,4.5593,4.4837,3.9687,3.7693,3.9222,4.5639,4.6008,4.8833,4.8554,2.9238,2.9238
 ENSMUSG00000018415,10.0334,9.9817,9.8574,10.0412,10.6739,10.6159,11.1653,11.0317,10.0089,10.1814,11.8566,11.5045
 ENSMUSG00000021061,9.092,8.9383,8.0234,8.3993,7.6531,8.6668,7.822,7.6679,7.1335,8.8003,7.106,8.2625
 ENSMUSG00000062353,5.3296,4.7082,4.9,5.2055,5.2923,4.4604,2.9238,4.6819,4.8833,4.8554,5.5175,5.1508
 ENSMUSG00000026037,10.3604,10.2317,10.3528,10.1759,10.9124,11.0183,11.3469,11.1649,10.1989,10.3024,12.228,11.6703
 ENSMUSG00000094560,2.9238,2.9238,2.9238,2.9238,2.9238,5.2574,2.9238,2.9238,2.9238,2.9238,2.9238,2.9238
 ENSMUSG00000026285,5.6105,5.4086,5.4647,4.3033,6.1707,6.844,5.7824,6.3342,5.2967,4.9887,5.929,5.1157
 ENSMUSG00000076536,7.8408,7.5151,9.3403,8.8762,7.3665,8.7704,8.2992,9.2761,7.7166,7.8638,8.4076,7.8792
 ENSMUSG00000028837,10.1288,9.8401,10.1015,9.8202,10.6632,10.5896,10.9524,11.0723,9.8627,10.0302,11.7628,11.5077
 ENSMUSG00000044231,4.5237,4.754,4.1542,4.6126,5.3911,5.3982,5.7824,5.4307,4.7551,4.6522,6.4113,5.9016
 ENSMUSG00000060429,5.9393,6.4988,6.3025,5.778,7.2311,7.4866,6.2438,6.5471,6.4107,5.3221,5.1847,6.3137
 ENSMUSG00000035273,9.674,9.4458,9.7171,9.9398,8.251,8.2311,8.4362,8.7616,9.8913,10.073,9.0275,9.1569
 ENSMUSG00000095351,10.6583,9.49,9.4928,8.6648,10.6343,9.5372,9.0023,9.1064,8.8703,8.7425,9.8885,9.0634
 ENSMUSG00000003934,4.6527,5.0703,4.618,4.9433,5.9665,6.1898,6.2953,5.877,4.962,4.9887,6.487,5.5896
 ENSMUSG00000083630,5.1499,5.4877,5.2513,5.6374,6.2754,6.3334,6.2438,6.4447,5.4369,4.9887,4.5181,4.5962
 ENSMUSG00000037996,3.5148,3.9337,4.0523,3.3992,4.5515,5.3297,4.113,3.5108,3.7128,3.9948,2.9238,2.9238
 ENSMUSG00000022197,9.5239,9.7548,9.6183,10.4525,10.1969,10.3742,10.5231,10.412,9.7161,10.0648,8.5765,8.5805
 ENSMUSG00000082311,4.27,5.0348,4.5528,5.239,5.438,5.987,6.2173,5.6718,4.7551,4.9458,4.4346,4.1376
 ENSMUSG00000041329,5.9238,5.2953,4.8485,5.239,4.4554,5.4635,3.7763,4.203,4.0265,4.8554,5.6239,5.2183
 ENSMUSG00000027544,10.0449,10.4407,10.1704,10.5121,10.8457,10.981,10.5457,10.8927,10.0664,9.7672,8.8819,9.0938
 ENSMUSG00000031016,8.6243,8.374,8.2301,8.3227,8.8379,8.5624,9.3395,9.2612,8.3245,8.2845,10.2794,9.796
 ENSMUSG00000015957,3.3431,3.9337,3.4387,3.74,5.3426,5.3297,3.7763,3.9271,3.5706,3.6103,4.1375,3.5861
 ENSMUSG00000025785,9.1456,9.1694,9.2272,9.0872,9.4013,9.4187,10.0969,10.1956,9.2229,9.3362,11.0781,10.6766
 ENSMUSG00000095771,11.6556,12.1298,11.0159,9.9164,11.3491,11.3947,10.5948,11.3745,9.9715,10.4131,10.8308,10.6745
 ENSMUSG00000048251,7.7784,8.0838,7.8136,7.5532,8.8209,9.2407,8.1408,8.0681,8.2082,6.9355,6.8726,7.8842
 ENSMUSG00000015962,4.0112,4.1867,4.0523,4.1501,5.1287,5.3297,4.8873,4.6008,4.2593,4.092,6.0345,5.4307
 ENSMUSG00000030465,10.525,10.6281,10.5908,11.0153,9.8205,9.7675,9.9888,10.0298,10.8265,11.0014,9.0801,9.1236
 ENSMUSG00000000157,5.6865,4.7082,3.9381,3.5932,4.6402,5.0135,4.7362,4.6819,3.7128,3.7608,3.4793,4.4223
 ENSMUSG00000027858,9.0274,8.8991,8.9563,9.154,7.7281,7.5168,7.9864,8.0194,9.142,9.0988,7.6881,7.8128
 ENSMUSG00000026259,3.3431,3.3828,3.4387,3.5932,4.8002,5.3297,3.9606,3.9271,3.3831,3.6103,2.9238,3.5861
 ENSMUSG00000022956,10.8766,10.5974,10.787,10.4292,11.3357,11.0851,11.6175,11.8315,10.7402,10.7779,12.5466,12.1603
 ENSMUSG00000033047,11.7208,11.4774,11.5591,11.3814,12.2969,12.2907,12.5697,12.7389,11.5778,11.6214,13.3739,12.99
 ENSMUSG00000045094,6.564,6.3686,6.6237,5.2717,6.8983,6.6114,5.7824,5.4739,6.8902,6.2082,5.1366,7.096
 ENSMUSG00000043943,5.827,5.701,5.8115,5.778,6.6107,6.7453,6.7279,5.9692,5.7876,6.0628,8.015,6.1729
 ENSMUSG00000082861,4.7315,4.5052,4.4837,4.6126,5.438,5.5853,6.1348,6.2635,4.7551,4.2614,5.2311,4.5962
 ENSMUSG00000101904,2.9238,3.8306,2.9238,3.5932,3.9523,3.9222,2.9238,2.9238,3.5706,3.6103,4.596,4.965
 ENSMUSG00000019320,6.0432,6.409,5.7594,6.2147,6.3004,6.7195,7.2786,7.4432,6.1494,6.0042,4.9807,5.7543
 ENSMUSG00000041189,8.5981,8.7012,8.4436,8.7975,7.4465,7.8484,7.0887,7.3447,8.834,8.9303,7.6721,7.6171
 ENSMUSG00000007739,12.141,11.9829,12.0972,11.9277,12.671,12.5865,13.0981,13.0326,11.999,12.0221,13.9999,13.3458
 ENSMUSG00000031125,4.5683,5.5626,4.9972,5.9458,4.6402,5.5853,5.6284,4.075,5.1062,6.4606,4.9807,4.6993
 ENSMUSG00000025754,7.3741,7.6549,7.2532,8.592,7.7994,8.2581,6.9678,6.9269,8.1143,8.449,6.6605,6.8321
 ENSMUSG00000084349,2.9238,4.5593,4.6798,4.3033,4.8002,4.7123,5.1443,4.7579,4.1103,5.0704,5.6906,4.5411
 ENSMUSG00000073457,4.0826,4.1867,3.6483,3.9687,5.6507,5.8496,4.4672,4.5137,4.2593,3.886,4.1375,4.3579
 ENSMUSG00000102984,7.9654,8.3225,8.148,8.8029,7.4353,7.6314,7.4003,7.4537,8.5886,8.7036,6.8866,6.8929
 ENSMUSG00000101355,9.4724,8.8826,9.4751,8.5088,9.0091,9.1715,9.8802,10.5409,9.5544,9.6031,9.8903,8.0351
 ENSMUSG00000027849,3.5148,3.3828,3.4387,3.9687,4.5515,5.3297,2.9238,3.5108,3.5706,2.9238,3.7047,3.5861
 ENSMUSG00000026864,13.7793,13.5462,13.6269,13.1185,14.0138,13.9382,14.161,14.1801,13.2558,13.231,15.4215,14.7727
 ENSMUSG00000020798,9.4176,9.646,9.3683,10.0772,8.4688,8.6934,8.2548,8.477,9.6382,9.4864,8.0402,8.4886
 ENSMUSG00000032883,9.0434,8.7435,9.1672,8.9165,9.1418,9.1331,9.3931,9.279,8.9539,8.9936,10.9692,10.4596
 ENSMUSG00000026163,3.5148,3.5702,3.4387,3.74,4.873,5.3297,3.5309,3.5108,2.9238,3.4115,3.4793,3.7315
 ENSMUSG00000026887,8.8163,8.4334,8.4717,8.3487,9.2664,9.4619,9.6176,9.5868,8.396,8.5367,10.2378,9.9139
 ENSMUSG00000038503,9.8397,9.6926,9.9487,9.7578,10.3216,10.3804,10.6113,10.7106,9.6838,9.7931,11.7462,11.2579
 ENSMUSG00000034868,12.8315,12.5726,12.69,12.407,11.6414,11.6246,10.978,11.3338,12.5282,12.7113,11.3751,11.4332
 ENSMUSG00000042256,3.8488,3.3828,3.4387,3.5932,5.24,5.3297,3.5309,3.9271,3.9343,3.6103,3.4793,3.5861
 ENSMUSG00000029247,11.3849,11.1995,11.3888,11.0986,11.5043,11.3865,11.9823,11.968,11.2297,11.3132,13.2338,12.7453
 ENSMUSG00000069305,11.8124,11.2019,11.989,11.3047,11.5043,11.6888,12.2709,11.9356,10.5893,10.5072,10.9477,10.1283
 ENSMUSG00000049091,10.0737,9.7496,9.8875,9.6692,10.2018,10.2043,10.7085,10.6739,9.9053,9.9823,11.8284,11.3493
 ENSMUSG00000051367,3.8488,3.7122,3.4387,3.5932,5.0694,5.0135,2.9238,3.9271,3.5706,3.6103,2.9238,3.7315
 ENSMUSG00000030612,8.8967,8.638,8.6682,8.4414,9.5035,9.5699,9.64,9.6861,8.7533,8.7717,10.5367,10.1325
 ENSMUSG00000030577,14.9189,14.9825,14.8583,15.0366,13.6667,13.4838,13.3708,13.7732,15.0006,15.0579,14.667,14.4951
 ENSMUSG00000090061,3.3431,3.5702,3.6483,3.8623,5.0694,5.181,3.5309,3.7484,3.3831,3.9948,2.9238,3.5861
 ENSMUSG00000020444,8.8409,8.7846,8.8895,8.6319,9.5429,9.3282,9.9193,9.9797,8.8869,8.9458,10.5781,10.3342
 ENSMUSG00000040280,4.2113,3.5702,3.9381,4.3033,4.3505,4.1352,4.7362,4.203,4.3896,3.9948,5.7227,5.7543
 ENSMUSG00000061852,6.7924,7.2018,7.2346,6.7518,6.3004,6.6392,6.1903,6.3342,6.2568,5.5056,5.7227,5.0044
 ENSMUSG00000040340,3.5148,2.9238,3.4387,3.74,5.0694,5.2574,4.4672,3.9271,3.7128,3.7608,3.8746,4.1376
 ENSMUSG00000030657,11.106,11.4287,11.0119,11.6731,10.3321,10.6315,10.0061,10.2358,11.5498,11.5166,10.0707,9.9078
 ENSMUSG00000040824,10.3647,10.0768,10.4668,9.9484,10.6209,10.2588,11.3746,11.2705,10.4289,10.3755,12.1383,11.4455
 ENSMUSG00000105727,4.0112,4.3255,4.0523,4.4373,3.5259,2.9238,4.113,2.9238,4.4494,5.2549,4.4346,4.3579
 ENSMUSG00000076652,9.4162,8.9609,8.6224,7.8103,8.569,9.9578,8.9395,9.4198,7.7893,8.2966,8.6722,8.1093
 ENSMUSG00000081309,6.2677,6.6295,6.4067,6.8903,6.5287,7.0849,5.921,7.8141,6.3288,6.5447,8.2599,7.0072
 ENSMUSG00000026356,11.1729,11.0441,11.2057,10.8379,11.4896,11.5198,12.0325,11.9243,11.0243,11.0093,12.9966,12.4607
 ENSMUSG00000030125,4.8755,5.2035,4.7387,5.5081,4.3505,4.9209,3.9606,3.9271,5.6117,5.0302,3.4793,4.2163
 ENSMUSG00000050663,3.7539,3.5702,3.6483,3.74,5.0694,4.7123,2.9238,3.5108,2.9238,3.4115,2.9238,3.3941
 ENSMUSG00000079103,3.3431,3.7122,3.6483,2.9238,4.1036,5.4635,4.113,3.9271,2.9238,3.6103,3.4793,3.5861
 ENSMUSG00000039529,4.149,4.8408,4.3315,3.9687,5.8349,6.2271,4.814,4.7579,4.7993,4.5362,4.2461,5.0425
 ENSMUSG00000074063,6.4399,6.4737,6.6237,7.1326,6.8983,6.7955,6.1348,5.596,5.9437,6.2082,4.8032,5.5125
 ENSMUSG00000071073,4.27,3.8306,3.9381,4.0637,4.5515,5.8969,5.408,4.9615,3.8312,4.5956,5.1366,4.9245
 ENSMUSG00000096035,5.3998,5.4355,5.3263,5.0995,3.7693,4.4604,3.7763,4.3167,5.2049,5.0704,3.8746,4.1376
 ENSMUSG00000021024,10.5655,10.4007,10.5291,10.402,10.9432,10.9688,11.4105,11.4242,10.5255,10.6579,12.4347,11.9962
 ENSMUSG00000025265,4.9736,4.7082,4.3315,4.9433,5.9023,6.5542,5.3592,5.5565,4.9232,5.22,5.6239,6.3721
 ENSMUSG00000022340,4.149,4.2584,4.3315,4.6126,5.6507,6.0717,5.1443,4.8295,4.0265,4.3368,5.5894,4.7943
 ENSMUSG00000019852,4.841,4.1096,4.4102,3.5932,5.0694,5.5853,3.5309,4.3167,3.7128,3.7608,3.7047,3.7315
 ENSMUSG00000102692,3.3431,3.8306,2.9238,3.3992,5.1287,5.0999,3.5309,3.7484,3.8312,3.6103,3.4793,4.052
 ENSMUSG00000027566,11.2229,10.982,11.3407,10.9458,11.672,11.4658,11.9136,11.857,11.1433,11.2066,13.1232,12.5864
 ENSMUSG00000020183,11.0181,10.999,10.7117,11.3324,9.6742,9.5878,9.9515,10.0883,11.0157,11.3177,9.9873,9.8402
 ENSMUSG00000001440,12.9842,12.8723,12.9171,12.8948,13.3138,13.3535,13.7284,13.7943,12.8412,12.9344,14.8073,14.4627
 ENSMUSG00000108226,5.6105,6.1317,5.8862,6.5477,5.1287,4.3101,5.8184,5.1907,6.2269,5.7889,4.596,5.3135
 ENSMUSG00000040935,3.3431,3.3828,3.8066,3.74,4.4554,5.0999,5.0847,5.0227,3.7128,4.2614,4.9243,4.1376
 ENSMUSG00000028902,10.5868,10.4559,10.5862,10.5162,11.2123,11.2329,11.5871,11.5931,10.5346,10.6927,12.415,12.017
 ENSMUSG00000085006,4.149,4.0258,2.9238,4.1501,4.5515,5.2574,4.7362,4.8295,3.3831,3.9948,3.4793,3.8525
 ENSMUSG00000021314,3.3431,3.3828,2.9238,3.3992,4.7228,5.0999,3.5309,3.9271,4.0265,3.4115,3.4793,2.9238
 ENSMUSG00000003235,10.8035,10.7131,10.7734,10.7694,11.4916,11.5114,11.8463,11.8772,10.8986,10.9983,12.6733,12.2623
 ENSMUSG00000002265,5.1221,5.6788,5.2893,5.7095,6.4417,7.2377,5.6284,5.5159,5.8872,5.0302,4.9243,6.2529
 ENSMUSG00000031431,11.6214,12.7361,12.8459,12.7533,11.685,12.2301,11.6919,11.0543,12.129,12.5163,12.6632,10.9644
 ENSMUSG00000037124,5.8923,5.4619,4.4837,4.8122,4.3505,5.6971,4.5639,4.5137,3.7128,4.4073,4.0154,4.4223
 ENSMUSG00000057706,7.7484,7.6932,7.6686,8.0375,6.5907,6.6392,6.6708,6.7323,7.9429,7.9327,6.8585,6.2054
 ENSMUSG00000084007,3.7539,4.1096,3.9381,4.1501,5.1287,5.2574,5.408,5.386,3.8312,3.7608,4.1375,4.2895
 ENSMUSG00000024902,9.4338,9.2578,9.4268,9.1221,10.2035,10.0327,10.481,10.521,9.3311,9.4399,11.0357,10.75
 ENSMUSG00000027099,9.4763,9.3617,9.4451,9.1604,10.0695,9.8962,10.492,10.5458,9.3956,9.403,11.1651,10.75
 ENSMUSG00000071653,9.8417,9.5449,9.6201,9.2037,10.2755,10.1834,10.463,10.5135,9.3956,9.5602,11.3671,10.9353
 ENSMUSG00000038058,10.7552,10.8622,10.9661,10.8805,9.9591,9.6262,9.7074,9.5108,10.8011,10.5339,9.0862,9.734
 ENSMUSG00000027210,6.6782,7.2245,6.837,7.4262,8.1455,8.713,6.6708,6.8002,7.1651,6.8827,6.3917,7.2431
 ENSMUSG00000075279,9.3873,9.136,9.2983,8.9288,10.0568,9.8904,10.2257,10.5846,9.2941,9.4829,10.8488,10.7418
 ENSMUSG00000070866,4.0826,3.5702,3.6483,4.4988,5.24,5.8006,4.814,4.8295,3.8312,4.1803,4.1375,4.3579
 ENSMUSG00000032258,7.7265,7.8947,7.8989,8.1347,8.6531,8.7578,8.84,8.9331,8.0052,8.1707,6.8004,7.1384
 ENSMUSG00000049134,3.6451,3.7122,3.8066,4.3033,5.5695,5.4635,4.3616,4.5137,4.2593,3.7608,4.2461,3.5861
 ENSMUSG00000048216,4.149,3.7122,3.4387,3.9687,5.1287,5.6423,4.8873,4.4196,3.5706,3.886,4.4346,4.4833
 ENSMUSG00000026205,4.7691,4.3887,4.4102,4.8574,5.5271,5.987,5.2561,4.8972,4.4494,5.0302,6.5235,5.5387
 ENSMUSG00000096150,8.1407,9.6899,7.5828,7.3837,7.6141,7.9402,7.0295,8.1738,7.4985,7.78,7.8749,7.556
 ENSMUSG00000003410,5.0647,5.4086,5.0431,5.9259,6.5907,7.2377,5.5445,5.7782,5.6117,5.0302,5.276,5.8404
 ENSMUSG00000017002,10.2788,9.8401,10.3366,10.0355,10.1517,9.3493,10.0513,9.9259,9.3705,8.629,8.3074,9.1278
 ENSMUSG00000082873,5.6865,5.9047,5.8369,6.3545,5.1855,4.9209,4.5639,4.6819,5.9437,5.7415,4.2461,4.965
 ENSMUSG00000095294,3.9338,4.3255,4.5528,4.2295,2.9238,4.1352,4.5639,4.6819,3.8312,2.9238,4.2461,5.1508
 ENSMUSG00000015112,6.9368,6.4352,6.6939,6.5985,7.4902,7.6036,7.7778,7.7642,7.0083,6.8501,8.4125,8.2891
 ENSMUSG00000096719,4.909,4.0258,4.4102,3.5932,4.3505,5.181,4.7362,3.7484,2.9238,3.4115,3.8746,3.7315
 ENSMUSG00000026840,3.3431,3.5702,2.9238,2.9238,4.7228,5.0999,4.2447,4.203,3.7128,3.7608,3.4793,3.8525
 ENSMUSG00000034586,6.952,7.0829,6.6237,6.0596,7.2439,7.6451,5.8877,6.2392,6.286,5.6924,5.8443,5.6861
 ENSMUSG00000028076,11.1977,11.0573,11.0529,10.686,9.4042,9.1086,9.9234,9.987,10.6588,10.4765,10.2034,10.0194
 ENSMUSG00000094509,7.9122,6.8205,8.9478,6.5477,6.8654,7.3255,6.9678,6.8649,7.0342,7.129,6.6768,6.9126
 ENSMUSG00000099655,4.5683,4.1867,4.618,4.2295,5.6895,5.3297,5.7076,5.4307,4.3896,4.1803,5.6576,5.6861
 ENSMUSG00000022105,11.8782,12.0901,11.904,12.0859,12.4032,12.3977,13.2066,13.1862,12.0539,12.0795,11.3171,10.8697
 ENSMUSG00000055675,11.0762,11.3136,11.072,11.3528,10.055,10.3947,9.7606,9.8896,11.0843,10.8826,10.0162,9.5473
 ENSMUSG00000062248,8.3235,7.5212,8.0288,7.2714,7.6239,7.5168,8.3178,7.7893,7.5047,7.37,9.4385,8.8408
 ENSMUSG00000087207,5.488,5.4619,5.5289,5.7555,6.707,6.5542,6.393,6.5668,4.962,5.7889,6.6928,7.0699
 ENSMUSG00000079343,3.6451,2.9238,2.9238,3.3992,3.9523,5.0999,2.9238,2.9238,3.3831,2.9238,2.9238,2.9238
 ENSMUSG00000033751,9.9331,9.7141,9.9199,9.6484,10.2327,10.181,10.5483,10.6796,9.8995,9.9106,11.8266,11.2322
 ENSMUSG00000035919,10.0858,10.2372,10.2137,10.356,9.0054,9.1949,9.1481,9.2849,10.48,10.426,8.8608,8.9277
 ENSMUSG00000032294,12.8729,12.6211,12.8427,12.5844,13.4384,13.1828,13.6268,13.8457,12.6092,12.7257,14.5472,14.1
 ENSMUSG00000089976,5.0047,5.1049,5.1304,4.9842,2.9238,4.4604,4.814,4.9615,4.7093,3.9948,4.1375,3.9579
 ENSMUSG00000103600,6.0716,6.1948,5.4314,6.5985,7.2818,7.9178,6.5063,6.1892,6.3566,6.3556,5.7227,6.1893
 ENSMUSG00000038155,7.3628,7.217,7.3858,7.5078,6.4859,5.9427,6.1348,5.9391,7.0512,6.956,6.2243,5.6861
 ENSMUSG00000033149,5.7049,6.1477,6.0024,5.4242,6.7971,6.8909,6.4621,5.6344,6.955,6.1191,5.276,7.3114
 ENSMUSG00000027584,4.3786,4.2584,4.4102,4.4373,5.2923,5.8006,5.6284,5.4739,4.3264,4.3368,5.4417,5.8611
 ENSMUSG00000082633,5.3053,5.7227,5.4647,5.9057,4.5515,3.9222,4.4672,4.8972,5.5146,5.7889,4.9807,4.2163
 ENSMUSG00000063556,5.0047,5.3531,3.9381,5.1711,5.6895,4.7123,4.6531,5.6718,5.1399,5.0704,6.5936,5.5896
 ENSMUSG00000068748,4.429,4.5593,4.4102,4.9842,5.9665,6.3334,4.814,5.0227,4.4494,4.2614,4.596,4.3579
 ENSMUSG00000006386,5.0647,4.5593,5.3622,4.4373,6.3004,6.5542,5.6284,4.8295,4.9232,5.4169,5.5539,5.9016
 ENSMUSG00000027357,8.5367,8.3014,8.564,8.2575,9.0389,8.9017,9.155,9.2492,8.4353,8.4124,10.3962,9.8248
 ENSMUSG00000050926,4.6112,4.4484,4.6798,5.239,5.9348,6.3671,4.9565,4.6819,5.0716,4.6522,4.0154,4.4833
 ENSMUSG00000079024,10.1121,10.5483,10.2279,10.8995,11.5483,11.7287,9.8634,10.1511,10.0695,10.7363,9.885,9.6991
 ENSMUSG00000028898,9.6751,9.5613,9.6985,9.6075,10.4293,10.3177,10.63,10.7051,9.7451,9.702,11.4522,11.175
 ENSMUSG00000002504,5.9546,5.4619,5.7327,6.2309,5.9976,5.9427,5.6284,5.0227,6.3839,6.5033,4.2461,6.4952
 ENSMUSG00000058932,4.8056,4.3887,2.9238,2.9238,2.9238,2.9238,2.9238,2.9238,2.9238,2.9238,2.9238,2.9238
 ENSMUSG00000030281,5.2555,4.882,4.7948,5.1358,6.0279,5.9427,6.5493,6.849,5.564,5.1095,6.1326,5.732
 ENSMUSG00000044005,5.3768,4.922,5.4314,5.4242,6.1976,6.1898,6.5063,6.4015,5.1399,5.2889,6.9005,6.4952
 ENSMUSG00000084817,5.1221,4.6606,5.7053,5.0622,5.5695,5.4635,5.0222,5.5159,4.6617,4.4073,4.0154,3.5861
 ENSMUSG00000013338,3.8488,3.5702,3.4387,4.3033,5.1855,5.3982,3.9606,4.3167,3.3831,3.7608,3.4793,4.052
 ENSMUSG00000048856,5.2555,5.2348,5.2513,5.4807,6.3249,6.2271,6.4844,6.3794,5.5146,5.7654,7.106,6.8527
 ENSMUSG00000078238,4.841,4.5593,4.5528,4.8122,4.7228,2.9238,4.3616,5.3398,4.8833,4.8076,5.6239,5.0044
 ENSMUSG00000007033,6.5441,6.4222,5.9338,6.3396,7.0526,6.8909,7.4234,7.7893,6.1809,6.3711,7.7957,7.5869
 ENSMUSG00000084138,4.0112,4.2584,2.9238,4.0637,4.3505,4.3101,3.7763,5.386,2.9238,3.7608,3.7047,3.7315
 ENSMUSG00000026904,6.4825,6.8693,6.6939,6.7064,5.438,5.5853,5.5871,5.6718,6.6538,7.0355,5.5175,5.3135
 ENSMUSG00000042331,9.2146,8.8944,8.5453,9.4241,9.0166,9.162,7.822,8.0123,8.3384,9.8881,7.8537,9.0546
 ENSMUSG00000000606,5.1221,5.4877,5.0875,5.0995,6.464,6.4322,4.4672,4.8972,5.1399,4.9887,5.3194,4.2895
 ENSMUSG00000054072,9.288,8.3807,9.7518,8.1132,8.3192,7.929,8.0472,7.1893,7.9013,8.2926,8.2329,8.204
 ENSMUSG00000041734,4.27,4.6606,4.6798,4.1501,5.24,6.1898,4.6531,4.7579,5.4633,4.3368,4.1375,5.6861
 ENSMUSG00000030031,9.0817,9.0814,9.1891,9.2399,9.5481,9.7831,10.1653,9.9687,9.1849,9.0872,11.1658,10.3415
 ENSMUSG00000021947,7.8448,7.6269,7.8261,7.9333,7.0815,6.7955,6.8183,6.9717,7.7638,7.8907,5.8443,6.7135
 ENSMUSG00000107705,10.3961,10.2837,10.8131,11.2223,9.5351,9.37,9.9574,9.3483,10.8845,10.6477,10.9709,10.8042
 ENSMUSG00000051149,9.6921,10.5166,9.652,11.257,10.8624,10.9329,10.0679,10.3696,9.9614,10.1738,9.2162,9.2388
 ENSMUSG00000024258,8.5139,8.3014,8.4274,8.3264,8.928,9.0009,9.4077,9.3982,8.2418,8.5367,10.2034,9.8466
 ENSMUSG00000043940,10.6958,11.0562,11.0641,11.1327,11.0179,10.5501,10.155,9.7705,10.4224,10.3879,8.9432,9.898
 ENSMUSG00000019437,8.1473,8.1164,7.881,8.0284,8.5892,8.7828,9.1858,9.0897,7.9337,8.1707,9.676,9.6192
 ENSMUSG00000076609,17.1388,16.9643,16.9185,15.5381,17.2471,17.6962,15.8923,16.6955,15.9206,16.1179,16.4856,16.0985
 ENSMUSG00000022517,11.6564,11.778,11.6997,12.0851,10.6668,10.5001,10.7132,10.9157,11.9032,11.9263,10.5378,10.4215
 ENSMUSG00000054850,3.7539,4.0258,4.0523,4.0637,3.9523,5.6971,3.5309,4.075,2.9238,4.3368,3.4793,3.9579
 ENSMUSG00000030036,10.5332,10.3816,10.3785,10.5038,10.5138,10.3987,11.0344,11.0766,10.4175,10.5296,12.4504,11.7468
 ENSMUSG00000030980,10.7026,10.6025,10.6116,10.6424,11.2317,11.3804,11.511,11.693,10.6316,10.7311,12.5856,11.9852
 ENSMUSG00000101986,6.1533,6.0991,5.6199,6.2785,7.008,7.5463,6.1628,6.2635,6.0673,6.292,5.0867,5.4024
 ENSMUSG00000029769,4.149,3.9337,3.4387,3.9687,4.9419,5.2574,4.5639,3.9271,3.9343,3.4115,2.9238,3.7315
 ENSMUSG00000083167,4.8056,4.7082,4.4837,5.239,6.0279,6.5247,5.6284,4.9615,4.962,4.6522,4.3444,4.7943
 ENSMUSG00000026686,5.0647,5.2348,5.4972,5.239,5.9665,6.8909,5.0222,4.6008,5.5395,4.5362,5.2311,4.6488
 ENSMUSG00000026712,12.693,12.9781,12.9527,12.3573,12.4811,11.5601,11.8073,11.6627,12.4448,12.1939,10.771,11.6547
 ENSMUSG00000020609,2.9238,2.9238,2.9238,3.3992,4.3505,5.0999,3.5309,3.7484,3.3831,3.4115,2.9238,3.5861
 ENSMUSG00000038521,4.3786,5.0703,4.9495,4.1501,5.9348,5.987,5.0222,5.3398,5.3825,4.4073,4.8652,6.1564
 ENSMUSG00000026805,5.0647,4.7982,5.0875,5.0995,6.0868,6.4637,6.1062,5.5159,5.2967,5.4169,6.4306,6.7247
 ENSMUSG00000098509,3.9338,3.8306,4.0523,4.0637,5.6107,5.7498,4.3616,4.6008,4.2593,3.886,4.5181,3.8525
 ENSMUSG00000062203,11.3168,11.2123,11.2853,11.299,11.9188,11.9281,12.181,12.1903,11.2232,11.3008,13.1241,12.7724
 ENSMUSG00000056665,9.1587,9.0772,9.1548,9.3869,9.3636,9.1282,9.8781,10.0765,9.3873,9.5434,10.9968,10.8062
 ENSMUSG00000021838,7.136,7.6549,7.4192,7.6758,7.1239,6.4945,6.5063,5.9987,7.0342,7.0923,5.5539,6.4687
 ENSMUSG00000001082,9.4432,9.392,9.2366,9.2139,8.0898,7.9947,8.0984,8.4298,9.3311,9.3748,7.9763,8.0396
 ENSMUSG00000081651,4.7691,4.9607,4.5528,4.8574,4.5515,5.0999,3.9606,3.9271,5.1399,4.8554,2.9238,3.9579
 ENSMUSG00000049832,5.9081,5.5381,6.1097,5.4527,6.4417,6.3334,6.8529,7.6497,6.2269,6.2423,7.106,7.0344
 ENSMUSG00000020804,6.0716,6.313,6.0245,6.8595,6.962,7.0231,6.9033,7.0433,6.1964,6.2082,5.3614,5.0796
 ENSMUSG00000030365,11.4338,11.6406,11.586,11.8359,10.2956,10.5949,10.5324,10.26,11.9292,11.9963,11.6518,11.4409
 ENSMUSG00000040896,3.7539,4.2584,4.0523,3.74,5.1287,5.8969,4.2447,4.203,4.4494,4.4735,4.8032,5.3438
 ENSMUSG00000102248,4.7315,4.7982,4.3315,4.3033,4.9419,5.6971,5.6686,5.3398,4.4494,4.5956,3.4793,4.052
 ENSMUSG00000022367,4.149,4.3887,4.4837,4.5571,5.6895,6.2634,4.5639,3.9271,4.5604,4.3368,4.5181,4.6488
 ENSMUSG00000074500,5.7409,5.8466,5.9102,5.6618,6.7971,6.6392,6.9197,6.9116,5.5881,5.6154,7.1986,7.1467
 ENSMUSG00000001134,8.5165,8.2908,8.4836,8.3376,8.9902,9.1086,9.6301,9.5432,8.4321,8.5934,10.0844,9.9356
 ENSMUSG00000022629,4.6927,3.9337,4.0523,4.0637,4.873,5.7498,4.814,4.5137,4.5062,3.6103,3.4793,5.0796
 ENSMUSG00000020542,4.27,4.7082,4.5528,5.2717,5.8,6.4637,4.3616,4.8295,4.6121,4.4735,4.6691,4.5411
 ENSMUSG00000040247,12.6287,12.7564,12.7341,12.8544,11.3726,11.2066,11.699,11.9095,13.0285,12.8607,12.0612,11.6209
 ENSMUSG00000040729,3.7539,3.7122,3.9381,3.8623,4.6402,5.6971,4.7362,4.4196,3.3831,3.4115,4.2461,4.052
 ENSMUSG00000015126,8.7091,8.5059,8.6648,8.4275,9.2913,9.1036,9.6301,9.717,8.5353,8.7659,10.4023,9.9511
 ENSMUSG00000035191,3.5148,3.5702,3.4387,3.8623,4.873,5.5853,3.7763,3.9271,3.7128,3.4115,4.1375,3.5861
 ENSMUSG00000020214,3.9338,3.9337,3.8066,4.4373,5.0694,5.8969,4.3616,4.5137,4.0265,4.2614,3.4793,3.8525
 ENSMUSG00000083235,4.6527,4.922,4.4837,4.0637,5.7273,4.7123,4.9565,4.7579,4.4494,4.5956,2.9238,4.4833
 ENSMUSG00000078695,8.1539,8.0504,7.9793,8.1089,6.6882,6.7706,6.7464,6.8962,8.0524,8.1575,6.9547,7.0611
 ENSMUSG00000049409,5.5506,5.2654,5.0875,5.1711,5.9348,5.6423,5.408,4.6008,4.4494,5.5056,6.6275,6.4687
 ENSMUSG00000025212,9.9284,10.1085,9.9126,10.4336,10.2327,10.5878,9.5872,9.9503,10.1574,10.2009,8.2653,8.9821
 ENSMUSG00000020080,3.3431,2.9238,3.4387,3.3992,4.6402,5.181,3.9606,3.7484,2.9238,3.6103,3.8746,3.7315
 ENSMUSG00000094796,8.3749,7.9857,8.4232,8.2575,7.2311,7.044,7.8307,7.1893,8.4799,8.9787,8.8784,8.4919
 ENSMUSG00000097656,4.3257,4.7082,4.6798,4.6126,4.8002,4.1352,4.5639,6.4658,4.6617,4.9887,5.8443,4.6488
 ENSMUSG00000056492,6.8258,6.9622,7.5072,6.9105,7.0379,7.1049,6.6708,5.9987,7.1884,7.8364,5.5894,7.7432
 ENSMUSG00000038980,3.3431,3.3828,3.9381,4.3033,4.873,5.3297,4.814,4.6008,3.3831,3.886,3.8746,4.4223
 ENSMUSG00000001380,10.4363,10.3147,10.3922,10.2536,11.0104,10.9783,11.297,11.4448,10.315,10.3831,12.1386,11.8017
 ENSMUSG00000081179,4.5683,3.7122,4.4102,4.6126,4.5515,5.5257,4.814,5.8119,4.9996,5.3544,5.276,5.9792
 ENSMUSG00000024334,11.9628,11.8011,11.8896,11.5537,10.6928,10.5114,10.3665,10.8564,11.7952,11.9221,10.5759,10.6455
 ENSMUSG00000016200,4.7691,4.611,5.0875,5.1711,5.9665,6.4322,5.0847,5.1907,4.4494,5.2549,6.3517,5.798
 ENSMUSG00000089769,3.5148,4.3255,4.0523,4.6126,5.3426,5.2574,4.8873,5.1371,4.3896,3.7608,3.4793,4.2163
 ENSMUSG00000054885,3.9338,4.1096,3.6483,3.9687,5.5271,5.3982,4.7362,4.7579,4.3896,3.886,3.4793,4.2895
 ENSMUSG00000059049,4.909,5.5866,5.172,4.7165,5.7641,6.5542,5.3592,4.8972,6.3566,4.8076,5.0867,6.2987
 ENSMUSG00000095589,10.6496,10.663,10.7325,9.707,11.1709,11.3209,9.803,10.2327,9.5288,9.64,9.7655,9.566
 ENSMUSG00000040430,10.4058,10.6316,10.388,10.437,10.7489,10.7052,10.6387,10.9128,10.4175,10.176,8.8466,9.0743
 ENSMUSG00000069814,4.7691,4.9607,4.0523,4.6657,4.5515,4.9209,3.7763,3.9271,3.3831,3.6103,2.9238,4.1376
 ENSMUSG00000031502,7.5082,7.8469,8.0396,7.3765,8.186,8.267,8.5769,7.356,8.2044,8.6354,6.4497,8.5987
 ENSMUSG00000037709,5.0647,5.4619,5.2893,5.4242,6.0868,6.1122,6.1903,5.8119,5.3545,5.3221,4.2461,4.2163
 ENSMUSG00000068349,5.649,5.4355,5.5599,4.4373,5.0072,3.9222,4.113,4.075,4.7551,4.3368,5.5894,5.2183
 ENSMUSG00000026202,10.9566,10.7877,10.9347,10.7127,10.3018,10.0037,10.4547,10.8888,10.7597,10.7728,12.4014,11.8676
 ENSMUSG00000031146,10.1028,9.9265,10.0169,10.121,8.8251,8.7828,8.5561,8.77,10.1055,10.2964,9.4098,9.2997
 ENSMUSG00000081684,2.9238,4.611,4.6798,4.0637,5.0694,5.3297,3.9606,4.075,4.2593,3.886,4.9243,4.6488
 ENSMUSG00000002870,10.7297,10.4122,10.5032,10.4353,10.7136,10.6638,10.7319,10.9128,10.3497,10.4379,12.4771,11.8467
 ENSMUSG00000091199,7.2072,7.5573,7.4438,7.1832,7.4353,7.2195,6.6513,6.5668,6.5615,6.2591,5.8731,5.5896
 ENSMUSG00000030345,6.1925,5.8663,5.6199,5.4242,5.0072,5.5257,4.2447,4.6819,4.7551,4.4735,4.3444,4.5411
 ENSMUSG00000024713,4.6527,5.2953,4.5528,4.8574,6.3249,6.7453,5.1443,5.5159,5.4892,5.3221,4.9807,5.732
 ENSMUSG00000020572,11.4111,11.0631,11.3861,11.0159,11.8612,11.9083,12.047,12.0011,10.9328,11.2872,13.0174,12.5906
 ENSMUSG00000037827,6.6505,6.7699,6.3025,6.7179,6.464,6.2988,4.4672,7.0572,6.6649,6.4749,6.5936,6.2683
 ENSMUSG00000070847,3.5148,2.9238,3.4387,3.5932,4.7228,5.0999,3.7763,3.5108,3.5706,3.4115,4.5181,4.3579
 ENSMUSG00000029286,4.2113,4.1096,3.6483,3.8623,5.0694,4.821,3.9606,3.9271,3.7128,2.9238,2.9238,3.3941
 ENSMUSG00000037894,10.8092,10.5005,11.1762,10.6386,10.5348,9.8258,11.699,11.2113,10.9651,10.8739,12.2897,11.5976
 ENSMUSG00000044763,10.3107,10.0943,10.2303,10.002,10.5709,10.5843,10.9829,10.8475,10.039,10.2608,12.1524,11.4589
 ENSMUSG00000032572,4.5683,4.8408,4.618,4.3033,6.224,6.0717,4.9565,5.0227,4.8833,5.1095,4.4346,5.9214
 ENSMUSG00000047260,9.6625,9.4216,9.4632,9.281,10.0477,10.009,10.2853,10.531,9.3586,9.702,11.2937,10.9026
 ENSMUSG00000050856,9.731,9.5701,9.8329,9.4276,10.401,10.0274,10.6896,10.8839,9.6838,9.7816,11.3177,11.0882
 ENSMUSG00000074449,4.3257,4.2584,4.3315,4.6126,5.0694,6.1515,5.0222,5.386,4.1875,4.092,4.5181,5.5644
 ENSMUSG00000024440,5.3768,5.7442,6.19,5.1358,5.5695,5.6423,5.408,4.7579,6.0503,6.2756,4.0154,5.9792
 ENSMUSG00000068735,11.8462,11.9815,11.8231,12.3664,12.1725,12.1393,12.4943,12.7687,12.1005,12.3648,10.7915,10.6038
 ENSMUSG00000074252,3.3431,4.0258,3.6483,4.0637,4.3505,5.3297,4.5639,4.6008,3.8312,3.886,5.0867,5.2508
 ENSMUSG00000039771,9.6955,9.3481,9.4791,9.1812,10.2582,10.1405,10.3857,10.511,9.4574,9.6682,11.2226,10.8628
 ENSMUSG00000029270,10.4878,10.6331,10.5109,10.777,9.189,9.162,9.3606,9.3624,10.6815,10.6835,9.8781,9.9248
 ENSMUSG00000026437,6.1533,6.0657,6.2285,6.5985,7.165,7.6176,6.2438,6.4447,5.9801,6.1191,4.9807,6.1055
 ENSMUSG00000058135,7.498,6.9072,7.8136,7.6581,7.4013,7.0231,6.591,6.507,7.1572,7.3154,5.6239,6.1893
 ENSMUSG00000056305,10.3405,10.1902,10.2512,10.075,10.7217,10.8318,10.9544,11.0791,10.2586,10.3389,12.2287,11.5576
 ENSMUSG00000035472,5.9238,5.3245,5.5599,5.239,5.9976,6.1122,4.5639,4.3167,4.5062,5.0302,4.4346,4.7477
 ENSMUSG00000038630,5.1771,5.2035,5.0431,5.9259,5.3426,5.5257,5.1443,5.4739,5.2967,6.1374,3.7047,4.3579
 ENSMUSG00000019139,9.9483,9.8217,9.7937,9.8175,10.3201,10.1787,10.7548,11.0104,9.7887,9.9622,11.7015,11.1458
 ENSMUSG00000051343,7.0256,7.0911,7.0442,7.4402,7.4794,6.9585,7.3886,7.7299,7.0764,7.4373,5.2311,6.5964
 ENSMUSG00000023433,4.0826,3.9337,3.6483,4.2295,4.7228,5.9427,3.5309,4.203,3.5706,3.9948,4.1375,4.1376
 ENSMUSG00000023972,4.27,4.4484,4.2466,4.2295,5.2923,5.3297,4.7362,4.8295,5.0716,4.8076,2.9238,4.7943
 ENSMUSG00000027435,10.223,9.9379,9.9023,10.6401,9.9395,9.9957,10.4728,10.3598,10.5857,11.1382,8.7198,9.233
 ENSMUSG00000024742,10.0563,9.6064,9.9111,9.5811,10.1068,9.9523,10.5231,10.6048,9.6326,9.8199,11.6405,11.1317
 ENSMUSG00000055430,6.3038,6.7282,6.812,7.232,6.5075,6.4322,6.5703,6.2875,6.5615,6.446,4.9807,5.1508
 ENSMUSG00000082766,5.9848,5.7653,5.7327,5.9654,5.2923,5.6423,7.1456,6.4447,5.7243,6.3082,7.519,6.3721
 ENSMUSG00000052736,7.6999,7.842,8.0396,8.356,8.0169,9.1185,9.4839,8.5862,8.6977,7.1559,8.1073,8.7591
 ENSMUSG00000045948,8.3437,8.0292,8.1628,8.0238,8.7597,8.5109,8.9515,9.3054,8.1581,8.235,10.0398,9.4091
 ENSMUSG00000022797,11.0813,10.982,11.0057,11.1815,10.6404,10.9524,11.3125,10.9346,11.2533,11.4586,12.9207,12.3014
 ENSMUSG00000031762,5.9238,4.754,5.2893,4.9433,5.3911,5.4635,5.5005,4.6008,3.8312,4.5362,4.0154,4.3579
 ENSMUSG00000070331,4.5237,4.5593,4.0523,4.9011,5.8349,6.3671,5.2561,5.2423,4.6617,4.9014,5.7227,5.1849
 ENSMUSG00000045045,4.7315,4.754,4.618,4.8122,5.438,5.5853,5.8877,5.9692,4.6617,4.7062,6.2464,6.1396
 ENSMUSG00000022054,4.841,4.9607,4.2466,4.8574,5.9023,6.6665,5.1443,4.8295,4.842,5.22,4.5181,4.7477
 ENSMUSG00000029387,9.6533,9.6164,9.5948,9.707,10.2755,10.2809,10.7167,10.8425,9.7398,9.7423,11.4639,10.9871
 ENSMUSG00000096078,8.3437,8.9766,8.2207,7.2636,8.4187,9.0634,7.9864,8.3643,7.4286,7.1559,7.5368,7.5244
 ENSMUSG00000039735,7.4667,7.604,7.4599,7.7558,8.251,8.598,8.1055,7.3672,7.5532,7.7858,9.2994,9.0097
 ENSMUSG00000018846,11.5156,11.5141,11.6684,11.7898,11.3719,11.3814,12.0563,11.9426,11.7351,11.8034,13.5816,12.7836
 ENSMUSG00000062515,6.9444,6.8789,6.9558,6.4266,8.0969,7.6451,7.1456,6.4658,6.513,6.904,5.5539,6.4553
 ENSMUSG00000055200,8.0202,7.6986,7.8199,8.033,6.6882,6.6932,6.7828,6.6427,8.1021,8.3166,8.0339,7.6291
 ENSMUSG00000083707,2.9238,2.9238,3.9381,4.8122,4.1036,2.9238,2.9238,4.075,3.7128,2.9238,3.8746,3.9579
 ENSMUSG00000030088,6.2677,6.1155,6.5947,6.6594,6.4859,6.1515,5.2561,5.1907,5.6117,5.6154,4.738,5.1508
 ENSMUSG00000051279,4.149,4.0258,4.2466,4.4373,4.4554,5.0135,3.9606,4.4196,5.2667,4.4073,2.9238,5.3135
 ENSMUSG00000076549,10.7617,8.6931,8.9872,8.0692,9.3577,9.3659,8.903,8.9517,8.5443,8.9251,9.0117,8.8535
 ENSMUSG00000018398,7.9691,7.5808,7.8447,7.4332,7.8673,7.7755,7.5232,6.9569,7.0427,6.7475,5.6906,7.1046
 ENSMUSG00000079635,4.7691,5.9604,5.3622,5.6125,4.4554,5.3297,4.3616,4.203,5.8482,5.5056,5.5175,4.2895
 ENSMUSG00000092036,5.0351,4.882,4.9,5.6858,5.7273,6.5542,4.113,5.386,4.6617,5.0302,4.738,5.6861
 ENSMUSG00000039607,5.6865,5.8466,5.2893,5.7327,6.6107,7.1049,7.0742,6.6241,6.4239,5.6924,5.2311,6.2054
 ENSMUSG00000076621,7.8927,8.1522,7.6824,6.9005,8.0243,8.6601,7.0143,8.6146,7.1414,7.1996,7.3476,6.8527
 ENSMUSG00000025330,5.6679,5.4355,5.2513,5.3348,5.9348,6.7195,6.2698,5.5565,4.9996,5.4766,4.1375,5.2825
 ENSMUSG00000032274,5.5908,6.1477,5.7594,6.5985,6.6107,7.3592,5.8877,5.1907,6.1494,5.9841,5.4417,5.1508
 ENSMUSG00000068882,12.1,11.8372,11.9733,11.75,12.6648,12.5984,12.6859,12.7729,11.7956,11.9994,13.7306,13.363
 ENSMUSG00000034573,6.5136,6.7596,6.55,6.0777,7.5535,8.088,6.591,6.4232,6.4881,6.1908,5.6576,6.7794
 ENSMUSG00000031778,3.6451,4.0258,3.6483,3.74,4.6402,5.3297,4.5639,4.6819,3.8312,3.7608,5.3614,4.8392
 ENSMUSG00000016624,5.0647,5.6788,4.9495,4.9011,6.3491,6.3671,6.1062,6.2144,5.0361,4.4735,5.3614,5.6387
 ENSMUSG00000033027,5.2807,4.754,4.8485,5.1711,5.3911,5.987,6.5063,6.1373,5.6579,4.4073,5.276,6.1893
 ENSMUSG00000004552,9.8708,9.5789,9.402,9.334,9.1384,9.1572,9.0587,9.3455,9.2923,9.7759,7.6144,8.196
 ENSMUSG00000090173,7.4824,7.4071,7.3166,7.4676,6.4191,6.6932,6.4164,6.8807,7.6623,7.6412,5.7541,6.1893
 ENSMUSG00000045095,5.86,5.8066,5.9799,5.2717,6.7796,6.9364,5.6686,5.0811,6.0331,5.7654,4.9243,6.6444
 ENSMUSG00000036218,3.3431,3.5702,2.9238,3.5932,4.3505,5.4635,3.5309,3.7484,3.3831,3.9948,3.4793,3.8525
 ENSMUSG00000067038,14.3819,14.5341,14.7512,14.4342,13.3252,13.2975,15.4036,14.3612,14.8193,14.3353,15.3045,14.2717
 ENSMUSG00000087350,3.5148,3.5702,3.4387,3.5932,5.0072,4.5931,4.5639,4.5137,3.3831,2.9238,4.3444,3.7315
 ENSMUSG00000070493,11.1419,10.9725,11.301,10.9555,10.9685,10.8061,11.9349,11.8683,11.2984,11.2847,13.0676,11.9057
 ENSMUSG00000096351,6.4825,6.1477,5.8369,6.6831,7.0671,7.5895,6.9678,6.9863,6.0331,6.5583,7.4359,7.9137
 ENSMUSG00000026837,6.2554,6.6295,5.6199,5.4807,6.7255,6.8677,6.7279,6.0275,6.8023,5.7654,5.0348,6.9416
 ENSMUSG00000026857,8.3889,8.6068,8.4836,8.7812,8.8999,9.1331,9.605,9.4751,8.779,8.82,10.502,9.9368
 ENSMUSG00000082829,6.7143,6.8693,6.6522,7.0713,5.8349,5.8969,5.5871,5.5159,6.8518,7.0642,5.6906,5.5644
 ENSMUSG00000089661,4.149,3.9337,4.4102,4.3033,5.3911,5.7498,4.6531,4.7579,4.1103,4.2614,5.7848,4.965
 ENSMUSG00000021645,8.7356,8.7565,8.7654,8.7866,9.4352,9.5806,9.6789,9.7536,8.7455,8.9225,10.4722,10.3397
 ENSMUSG00000004951,3.8488,3.7122,3.6483,4.2295,4.6402,5.2574,4.4672,2.9238,4.0265,3.886,4.738,4.8392
 ENSMUSG00000033460,4.3786,3.7122,4.618,4.0637,5.2923,4.9209,4.113,3.9271,4.6121,4.5956,2.9238,4.9245
 ENSMUSG00000024066,9.3747,9.1925,9.5103,8.9557,10.1936,10.0938,9.4505,8.7531,8.9607,8.5934,7.8466,9.059
 ENSMUSG00000051748,6.2798,5.4619,5.7053,6.0596,5.24,5.5853,5.8877,4.6819,6.286,6.9458,4.9807,5.1849
 ENSMUSG00000073436,11.2991,11.2439,11.2282,11.2971,11.8819,11.9475,12.3941,12.5919,11.3314,11.4706,12.9152,12.7038
 ENSMUSG00000041577,3.7539,3.3828,3.9381,3.5932,5.1287,5.0135,3.7763,2.9238,3.8312,3.6103,3.7047,4.4223
 ENSMUSG00000090553,10.1396,10.0963,10.4274,10.0378,10.4694,10.1927,11.3001,10.9625,10.4249,10.3612,12.0356,11.4796
 ENSMUSG00000030879,9.6876,9.4853,9.556,9.5622,10.1602,10.3219,10.4434,10.4227,9.5349,9.8058,11.3918,11.109
 ENSMUSG00000002660,9.0094,8.9107,9.0417,8.853,9.5088,9.6434,9.7808,9.9278,8.9984,8.9762,10.7672,10.4292
 ENSMUSG00000078606,14.4487,14.1537,14.3891,14.1385,13.0632,12.9249,12.9944,12.6537,13.4665,13.7467,13.333,12.8785
 ENSMUSG00000083505,4.149,4.4484,4.3315,4.6126,5.24,5.987,5.3592,5.386,4.6617,4.6522,6.0345,5.5125
 ENSMUSG00000042426,10.1715,10.0984,10.1332,10.1199,10.7746,10.7471,10.9474,11.1284,10.1055,10.176,11.9592,11.5634
 ENSMUSG00000025877,9.4763,8.9788,9.8174,9.2498,8.7004,8.3613,8.582,8.199,8.2492,8.2308,7.6311,8.0965
 ENSMUSG00000042851,9.6217,9.6967,9.4811,9.6736,10.453,10.6654,10.3226,10.521,9.6783,9.9723,8.3126,9.4782
 ENSMUSG00000043895,7.3341,6.7387,7.553,5.9057,6.7437,5.8496,5.5005,5.9692,6.513,6.024,5.929,5.9792
 ENSMUSG00000031231,10.5892,10.313,10.6179,10.0982,10.8871,10.6142,11.4141,11.4175,10.4003,10.5601,12.1159,11.8272
 ENSMUSG00000023004,13.1859,12.7384,13.2161,12.5222,13.071,12.5433,13.2045,13.4592,12.6858,12.6978,14.6629,14.0058
 ENSMUSG00000053461,3.7539,3.9337,3.6483,3.9687,5.1287,5.181,5.0847,4.8295,3.7128,4.1803,5.1366,4.9245
 ENSMUSG00000047844,4.841,4.0258,4.7387,3.5932,3.5259,4.5931,2.9238,3.7484,3.3831,3.886,2.9238,3.7315
 ENSMUSG00000050822,6.0575,6.1792,6.0245,6.3094,5.5695,5.0135,5.1443,4.9615,5.962,5.943,4.3444,4.8825
 ENSMUSG00000107082,5.2555,5.8466,5.4314,6.2629,4.8002,5.0135,4.4672,4.9615,5.8081,5.8119,4.3444,4.4223
 ENSMUSG00000021831,9.8837,9.6994,9.7486,9.5796,10.3018,10.4523,10.7559,10.5918,9.6368,9.7394,11.5464,11.0253
 ENSMUSG00000103880,4.429,4.4484,4.0523,4.5571,3.9523,4.1352,2.9238,3.9271,2.9238,3.9948,5.1847,4.2895
 ENSMUSG00000109511,10.5407,10.3434,10.4578,10.3404,10.7757,10.7502,10.9394,11.0663,10.4443,10.4906,12.4014,11.8181
 ENSMUSG00000062478,7.744,8.3155,8.4677,8.6941,7.2311,7.8002,7.8393,7.3103,9.1119,8.3672,8.652,7.155
 ENSMUSG00000022371,9.9265,10.2702,10.1691,9.7716,9.7924,9.1572,9.3395,9.1652,9.5853,8.7187,8.015,9.2388
 ENSMUSG00000060206,4.7315,4.9983,5.172,4.8574,6.3004,6.5247,4.8873,4.8972,5.7025,5.1842,4.596,5.8815
 ENSMUSG00000031449,3.6451,3.3828,3.4387,3.5932,4.1036,5.2574,4.2447,4.075,3.3831,2.9238,4.0154,4.6488
 ENSMUSG00000082530,5.488,6.0487,5.5289,4.8122,6.3249,7.0019,5.7076,6.5471,5.635,5.9007,6.9143,6.3137
 ENSMUSG00000097612,4.149,4.6606,4.0523,4.3724,5.4832,5.8969,5.3592,5.3398,4.3264,4.1803,5.1847,5.3438
 ENSMUSG00000096446,2.9238,4.2584,4.3315,4.0637,4.3505,5.2574,3.5309,3.9271,3.8312,3.7608,2.9238,4.052
 ENSMUSG00000050912,13.5331,13.3523,13.5139,13.217,13.5911,13.3893,13.8292,13.8902,13.432,13.6083,15.3144,14.8401
 ENSMUSG00000026791,7.2198,7.2832,7.3077,7.6341,7.5431,7.4243,8.0546,8.2781,7.3688,7.4078,6.1087,6.1564
 ENSMUSG00000055322,8.9296,9.1459,9.3006,9.9985,10.0604,9.8933,9.0915,8.5277,9.2488,9.0709,7.8031,8.896
 ENSMUSG00000045140,8.3636,8.4334,8.3255,8.4064,8.9161,9.0583,9.4392,9.39,8.3793,8.3672,10.1069,9.8
 ENSMUSG00000031482,8.4726,8.3706,8.2672,8.5252,8.4074,8.2492,9.0987,9.093,8.3069,8.5637,10.1922,9.7667
 ENSMUSG00000030834,3.5148,3.7122,3.4387,2.9238,4.873,5.0999,3.7763,4.3167,3.5706,3.4115,3.4793,3.5861
 ENSMUSG00000039057,3.5148,2.9238,2.9238,3.5932,4.4554,5.0999,3.5309,3.5108,3.3831,3.4115,2.9238,3.5861
 ENSMUSG00000025515,3.3431,3.3828,3.6483,3.3992,4.6402,5.5853,3.5309,3.9271,3.9343,3.7608,4.0154,3.9579
 ENSMUSG00000081218,4.9417,5.2654,4.9,5.2717,5.9665,6.7955,5.2561,5.0227,5.2667,4.9014,4.4346,4.5411
 ENSMUSG00000022075,11.2271,11.2057,11.2527,11.6412,9.9899,9.993,10.077,10.4201,11.3512,11.4988,11.5579,11.0855
 ENSMUSG00000020125,4.841,4.0258,4.4837,2.9238,3.7693,3.6367,3.5309,3.7484,2.9238,2.9238,2.9238,3.8525
 ENSMUSG00000094787,9.5749,8.7172,8.6613,7.7334,9.5061,8.9576,7.7507,8.4924,7.9965,7.9533,7.9958,8.2891
 ENSMUSG00000024210,4.3786,4.1867,4.1542,3.3992,5.3911,4.3101,2.9238,3.9271,3.9343,4.7062,3.7047,4.5411
 ENSMUSG00000027011,9.2131,9.0564,9.1449,9.358,9.2055,9.0736,9.9234,9.6431,9.2744,9.4399,11.0644,10.5578
 ENSMUSG00000081176,4.0826,4.0258,2.9238,4.7165,4.2344,5.3297,4.7362,4.8972,4.6617,4.758,4.2461,5.1157
 ENSMUSG00000018844,4.8755,4.7082,4.9,5.3036,5.2923,5.7498,5.1443,5.1907,4.7093,4.9887,6.4497,6.6206
 ENSMUSG00000066363,9.4419,8.5953,9.0761,7.7833,8.8123,9.2631,7.9707,7.6126,7.8633,8.2224,7.8466,8.0396
 ENSMUSG00000024727,4.0112,3.8306,4.4102,3.74,5.24,5.6423,4.5639,4.4196,3.8312,3.6103,4.9243,4.5411
 ENSMUSG00000057657,4.3257,4.4484,3.8066,2.9238,4.3505,3.9222,4.3616,4.3167,4.3896,5.2889,5.3614,4.2163
 ENSMUSG00000076522,10.6268,9.9927,10.2489,8.7369,10.4951,10.5754,9.1992,9.8721,9.0521,9.3264,9.4988,9.5457
 ENSMUSG00000020701,4.3257,3.8306,3.9381,4.6126,3.9523,4.4604,2.9238,3.7484,4.6617,5.5339,4.1375,4.4833
 ENSMUSG00000084230,6.3274,6.4482,6.5194,6.8386,5.1855,5.0999,5.2014,6.3794,6.3974,6.446,5.7541,5.3135
 ENSMUSG00000027509,10.3483,10.3261,10.2338,10.3661,10.8116,10.8031,11.1532,11.2668,10.4314,10.6062,12.2376,11.7752
 ENSMUSG00000072898,4.2113,2.9238,3.6483,4.4373,4.9419,5.0135,5.0847,4.075,3.8312,3.7608,3.8746,4.2163
 ENSMUSG00000038068,8.1039,8.2213,8.6153,8.6559,8.3253,7.4558,7.9147,7.5053,7.8488,8.0661,6.3718,7.3479
 ENSMUSG00000031422,10.9687,10.8152,10.9745,10.6543,11.2252,11.1161,11.4068,11.3438,10.7415,10.762,12.8168,12.0974
 ENSMUSG00000009734,5.0047,5.1386,4.9972,4.9842,6.3491,6.7955,5.0847,4.5137,5.2049,5.1842,5.0348,5.1508
 ENSMUSG00000094420,12.1433,11.6145,12.1443,10.3171,11.6914,12.2967,11.539,11.5588,10.6505,10.7436,11.1772,11.0615
 ENSMUSG00000052759,3.7539,3.3828,3.6483,4.0637,4.5515,4.9209,5.1443,5.2919,4.0265,4.1803,3.7047,3.7315
 ENSMUSG00000024726,9.3733,9.276,9.3576,9.2159,9.2633,8.6735,9.6375,9.2672,9.221,9.2925,11.1347,10.2992
 ENSMUSG00000021585,11.4385,11.5164,11.5587,11.5144,11.7766,11.8883,12.0764,12.1852,11.5683,11.4962,10.0934,10.3095
 ENSMUSG00000090602,4.0826,4.0258,4.0523,3.5932,5.0694,5.0999,4.113,3.9271,4.5062,4.4073,5.7848,4.9245
 ENSMUSG00000082245,3.5148,4.3887,3.9381,3.9687,4.4554,5.0999,3.5309,2.9238,2.9238,3.4115,3.7047,3.5861
 ENSMUSG00000050627,12.0482,12.0977,12.0839,12.3125,10.8561,10.6604,11.1738,11.3536,12.4542,12.6032,11.9691,11.601
 ENSMUSG00000093589,4.0112,3.7122,4.2466,4.6657,5.1855,5.0999,4.4672,4.6008,4.0265,4.758,2.9238,3.9579
 ENSMUSG00000062783,10.693,10.7782,10.6612,10.1863,9.9395,9.9551,9.7074,9.7278,9.8409,9.7364,9.0771,8.6493
 ENSMUSG00000020564,11.014,11.2481,11.0308,11.3399,10.5138,10.5207,10.0752,10.2066,11.0796,11.1002,9.3681,9.8026
 ENSMUSG00000076620,9.0452,9.0246,8.962,8.4379,9.2055,9.5299,8.3362,10.1941,8.3487,8.4848,8.0893,8.1136
 ENSMUSG00000028864,6.0289,6.1155,6.2844,5.6125,6.8317,5.6971,5.3592,4.6819,6.1809,5.943,4.6691,5.5896
 ENSMUSG00000021640,5.649,5.5131,5.3622,5.9259,5.0694,5.5257,4.5639,3.9271,5.1728,5.9637,4.3444,5.4858
 ENSMUSG00000002808,5.0937,4.4484,4.4102,4.0637,3.7693,2.9238,3.9606,3.5108,3.5706,3.886,2.9238,3.3941
 ENSMUSG00000036770,4.3257,3.9337,4.2466,3.5932,5.2923,5.4635,5.3087,5.0811,4.0265,3.9948,4.5181,4.1376
 ENSMUSG00000026358,8.1701,9.3986,9.9769,8.5382,8.2824,8.7065,8.8528,7.9242,7.8824,7.9935,8.6803,8.1718
 ENSMUSG00000023939,7.5082,6.9257,7.3603,7.1581,7.9713,7.5316,8.3841,8.2177,7.2037,7.4446,9.1101,8.192
 ENSMUSG00000071691,4.2113,4.3887,4.0523,4.3033,5.2923,5.5853,5.8535,5.2919,4.3896,5.0704,5.5175,5.4024
 ENSMUSG00000043498,5.0047,5.3531,5.649,6.3094,6.2754,7.291,5.408,5.1371,5.6579,5.879,5.3194,5.798
 ENSMUSG00000064168,9.5086,8.8197,9.1696,8.2257,7.501,7.3255,8.2992,8.0474,8.7192,8.5401,8.7159,8.1758
 ENSMUSG00000035000,12.2525,12.1872,12.139,12.2345,11.1472,11.1369,11.3032,11.4818,12.2753,12.538,10.7989,10.8659
 ENSMUSG00000110195,10.6681,10.8978,10.6604,11.168,10.3574,10.7566,10.7661,10.8505,11.2044,11.3548,9.2837,9.5347
 ENSMUSG00000074656,11.3747,11.0838,11.2218,11.138,11.8788,11.8833,11.975,11.8644,10.9391,11.1488,12.8963,12.6415
 ENSMUSG00000069744,10.6473,10.4366,10.7276,10.2289,10.954,10.6788,11.4256,11.4889,10.5915,10.6461,12.367,11.7661
 ENSMUSG00000099647,6.7232,6.6066,6.8616,6.1649,5.869,6.5542,6.8006,7.9541,6.3004,6.5172,7.9566,6.5841
 ENSMUSG00000031024,7.6404,7.6325,7.2807,7.4192,8.5118,8.2581,8.6619,8.2958,7.5827,7.6091,8.9197,9.1445
 ENSMUSG00000085711,3.8488,3.5702,4.0523,3.9687,5.1287,4.7123,3.9606,5.5565,3.5706,3.6103,4.1375,4.2895
 ENSMUSG00000073568,4.0112,4.1096,4.4837,4.4988,5.2923,5.9427,4.7362,5.3398,4.1103,4.5956,3.8746,4.2163
 ENSMUSG00000021660,12.6937,12.3909,12.6303,12.2063,13.0991,12.9108,13.6072,13.6026,12.5201,12.6064,14.1897,13.7706
 ENSMUSG00000081965,3.8488,3.8306,3.9381,3.8623,5.438,5.5257,4.4672,4.5137,4.1103,3.886,4.1375,5.0796
 ENSMUSG00000056413,9.0627,8.8122,8.9955,8.9629,8.8336,8.9243,8.9594,9.1811,9.12,9.0709,10.7482,10.4017
 ENSMUSG00000023913,10.2781,10.1004,10.1813,9.8478,10.9024,9.9957,10.1059,9.3227,9.6742,9.732,8.3634,9.3108
 ENSMUSG00000085666,4.149,3.9337,3.8066,3.9687,4.7228,5.5257,3.9606,4.4196,3.7128,2.9238,4.5181,4.2163
 ENSMUSG00000005873,11.1407,11.0515,11.3116,11.1789,10.2198,9.6228,10.2274,10.2645,11.1732,11.1643,9.7637,10.0341
 ENSMUSG00000031432,8.9747,8.7998,9.047,8.9015,9.3158,9.4734,9.9091,9.8857,8.8655,8.8989,10.6897,10.2577
 ENSMUSG00000034117,4.6112,4.5593,3.8066,4.2295,5.2923,5.3982,5.0222,5.0227,4.1103,4.4735,5.8443,5.5644
 ENSMUSG00000003411,3.8488,4.1096,4.4102,4.7165,4.873,6.03,5.6284,4.203,4.1875,4.7062,4.596,4.8392
 ENSMUSG00000015947,8.6821,8.5333,9.0891,8.367,7.859,7.2557,7.6365,7.0292,8.0857,8.5162,7.4453,7.7596
 ENSMUSG00000022792,8.9617,8.7897,8.7126,8.8762,9.1923,9.162,9.7786,9.6749,8.8413,8.9534,10.7434,10.1008
 ENSMUSG00000105338,6.8903,6.1155,6.8616,5.7327,6.4191,5.8006,4.8873,6.6972,5.4633,6.5447,5.7541,5.5644
 ENSMUSG00000026798,7.7484,7.8518,7.6263,7.8833,8.1387,8.5551,8.6125,8.6471,7.8729,7.8854,9.5954,9.2349
 ENSMUSG00000067017,5.9393,5.9047,6.0677,5.7555,6.1153,4.4604,5.7824,4.9615,6.4369,6.0042,6.8298,5.4307
 ENSMUSG00000083392,4.149,4.2584,3.8066,3.9687,3.9523,4.3101,2.9238,3.9271,3.7128,3.9948,5.6576,4.4833
 ENSMUSG00000090592,9.2052,9.9253,9.4692,9.8082,10.4803,10.9633,8.9153,8.9554,9.5911,9.9634,9.2624,9.0787
 ENSMUSG00000098426,5.723,5.4355,5.3972,3.8623,5.6107,6.3334,5.408,5.1907,5.4892,5.5888,4.4346,5.1849
 ENSMUSG00000035776,8.1241,8.2943,8.3731,8.4517,7.3428,7.4558,6.8867,6.9116,8.1929,8.4012,7.0573,7.2738
 ENSMUSG00000108772,4.5683,4.922,4.2466,4.9011,2.9238,3.9222,4.2447,4.7579,4.1875,5.1473,5.1847,4.3579
 ENSMUSG00000042129,11.4668,11.4887,11.5455,11.8606,10.8467,10.5556,10.0969,10.1925,11.3746,11.4018,10.1099,10.7555
 ENSMUSG00000031639,9.5979,9.2265,9.4552,8.5701,8.2188,7.8124,8.2483,8.1738,8.4986,8.3363,7.7808,7.854
 ENSMUSG00000034127,5.488,5.0703,4.4102,4.3033,3.7693,4.4604,4.113,3.7484,3.3831,4.9014,3.7047,4.6488
 ENSMUSG00000024044,10.2577,10.0518,10.6897,10.612,10.3677,9.8348,10.0513,9.6269,9.5794,9.729,8.3126,9.6282
 ENSMUSG00000052516,3.9338,4.7082,4.2466,3.8623,5.3911,5.4635,4.5639,4.6008,5.3545,3.9948,4.3444,5.5387
 ENSMUSG00000025993,13.1679,12.9759,14.1884,13.7124,13.2891,12.3962,13.3302,12.8418,12.9963,12.6616,11.7443,12.6783
 ENSMUSG00000030417,9.3014,9.0138,9.2459,9.1435,10.0604,9.7002,10.0194,9.8242,9.0158,9.2661,10.8362,10.6945
 ENSMUSG00000056972,4.3257,4.0258,3.6483,4.5571,5.1855,5.7498,4.113,4.3167,4.2593,4.092,3.4793,3.9579
 ENSMUSG00000032216,12.0885,11.9884,11.8622,12.0299,12.1273,11.8782,12.5323,12.6827,11.994,12.1167,13.7331,13.4814
 ENSMUSG00000018427,8.5266,8.4717,8.6682,8.8504,8.4578,8.5184,8.3782,8.2958,8.2891,8.6761,7.3973,6.6325
 ENSMUSG00000027344,5.9698,6.1155,5.8369,6.3692,5.7273,5.6423,5.6686,5.877,6.286,6.1374,4.1375,4.9245
 ENSMUSG00000024369,8.7744,8.6126,8.7293,8.6258,9.3695,9.3325,9.7308,9.8018,8.6951,8.7366,10.3211,10.1157
 ENSMUSG00000040751,11.7527,11.6925,11.7828,11.7451,10.4722,10.1063,10.6288,11.0229,11.879,11.8839,11.1,10.8392
 ENSMUSG00000049124,9.4526,9.3151,9.5372,8.982,9.5712,9.2497,10.368,10.4882,9.4542,9.2266,10.9618,10.3514
 ENSMUSG00000032470,7.5336,7.1156,7.3342,7.0979,7.7372,7.5752,7.2003,6.849,6.5495,7.4373,5.4417,6.6085
 ENSMUSG00000020922,10.5814,10.3348,10.4457,10.4205,11.0764,11.0418,11.3133,11.2152,10.2991,10.4497,12.1689,11.8876
 ENSMUSG00000046756,9.9407,9.8006,9.9155,9.7592,10.3109,10.366,10.5769,10.684,9.896,10.0193,11.8615,11.0838
 ENSMUSG00000028332,8.3608,7.9989,7.4994,6.8386,6.9464,7.5608,6.5063,6.7323,6.4369,7.129,6.3917,7.2965
 ENSMUSG00000021236,10.9296,11.0505,10.9056,11.1068,9.693,9.6671,9.6644,9.9088,11.0355,11.1455,10.9709,10.5287
 ENSMUSG00000101433,3.7539,3.8306,3.4387,4.0637,4.8002,5.3297,4.8873,4.6819,3.8312,3.9948,3.7047,3.3941
 ENSMUSG00000006599,10.6409,10.3982,10.5424,10.3661,11.0907,11.2055,11.3886,11.4094,10.6031,10.7146,12.3362,11.9179
 ENSMUSG00000039145,11.2533,11.3776,11.4133,11.6487,10.4978,10.4027,10.2614,10.1687,11.3771,11.5175,10.0445,10.2148
 ENSMUSG00000090124,6.4613,5.9047,6.2285,5.9847,7.1918,7.044,6.7464,6.0835,5.8678,6.024,4.8032,6.2683
 ENSMUSG00000021091,3.3431,3.9337,2.9238,3.3992,3.7693,5.2574,4.4672,4.203,3.8312,3.4115,3.4793,3.3941
 ENSMUSG00000035890,9.1241,9.0896,8.8746,9.0739,9.8097,9.6738,10.0476,10.1783,9.0688,9.2096,10.8118,10.326
 ENSMUSG00000021281,9.5302,9.0855,9.5579,9.0628,8.9399,9.1331,8.8485,8.77,8.6202,9.1374,7.1297,8.6198
 ENSMUSG00000034687,4.7315,5.4619,4.8485,5.3348,5.7641,6.4,5.1443,4.6008,6.5374,5.3544,4.8032,5.6387
 ENSMUSG00000051998,12.4619,12.4174,12.4531,12.0726,11.2753,11.2874,10.6656,10.9449,12.1748,12.1144,11.9695,11.3936
 ENSMUSG00000082087,4.27,4.2584,3.6483,4.1501,4.6402,4.7123,4.113,2.9238,4.1103,3.6103,5.4417,4.2163
 ENSMUSG00000049493,6.1795,6.2988,6.4722,5.778,6.9145,7.1823,5.408,5.596,5.1062,5.5339,6.1087,5.6387
 ENSMUSG00000079592,4.0826,2.9238,4.2466,3.8623,4.873,4.5931,3.7763,4.8295,4.4494,3.4115,3.8746,4.965
 ENSMUSG00000010175,5.1221,5.6335,5.649,5.3951,5.9348,6.4,4.814,4.3167,5.4892,5.6416,4.3444,5.7543
 ENSMUSG00000075590,4.841,5.1715,4.6798,5.2055,5.9348,6.5542,5.5445,4.6819,5.7457,4.5362,4.8032,5.7764
 ENSMUSG00000030159,8.3437,8.3604,9.0629,8.3886,8.3959,8.0265,8.0397,7.8384,8.1502,8.5603,6.4497,7.8591
 ENSMUSG00000043079,5.7049,5.5626,5.7594,5.8433,6.8145,7.1246,5.921,5.5159,5.9437,5.6154,4.738,6.3432
 ENSMUSG00000051223,12.4821,12.3036,12.5118,12.4136,12.8373,12.7259,13.4106,13.4157,12.5159,12.5813,14.2642,13.7432
 ENSMUSG00000020163,9.2349,9.0181,9.2575,8.8426,9.5712,9.1667,10.0137,10.0455,9.234,9.2537,10.8017,10.5311
 ENSMUSG00000055629,4.27,4.3255,4.618,4.4373,5.4832,6.1122,4.7362,4.3167,4.5062,3.9948,3.8746,4.6488
 ENSMUSG00000024997,10.2347,9.9481,10.1958,9.8068,10.3261,10.2043,11.1323,10.8614,10.0548,10.1169,11.7737,11.343
 ENSMUSG00000005125,8.297,8.1986,8.192,8.424,7.8507,8.1079,7.4119,7.1893,8.3175,8.6699,6.5764,7.2965
 ENSMUSG00000039410,6.0143,5.9964,6.2094,6.3246,5.9348,6.4637,5.8184,6.0835,6.0673,6.3242,8.131,6.8217
 ENSMUSG00000074677,7.5134,7.1475,7.6686,6.6713,7.7005,6.7706,7.1032,5.6344,7.4798,6.8054,6.1561,7.1796
 ENSMUSG00000081720,3.6451,3.8306,3.8066,4.3033,4.7228,5.3982,4.3616,4.5137,3.9343,2.9238,4.1375,3.7315
 ENSMUSG00000076665,8.9391,8.2728,7.875,6.8595,8.6338,8.3192,7.6947,8.0681,8.321,8.7127,9.1279,8.7537
 ENSMUSG00000054932,7.0256,6.9257,7.3516,6.9402,5.6895,5.987,6.0167,5.8119,7.0681,6.904,5.7541,6.0165
 ENSMUSG00000016529,4.8755,4.5052,4.7948,4.0637,5.3426,5.7498,4.4672,3.5108,4.0265,4.092,4.8652,4.2163
 ENSMUSG00000063903,6.2306,5.8066,5.7857,5.9458,4.8002,5.6971,4.7362,4.5137,5.8283,6.2591,6.2894,5.998
 ENSMUSG00000042961,3.9338,3.8306,2.9238,3.8623,5.1287,5.2574,3.7763,3.9271,3.9343,4.092,3.8746,4.4223
 ENSMUSG00000031209,3.5148,3.7122,2.9238,3.3992,4.1036,5.0999,3.7763,2.9238,3.8312,4.092,2.9238,3.8525
 ENSMUSG00000047911,3.3431,3.8306,3.6483,3.74,4.873,5.3297,4.3616,4.075,3.7128,3.7608,4.8032,4.7477
 ENSMUSG00000059534,9.3915,9.0814,9.4889,9.047,9.6742,9.4657,10.3916,10.4558,9.2378,9.3517,10.9013,10.3577
 ENSMUSG00000039159,11.3171,11.3654,10.9933,12.0676,10.9084,10.8363,10.6944,10.6996,11.3374,11.6511,9.8534,10.1029
 ENSMUSG00000095071,7.1159,6.7802,7.0334,6.6474,6.1707,5.7498,6.7091,6.6053,6.7717,6.7825,8.0893,7.7432
 ENSMUSG00000000301,4.841,4.922,4.7948,4.7165,5.438,5.4635,5.921,5.7782,5.2667,4.2614,6.5054,5.6144
 ENSMUSG00000026940,3.5148,4.0258,3.8066,4.3033,4.7228,5.6423,4.4672,5.0227,3.5706,4.1803,4.8032,4.5411
 ENSMUSG00000052456,9.8325,9.5642,9.7794,9.5843,10.2895,10.0037,10.5974,10.7182,9.7254,9.824,11.5091,10.9691
 ENSMUSG00000036860,7.9237,7.7619,7.9568,7.8421,8.4074,8.2492,8.7875,8.7616,8.0008,8.0519,9.6699,9.3491
 ENSMUSG00000062284,4.9417,5.4877,5.0431,4.6657,6.3728,6.5247,4.814,5.9084,5.4633,5.1473,6.1561,5.3734
 ENSMUSG00000058325,7.5536,7.4966,7.7163,7.7942,8.0391,7.6587,7.1595,6.5862,7.8488,7.3546,5.8731,7.8692
 ENSMUSG00000095204,9.2984,9.7599,9.3533,8.2575,8.4578,9.8614,7.931,9.1329,8.6088,8.6975,9.2863,8.3225
 ENSMUSG00000047180,11.7879,11.9154,11.8007,12.1417,10.9114,11.3123,11.0797,11.148,12.1178,12.1266,10.5053,10.4654
 ENSMUSG00000061518,10.7357,10.4677,10.7058,10.2741,11.0692,10.9715,11.573,11.734,10.5171,10.6493,12.1258,11.9027
 ENSMUSG00000006313,3.9338,3.5702,4.4102,4.0637,5.0072,5.3297,4.2447,4.5137,4.1103,4.092,5.6576,4.9245
 ENSMUSG00000031657,9.8284,9.7391,9.8313,9.9226,10.1242,10.3368,10.356,10.3201,9.7542,9.7541,11.6436,11.2684
 ENSMUSG00000099517,9.6625,8.4967,9.3789,7.9431,8.0019,7.5463,7.8649,8.0051,8.5353,8.4235,8.7276,8.5081
 ENSMUSG00000018604,3.6451,3.9337,3.9381,4.3724,5.1855,5.6971,3.7763,3.9271,3.8312,4.1803,4.0154,4.5962
 ENSMUSG00000074899,6.5934,6.8205,6.6801,6.9597,7.4353,7.6451,7.4003,7.5648,6.8023,6.8827,5.4802,6.1729
 ENSMUSG00000032333,10.0746,10.0423,10.1691,10.1852,9.1036,8.9902,9.1858,9.4036,10.2169,10.4084,8.6105,9.0479
 ENSMUSG00000045954,6.7143,6.7387,7.2898,6.5477,6.8145,6.8909,6.8699,5.7782,6.8996,7.3469,5.2311,7.2586
 ENSMUSG00000020231,8.4882,8.5212,8.4993,8.899,7.4241,7.4401,7.5445,7.7726,8.7297,8.7395,7.2751,7.5371
 ENSMUSG00000034317,10.794,10.7902,10.7201,11.1106,9.6623,9.1903,9.9535,9.9503,10.9834,10.997,10.1202,10.0126
 ENSMUSG00000074923,5.3296,5.701,5.2122,6.0777,6.4859,6.6665,6.7464,6.0275,5.7243,5.5616,4.8652,5.1157
 ENSMUSG00000028859,10.2447,9.5404,9.4751,9.107,10.1259,10.5574,9.8335,9.2125,8.9674,8.8504,8.4831,9.2114
 ENSMUSG00000040990,12.9345,12.9102,12.8282,12.8393,11.7694,11.766,11.4068,11.6852,12.8441,12.8895,11.8756,11.7389
 ENSMUSG00000074420,6.2306,6.4222,6.4234,6.4266,5.6507,5.6971,5.2561,5.596,6.842,6.6113,4.9807,5.2183
 ENSMUSG00000057246,7.8326,7.7772,8.0234,8.033,7.5638,8.3362,7.7136,7.7471,7.8537,8.2139,6.0088,7.0611
 ENSMUSG00000021606,8.7829,8.4463,8.5899,8.2808,9.2022,9.0429,9.5245,9.6385,8.3827,8.523,10.0445,9.8681
 ENSMUSG00000072789,4.7691,4.4484,4.1542,4.0637,5.7273,5.5853,5.1443,5.6718,4.7551,4.5362,5.6906,5.4024
 ENSMUSG00000106188,3.6451,3.8306,2.9238,3.5932,4.5515,5.181,3.5309,4.203,3.5706,3.6103,4.5181,4.4223
 ENSMUSG00000083244,4.429,4.7082,4.6798,5.0995,3.5259,3.9222,3.5309,3.5108,4.9996,5.1473,4.1375,4.5962
 ENSMUSG00000026042,5.0937,5.2654,4.7948,4.7165,6.0279,6.03,5.9855,4.9615,5.9063,4.9014,4.4346,6.1227
 ENSMUSG00000091318,6.1925,6.5357,6.0889,6.2309,7.3898,7.895,6.0167,5.8119,6.3147,6.5033,5.8731,6.2529
 ENSMUSG00000040891,4.27,4.6606,4.618,3.9687,5.3911,6.1122,4.2447,4.6008,4.1103,4.092,4.4346,4.2163
 ENSMUSG00000021607,9.0345,8.7539,8.942,8.7894,8.994,8.6668,9.8443,9.9632,8.9403,9.0567,10.5422,9.9955
 ENSMUSG00000040488,5.3998,5.6335,5.2513,5.4807,6.5287,6.82,6.8183,6.5471,6.2269,5.7172,6.0088,6.998
 ENSMUSG00000033409,3.6451,3.5702,2.9238,3.8623,4.5515,5.4635,4.113,3.9271,3.8312,3.6103,4.2461,3.8525
 ENSMUSG00000000037,4.0826,4.3255,4.3315,4.1501,5.0694,5.5853,5.2014,5.596,4.0265,3.9948,4.0154,4.6488
 ENSMUSG00000102232,5.86,6.2253,6.0024,6.6353,7.2693,7.6036,5.8535,6.0558,6.0841,6.1732,5.4417,5.9602
 ENSMUSG00000020219,9.1257,8.9942,9.1249,9.0982,9.4793,9.2362,10.0382,10.1893,9.0542,9.1419,10.7653,10.3746
 ENSMUSG00000097388,5.0047,5.0348,5.172,5.6125,5.7273,6.0717,6.2698,6.4447,5.4633,5.0704,4.596,4.5962
 ENSMUSG00000081513,4.3786,4.611,3.8066,4.6126,5.0694,4.5931,3.5309,4.3167,4.5604,4.3368,3.4793,2.9238
 ENSMUSG00000005483,10.133,9.9971,10.3848,10.2556,10.0927,10.121,10.4363,10.4241,10.2884,10.1836,12.3218,10.3011
 ENSMUSG00000028825,7.3283,7.0238,6.7476,6.3246,5.7641,5.6423,5.5005,5.6344,5.5395,6.2254,5.7848,5.9214
 ENSMUSG00000025894,9.5797,9.5833,9.5875,9.5333,9.7902,9.9551,10.432,10.263,9.6508,9.5769,11.4422,10.8784
 ENSMUSG00000092029,5.4224,6.0315,5.0431,5.2717,4.1036,4.9209,4.8873,5.6344,5.6803,5.22,6.5235,5.0425
 ENSMUSG00000045053,3.9338,4.1867,4.2466,3.5932,5.3426,5.181,5.0222,4.6819,4.1103,3.6103,5.0867,4.8392
 ENSMUSG00000022889,9.6452,9.4618,9.4928,9.3433,10.0695,10.0274,10.3072,10.4093,9.4333,9.5802,11.2726,10.8348
 ENSMUSG00000038578,11.9612,12.0608,11.9606,12.2491,10.8851,10.5226,11.1974,11.3883,12.273,12.4625,11.3139,11.2264
 ENSMUSG00000106298,4.6112,4.3255,4.5528,4.9842,3.7693,3.6367,3.5309,3.5108,5.1399,5.0302,3.7047,4.4833
 ENSMUSG00000056679,5.3053,4.922,4.6798,5.5349,6.1707,6.3671,5.2014,4.5137,5.2049,4.8554,4.4346,4.6993
 ENSMUSG00000028792,10.8682,10.6801,10.7846,10.612,11.3282,11.181,11.6175,11.7227,10.7668,10.9196,12.4863,12.17
 ENSMUSG00000096108,8.918,8.5483,8.4717,7.5468,8.4467,9.2587,8.4133,9.1329,7.2188,8.3937,7.8537,7.9283
 ENSMUSG00000065987,5.2555,5.2654,4.7387,5.9847,4.3505,5.0135,4.8873,3.9271,4.5604,5.0704,3.7047,4.7943
 ENSMUSG00000003070,4.149,4.1867,3.8066,4.1501,4.4554,5.0135,4.6531,4.203,4.0265,3.6103,5.9013,4.7943
 ENSMUSG00000033581,5.4224,5.3811,4.9972,5.5613,6.3004,7.1441,5.3592,5.7082,5.5146,5.22,4.8032,5.5896
 ENSMUSG00000036533,8.5591,8.2872,8.4598,8.424,7.2311,7.2195,7.2268,7.1893,8.386,8.3975,7.2319,7.4046
 ENSMUSG00000032279,9.7419,9.4506,9.5783,9.5558,10.1803,10.0378,10.4192,10.5034,9.5075,9.6806,11.1934,11.1259
 ENSMUSG00000026355,11.2977,10.9077,11.1197,10.7466,10.6135,10.5718,10.9603,11.0184,10.8492,10.9222,12.6733,12.0339
 ENSMUSG00000052861,4.2113,4.754,4.1542,4.3724,5.1287,5.2574,3.7763,4.3167,4.1875,3.9948,2.9238,4.052
 ENSMUSG00000028693,11.1283,10.9558,11.1069,11.0542,11.7482,11.8273,11.8775,11.8148,11.0744,11.0944,12.7703,12.5422
 ENSMUSG00000018238,3.8488,3.7122,3.8066,3.8623,5.1287,5.181,4.7362,4.4196,4.1875,3.6103,5.3194,4.4223
 ENSMUSG00000020697,10.6403,10.5734,10.5935,10.712,11.1412,11.2521,11.603,11.7194,10.6685,10.8218,12.3561,12.0096
 ENSMUSG00000030313,12.6404,12.7284,12.5907,12.8918,11.6523,11.6713,11.3272,11.4709,12.7164,12.8436,11.7909,11.6096
 ENSMUSG00000014453,13.2995,13.2564,13.2939,13.3348,11.9985,11.8069,12.1978,12.4209,13.4094,13.3856,12.4725,12.3286
 ENSMUSG00000078921,11.6711,11.0044,11.5638,10.6348,9.9591,9.8585,10.1341,9.9108,10.6145,10.8946,10.8752,10.2843
 ENSMUSG00000033161,12.2006,12.1056,12.2404,12.1828,12.7481,12.523,13.1228,13.1737,12.0131,12.1681,13.9004,13.3862
 ENSMUSG00000031626,8.7955,8.8635,8.99,8.6013,8.4017,8.2036,7.8307,7.1379,8.9896,8.5737,7.3577,8.4455
 ENSMUSG00000103265,4.6927,4.7982,4.3315,4.7165,5.5695,5.8006,5.5871,5.5159,4.1103,4.5362,5.6239,5.7764
 ENSMUSG00000072721,6.1266,6.1317,6.4881,6.9304,6.2754,7.4083,7.3038,6.7323,7.2263,5.4169,5.9827,6.9701
 ENSMUSG00000021069,9.1909,8.9429,9.012,8.7702,8.8877,8.7452,8.2483,7.8544,8.5413,8.6354,6.9679,8.2277
 ENSMUSG00000023078,4.9736,4.6606,4.8485,4.0637,6.1976,5.6971,5.455,4.7579,4.5604,4.4735,4.2461,4.8392
 ENSMUSG00000030350,4.5683,4.7082,5.0431,5.3036,5.6107,5.987,4.2447,3.9271,4.962,4.8076,4.0154,4.8392
 ENSMUSG00000022900,7.4824,7.3187,7.4758,7.6991,7.5841,8.6868,7.0295,6.7835,7.5412,7.5085,6.1326,6.932
 ENSMUSG00000036814,4.841,4.922,4.2466,3.5932,4.2344,5.0135,2.9238,3.5108,4.3896,4.092,4.3444,4.1376
 ENSMUSG00000044405,4.0112,2.9238,3.6483,4.0637,4.5515,5.0999,4.5639,4.5137,3.3831,3.7608,4.6691,4.1376
 ENSMUSG00000037185,6.4181,5.9047,6.1504,5.8433,7.2439,6.4322,5.9855,5.4307,6.0503,6.8167,4.8652,6.2054
 ENSMUSG00000045288,4.429,4.882,5.0875,4.9011,5.6895,6.4322,4.5639,4.6819,4.9996,4.9458,4.0154,4.9245
 ENSMUSG00000019539,7.6681,7.6824,7.9339,7.3098,7.0815,7.1441,6.2173,7.0007,7.5047,7.5085,5.8443,6.8527
 ENSMUSG00000023011,5.3768,5.701,5.7327,6.0227,5.9976,6.4945,5.1443,4.8972,5.8081,6.1554,4.3444,5.0425
 ENSMUSG00000028436,11.388,11.4005,11.2982,11.8789,10.0997,10.1927,10.668,10.5966,11.5408,11.9898,11.134,10.8418
 ENSMUSG00000033826,10.5983,11.0889,10.6647,11.1262,10.5413,10.9931,10.0715,10.2297,11.1154,10.7086,9.3252,9.4749
 ENSMUSG00000017390,7.269,6.9349,7.3516,7.4539,6.1433,6.2988,5.7824,5.9987,7.1729,7.5223,6.4113,6.6678
 ENSMUSG00000056632,4.0112,4.5593,4.0523,4.5571,5.2923,5.8969,4.2447,4.075,4.6121,3.886,3.8746,4.1376
 ENSMUSG00000083097,7.7613,7.704,8.0502,7.5209,8.1455,7.984,8.3054,9.2186,8.2998,8.1396,9.6332,8.5273
 ENSMUSG00000002767,8.9598,8.8897,9.012,8.8634,9.3548,9.2271,9.7121,9.8721,9.0179,9.186,10.6586,10.4587
 ENSMUSG00000041084,10.3433,10.0758,10.3013,9.9288,10.2817,10.1477,10.7963,10.804,10.0726,10.2094,11.9288,11.4505
 ENSMUSG00000030680,7.3797,8.4334,7.1673,8.1643,8.2446,8.6735,7.0295,7.9089,8.8462,8.3402,8.3483,7.3551
 ENSMUSG00000061353,5.9393,6.5478,6.3899,5.6374,6.7437,7.3425,7.1174,6.1373,7.256,5.7889,6.1326,7.2508
 ENSMUSG00000086922,9.1925,9.0437,9.5065,8.6409,9.1989,9.3864,8.6225,10.0559,8.8067,9.0109,10.7803,9.3545
 ENSMUSG00000053830,7.263,6.7802,7.0968,7.5468,5.9976,7.5895,7.2529,7.878,7.1651,7.6725,8.4646,7.7211
 ENSMUSG00000024030,11.8101,11.7426,11.778,11.6449,10.817,10.6553,10.573,10.4427,11.4473,11.6421,10.4594,10.3011
 ENSMUSG00000025876,6.4719,6.8693,6.9896,6.7518,6.9775,6.3671,5.8184,5.6718,6.5252,6.0628,5.1847,5.4858
 ENSMUSG00000060402,3.7539,2.9238,3.4387,4.0637,4.873,5.0999,4.2447,4.203,3.5706,3.6103,4.0154,4.4223
 ENSMUSG00000078439,7.3049,7.1633,7.1071,7.3546,6.1153,6.4637,6.3203,6.5862,7.4023,7.536,5.8149,6.0165
 ENSMUSG00000026401,8.6662,9.2669,8.8442,9.334,8.4958,8.6051,8.7003,8.6333,9.35,9.4012,7.6394,7.5684
 ENSMUSG00000061360,9.1813,8.9246,9.1623,9.135,9.212,9.0429,9.9693,9.9651,9.13,9.2804,10.8136,10.3948
 ENSMUSG00000001270,9.0238,8.6126,9.2505,8.8914,8.9517,8.9131,9.0697,8.5523,8.5503,8.2723,7.1179,7.7757
 ENSMUSG00000036983,8.2085,7.9813,8.0974,7.6758,8.2123,8.1276,8.9634,8.9775,8.0139,7.943,9.686,9.1194
 ENSMUSG00000028409,11.4359,11.2767,11.3724,11.2832,11.9298,11.9182,12.2673,12.3178,11.3788,11.4901,13.111,12.7017
 ENSMUSG00000040627,7.5586,6.5235,7.6335,6.1649,7.1239,6.7453,5.6686,5.9084,6.5006,6.4749,6.1326,6.3577
 ENSMUSG00000031375,5.8436,6.4863,6.3204,6.0596,7.0526,7.291,6.8183,6.4865,6.6313,6.3242,4.9243,6.5841
 ENSMUSG00000025911,6.534,6.1317,6.3728,6.3246,7.2439,7.3425,6.6708,6.6793,5.8678,5.9637,7.7118,7.4389
 ENSMUSG00000030042,9.9929,10.1176,10.2173,10.0514,10.1551,10.0636,11.0456,10.9099,10.2946,10.2505,12.0107,11.0129
 ENSMUSG00000040274,11.3922,11.2879,11.374,11.806,12.2444,12.1904,12.4111,12.3972,11.6782,11.8165,13.1214,13.0141
 ENSMUSG00000012428,7.4507,6.5357,6.4234,6.4952,6.1433,6.9138,5.9536,5.1907,6.6199,7.1559,6.0088,5.9409
 ENSMUSG00000046380,9.4392,9.5192,9.4889,9.3134,9.8438,9.7706,10.344,10.6084,9.5809,9.7394,11.0636,10.9466
 ENSMUSG00000062901,13.141,13.2397,13.1674,13.3824,12.206,12.2164,12.7596,12.6283,13.4461,13.5499,12.1295,11.7223
 ENSMUSG00000081058,10.1859,9.2487,9.7087,8.7647,9.0315,8.1178,8.2222,8.2115,8.9104,8.8256,8.6962,8.6897
 ENSMUSG00000044254,5.5908,5.2348,5.2122,5.8219,6.4417,7.044,6.1348,5.6718,5.3259,6.1554,6.6107,6.6561
 ENSMUSG00000002102,11.2221,10.9814,11.1603,10.7784,11.6583,11.4869,11.9192,12.0707,11.0687,11.1202,12.7251,12.3852
 ENSMUSG00000022610,7.8037,8.1083,7.9737,7.9673,6.7971,6.9364,6.4394,6.6241,7.7689,7.3469,7.0323,6.6561
 ENSMUSG00000046440,5.1771,4.882,4.7948,4.8122,6.6692,6.2988,4.9565,5.5565,4.962,5.1095,5.4021,5.798
 ENSMUSG00000036853,9.0238,9.0246,8.8319,8.6106,7.6435,7.7755,8.1889,8.1801,8.5323,8.6606,9.8481,9.0166
 ENSMUSG00000030228,3.5148,4.3255,3.9381,3.8623,4.4554,5.3297,3.9606,3.5108,3.7128,3.9948,2.9238,3.3941
 ENSMUSG00000029591,8.1701,8.2619,8.2254,8.4755,8.4796,9.0168,8.827,8.6562,8.1581,8.153,9.9678,9.6906
 ENSMUSG00000038932,3.3431,2.9238,3.4387,3.5932,4.4554,5.0999,3.9606,4.203,3.5706,3.6103,4.5181,4.2163
 ENSMUSG00000005481,11.5669,11.5677,11.6316,11.6997,11.9957,11.964,12.4964,12.4838,11.7531,11.7302,13.4631,12.9311
 ENSMUSG00000037216,6.7495,7.0065,7.076,6.7179,7.2439,7.5463,7.7042,7.9317,6.8123,6.9763,8.5808,8.1758
 ENSMUSG00000022033,6.952,6.5357,6.6522,6.1983,5.6507,5.0999,6.077,5.7082,5.962,5.6416,7.1531,6.5964
 ENSMUSG00000031561,4.7315,5.5381,4.9495,5.0622,5.869,6.5542,4.8873,5.1371,4.962,4.8554,4.1375,5.1849
 ENSMUSG00000093402,6.967,6.6181,7.3858,5.4807,6.7255,7.0231,6.1903,7.8464,6.1964,6.7357,6.3718,6.6908
 ENSMUSG00000048899,3.8488,3.9337,3.6483,3.5932,4.2344,5.181,3.7763,4.203,2.9238,3.6103,2.9238,3.3941
 ENSMUSG00000025359,6.669,7.1156,6.565,7.4262,6.4191,6.6392,6.4844,6.0835,7.017,7.2504,5.276,5.9214
 ENSMUSG00000025401,4.6527,4.882,4.7948,4.8122,5.438,5.8496,5.1443,5.0811,4.2593,4.4735,6.4113,5.4858
 ENSMUSG00000034875,8.8571,8.6183,8.726,8.5827,8.3902,8.1943,8.8697,8.9103,8.574,8.8312,10.3211,9.8831
 ENSMUSG00000094800,4.3257,4.3255,4.4837,5.1711,5.0072,3.6367,4.5639,4.4196,4.3264,4.5362,2.9238,4.9245
 ENSMUSG00000021810,10.6755,10.5938,10.5733,10.6227,11.0924,10.9997,11.4191,11.5769,10.6526,10.8148,12.4069,11.9939
 ENSMUSG00000074607,5.1771,4.882,5.7053,5.3653,5.9348,6.2634,4.814,4.3167,5.0361,4.8076,4.2461,4.965
 ENSMUSG00000015854,12.3361,11.9017,12.6265,11.6479,12.8352,11.5446,11.9344,11.404,11.3452,11.6085,10.6163,11.4676
 ENSMUSG00000040797,5.6105,5.9964,5.9571,6.1307,6.7796,7.4558,5.7455,5.5565,6.0157,5.6416,5.2311,5.5644
 ENSMUSG00000027613,10.3562,10.1796,10.3827,10.3218,10.5478,10.5076,11.2557,11.2175,10.5879,10.6247,12.1021,11.6807
 ENSMUSG00000041378,5.2299,4.9983,5.9799,5.0622,4.873,4.4604,5.0847,4.203,5.3545,6.024,4.4346,5.9016
 ENSMUSG00000055302,11.7508,11.5015,11.5988,11.4855,11.8581,11.819,12.3059,12.3989,11.4368,11.5963,13.4223,12.7165
 ENSMUSG00000049751,11.9414,11.6604,11.9121,11.3742,12.2052,12.0737,12.7456,12.5838,11.5723,11.7432,13.2865,13.0341
 ENSMUSG00000041779,9.611,9.845,9.6694,10.2118,9.1723,9.4067,8.5456,8.7099,9.7619,9.9145,8.5059,8.5681
 ENSMUSG00000045126,3.6451,3.5702,3.4387,3.3992,4.4554,5.181,4.3616,3.5108,3.3831,2.9238,3.8746,3.8525
 ENSMUSG00000081943,3.6451,4.0258,4.2466,3.3992,5.2923,5.3982,4.2447,3.9271,3.9343,3.7608,3.8746,4.2895
 ENSMUSG00000105103,5.3534,5.7442,5.4972,5.9654,4.2344,5.3982,5.2561,6.6053,5.41,4.8076,6.1087,5.4307
 ENSMUSG00000018381,10.9877,10.8574,10.9078,11.1187,9.9861,9.6124,9.5404,10.0576,11.001,11.0962,10.3275,9.898
 ENSMUSG00000025395,9.1554,8.9154,9.001,8.8055,9.4766,9.4773,10.0438,10.1543,9.2153,9.0231,10.7006,10.1199
 ENSMUSG00000095663,4.0112,3.5702,3.9381,3.8623,4.9419,5.6971,3.9606,4.075,4.1103,4.4073,3.4793,4.2163
 ENSMUSG00000074622,9.7111,9.9253,10.0305,10.5724,10.6916,10.3431,9.7853,9.4647,9.4967,9.6272,8.4968,9.2034
 ENSMUSG00000028029,10.3107,10.1748,10.2267,10.0938,10.7668,10.6855,11.2598,11.2405,10.2429,10.3153,11.8446,11.5693
 ENSMUSG00000036565,10.8164,10.9251,10.7886,11.6127,10.1703,10.1186,9.8906,10.0103,11.0781,11.1954,9.8427,9.9212
 ENSMUSG00000108872,8.2427,8.3014,8.4436,8.3114,7.892,7.6722,7.2136,6.8166,7.9921,8.0327,6.5936,7.5622
 ENSMUSG00000044641,6.5934,6.8597,6.638,6.95,7.1785,7.7118,7.2268,7.3333,6.7193,6.531,8.4692,7.9804
 ENSMUSG00000020088,11.0324,10.9714,11.0694,10.9373,11.352,11.2677,11.8848,11.885,10.9928,11.0599,12.7625,12.2963
 ENSMUSG00000020869,10.7729,10.5197,10.6269,10.5732,11.2301,11.2532,11.1991,11.2949,10.5278,10.7033,12.4688,11.8999
 ENSMUSG00000026616,15.4733,15.4258,15.3553,14.9628,14.2966,14.2497,14.2946,14.5611,15.1535,14.8951,16.1518,15.6363
 ENSMUSG00000081665,9.5736,9.6818,9.865,9.5905,9.1211,8.6397,8.9634,8.8598,9.8615,10.0672,8.0711,8.8149
 ENSMUSG00000028386,5.2038,4.7082,4.9,6.1132,4.8002,5.6971,4.2447,4.6819,5.0716,6.1908,4.6691,4.8392
 ENSMUSG00000029178,12.1938,12.4593,12.2219,12.704,11.3386,11.2577,11.1279,11.2405,12.475,12.4728,11.4452,11.377
 ENSMUSG00000026688,6.6127,6.313,6.4234,5.7327,5.1855,5.0135,5.2014,4.9615,5.9801,6.3242,5.3194,5.3135
 ENSMUSG00000009575,11.8991,11.7945,11.8351,11.7956,12.0238,11.9168,12.5393,12.5673,11.7163,11.7317,13.5719,13.0806
 ENSMUSG00000022752,11.6985,11.544,11.6852,11.4959,12.0386,11.9468,12.5015,12.4569,11.5978,11.8307,13.4062,12.9184
 ENSMUSG00000057278,9.0886,9.118,9.1818,9.0356,9.4099,9.2764,10.3769,10.1956,9.3328,9.1989,10.7348,10.2442
 ENSMUSG00000020401,4.27,4.5593,4.0523,4.0637,5.3911,5.7498,4.814,4.4196,4.1875,3.6103,4.0154,4.4833
 ENSMUSG00000020216,4.0826,3.9337,3.6483,3.9687,4.6402,5.0999,3.9606,4.075,2.9238,4.092,5.1366,4.2895
 ENSMUSG00000018543,4.6112,4.611,4.4102,5.0238,4.7228,5.3297,5.5005,5.7082,4.3264,5.0302,6.2894,5.6626
 ENSMUSG00000029326,8.6101,8.4559,8.4954,8.551,8.928,8.8135,9.1858,9.0521,8.4955,8.6385,10.3504,9.92
 ENSMUSG00000017754,8.6662,8.8466,8.838,8.8838,8.251,7.6036,8.1478,8.1416,8.571,8.6129,7.176,7.2965
 ENSMUSG00000071005,4.0826,4.1867,4.0523,4.1501,5.0072,5.8006,4.5639,4.4196,4.5062,3.4115,3.8746,4.6488
 ENSMUSG00000024867,8.0971,8.191,7.9681,8.4822,7.3428,7.6176,7.4575,7.356,8.3927,8.6,7.0696,6.7022
 ENSMUSG00000064288,9.8161,9.0689,9.7953,9.085,8.3551,7.895,8.519,9.1491,9.509,9.5246,9.4597,8.6493
 ENSMUSG00000005779,10.9552,10.7493,11.0522,10.8088,11.0986,10.8962,11.8701,11.775,11.1284,11.095,12.6853,12.0539
 ENSMUSG00000045027,4.4774,4.5593,4.9972,5.0622,5.438,6.3334,3.9606,4.7579,4.7993,4.7062,4.5181,4.3579
 ENSMUSG00000042978,12.3506,12.4504,12.3031,12.8442,11.7363,11.5583,12.2625,12.4706,12.744,12.8131,11.5655,10.884
 ENSMUSG00000032487,4.6527,4.1867,4.4102,3.5932,4.6402,5.181,4.5639,5.4307,3.5706,3.886,3.7047,4.052
 ENSMUSG00000109176,3.6451,3.7122,3.6483,3.8623,4.6402,5.6423,4.113,3.5108,3.5706,3.7608,4.1375,4.2163
 ENSMUSG00000041959,11.031,10.9574,10.9759,10.878,11.5228,11.174,11.9852,12.2492,11.2588,11.2607,10.3716,10.0695
 ENSMUSG00000031353,11.4608,11.1928,11.374,11.2457,11.7716,11.7044,12.1999,12.2791,11.2307,11.3816,12.9002,12.7564
 ENSMUSG00000039637,11.893,12.0493,11.8922,12.5632,12.2606,12.1962,12.8698,12.7587,12.168,12.1104,10.8629,11.0427
 ENSMUSG00000079293,8.8163,8.012,8.8746,8.3993,8.6911,8.4959,9.229,8.4191,8.3104,9.803,7.51,9.1834
 ENSMUSG00000049580,6.2431,6.4863,6.5347,6.8281,7.0815,6.3671,7.0143,6.3342,6.4107,6.3082,5.1847,5.1849
 ENSMUSG00000039264,12.6614,12.8644,12.678,12.7918,11.4403,11.7399,11.4348,11.5859,12.8922,12.7346,12.0856,11.7251
 ENSMUSG00000001588,12.9606,13.1432,12.9693,13.0841,11.738,11.8548,11.7155,12.0444,13.2114,13.0949,12.6404,12.1443
 ENSMUSG00000062012,4.3257,3.8306,3.9381,3.8623,5.0072,5.0999,4.5639,4.8295,4.1875,4.4735,2.9238,4.1376
 ENSMUSG00000003541,5.4224,4.4484,4.5528,4.7653,5.6895,6.0717,6.077,5.0811,4.3896,4.6522,5.1366,5.4307
 ENSMUSG00000052749,12.1244,12.1542,12.0985,12.2347,11.0235,11.0301,11.4995,11.5478,12.0636,12.4479,10.8541,10.8108
 ENSMUSG00000038607,10.1155,10.0069,10.3816,10.0102,9.8438,9.6262,10.7996,10.5323,10.4917,10.4596,11.6906,11.317
 ENSMUSG00000046441,8.4804,8.4007,8.682,8.551,8.8336,8.726,9.2192,9.2062,8.574,8.6512,10.4722,9.6355
 ENSMUSG00000037960,7.9654,7.7463,8.0608,7.9958,7.0526,6.6392,6.6513,6.7323,7.844,8.1441,6.8726,7.5244
 ENSMUSG00000084353,5.4224,4.9607,5.2893,4.6126,5.6895,5.7498,5.5445,5.8448,5.1728,5.6672,7.0449,5.1849
 ENSMUSG00000026211,4.0112,4.7082,4.2466,4.0637,4.9419,5.7498,5.0222,4.203,4.6617,3.7608,4.1375,5.3135
 ENSMUSG00000021662,3.5148,3.8306,3.6483,3.74,4.873,5.3982,4.2447,4.203,3.3831,3.6103,3.7047,3.7315
 ENSMUSG00000031015,14.384,14.3333,14.2861,14.2954,14.7934,14.7909,14.96,15.1379,14.3846,14.4834,15.9788,15.9193
 ENSMUSG00000076518,8.3944,7.9409,7.9048,7.3472,9.5989,7.984,8.0912,7.8059,7.7219,7.5764,8.4552,7.4456
 ENSMUSG00000047368,10.9959,11.2595,11.1719,11.3287,9.829,9.7262,10.4391,10.2793,11.3456,11.332,11.2081,10.5764
 ENSMUSG00000032511,4.2113,4.2584,3.9381,3.5932,5.0694,5.5853,5.2561,4.5137,4.1103,4.2614,4.3444,5.1157
 ENSMUSG00000040543,4.6527,5.1715,4.4102,4.2295,5.1855,5.6971,4.3616,3.7484,5.4369,5.1095,4.3444,5.4024
 ENSMUSG00000013707,10.4669,10.4253,10.5724,10.333,9.4013,9.0532,9.2421,9.5505,10.676,10.7779,9.8693,9.8918
 ENSMUSG00000046743,4.841,5.0348,5.3263,5.3036,5.9348,6.1122,4.7362,4.075,5.564,5.5339,4.5181,5.6626
 ENSMUSG00000023949,5.0351,4.882,5.1304,5.4527,6.0577,6.4637,4.4672,4.4196,5.5395,5.3221,4.8032,5.2183
 ENSMUSG00000075528,9.0022,9.0957,9.0417,8.9915,9.3279,9.2362,9.8485,10.1233,9.1119,9.1419,10.7193,10.3342
 ENSMUSG00000096638,8.5763,8.6603,7.7429,7.0979,8.4412,9.0937,7.939,8.4718,7.3414,7.6475,7.9893,7.6051
 ENSMUSG00000028885,5.7932,5.2348,5.7594,5.1358,6.5287,5.3982,5.1443,4.9615,4.9232,6.2756,4.5181,4.8825
 ENSMUSG00000022048,10.9041,10.9187,11.0153,11.3939,10.0237,9.9715,9.6326,9.9278,11.1958,11.1813,10.3803,10.2767
 ENSMUSG00000038412,8.6477,8.512,8.626,8.5858,8.8294,8.7388,9.4756,9.317,8.7165,8.7127,10.325,9.9723
 ENSMUSG00000024743,6.1665,6.7596,6.565,7.4539,7.719,7.8124,6.7091,6.4447,7.0597,6.5982,5.929,6.3721
 ENSMUSG00000025576,4.0112,3.3828,3.9381,3.8623,5.1287,5.3297,3.5309,4.075,3.7128,3.7608,3.7047,4.2895
 ENSMUSG00000000794,3.3431,3.8306,3.4387,3.5932,4.6402,5.0999,3.5309,4.3167,3.9343,3.7608,2.9238,3.5861
 ENSMUSG00000042111,9.3956,9.134,9.2272,9.3096,9.7748,9.7165,9.9868,10.0472,9.2507,9.5982,10.8353,10.9214
 ENSMUSG00000029388,9.2021,9.118,9.2505,9.2219,9.5429,9.6434,9.9868,10.0455,9.1439,9.4216,10.9386,10.5795
 ENSMUSG00000020432,9.8202,9.9572,9.9315,9.7013,10.2327,9.8437,10.5015,10.4688,9.3722,9.5868,8.4968,8.8611
 ENSMUSG00000028445,4.6927,4.882,4.4837,4.5571,4.5515,4.9209,4.8873,3.9271,4.4494,3.886,2.9238,3.7315
 ENSMUSG00000069733,3.5148,4.1096,3.9381,4.2295,4.5515,5.8496,3.7763,4.075,3.9343,3.886,3.8746,3.8525
 ENSMUSG00000033983,8.5417,8.604,8.5453,8.5574,9.0352,9.1762,9.442,9.4647,8.6595,8.4918,10.2006,9.9688
 ENSMUSG00000031170,6.5136,6.1317,5.7053,5.8852,6.224,7.0646,4.9565,5.386,5.3825,5.8119,5.276,5.3734
 ENSMUSG00000038080,10.293,10.305,10.3201,10.4091,10.627,10.46,11.2355,11.2683,10.406,10.6271,12.1229,11.5427
 ENSMUSG00000036961,4.149,4.754,3.9381,4.5571,5.6895,5.8496,4.5639,4.6008,4.1875,4.3368,5.1366,5.0425
 ENSMUSG00000020358,12.4334,12.1419,12.1195,12.0701,12.8907,12.7291,12.9,12.947,11.9697,12.2068,13.7847,13.5653
 ENSMUSG00000028931,10.9881,10.9376,10.8418,11.0942,9.8894,9.5699,9.7942,10.0917,11.1732,11.1769,10.2034,10.1523
 ENSMUSG00000023151,4.2113,4.4484,4.0523,4.4988,4.7228,5.4635,4.9565,4.5137,4.3896,3.4115,5.5894,4.9245
 ENSMUSG00000040584,8.4327,8.6268,8.4557,7.739,8.4633,9.0685,8.2156,7.9615,7.7219,6.8934,7.5368,7.5746
 ENSMUSG00000022551,10.1528,9.8739,10.0332,9.9808,10.2879,10.0788,10.8591,10.9439,10.0078,9.9672,11.6951,11.1967
 ENSMUSG00000053141,5.0047,5.2953,4.7387,5.778,6.3728,6.7955,5.2561,5.4739,5.2967,5.386,4.8652,5.6144
 ENSMUSG00000094338,9.0434,8.6296,9.1349,8.2847,7.4902,7.1823,8.274,8.5862,8.5886,8.3595,8.9432,7.9426
 ENSMUSG00000022286,3.7539,3.8306,3.8066,3.74,4.873,5.0999,2.9238,4.3167,4.2593,3.7608,4.0154,3.3941
 ENSMUSG00000043342,5.0937,5.2654,4.8485,5.0622,6.1153,6.7955,4.8873,4.9615,5.2667,5.5616,4.738,5.1157
 ENSMUSG00000103733,3.6451,2.9238,3.8066,3.8623,4.3505,5.3297,3.5309,3.5108,3.3831,3.7608,3.4793,3.5861
 ENSMUSG00000004264,12.0078,11.944,12.0732,11.8463,12.4485,12.3992,12.9321,12.8649,12.2748,12.1771,13.6928,13.4108
 ENSMUSG00000036972,3.6451,3.8306,3.8066,4.0637,4.873,5.6971,4.2447,3.9271,3.7128,3.9948,3.7047,3.9579
 ENSMUSG00000027016,4.5237,4.3255,4.7387,5.3653,5.7273,5.8969,4.5639,5.0811,4.962,4.4735,3.8746,4.4833
 ENSMUSG00000096606,5.9238,5.9421,6.2844,6.0038,6.0279,5.8006,5.0222,5.2919,5.4892,5.3544,4.1375,5.1157
 ENSMUSG00000038020,6.564,6.9441,6.55,7.8263,7.7372,8.016,7.2268,7.2869,7.844,8.3557,7.7882,8.0749
 ENSMUSG00000024841,9.9983,9.8607,9.9501,10.0125,10.21,10.2787,10.6716,10.5495,10.04,10.1551,11.7666,11.3408
 ENSMUSG00000023330,7.4614,7.1396,7.1965,7.0623,7.5942,7.5018,8.1408,8.0544,7.1494,7.4226,8.8992,8.5241
 ENSMUSG00000033272,10.1634,10.1014,10.0938,10.3459,10.4571,10.502,11.1721,11.2563,10.2225,10.3583,11.7825,11.4886
 ENSMUSG00000035860,3.7539,3.7122,3.9381,3.5932,5.0694,5.5853,4.5639,3.9271,4.6121,4.2614,4.4346,4.5411
 ENSMUSG00000021986,4.4774,4.754,3.9381,4.6126,5.2923,5.7498,4.113,4.4196,4.2593,4.6522,4.0154,3.5861
 ENSMUSG00000030178,7.1091,7.2832,7.3255,7.6933,7.165,8.185,8.1956,7.6948,8.2044,6.4165,6.6605,7.8792
 ENSMUSG00000051243,5.5301,5.6103,5.3972,6.6353,6.3962,6.9138,5.1443,5.4307,5.962,6.4016,5.276,5.4585
 ENSMUSG00000017499,8.2731,7.6824,7.723,6.9402,7.4794,7.6722,7.1456,7.0292,6.676,7.191,8.6231,8.2159
 ENSMUSG00000076570,7.4238,5.5626,5.5903,5.6125,6.4859,5.0999,5.455,5.8448,5.6579,5.7415,5.7541,5.6861
 ENSMUSG00000028443,7.136,6.6852,6.8246,6.6353,7.2818,7.0231,7.7598,7.6859,6.8807,6.9355,8.2599,8.3694
 ENSMUSG00000036186,6.9966,6.7387,6.565,6.9979,7.2181,7.4243,7.555,7.6948,6.9183,7.0355,8.5548,8.204
 ENSMUSG00000018168,14.3338,14.4217,14.201,14.6311,13.3752,13.1857,13.0235,13.495,14.6473,14.6631,13.874,14.1251
 ENSMUSG00000005320,3.9338,4.2584,4.1542,3.74,5.0694,5.181,4.7362,3.7484,4.7551,3.7608,4.1375,5.3734
 ENSMUSG00000098900,5.4665,5.2348,5.3622,5.5081,5.5695,5.7498,6.9197,6.1635,5.3259,4.9458,6.5413,6.2987
 ENSMUSG00000024985,8.4381,8.6575,8.8625,9.1604,8.9399,8.6934,7.9941,7.7125,8.1775,7.9533,7.1646,7.8023
 ENSMUSG00000037705,3.5148,3.5702,3.8066,3.74,4.7228,5.4635,4.4672,4.075,3.5706,3.886,3.4793,3.9579
 ENSMUSG00000038168,6.834,7.0993,6.5347,6.7518,7.8673,7.929,6.9678,6.6611,6.973,7.191,5.6576,7.0787
 ENSMUSG00000045761,3.7539,3.5702,3.6483,3.3992,4.8002,5.3297,4.113,4.6008,3.8312,3.7608,3.4793,4.1376
 ENSMUSG00000081488,3.3431,4.1096,4.2466,4.2295,4.7228,5.0999,3.9606,3.7484,3.9343,2.9238,3.4793,4.2895
 ENSMUSG00000026185,3.6451,3.5702,3.8066,3.74,4.8002,5.2574,3.7763,3.9271,3.8312,3.886,2.9238,4.1376
 ENSMUSG00000040483,10.107,10.0727,10.2114,10.4266,9.7231,9.7923,10.1705,9.6338,10.7011,11.8073,10.7539,10.5818
 ENSMUSG00000108115,3.9338,3.9337,3.9381,3.9687,5.0694,5.3982,4.4672,4.075,4.0265,3.886,5.3194,4.8825
 ENSMUSG00000038697,10.216,10.1206,10.1826,10.1328,10.5607,10.6954,10.9081,10.9771,10.172,10.2984,11.93,11.5109
 ENSMUSG00000056854,4.4774,4.5593,4.5528,4.8574,5.8,6.2988,4.8873,5.0811,5.3259,4.758,4.2461,4.6488
 ENSMUSG00000024889,8.9334,8.8271,8.8226,8.7425,8.9978,9.1856,9.6644,9.5083,8.983,9.0011,10.7085,10.0217
 ENSMUSG00000021276,8.8368,8.6548,8.7686,8.6228,9.212,9.0837,9.5298,9.4595,8.6567,8.8829,10.4699,10.0508
 ENSMUSG00000027313,4.6927,4.611,4.5528,3.9687,4.6402,4.7123,4.2447,4.7579,4.2593,3.9948,6.1561,5.2508
 ENSMUSG00000082908,6.8258,6.5951,6.8976,6.4405,6.464,6.0717,6.3692,8.1481,6.6649,7.0736,7.7733,7.0072
 ENSMUSG00000029299,11.5779,11.636,11.9792,11.6691,10.9184,10.3722,10.7491,10.6985,11.5613,11.4684,10.1466,10.7057
 ENSMUSG00000021464,3.7539,3.8306,3.9381,3.8623,5.1855,4.9209,3.7763,3.7484,3.7128,3.6103,2.9238,4.1376
 ENSMUSG00000045636,7.498,6.8402,6.7994,6.6948,7.4013,7.7504,6.6314,6.0558,6.5968,6.4606,5.6906,7.155
 ENSMUSG00000031963,3.9338,3.7122,3.8066,3.74,4.3505,5.3982,4.5639,4.203,4.1103,3.886,2.9238,4.3579
 ENSMUSG00000031149,8.1407,7.9318,8.0502,7.3692,8.3669,8.2581,8.3959,8.9665,7.7842,7.7972,9.492,8.9083
 ENSMUSG00000076695,10.4357,10.1306,9.8559,8.8504,10.2503,10.7263,9.0401,9.3679,9.124,9.5719,9.5435,9.3688
 ENSMUSG00000053835,12.0966,12.0005,12.0474,12.403,11.0113,11.0301,11.2891,10.9762,12.0589,12.4692,11.1,11.108
 ENSMUSG00000093769,6.7839,6.6066,6.8494,6.8491,5.438,5.9427,7.3407,6.6241,6.4499,6.6995,7.4548,5.8194
 ENSMUSG00000079560,4.4774,4.611,4.5528,4.8574,5.438,6.4322,4.2447,4.6008,4.8833,5.1473,4.4346,5.0796
 ENSMUSG00000028330,11.1027,10.9095,11.0389,10.944,11.5209,11.4444,11.8177,11.9067,11.063,11.1094,12.7044,12.3702
 ENSMUSG00000060180,3.5148,2.9238,3.4387,4.2295,5.0072,4.821,3.9606,3.5108,4.1103,4.092,4.3444,4.1376
 ENSMUSG00000031740,4.6112,4.8408,4.8485,4.7165,5.4832,5.5257,5.5871,5.7782,4.3264,4.8554,3.7047,4.8825
 ENSMUSG00000089960,4.0112,4.1867,4.1542,3.8623,4.9419,5.2574,4.113,4.203,3.5706,3.886,2.9238,4.052
 ENSMUSG00000034730,4.0112,3.8306,4.0523,3.5932,4.5515,5.6423,4.113,3.9271,3.8312,3.4115,3.4793,4.052
 ENSMUSG00000030750,9.8376,9.7842,9.8016,9.9386,8.6864,8.5479,8.765,8.9027,10.1544,10.1078,9.775,9.3016
 ENSMUSG00000047139,13.8058,13.384,13.4667,13.4759,12.7453,12.5286,13.2569,13.5594,13.6632,14.0226,14.5585,14.3931
 ENSMUSG00000013089,8.8287,8.7591,8.8984,9.5446,9.438,9.2851,9.8421,9.7768,8.6595,9.1307,7.9026,8.2702
 ENSMUSG00000002602,12.7018,12.8187,13.1814,13.0886,12.5514,12.0514,12.2318,12.022,12.5845,12.5588,10.9879,12.0539
 ENSMUSG00000060794,5.1221,4.922,4.618,5.6618,5.9665,5.9427,5.8535,5.596,5.4633,5.5616,6.6605,6.4687
 ENSMUSG00000061615,10.2401,9.3481,9.9515,8.7948,8.7862,8.4883,8.5665,8.5862,9.132,8.9887,9.8781,8.9108
 ENSMUSG00000030062,11.9379,11.7242,11.8358,11.3104,11.9938,11.8504,12.1406,12.3894,11.4481,11.5486,13.3694,12.8296
 ENSMUSG00000001901,6.6317,6.2101,6.8857,7.232,6.1976,6.1898,6.7464,6.1892,7.1494,6.7237,5.5894,5.2825
 ENSMUSG00000004665,12.8008,12.5916,12.7583,12.722,11.6232,11.4916,11.4119,11.8076,12.8377,12.8338,12.0234,11.6635
 ENSMUSG00000094505,5.4446,5.0703,4.9972,5.3951,4.4554,3.9222,4.6531,4.8295,5.9801,5.6154,4.5181,4.4223
 ENSMUSG00000004268,11.1278,11.1369,11.1095,11.086,11.3446,11.2643,12.0017,11.95,11.2602,11.2902,12.8833,12.36
 ENSMUSG00000083745,6.9819,7.4461,7.2061,8.0647,6.5497,6.3671,6.6513,6.6053,7.6733,7.7032,6.3917,6.4952
 ENSMUSG00000021180,10.2097,10.431,10.3625,10.7112,9.9474,10.0636,10.0915,10.0298,10.6916,10.58,9.122,8.7966
 ENSMUSG00000021280,4.7315,5.2953,5.3263,4.3724,5.6107,5.5257,4.9565,4.6819,5.8872,4.4735,4.6691,6.2214
 ENSMUSG00000030376,4.27,4.1096,4.1542,4.4373,5.3911,5.8006,4.7362,4.7579,4.842,3.7608,5.0867,4.2163
 ENSMUSG00000025428,13.5169,13.2493,13.4755,13.2597,13.9218,13.7325,14.2066,14.3815,13.3697,13.5248,15.0699,14.6281
 ENSMUSG00000005043,10.2516,10.418,10.1494,10.5605,9.5914,9.4385,9.0915,9.6522,10.4011,10.4287,8.9828,9.1445
 ENSMUSG00000025375,6.6782,6.8693,7.0549,7.4539,6.9775,6.6665,6.7279,6.2635,6.6084,6.1006,5.2311,5.9409
 ENSMUSG00000057836,7.1426,6.5834,6.3899,6.4544,8.0898,7.6036,6.6901,7.5254,6.7717,6.3082,6.2243,7.0699
 ENSMUSG00000049871,10.6397,10.8949,10.749,11.1528,9.8976,10.3473,9.7261,9.6199,10.9779,10.7429,9.5303,9.817
 ENSMUSG00000036046,12.036,12.0744,12.0712,12.4827,10.8655,10.8168,11.1764,11.3592,12.2928,12.4361,11.9939,11.5758
 ENSMUSG00000076917,4.5237,4.6606,4.3315,3.3992,5.0072,5.7498,4.814,4.5137,4.5604,3.886,4.0154,4.5962
 ENSMUSG00000038352,10.6473,10.6505,10.6699,10.8346,9.7593,9.7893,9.9234,9.6681,10.8672,11.1416,9.3531,9.9356
 ENSMUSG00000025089,4.6527,5.2035,4.4837,5.1358,4.7228,4.821,4.113,3.7484,5.4369,5.857,5.0348,5.3734
 ENSMUSG00000043430,4.909,4.754,4.8485,5.6618,4.2344,4.5931,4.3616,3.7484,5.0716,5.1095,3.7047,4.052
 ENSMUSG00000028836,4.149,3.9337,3.8066,4.4988,4.2344,5.3982,4.2447,3.5108,3.8312,4.1803,2.9238,3.9579
 ENSMUSG00000030983,9.9956,9.8474,9.8875,9.9152,10.5283,10.4888,10.5496,10.6013,9.8013,9.9634,11.5988,11.2802
 ENSMUSG00000076540,7.8408,8.333,7.3858,6.7518,6.7971,7.0849,6.8183,7.3893,7.2922,8.4418,7.4071,6.7358
 ENSMUSG00000038264,10.0772,9.8365,9.9082,9.6692,10.1534,10.9343,9.7515,9.4118,9.3206,9.1171,10.9055,10.5453
 ENSMUSG00000058883,7.1623,7.2319,6.9212,7.3098,7.2942,7.5168,7.3648,6.8807,7.5651,7.5764,8.9499,8.3298
 ENSMUSG00000006517,8.3805,8.3468,8.5825,8.5382,8.7462,8.8435,8.7786,9.0727,8.4924,8.6417,10.0859,10.0352
 ENSMUSG00000096923,4.7315,4.0258,4.1542,4.7653,5.3426,5.5853,5.9855,5.7082,4.8833,5.0302,5.0348,5.2825
 ENSMUSG00000004612,7.3684,6.9801,7.2624,7.8316,7.2818,7.9178,8.1127,7.7212,7.5047,6.5447,6.0597,7.1131
 ENSMUSG00000036002,9.0452,9.031,8.8163,9.2732,8.3551,8.4576,7.6464,7.9762,8.9174,9.2723,7.6801,8.204
 ENSMUSG00000049422,9.5226,9.2077,9.1173,9.5622,8.2318,8.0779,8.1127,8.6788,9.4006,9.6852,9.3977,9.1813
 ENSMUSG00000106486,3.9338,3.5702,3.8066,3.3992,4.5515,5.4635,3.9606,3.9271,3.5706,3.4115,3.4793,3.7315
 ENSMUSG00000031700,6.9744,7.1554,7.076,6.8699,7.2693,7.2195,7.1732,7.2019,6.9275,6.9458,8.9499,7.9426
 ENSMUSG00000059401,4.3786,4.7082,4.4102,4.7165,5.3911,5.4635,4.2447,4.203,4.962,4.092,3.4793,5.2183
 ENSMUSG00000108052,5.0351,5.4619,5.0431,5.8644,6.0279,6.5831,5.455,4.5137,5.5146,5.7415,4.9807,4.7477
 ENSMUSG00000026315,6.7408,7.3396,6.9328,7.8577,7.4794,7.8602,7.0295,7.1115,7.7638,7.2337,5.8149,6.6561
 ENSMUSG00000019302,11.3539,11.5893,11.448,11.7576,10.4166,10.2476,10.1942,10.4414,11.5628,11.6113,10.9141,10.9859
 ENSMUSG00000025658,4.8056,4.5593,4.8485,5.2717,5.7273,5.9427,4.8873,5.0227,4.6617,4.4073,3.7047,4.7943
 ENSMUSG00000030516,7.5185,7.4137,7.6892,7.232,7.719,7.201,7.1456,6.2875,6.6313,6.8054,5.7541,6.8829
 ENSMUSG00000018593,7.4507,7.1865,7.863,7.2946,8.0465,7.6451,7.7507,7.0433,7.6288,8.4235,6.2681,8.274
 ENSMUSG00000062312,6.7232,6.8005,6.6801,6.5348,6.2754,5.8496,5.7824,5.1907,6.9183,6.34,5.2311,6.0881
 ENSMUSG00000022299,8.8869,8.9014,9.0603,8.894,9.1211,9.2542,9.8249,9.7429,9.033,8.9912,10.6767,10.1595
 ENSMUSG00000029337,5.2807,5.7861,5.649,6.6831,6.3962,7.044,5.7455,5.0811,6.1333,5.8347,5.3194,5.6387
 ENSMUSG00000029838,4.3257,4.6606,3.6483,5.0238,4.873,5.5257,5.2014,4.9615,4.4494,3.9948,3.7047,4.4833
 ENSMUSG00000026127,10.9481,10.9071,10.7806,10.9901,11.4036,11.4916,11.5897,11.733,10.8642,11.0155,12.6119,12.2527
 ENSMUSG00000031877,7.2446,6.3822,6.5947,5.8852,5.869,6.5247,5.8535,5.9391,5.2049,5.9007,5.276,5.5125
 ENSMUSG00000062980,5.2807,5.6103,5.3972,4.8122,5.9976,6.4,5.1443,4.6819,5.6117,5.2889,4.2461,5.6861
 ENSMUSG00000040964,6.534,6.5834,6.4067,6.1479,8.0169,7.1049,6.9835,6.5471,7.0256,7.129,5.7227,7.1046
 ENSMUSG00000039725,9.2411,9.1887,9.1891,9.3543,9.6358,9.6366,10.1992,10.1511,9.3688,9.3595,11.012,10.4233
 ENSMUSG00000083431,4.0112,3.8306,3.6483,3.74,4.5515,4.1352,4.113,4.075,3.8312,4.1803,5.8731,4.1376
 ENSMUSG00000035451,4.5683,4.9607,4.4837,4.3033,5.5695,5.9427,4.814,4.7579,4.5062,4.5362,3.8746,4.052
 ENSMUSG00000080775,4.3257,4.1867,4.2466,3.3992,4.9419,4.3101,4.7362,4.7579,3.8312,3.9948,5.6576,4.6993
 ENSMUSG00000042826,5.5908,5.9047,5.649,5.9259,6.7437,7.1246,5.408,5.8119,6.0157,5.6672,4.8652,5.7543
 ENSMUSG00000034898,5.2299,4.922,4.9,4.3033,5.6107,6.3671,4.7362,4.8295,4.7093,4.9458,4.1375,4.7477
 ENSMUSG00000032418,4.5237,3.8306,4.7948,4.3033,4.873,4.5931,4.2447,3.5108,3.9343,3.6103,2.9238,3.7315
 ENSMUSG00000087520,6.4506,6.85,6.565,7.0979,5.9665,5.8006,5.8184,5.1371,6.6978,6.6748,5.9013,5.6626
 ENSMUSG00000021200,10.804,10.7686,10.8616,10.7198,10.2375,9.7644,9.905,10.0085,10.1922,9.9571,8.8104,9.9284
 ENSMUSG00000030409,8.5165,8.572,8.4717,8.8634,8.5276,8.4262,8.7514,8.8278,8.4289,7.5496,6.9547,7.7099
 ENSMUSG00000043770,8.7997,8.5333,8.682,8.4721,7.7907,7.3592,7.6852,9.4144,8.4191,8.6,8.9499,8.0126
 ENSMUSG00000035459,10.138,10.3647,10.6062,10.2741,10.3426,9.8673,10.0715,9.6362,10.4003,10.4424,8.4269,10.3397
 ENSMUSG00000070802,4.149,3.8306,4.4102,3.74,4.4554,5.4635,3.9606,3.9271,4.2593,4.092,2.9238,4.1376
 ENSMUSG00000021868,9.4257,9.2814,9.1987,9.4483,9.5762,9.6904,10.0345,10.125,9.3839,9.5246,11.072,10.6716
 ENSMUSG00000099398,6.6411,6.6632,6.721,6.1307,6.7437,7.291,6.393,6.311,5.5881,5.4169,5.4417,6.0165
 ENSMUSG00000025582,4.0826,3.7122,4.4102,4.4373,5.6107,5.5853,4.113,4.3167,4.5062,4.4073,4.0154,4.1376
 ENSMUSG00000039617,9.1224,8.8611,9.102,8.6289,9.0129,8.789,9.6176,9.7768,9.0436,9.0182,10.6545,9.909
 ENSMUSG00000029198,10.1528,9.8511,10.1168,10.0298,10.4844,10.462,10.7388,10.8122,10.1317,10.2494,11.833,11.3353
 ENSMUSG00000082287,5.7585,6.4352,6.4722,6.8386,5.9665,5.4635,5.455,5.1907,6.5495,6.4606,5.5175,5.2183
 ENSMUSG00000067700,5.2299,5.2035,4.3315,5.4242,5.438,3.6367,5.455,5.5565,5.2362,5.3221,4.596,5.4307
 ENSMUSG00000040710,13.3035,13.4269,13.4928,13.5361,12.1908,12.1026,12.4702,12.4928,13.6975,13.6448,13.2081,12.9246
 ENSMUSG00000092118,7.3514,7.2975,7.0442,7.124,7.5327,7.3425,7.9864,8.2482,7.5108,7.7742,9.0212,8.304
 ENSMUSG00000107724,8.462,8.2836,8.148,8.2056,6.962,7.1633,6.9678,8.2722,8.065,8.4883,8.4831,8.0261
 ENSMUSG00000062545,7.3964,7.4137,7.2157,7.8263,6.5497,6.6392,6.8183,6.7323,7.8342,7.9119,6.1561,6.6678
 ENSMUSG00000083012,9.534,9.3719,9.3831,10.2239,9.5167,9.4619,9.6837,9.8857,9.4268,10.9486,10.7473,10.6203
 ENSMUSG00000069267,10.9429,10.1719,10.7209,9.4923,9.757,9.0273,9.2026,9.3227,9.9859,9.8324,10.1964,10.0684
 ENSMUSG00000030878,8.9894,8.7383,8.3773,9.543,8.8754,9.1996,8.84,8.4872,8.4642,10.4038,9.3405,9.5645
 ENSMUSG00000063873,4.149,4.1867,3.4387,3.9687,5.1855,5.5853,3.9606,4.5137,3.9343,4.1803,4.0154,4.4223
 ENSMUSG00000020561,10.3857,10.1921,10.3614,10.1666,10.681,10.7471,11.0212,10.9606,10.3124,10.456,12.0566,11.5777
 ENSMUSG00000049214,6.0289,6.1636,6.0463,6.7179,6.8145,7.2377,5.3592,5.6718,6.3428,6.0628,5.2311,6.0528
 ENSMUSG00000037989,4.3786,4.1867,4.3315,4.9433,4.5515,5.6971,3.9606,4.075,4.7093,5.0704,3.4793,4.2163
 ENSMUSG00000022938,4.3786,4.1096,3.8066,3.3992,4.873,5.0999,4.7362,4.9615,4.0265,4.2614,3.4793,3.7315
 ENSMUSG00000051079,7.8769,6.9441,7.7163,6.7959,7.023,6.2988,6.4621,6.3342,7.2338,7.2082,8.065,7.2353
 ENSMUSG00000005674,9.2426,9.1771,9.2389,9.1156,9.739,9.5699,10.1498,10.3834,9.4138,9.4197,10.8488,10.4233
 ENSMUSG00000020949,10.4296,10.24,10.3657,10.0905,10.7568,10.4869,11.0779,11.1625,10.3167,10.5011,11.9539,11.6021
 ENSMUSG00000037531,8.9142,8.8098,8.7226,8.7312,8.9201,9.0887,9.6644,9.5032,8.834,8.9277,10.5211,10.0307
 ENSMUSG00000028373,6.0432,6.1636,5.9571,6.3396,7.2439,7.5895,6.2438,6.1107,6.6869,6.3082,5.4021,6.2214
 ENSMUSG00000062028,7.3225,7.4841,7.2346,7.4811,5.9348,6.9138,6.1628,6.7667,7.486,7.5155,6.3917,6.3721
 ENSMUSG00000035262,5.5506,5.7653,5.3263,5.5613,5.9023,6.3334,6.2698,6.311,5.5395,5.5056,7.2962,6.6206
 ENSMUSG00000060811,4.5683,4.611,4.4102,4.5571,5.3426,5.2574,5.8535,5.9084,4.6121,5.1842,5.1366,6.0347
 ENSMUSG00000096805,9.2805,8.5837,8.6402,7.3546,8.2058,8.5184,7.6756,7.4537,7.7219,7.8309,8.5327,7.8438
 ENSMUSG00000006345,4.7691,5.5131,4.4837,4.3033,5.0072,5.6423,4.4672,4.075,4.9232,4.7062,3.7047,4.052
 ENSMUSG00000081614,4.5683,4.4484,4.6798,4.1501,4.4554,4.3101,4.3616,4.075,4.3896,4.4735,6.2681,5.0425
 ENSMUSG00000034981,5.4665,5.5626,5.7053,4.8574,5.8,5.8969,4.814,4.6008,4.6121,4.6522,4.1375,4.7477
 ENSMUSG00000021636,8.9466,9.0029,9.2689,9.4552,8.2123,7.8124,7.7042,8.5025,8.983,9.1794,8.1368,8.6228
 ENSMUSG00000032035,14.8091,14.8685,14.7068,15.0048,13.7723,13.8689,13.4994,13.7144,15.0008,15.1397,14.5384,14.4419
 ENSMUSG00000021749,4.0112,3.9337,4.2466,4.9011,4.2344,4.4604,2.9238,2.9238,4.0265,3.7608,3.4793,3.7315
 ENSMUSG00000048696,7.5185,7.3602,7.1071,7.7164,7.3547,7.2195,7.555,7.6032,7.4985,7.622,9.1512,8.521
 ENSMUSG00000029650,9.8305,9.7457,9.883,9.7042,8.7597,8.4576,8.4644,8.5957,9.8446,9.6836,9.1042,9.0524
 ENSMUSG00000063193,7.054,6.9622,7.2251,6.8067,7.4127,7.1246,7.6065,6.8002,6.5733,7.8854,5.5894,6.7468
 ENSMUSG00000054312,9.4244,9.1616,9.325,9.0102,9.7637,9.5188,10.0382,10.0748,9.1753,9.2986,10.9158,10.4207
 ENSMUSG00000068407,5.0047,5.1715,5.4972,5.0622,3.9523,3.9222,3.9606,4.203,5.2049,5.2889,4.5181,4.8825
 ENSMUSG00000028426,12.0911,11.8808,11.9641,11.6554,12.5362,12.4653,12.4237,12.5348,11.7146,11.8697,13.5097,13.2022
 ENSMUSG00000097053,9.6075,10.022,9.6607,10.2198,9.225,9.3535,9.0624,8.7143,10.0304,9.7095,8.5808,8.5337
 ENSMUSG00000054545,5.5092,5.4877,4.9972,4.6657,6.1153,6.5542,5.455,5.0811,4.8833,4.8076,4.6691,5.3438
 ENSMUSG00000029166,6.5033,6.8005,6.1703,6.4952,6.6107,7.1633,6.1903,5.9391,6.1333,6.2756,4.8652,5.732
 ENSMUSG00000073176,5.4665,5.2654,5.3622,5.4527,6.2754,6.7195,6.077,5.386,5.6117,5.22,4.4346,5.6861
 ENSMUSG00000024968,6.0432,5.8267,5.8369,6.5217,6.707,6.6114,6.9033,6.7667,6.1652,6.4016,7.5718,7.5497
 ENSMUSG00000036353,7.9504,7.7721,8.258,7.9911,7.3782,6.9364,7.2003,6.9717,8.162,8.1707,6.4685,7.5684
 ENSMUSG00000039438,4.4774,4.1867,3.9381,4.8574,5.0072,5.9427,5.1443,4.5137,4.1875,4.9887,5.4021,5.1849
 ENSMUSG00000069833,13.3902,13.7612,13.6106,13.9501,12.6805,13.1384,13.0491,12.8605,14.1372,13.6585,12.1295,12.9974
 ENSMUSG00000078779,8.8389,8.92,8.8984,8.8002,9.189,9.1331,9.4278,9.6385,9.0006,9.0614,10.6677,10.1584
 ENSMUSG00000052087,10.7181,10.7349,10.6785,10.9434,9.6162,9.4424,9.5431,9.905,10.9578,10.8705,10.592,10.1595
 ENSMUSG00000057244,4.5683,5.0348,4.618,4.8122,5.5271,4.3101,3.7763,5.1907,5.0716,4.7062,6.0345,5.0796
 ENSMUSG00000083083,6.429,7.0152,6.7866,6.8386,5.2923,5.8969,5.8535,6.0275,6.909,6.7357,5.9013,5.6144
 ENSMUSG00000037921,10.326,10.2158,10.3732,10.024,9.4268,9.6771,9.7051,9.0795,10.0089,10.3428,8.585,9.1671
 ENSMUSG00000030124,8.0166,7.8323,8.2672,8.0512,8.3131,8.5406,7.5758,7.3447,7.4923,8.6385,6.6768,7.3039
 ENSMUSG00000009013,11.3901,11.1512,11.42,11.2122,11.5016,11.3784,11.9642,11.8471,11.2989,11.3398,13.2194,12.1081
 ENSMUSG00000040838,3.3431,3.5702,3.6483,3.74,4.1036,5.181,4.814,3.5108,3.5706,3.886,4.1375,4.5962
 ENSMUSG00000056091,7.9765,7.6381,7.3858,8.3189,7.0526,7.3592,6.8867,6.8166,7.0681,8.2845,6.487,7.3765
 ENSMUSG00000030606,4.0112,4.1867,3.6483,3.74,4.9419,5.3297,4.3616,5.0227,3.9343,4.092,3.4793,4.4223
 ENSMUSG00000004032,5.7409,5.4619,5.7594,4.7653,4.1036,4.5931,4.6531,4.075,4.3896,4.8076,4.4346,4.5411
 ENSMUSG00000089669,7.136,6.8884,7.2898,7.1749,7.3898,7.3758,6.8183,6.507,6.6426,6.531,5.276,6.8007
 ENSMUSG00000041468,3.6451,4.0258,3.4387,4.3033,4.4554,5.0135,5.3087,4.4196,3.7128,3.7608,3.7047,3.8525
 ENSMUSG00000046856,4.7315,4.2584,3.8066,4.8122,5.0072,5.0135,5.408,5.0227,4.5604,4.8554,5.4802,6.0347
 ENSMUSG00000053080,7.9912,8.1833,8.0502,8.773,8.5842,8.5551,9.055,8.9179,8.7585,8.9585,9.8481,9.6792
 ENSMUSG00000022476,9.031,8.9452,8.9788,9.0583,9.3189,9.324,9.6201,9.6246,9.0709,9.3244,10.6767,10.5055
 ENSMUSG00000036570,5.2299,5.4877,5.4314,5.0995,6.0279,6.6665,4.7362,5.0811,5.0716,4.6522,4.9243,4.8392
 ENSMUSG00000024097,11.6134,11.5729,11.5092,11.6702,11.6565,11.678,12.4155,12.1677,11.651,11.6012,13.3232,12.7427
 ENSMUSG00000038683,10.2546,10.2363,10.2373,10.2077,10.4488,10.4697,11.1297,11.1292,10.3557,10.4232,11.8799,11.5557
 ENSMUSG00000033294,9.224,9.126,9.0787,9.2379,9.4436,9.5336,9.8968,9.9354,9.14,9.3498,10.8831,10.4695
 ENSMUSG00000107066,4.909,5.0703,4.1542,4.7165,5.24,6.03,5.6284,5.877,5.0361,4.5956,5.4417,5.8815
 ENSMUSG00000016255,6.4071,6.2844,6.4067,6.6232,6.9464,6.2271,6.2438,5.9692,6.2117,7.2421,4.8652,6.5593
 ENSMUSG00000022181,10.296,10.6203,10.6402,9.9214,10.4307,9.1331,9.6176,9.0727,10.2649,9.7245,9.2189,9.455
 ENSMUSG00000007817,11.3262,11.6911,11.463,12.1013,11.2939,11.4523,10.9243,10.8594,11.6534,11.6891,10.132,10.3595
 ENSMUSG00000022881,8.3833,7.7925,8.2064,8.1851,7.8253,7.4866,8.5297,8.1674,7.8729,8.3748,9.528,9.1548
 ENSMUSG00000106016,4.6527,4.3255,4.3315,4.7653,4.3505,2.9238,4.2447,5.1907,4.3896,5.0704,4.8652,4.3579
 ENSMUSG00000079061,5.4446,5.6563,5.2513,6.0413,6.464,7.1246,5.0847,5.4307,5.5395,6.1006,5.5175,5.4858
 ENSMUSG00000026207,5.3998,5.8466,5.6774,5.3951,6.6692,6.9138,5.7076,5.4307,6.513,5.6416,5.0867,6.2683
 ENSMUSG00000032459,8.8731,8.9609,8.9676,8.8864,9.1071,9.4147,9.6176,9.5627,8.7533,9.0872,10.7056,10.0486
 ENSMUSG00000095197,8.9353,7.9725,8.2254,7.2159,8.1318,9.0685,7.5016,7.8623,7.3823,7.6412,7.9828,7.5434
 ENSMUSG00000068323,4.3257,4.3255,4.1542,4.4988,5.1855,5.5257,4.4672,4.6819,3.9343,4.8076,5.3614,5.732
 ENSMUSG00000048621,10.0164,9.8571,10.1958,9.3469,8.5329,8.612,8.756,8.7531,9.4382,9.1125,9.788,9.0143
 ENSMUSG00000046854,4.2113,4.3887,4.5528,4.5571,5.0694,4.821,5.3592,5.2919,4.2593,4.1803,5.9561,5.4307
 ENSMUSG00000028545,10.3107,10.2233,10.197,10.3171,9.4436,9.4657,8.8697,9.0135,10.3836,10.515,10.2754,10.2767
 ENSMUSG00000026880,9.6498,9.4378,9.487,8.919,8.4688,8.0369,8.2023,8.1153,8.8607,8.9509,8.1251,8.4854
 ENSMUSG00000034617,9.7375,9.6207,9.652,9.7185,10.1753,10.2831,10.4076,10.371,9.8076,9.824,11.4516,10.9992
 ENSMUSG00000071547,6.1795,5.6563,5.9102,5.8001,5.7273,5.6423,6.5063,6.2144,5.3259,5.9637,7.317,6.932
 ENSMUSG00000006378,5.7049,5.1715,5.5903,5.1711,5.7641,5.6971,5.9855,5.5565,5.564,5.6154,6.8726,7.0072
 ENSMUSG00000078452,4.6112,4.882,4.3315,4.7653,5.6107,5.2574,5.408,6.1892,4.9232,4.9887,5.4417,6.1396
 ENSMUSG00000021194,3.8488,4.2584,3.6483,4.3033,5.438,5.4635,4.3616,4.5137,3.8312,3.9948,4.1375,4.3579
 ENSMUSG00000082926,4.7315,4.5052,4.9495,4.9011,5.438,4.5931,4.113,4.8295,5.1062,4.8554,5.8149,3.5861
 ENSMUSG00000054520,11.5681,11.6864,11.5731,11.8408,10.662,10.4188,10.5948,10.641,11.6925,11.8151,10.8154,10.5695
 ENSMUSG00000029759,8.6029,8.3874,8.4355,7.3472,8.5791,8.6328,7.7042,7.6679,7.5291,7.3624,7.2751,7.2586
 ENSMUSG00000072718,4.429,4.2584,4.4102,4.7653,4.5515,5.5257,5.5445,4.9615,5.2967,3.7608,4.0154,5.0044
 ENSMUSG00000015243,13.0553,13.2092,12.9452,13.0618,12.0459,12.4773,12.2003,12.0078,12.8754,13.024,12.0546,11.4166
 ENSMUSG00000027692,10.1883,10.474,10.0559,10.2605,9.9056,10.4405,9.551,9.4802,10.1564,9.7902,8.5721,9.0612
 ENSMUSG00000021186,3.9338,3.8306,4.1542,3.74,4.873,5.7498,4.5639,4.203,4.7551,4.5956,4.0154,4.8392
 ENSMUSG00000106668,6.952,6.9801,6.7737,6.4266,5.9348,5.6971,6.1628,7.7557,7.0427,7.1735,6.9679,6.6206
 ENSMUSG00000051319,7.269,7.0911,7.3516,7.0259,7.3665,7.3084,8.4075,8.075,7.3823,7.4804,8.6722,8.4251
 ENSMUSG00000029632,10.3469,10.0727,10.4963,9.9386,10.4857,10.1038,11.1004,11.0096,10.2839,10.2618,11.8025,11.3097
 ENSMUSG00000021737,10.4009,10.194,10.3582,10.1025,10.4067,10.4346,11.1076,10.9402,10.3625,10.4029,11.9522,11.5145
 ENSMUSG00000028460,7.4019,7.4525,7.3773,7.1996,6.4191,5.987,6.2173,6.357,7.5769,7.4946,6.9547,6.5593
 ENSMUSG00000055660,9.6797,9.5949,9.5893,9.4722,9.6455,9.7893,10.4263,10.3201,9.6297,9.651,11.3515,10.6114
 ENSMUSG00000030872,12.6734,12.7627,12.6585,13.2219,11.642,11.5483,11.7353,12.0234,12.9152,12.9843,12.2149,11.999
 ENSMUSG00000074807,6.5441,5.9047,6.19,6.4124,6.7971,6.1898,7.7322,7.4111,6.6313,7.0451,7.3875,7.2275
 ENSMUSG00000049630,3.8488,3.3828,3.8066,4.1501,4.5515,5.5853,3.5309,4.203,4.4494,4.2614,3.8746,3.9579
 ENSMUSG00000053646,6.4181,7.0324,6.3728,6.4405,7.0526,7.6987,6.6708,6.0275,7.2037,6.6623,5.6239,7.2117
 ENSMUSG00000091491,5.0351,5.0348,5.4647,4.8122,5.4832,6.1515,5.3087,4.6819,4.842,4.5956,5.3614,3.8525
 ENSMUSG00000062345,4.0112,4.0258,4.0523,4.1501,4.9419,4.821,5.7824,3.7484,4.5062,4.3368,3.8746,4.5962
 ENSMUSG00000036564,3.7539,4.1096,3.9381,4.3724,5.0072,5.4635,4.8873,4.4196,3.5706,4.3368,5.0867,4.5962
 ENSMUSG00000032207,7.9352,7.4332,7.9681,6.8067,7.9401,7.9402,8.2353,8.161,7.1093,6.9763,8.6189,8.3077
 ENSMUSG00000094993,7.1426,6.9801,7.076,7.3098,5.9976,6.4322,6.0471,6.8329,7.5886,7.9533,6.8442,6.9416
 ENSMUSG00000028776,5.9546,5.6335,5.8369,5.4807,5.9665,6.2271,5.3087,4.8972,5.7876,6.2591,4.2461,5.5644
 ENSMUSG00000018927,8.729,8.2436,8.5263,7.7996,8.7552,8.3778,8.6024,7.5551,7.6456,8.0987,6.8442,7.8128
 ENSMUSG00000032489,8.7955,8.7745,8.7025,8.9749,8.0683,8.3613,7.6266,7.8464,8.8869,8.8722,7.317,7.8742
 ENSMUSG00000036256,7.7044,7.7567,7.9793,7.2714,8.0019,7.4713,7.5232,7.0292,7.9199,8.4812,6.3917,8.3077
 ENSMUSG00000027018,10.0476,9.73,10.0074,9.6029,10.2117,10.2066,10.5974,10.5335,9.696,9.8448,11.5001,11.0078
 ENSMUSG00000040345,11.0167,11.0383,11.0078,10.9519,9.9157,9.9357,9.9673,10.1299,11.2311,11.0498,9.9379,9.9114
 ENSMUSG00000067147,3.6451,3.3828,3.4387,3.5932,4.3505,4.5931,3.5309,5.2919,3.8312,3.6103,4.0154,3.5861
 ENSMUSG00000046841,9.3621,9.4019,9.1399,9.1708,8.7597,8.8553,7.8133,8.1801,8.7815,8.9585,8.1485,7.8128
 ENSMUSG00000026170,9.0292,9.2395,9.2035,9.065,8.0391,8.1178,8.1127,8.4083,9.2543,9.1148,7.7118,8.2433
 ENSMUSG00000034732,4.3257,5.0348,4.6798,4.3724,4.4554,4.4604,5.3087,4.075,4.3264,3.7608,3.4793,3.3941
 ENSMUSG00000038241,11.9364,12.0684,11.8497,12.1334,12.2117,12.2431,12.1558,12.4631,11.8626,11.741,10.5267,10.8815
 ENSMUSG00000105028,4.149,3.7122,3.9381,3.9687,5.0694,4.821,5.2014,4.8295,4.2593,4.3368,3.8746,5.3734
 ENSMUSG00000057337,13.413,13.5373,13.3276,14.0988,12.4885,12.494,12.7046,12.7074,13.8164,14.0119,13.5438,13.4854
 ENSMUSG00000027409,2.9238,3.5702,3.6483,4.1501,3.9523,5.181,3.9606,4.075,3.5706,4.092,4.5181,4.4833
 ENSMUSG00000081560,3.6451,4.1096,4.0523,3.9687,4.873,5.3297,3.7763,4.4196,3.7128,3.4115,3.4793,4.2895
 ENSMUSG00000015143,10.3996,10.7737,10.851,11.2726,10.7834,10.6671,10.3754,10.1799,10.5937,10.3193,9.0021,9.9248
 ENSMUSG00000041351,8.5566,8.4842,8.5032,7.739,7.3428,7.5463,7.3407,7.7893,7.9744,7.6725,6.6441,7.3334
 ENSMUSG00000024501,5.4446,6.0487,5.7053,5.3348,6.5287,6.9804,5.7455,5.1371,5.7876,5.857,5.0348,6.2683
 ENSMUSG00000016194,10.0379,10.418,10.2844,10.5437,9.8976,9.9217,10.1076,9.812,10.1095,9.7438,9.0401,8.5273
 ENSMUSG00000019822,9.4012,9.5055,9.435,9.5827,8.2123,8.1276,8.3423,8.7992,9.6549,9.6031,8.9957,8.8861
 ENSMUSG00000019478,6.14,6.3411,6.2474,6.6831,6.0868,6.4,5.408,4.8972,5.962,6.0818,5.0348,5.3734
 ENSMUSG00000028982,7.0818,7.0662,7.0442,7.1154,7.205,7.3425,7.6756,7.4219,6.8615,7.0547,8.7081,8.3587
 ENSMUSG00000046768,5.3053,4.9607,4.7948,5.2055,5.9348,6.4637,4.814,4.8972,5.1062,4.9887,4.2461,5.3135
 ENSMUSG00000032766,5.3768,5.1386,5.3972,5.6858,5.2923,4.3101,5.9536,4.6819,5.2967,6.0436,4.2461,5.1849
 ENSMUSG00000067341,11.5861,11.5068,11.5587,11.3514,10.2661,10.4754,10.1992,10.4907,11.5203,11.5737,11.5677,11.2081
 ENSMUSG00000033105,9.7624,9.8328,9.9472,10.2943,10.2439,10.4425,10.3056,10.3458,10.0799,10.2348,11.4009,11.6104
 ENSMUSG00000031881,3.3431,3.5702,3.6483,3.8623,4.8002,5.181,4.113,3.5108,3.7128,3.4115,4.3444,3.9579
 ENSMUSG00000027624,7.4928,7.6549,7.6263,7.7164,7.7097,7.3758,7.1456,7.0846,7.2037,7.2751,5.7541,6.5467
 ENSMUSG00000086040,5.3296,5.9421,5.6774,5.9259,6.6692,7.0019,5.1443,5.3398,5.5881,5.6924,5.3614,5.3135
 ENSMUSG00000078886,7.7784,8.2436,8.2854,8.3742,7.4013,6.7955,8.3664,7.8222,8.6869,8.2966,8.8643,8.2702
 ENSMUSG00000026579,7.1024,6.6408,6.7476,6.9105,7.0526,6.7706,6.6314,5.6344,6.5733,7.2167,5.3194,6.6793
 ENSMUSG00000081485,8.5139,8.0755,8.5603,7.628,8.7597,8.1756,8.2483,9.4802,8.094,8.4308,9.589,8.7753
 ENSMUSG00000092009,4.149,4.1096,3.9381,3.5932,5.0694,5.5257,3.9606,4.3167,3.5706,3.886,4.0154,4.1376
 ENSMUSG00000000088,9.9043,9.7727,9.9797,9.8685,9.7116,9.5225,10.5404,10.4779,9.6255,9.7686,11.3739,10.8564
 ENSMUSG00000102418,8.5467,8.3155,8.6786,8.3339,7.948,7.3921,7.7957,7.2631,7.9609,7.6849,6.8004,7.3694
 ENSMUSG00000028019,6.3391,6.5478,7.1575,7.0166,6.7971,6.6665,6.5703,6.2392,5.9063,6.3711,5.2311,5.5644
 ENSMUSG00000105336,4.4774,3.8306,4.4837,3.8623,5.0694,5.4635,4.814,4.6819,4.5604,4.092,5.6576,4.7477
 ENSMUSG00000040592,15.0059,14.8438,14.9241,14.8157,13.7857,13.5695,14.1804,14.3817,15.1842,15.3444,15.1807,14.8343
 ENSMUSG00000026204,4.5683,4.5593,4.4837,4.8574,5.1287,6.1898,3.9606,4.3167,4.2593,4.4735,4.8032,5.0044
 ENSMUSG00000022354,10.0458,9.6845,9.9727,9.4552,10.2002,9.8614,10.5884,10.6952,9.8434,10.0083,11.396,10.946
 ENSMUSG00000069274,10.2833,9.6543,10.2137,9.3725,8.9672,8.3778,9.2679,9.0998,10.0611,9.7916,9.9379,9.2922
 ENSMUSG00000039873,6.8092,6.8789,6.8857,6.9597,5.869,5.2574,6.0167,6.507,7.0764,7.1647,6.6605,6.5082
 ENSMUSG00000044749,5.8436,5.7861,5.7594,6.7406,5.869,6.5831,6.077,5.9391,6.4239,7.2587,5.0867,5.8404
 ENSMUSG00000100963,4.5237,4.8408,4.4102,4.6657,3.9523,5.8496,3.9606,5.386,4.6121,4.3368,5.0867,5.1849
 ENSMUSG00000050761,4.4774,3.7122,3.9381,3.9687,5.2923,4.1352,3.9606,3.5108,4.0265,4.3368,2.9238,4.2163
 ENSMUSG00000001995,10.2493,10.3112,10.1946,10.4457,9.4436,9.5948,9.7003,9.9669,10.3307,10.2924,9.0831,8.661
 ENSMUSG00000055485,7.7656,8.2872,8.5415,8.7785,9.1689,8.8195,9.0213,8.5474,8.4353,8.2011,7.0819,8.3003
 ENSMUSG00000000394,4.0826,4.4484,4.3315,3.9687,5.5695,5.181,5.2561,4.9615,3.7128,4.2614,4.596,4.7943
 ENSMUSG00000045996,8.3664,8.4139,8.7293,8.4517,8.6627,8.7,9.4561,9.1524,8.5651,8.6822,10.0707,9.7907
 ENSMUSG00000021290,9.4984,9.1868,9.5746,9.2399,9.5558,9.1036,10.4879,10.2734,9.5911,9.5451,10.7822,10.4326
 ENSMUSG00000039985,10.7081,10.5705,10.6914,10.7084,10.4265,10.6671,10.783,10.8091,10.7821,10.9085,12.3664,11.8288
 ENSMUSG00000075467,9.355,9.3986,9.2035,9.0938,9.7726,9.7454,10.0605,10.2719,9.3839,9.4489,10.9166,10.5079
 ENSMUSG00000037846,6.0855,6.4863,6.6662,7.1914,7.023,7.3921,6.5703,6.5471,6.513,6.6748,5.3614,5.8194
 ENSMUSG00000034738,6.1665,5.7442,6.266,5.9458,6.9145,6.8909,6.9678,6.6427,6.0673,6.3711,4.9807,6.2683
 ENSMUSG00000039062,7.2508,6.8304,7.3255,7.2714,7.3428,7.2377,6.393,5.9987,6.8807,7.536,5.7848,6.6444
 ENSMUSG00000001119,4.149,4.4484,4.1542,3.9687,5.5695,5.0999,4.8873,4.4196,5.1399,4.5362,3.7047,5.1508
 ENSMUSG00000033170,5.2555,5.5626,5.3972,5.3348,6.5907,6.3334,5.5445,4.9615,5.5881,4.9887,4.596,5.9016
 ENSMUSG00000079639,4.9417,5.3811,5.0875,5.5613,5.6107,6.6392,4.3616,5.1371,5.635,5.6672,4.8652,5.6387
 ENSMUSG00000028358,5.9848,6.2551,6.0245,6.5348,7.023,7.5608,5.9855,5.7436,6.3703,6.1191,5.4802,6.0165
 ENSMUSG00000045932,9.7752,9.5116,9.9458,9.707,8.4633,8.8375,9.7446,8.4924,9.3118,10.1495,8.9399,9.0568
 ENSMUSG00000035455,8.7765,8.2213,8.4993,8.2731,8.4412,8.6934,8.6812,8.5523,8.3793,8.3046,10.0599,9.6282
 ENSMUSG00000078941,10.5205,10.2711,10.532,10.2229,10.7171,10.6019,11.0568,11.0791,10.6138,10.7221,12.0592,11.7819
 ENSMUSG00000069310,10.6554,10.0231,10.5853,9.4449,9.3636,8.7388,9.229,9.2,9.9991,9.8058,9.9092,9.7653
 ENSMUSG00000032018,9.2068,9.1557,9.4751,9.4989,9.0016,9.0786,9.0137,9.2552,9.3449,9.5212,10.6626,10.6001
 ENSMUSG00000022952,11.7091,12.0673,11.8758,12.264,11.5681,11.5762,11.4291,11.4844,12.1558,12.0518,10.5749,10.5256
 ENSMUSG00000032715,4.8755,4.5593,4.7387,4.8574,5.0072,5.2574,5.2561,5.3398,4.7993,4.5362,6.5054,5.798
 ENSMUSG00000030068,11.3061,11.86,11.7186,12.1464,10.6928,10.5736,11.246,11.2533,12.0317,11.8579,10.8272,10.7001
 ENSMUSG00000022468,7.7995,7.5393,7.7819,8.139,7.0815,6.9804,6.3203,6.8649,7.9153,8.1351,7.106,7.289
 ENSMUSG00000029338,10.0155,9.9276,10.006,10.2943,9.1176,9.3493,9.0915,9.1969,10.4979,10.4122,9.0149,9.2408
 ENSMUSG00000001103,4.909,4.4484,4.8485,5.239,5.0072,5.3297,5.0222,5.1907,4.6617,5.3544,6.5235,5.9602
 ENSMUSG00000031709,10.2952,10.298,10.4598,10.2398,9.8935,9.9742,9.1722,8.8439,9.967,9.7275,8.8784,9.39
 ENSMUSG00000006705,10.0484,10.1126,10.1193,10.2198,10.1635,10.2565,10.7752,10.634,10.2731,10.3409,12.0202,11.0203
 ENSMUSG00000058248,4.6927,4.3887,5.1304,4.8574,5.3426,5.7498,4.6531,3.7484,4.9232,5.0302,4.0154,5.2508
 ENSMUSG00000030553,5.3053,5.9964,5.8618,5.1358,5.1855,5.0999,4.7362,4.8972,5.6579,5.0704,4.1375,4.2895
 ENSMUSG00000059022,5.0351,5.3531,4.618,5.2055,5.8349,6.7195,4.8873,5.386,5.7668,4.8076,5.3194,5.5896
 ENSMUSG00000026245,10.7159,10.674,10.6197,10.6772,10.8467,10.7985,11.3679,11.2698,10.7337,10.7296,12.4057,11.8426
 ENSMUSG00000024067,8.7224,8.4717,8.5148,8.1559,9.0824,8.789,9.2679,9.3763,8.445,8.5637,10.0178,9.6806
 ENSMUSG00000074604,9.4176,9.5538,9.3789,9.9949,9.7413,9.7327,9.5847,9.5382,9.5882,9.5785,8.1485,8.3003
 ENSMUSG00000083687,6.3735,6.7699,6.6522,7.4471,5.9023,5.9427,6.1348,5.596,6.909,6.794,6.3917,5.6144
 ENSMUSG00000070601,7.5831,7.9902,7.6616,7.7942,8.1039,8.8494,7.4907,7.3893,7.6788,7.7213,9.1911,8.4488
 ENSMUSG00000091780,6.6873,6.4988,6.5347,6.4681,6.8486,6.6665,6.8699,7.5254,6.3974,6.7825,8.3126,7.4115
 ENSMUSG00000042590,10.293,10.2917,10.2765,10.2289,10.6319,10.6434,11.1367,11.0352,10.2812,10.3124,11.899,11.5305
 ENSMUSG00000036411,5.9698,5.8466,6.0463,6.5477,5.2923,5.4635,5.7455,5.2423,6.4499,6.7357,4.8652,5.798
 ENSMUSG00000037736,5.2299,5.9604,5.6774,5.5871,6.707,6.9804,5.6284,5.3398,6.3703,5.7415,5.3194,6.2214
 ENSMUSG00000027790,5.3053,5.701,5.0431,5.8219,6.1707,6.844,5.455,5.3398,5.2362,5.6924,4.6691,5.2825
 ENSMUSG00000027257,4.3786,4.4484,4.0523,3.74,5.2923,5.4635,5.0222,4.8972,4.3264,3.7608,4.1375,4.4833
 ENSMUSG00000094915,5.827,6.1792,6.266,6.5477,5.7641,5.6971,6.8699,6.9717,6.1652,6.1908,5.1366,5.3135
 ENSMUSG00000045215,4.0112,4.3887,4.0523,4.6126,5.1287,5.9427,4.8873,4.3167,5.1728,4.3368,4.2461,4.8825
 ENSMUSG00000039032,6.6598,6.8978,6.9212,7.0166,6.1707,7.3084,5.8877,5.4739,6.5968,6.024,6.0597,5.9214
 ENSMUSG00000020431,4.4774,4.611,4.1542,4.4373,5.8,5.9427,4.8873,4.6819,5.2667,4.4735,4.4346,5.0044
 ENSMUSG00000049115,4.5237,4.3255,3.6483,3.5932,4.1036,5.0999,4.113,2.9238,4.3264,3.6103,3.8746,4.4223
 ENSMUSG00000033762,7.4129,7.2614,6.9784,7.0073,7.4353,7.3758,7.5655,7.7557,6.7405,6.8279,8.6803,8.1677
 ENSMUSG00000030707,14.7665,14.6677,14.8875,14.7125,13.6305,13.2833,13.9837,14.2295,15.0518,15.0171,14.7067,14.2806
 ENSMUSG00000067818,6.0432,5.4086,5.9338,5.7327,6.1976,5.0999,5.7824,5.4739,5.4892,6.5447,4.3444,5.6144
 ENSMUSG00000044018,8.8849,8.6741,8.7911,8.8889,9.3158,9.3068,9.6424,9.5382,8.7841,9.0231,10.4192,10.1492
 ENSMUSG00000024896,9.8877,9.5524,9.678,9.4241,9.5989,9.6019,9.9395,10.0438,9.4121,9.5315,11.3093,10.6241
 ENSMUSG00000058056,5.9546,6.4737,6.565,7.2078,7.2566,7.3758,6.7091,5.7436,6.2269,6.1006,5.8149,6.3577
 ENSMUSG00000099342,4.2113,4.1867,3.9381,4.1501,4.6402,2.9238,4.3616,5.2423,4.1103,3.886,4.8032,4.1376
 ENSMUSG00000040940,13.5152,13.833,13.5745,14.078,13.1669,13.2624,12.8855,13.1036,13.8047,13.5993,12.1408,12.5598
 ENSMUSG00000081640,4.2113,4.1867,4.1542,4.2295,5.4832,5.181,5.2014,5.1371,4.8833,4.6522,5.8149,5.1157
 ENSMUSG00000057899,4.3257,4.3255,3.6483,4.2295,4.7228,5.5853,4.7362,5.0227,4.4494,3.9948,4.738,5.4307
 ENSMUSG00000027193,11.8989,11.8007,11.8713,11.7611,12.0257,11.951,12.5173,12.4864,11.8623,11.9364,13.5755,12.9603
 ENSMUSG00000020520,10.1495,10.2158,9.9936,10.376,9.1554,9.1996,9.2774,9.3596,10.2893,10.2629,9.2244,8.8484
 ENSMUSG00000027187,11.8834,11.8326,11.9088,11.9197,11.1926,10.7862,10.6896,10.8898,11.719,12.2039,10.7906,10.9371
 ENSMUSG00000106282,4.429,4.3887,4.0523,4.1501,4.7228,5.2574,5.6284,5.2423,4.7993,4.4073,3.7047,4.2895
 ENSMUSG00000003355,7.054,6.5834,6.4234,6.2629,6.707,6.5542,5.2014,5.877,5.8678,6.1006,5.9827,5.2508
 ENSMUSG00000047591,3.7539,4.1096,3.6483,3.8623,5.0694,4.3101,5.1443,5.0227,4.3896,4.4073,3.7047,3.7315
 ENSMUSG00000027204,5.4446,5.6103,5.4972,5.239,6.3249,6.8909,5.7824,5.4307,6.2269,5.4766,5.1366,6.5467
 ENSMUSG00000003444,8.297,8.0714,8.2254,8.0825,8.3669,8.612,8.8485,8.9141,8.2307,8.4953,9.9058,9.3794
 ENSMUSG00000028238,5.6679,5.6563,5.3972,5.9654,6.224,6.9364,5.3087,5.0811,5.6803,5.5056,4.738,5.5644
 ENSMUSG00000015766,9.1571,9.13,8.9872,9.6409,9.1656,9.2631,9.47,9.5308,9.4811,9.7035,8.0086,8.0529
 ENSMUSG00000000171,10.2097,10.0612,10.3245,10.0008,10.0477,9.9357,10.8581,10.776,10.2991,10.3641,11.7576,11.2215
 ENSMUSG00000096452,8.1571,7.8075,7.723,6.785,7.9713,7.7118,6.8699,7.2389,6.751,7.0062,6.6441,6.6793
 ENSMUSG00000034648,4.7691,4.5593,5.2513,4.4373,4.3505,4.821,4.4672,4.075,4.7993,5.6416,3.7047,5.4585
 ENSMUSG00000051335,7.7742,8.1284,7.7626,8.8029,7.9001,8.6668,9.1342,9.2094,8.6705,8.9762,8.1772,7.7377
 ENSMUSG00000027671,10.4676,10.3757,10.508,10.2269,10.7009,10.6502,11.2509,11.3159,10.4459,10.4739,12.0163,11.5297
 ENSMUSG00000108686,3.9338,3.7122,4.7948,3.3992,3.7693,3.6367,3.5309,2.9238,4.3896,2.9238,4.3444,3.7315
 ENSMUSG00000048498,9.1684,9.1636,9.3028,8.5414,9.0535,8.5551,8.6175,8.6878,7.9429,7.8309,7.5718,8.6639
 ENSMUSG00000033177,3.8488,3.7122,3.4387,3.3992,3.9523,5.181,4.4672,4.075,3.3831,3.6103,4.5181,4.4833
 ENSMUSG00000041859,10.8133,10.3791,10.6206,10.3551,10.6656,10.5843,10.8248,10.9449,10.4126,10.5288,12.1979,11.6825
 ENSMUSG00000074896,10.3426,9.9583,10.5157,10.3283,9.3006,9.5299,10.3901,9.0998,9.8531,10.812,9.2915,9.5906
 ENSMUSG00000091345,4.2113,4.1096,3.6483,3.74,4.8002,5.3297,3.5309,3.5108,4.1103,3.886,3.4793,4.2163
 ENSMUSG00000078920,10.8865,10.5888,10.9654,10.7226,10.187,9.8933,10.9514,10.6131,10.7098,10.9727,12.0984,11.4166
 ENSMUSG00000079104,10.4656,10.3966,10.4905,10.2819,10.6798,10.7343,11.2541,11.1981,10.3744,10.4001,12.0909,11.4354
 ENSMUSG00000015671,11.0518,10.8325,11.1498,10.6947,11.2236,10.981,11.5476,11.5218,11.0572,11.1399,12.6247,12.1454
 ENSMUSG00000069609,4.0826,3.8306,4.4837,4.4373,4.1036,2.9238,4.113,5.0811,4.0265,3.9948,4.2461,5.0044
 ENSMUSG00000028528,5.0647,4.5593,4.9,3.8623,5.1287,5.6971,4.2447,4.7579,3.8312,4.2614,4.1375,4.4223
 ENSMUSG00000091938,3.6451,4.1867,3.6483,3.74,4.3505,5.0999,4.2447,3.9271,4.4494,2.9238,3.4793,3.7315
 ENSMUSG00000037905,10.7846,10.7184,10.74,10.8425,10.6834,10.6553,10.8665,10.8984,10.7726,10.8953,12.4129,11.9488
 ENSMUSG00000031224,4.6527,4.5052,4.2466,4.4988,3.7693,4.5931,3.9606,4.3167,2.9238,4.9014,4.738,4.8392
 ENSMUSG00000017417,6.2919,6.1477,6.0245,6.8903,5.9023,6.7453,6.077,5.596,7.2633,7.1647,5.8443,6.8527
 ENSMUSG00000002228,5.5506,5.7442,5.5599,5.3036,5.3911,6.4945,5.455,5.386,6.0331,4.7062,4.4346,5.998
 ENSMUSG00000099041,7.8489,8.1324,7.8447,7.9528,7.1377,7.044,6.8529,6.6427,7.4798,7.4226,6.5936,6.6444
 ENSMUSG00000031730,9.1324,9.219,9.1915,9.2239,9.4847,9.4187,9.9907,10.2585,9.2116,9.2096,10.7634,10.2767
 ENSMUSG00000029671,5.4665,5.4355,5.0875,5.6374,5.9023,6.8909,5.6686,4.6008,5.4892,6.0436,5.6239,6.0165
 ENSMUSG00000024749,4.9736,4.9607,5.3263,4.2295,5.3911,5.9427,5.0847,4.4196,4.842,4.6522,4.0154,4.2895
 ENSMUSG00000070044,6.5739,5.9604,6.4398,6.2785,5.4832,5.5853,5.5871,4.8972,6.0503,6.0818,4.8032,5.8815
 ENSMUSG00000021490,4.3786,4.1867,3.8066,4.9433,4.8002,4.1352,3.9606,3.7484,4.2593,4.1803,2.9238,3.3941
 ENSMUSG00000036168,6.5934,6.5716,6.3728,6.586,6.8145,7.1441,7.3648,6.9863,6.5733,6.7357,8.131,7.8842
 ENSMUSG00000045232,5.5301,5.4355,5.0875,5.0622,4.3505,4.821,3.7763,4.7579,5.6117,5.4766,4.5181,4.5962
 ENSMUSG00000030247,5.0647,4.8408,4.4837,4.9011,4.7228,5.0999,4.7362,4.8295,5.2049,5.6924,3.7047,5.8815
 ENSMUSG00000049760,9.4932,9.3204,9.6255,9.2379,9.7902,9.3493,10.4206,10.3654,9.6184,9.4882,10.9081,10.5007
 ENSMUSG00000082233,4.3786,4.611,4.4837,4.0637,5.1855,5.4635,4.5639,3.9271,4.3896,3.4115,4.0154,4.052
 ENSMUSG00000070056,11.0878,11.0792,10.9369,10.8888,9.7946,10.0196,9.905,9.9466,10.6787,10.4103,9.8229,9.6252
 ENSMUSG00000038463,4.6527,4.1096,4.1542,4.1501,5.3911,5.181,5.408,4.8972,3.9343,4.092,4.2461,4.052
 ENSMUSG00000083585,3.9338,3.9337,3.9381,4.3033,5.2923,4.821,5.3087,4.9615,3.8312,4.092,4.8652,4.7477
 ENSMUSG00000039183,9.5315,9.3308,9.5257,9.543,9.8501,9.8643,10.2502,10.2896,9.4701,9.6542,11.1398,10.6895
 ENSMUSG00000033192,9.7055,9.73,9.8574,9.7113,8.9826,8.6259,8.8528,8.9665,9.666,9.6096,8.2219,8.6697
 ENSMUSG00000020834,5.2807,5.5131,5.4314,4.9842,5.8349,5.5853,5.6686,6.2875,5.3545,5.1842,6.8004,6.4952
 ENSMUSG00000038421,12.8467,12.78,12.7397,12.7122,11.5287,11.3855,11.9628,12.3452,12.9279,13.0524,12.5317,12.0263
 ENSMUSG00000026548,7.3797,6.8105,7.1869,7.5973,7.0958,6.8909,7.7136,7.3333,7.9013,8.2885,8.3733,8.3479
 ENSMUSG00000038296,4.0826,4.4484,3.9381,3.8623,5.0072,5.7498,4.4672,4.203,4.2593,4.2614,3.7047,4.5962
 ENSMUSG00000071770,4.5683,4.3255,4.5528,4.9433,5.2923,5.6423,4.2447,4.203,4.6121,3.6103,4.0154,4.2895
 ENSMUSG00000079941,4.27,4.754,4.618,4.8122,4.3505,3.9222,2.9238,4.3167,4.5604,4.7062,4.9807,3.9579
 ENSMUSG00000074506,8.2053,7.918,8.3123,8.0005,8.2188,7.763,8.519,9.1064,7.9744,8.4161,9.4432,9.2639
 ENSMUSG00000028713,4.27,4.7082,3.9381,4.0637,5.1287,4.821,4.4672,3.7484,5.0361,4.9458,3.4793,4.965
 ENSMUSG00000029500,9.7784,9.7855,9.8329,9.8543,9.9137,9.9877,10.3724,10.4933,10.0294,10.0302,11.6224,10.8859
 ENSMUSG00000024774,5.2038,4.0258,3.4387,4.5571,4.1036,4.3101,4.814,4.7579,4.1875,3.4115,4.8652,4.052
 ENSMUSG00000020734,4.6927,4.9607,4.8485,4.4373,5.5271,6.03,4.4672,3.9271,5.2049,5.3221,4.738,5.1157
 ENSMUSG00000023025,12.1381,12.0545,12.129,12.1299,12.1187,12.2593,12.6324,12.4494,12.1335,12.2082,13.8753,13.2013
 ENSMUSG00000035351,7.9691,7.89,7.9339,7.6035,8.2762,8.2402,8.7191,8.77,7.9654,7.9533,9.2731,9.26
 ENSMUSG00000041827,9.3915,9.1887,9.2178,9.5733,8.251,8.6735,9.0915,8.4509,9.2191,10.1021,9.9954,9.0524
 ENSMUSG00000023243,9.651,9.4822,9.556,9.5446,8.2058,8.3778,8.4017,8.5621,9.4072,9.2266,9.6165,8.8331
 ENSMUSG00000086513,6.2053,5.9047,6.4398,6.8067,5.5695,6.2634,5.408,5.5159,5.4369,5.943,4.9807,5.1157
 ENSMUSG00000027954,3.8488,4.3887,4.2466,4.3033,4.873,4.7123,5.6284,5.4307,4.5604,4.8554,3.8746,4.2163
 ENSMUSG00000022565,12.8099,13.0811,12.8226,13.4272,12.7266,12.8445,12.6847,12.8158,13.1866,13.0035,11.4944,11.7641
 ENSMUSG00000014776,5.0351,5.5381,4.6798,6.2309,5.0072,6.1122,5.3087,5.0227,6.1494,4.9887,5.0348,4.7477
 ENSMUSG00000040998,5.3053,5.2348,5.2893,5.3951,6.2499,6.4322,6.077,5.2423,6.0673,5.4471,5.1366,6.7247
 ENSMUSG00000019782,9.8356,9.6791,9.8437,9.4328,10.0944,9.9578,10.1446,10.0385,9.7054,9.8625,11.3893,10.9567
 ENSMUSG00000043004,11.4206,11.3114,11.3221,11.44,10.3995,10.1763,10.3242,10.5822,11.3422,11.5123,10.3364,10.2748
 ENSMUSG00000034957,7.0818,6.652,7.2532,7.3098,6.4859,6.3671,6.6708,5.596,6.7922,6.9763,5.6239,6.5082
 ENSMUSG00000039770,10.3166,10.2391,10.3974,10.437,9.2538,9.162,9.7074,9.594,10.2893,10.7663,9.3731,9.3635
 ENSMUSG00000000365,6.4181,5.5866,5.3622,5.7095,5.7641,5.6423,5.6284,5.9391,6.0503,6.024,6.9005,7.1877
 ENSMUSG00000069588,4.0826,4.5052,4.618,5.0238,3.7693,4.7123,4.2447,4.4196,4.3264,4.4735,2.9238,3.7315
 ENSMUSG00000102364,7.5134,8.1795,6.8857,6.3692,6.9929,6.9585,7.555,7.2869,6.1809,7.0547,6.9143,6.4952
 ENSMUSG00000075232,10.8572,10.6835,11.0241,10.9176,10.6963,10.7214,11.2232,11.1019,10.8351,10.997,12.5458,11.8894
 ENSMUSG00000026750,10.6286,10.3916,10.6699,10.437,10.9343,10.6821,11.3484,11.3515,10.5563,10.5808,12.1416,11.6707
 ENSMUSG00000024459,4.0112,4.0258,3.6483,3.5932,4.6402,5.181,3.7763,2.9238,3.9343,3.7608,3.8746,4.1376
 ENSMUSG00000037386,4.6927,4.922,4.8485,4.8574,4.8002,4.5931,3.5309,3.9271,4.9232,4.9014,3.8746,3.5861
 ENSMUSG00000071662,9.8669,9.7855,9.9572,9.8294,10.0403,9.6771,10.6692,10.6818,9.8494,9.9171,11.4238,10.8659
 ENSMUSG00000031780,3.3431,3.7122,4.5528,4.0637,4.6402,5.0135,4.2447,4.6008,3.8312,4.092,5.1847,4.7943
 ENSMUSG00000034855,6.0575,5.6788,6.4561,6.1817,5.5271,5.2574,6.4621,5.596,6.0503,7.129,6.202,6.8527
 ENSMUSG00000029503,4.3786,4.0258,3.6483,3.5932,4.4554,5.2574,4.2447,4.075,3.9343,3.6103,4.9243,4.9245
 ENSMUSG00000068856,9.9837,9.8131,9.7188,9.8491,10.291,10.2181,10.6362,10.8878,9.8877,10.0565,11.4639,10.9632
 ENSMUSG00000028756,10.3675,10.799,10.7886,10.8613,9.7682,9.899,9.9415,10.0611,10.6512,10.6988,9.2381,9.5252
 ENSMUSG00000045573,3.8488,3.3828,3.9381,3.3992,5.0072,5.0999,4.113,4.5137,3.8312,4.2614,3.7047,3.9579
 ENSMUSG00000098076,4.0826,3.5702,4.1542,3.8623,4.3505,2.9238,4.4672,4.203,3.7128,3.6103,4.6691,4.965
 ENSMUSG00000007653,4.0826,4.1867,3.6483,4.6126,5.3426,5.5853,4.4672,4.8972,4.6121,4.6522,4.5181,3.9579
 ENSMUSG00000030325,7.9044,7.3737,7.863,8.4275,7.4575,8.5767,9.1516,8.5227,8.3453,7.4373,7.7352,8.3694
 ENSMUSG00000032011,7.3797,6.9712,6.7344,7.2869,6.1707,5.987,5.8877,6.0275,7.3275,6.3864,6.3105,6.8628
 ENSMUSG00000075031,11.355,10.58,11.333,10.2077,10.2068,9.7612,10.066,9.9888,11.0238,10.8148,11.1601,10.3834
 ENSMUSG00000000056,10.6543,10.6189,10.6437,10.7632,9.6599,9.5372,10.0513,10.1414,10.8351,10.9601,10.3778,9.3053
 ENSMUSG00000041670,4.9736,5.0703,5.172,5.5613,5.9976,6.4,4.8873,4.8972,5.4369,5.1095,4.5181,4.5962
 ENSMUSG00000098678,4.27,4.1867,4.618,3.74,4.3505,5.3297,4.3616,4.6008,3.7128,3.6103,5.276,4.5962
 ENSMUSG00000041220,7.8927,7.9087,7.7755,8.139,8.43,8.7641,8.3841,8.2603,8.1304,8.0471,9.3201,9.4978
 ENSMUSG00000027227,8.1174,7.8025,8.2672,8.277,8.0169,7.291,8.4191,8.2543,8.1853,8.3672,6.6768,7.2353
 ENSMUSG00000046971,4.0112,4.3887,4.4102,4.2295,4.7228,5.8969,4.4672,4.4196,4.7093,4.092,5.0867,5.3438
 ENSMUSG00000040564,6.6031,6.014,6.3025,6.3545,6.1976,5.2574,6.2698,5.2423,6.8711,6.861,5.6239,6.4952
 ENSMUSG00000015806,8.9523,8.6795,9.0603,9.065,8.9399,8.7452,9.4617,9.582,8.9562,8.82,10.5042,9.9653
 ENSMUSG00000082463,6.7495,7.0993,7.0655,7.3909,6.0868,5.8969,5.8877,6.4658,7.2486,7.4226,6.8442,6.6561
 ENSMUSG00000001663,5.0937,4.7082,4.9,3.8623,5.438,5.2574,4.5639,5.1907,3.9343,4.092,4.1375,4.3579
 ENSMUSG00000080720,6.1795,7.0746,7.1869,6.6474,6.5075,7.291,6.7828,7.071,7.3064,6.7475,6.9679,5.3734
 ENSMUSG00000034037,5.9546,6.4988,6.2844,5.9847,6.707,7.2195,6.4621,5.7436,6.5006,6.7593,5.2311,6.9126
 ENSMUSG00000098923,9.0662,8.892,8.8776,9.1091,9.093,9.3783,10.0175,9.8857,9.0667,9.2371,10.5888,10.0012
 ENSMUSG00000049202,3.6451,4.4484,4.0523,4.1501,4.2344,5.181,3.5309,3.5108,3.7128,4.5956,3.4793,3.3941
 ENSMUSG00000062081,6.4613,6.652,6.5347,6.4681,6.2754,6.7955,6.1903,8.1285,6.5615,6.9146,7.094,5.998
 ENSMUSG00000059498,10.339,10.327,10.5565,9.6198,10.1414,9.7035,9.5404,9.1524,9.758,9.824,8.7583,9.083
 ENSMUSG00000020573,12.0499,12.028,12.0673,12.1907,11.2745,11.3845,10.686,10.8712,12.2125,12.2742,11.6077,11.3161
 ENSMUSG00000076646,5.9848,7.4332,5.2893,5.6374,5.8,5.6971,5.6284,5.6718,5.7025,5.5616,6.1087,5.4307
 ENSMUSG00000064109,8.0381,8.2655,7.9905,7.7779,6.7437,7.1823,7.1032,6.942,8.0354,7.8028,6.8442,7.0611
 ENSMUSG00000064158,4.3786,5.3811,4.7948,5.239,5.4832,5.7498,5.7076,5.0811,4.962,4.5362,4.0154,4.5411
 ENSMUSG00000056328,3.8488,4.1867,3.4387,4.4373,5.0694,5.3982,3.9606,4.075,3.9343,4.092,3.8746,3.8525
 ENSMUSG00000097586,7.2811,7.6715,7.4599,7.7446,7.1377,7.1246,7.555,7.1766,7.8537,7.4518,6.202,6.1396
 ENSMUSG00000019467,4.9417,5.5381,4.9,4.4373,5.5695,5.987,4.8873,4.8972,5.2667,4.3368,4.4346,5.798
 ENSMUSG00000016319,12.5725,12.1642,12.4614,12.23,12.6666,12.4449,13.1826,13.2187,12.2766,12.4436,13.7619,13.6154
 ENSMUSG00000039783,12.2775,12.2954,12.3189,12.4524,11.1153,10.9944,11.6081,11.7528,12.5231,12.6247,12.2785,12.3691
 ENSMUSG00000030468,13.4135,13.556,13.3487,13.7298,12.2884,12.1722,12.8738,13.1555,13.7034,13.7785,13.0764,12.6677
 ENSMUSG00000036131,4.8755,4.4484,4.3315,4.9011,4.4554,4.1352,2.9238,4.3167,4.7551,5.0704,4.3444,4.3579
 ENSMUSG00000041857,6.6964,6.5834,6.4722,5.1711,6.7255,6.9804,6.1062,6.6241,5.7457,5.8119,6.2681,5.5896
 ENSMUSG00000080772,7.8244,8.4398,8.3858,8.6941,8.1523,8.6735,7.7598,9.1394,8.1737,8.4198,6.9941,7.9942
 ENSMUSG00000053559,8.3088,8.1601,8.1824,7.9431,7.8081,7.1823,6.6901,7.1248,7.6117,7.9482,6.9143,7.1714
 ENSMUSG00000025137,9.7837,9.793,9.883,10.0537,10.2503,10.1501,10.5443,10.7291,10.0294,10.0707,11.416,11.2646
 ENSMUSG00000038045,7.0327,7.0993,6.9896,7.1665,5.7641,6.5247,6.2173,6.0835,6.7405,7.3469,5.9013,6.1227
 ENSMUSG00000029449,11.1423,11.0951,11.0369,11.2172,10.2375,10.1997,10.3009,10.6728,11.285,11.1349,12.1379,11.1912
 ENSMUSG00000095217,10.5911,9.9173,10.4548,9.543,9.0091,8.9017,9.3485,9.9165,10.0024,9.9823,10.3352,9.3829
 ENSMUSG00000040690,5.1499,5.6788,5.2893,4.8122,5.8349,6.4945,6.0471,5.3398,5.7457,5.1095,4.8652,6.2987
 ENSMUSG00000046408,5.723,5.8466,5.7594,6.1817,6.0279,5.3982,5.8184,5.8448,5.9251,6.024,7.5632,6.534
 ENSMUSG00000098000,5.7932,5.8267,5.7857,6.0227,6.2499,6.2988,6.7091,6.6793,5.7668,6.024,7.3476,7.1467
 ENSMUSG00000082792,4.7315,4.6606,4.7387,4.4373,5.0694,5.2574,5.8184,6.1373,4.8833,4.9014,5.7541,5.6861
 ENSMUSG00000062127,7.2323,7.5632,7.5975,7.8833,7.6817,7.6036,6.7279,6.8002,7.3345,7.5292,5.929,6.9795
 ENSMUSG00000034826,10.1371,9.9538,9.8993,9.8646,10.3618,10.5556,10.615,10.6154,10.0229,10.0683,11.6286,11.1896
 ENSMUSG00000079641,13.1715,13.034,13.2967,12.8955,11.989,11.8941,13.3161,12.3296,13.2014,13.0628,13.618,12.5866
 ENSMUSG00000022687,4.27,3.7122,3.4387,3.74,5.3426,4.7123,3.5309,4.5137,4.2593,3.886,3.8746,4.2895
 ENSMUSG00000026043,5.3768,5.6335,5.5599,5.3653,6.2499,5.8006,6.6113,5.7082,6.4239,5.4766,5.0867,6.8007
 ENSMUSG00000028691,12.2222,11.8915,12.5623,11.9702,12.5472,12.2341,13.0023,12.8421,11.9081,12.033,13.5722,13.1435
 ENSMUSG00000049350,4.7315,4.8408,4.7948,5.0238,4.3505,6.03,5.0847,4.203,5.2667,4.7062,4.0154,4.2895
 ENSMUSG00000034706,4.27,4.2584,3.6483,4.2295,4.6402,5.0999,2.9238,3.9271,4.5062,4.3368,3.8746,3.8525
 ENSMUSG00000082965,5.3768,5.7442,5.4647,6.0956,6.2754,6.9364,4.8873,5.4307,5.998,5.6416,5.4417,5.2183
 ENSMUSG00000028795,8.3465,8.3907,8.5566,8.4344,7.7994,7.8002,7.3038,7.1893,8.7533,8.8395,7.8104,7.7266
 ENSMUSG00000092358,4.6527,4.2584,4.6798,4.6126,4.4554,4.1352,3.9606,5.9391,4.5604,4.6522,4.0154,3.8525
 ENSMUSG00000091618,8.1604,8.5982,8.133,8.5574,7.8081,7.5895,7.6562,7.5937,8.4256,8.5737,6.9679,7.2508
 ENSMUSG00000046456,5.86,5.5866,5.8618,5.4807,6.0279,5.4635,4.4672,4.8972,6.4627,5.6416,4.9807,5.8611
 ENSMUSG00000076580,9.5785,9.5672,9.712,8.7056,11.0048,9.37,9.5562,9.354,9.0709,9.1881,9.4965,9.3527
 ENSMUSG00000079852,7.0039,6.7802,6.9784,7.2869,7.0526,7.6451,8.062,7.7642,7.7689,6.2254,6.5413,7.3906
 ENSMUSG00000073010,5.4224,5.4619,4.9972,5.6125,4.3505,4.1352,4.8873,4.9615,5.6579,5.6672,4.3444,4.7943
 ENSMUSG00000019768,8.08,8.4237,8.2899,8.5827,8.1659,8.353,8.0766,8.23,8.1344,8.2308,6.6605,7.2117
 ENSMUSG00000079043,9.276,9.2939,9.1548,9.2557,9.6907,9.7327,9.8162,9.8523,9.3449,9.4435,11.0458,10.3424
 ENSMUSG00000008333,10.0883,9.8217,10.0101,9.6228,10.1836,9.985,10.6175,10.4701,9.9354,9.9545,11.4469,11.1207
 ENSMUSG00000093593,6.4825,6.3957,6.3204,6.95,6.4191,6.2634,6.999,7.2389,6.5968,6.771,8.2053,7.1046
 ENSMUSG00000024043,5.4446,5.2654,4.4102,5.3653,5.438,5.8496,5.0222,4.6008,5.1399,5.6672,4.0154,5.5387
 ENSMUSG00000024793,5.3768,5.9964,5.5599,4.9433,6.1707,6.6932,5.5005,5.0227,6.0841,4.8554,5.5894,5.6144
 ENSMUSG00000100621,4.3786,4.3255,3.8066,4.8122,4.9419,5.4635,5.3087,5.6344,4.6617,4.9458,5.5175,4.7477
 ENSMUSG00000027376,3.6451,3.9337,3.4387,3.74,4.9419,5.3297,3.7763,4.203,4.2593,3.7608,4.0154,4.1376
 ENSMUSG00000030188,7.4719,7.4397,7.6405,7.5078,7.9163,7.4866,8.1956,7.998,7.3688,7.5155,9.1279,8.5987
 ENSMUSG00000032741,9.3306,9.6235,9.3359,10.0716,8.8547,9.4424,9.1342,9.0276,9.5603,9.6128,8.2759,8.2277
 ENSMUSG00000082052,4.149,4.0258,4.4102,4.4373,5.24,5.3297,3.7763,4.203,3.3831,4.092,4.1375,4.4223
 ENSMUSG00000026208,5.2038,5.5381,5.5903,4.9011,5.8,6.2988,5.8535,5.386,6.0503,5.5616,4.5181,6.3863
 ENSMUSG00000098101,7.0327,7.2975,6.8976,7.3619,7.1918,7.3758,7.9629,7.7726,7.2338,7.0355,8.7002,8.2159
 ENSMUSG00000040276,9.1652,9.1829,9.1866,9.4671,8.4017,8.1661,7.8393,8.1674,9.0895,9.3006,8.4076,8.5305
 ENSMUSG00000094546,11.9117,11.5451,11.6796,10.4353,11.5156,12.0137,10.47,10.9336,10.7264,11.0552,11.1119,10.7246
 ENSMUSG00000028634,9.7419,9.8607,9.7567,11.2832,10.3837,10.4869,10.155,9.987,10.6519,10.9896,10.5941,11.2254
 ENSMUSG00000020728,4.6527,4.882,4.7387,4.7653,5.869,6.1898,4.6531,4.4196,4.9996,4.5956,4.5181,5.1508
 ENSMUSG00000104031,4.0826,3.9337,4.2466,4.3033,4.2344,4.7123,4.9565,4.203,3.3831,4.092,5.5175,4.6993
 ENSMUSG00000094870,10.8461,10.8053,10.8201,10.8613,11.1884,11.3209,11.5277,11.5092,10.9391,11.0752,12.5641,12.0184
 ENSMUSG00000074213,5.649,6.0315,5.649,6.2785,5.5695,5.2574,5.5445,6.1373,5.8283,6.024,4.5181,4.6993
 ENSMUSG00000031004,13.045,12.3484,12.513,11.3628,12.0126,11.5474,11.2298,11.5123,11.6666,11.6979,12.4306,11.8835
 ENSMUSG00000022818,5.3053,5.1049,5.172,4.6657,6.5287,5.8969,4.814,4.9615,4.9232,5.1842,4.596,4.9245
 ENSMUSG00000018698,3.7539,3.5702,3.6483,3.5932,4.7228,5.3297,3.5309,3.7484,4.1103,4.092,3.7047,3.7315
 ENSMUSG00000039358,5.3998,5.4619,5.5289,5.0238,4.2344,5.2574,4.4672,3.9271,5.6803,4.758,5.0867,5.0425
 ENSMUSG00000084989,4.7691,5.1386,5.649,4.5571,4.8002,5.8006,4.5639,4.6008,4.7993,3.9948,4.2461,4.2163
 ENSMUSG00000082585,10.9547,10.4904,10.8502,10.3868,10.2972,10.6228,10.7819,10.6547,10.1652,10.7692,12.1343,11.4976
 ENSMUSG00000027533,8.221,8.0504,8.8257,8.2377,8.8251,8.7641,8.9153,8.5814,7.8243,8.4634,9.2408,9.8079
 ENSMUSG00000071303,3.9338,4.3887,5.1304,5.4527,4.4554,4.821,4.8873,5.7782,4.842,4.3368,5.5539,4.8392
 ENSMUSG00000048537,5.649,6.0825,5.8115,5.4807,6.707,7.1049,5.9536,5.877,6.2117,5.7172,5.3614,6.7794
 ENSMUSG00000050526,3.7539,4.3255,3.9381,3.8623,5.1287,4.821,4.113,4.203,4.1103,4.2614,2.9238,4.2895
 ENSMUSG00000096726,3.8488,4.5052,4.1542,3.5932,4.4554,4.3101,4.113,4.3167,3.8312,4.092,5.5539,5.0796
 ENSMUSG00000018634,3.6451,4.611,4.0523,3.9687,4.7228,5.4635,4.6531,3.9271,4.1103,4.3368,3.4793,4.5411
 ENSMUSG00000029482,9.6785,9.8205,9.8993,10.1069,9.9726,10.1692,10.0788,10.1543,9.949,10.007,11.4262,11.2356
 ENSMUSG00000005364,10.9585,10.9365,10.8707,11.1738,10.1669,10.5446,10.0897,10.2019,11.2984,11.3226,9.7843,10.0228
 ENSMUSG00000056313,5.0937,4.922,5.2513,5.0238,5.2923,5.4635,5.2561,4.3167,5.3545,6.1554,4.4346,6.0706
 ENSMUSG00000076556,9.3831,9.0834,9.7921,8.356,9.0644,8.7452,8.4974,10.1687,8.6145,8.7803,9.0244,8.5774
 ENSMUSG00000078864,3.9338,3.7122,4.8485,4.0637,4.2344,4.4604,4.2447,3.7484,4.962,2.9238,4.0154,4.4223
 ENSMUSG00000022582,5.1499,4.3255,3.9381,3.5932,4.5515,4.9209,4.4672,3.9271,3.5706,3.4115,3.8746,4.052
 ENSMUSG00000026938,12.0249,11.8082,12.3656,12.1512,12.0164,11.4128,12.1367,11.5211,11.4433,10.9058,10.5333,11.4501
 ENSMUSG00000020571,12.1408,11.9531,11.9869,11.5037,12.3307,12.054,12.5072,12.5895,11.6617,11.6429,13.4015,12.7786
 ENSMUSG00000027111,10.2462,10.4253,10.242,10.4864,9.8751,9.7675,10.055,10.028,10.4395,10.4587,8.8031,9.1002
 ENSMUSG00000021040,9.2969,9.134,9.2389,8.9985,9.2474,9.272,9.7786,9.7494,9.2229,9.2287,10.7803,10.3496
 ENSMUSG00000060470,5.0937,4.2584,4.2466,4.3033,4.8002,5.6423,5.1443,4.6819,4.5062,4.2614,5.7227,5.3135
 ENSMUSG00000029413,10.3815,10.2214,10.3848,10.2751,9.1956,9.2808,9.2486,8.9775,10.2234,10.1617,9.4573,9.4314
 ENSMUSG00000048965,9.8068,9.8963,9.6677,10.4797,10.3216,10.715,9.3576,9.4198,9.9216,9.9027,8.7883,9.2866
 ENSMUSG00000072621,8.0022,8.1324,8.258,8.7369,8.8672,9.4306,8.3841,8.2115,9.0222,8.4198,7.3066,8.4148
 ENSMUSG00000079382,4.6527,4.2584,4.618,4.9433,4.7228,5.3297,3.7763,3.5108,4.7993,4.4073,4.1375,3.7315
 ENSMUSG00000034810,4.429,4.9983,4.2466,4.3724,4.873,5.6971,4.5639,4.203,5.5395,3.886,4.6691,5.0425
 ENSMUSG00000029428,8.5566,8.4717,8.4026,8.4822,7.4465,7.6722,7.3407,7.3333,8.6059,8.6512,7.5805,7.7377
 ENSMUSG00000003346,10.4003,10.1806,10.3859,10.4038,9.5532,9.1949,10.008,10.1101,10.5406,10.5709,11.3451,10.5963
 ENSMUSG00000105480,4.8755,4.3887,4.618,4.9842,3.5259,3.6367,4.2447,4.3167,4.8833,5.0302,5.1847,4.9245
 ENSMUSG00000025504,4.6112,4.3887,3.9381,4.0637,5.3911,5.2574,4.113,4.8972,3.8312,4.4735,3.7047,4.5411
 ENSMUSG00000026482,11.0727,11.025,11.2347,11.3778,11.5978,11.2465,11.9029,11.8194,10.9734,11.2514,9.8605,10.6702
 ENSMUSG00000031385,5.9393,5.9047,5.9338,5.3653,6.1153,6.0717,4.6531,4.6008,5.4892,5.5339,5.5539,4.8392
 ENSMUSG00000063885,4.429,4.1867,4.1542,4.3033,5.438,5.3297,4.3616,5.0811,3.9343,4.092,4.0154,5.0796
 ENSMUSG00000030884,11.6302,11.3856,11.5483,11.2278,11.8628,11.6185,12.1371,12.1581,11.4581,11.572,13.0736,12.5763
 ENSMUSG00000062184,4.9417,5.6563,5.4972,4.8122,5.9023,5.6423,6.077,5.1371,6.5968,5.1473,5.1847,6.1227
 ENSMUSG00000001105,9.5188,9.3566,9.4592,9.2518,9.6088,9.4619,10.1094,10.1941,9.3705,9.516,11.0215,10.419
 ENSMUSG00000026873,8.2641,8.0755,8.1775,8.1643,7.6141,7.8002,7.4797,7.5254,7.9699,7.8638,9.3681,8.7833
 ENSMUSG00000078570,6.4825,6.2403,6.4881,6.3246,6.7971,6.6665,7.2529,7.2987,6.6313,6.4892,7.9763,7.5308
 ENSMUSG00000081272,5.2299,4.9983,5.4314,5.6374,4.2344,4.1352,5.0222,5.1371,5.635,5.4169,5.9561,5.3734
 ENSMUSG00000045007,6.5441,6.4863,6.0463,6.3094,5.438,5.0135,5.0847,5.386,6.1652,6.1554,5.4021,5.6387
 ENSMUSG00000071708,10.8118,10.8676,10.8834,10.941,11.0123,11.0495,11.5001,11.465,11.0619,11.1488,12.4975,12.1774
 ENSMUSG00000101066,4.149,4.882,4.5528,4.5571,5.3911,5.8006,4.113,4.5137,4.7551,4.4735,4.4346,3.8525
 ENSMUSG00000084319,12.2963,11.9556,12.3733,12.0626,12.1829,12.2324,12.2087,13.4597,11.9409,12.2876,11.8955,11.0326
 ENSMUSG00000042265,6.7754,6.5112,6.5347,6.0038,6.3249,7.2195,6.7647,5.6718,6.1494,6.1374,5.3614,5.6387
 ENSMUSG00000043633,5.0647,4.922,4.4837,4.6657,5.6895,6.0717,4.6531,5.2423,4.3264,5.3544,5.3194,5.732
 ENSMUSG00000022623,6.2053,6.6742,6.1504,6.2147,6.9145,7.0646,6.4844,5.5159,6.842,6.6497,5.3194,6.6908
 ENSMUSG00000028036,4.0112,4.5052,4.1542,3.74,4.873,5.3297,3.5309,4.075,3.7128,4.2614,3.8746,3.5861
 ENSMUSG00000061474,8.358,8.1717,8.133,7.9958,8.5224,8.353,8.8823,8.7868,8.1775,8.2885,9.7712,9.3545
 ENSMUSG00000107836,4.2113,4.0258,3.6483,4.1501,4.873,5.4635,3.9606,4.5137,3.8312,4.092,3.4793,4.2163
 ENSMUSG00000024099,10.5667,10.3261,10.5186,10.1349,10.8789,10.6434,11.0806,11.13,10.437,10.4827,11.9212,11.6379
 ENSMUSG00000033033,11.1733,11.2513,11.1197,11.3226,11.2509,11.0649,11.6996,11.9004,11.2515,11.2347,10.1596,10.0138
 ENSMUSG00000018379,13.368,13.3294,13.3022,13.1117,13.3576,13.3673,13.851,13.9294,13.3169,13.3811,14.9411,14.3414
 ENSMUSG00000046593,4.429,4.1867,4.0523,3.9687,4.4554,4.821,3.7763,3.9271,4.8833,5.4169,3.8746,5.1157
 ENSMUSG00000015316,10.6409,10.621,10.4856,10.8194,9.6261,9.6434,9.9254,9.781,10.9027,10.8631,11.0728,10.8784
 ENSMUSG00000075271,7.7309,7.5212,7.4994,7.1581,7.7731,7.5018,8.324,8.4457,7.5412,7.6787,8.9565,8.5081
 ENSMUSG00000041797,8.3088,8.8755,8.5862,8.0914,8.2382,7.9513,7.6464,6.9863,8.5886,7.7392,7.3973,7.9474
 ENSMUSG00000020739,10.5494,10.4693,10.4243,10.3733,10.7032,10.6654,11.0241,11.0325,10.4761,10.5141,12.1295,11.59
 ENSMUSG00000017466,9.0167,9.128,9.4712,9.4171,8.9161,8.5184,8.7964,8.4872,8.834,8.9585,7.4359,8.4353
 ENSMUSG00000002668,11.611,11.8256,11.5432,11.8404,11.0337,11.0418,10.8833,11.0246,11.7579,11.6409,10.2406,10.4852
 ENSMUSG00000109228,3.6451,3.9337,4.0523,4.3033,4.5515,4.821,5.0222,5.2423,3.5706,4.1803,4.738,4.7477
 ENSMUSG00000025348,4.0112,3.5702,3.9381,3.5932,4.8002,5.3297,4.6531,4.6819,4.7093,3.9948,4.2461,4.6488
 ENSMUSG00000024053,7.9314,7.3187,7.568,6.9402,7.6239,7.5018,7.4234,6.4447,6.8322,7.1996,6.0088,7.1632
 ENSMUSG00000022051,11.3838,11.3483,11.3292,11.7521,10.5747,10.4773,11.04,11.0552,11.4992,12.3829,10.6463,10.9801
 ENSMUSG00000031150,3.8488,3.5702,3.9381,3.8623,5.0694,4.9209,4.3616,4.3167,3.5706,3.886,4.6691,4.8825
 ENSMUSG00000035722,11.4345,11.7216,11.4399,11.8047,10.7568,10.7198,10.6788,10.8315,11.9192,11.6605,10.551,10.5271
 ENSMUSG00000092077,5.3768,5.5626,5.2893,4.9842,6.2754,6.4945,5.0222,5.2423,5.2967,5.1842,4.5181,5.4024
 ENSMUSG00000063015,12.1572,12.1011,12.2427,12.3068,11.13,10.8919,11.2452,11.2853,12.258,12.4249,11.8125,11.5506
 ENSMUSG00000037762,9.031,9.0627,9.6625,9.0695,8.7818,8.1661,8.5922,8.2603,8.7533,8.6792,7.6881,8.0879
 ENSMUSG00000029352,4.6927,4.882,4.7387,5.4807,5.6107,5.9427,5.1443,4.203,5.2667,4.5956,4.2461,4.7477
 ENSMUSG00000070979,4.8755,4.922,4.7948,5.1358,5.3911,5.7498,5.408,5.0227,4.962,4.9014,6.4497,6.1227
 ENSMUSG00000025215,4.3786,4.4484,4.0523,3.5932,4.9419,4.1352,4.4672,3.9271,5.1062,4.4073,3.7047,5.3135
 ENSMUSG00000025083,5.1221,5.3531,5.2513,4.4373,5.9348,5.6423,5.6284,4.8295,5.9437,5.1473,4.9807,6.3432
 ENSMUSG00000041264,11.2414,11.3814,11.2976,11.5829,11.604,11.8069,11.9268,11.83,11.562,11.5071,13.1428,12.4225
 ENSMUSG00000032392,6.8824,6.9712,6.7344,7.2946,5.7273,6.1122,5.8184,6.357,6.964,7.0547,5.9561,6.2529
 ENSMUSG00000103766,4.0112,4.1096,3.6483,3.74,4.873,4.9209,4.7362,4.6008,3.7128,3.886,4.8652,5.0044
 ENSMUSG00000039221,10.2354,10.1835,10.509,10.2943,9.9493,9.8437,11.3537,10.8132,10.7738,10.5508,11.6146,10.8915
 ENSMUSG00000016128,4.841,4.3887,4.4102,4.0637,4.873,5.987,4.6531,4.5137,4.2593,4.6522,5.0867,5.4307
 ENSMUSG00000047793,8.5665,9.2524,8.8194,8.5349,8.0898,8.0369,7.931,7.4219,9.0521,8.39,7.8322,8.6523
 ENSMUSG00000040808,5.2807,5.6335,5.1304,5.9057,5.5695,4.7123,4.814,4.8295,6.0503,5.7415,4.596,4.5411
 ENSMUSG00000034432,9.8778,9.8031,9.7436,9.8439,9.8792,9.9468,10.5833,10.6444,9.8531,10.0314,11.4208,10.8424
 ENSMUSG00000060890,3.9338,4.3255,3.4387,4.1501,4.8002,5.5853,4.5639,4.203,4.3896,4.4073,4.6691,4.9245
 ENSMUSG00000034247,11.4234,11.6073,11.4976,12.0673,11.3214,11.3209,11.1341,11.1681,11.6058,11.5733,10.3441,10.1574
 ENSMUSG00000038319,4.149,4.4484,3.8066,4.1501,4.6402,5.5257,4.3616,4.5137,4.2593,3.4115,3.7047,4.052
 ENSMUSG00000030870,11.1224,11.2641,11.2411,11.3514,11.2737,11.2907,11.7502,11.7008,11.2358,11.1191,12.9956,11.9776
 ENSMUSG00000037720,10.5599,10.5136,10.5798,10.4771,10.291,10.188,10.7342,10.6421,10.6456,10.5347,12.2907,10.9081
 ENSMUSG00000030786,9.6475,9.4362,9.3139,9.3209,10.0125,10.1357,9.7121,9.0064,9.2798,8.9686,8.0893,9.2408
 ENSMUSG00000026755,12.5345,12.451,12.3432,12.6294,11.7533,11.5318,12.0493,12.1609,12.6877,12.8621,13.3755,13.1198
 ENSMUSG00000109236,4.9417,5.1715,4.618,5.0995,3.9523,4.3101,4.113,3.9271,5.1399,4.9014,5.5894,4.8825
 ENSMUSG00000020926,6.9137,7.0662,6.8976,7.4945,7.7097,8.3446,7.2786,6.9269,8.3104,7.5496,7.0197,8.0034
 ENSMUSG00000066800,10.6964,10.6896,10.617,10.6932,10.5734,10.7878,10.2931,10.4241,10.4737,10.5725,8.9231,9.7312
 ENSMUSG00000096824,3.6451,4.3255,3.9381,3.9687,4.1036,4.3101,3.7763,5.596,3.7128,4.758,4.1375,4.1376
 ENSMUSG00000031129,9.8478,9.9057,10.1155,9.7284,9.6431,9.3864,9.2453,9.0064,9.6508,9.4615,8.1251,9.0075
 ENSMUSG00000093963,4.3257,5.0348,4.7387,4.7165,4.2344,5.5853,4.7362,4.7579,4.1875,3.4115,4.6691,4.2163
 ENSMUSG00000039621,11.936,12.1305,11.9542,12.5742,11.5515,11.5931,11.1174,11.116,12.132,12.1218,10.8263,11.2101
 ENSMUSG00000071068,11.9395,11.8575,11.8735,12.3361,10.9363,10.9917,11.4588,11.4997,12.2224,12.5367,11.6436,11.0129
 ENSMUSG00000031378,10.9181,10.9658,10.9355,11.4652,10.1397,9.9047,10.3287,10.4624,11.2652,11.3764,10.2159,10.2109
 ENSMUSG00000045328,9.8417,9.2992,9.5103,8.8452,9.0091,8.6802,7.9941,8.2361,8.834,8.8228,8.7696,8.2549
 ENSMUSG00000098037,3.9338,4.1096,3.8066,4.3724,4.7228,5.0999,4.814,3.9271,3.9343,3.7608,3.4793,4.965
 ENSMUSG00000022836,6.6598,7.0409,7.0226,6.5606,7.4465,7.8484,7.0295,6.6053,7.3688,7.0736,5.9013,7.6409
 ENSMUSG00000049410,4.429,4.5593,4.2466,4.4373,4.3505,5.0135,2.9238,4.3167,4.842,3.886,3.8746,4.2895
 ENSMUSG00000056917,13.4198,13.46,13.2984,13.5649,12.7266,11.7415,12.8171,13.1115,13.5099,13.49,13.608,12.9274
 ENSMUSG00000001025,8.2053,7.7253,7.9339,7.7779,7.4575,7.8002,8.2353,8.1285,7.7113,7.9786,6.2464,7.3906
 ENSMUSG00000022466,9.109,8.9986,9.1324,8.982,9.4574,9.4067,9.6176,9.7621,8.9312,9.1307,10.5532,10.3342
 ENSMUSG00000026664,10.0581,9.9345,10.0572,9.8308,9.0054,8.9411,9.1619,9.3955,9.9158,10.0742,8.762,8.8018
 ENSMUSG00000026576,8.6243,8.7065,8.4109,9.3887,7.9401,8.6465,8.3841,8.2177,9.2285,9.7614,8.2274,8.4952
 ENSMUSG00000025478,4.2113,4.2584,4.3315,4.2295,5.0694,5.0135,4.2447,4.5137,4.5062,4.3368,2.9238,4.5411
 ENSMUSG00000047735,14.2894,14.2555,14.2794,14.1266,13.0548,12.9284,13.3729,13.5773,14.3709,14.4694,14.1377,13.7637
 ENSMUSG00000086688,3.8488,4.2584,4.3315,3.3992,4.7228,5.0999,3.7763,4.4196,4.1103,3.7608,4.9243,4.8392
 ENSMUSG00000032436,10.615,10.5946,10.6152,10.7141,9.5325,9.3493,9.9112,10.1462,10.7732,10.9313,10.9536,10.524
 ENSMUSG00000076608,9.3887,9.2246,9.0813,8.7785,9.2379,9.4107,8.5665,10.7377,8.915,9.1903,9.281,9.0546
 ENSMUSG00000023968,6.8422,7.2319,6.721,7.1749,6.6692,6.6665,6.7091,7.0846,6.676,6.4606,5.8149,5.4024
 ENSMUSG00000059089,10.3801,10.1366,10.5311,9.4276,10.2972,9.8318,9.6596,9.1394,9.142,9.6384,9.1101,9.1024
 ENSMUSG00000073725,12.2705,12.4706,12.4142,12.5681,11.3857,11.2972,11.4609,11.4831,12.5658,12.549,11.9364,11.4693
 ENSMUSG00000028568,10.3745,10.1864,10.3223,10.1996,10.5256,10.462,11.1958,11.1576,10.274,10.4658,11.698,11.466
 ENSMUSG00000022300,10.1666,10.0923,10.2102,9.9349,10.2895,10.4464,10.692,10.6513,10.1426,10.1672,11.6866,11.3312
 ENSMUSG00000026587,5.3534,5.701,5.7857,6.2785,6.2499,6.844,5.6686,4.7579,6.1333,5.386,5.8443,5.732
 ENSMUSG00000095127,10.8642,10.7323,10.4376,9.681,10.3351,11.1125,9.7354,10.0507,9.6098,9.6759,9.9262,9.64
 ENSMUSG00000030298,10.7761,10.6457,10.8295,10.5661,10.9064,10.7769,11.4623,11.5606,10.7661,10.8819,12.227,11.8326
 ENSMUSG00000032050,11.5988,11.5831,11.5901,11.5509,11.8481,11.9572,12.1471,12.2229,11.6176,11.8193,13.2544,12.753
 ENSMUSG00000045348,4.4774,3.9337,4.5528,4.9011,5.0694,5.3297,3.5309,4.203,4.4494,4.5362,3.7047,4.2895
 ENSMUSG00000046321,8.1174,7.8075,8.2112,7.628,8.7051,8.1373,7.7042,7.7893,7.1884,7.2914,6.6768,7.8438
 ENSMUSG00000005510,10.2347,10.1346,10.2066,10.1166,10.1534,10.188,10.8895,10.8594,10.2466,10.3252,11.7538,11.2239
 ENSMUSG00000084893,5.4224,5.2348,5.172,5.8219,5.6895,6.03,5.8184,5.5565,5.41,6.4314,6.8866,6.4418
 ENSMUSG00000102051,5.827,4.7982,5.0431,4.9433,5.6107,5.987,5.2561,4.9615,4.4494,4.9458,4.1375,5.1508
 ENSMUSG00000035456,6.1266,6.5716,6.4234,6.8595,7.2311,7.3255,6.393,6.7496,6.5374,6.1908,5.3194,6.2683
 ENSMUSG00000055421,4.8056,4.7982,4.618,4.6126,5.4832,5.8496,5.1443,4.7579,5.41,4.9887,4.5181,6.1893
 ENSMUSG00000050957,6.6598,6.4737,6.2844,6.0956,5.24,5.3297,5.1443,5.2919,6.0157,6.1554,5.5539,5.4307
 ENSMUSG00000018459,5.1771,5.5381,5.3972,5.778,5.3911,5.3297,5.1443,4.7579,5.3825,6.6113,4.596,4.7943
 ENSMUSG00000068604,3.6451,3.8306,3.8066,3.5932,5.1287,4.4604,4.5639,4.9615,4.7093,3.9948,4.596,4.6993
 ENSMUSG00000026594,14.3199,14.4576,14.3082,14.6207,13.3075,13.2649,13.3374,13.6818,14.5746,14.6485,14.0665,13.8703
 ENSMUSG00000052336,8.0345,8.0292,8.1076,8.5219,8.7004,8.8375,7.6947,7.6405,8.0898,8.6097,6.9279,8.1758
 ENSMUSG00000055805,12.5381,12.7648,12.556,13.2332,12.0159,12.043,11.6661,11.8396,12.8539,12.8688,11.8729,11.7227
 ENSMUSG00000020758,6.3391,6.6066,6.0677,6.8491,6.8317,7.0646,6.7647,6.6241,6.5495,6.7237,7.7118,7.9522
 ENSMUSG00000076619,8.5467,8.3014,8.2854,8.3301,8.5065,8.789,7.8479,9.1296,8.2492,8.2011,7.4263,7.2353
 ENSMUSG00000032714,6.1533,5.9785,5.4972,6.5217,5.2923,5.6971,5.5871,5.6344,6.5733,7.0642,5.9827,6.4553
 ENSMUSG00000053158,10.0994,9.9927,9.9529,10.2118,9.6358,9.4734,9.2159,8.992,10.0432,10.1451,8.5978,9.1854
 ENSMUSG00000027937,10.1272,10.057,10.1544,10.0446,10.1985,10.2498,10.9414,10.9042,10.1287,10.3004,11.5844,11.254
 ENSMUSG00000013662,10.8369,10.7297,10.8864,10.7591,10.8634,10.9783,11.3974,11.242,10.7764,10.826,12.395,11.9384
 ENSMUSG00000082180,6.0994,6.4222,6.0677,6.9005,6.7437,6.1898,6.345,5.9692,5.9251,5.7889,4.9243,5.5125
 ENSMUSG00000009350,6.5934,6.6408,6.4722,6.7518,7.008,7.6722,6.5493,5.7436,6.73,6.3556,5.7848,6.0347
 ENSMUSG00000049122,4.8755,4.7082,4.6798,4.9011,6.1433,5.8006,4.6531,4.4196,4.7993,4.9014,4.4346,4.5411
 ENSMUSG00000022037,6.8258,6.6408,7.1375,6.5606,7.2942,7.0646,6.9359,6.2875,6.8322,7.37,5.4417,7.155
 ENSMUSG00000074619,5.9996,6.4222,6.0889,6.2941,5.438,5.8969,5.455,5.4307,6.2568,6.292,4.6691,5.3438
 ENSMUSG00000031494,5.5301,5.0703,5.3622,6.0413,5.6107,5.7498,6.3692,6.2144,6.7193,6.6113,6.3517,6.4281
 ENSMUSG00000108518,4.0112,4.2584,3.9381,4.2295,5.1855,4.5931,4.8873,4.7579,4.2593,4.1803,5.4417,5.3734
 ENSMUSG00000032554,12.6519,12.9408,12.9844,12.8853,12.3971,11.5151,12.531,12.1044,12.7033,12.3366,11.3477,12.1456
 ENSMUSG00000005470,8.4461,7.7975,8.0288,7.3472,7.6722,7.0646,7.723,7.5354,7.5532,7.7213,9.0117,8.3188
 ENSMUSG00000015970,5.5709,5.5381,5.4647,6.1649,5.24,6.3671,5.6284,5.1907,6.3147,6.3556,6.6768,6.5082
 ENSMUSG00000032965,6.6598,6.7387,6.5194,6.586,7.205,7.3592,6.6513,7.2631,6.6649,7.1016,7.825,8.1718
 ENSMUSG00000033847,5.723,5.5131,5.7053,5.4527,5.1287,5.9427,5.1443,5.1371,5.0361,5.2889,6.9679,5.4858
 ENSMUSG00000092300,4.3786,4.5593,4.5528,4.8574,5.0694,5.3297,5.5005,5.7436,5.1062,4.8554,6.0597,5.6626
 ENSMUSG00000029915,6.0855,5.1386,5.2513,5.239,5.1287,5.987,5.3087,5.0227,4.842,4.9014,4.1375,5.732
 ENSMUSG00000103986,4.7315,4.7082,4.9972,4.4988,4.5515,4.821,4.2447,2.9238,4.6121,4.758,4.5181,4.4833
 ENSMUSG00000006546,3.6451,4.611,4.5528,4.6657,5.1287,5.5257,4.7362,4.9615,4.6617,3.9948,4.0154,5.0044
 ENSMUSG00000078931,7.631,7.6155,7.756,7.9816,7.7907,7.8124,8.3664,8.624,7.8537,7.8253,9.2757,8.7645
 ENSMUSG00000107505,4.6927,5.2953,4.8485,4.7653,4.8002,4.4604,4.9565,4.7579,5.0361,4.4735,6.4685,5.0044
 ENSMUSG00000081559,4.27,4.4484,3.6483,4.2295,4.7228,4.3101,4.2447,2.9238,4.1875,4.9887,4.5181,3.9579
 ENSMUSG00000038564,10.2915,10.492,10.1219,10.4704,9.3753,9.4541,9.4505,9.6058,10.2055,10.2232,9.037,9.1548
 ENSMUSG00000030688,9.3277,9.3169,9.2666,9.2399,8.9201,8.8902,9.1272,9.3735,8.9918,9.1441,8.0339,7.7211
 ENSMUSG00000045662,3.6451,4.1096,3.9381,3.8623,5.0072,5.3297,4.4672,3.9271,4.1875,4.2614,4.9243,4.7477
 ENSMUSG00000095040,4.3786,4.2584,3.6483,4.2295,5.438,4.9209,4.6531,4.9615,4.2593,4.092,5.0867,5.1508
 ENSMUSG00000030393,6.3621,5.8267,6.0677,6.3545,5.9976,6.7453,6.9197,6.507,6.782,6.6872,7.704,7.155
 ENSMUSG00000040724,10.3462,10.5082,10.6604,10.4746,10.803,10.3824,9.662,9.7429,10.2704,9.9353,8.9332,9.8248
 ENSMUSG00000001604,5.7049,5.5381,5.6774,5.5613,5.5271,4.821,4.4672,4.5137,5.41,5.5056,4.596,4.4223
 ENSMUSG00000027762,4.149,3.5702,3.6483,4.0637,5.1855,4.5931,4.814,5.0227,4.0265,4.1803,3.8746,3.9579
 ENSMUSG00000084991,4.0112,4.5052,4.8485,4.4988,3.7693,4.9209,4.2447,4.4196,4.4494,4.1803,2.9238,4.2163
 ENSMUSG00000057069,12.6504,12.7195,12.641,12.7762,11.7215,11.6451,11.4581,11.7024,12.7199,12.7827,12.0829,11.8692
 ENSMUSG00000033949,8.0452,8.2908,8.216,8.9508,7.6435,7.9178,7.9941,7.4002,8.5533,8.4012,7.0819,7.5371
 ENSMUSG00000075592,4.7691,4.7082,5.0431,4.4988,4.873,5.8006,5.0222,3.9271,4.962,4.9014,4.0154,5.4585
 ENSMUSG00000004151,6.0575,6.2101,6.1504,6.6353,6.224,5.8496,5.6284,5.2919,6.2117,5.7172,4.738,5.3135
 ENSMUSG00000027875,4.27,4.922,4.4837,3.74,5.0694,5.6423,4.814,4.6819,5.2667,4.5956,4.5181,5.4307
 ENSMUSG00000025732,5.5092,4.882,5.0875,4.9433,5.24,5.181,4.8873,5.2423,5.4369,5.0302,6.6441,6.0706
 ENSMUSG00000052584,5.2299,5.2348,5.2893,4.9433,4.4554,4.821,4.4672,4.7579,5.3825,5.6416,4.0154,4.052
 ENSMUSG00000070803,4.7691,4.3887,4.6798,4.2295,4.6402,4.821,5.1443,4.8295,4.0265,3.7608,3.8746,3.3941
 ENSMUSG00000025492,8.7508,8.312,8.9983,8.7453,8.8837,8.5332,9.3425,8.6788,8.227,8.7832,7.2319,8.3114
 ENSMUSG00000007891,13.2826,13.086,13.7331,12.8583,13.1934,12.516,13.3159,12.884,12.4828,12.542,11.8316,12.297
 ENSMUSG00000087123,3.8488,3.8306,3.4387,3.8623,5.0694,4.821,4.5639,3.7484,3.5706,3.6103,4.3444,4.2895
 ENSMUSG00000030771,4.0112,4.3255,4.0523,4.3724,5.0694,4.5931,2.9238,3.7484,4.0265,4.4073,3.8746,3.8525
 ENSMUSG00000020878,3.6451,4.3887,3.9381,4.3724,5.0072,4.9209,4.5639,4.075,4.4494,4.5956,5.4417,5.1849
 ENSMUSG00000091876,4.5237,5.1049,4.7948,5.3653,4.8002,4.7123,3.7763,5.6344,4.4494,4.9458,5.4802,4.3579
 ENSMUSG00000053980,4.27,4.2584,3.4387,5.1711,4.8002,5.181,4.3616,3.7484,4.5604,3.886,4.3444,4.3579
 ENSMUSG00000027078,10.4715,10.1296,10.1092,10.7219,9.9097,9.9606,9.7168,9.9391,9.9181,11.5532,9.788,10.6038
 ENSMUSG00000007458,12.2677,12.1205,12.2939,11.9904,12.4827,12.3384,12.7442,12.8403,12.1333,12.2023,13.7179,13.2973
 ENSMUSG00000044708,10.5375,10.5273,10.9745,11.1417,11.1039,10.5807,10.4018,10.3668,10.0453,9.9327,9.2784,10.3851
 ENSMUSG00000037820,11.1652,11.0319,11.2937,11.3193,11.1004,10.6671,11.334,10.7812,10.4547,10.8357,9.4409,10.8173
 ENSMUSG00000050840,5.1771,5.6788,5.4647,5.9259,6.1153,6.5542,5.2014,5.1371,5.4369,4.8554,4.738,5.5125
 ENSMUSG00000093904,11.0381,10.8022,11.0786,10.8645,11.08,11.013,11.7358,11.3072,11.1299,11.15,12.5395,12.0511
 ENSMUSG00000000058,4.909,5.0348,5.6199,5.4807,4.7228,4.3101,5.2561,4.8295,5.6803,5.7415,4.1375,5.2825
 ENSMUSG00000020623,8.6685,8.4622,8.4274,8.6618,7.5535,7.763,7.5339,7.8303,8.665,8.7484,7.6228,7.4856
 ENSMUSG00000054404,11.5365,11.5555,11.6549,11.6724,10.981,11.0235,11.2191,10.4805,10.863,11.7788,10.0964,10.8405
 ENSMUSG00000045538,8.4082,8.2213,8.1824,8.0284,8.5171,8.3696,8.8906,8.9368,8.1968,8.5469,9.8265,9.2446
 ENSMUSG00000034845,7.136,7.1554,7.553,6.9693,7.4575,6.844,6.8867,6.507,7.285,7.9885,6.0597,7.6526
 ENSMUSG00000031349,8.2881,8.1717,8.0766,8.0052,8.5536,8.4654,8.8052,8.77,8.094,8.2682,9.5457,9.4913
 ENSMUSG00000046272,4.3786,4.1096,3.9381,3.8623,5.1287,5.5257,4.3616,4.6008,4.1875,4.4073,4.8032,5.1849
 ENSMUSG00000082928,5.4446,5.8663,5.5289,5.6618,4.8002,4.9209,5.2014,4.8972,5.9251,5.6672,4.1375,5.0425
 ENSMUSG00000028402,4.6927,4.922,4.9495,4.5571,5.6507,5.6423,5.1443,4.5137,5.4369,5.1842,4.2461,5.9409
 ENSMUSG00000000690,4.3786,4.1867,4.3315,4.4373,5.3911,5.6423,3.9606,4.3167,4.2593,4.1803,4.1375,4.8825
 ENSMUSG00000035891,12.5722,12.6081,12.5606,12.9476,11.9411,12.0744,12.2273,12.4365,12.8819,13.0895,11.7452,11.3358
 ENSMUSG00000039167,5.0047,4.7982,5.2893,4.9842,5.2923,3.9222,4.5639,4.4196,5.1399,5.6154,4.1375,5.3734
 ENSMUSG00000005610,15.1855,15.5853,15.6022,15.7366,14.5719,14.5326,15.7869,15.2788,15.543,15.2814,16.4438,15.6311
 ENSMUSG00000040296,12.3789,12.3684,12.331,12.5446,11.3638,11.4802,11.4926,11.3109,12.3386,12.6971,11.6083,11.5796
 ENSMUSG00000101751,6.1665,6.4737,5.4314,6.1479,5.3426,5.987,6.0167,6.357,5.998,6.1908,6.2464,4.6488
 ENSMUSG00000029561,9.9091,9.4728,9.8048,9.6633,9.2944,9.876,9.3485,8.4872,9.2322,10.0046,8.4221,9.1194
 ENSMUSG00000021217,4.8056,4.922,5.0431,5.1711,5.3911,6.4322,5.408,5.5159,5.6803,5.22,4.3444,5.6387
 ENSMUSG00000064225,9.9426,10.213,10.1874,9.8876,9.3548,8.7388,9.2192,9.0028,9.5662,9.711,8.7506,9.1257
 ENSMUSG00000044337,8.519,8.0462,8.2064,7.3174,8.0898,8.7952,8.0984,7.9392,7.486,7.6971,8.4028,9.1382
 ENSMUSG00000042066,9.6763,9.8155,8.9363,9.9855,8.7906,9.5113,8.6024,8.6005,9.3586,9.7497,8.6883,8.8331
 ENSMUSG00000023132,9.319,8.5423,9.3725,9.5796,8.4742,9.0634,9.662,8.8558,9.1518,8.2011,8.1192,9.2193
 ENSMUSG00000078897,7.4719,7.1475,6.8494,7.398,7.3428,7.5895,8.481,7.7557,7.1884,7.3312,8.2918,8.3623
 ENSMUSG00000027803,4.909,4.8408,5.5903,4.3724,5.8,5.3982,5.0222,4.6819,5.2667,5.6672,4.3444,5.7764
 ENSMUSG00000097295,10.8904,11.0494,10.9892,11.1644,10.8008,10.7847,10.3887,10.8673,10.9862,10.9538,9.5954,9.6849
 ENSMUSG00000051444,7.3853,7.2394,7.1274,7.1665,7.2566,6.7955,7.6852,7.6948,7.2338,7.2914,8.5936,8.3515
 ENSMUSG00000036185,6.1665,6.1477,6.0677,6.5733,5.0694,5.5257,5.8535,6.2875,6.6978,6.8827,5.5894,6.2987
 ENSMUSG00000018770,10.2097,10.1226,10.3636,10.3975,10.1886,9.966,10.978,10.8545,10.2776,10.3419,11.7103,11.1992
 ENSMUSG00000012443,9.954,9.2487,9.5838,8.8608,8.7143,8.3192,8.5456,8.381,8.8607,8.9015,9.6959,9.1066
 ENSMUSG00000024387,10.6403,10.3579,10.4335,10.3143,10.8181,10.7247,11.0372,11.1536,10.3376,10.6673,11.9724,11.5881
 ENSMUSG00000022427,10.5174,10.3554,10.5528,10.279,10.5936,10.5263,11.135,11.148,10.5518,10.6239,12.0465,11.4192
 ENSMUSG00000022820,7.9044,7.9041,7.9223,7.6817,8.2382,7.763,8.6571,8.161,7.9013,8.0034,9.3175,9.0301
 ENSMUSG00000058126,4.841,4.611,4.4837,4.3724,6.0279,5.2574,5.2561,5.5565,5.1062,5.4169,5.8443,5.3734
 ENSMUSG00000099980,5.6105,4.9607,5.5599,5.5081,4.873,5.6423,5.3592,6.2635,6.0157,5.857,6.7553,5.8404
 ENSMUSG00000062638,5.8102,5.5381,5.8115,6.3692,5.0694,5.4635,4.8873,4.9615,6.3288,6.3556,5.6239,5.5125
 ENSMUSG00000069272,9.224,8.512,9.1374,8.1218,7.8338,7.763,8.2353,7.8464,8.6145,8.4812,9.1101,8.1513
 ENSMUSG00000038648,9.57,9.6654,9.5123,9.5154,9.8054,10.0274,8.8655,8.8755,9.134,9.2475,8.4785,8.3765
 ENSMUSG00000027589,10.6345,10.8954,10.7033,11.0147,9.9669,10.1453,10.4047,10.3401,11.0157,11.0149,9.7599,9.4946
 ENSMUSG00000031951,6.9444,6.8304,6.7737,6.3982,5.9023,5.6971,5.5005,5.4307,6.1333,6.2082,5.7541,5.8611
 ENSMUSG00000054435,13.2159,13.0542,13.0752,12.5566,12.0455,12.1387,11.5143,11.9634,12.8183,12.7199,12.3914,12.2238
 ENSMUSG00000062438,4.149,3.7122,3.9381,4.0637,4.9419,5.4635,4.113,4.203,3.8312,4.5956,4.3444,4.8825
 ENSMUSG00000070873,7.0469,7.5089,7.3077,6.4952,7.6435,6.7706,7.0446,6.2392,6.5006,7.0355,5.8731,6.7358
 ENSMUSG00000081534,10.8446,10.5594,11.0275,11.0106,10.7812,10.1308,10.1376,10.2525,10.283,10.6382,9.1855,10.0363
 ENSMUSG00000049588,9.5991,9.5833,9.5616,9.438,8.6191,8.353,8.5297,8.9141,9.4478,9.4562,8.5104,8.4148
 ENSMUSG00000022103,9.4645,9.7548,9.7616,10.3246,10.1803,9.8198,9.077,8.9738,9.4795,9.2517,8.5416,9.0959
 ENSMUSG00000094076,6.6505,6.6852,6.721,6.4952,5.4832,5.6423,6.345,6.4865,6.4755,6.637,7.2962,7.1467
 ENSMUSG00000058838,5.9848,6.4737,5.649,6.0413,5.2923,6.2271,5.408,6.507,5.6803,6.4892,6.0844,4.8825
 ENSMUSG00000101838,4.5683,4.3887,3.4387,4.4988,3.5259,4.5931,4.2447,4.6008,3.9343,4.2614,5.1847,4.965
 ENSMUSG00000106610,6.0575,6.0991,6.19,6.6232,5.9348,6.3334,5.7455,5.2919,6.4755,6.3242,4.9807,5.2825
 ENSMUSG00000028654,7.1024,6.3411,6.7476,6.9402,5.8,6.5542,6.2698,5.5565,7.1093,7.0258,6.2243,6.9416
 ENSMUSG00000063286,14.7001,14.772,14.6793,14.5508,13.6178,13.631,13.5834,13.6007,14.6629,14.7171,14.1612,13.8108
 ENSMUSG00000028906,12.2959,12.1686,12.0347,12.7271,11.9723,11.9742,11.3317,11.4889,11.8599,13.1339,11.4357,11.9921
 ENSMUSG00000083076,4.5683,4.8408,4.4102,4.1501,5.4832,5.3297,3.7763,4.203,4.5604,3.886,4.2461,4.4833
 ENSMUSG00000020826,3.9338,4.0258,4.4102,4.0637,5.1287,5.0999,4.2447,4.075,4.5604,4.9887,3.4793,4.7477
 ENSMUSG00000063065,9.1472,8.8491,9.1672,9.438,8.2058,8.0576,7.8733,8.3865,9.136,9.2946,8.5893,8.74
 ENSMUSG00000032002,10.4296,10.3191,10.2833,10.121,10.4599,10.2565,10.8442,10.5507,10.4069,10.414,11.9355,11.2849
 ENSMUSG00000076617,18.1744,18.0208,17.9011,16.8925,18.0655,18.5202,16.9341,17.6864,17.1892,17.3967,17.6631,17.2138
 ENSMUSG00000083055,3.8488,4.0258,3.8066,3.8623,5.0072,5.0135,3.5309,4.3167,3.8312,4.3368,4.9243,4.5411
 ENSMUSG00000019732,5.5506,5.4619,5.649,5.2717,5.4832,6.3671,5.6686,6.0558,5.4369,5.6416,6.9547,6.5082
 ENSMUSG00000009941,4.2113,3.7122,3.6483,3.9687,4.8002,5.2574,4.5639,4.8972,3.8312,4.4073,4.5181,4.8392
 ENSMUSG00000027351,9.0954,9.132,9.3618,9.6529,9.4657,9.2226,9.9234,9.5505,9.4154,9.711,10.8691,10.3224
 ENSMUSG00000081052,4.7315,3.9337,4.0523,4.3033,4.5515,4.5931,4.5639,4.9615,3.9343,4.2614,5.4021,5.4858
 ENSMUSG00000025872,9.4763,9.3515,9.439,9.3779,9.8247,9.78,10.0137,10.1909,9.4951,9.6744,10.9444,10.6666
 ENSMUSG00000031119,5.3534,5.6335,5.8862,6.2941,5.6107,5.3297,5.1443,4.6819,5.7025,5.3544,4.3444,5.2508
 ENSMUSG00000000028,8.0835,7.6549,7.7429,7.3909,7.8081,7.7504,7.9707,7.9392,7.2778,7.2669,9.0892,8.4821
 ENSMUSG00000031246,11.5821,11.521,11.7509,11.5938,10.5191,10.2227,10.8833,10.7978,11.4288,11.4295,10.7134,10.5917
 ENSMUSG00000024533,7.9765,7.6604,7.6892,7.6521,7.7005,7.6722,7.7957,7.4002,7.1011,7.6091,8.8888,8.786
 ENSMUSG00000055980,5.723,5.8066,5.4314,6.5477,5.2923,5.7498,5.455,4.8972,6.1171,6.6872,5.4021,5.5125
 ENSMUSG00000058153,4.4774,4.7082,4.7948,4.5571,4.6402,5.3982,3.9606,4.3167,4.4494,3.886,3.4793,3.8525
 ENSMUSG00000041202,9.2036,9.048,9.1696,9.4397,9.1001,9.0377,8.7097,8.6878,8.6316,9.1729,7.4453,9.1465
 ENSMUSG00000019997,4.841,5.3245,5.7594,5.5871,5.6507,6.1122,5.2561,4.3167,5.7025,5.7654,4.9243,5.9016
 ENSMUSG00000055733,5.5301,5.2348,5.3622,4.6657,4.7228,5.3297,4.5639,5.2423,4.5604,4.2614,4.1375,4.052
 ENSMUSG00000030865,4.6527,4.8408,4.7387,5.0622,4.3505,4.821,4.2447,3.7484,5.3259,5.1473,3.7047,4.3579
 ENSMUSG00000041482,5.6865,5.8267,5.9571,6.2147,6.6882,6.9804,5.3592,5.2919,5.9801,5.943,5.3194,5.9409
 ENSMUSG00000011486,3.5148,3.8306,3.4387,3.5932,4.3505,3.9222,5.3592,4.3167,3.7128,3.886,4.1375,4.052
 ENSMUSG00000033952,9.6075,8.9986,9.1474,8.2847,8.9201,9.4345,8.2089,8.2663,8.4353,8.523,9.5933,8.9229
 ENSMUSG00000051256,9.0574,8.9177,8.9983,8.9749,9.1723,9.2042,9.6326,9.6454,8.8775,9.1553,10.5411,10.0574
 ENSMUSG00000000399,10.1247,9.9594,10.1704,9.9115,10.0088,9.9551,10.7295,10.7885,9.9859,10.0553,11.4984,10.9514
 ENSMUSG00000106256,4.7315,4.7982,4.7387,5.4527,4.2344,4.3101,4.5639,4.7579,5.5395,5.7415,4.2461,4.4223
 ENSMUSG00000041309,4.909,4.9607,4.7387,5.1358,4.4554,4.4604,3.5309,4.203,4.6617,5.4169,4.0154,4.3579
 ENSMUSG00000031354,4.7691,5.1386,4.9972,4.9011,5.1855,5.181,5.3592,5.386,4.842,4.6522,3.4793,4.4833
 ENSMUSG00000032109,7.3797,7.2975,7.1965,7.2078,7.5841,7.3592,7.4686,7.6032,6.9459,6.9251,5.9827,6.2054
 ENSMUSG00000081979,5.0937,5.7653,5.6199,6.3692,6.0279,6.6665,5.5871,5.0811,5.998,5.5616,5.276,5.0796
 ENSMUSG00000025001,10.2803,9.8951,9.9922,10.0469,10.112,9.966,10.2025,10.0507,9.9467,10.0009,11.5806,11.0438
 ENSMUSG00000107035,3.7539,4.1867,4.1542,3.9687,5.0694,4.4604,4.113,4.6819,4.1875,3.7608,5.4802,4.4833
 ENSMUSG00000021294,4.429,3.9337,3.9381,4.1501,4.9419,5.2574,3.5309,4.3167,3.8312,4.2614,3.7047,4.6993
 ENSMUSG00000020653,9.2441,9.8043,9.1891,9.5843,9.1036,9.5001,8.9355,9.1491,9.5911,9.5669,7.9366,8.5987
 ENSMUSG00000029162,8.0166,8.0033,8.0449,8.0005,7.2818,7.2557,7.3648,7.4219,8.0225,8.0278,6.5054,6.9888
 ENSMUSG00000024544,7.6025,7.8805,7.8447,7.6581,7.574,7.4866,6.8699,6.9569,7.8391,7.622,6.3517,6.6561
 ENSMUSG00000031955,4.7691,4.5593,4.7948,4.2295,5.6107,5.6423,4.8873,4.5137,5.1399,4.9014,3.8746,5.1508
 ENSMUSG00000039899,9.3929,8.5513,9.1672,8.3778,8.4187,9.0009,8.6325,8.0051,8.3927,7.9836,7.6961,8.0171
 ENSMUSG00000033629,10.2238,10.1524,10.3431,10.1413,9.739,9.8407,10.4406,10.3344,10.2374,10.1135,11.6655,10.972
 ENSMUSG00000084177,4.6527,4.1867,4.8485,3.74,5.4832,5.3297,3.9606,4.8972,4.842,4.5362,4.9807,4.6993
 ENSMUSG00000067882,3.9338,3.8306,3.9381,4.1501,4.6402,4.4604,4.814,4.8295,3.8312,3.9948,5.4417,4.7477
 ENSMUSG00000031377,5.1221,4.3887,4.0523,4.4373,5.7273,5.3982,4.6531,4.203,4.6617,4.4735,4.1375,4.5411
 ENSMUSG00000001768,7.5336,7.6932,7.6335,7.7996,8.0826,7.4713,7.9065,7.7212,7.2993,7.7153,6.0597,7.2586
 ENSMUSG00000070732,5.5092,5.2348,6.19,5.5871,5.4832,6.0717,6.1062,5.7082,5.1062,5.2549,6.6275,6.5593
 ENSMUSG00000062480,7.0749,7.0324,6.8737,7.1665,7.165,7.4713,7.8045,7.7386,7.2188,7.2337,8.6147,8.1136
 ENSMUSG00000037432,7.3049,7.7306,7.6263,7.9333,7.205,7.3921,7.2136,7.0846,7.7638,7.8584,8.9989,7.3976
 ENSMUSG00000050578,4.6927,4.6606,5.4314,5.239,4.6402,5.2574,5.9536,5.1907,4.3264,6.024,5.276,5.1508
 ENSMUSG00000095061,8.3636,8.9942,8.7879,9.4552,8.5588,8.4498,8.4075,8.161,8.9266,8.6668,7.589,7.8023
 ENSMUSG00000021573,7.5685,7.7147,7.9048,7.9333,6.7971,6.4,6.9519,7.0151,8.0354,7.7093,7.3375,7.2196
 ENSMUSG00000023072,10.1634,10.2584,10.1294,10.7515,9.5167,9.7423,9.6449,9.6292,10.5436,10.7131,9.2327,9.4683
 ENSMUSG00000104185,4.5237,4.6606,4.7948,4.7165,3.9523,4.3101,3.9606,2.9238,4.5604,4.3368,4.596,4.1376
 ENSMUSG00000096942,3.9338,4.5593,4.4102,4.8574,4.4554,4.1352,3.9606,2.9238,4.5062,4.4735,4.8032,4.3579
 ENSMUSG00000037493,6.218,6.1317,6.638,6.4266,5.6507,5.7498,5.7455,5.4739,6.676,6.8934,5.4021,5.6144
 ENSMUSG00000072235,10.6203,10.459,10.699,10.3796,9.6138,9.3535,9.318,9.6994,10.6365,10.5642,10.2621,10.1398
 ENSMUSG00000063830,3.6451,3.8306,4.3315,3.5932,5.0072,4.5931,4.4672,4.7579,4.1875,4.3368,5.1847,4.7943
 ENSMUSG00000039275,10.4852,10.4709,10.4109,10.5661,10.8041,10.7423,10.9721,10.9835,10.4077,10.4333,12.0999,11.4738
 ENSMUSG00000025927,5.827,6.409,6.0677,6.8491,6.5703,7.3084,5.8184,6.1635,6.4499,6.4606,5.4021,5.9409
 ENSMUSG00000005686,9.6323,9.8691,9.6057,10.024,9.1723,9.0937,8.8989,9.0417,9.7773,9.8282,8.3584,8.8586
 ENSMUSG00000106831,9.3233,8.9876,9.1173,8.5701,9.5141,9.272,9.3273,9.7515,8.7815,9.0849,10.4216,9.9582
 ENSMUSG00000039168,8.9894,8.6931,8.6508,8.8478,8.3551,8.3446,7.7598,7.7976,8.5828,8.8532,7.51,7.7432
 ENSMUSG00000025044,6.6411,6.1792,6.6939,6.6594,6.707,6.5831,7.8133,6.357,7.0597,7.0547,7.3066,7.7541
 ENSMUSG00000020427,3.9338,4.1096,4.1542,3.8623,4.5515,5.3982,4.5639,4.5137,4.6617,4.4073,3.4793,4.9245
 ENSMUSG00000106387,5.4224,5.5866,5.6199,6.2147,5.3426,5.0135,5.8535,5.6718,6.0503,6.6995,6.3917,6.4952
 ENSMUSG00000043346,8.1107,8.0797,8.0502,7.9958,7.1785,8.016,6.9359,8.5862,8.0182,8.0423,8.843,8.1051
 ENSMUSG00000030708,9.316,9.2542,9.4572,9.9201,8.3959,8.5184,8.8052,8.5177,9.5243,9.632,9.7195,9.2193
 ENSMUSG00000024424,5.2807,5.2654,5.5599,5.1711,5.9348,6.2271,5.7076,5.0227,5.41,4.4735,4.5181,5.2825
 ENSMUSG00000024402,9.3719,9.2376,9.0444,9.1729,9.0204,9.1185,8.9555,9.2672,9.303,9.1663,10.5177,10.3701
 ENSMUSG00000061815,5.3296,4.611,4.3315,4.7165,5.6107,5.7498,4.9565,4.5137,4.4494,4.3368,4.2461,4.5962
 ENSMUSG00000025804,8.8987,8.357,8.5377,7.6219,7.4353,8.4103,7.8649,7.2869,8.3245,8.2181,8.6355,8.5927
 ENSMUSG00000031861,9.316,9.2615,9.3293,9.644,8.43,8.4959,8.4644,8.8278,9.4414,9.4234,10.0367,9.4978
 ENSMUSG00000046229,9.7995,9.4313,9.5238,9.3001,10.2724,9.7035,9.2486,10.2999,9.4842,9.7526,8.9989,8.4488
 ENSMUSG00000096410,10.7059,9.4775,9.4632,8.8914,9.3158,10.181,9.47,9.954,9.0071,9.3284,9.3303,9.2388
 ENSMUSG00000014543,5.1771,4.7982,4.9,5.0995,4.5515,4.821,5.0847,4.3167,5.635,5.6416,5.8731,5.8815
 ENSMUSG00000096780,8.2851,8.4106,8.2112,8.5574,8.4523,8.6934,8.3484,8.3531,9.6933,9.5998,8.9892,9.1445
 ENSMUSG00000033318,8.6101,8.3295,8.5603,8.1892,7.3898,7.0646,7.6756,7.8059,8.321,8.4526,7.4263,7.797
 ENSMUSG00000027322,9.9464,10.0036,10.1606,10.3311,9.8459,9.6434,9.7492,8.8115,9.5319,9.7215,8.6231,9.296
 ENSMUSG00000032563,10.2781,10.1902,10.2042,10.1014,10.4585,10.4831,10.7952,10.8019,10.2065,10.3193,11.724,11.3779
 ENSMUSG00000067750,4.7315,3.5702,4.4102,4.8574,4.4554,4.9209,5.0222,5.0227,5.3545,4.092,4.8032,5.3135
 ENSMUSG00000051022,8.6337,8.7145,8.7126,8.5795,8.7993,9.3535,7.7136,7.9541,8.1502,8.0755,8.1427,7.5991
 ENSMUSG00000015880,9.1813,8.3364,8.8925,7.9911,8.0826,7.4713,7.822,7.9317,8.1968,7.9685,8.973,8.3443
 ENSMUSG00000096740,8.7421,8.8369,8.7751,8.9115,8.9633,9.0937,9.1891,9.4699,8.9808,9.1794,10.5367,9.749
 ENSMUSG00000052942,8.1539,8.4654,8.682,8.3814,8.9517,8.5034,8.1753,7.8464,8.162,7.943,7.0696,7.5371
 ENSMUSG00000057666,13.5404,13.0369,13.2819,12.7333,13.5077,13.0801,13.4761,13.6558,12.7633,13.097,14.4071,14.1586
 ENSMUSG00000003363,11.2798,11.2799,11.4545,11.385,11.1153,10.6805,10.5164,10.266,10.829,10.8899,9.8676,10.2557
 ENSMUSG00000043445,8.0202,7.7975,8.0661,7.6219,7.3428,7.0646,7.9147,8.0886,8.0008,7.7153,9.1012,8.3765
 ENSMUSG00000053604,10.6537,10.6602,10.6402,10.8451,10.9274,10.926,11.2638,11.3669,10.8726,10.9834,12.2177,11.9592
 ENSMUSG00000050751,4.0826,4.922,4.618,4.9842,5.0072,5.8969,4.2447,4.6008,4.7551,5.1095,4.0154,4.6993
 ENSMUSG00000042759,8.6454,8.3014,8.7458,8.4585,8.8796,8.598,8.0472,7.9242,7.8777,7.9066,7.0197,8.2891
 ENSMUSG00000001525,13.8024,13.4685,13.625,13.3485,13.4832,13.0629,13.431,13.8012,13.4307,13.5595,14.9405,14.4187
 ENSMUSG00000043866,11.3803,11.1702,11.1578,11.0491,11.6984,11.3629,11.7548,11.937,11.0894,11.2725,12.651,12.2916
 ENSMUSG00000039997,14.2255,14.2489,14.1793,14.1084,13.1262,13.012,13.2627,13.2579,14.1576,14.4078,13.9093,13.5016
 ENSMUSG00000015745,11.4539,11.3906,11.4205,11.4322,10.6282,10.4148,10.3575,10.5918,11.6426,11.7864,11.1274,10.6658
 ENSMUSG00000071451,8.4752,8.1756,8.5032,8.2137,8.5171,8.1943,9.055,9.1197,8.4642,8.3518,9.8481,9.1403
 ENSMUSG00000029095,5.9996,5.9604,5.4972,6.2785,6.4191,7.044,5.6686,5.4739,6.1007,5.1842,5.4802,5.798
 ENSMUSG00000046207,6.4506,6.1636,6.4234,5.5613,7.2693,6.7955,6.1348,6.0558,6.3703,6.2082,5.5539,6.9607
 ENSMUSG00000072680,7.4292,7.3257,7.3516,7.8368,7.0958,7.5895,7.2658,7.0151,8.1021,8.6606,7.7733,6.8217
 ENSMUSG00000033124,9.4605,9.5299,9.4632,9.7467,8.8294,8.7515,8.6175,8.6286,9.7027,9.711,8.5591,8.521
 ENSMUSG00000000214,4.27,4.5593,4.618,4.8574,5.1287,4.821,3.5309,4.075,5.1062,4.5362,3.7047,4.2163
 ENSMUSG00000107872,2.9238,3.7122,4.4102,3.8623,3.7693,3.9222,5.0847,4.4196,4.1103,3.9948,3.8746,4.052
 ENSMUSG00000026255,4.9417,4.611,5.0431,4.9433,5.1855,5.0999,4.7362,4.075,4.8833,5.6924,4.1375,5.7543
 ENSMUSG00000078942,9.611,9.7612,9.9286,9.5382,9.777,9.3111,8.8096,8.567,9.7,9.4829,8.3783,9.0435
 ENSMUSG00000076674,8.9391,8.326,8.5263,7.4051,7.6911,8.353,7.3886,7.8303,7.6002,7.6787,7.5805,7.4389
 ENSMUSG00000021832,10.7198,10.5505,10.6982,10.3706,10.8624,10.7831,11.3333,11.1784,10.5791,10.6673,12.0969,11.6485
 ENSMUSG00000036585,7.3741,7.4202,7.5455,7.3022,7.3898,7.1823,7.0742,6.6611,7.0083,6.7357,5.7227,6.6085
 ENSMUSG00000042763,5.9393,5.8856,5.4972,6.1983,6.4191,6.6392,6.1903,6.4015,5.7243,6.4749,7.0696,7.1957
 ENSMUSG00000031428,9.3306,9.136,9.0787,9.1285,8.0243,8.3613,7.9229,8.1481,8.9696,9.3205,8.6962,8.5712
 ENSMUSG00000082630,6.2677,6.6408,6.2094,6.7179,5.5271,6.1515,5.408,5.9391,6.6199,6.9662,5.9561,5.5387
 ENSMUSG00000038481,11.3942,11.4517,11.4169,11.658,10.8572,10.7133,10.8442,11.0317,11.5837,11.716,10.3453,10.2188
 ENSMUSG00000039676,4.4774,4.3255,3.9381,4.4373,4.3505,4.5931,5.1443,4.8295,4.5062,4.8554,5.8443,5.2508
 ENSMUSG00000050493,4.7691,4.3255,4.9495,4.8574,5.0072,4.9209,3.7763,3.5108,4.5062,5.1095,4.6691,5.0044
 ENSMUSG00000036850,9.0714,8.777,8.9704,8.5795,9.189,9.1185,9.3025,9.3707,8.8964,9.1924,10.2939,10.1554
 ENSMUSG00000041809,4.9736,4.9983,5.172,5.4242,4.9419,5.0135,4.2447,3.9271,5.2667,5.1842,4.0154,4.4223
 ENSMUSG00000025776,5.5908,5.8663,6.1097,5.5349,6.0577,5.5853,5.2014,4.8295,5.8482,6.5172,4.8652,6.0165
 ENSMUSG00000061684,6.0575,6.7699,6.3899,6.6831,6.6882,6.3334,6.0167,7.9166,6.8807,6.7116,6.8152,6.1564
 ENSMUSG00000003585,6.429,6.1317,5.9571,4.7165,5.7641,6.03,6.4164,6.2144,5.1062,5.5888,5.6576,5.7543
 ENSMUSG00000024421,4.27,4.1096,4.7948,3.9687,5.0694,5.3297,4.6531,4.6008,4.6617,4.092,3.7047,5.1508
 ENSMUSG00000027002,6.14,5.9604,6.5038,5.5871,6.65,6.2271,5.6284,5.4307,5.5881,6.292,4.8652,6.1227
 ENSMUSG00000038268,9.5239,9.3836,9.3852,9.3797,9.4928,9.4773,9.8249,9.9503,9.2834,9.1968,10.9936,10.2089
 ENSMUSG00000020114,11.5718,11.5907,11.5937,11.6705,11.6643,11.8497,12.1614,12.1717,11.6236,11.6613,13.1239,12.7395
 ENSMUSG00000022705,4.9417,5.1715,5.172,4.9842,4.4554,5.0135,4.2447,3.7484,4.7551,4.5362,3.7047,4.3579
 ENSMUSG00000023083,4.3786,4.6606,4.3315,4.7653,5.0694,5.181,5.2561,4.7579,4.6121,4.4073,5.7227,5.8611
 ENSMUSG00000007987,8.849,8.6795,8.7719,8.9677,7.7097,7.9732,7.7688,8.2238,9.1099,9.1816,8.7696,8.5081
 ENSMUSG00000058669,6.8824,7.5983,7.1173,7.9816,7.5222,7.9065,7.2529,6.7667,7.3756,7.0736,6.3718,6.534
 ENSMUSG00000033788,7.9005,8.2213,8.3773,8.3,7.8673,7.4243,7.5655,7.2019,7.8824,7.622,6.6275,7.3039
 ENSMUSG00000008845,10.0901,10.3874,10.0847,10.3633,10.9373,9.9413,10.0825,9.8018,9.8889,9.1262,9.3175,9.3599
 ENSMUSG00000015290,9.0113,8.8539,8.9506,8.946,9.1106,8.9074,9.4364,9.5916,9.0244,9.1729,10.4894,10.0172
 ENSMUSG00000034115,4.5683,4.4484,4.3315,4.9433,5.0694,5.8969,4.2447,3.9271,5.0716,4.6522,4.8652,4.5411
 ENSMUSG00000027488,6.732,6.8005,7.0007,7.0442,6.8145,6.2271,6.3692,5.386,6.6313,6.3711,5.8149,5.9792
 ENSMUSG00000034165,11.408,12.0511,11.9338,12.5662,11.819,12.2078,11.7178,10.8712,11.814,11.8995,11.7802,10.7917
 ENSMUSG00000020317,4.5237,4.4484,4.3315,5.239,4.7228,4.4604,4.113,3.5108,4.5062,3.7608,3.4793,4.1376
 ENSMUSG00000070476,5.488,5.1049,5.5599,5.4807,6.2754,6.2634,5.1443,4.9615,5.1728,4.9014,4.6691,5.0044
 ENSMUSG00000068600,4.8755,4.3255,4.5528,3.9687,3.9523,4.1352,3.7763,3.7484,4.4494,2.9238,4.4346,4.4223
 ENSMUSG00000042834,5.3534,5.2953,5.3263,5.3036,6.1707,6.4322,4.8873,5.2423,5.3545,5.1842,4.5181,5.5896
 ENSMUSG00000040722,7.6072,7.3533,7.9454,7.8157,7.8756,7.3921,7.6365,7.2751,7.2037,6.9763,6.1087,6.9888
 ENSMUSG00000042284,6.8258,6.85,7.0117,6.0227,6.464,6.3334,6.2438,5.9084,6.964,6.3242,5.3614,6.9223
 ENSMUSG00000085139,3.6451,4.1096,4.1542,4.6126,5.3426,4.9209,3.7763,4.075,4.0265,3.9948,4.0154,3.7315
 ENSMUSG00000082082,4.9417,4.4484,5.0431,4.8122,4.5515,4.821,5.455,4.8972,4.4494,5.1095,6.3105,5.0796
 ENSMUSG00000042444,11.9658,12.0253,12.0656,12.2285,10.9224,11.0209,11.2199,11.2152,12.1726,12.2841,11.7245,11.3115
 ENSMUSG00000031075,4.4774,4.611,4.4837,3.8623,5.0694,5.6423,4.6531,4.4196,4.7093,4.092,4.0154,5.1508
 ENSMUSG00000034614,9.8558,10.2298,10.137,10.3913,9.8812,10.3722,9.6449,9.5007,10.3497,10.4703,9.2784,8.8712
 ENSMUSG00000039016,8.7158,8.5333,8.8746,8.3993,8.3959,8.0265,8.9435,8.9255,8.7112,8.763,9.9645,9.4466
 ENSMUSG00000028307,3.8488,4.1867,3.4387,4.0637,4.8002,5.181,4.2447,3.9271,3.9343,4.4735,4.9807,4.4223
 ENSMUSG00000032381,9.7386,9.6292,9.877,9.7355,9.7967,9.697,10.4033,10.2034,9.8913,9.8707,11.2911,10.7521
 ENSMUSG00000069515,6.1266,5.6563,6.2844,5.9458,5.0694,5.0999,5.408,4.8972,5.5395,5.4169,4.596,5.1849
 ENSMUSG00000027170,11.7704,11.578,11.8652,11.4762,11.7488,11.7769,12.3955,12.2971,11.8081,11.7953,13.1931,12.6722
 ENSMUSG00000032120,8.8711,8.8393,8.8503,9.056,8.2058,8.222,7.555,7.998,8.8583,9.0084,8.1885,7.899
 ENSMUSG00000031893,5.3534,5.6335,5.3263,5.8433,4.7228,4.9209,4.6531,4.9615,6.0673,6.1554,5.4021,5.0044
 ENSMUSG00000005580,7.1492,7.3602,7.1475,7.3909,6.7255,6.2988,6.3203,5.9692,7.1335,6.7475,6.2681,6.1564
 ENSMUSG00000078901,9.4776,9.5253,9.6951,9.2339,8.3902,8.5767,9.2388,9.162,9.5588,9.5982,10.1682,8.7537
 ENSMUSG00000048015,5.7585,5.5381,6.0463,5.9057,4.8002,4.821,4.5639,4.8295,5.6803,5.386,5.8443,5.4585
 ENSMUSG00000090186,5.3053,5.6335,5.5599,5.3653,4.9419,4.3101,5.2561,5.2423,4.6121,5.22,5.0867,3.9579
 ENSMUSG00000038141,8.5011,8.6068,8.682,8.7757,8.2446,8.5034,8.2929,8.2958,9.7148,9.5982,9.1911,9.1732
 ENSMUSG00000030785,6.2306,6.7282,6.812,6.9884,6.1976,6.03,5.6686,5.3398,6.4881,6.5033,5.6906,5.9602
 ENSMUSG00000036992,8.4986,8.2872,8.5032,8.1045,8.6141,8.2758,8.6812,8.7574,8.5017,8.3937,9.9413,9.3071
 ENSMUSG00000029797,6.429,6.8789,6.266,5.5349,7.1239,7.3255,6.0167,6.0835,6.5006,6.1191,6.0844,6.3721
 ENSMUSG00000030187,8.6662,8.6068,9.0283,8.2177,8.8918,9.0634,8.0766,7.6948,8.3384,7.9066,7.5544,8.1758
 ENSMUSG00000052040,12.4148,12.6138,12.4273,13.0011,11.9073,11.9062,11.7559,12.1024,12.6934,12.7589,11.6851,11.3619
 ENSMUSG00000021796,5.9393,6.0991,6.0024,4.7165,6.1153,6.3334,5.1443,5.7082,5.5146,5.3221,4.9807,5.4858
 ENSMUSG00000105204,3.8488,4.2584,5.0431,4.3724,4.1036,4.5931,4.5639,4.203,5.2667,4.8554,5.3194,5.2825
 ENSMUSG00000011832,8.9045,9.0437,9.012,9.2848,8.3959,8.4183,8.1889,8.5177,9.1099,9.2702,7.7429,8.1178
 ENSMUSG00000076432,11.9767,11.8293,11.9146,11.6939,11.9857,11.8592,12.3102,12.3491,11.8444,11.8633,13.4055,12.8394
 ENSMUSG00000103574,3.8488,4.4484,3.8066,4.3724,4.2344,4.5931,5.5445,4.3167,4.5062,4.4735,5.3194,4.4833
 ENSMUSG00000041649,7.0887,7.3465,6.9558,7.3692,6.3249,6.6665,6.1062,6.1107,6.964,6.839,6.2243,5.9409
 ENSMUSG00000106090,4.5683,4.8408,4.4102,5.0995,5.1855,5.8006,4.8873,4.3167,4.6121,3.7608,4.596,4.7477
 ENSMUSG00000022261,4.909,4.922,4.7387,4.6126,5.3911,5.0135,4.113,4.5137,4.5604,3.6103,3.8746,4.3579
 ENSMUSG00000002289,7.136,7.4716,7.3942,6.8491,7.1785,6.3334,7.0594,7.071,7.0342,6.7116,8.0464,8.0879
 ENSMUSG00000039760,4.27,4.3255,3.9381,4.6126,4.4554,5.3297,4.2447,3.9271,4.0265,4.3368,5.3194,5.1157
 ENSMUSG00000042514,10.5129,10.5712,10.4253,10.917,9.6285,9.3535,9.9712,10.2081,10.6664,10.9645,9.8028,10.2374
 ENSMUSG00000072675,4.27,4.1867,4.1542,3.8623,4.2344,3.6367,4.3616,4.4196,3.7128,4.5362,5.2311,5.2183
 ENSMUSG00000032377,5.2807,5.1715,5.3263,5.0238,4.6402,5.2574,5.0222,4.075,5.41,3.9948,4.2461,4.8392
 ENSMUSG00000022246,6.218,6.3822,6.2844,5.7555,6.5703,6.7706,6.4164,5.6718,7.0929,6.3082,5.6239,7.155
 ENSMUSG00000079017,11.5258,11.1649,11.7369,11.3908,10.7657,10.5391,11.6106,10.9147,11.4489,12.2549,10.7085,10.8909
 ENSMUSG00000045382,11.0149,11.7976,11.9782,11.7112,11.2301,11.7668,11.3386,10.9147,11.2909,11.5654,12.0242,10.2936
 ENSMUSG00000082186,6.1533,6.4352,6.2285,6.6948,5.6507,5.987,5.455,5.7082,6.3839,5.9637,4.8652,5.5896
 ENSMUSG00000031754,9.9217,9.8118,9.8665,9.7242,10.0403,9.7262,10.4249,10.2343,9.8651,9.966,11.4178,10.7548
 ENSMUSG00000021969,11.6564,11.7649,11.8035,11.96,10.954,11.1716,10.827,10.741,12.0244,11.9994,11.1281,10.8716
 ENSMUSG00000067714,7.588,7.5393,7.5072,8.1001,6.5907,6.4,6.9519,6.6793,7.5592,7.4733,7.5456,7.2353
 ENSMUSG00000028560,11.0158,10.6774,10.9526,10.7584,11.0746,11.1525,10.8335,10.9898,10.7111,10.826,12.3444,11.8767
 ENSMUSG00000019080,7.2072,7.0662,7.0442,7.0166,7.2942,7.1441,8.062,8.1219,7.448,7.2914,8.4599,7.985
 ENSMUSG00000032575,10.6908,10.4139,10.4757,9.9152,10.4653,10.2521,10.4206,10.7073,10.0984,10.1146,11.7557,11.1473
 ENSMUSG00000035357,3.6451,4.3255,3.6483,4.3724,4.9419,5.0999,3.7763,3.7484,4.4494,4.1803,4.4346,4.7943
 ENSMUSG00000025647,14.4669,14.4019,14.3035,14.3125,13.5179,13.4085,13.6487,13.9525,14.3674,14.5647,13.3486,13.1926
 ENSMUSG00000051220,8.7744,8.4559,8.6402,8.5317,8.2188,8.3941,8.6024,8.8359,8.4256,8.4741,10.0661,9.2904
 ENSMUSG00000038242,5.9081,5.7227,5.5903,5.5613,6.1153,6.6665,5.6284,5.3398,5.4369,5.1473,4.6691,5.2825
 ENSMUSG00000074412,4.7315,4.754,4.7948,3.9687,4.9419,5.3297,4.5639,5.1907,5.1399,5.2549,6.0597,4.965
 ENSMUSG00000107383,5.9996,5.3245,4.9,4.7165,5.9665,6.0717,5.2014,5.9987,5.8482,5.2549,6.1561,5.2508
 ENSMUSG00000027715,9.6774,8.9154,9.2106,8.2808,8.4244,8.1178,8.4305,8.1546,8.3521,8.5092,9.3149,8.8227
 ENSMUSG00000096807,9.6335,8.892,9.4041,8.3778,8.2188,7.9947,9.0879,9.0521,8.7662,8.5536,8.9957,8.251
 ENSMUSG00000048218,8.3608,8.4237,8.3078,7.7724,7.979,7.7248,7.7688,7.9392,7.9609,7.7509,9.338,8.8484
 ENSMUSG00000029084,13.051,13.0823,13.0276,13.0704,11.9441,11.8984,12.1776,12.1737,12.9609,13.0282,12.5133,12.0266
 ENSMUSG00000029195,3.8488,4.3255,4.0523,3.9687,4.873,4.3101,5.2014,4.5137,4.1103,4.3368,5.1847,5.2183
 ENSMUSG00000032126,9.8366,9.3786,9.3006,8.7839,8.8589,8.8553,9.2356,9.5233,8.7455,9.0182,10.2873,9.9332
 ENSMUSG00000058773,10.9743,9.9992,10.564,9.9628,9.6162,9.2497,9.6449,9.4438,10.376,10.3034,9.904,9.6575
 ENSMUSG00000027379,7.9839,7.3533,7.7947,6.8174,6.8654,6.6114,6.8357,6.9569,7.0256,7.0642,8.16,7.3479
 ENSMUSG00000011148,7.9314,7.4653,7.769,8.356,7.719,7.6587,6.9359,7.2267,7.5532,8.0941,6.5235,7.3407
 ENSMUSG00000053702,10.1421,10.0295,9.9558,9.4483,9.1486,9.723,8.7376,8.4924,9.5439,9.1597,9.5545,9.4211
 ENSMUSG00000027474,4.6527,5.1386,4.6798,4.8122,5.5695,5.3982,4.4672,4.6008,5.2362,5.1842,3.7047,4.7477
 ENSMUSG00000041355,10.344,10.0295,10.2137,9.8242,10.3706,10.181,10.876,10.8946,10.0143,10.1879,11.4899,11.0237
 ENSMUSG00000026049,8.4752,8.4967,8.6957,8.6289,8.4523,8.5184,9.1756,8.6333,8.8607,8.7306,10.1335,9.4331
 ENSMUSG00000058064,5.6679,5.2654,5.7857,5.3653,6.1707,5.0999,6.077,6.8002,5.9063,5.5888,6.5235,5.798
 ENSMUSG00000059013,11.1681,11.2781,11.1152,11.6226,11.3616,11.3187,11.7582,11.8796,11.3867,11.4204,10.1992,10.3728
 ENSMUSG00000024181,9.2287,9.0957,9.2412,9.1645,9.3927,9.1185,9.905,9.987,9.287,9.3993,10.6757,10.1115
 ENSMUSG00000057193,12.5881,12.674,12.5442,12.8495,11.6077,11.561,11.6534,11.7776,12.7243,12.7368,12.0422,12.0406
 ENSMUSG00000082480,3.9338,4.5052,4.6798,4.7165,4.3505,5.0999,5.0222,3.7484,4.5604,4.758,5.6239,4.6488
 ENSMUSG00000030590,8.8849,8.8515,8.8895,8.8162,8.0094,7.6722,7.7136,8.1285,8.8092,8.9432,8.2865,7.9569
 ENSMUSG00000036114,8.0592,7.9813,8.2064,8.1768,7.8081,8.0779,8.8697,8.7992,8.2998,8.39,9.561,8.8279
 ENSMUSG00000029373,4.909,4.7982,5.172,5.3653,5.5695,5.181,6.345,5.1907,5.3259,5.6924,4.4346,5.7764
 ENSMUSG00000039236,9.2302,8.5453,8.8564,9.0739,9.2055,9.4811,9.2806,9.2522,8.2455,10.189,8.6843,9.3419
 ENSMUSG00000097239,4.9417,5.5866,5.7053,5.8433,5.8,5.3982,6.0167,5.2423,5.3545,5.6672,6.6107,6.5841
 ENSMUSG00000023022,9.4802,9.5024,9.7403,9.7509,9.8955,9.5806,9.5111,9.3982,8.9539,8.8695,8.0833,9.46
 ENSMUSG00000051133,5.7049,6.1155,5.6774,5.9057,5.5271,5.987,5.5871,5.877,6.0841,6.0042,4.3444,5.1508
 ENSMUSG00000106715,7.4292,7.5925,7.3166,7.8316,7.008,5.987,7.7868,7.4746,7.7219,7.583,7.6228,7.2965
 ENSMUSG00000016756,13.8455,14.0095,13.8453,14.3012,13.1678,13.3819,13.1171,12.9962,14.1381,14.2703,13.25,13.0899
 ENSMUSG00000092510,5.0647,5.2654,5.2122,6.1479,4.3505,5.3297,5.0222,5.2423,5.6803,5.386,4.9243,4.3579
 ENSMUSG00000006344,7.2569,7.4332,7.4356,7.0442,7.3187,7.4558,7.0295,6.7667,7.3135,6.5717,5.9013,6.3432
 ENSMUSG00000060073,11.1677,11.074,11.1197,11.0838,11.4079,11.2532,11.9696,11.5205,11.1478,11.1416,12.4792,12.2911
 ENSMUSG00000029814,8.4986,8.4007,8.3167,8.7592,8.7906,8.9902,8.9475,8.9628,9.116,9.4651,9.9092,9.6962
 ENSMUSG00000076545,9.9586,8.8897,9.0256,8.2962,9.0788,9.7262,8.705,9.6105,8.6031,8.6162,9.0556,8.8911
 ENSMUSG00000026605,9.8728,9.2358,9.439,9.1135,8.9749,8.789,8.1821,8.3419,9.0308,8.7688,8.6843,8.2664
 ENSMUSG00000025578,8.1039,7.9725,7.9511,8.3487,7.2693,7.1049,7.5016,7.9541,8.2381,8.3006,8.9265,8.0126
 ENSMUSG00000055493,6.3038,6.0991,6.638,6.1983,6.464,6.3334,6.2698,6.311,5.8678,6.0628,4.738,5.6387
 ENSMUSG00000040466,11.1685,10.782,11.2613,10.8068,10.4195,9.7002,9.9214,9.9779,10.7158,10.9352,10.2834,10.5039
 ENSMUSG00000040699,13.3867,13.3264,13.2633,13.3515,12.417,12.1734,12.5861,12.8209,13.4892,13.6319,13.6889,13.3274
 ENSMUSG00000022111,9.8886,9.615,9.7648,9.4722,9.5167,9.2982,9.4893,9.4517,9.6354,9.516,10.9511,10.5741
 ENSMUSG00000071252,7.1426,6.8402,7.2346,7.4332,6.4191,6.4945,6.6513,6.6611,7.2188,7.4226,5.8149,6.3577
 ENSMUSG00000020386,9.3102,9.126,9.4041,9.065,8.9826,8.974,9.698,9.3735,9.2322,9.1946,10.7173,9.9236
 ENSMUSG00000000168,9.6977,9.5963,9.6951,9.6304,9.6063,9.6603,10.3379,10.183,9.7593,9.7888,11.1751,10.5818
 ENSMUSG00000002985,13.3914,13.484,13.5662,12.9577,13.2906,12.5637,12.6551,12.3427,13.102,13.5951,12.0991,12.9434
 ENSMUSG00000082956,5.7585,5.9047,6.1703,5.1711,5.7641,5.8496,5.2561,5.0811,5.5146,4.9014,4.5181,4.965
 ENSMUSG00000109222,4.6927,3.3828,4.4837,4.7653,5.2923,5.3297,4.6531,4.9615,4.6617,4.8076,4.9243,4.4833
 ENSMUSG00000029366,10.1238,10.1276,10.1469,10.3805,9.7989,9.6124,10.0697,9.9484,10.0943,10.3774,9.0771,8.778
 ENSMUSG00000086564,6.5441,6.2551,6.0024,5.7095,6.1976,7.0231,5.9536,5.8448,6.0331,5.8347,5.0867,5.4585
 ENSMUSG00000070877,3.9338,4.3255,4.1542,4.4373,5.0072,5.3982,3.9606,5.1907,4.3896,4.7062,4.1375,5.0044
 ENSMUSG00000022270,11.4379,11.4703,11.447,11.62,10.5517,10.4773,10.7097,11.029,11.5949,11.6749,10.8443,10.3369
 ENSMUSG00000078183,5.0647,4.8408,4.9,4.7165,4.873,4.4604,5.2014,4.9615,5.564,5.386,5.6906,3.8525
 ENSMUSG00000031903,10.5212,10.5513,10.8403,10.402,9.9765,9.4027,9.8249,9.8701,10.2084,10.1716,9.2162,9.5582
 ENSMUSG00000038388,10.7026,10.663,10.9181,10.8613,11.0737,10.8198,11.259,11.1496,10.7065,10.734,12.2014,11.9131
 ENSMUSG00000028088,8.7765,8.9854,8.7359,9.065,8.7372,8.9902,8.5456,8.6286,8.8413,8.8367,7.4734,7.7432
 ENSMUSG00000037169,5.488,5.8856,6.0677,6.5085,6.3249,6.2634,6.1062,5.2919,5.9437,6.0818,4.9243,5.2183
 ENSMUSG00000020101,11.1039,11.1957,11.2341,10.9925,10.8467,10.6888,10.6125,10.6558,10.8654,10.7063,9.4851,10.0771
 ENSMUSG00000050671,3.7539,3.9337,3.8066,3.74,3.7693,4.5931,4.113,3.7484,3.5706,4.1803,5.276,4.5411
 ENSMUSG00000018008,12.0943,12.0707,12.0894,12.0606,11.1048,11.0521,11.1772,11.2028,12.066,11.9802,11.0032,11.1714
 ENSMUSG00000019088,8.0058,7.959,8.1279,8.0238,7.4465,6.8909,7.5339,7.4746,8.1542,8.1968,6.7856,7.2662
 ENSMUSG00000024948,13.284,13.5475,13.2887,13.6101,12.4561,12.3758,12.7979,13.0807,13.7419,13.6678,12.8881,12.5009
 ENSMUSG00000020646,5.4224,4.922,4.9972,4.3033,3.9523,4.5931,4.3616,4.203,3.9343,5.2889,4.2461,4.4833
 ENSMUSG00000019564,10.4357,10.2917,10.2979,10.7248,9.686,9.7738,9.5872,9.6499,10.5806,10.8148,10.9038,10.7528
 ENSMUSG00000052776,9.6394,9.4506,9.8421,9.4065,8.8754,8.591,9.3273,8.5766,9.2322,10.053,8.7081,8.8356
 ENSMUSG00000022636,10.0173,10.1356,9.8993,10.1476,9.0389,9.1428,9.1516,9.1684,10.2522,10.2275,9.4897,9.2252
 ENSMUSG00000038831,9.3705,9.5479,9.4103,9.8672,8.8672,8.9411,8.8739,9.0555,9.7722,9.7831,8.4552,8.4755
 ENSMUSG00000054434,7.8809,8.0033,7.801,8.0145,7.979,7.9178,8.2353,8.3643,7.7944,7.7392,9.4456,8.74
 ENSMUSG00000033565,5.0351,5.5626,5.172,4.9842,5.9348,6.4945,5.0222,4.8295,5.5395,5.4169,4.8032,5.4585
 ENSMUSG00000080912,5.3768,5.9421,5.5599,5.2717,4.5515,4.821,4.4672,4.4196,5.5146,5.5339,4.9243,4.9245
 ENSMUSG00000006127,11.2441,11.3721,11.2585,11.4494,10.5191,10.5446,10.774,10.8917,11.7746,12.1119,10.9132,10.7149
 ENSMUSG00000094561,10.1363,9.7905,9.8498,8.5606,9.128,9.8555,8.7468,9.2062,8.8437,9.3244,9.1512,9.1671
 ENSMUSG00000025500,7.6909,7.8947,7.7096,7.7833,6.962,6.7453,7.1868,7.622,7.8094,7.8854,6.6441,6.7468
 ENSMUSG00000039294,11.8603,11.8746,11.8844,12.064,11.1127,11.0248,11.4003,11.6026,11.9593,11.8531,12.7324,11.062
 ENSMUSG00000102752,5.5709,5.9047,5.8618,6.2629,5.3911,5.4635,5.3592,4.7579,5.564,5.7415,4.4346,5.3135
 ENSMUSG00000021253,7.1688,6.6742,7.0226,7.1996,6.3728,6.5542,5.6284,5.8448,6.7405,6.9251,6.7244,6.2683
 ENSMUSG00000078840,4.841,5.0348,4.4837,4.7653,5.1855,5.7498,4.5639,4.075,4.7993,4.2614,4.738,3.9579
 ENSMUSG00000107833,6.0575,6.409,6.4234,6.8386,5.438,6.1122,5.9536,5.386,6.4627,6.292,5.6576,5.2825
 ENSMUSG00000060621,4.0826,4.0258,3.4387,4.2295,4.8002,5.3297,4.2447,4.203,4.2593,4.6522,4.4346,4.965
 ENSMUSG00000034171,9.5589,9.923,9.5466,9.6013,9.2882,9.6838,8.7786,9.2431,9.749,9.3106,8.5013,8.3975
 ENSMUSG00000037032,7.1293,7.367,7.3077,7.5849,6.4417,6.7955,6.3692,6.1892,7.2412,7.2669,7.7429,6.9028
 ENSMUSG00000027305,8.6685,8.6575,8.6296,8.551,8.9399,8.6601,9.4364,9.3227,8.676,8.7717,10.0584,9.6488
 ENSMUSG00000045665,9.114,8.8683,9.0708,9.1004,9.0788,9.0736,9.5325,9.6636,9.0854,9.2224,10.5333,10.0419
 ENSMUSG00000070563,3.5148,3.8306,4.0523,3.74,4.2344,3.9222,4.5639,4.4196,3.8312,3.9948,4.8032,5.2183
 ENSMUSG00000059714,8.7508,8.6931,8.8564,8.7785,8.5993,8.3696,7.7957,7.9392,8.915,8.8367,7.4263,8.0965
 ENSMUSG00000100916,3.7539,4.3255,4.4837,4.1501,4.7228,5.0999,4.113,4.075,4.1875,4.092,5.1847,5.2183
 ENSMUSG00000026087,10.2183,9.9828,10.1282,9.8901,10.0348,9.8702,10.6716,10.5966,10.17,10.3331,11.468,11.0444
 ENSMUSG00000051257,4.149,4.0258,4.1542,5.1358,5.0072,5.2574,4.113,3.7484,4.1875,4.2614,4.0154,4.1376
 ENSMUSG00000002897,12.5447,12.6379,12.5697,12.8288,11.7805,11.7231,11.5137,11.7227,12.72,12.7294,12.0562,11.8076
 ENSMUSG00000032340,5.9848,6.0315,5.5599,6.1479,5.3911,5.7498,5.7076,5.877,5.8482,6.0818,4.3444,5.3438
 ENSMUSG00000065990,9.9837,9.8155,10.0156,9.6121,10.0909,9.9329,10.5231,10.5556,9.91,10.0229,11.2526,10.9466
 ENSMUSG00000035208,12.3813,12.3229,12.3378,12.5309,11.5103,11.5646,11.9177,11.5612,11.904,12.7883,11.64,11.2012
 ENSMUSG00000006818,10.3412,10.194,10.414,10.279,10.483,10.3886,10.7167,10.6807,10.2159,10.3831,11.7476,11.4383
 ENSMUSG00000025648,9.5009,9.507,9.6432,9.7355,8.7417,8.619,8.6473,8.8238,9.7359,9.6882,8.6314,8.8018
 ENSMUSG00000023216,8.5541,8.0589,7.6961,8.3264,7.4353,8.016,7.6464,7.3103,7.5108,8.7775,7.3066,8.1636
 ENSMUSG00000031714,6.1266,6.0487,6.2285,5.9654,6.5287,6.1122,5.9536,5.6344,6.1171,5.8347,4.5181,5.8815
 ENSMUSG00000031328,14.6729,14.7728,14.8188,14.9528,13.9213,13.6256,13.9037,14.0819,14.945,14.9325,14.0517,14.1066
 ENSMUSG00000041362,8.1766,7.95,8.7425,8.0375,8.5943,8.0678,7.9941,7.6859,7.774,7.9066,6.7553,8.1008
 ENSMUSG00000005883,7.3167,7.1865,7.0655,7.0166,7.023,6.6932,6.5703,6.9863,6.9907,7.2167,5.7541,5.9792
 ENSMUSG00000057469,8.2458,7.9857,8.3299,7.9721,8.3192,8.1661,8.5717,8.6379,7.8919,7.9533,9.5347,9.0188
 ENSMUSG00000036641,8.1571,8.0504,8.7556,8.3922,7.9636,7.9065,7.9786,7.6313,7.8919,7.9482,6.8585,7.2508
 ENSMUSG00000004044,4.9736,5.0703,5.0431,4.9433,5.7273,5.5853,5.0222,4.4196,5.3545,5.4471,4.0154,5.4858
 ENSMUSG00000024666,7.916,7.9272,7.6824,8.1175,7.3428,7.4083,8.3782,8.0544,7.9833,7.9533,9.0679,8.6897
 ENSMUSG00000040681,11.8777,11.6942,11.8347,11.6823,11.7865,11.6054,12.2962,12.3773,11.7016,11.9172,13.2133,12.6713
 ENSMUSG00000024998,6.6505,7.4716,7.1375,7.3765,7.1099,7.4866,6.5493,6.2635,8.0052,7.0451,6.6768,7.3765
 ENSMUSG00000037031,8.6708,8.6183,8.4109,8.6258,7.6435,7.7376,7.8307,7.5648,8.5828,8.6385,7.4453,7.8842
 ENSMUSG00000042599,12.8154,12.9637,12.8363,13.2532,12.2559,12.4537,12.1852,12.1028,13.042,13.142,12.0135,11.8249
 ENSMUSG00000037621,3.7539,3.9337,3.8066,3.74,5.0694,4.821,4.2447,4.075,4.3896,3.6103,4.2461,4.8825
 ENSMUSG00000047181,6.8903,7.0238,6.55,6.9979,7.023,7.6176,6.077,6.6241,6.4755,6.4314,5.8443,6.2214
 ENSMUSG00000083087,4.8755,4.7082,4.618,4.7653,5.1855,4.1352,4.6531,5.4307,4.6617,4.5362,5.929,5.4024
 ENSMUSG00000036986,13.193,13.2246,13.0613,13.5859,12.7618,12.6332,13.0542,13.1301,13.2044,13.4773,11.9576,12.1847
 ENSMUSG00000066842,7.8326,8.191,7.8447,8.0869,8.2948,8.7704,8.2089,7.5841,9.0222,7.9171,7.7657,9.0435
 ENSMUSG00000032231,9.7178,9.0648,9.652,9.1604,9.0571,8.8902,9.155,8.3755,9.12,9.2804,7.9231,8.9821
 ENSMUSG00000074743,6.9444,7.1475,7.0226,7.1996,7.6042,7.2735,6.8867,6.7149,7.0512,7.8085,5.8149,7.0699
 ENSMUSG00000024939,8.6912,8.3841,8.7159,8.3922,7.8507,7.4083,7.6065,7.8222,8.6088,8.6354,7.7733,7.6111
 ENSMUSG00000090946,10.4457,10.3443,10.37,10.2378,9.3607,9.1331,9.3902,9.6972,10.2476,10.4827,10.3728,9.7284
 ENSMUSG00000039616,6.3274,6.0657,6.565,5.9057,6.6305,6.0717,5.7824,5.5565,5.7668,5.5056,4.8652,5.6861
 ENSMUSG00000096422,10.7048,10.3958,10.1519,9.0195,9.8894,9.7486,9.3755,10.4571,9.5228,9.5434,10.0599,9.9127
 ENSMUSG00000105390,4.6112,5.0703,4.618,5.0622,5.8349,5.5257,4.814,4.075,4.7551,4.758,4.3444,4.4833
 ENSMUSG00000103105,6.6964,6.7176,6.837,7.0891,6.1433,5.5853,5.9536,6.0835,6.3566,7.016,6.2894,5.798
 ENSMUSG00000019738,8.0971,7.871,7.875,7.6461,8.0538,8.0473,8.4419,8.723,7.774,7.9275,9.1883,8.9034
 ENSMUSG00000022769,9.7299,9.4712,9.7019,8.8162,9.4847,9.2407,9.5536,9.7536,8.994,8.7366,10.4594,9.9224
 ENSMUSG00000037892,4.3257,4.1867,4.4102,3.9687,4.3505,4.5931,4.3616,4.3167,5.6579,4.1803,4.0154,5.1849
 ENSMUSG00000092572,5.8923,5.2035,5.7053,5.3951,5.7273,5.5853,5.5005,5.0811,5.7668,6.0042,4.3444,6.1729
 ENSMUSG00000021482,8.9839,8.832,8.8411,8.762,8.8589,8.5624,8.8739,8.9406,8.8092,8.8641,7.6558,7.556
 ENSMUSG00000063447,5.8102,6.2253,6.0024,6.774,5.2923,5.3982,5.5445,5.5565,6.5615,6.1191,5.7227,5.2825
 ENSMUSG00000017314,4.6927,4.611,4.4102,4.9011,5.0694,5.181,3.5309,4.203,4.0265,4.4073,3.8746,4.4833
 ENSMUSG00000026580,5.3998,5.5131,5.3263,5.7555,5.3426,5.2574,5.921,5.2919,5.7876,5.6672,4.0154,5.1849
 ENSMUSG00000004207,15.0537,14.8615,15.1599,15.018,14.208,13.9026,14.3268,14.2298,14.5871,14.7789,13.7489,13.9614
 ENSMUSG00000046223,10.4208,10.431,10.4816,10.6051,10.0513,11.1149,9.5898,9.2522,10.3591,10.2317,10.3998,9.8893
 ENSMUSG00000021013,6.0994,6.2403,6.0245,5.6374,5.5271,6.1122,5.8184,5.5159,5.2362,5.0704,4.596,5.4024
 ENSMUSG00000029205,4.6112,4.1867,4.1542,4.3033,4.9419,5.7498,4.2447,4.075,4.9996,4.9887,4.738,4.5411
 ENSMUSG00000054203,8.7594,8.4398,8.8895,8.5827,7.6337,7.8484,8.4644,7.4537,8.6733,8.8395,8.7041,8.661
 ENSMUSG00000032123,8.4218,8.305,8.2989,8.3706,8.4412,8.3362,8.7514,8.8033,8.3175,8.3518,9.7097,9.5156
 ENSMUSG00000058818,12.0517,12.0453,12.0981,11.9741,11.7892,11.3825,11.2844,11.1423,12.1066,12.0569,10.6717,11.2298
 ENSMUSG00000024942,10.9692,10.9809,10.8487,11.0576,10.3321,10.1716,10.027,10.3598,10.857,10.8873,9.8989,9.6575
 ENSMUSG00000098557,12.7713,12.8007,12.7557,13.0798,11.7521,11.6629,12.2037,12.2971,12.855,12.9638,13.094,12.451
 ENSMUSG00000023019,7.8529,7.4332,8.1824,7.8316,7.6042,7.291,6.8867,6.9269,7.2633,7.3075,6.5235,6.8217
 ENSMUSG00000080999,5.5092,5.1049,5.7327,5.9847,5.0072,5.0135,5.3087,4.9615,6.0157,6.1732,5.9013,4.7943
 ENSMUSG00000105462,5.9393,5.6103,5.9338,5.778,5.6507,5.0999,4.8873,5.877,6.1171,6.3864,6.2894,6.5212
 ENSMUSG00000061991,9.9178,9.0998,9.877,8.6998,8.773,8.2846,8.7422,9.123,9.2977,9.153,9.6018,9.1813
 ENSMUSG00000054988,4.8755,5.4355,4.7948,5.5871,4.9419,5.8496,4.3616,5.0227,5.564,4.9887,4.596,4.3579
 ENSMUSG00000056904,4.429,4.1867,4.2466,4.3033,4.6402,4.9209,4.814,4.8295,4.3896,3.886,5.5894,5.2825
 ENSMUSG00000027752,10.3166,10.1612,10.2279,10.2259,10.464,10.3325,10.9374,10.9606,10.2328,10.3183,11.5982,11.3147
 ENSMUSG00000095788,8.3664,8.2872,8.7126,7.7049,8.4017,8.0265,7.7507,7.2751,8.0096,7.4733,7.176,7.5244
 ENSMUSG00000037692,10.1087,10.5074,10.1789,11.066,10.2566,10.3639,10.0752,10.3259,10.5711,10.3982,9.528,9.1691
 ENSMUSG00000037411,5.9081,5.8663,5.7594,5.0995,5.869,5.8496,5.7455,5.877,4.9996,5.2549,4.596,4.7943
 ENSMUSG00000032131,5.4665,5.2035,4.6798,4.4988,5.0694,5.4635,5.0847,5.0227,4.0265,4.1803,5.3614,4.5962
 ENSMUSG00000026420,7.3571,7.0993,7.1274,7.5786,6.224,6.4,6.7647,6.6427,7.1572,7.943,7.2098,7.2353
 ENSMUSG00000096672,7.4184,7.575,7.0442,6.3692,7.7281,7.291,6.6513,7.1639,6.5252,7.6348,6.6275,6.5593
 ENSMUSG00000013736,11.3331,11.2407,11.2492,11.1675,11.0337,11.0963,11.4879,11.4235,11.3366,11.4813,12.6765,12.234
 ENSMUSG00000051262,5.9393,4.8408,5.2122,5.7555,5.6107,6.1122,5.0847,4.5137,5.5146,5.5888,4.9807,5.8194
 ENSMUSG00000024621,13.1771,13.3907,13.4629,13.2663,13.3132,12.4802,12.5449,12.4295,13.1221,13.0937,11.8786,12.81
 ENSMUSG00000048755,8.7312,8.7357,8.7524,8.5542,8.6579,8.442,9.3814,9.5007,8.7112,8.8395,9.8711,9.7089
 ENSMUSG00000026751,4.6527,5.1386,5.3263,4.6657,5.4832,5.2574,5.0847,4.5137,5.7876,5.7889,4.5181,5.732
 ENSMUSG00000038690,10.4682,10.3156,10.5424,10.1873,10.662,10.2543,11.1262,11.0264,10.4378,10.5167,11.75,11.3462
 ENSMUSG00000024781,11.738,11.4991,12.2342,11.6694,11.5036,10.6805,11.3923,11.3655,11.2288,11.4826,10.412,10.9591
 ENSMUSG00000023079,8.7399,8.8073,8.8194,9.0872,9.0016,8.9576,9.1377,8.9775,8.9057,8.6226,7.4263,8.1304
 ENSMUSG00000014771,9.1106,8.9452,9.0229,8.6589,9.1923,8.9686,9.2225,9.5748,8.9197,8.9712,10.418,9.8351
 ENSMUSG00000001285,9.4135,9.2832,9.3661,9.3469,9.3399,9.2808,9.6717,9.8202,9.3101,9.5109,10.8008,10.3684
 ENSMUSG00000032218,8.1407,7.4202,7.6192,6.8386,6.9305,6.8677,6.9359,6.2635,7.1255,6.7593,7.4453,6.9416
 ENSMUSG00000035969,5.8923,5.8663,6.1302,6.1817,6.3962,6.4637,5.8535,5.5159,5.998,5.5888,4.6691,5.4858
 ENSMUSG00000035936,5.0047,4.9607,5.1304,4.3033,5.1287,5.2574,4.2447,4.3167,4.6121,4.1803,3.7047,4.4223
 ENSMUSG00000062524,7.9765,7.6437,8.0714,8.4889,7.2311,8.088,8.3959,7.9467,8.4125,7.0736,7.2428,8.0879
 ENSMUSG00000015843,4.9417,5.2654,4.6798,5.2055,5.6107,5.7498,5.1443,4.6819,4.8833,5.1842,3.8746,4.965
 ENSMUSG00000029844,4.3786,4.8408,4.2466,5.0238,5.1855,5.181,4.7362,3.9271,5.0361,4.8076,3.7047,4.5411
 ENSMUSG00000021569,7.1945,6.8402,7.1673,6.9005,7.2311,6.9585,7.3285,6.7496,6.8023,7.0062,8.3331,7.9804
 ENSMUSG00000098241,4.9736,5.1049,5.172,4.9842,4.4554,4.4604,3.9606,4.4196,5.1062,4.7062,4.1375,3.7315
 ENSMUSG00000036273,14.4804,14.6015,14.4574,14.3141,13.7711,13.6078,13.8711,14.2421,14.5087,14.4347,13.3595,13.2206
 ENSMUSG00000098210,4.3786,4.754,4.1542,4.6657,5.3911,5.181,4.6531,4.6008,4.6617,4.6522,3.7047,3.8525
 ENSMUSG00000046688,9.8213,9.7968,9.871,9.9398,9.093,8.9074,9.2994,9.237,10.0347,10.4122,8.9399,9.309
 ENSMUSG00000079470,10.1188,10.0654,10.4356,10.661,10.347,10.3865,10.4047,10.5248,10.2017,10.154,11.5844,11.3897
 ENSMUSG00000022186,11.2564,10.9973,11.383,11.0366,10.3648,10.009,10.0715,10.0951,10.7642,10.7779,10.4826,10.1768
 ENSMUSG00000028671,7.6954,7.5513,7.4679,7.5849,7.7642,7.6176,8.0095,8.3531,7.6733,7.6663,9.0801,8.4622
 ENSMUSG00000051497,8.9654,9.2992,9.487,9.3851,9.5989,9.2271,8.7514,8.319,9.204,9.2845,7.9893,8.8227
 ENSMUSG00000002104,4.27,4.2584,3.6483,4.0637,4.9419,5.3297,4.3616,4.075,4.1103,4.4735,4.0154,5.0044
 ENSMUSG00000039005,10.739,10.691,11.0792,10.5912,9.7704,9.4734,10.0642,9.9354,10.6421,10.4959,10.8744,10.3478
 ENSMUSG00000033313,7.9728,7.8125,7.7163,8.0284,6.7255,6.844,7.2136,7.2987,7.8777,8.023,7.2962,6.932
 ENSMUSG00000034265,9.1636,9.1982,8.9676,9.4241,8.3009,8.2758,8.4475,8.2238,9.1636,9.1641,8.4646,8.0574
 ENSMUSG00000023055,10.1835,10.1671,10.1079,10.4439,10.3291,10.2983,10.481,10.516,10.2668,10.5525,8.9332,9.4245
 ENSMUSG00000042726,11.1551,11.1174,11.2965,11.1774,11.222,11.1357,11.6275,11.5948,11.0195,11.2077,10.0538,10.1636
 ENSMUSG00000001240,4.4774,4.7082,5.3263,4.3033,4.873,5.4635,5.0847,4.6008,4.1875,5.0704,3.8746,5.0796
 ENSMUSG00000059325,7.5387,7.6549,7.6476,7.7334,6.6107,6.5247,6.5493,6.8166,7.6623,7.5155,7.4918,7.3334
 ENSMUSG00000023272,10.0659,9.9265,9.9444,8.9653,9.788,9.7831,9.7583,10.1084,9.1655,9.1707,10.7212,9.9236
 ENSMUSG00000069301,9.3435,8.4748,9.3161,7.7049,8.4523,8.0678,8.1198,8.3755,8.6428,8.4634,8.9265,8.4488
 ENSMUSG00000025353,9.031,8.8873,9.0761,8.7564,8.8918,8.6868,9.3364,9.2094,8.915,8.9611,10.3095,9.898
 ENSMUSG00000075297,9.7321,10.2016,9.9529,10.3432,9.6766,9.5299,9.7308,9.4854,10.2159,10.035,8.8358,8.9083
 ENSMUSG00000020639,3.7539,3.3828,3.8066,3.74,4.2344,3.6367,4.2447,4.203,3.5706,3.4115,4.2461,5.0796
 ENSMUSG00000030413,8.9986,8.832,8.7092,8.5022,8.3131,8.4183,8.1956,8.6966,8.6896,8.6668,7.5632,7.4456
 ENSMUSG00000026981,6.9819,6.1636,6.3899,6.3838,6.8317,7.291,6.5063,6.4232,5.8081,6.7593,5.5539,6.5717
 ENSMUSG00000083405,7.061,6.5478,6.8494,6.6948,6.3728,6.1898,6.9197,7.5937,6.6426,6.7475,7.7429,7.4389
 ENSMUSG00000026939,7.0469,7.1475,7.4438,7.1497,7.2942,6.7453,7.2136,6.9569,6.6978,6.7825,5.5894,7.1632
 ENSMUSG00000049539,11.1353,10.2111,10.8789,9.9808,9.6455,9.5409,10.0879,9.8954,10.5733,10.4333,10.4524,9.9344
 ENSMUSG00000024663,9.4352,9.3169,9.8016,9.3414,8.7552,8.386,8.8781,8.6193,8.8364,8.9534,8.0526,8.8484
 ENSMUSG00000046861,10.5475,10.5602,10.5556,10.6874,9.829,9.6019,9.6025,9.874,10.6835,10.598,9.735,9.5768
 ENSMUSG00000024730,5.6865,5.7227,5.8115,6.2629,5.9665,6.2988,5.921,4.8295,5.8872,5.7654,4.738,5.5896
 ENSMUSG00000043832,9.0971,9.0073,9.3161,8.5542,8.8251,8.0576,8.4362,7.998,8.5857,8.5367,7.704,8.2355
 ENSMUSG00000029275,7.1024,7.2468,6.8737,7.6219,7.2181,7.4243,7.7598,7.8059,7.4735,7.4875,8.6355,8.1554
 ENSMUSG00000068417,5.6105,5.7653,5.6774,5.239,4.6402,4.5931,4.6531,4.5137,4.842,5.3221,4.596,4.6488
 ENSMUSG00000033024,6.1266,5.7653,6.19,6.6713,5.8349,6.7706,7.1595,6.1892,6.4755,5.5616,5.6906,6.2987
 ENSMUSG00000032116,11.7342,11.6714,11.757,11.6735,11.8481,11.7415,12.3024,12.2635,11.5723,11.7295,13.0703,12.7371
 ENSMUSG00000029033,9.1717,9.1597,9.1223,9.3779,8.3433,8.2933,8.2803,8.1416,9.3328,9.2763,8.6843,8.4251
 ENSMUSG00000021326,11.0346,10.9569,10.9261,10.9919,11.1266,11.2476,11.3218,11.378,11.0264,11.1561,12.551,11.9447
 ENSMUSG00000094777,11.3702,10.4318,11.1504,9.7675,10.3396,10.1284,10.1874,10.085,10.4435,10.4632,11.1052,10.6098
 ENSMUSG00000035283,6.2554,6.4737,6.4881,6.5348,6.6305,6.3671,5.3087,5.4307,5.9801,6.2756,5.4021,5.8194
 ENSMUSG00000092097,4.6927,4.1096,3.8066,4.1501,3.9523,5.3297,4.7362,5.2919,4.7093,4.3368,4.5181,4.4833
 ENSMUSG00000053600,9.3204,9.3986,9.5142,9.4552,9.2913,9.5842,9.8865,9.8303,9.7735,9.6573,10.9651,10.3251
 ENSMUSG00000034786,10.359,10.3554,10.1982,10.6074,9.5889,9.3325,9.4278,9.6545,10.5102,10.6295,9.8391,9.6502
 ENSMUSG00000003379,14.6295,14.5009,14.4135,14.542,13.5832,13.3546,13.5376,13.9475,14.4872,14.7519,14.0506,13.8405
 ENSMUSG00000034485,5.1499,5.2654,4.8485,5.6374,5.438,5.5853,4.4672,4.8972,5.1728,5.9007,4.2461,5.1508
 ENSMUSG00000046691,11.8419,11.7338,11.6963,11.631,11.7969,11.6604,12.2309,12.3519,11.7116,11.6594,13.1714,12.5416
 ENSMUSG00000045648,4.4774,4.8408,4.7387,4.8122,4.6402,4.9209,4.2447,3.5108,4.842,4.5956,3.7047,3.9579
 ENSMUSG00000060591,8.0903,7.8323,8.0766,6.9304,8.6092,7.8124,7.9707,7.7125,7.285,7.691,6.9679,7.7541
 ENSMUSG00000083186,8.1862,8.7304,8.6117,9.2078,8.0318,8.185,8.0546,7.9166,8.7559,8.6945,7.7808,7.6111
 ENSMUSG00000074344,5.7932,5.8856,5.7857,5.7555,5.3911,6.2634,4.9565,4.6008,5.8283,5.1095,5.3614,5.9409
 ENSMUSG00000091159,4.5237,4.882,4.4102,4.2295,4.4554,5.6971,4.4672,3.7484,5.0361,4.6522,4.9243,4.5411
 ENSMUSG00000019966,7.8888,7.4966,8.4717,8.1045,7.7642,7.3255,8.0766,7.3333,7.3345,7.2167,6.7553,7.3261
 ENSMUSG00000027454,7.0887,6.6066,6.721,6.5606,6.4859,6.6114,6.6113,6.6611,6.5615,6.6623,8.065,7.4986
 ENSMUSG00000096020,9.813,9.4649,9.2059,8.3958,8.8547,9.0987,8.2867,8.4137,8.6733,8.6914,8.9163,8.3551
 ENSMUSG00000015027,9.8305,9.8751,9.7453,9.9949,8.8294,9.0429,8.9435,8.8558,9.8877,10.1112,9.4897,9.2715
 ENSMUSG00000024193,10.8242,10.9946,10.8232,10.9795,9.9454,10.0037,10.0438,10.3985,11.0535,10.8549,10.2159,9.764
 ENSMUSG00000023995,6.952,6.2551,5.7857,6.5085,5.5695,5.8006,5.921,5.4739,5.5146,6.6497,5.7541,6.1227
 ENSMUSG00000060992,10.8003,10.5609,10.74,10.5951,10.7867,10.4964,11.3597,11.3331,10.663,10.8494,12.0546,11.5121
 ENSMUSG00000032112,9.1813,9.2227,9.2083,9.2732,9.0352,8.9956,9.8314,9.7831,9.1945,9.3046,10.5211,10.1072
 ENSMUSG00000113640,8.358,8.5837,8.4836,9.154,7.8338,7.7504,8.3117,8.1219,8.9034,8.6097,9.2994,8.7373
 ENSMUSG00000063884,11.8036,12.0671,12.231,12.0776,11.7722,11.9302,12.9593,12.5499,12.7125,12.2505,13.2382,12.7876
 ENSMUSG00000028322,9.3219,9.0731,9.1818,9.1708,9.3898,9.3282,9.6908,9.7451,9.2617,9.3556,10.6215,10.2908
 ENSMUSG00000059658,3.7539,4.6606,3.6483,4.3724,4.4554,4.821,4.7362,4.8972,3.9343,4.5362,5.2311,4.2895
 ENSMUSG00000020325,6.0432,5.4086,6.0889,6.1132,6.2754,5.6971,5.5445,5.6718,5.564,5.857,4.6691,4.965
 ENSMUSG00000031355,8.7378,8.7198,8.5862,8.5187,8.6864,8.5696,8.6716,9.0555,8.4224,8.2641,7.3677,7.6526
 ENSMUSG00000079794,6.5541,6.0825,6.0889,5.8001,5.7641,5.9427,5.5871,6.6427,5.41,5.922,5.4021,4.965
 ENSMUSG00000040663,10.7574,11.1531,10.9808,11.4434,10.2439,10.4068,10.3635,10.6467,11.246,11.1916,10.3314,9.9344
 ENSMUSG00000024664,6.113,5.8663,5.7594,5.8433,5.7273,5.0999,4.9565,4.5137,5.3825,5.3544,5.929,5.8404
 ENSMUSG00000029167,8.1374,8.3604,8.3211,8.5606,7.6435,7.7118,7.4797,7.3783,8.4736,8.3245,7.2962,7.4524
 ENSMUSG00000028005,4.6927,4.922,4.8485,4.9842,5.5695,5.6971,5.3087,4.075,5.2049,4.9887,4.3444,5.3734
 ENSMUSG00000033287,5.3998,5.1049,4.9972,4.6657,6.0868,5.0135,5.2014,5.5159,5.2967,4.5956,4.2461,5.2508
 ENSMUSG00000099913,5.7049,6.4482,5.3622,6.3545,6.1153,5.6423,5.921,6.0835,6.5374,6.4165,7.1531,6.1893
 ENSMUSG00000105589,4.27,4.611,3.9381,5.0238,5.2923,5.181,4.8873,4.6008,4.1103,4.3368,3.8746,4.7943
 ENSMUSG00000026829,6.7143,6.7387,7.0655,6.774,6.6692,5.9427,6.3203,5.8119,6.676,6.4165,5.4417,6.1396
 ENSMUSG00000029279,5.4446,5.6563,5.6199,6.0596,5.6507,6.03,6.0471,6.0558,5.9801,6.2082,4.738,4.8825
 ENSMUSG00000107149,4.4774,5.3811,5.3622,5.4242,5.1287,4.1352,5.921,5.3398,5.41,4.8554,5.3614,5.2508
 ENSMUSG00000036469,13.2836,13.3451,13.3264,13.2974,12.5099,12.3763,12.6432,12.7745,13.3858,13.4332,12.3333,12.2235
 ENSMUSG00000028573,6.6964,6.4988,6.7866,6.7293,6.2754,6.4,6.393,6.6053,6.73,6.4016,5.2311,5.6144
 ENSMUSG00000094322,8.6477,8.357,7.9106,7.3249,7.9322,8.6601,7.4797,8.4975,7.5108,7.8141,7.7733,7.5308
 ENSMUSG00000041481,12.517,11.9991,12.4278,11.1507,11.9123,11.7502,11.3687,11.022,11.6686,11.7246,11.239,11.4354
 ENSMUSG00000083774,4.149,4.754,5.0431,5.2717,4.7228,4.4604,4.4672,4.6819,4.5604,3.9948,4.0154,3.5861
 ENSMUSG00000044453,10.6964,10.9636,10.7677,11.2041,10.2051,10.1974,9.6956,10.0472,10.7777,10.8071,11.2025,10.8665
 ENSMUSG00000033910,5.8763,6.2253,6.1703,6.4405,6.6692,7.1633,6.0167,5.7082,6.7193,6.2082,5.5175,6.6908
 ENSMUSG00000081244,5.4446,5.3245,5.7594,6.3982,4.7228,5.4635,4.7362,5.2423,5.6803,5.922,5.1366,5.3135
 ENSMUSG00000006435,5.2038,5.1715,4.4102,5.9654,5.2923,5.6971,4.8873,4.7579,5.2667,5.7889,4.6691,4.8825
 ENSMUSG00000038768,5.0647,5.5131,5.7857,5.8001,4.6402,5.5853,4.9565,4.4196,5.4633,5.0704,5.4802,4.5962
 ENSMUSG00000074865,7.1426,6.7387,6.7607,6.6948,6.2499,6.844,7.0594,6.507,7.1335,6.9146,8.1133,7.3976
 ENSMUSG00000020961,6.7054,6.85,6.7737,7.3398,7.1918,7.7118,6.6513,6.4447,6.8023,6.3864,5.9013,6.534
 ENSMUSG00000023249,10.6755,10.512,10.4885,10.4997,10.1619,9.8876,10.1925,10.5347,10.5622,10.6988,11.8522,10.6788
 ENSMUSG00000024675,12.4485,12.3829,12.4778,12.3954,11.8492,11.5546,11.9126,11.9341,12.6103,12.7851,13.0204,13.0527
 ENSMUSG00000040557,5.6105,5.4877,5.172,5.6374,6.1433,6.4637,5.6284,5.9987,5.8678,5.7889,4.596,5.5387
 ENSMUSG00000028132,6.4181,5.7653,6.0245,5.5081,5.5695,5.5257,5.0222,4.8972,5.2967,5.4471,5.3614,4.6993
 ENSMUSG00000047992,4.0826,4.1096,4.2466,4.4373,5.3911,4.4604,3.7763,3.5108,3.8312,3.886,4.0154,4.1376
 ENSMUSG00000004814,7.1159,6.7596,7.1475,7.4051,6.5497,6.844,7.3285,6.5272,6.5006,6.6113,5.7227,6.3285
 ENSMUSG00000042439,8.7246,8.8967,8.7943,9.0695,9.1036,9.6262,8.3178,8.2841,8.7165,8.449,7.7957,8.4556
 ENSMUSG00000098176,7.6072,7.4397,7.4438,7.5339,7.5222,7.6855,8.0247,8.199,7.5108,7.7742,8.8923,8.54
 ENSMUSG00000034714,8.2365,8.4559,8.6296,8.5446,8.0465,7.8245,7.8983,7.6679,8.1463,8.4381,6.9679,7.6873
 ENSMUSG00000035397,8.8889,8.8563,8.6923,9.2518,8.3786,8.3778,8.4191,8.4821,8.9896,9.0279,9.9312,9.4056
 ENSMUSG00000089715,9.3817,9.3429,9.305,10.1676,9.1349,9.1856,9.2679,9.4036,9.917,10.094,10.4156,10.2557
 ENSMUSG00000032028,10.511,10.2792,10.3201,10.1934,10.5848,10.5299,10.3575,10.5532,10.1106,10.2954,11.7211,11.284
 ENSMUSG00000033416,11.7413,11.8597,11.8043,12.0282,11.103,11.3016,10.9643,10.908,12.0735,12.0801,11.0705,11.0349
 ENSMUSG00000067455,9.3887,8.8073,9.2871,8.5638,8.3492,7.8245,8.4644,8.5474,9.3276,9.1464,8.9399,8.5081
 ENSMUSG00000092216,6.5441,6.8005,6.9095,7.0979,6.3491,6.4322,5.8877,6.2635,7.0427,6.7357,5.5539,6.1227
 ENSMUSG00000039328,10.1511,10.2801,10.0651,10.628,9.3339,9.7359,9.179,9.3568,10.274,10.4703,9.672,9.7827
 ENSMUSG00000071862,6.9744,7.3737,7.2624,7.5143,6.4417,6.5542,7.0295,6.4447,7.5291,7.1996,6.3517,6.2836
 ENSMUSG00000036442,9.114,8.9832,9.0201,9.0739,8.8209,8.4498,9.2059,9.1652,9.116,9.2865,10.4095,9.6117
 ENSMUSG00000101502,3.6451,4.3887,4.3315,3.8623,5.1287,3.9222,4.9565,4.7579,4.7551,4.1803,4.8032,4.6993
 ENSMUSG00000024300,10.6812,10.525,10.7564,10.5071,10.4181,10.03,10.0022,9.7235,10.5622,10.3399,9.0922,10.1357
 ENSMUSG00000006235,6.8175,6.5716,6.7866,6.3545,5.6507,5.8969,5.408,5.9391,5.9063,5.7415,5.6239,5.8194
 ENSMUSG00000091119,4.4774,4.3887,4.7948,4.9011,3.5259,4.1352,3.9606,3.9271,4.6121,4.8076,4.0154,3.5861
 ENSMUSG00000029810,7.939,7.5925,8.0661,7.566,7.7642,8.1661,7.3768,7.0846,7.8537,7.8475,6.5054,7.9988
 ENSMUSG00000072214,5.1499,4.2584,4.4837,4.1501,4.873,5.2574,4.4672,4.5137,4.1875,3.6103,4.1375,4.8392
 ENSMUSG00000062082,5.9698,5.9421,6.7344,5.9057,6.0279,6.4637,6.1903,5.3398,5.6803,4.9887,5.6239,5.6387
 ENSMUSG00000031924,11.3146,11.2513,11.3193,11.366,11.4326,11.3536,11.7138,11.8056,11.3687,11.45,12.7822,12.3081
 ENSMUSG00000051851,5.723,5.3245,5.5599,5.2717,5.0072,4.4604,4.7362,4.8295,4.842,5.22,4.0154,4.965
 ENSMUSG00000103584,4.5237,4.754,4.6798,5.0995,4.7228,4.4604,4.5639,5.7782,5.1399,4.4073,4.1375,4.052
 ENSMUSG00000046550,4.9417,4.6606,5.4972,4.1501,3.9523,4.5931,3.7763,4.203,4.6617,4.092,4.596,4.4833
 ENSMUSG00000019942,8.2671,7.6824,8.0288,7.3546,7.0379,6.9364,6.9033,6.849,7.2633,7.43,7.9566,7.3906
 ENSMUSG00000078566,7.7353,7.6604,8.0449,7.9135,6.7437,7.0646,6.9519,7.0846,7.9153,8.0708,7.9366,7.4524
 ENSMUSG00000075427,5.488,6.1792,5.9102,6.6474,5.9348,6.1122,5.6284,5.6718,6.3147,6.1374,5.276,4.965
 ENSMUSG00000028044,7.6999,7.1396,7.3858,7.0166,7.2311,6.8677,6.999,6.7149,7.0512,6.9963,8.3433,7.8591
 ENSMUSG00000081212,4.5683,5.1049,4.9,4.6126,3.7693,4.1352,4.4672,4.075,5.0361,5.0704,5.1847,4.2163
 ENSMUSG00000069633,9.1861,9.4618,8.9563,9.7056,9.093,9.5372,8.9946,9.0521,9.3276,9.5315,8.2492,8.2316
 ENSMUSG00000037922,15.1531,15.2187,15.171,15.1279,14.2187,14.0255,14.1947,14.5942,15.3066,15.2891,14.9431,14.5971
 ENSMUSG00000044279,6.5837,6.5357,6.4561,6.5985,5.8349,5.7498,5.5445,5.9391,6.6538,6.446,5.4417,5.5896
 ENSMUSG00000028221,8.0869,8.0292,8.087,7.9958,7.008,6.7195,7.24,7.2389,7.7893,7.943,7.3577,7.4046
 ENSMUSG00000025014,5.0647,4.7982,4.7387,5.6125,4.4554,5.181,5.0222,4.8295,5.7668,5.9007,5.7848,5.2508
 ENSMUSG00000026177,10.6583,10.5996,11.1578,10.6779,11.0871,10.4658,10.635,10.3344,10.0705,10.126,9.492,9.9978
 ENSMUSG00000003380,10.1371,10.2693,10.3869,10.1295,9.2506,9.0273,9.4307,9.7192,10.3548,10.2587,10.1349,9.5315
 ENSMUSG00000039231,9.7527,9.6178,9.6711,9.7592,9.8459,9.9047,10.2274,10.3216,9.9018,9.8612,11.1969,10.6824
 ENSMUSG00000078773,6.6317,6.461,6.2474,5.8644,6.5703,6.4637,6.7091,6.5471,6.1171,5.857,7.5976,6.8729
 ENSMUSG00000029570,10.3815,10.4873,10.4457,10.6143,9.5532,9.5663,9.5191,9.6477,10.4587,10.4497,9.5124,9.6863
 ENSMUSG00000048327,8.5367,7.5393,7.9568,6.9304,7.5116,7.4713,6.9678,7.1766,7.0929,7.2669,7.9698,7.4389
 ENSMUSG00000009654,3.9338,4.1096,5.1304,4.0637,4.5515,4.3101,4.2447,3.7484,4.2593,4.9887,3.4793,4.4223
 ENSMUSG00000082080,4.7691,5.2953,4.5528,5.3348,5.6895,5.8496,4.5639,4.7579,4.7993,5.1473,4.4346,4.5962
 ENSMUSG00000015889,10.4249,10.3077,10.3974,10.3058,10.3692,10.294,10.8686,10.8305,10.4184,10.3331,11.823,11.1775
 ENSMUSG00000031360,10.9729,11.1408,11.0818,11.3,10.1969,10.3577,10.5002,10.5198,11.3821,11.3534,10.3591,10.1656
 ENSMUSG00000071369,11.8829,11.9983,11.8308,12.0322,11.4466,11.7542,11.2232,11.1218,11.9576,11.9495,10.9879,10.6359
 ENSMUSG00000040618,10.2751,10.3833,10.2536,10.3311,9.3339,9.2226,9.4278,9.6362,10.354,10.4029,9.8391,9.4314
 ENSMUSG00000089768,5.7409,5.7653,6.0677,5.5613,5.0072,5.4635,5.6686,5.1371,6.3566,5.6924,5.4021,4.5962
 ENSMUSG00000024580,10.6629,10.5829,10.5424,10.4196,10.6147,10.6921,10.9613,11.0334,10.6181,10.7517,12.0206,11.5549
 ENSMUSG00000026589,6.6782,6.7387,6.3025,6.3982,6.0868,6.1898,5.9536,6.1635,6.3004,6.6995,5.4021,5.2508
 ENSMUSG00000052293,7.588,7.367,7.3166,7.8157,7.7994,7.7376,8.1268,8.1351,7.5592,7.943,8.8923,8.5774
 ENSMUSG00000096580,5.2807,4.8408,5.2122,4.9842,4.6402,4.7123,4.7362,6.2875,5.4892,5.0302,5.5894,5.4024
 ENSMUSG00000083199,3.6451,3.9337,3.4387,4.4373,5.0072,4.4604,3.7763,4.8295,4.3264,4.2614,3.8746,4.2163
 ENSMUSG00000102135,4.3786,3.9337,4.4102,4.0637,4.2344,3.9222,4.113,4.6008,4.7993,4.6522,5.6239,4.5411
 ENSMUSG00000057388,9.9245,9.5177,9.874,9.5414,9.6309,9.5771,10.0879,9.9595,9.666,9.7773,11.103,10.561
 ENSMUSG00000022057,9.2805,9.5642,9.9184,9.5827,9.1418,8.5551,8.7696,8.4975,9.732,9.5246,8.8394,9.3527
 ENSMUSG00000096715,9.4513,8.9361,9.5045,8.1851,9.873,8.8375,8.5137,8.7574,8.7815,8.6574,9.0212,8.6697
 ENSMUSG00000060198,4.5237,4.2584,5.0431,4.9842,5.24,5.3982,4.2447,4.8295,4.7093,5.4471,5.7541,4.8392
 ENSMUSG00000070868,5.8763,5.6563,5.9102,5.5613,6.1433,5.8496,5.0847,5.0227,6.0331,5.9007,4.6691,6.0165
 ENSMUSG00000046031,8.2941,8.2836,8.6508,8.1475,7.4685,7.2377,7.6947,7.6497,8.3927,8.4634,8.6231,8.3225
 ENSMUSG00000029414,8.4567,7.8758,8.0125,7.6341,7.5841,7.3425,7.3886,7.5053,7.5886,7.2252,8.7658,8.1136
 ENSMUSG00000033060,7.4238,7.3187,7.3773,6.6948,7.4465,7.4083,6.7091,6.8329,6.513,6.3556,6.2464,6.4143
 ENSMUSG00000106405,6.3391,6.1948,6.0245,6.4266,5.5695,5.5853,6.2698,6.1107,6.7614,6.7593,7.0573,6.8007
 ENSMUSG00000016252,10.4336,10.3849,10.6017,10.3886,10.4844,10.3219,11.4134,11.2698,10.7872,10.6231,11.7293,11.1
 ENSMUSG00000089942,10.9002,10.7788,11.1165,10.779,10.7856,10.1549,10.3195,9.996,10.6491,10.3233,9.429,10.2471
 ENSMUSG00000038775,7.3399,7.2903,7.863,7.4402,6.7796,6.844,7.0887,7.1893,6.3839,7.0355,6.3718,6.3721
 ENSMUSG00000020392,10.4126,10.2529,10.507,10.1003,10.2629,9.9957,10.396,10.531,10.4192,10.3963,11.7103,11.1249
 ENSMUSG00000024340,8.1208,7.8469,8.148,8.3413,7.5222,7.5895,7.0594,7.5053,8.2855,8.3672,7.1646,7.3623
 ENSMUSG00000030554,5.488,5.8466,6.0024,5.3653,6.4417,6.4322,5.6284,5.386,5.635,5.5888,4.738,5.8404
 ENSMUSG00000010307,7.8161,7.3872,8.1025,8.4956,8.1992,7.7755,7.6756,7.5937,7.64,7.5496,6.8004,7.0523
 ENSMUSG00000023883,10.1205,10.0003,9.8589,9.7853,10.2198,10.2341,10.4335,10.4187,10.0819,10.1406,11.4339,10.9608
 ENSMUSG00000070880,7.1293,7.4589,7.4356,7.9036,6.7618,7.044,7.3038,7.4326,8.2119,7.7568,6.8442,6.6908
 ENSMUSG00000091277,5.2807,5.4086,4.9972,5.6125,5.5695,5.0999,5.2561,5.3398,5.7668,5.6154,6.7087,6.0881
 ENSMUSG00000037465,8.65,8.6126,8.4109,8.4619,8.3551,8.3696,8.6908,8.7186,8.6484,8.5869,10.0257,9.2252
 ENSMUSG00000043932,7.5437,7.1316,7.6961,8.2457,7.0526,8.1661,8.4644,7.8623,8.2819,7.4226,7.51,8.1136
 ENSMUSG00000050410,8.0937,7.6325,7.6405,7.1067,7.1239,6.5831,7.1868,7.1509,7.486,7.1199,8.2918,7.4657
 ENSMUSG00000060600,8.5884,8.5182,8.6189,8.6648,8.8589,8.7704,9.4589,9.4464,9.2078,9.5143,9.9496,9.3777
 ENSMUSG00000098181,4.6527,4.8408,5.0875,3.9687,5.24,4.9209,4.2447,5.3398,4.4494,5.1842,5.5175,5.1157
 ENSMUSG00000028434,5.776,5.1715,4.8485,5.7095,5.6107,5.8969,5.921,5.7082,5.5881,5.857,6.5235,6.4952
 ENSMUSG00000082328,4.4774,4.922,4.8485,4.9011,4.6402,3.9222,4.3616,3.5108,4.6121,4.3368,3.8746,3.8525
 ENSMUSG00000033450,10.9287,10.8913,10.9412,10.9712,10.6869,11.132,10.8947,10.8965,11.1234,11.1649,12.4264,11.643
 ENSMUSG00000021306,11.1599,11.2857,11.283,11.5234,10.5045,10.3947,10.4105,10.2704,11.1838,11.2735,10.2873,10.7135
 ENSMUSG00000009687,10.9172,10.7343,10.841,10.3877,10.7965,10.7939,10.3333,10.4519,10.3608,10.2618,9.3354,9.7973
 ENSMUSG00000103293,6.8664,7.3326,7.1274,7.5596,6.1707,6.3671,6.1628,6.5272,7.256,7.2167,6.7553,6.7358
 ENSMUSG00000038349,7.3457,7.4841,7.8929,8.0781,7.9943,8.267,7.4119,7.3447,7.4923,7.5961,6.487,7.3261
 ENSMUSG00000041445,5.8436,5.6335,6.3025,5.6374,6.7255,6.4,6.345,5.877,6.0503,6.5033,5.0348,6.1729
 ENSMUSG00000052160,12.4268,12.2276,12.3685,12.2937,11.5083,11.2654,11.7684,11.9726,12.3715,12.4774,11.413,11.352
 ENSMUSG00000052658,5.9698,5.5866,6.0245,5.5871,5.24,5.3982,6.7464,6.6972,5.8678,6.1554,6.202,5.8404
 ENSMUSG00000024989,8.183,7.3046,7.8385,7.0166,7.2942,6.6392,6.591,7.0433,7.1335,7.4003,7.7118,7.479
 ENSMUSG00000020121,4.7691,4.882,4.9,4.9433,5.24,5.8006,4.4672,4.5137,5.3545,4.5956,4.0154,5.0796
 ENSMUSG00000052794,9.6205,9.7817,9.582,9.6648,9.3098,9.3742,9.6301,9.7536,9.648,9.6336,11.1413,9.92
 ENSMUSG00000028175,7.645,7.0065,7.2532,6.6831,6.3249,5.8006,6.4844,6.6611,6.9819,6.9251,6.8442,6.6206
 ENSMUSG00000037685,12.8448,12.9242,13.0022,12.9221,12.1458,11.8629,12.0595,11.9209,12.8615,12.84,12.2433,11.9509
 ENSMUSG00000021518,10.4774,10.58,10.5612,10.5137,10.2375,10.3845,10.8506,10.7171,10.6266,10.6995,11.9338,11.3561
 ENSMUSG00000113949,8.883,8.9269,8.7719,9.0538,8.5118,8.5332,8.6716,8.9591,8.7297,8.8668,10.0994,9.6763
 ENSMUSG00000036526,12.4631,12.5704,12.439,13.0419,11.978,12.0763,11.6691,11.9542,12.5174,12.4634,11.4196,11.7206
 ENSMUSG00000090743,5.7049,6.3549,6.1703,6.3545,5.24,5.181,5.7076,5.877,6.1964,6.3082,5.3194,5.2825
 ENSMUSG00000016495,10.6846,10.6917,10.6287,10.748,9.6138,9.7391,10.042,9.9222,10.875,10.8446,10.1261,9.9416
 ENSMUSG00000022696,9.7462,10.0188,9.9111,9.9263,9.6407,9.6228,9.0697,9.2186,10.0809,9.729,8.6438,8.9469
 ENSMUSG00000020810,4.6112,4.9607,4.9,5.3036,5.24,5.8969,4.5639,5.0227,4.6121,4.9014,4.1375,5.4307
 ENSMUSG00000020873,9.6134,9.4869,9.5026,9.2752,9.5737,9.5262,9.9926,9.9651,9.3956,9.3767,10.9021,10.2306
 ENSMUSG00000031824,9.7942,9.6818,9.9615,9.8452,10.0106,9.4925,9.4278,9.1131,9.204,9.3362,8.3433,9.1994
 ENSMUSG00000076550,7.6773,7.7147,7.2157,6.4544,7.501,7.1823,6.2438,7.1893,6.8807,6.956,7.1414,6.5717
 ENSMUSG00000021876,5.9996,5.9785,6.6662,5.9259,5.5271,6.0717,5.455,5.6344,5.8872,6.0628,4.738,5.5896
 ENSMUSG00000051969,6.732,6.3411,6.8246,6.4952,5.9976,5.987,5.5445,5.2919,6.5733,6.5033,6.0597,6.1055
 ENSMUSG00000003031,11.8967,11.8873,11.7712,11.9016,11.0244,10.9274,10.9394,11.1349,11.9145,11.9985,11.3248,10.8678
 ENSMUSG00000095028,8.144,8.0206,8.3211,7.5078,8.1109,8.267,7.5963,7.0981,7.8633,7.4152,6.8726,7.5869
 ENSMUSG00000003283,11.9935,11.8788,12.062,12.0668,11.3304,10.8061,11.463,11.3508,11.9899,12.2934,11.1449,11.276
 ENSMUSG00000028347,5.8436,5.4355,5.8618,5.3348,5.8349,5.9427,4.9565,5.386,4.9232,4.758,4.596,5.2183
 ENSMUSG00000027306,9.4392,8.8147,9.1299,8.6998,8.361,8.147,8.1956,8.2482,8.4224,9.3401,9.1483,8.9891
 ENSMUSG00000042079,13.9366,13.726,13.8021,13.6832,13.9726,13.8576,14.2391,14.4127,13.7629,13.8364,15.1517,14.7787
 ENSMUSG00000031139,5.649,5.7861,5.8115,5.5613,5.6895,5.0999,4.6531,5.0811,5.7668,5.22,4.596,4.7477
 ENSMUSG00000053173,4.149,4.0258,4.6798,5.239,4.5515,4.1352,3.9606,4.203,4.7093,3.6103,3.7047,4.052
 ENSMUSG00000038473,5.8102,6.1636,5.6774,6.2785,6.464,6.3334,5.6284,5.7082,5.7876,5.1095,4.9807,5.5125
 ENSMUSG00000019944,8.2272,8.2655,8.2626,8.0914,8.307,8.5406,7.5016,7.7386,7.6678,7.8529,7.0573,7.2431
 ENSMUSG00000020914,12.0576,11.5114,11.786,11.0211,11.2745,10.9742,11.2493,11.1504,11.211,11.0846,12.4005,11.9194
 ENSMUSG00000002699,10.8672,10.8417,10.9892,10.6288,10.9991,10.9062,10.6037,10.205,10.5652,10.3689,9.3329,10.4181
 ENSMUSG00000072596,8.9949,8.832,9.0577,8.5088,9.1486,8.386,8.7097,8.4351,8.4893,9.5074,7.704,8.5016
 ENSMUSG00000021087,6.2554,6.4988,6.4234,7.2946,6.0868,6.1515,6.345,5.9084,6.9995,6.8167,5.6906,6.0881
 ENSMUSG00000023886,5.1221,5.3531,5.2513,4.4373,5.6107,5.7498,5.5871,5.3398,5.7243,4.758,4.738,5.9409
 ENSMUSG00000105906,13.2725,13.1254,13.183,12.274,11.8168,12.2945,12.2844,12.6135,12.6995,13.0513,13.0974,12.8947
 ENSMUSG00000043629,8.4856,8.7409,8.7059,8.6529,7.9163,7.6987,7.5963,7.7386,8.4191,8.235,8.9828,8.5049
 ENSMUSG00000033852,8.4191,8.685,8.4836,8.7027,7.5431,8.2846,9.255,8.8115,8.9874,8.4161,9.1541,8.9728
 ENSMUSG00000044365,4.9417,4.7082,4.9495,4.9433,5.5271,5.6971,4.113,4.6819,4.842,4.9014,4.3444,4.2895
 ENSMUSG00000081620,5.0351,5.7227,6.1703,5.3036,5.9348,5.5257,6.1903,5.6718,6.0673,5.8347,6.7244,6.3137
 ENSMUSG00000041624,4.841,5.0703,4.9972,4.3033,5.5695,5.3982,5.1443,4.4196,5.635,4.9014,4.3444,5.4024
 ENSMUSG00000061740,7.0256,7.3326,6.9328,7.2558,6.6882,6.9585,6.6901,7.2511,7.448,7.3075,6.0844,6.0706
 ENSMUSG00000068551,7.6909,8.1002,7.7163,8.1304,7.165,7.6176,6.8529,6.9717,7.9833,7.7972,6.9941,7.155
 ENSMUSG00000034872,4.6527,4.882,4.618,4.9842,5.5695,5.5257,5.0222,4.9615,5.0716,5.1095,3.8746,4.4223
 ENSMUSG00000076571,4.6112,5.7861,4.0523,5.0238,4.8002,5.0999,4.9565,5.6344,4.8833,4.6522,4.8032,4.5962
 ENSMUSG00000028978,4.5237,4.7082,5.1304,4.7165,5.3911,5.3297,4.814,4.075,5.1062,5.0302,4.0154,5.3135
 ENSMUSG00000071342,4.5683,4.5052,4.4837,4.7165,4.8002,5.5257,4.4672,3.7484,4.7093,4.6522,5.4417,4.9245
 ENSMUSG00000025477,9.3072,9.4853,9.3597,9.7397,9.2379,9.4696,8.814,8.7616,9.7963,9.8086,8.5678,8.5494
 ENSMUSG00000028688,9.4919,9.4474,9.593,9.3743,9.5061,9.4385,10.0175,10.1233,9.5603,9.6989,10.8568,10.3974
 ENSMUSG00000022946,10.4577,10.8447,10.5225,11.0513,10.2739,10.5299,10.2931,10.1101,10.8272,10.7547,9.528,9.682
 ENSMUSG00000022508,10.9775,10.9891,10.9311,11.2056,10.8393,10.7439,10.8226,10.908,11.3813,11.4093,12.2399,11.8798
 ENSMUSG00000034854,9.1324,9.0181,9.1045,9.2419,9.3128,9.3742,9.3455,9.4828,9.118,9.2011,10.5008,10.2227
 ENSMUSG00000094326,5.9996,6.2253,5.8618,5.1358,5.8349,5.8496,4.7362,6.2392,5.4633,6.0818,5.7541,5.2825
 ENSMUSG00000023832,8.4381,8.225,8.5603,8.6319,8.569,8.5479,9.2323,9.0829,8.779,8.6194,9.7917,9.4398
 ENSMUSG00000027713,4.8056,4.922,4.8485,4.6126,4.9419,4.1352,4.6531,4.7579,4.7551,4.5956,3.4793,3.8525
 ENSMUSG00000050777,5.4224,5.701,6.19,6.3982,6.5075,5.6423,6.591,5.9084,6.1333,5.6672,5.2311,5.3734
 ENSMUSG00000003849,5.1221,4.4484,4.9,4.7165,5.24,5.4635,5.0847,4.9615,3.7128,4.9887,5.276,5.0796
 ENSMUSG00000028803,10.9462,11.0526,10.9232,11.1805,10.3441,10.4503,10.4658,10.6189,11.1877,11.1577,10.0507,9.8261
 ENSMUSG00000043155,4.7691,4.754,4.7387,4.9842,4.6402,4.5931,4.8873,5.0811,4.6121,5.0704,6.0597,5.7543
 ENSMUSG00000029121,5.7932,6.1636,5.6199,5.8433,6.2754,6.844,5.0222,5.3398,5.8872,5.7172,5.6239,5.732
 ENSMUSG00000032564,3.8488,4.7982,4.618,5.0995,3.7693,4.5931,4.4672,4.7579,4.5604,4.092,3.7047,3.9579
 ENSMUSG00000043496,5.7409,6.4222,6.0677,6.5985,6.4417,6.9585,5.8184,5.7436,6.1333,6.1191,5.276,5.7543
 ENSMUSG00000025964,9.2411,9.219,9.4552,8.6648,9.2664,9.2982,8.2612,8.2115,9.14,8.4741,8.3178,8.7345
 ENSMUSG00000031697,8.9257,8.5513,8.6473,8.4922,8.6864,8.7578,9.1307,8.8833,8.6595,8.6449,10.063,9.5283
 ENSMUSG00000079415,6.6598,6.3822,6.4722,6.6594,6.6107,6.9585,6.9678,6.6241,6.3974,6.9251,7.8679,7.5746
 ENSMUSG00000050043,10.0334,10.022,10.0598,10.0055,9.8522,9.8643,10.5231,10.5762,9.949,9.981,11.3022,10.8709
 ENSMUSG00000070713,5.1771,4.922,5.2122,5.6374,5.438,4.821,6.1062,5.5565,5.2362,5.2889,5.4021,6.4418
 ENSMUSG00000003469,4.8755,4.611,3.9381,3.5932,4.3505,3.6367,3.7763,4.4196,3.3831,3.7608,3.7047,3.8525
 ENSMUSG00000020801,7.44,7.2541,7.5828,7.3619,7.6627,7.3592,8.1753,8.0886,7.6174,7.7213,8.6355,8.5049
 ENSMUSG00000047344,4.5683,4.1867,4.0523,3.74,4.6402,5.181,4.113,4.3167,3.3831,4.1803,4.1375,4.5962
 ENSMUSG00000009551,8.0557,8.21,8.1529,8.7592,8.2699,8.2128,8.3178,8.1738,8.2044,7.9685,7.0573,7.2662
 ENSMUSG00000073412,8.7158,8.4269,9.0283,8.6883,8.1523,7.6036,8.1753,7.8384,8.4158,8.5503,7.5009,8.4079
 ENSMUSG00000042686,5.7049,6.0657,5.649,5.6618,6.0868,6.6114,5.5005,4.7579,5.7876,5.6924,5.2311,5.4585
 ENSMUSG00000020061,5.5092,6.1477,5.7857,5.4807,5.5695,5.0999,5.0222,4.9615,5.564,5.3221,4.4346,4.8825
 ENSMUSG00000051934,5.4665,4.9607,5.2893,5.9057,5.4832,5.4635,4.4672,4.5137,4.9232,5.6672,4.8032,5.4858
 ENSMUSG00000030089,7.0398,7.367,7.1173,7.5274,7.5116,7.5316,6.8529,6.4232,7.4023,7.2995,6.1561,6.6793
 ENSMUSG00000056962,10.4852,10.4819,10.5519,10.5202,10.6073,10.6604,10.8259,10.8849,10.6643,10.6382,12.0673,11.318
 ENSMUSG00000094134,6.9214,5.9047,6.7075,5.9057,6.1976,5.3982,6.5063,5.8448,6.5252,6.5447,6.6928,5.9214
 ENSMUSG00000081281,4.6527,4.2584,4.4837,4.3033,4.2344,4.7123,5.2014,3.9271,4.1875,4.9458,5.5175,4.4833
 ENSMUSG00000039004,5.488,4.9983,5.0431,5.6374,5.438,5.5853,4.7362,4.3167,5.4892,5.879,4.738,5.3734
 ENSMUSG00000031197,10.3759,10.3647,10.4846,10.3958,9.8183,9.6089,10.7144,10.5123,10.5733,10.5866,11.4627,10.7072
 ENSMUSG00000026519,9.9178,9.9949,10.0005,10.2097,9.3369,9.2587,9.1166,9.3227,10.0443,9.9014,8.8394,9.1914
 ENSMUSG00000002835,8.65,8.1443,8.2944,8.0375,8.1249,8.0473,7.5655,7.8702,7.743,7.9584,9.074,8.9108
 ENSMUSG00000078144,5.649,5.7442,6.0245,5.6374,5.4832,5.181,4.4672,5.2919,5.6117,5.943,4.9243,4.965
 ENSMUSG00000068874,7.7699,7.171,7.6961,7.1996,6.6107,6.7955,6.6708,6.5862,7.1255,7.4078,6.3517,6.6908
 ENSMUSG00000070908,5.4224,5.7442,5.3263,5.1358,5.1855,5.987,4.3616,5.0227,5.5395,5.1842,4.5181,5.3734
 ENSMUSG00000027130,13.9765,14.07,13.904,14.2015,13.065,13.1953,13.3548,13.5373,14.1549,14.2713,13.4601,13.0542
 ENSMUSG00000006906,8.4726,8.6324,8.6008,9.3247,9.093,9.2851,8.3544,8.3248,8.735,8.5333,7.7582,8.1595
 ENSMUSG00000083337,4.2113,3.3828,4.3315,3.74,4.2344,3.9222,3.7763,4.4196,4.4494,3.886,5.1847,4.2895
 ENSMUSG00000037523,10.138,10.1455,10.1813,10.3152,10.0856,9.9877,10.2853,10.3751,10.0943,10.087,11.7187,10.2805
 ENSMUSG00000013483,5.0047,5.3811,4.4837,5.4527,4.5515,4.821,4.2447,4.4196,5.2362,5.2889,4.1375,4.6488
 ENSMUSG00000014294,9.6276,9.5538,9.9126,9.5398,9.5141,9.0837,10.3545,10.3201,9.82,9.803,10.7241,10.2148
 ENSMUSG00000090659,8.0592,8.0249,8.0396,7.9528,8.1926,7.9947,8.3841,8.319,7.906,7.9685,9.462,8.8253
 ENSMUSG00000045326,6.669,6.4988,6.7476,6.8174,5.9023,5.8496,5.9855,5.6344,6.5851,6.6995,5.6239,5.998
 ENSMUSG00000041248,7.0111,6.9532,6.6939,7.1497,6.5075,7.0019,6.2173,6.507,7.6059,7.6091,6.3105,6.6085
 ENSMUSG00000043017,5.3534,4.922,5.1304,4.9842,5.8349,5.5853,5.0222,4.203,5.4633,5.2889,4.5181,5.4585
 ENSMUSG00000013155,5.8436,5.4619,5.649,5.5613,5.1855,4.7123,5.408,5.596,5.9437,5.943,6.5936,5.732
 ENSMUSG00000106494,6.3621,6.652,6.3728,6.6353,5.6507,6.2271,5.6686,5.7782,6.2419,6.024,5.1366,5.7092
 ENSMUSG00000058715,10.9114,10.4163,10.9326,10.4126,10.8779,10.4287,10.733,10.1909,10.0186,10.2484,9.3124,10.25
 ENSMUSG00000071748,9.651,9.7766,9.7518,9.9139,9.6407,9.5555,10.3901,10.028,10.0251,10.0386,11.1377,10.5508
 ENSMUSG00000032076,10.2546,10.1504,10.9412,10.5038,9.961,9.7327,9.9693,9.5456,10.0368,10.0917,9.1425,9.7774
 ENSMUSG00000090843,4.4774,4.5052,4.3315,4.4988,4.7228,5.0135,3.5309,4.075,4.3264,4.4073,5.0348,5.2183
 ENSMUSG00000095683,6.14,6.7699,6.55,6.8903,6.4191,6.4637,5.7455,6.0275,6.7922,6.9763,5.5539,6.1396
 ENSMUSG00000095976,6.14,6.7699,6.55,6.8903,6.4191,6.4637,5.7455,6.0275,6.7922,6.9763,5.5539,6.1396
 ENSMUSG00000021998,15.16,15.0141,15.1257,15.0696,15.2383,15.0776,15.243,15.4704,15.088,15.1009,16.5001,16.0246
 ENSMUSG00000071037,7.5831,7.6769,7.4758,7.6035,6.8486,7.0231,6.9678,7.0007,7.5651,7.2421,6.2243,6.5841
 ENSMUSG00000047462,7.136,7.0993,7.4192,7.1832,7.4794,8.1276,6.8529,6.311,7.1806,7.2337,6.559,7.0523
 ENSMUSG00000019066,8.1798,8.1756,8.138,8.345,8.0169,8.1373,7.3038,7.4432,7.9383,8.1396,6.9279,7.3623
 ENSMUSG00000051397,7.4614,7.5573,7.568,7.4192,6.65,6.7195,7.4119,7.2631,7.5291,7.7451,8.3832,7.7541
 ENSMUSG00000034190,10.0128,9.9276,10.0033,9.9902,10.0144,9.985,10.6607,10.6282,10.1768,10.0777,11.4286,10.6615
 ENSMUSG00000093826,4.0112,4.1096,3.9381,4.7165,3.9523,4.7123,4.113,5.3398,4.0265,4.3368,4.9807,4.3579
 ENSMUSG00000026836,5.0047,5.2953,5.3263,5.7327,5.2923,5.3982,4.8873,4.3167,5.0716,4.9014,4.1375,5.3438
 ENSMUSG00000033470,5.4446,5.6788,5.4972,5.4527,5.6895,6.1515,4.9565,5.3398,4.842,4.7062,4.596,5.4024
 ENSMUSG00000082367,6.5238,6.7802,6.721,7.2558,5.9665,6.1515,6.6708,6.4015,7.256,7.1735,6.1087,6.2054
 ENSMUSG00000032125,4.6927,4.882,5.172,4.2295,5.0072,5.2574,5.5871,4.6008,4.962,5.2889,4.0154,5.1849
 ENSMUSG00000093722,6.5837,7.1554,7.1575,7.2479,5.9348,5.987,6.1903,6.311,6.7086,6.8501,6.6605,6.2836
 ENSMUSG00000027420,4.8056,4.7982,4.9972,4.8574,4.2344,5.0999,4.2447,4.3167,4.5604,4.6522,3.4793,4.1376
 ENSMUSG00000074916,6.9744,7.0409,7.0226,7.1326,7.1099,7.1441,7.2912,7.2389,6.7614,6.8279,5.8731,6.0347
 ENSMUSG00000036777,8.1005,7.7823,7.5828,7.3546,7.1239,6.5831,6.7464,6.6427,7.2412,7.191,7.4359,7.0611
 ENSMUSG00000032997,8.1308,8.0755,7.9849,7.9284,8.2824,8.2402,8.0693,8.319,7.8777,7.9275,9.4001,8.9301
 ENSMUSG00000046879,11.7669,11.4227,11.7784,11.5243,11.472,11.3691,12.0188,11.7865,11.4116,11.7713,13.0031,12.1487
 ENSMUSG00000105244,10.6755,10.5756,10.4866,10.6794,9.829,9.71,9.4866,10.0524,10.5518,11.0167,10.188,10.3397
 ENSMUSG00000028744,9.9642,9.845,9.8979,10.121,8.9672,8.8787,9.179,9.2217,9.9793,9.9379,10.0569,9.8415
 ENSMUSG00000031274,5.4665,5.6335,5.6199,5.0995,4.9419,4.5931,5.1443,4.6008,4.9996,4.4735,4.2461,4.6993
 ENSMUSG00000021221,5.0351,4.9607,4.5528,3.9687,5.0072,5.3297,4.4672,4.6819,4.1875,4.092,4.0154,4.2895
 ENSMUSG00000073008,11.824,11.9848,11.9439,11.947,10.9877,11.0275,11.0577,11.3051,12.0707,12.1303,12.1244,11.8767
 ENSMUSG00000054252,5.8102,5.5381,5.4314,5.6618,6.0868,6.6932,5.9855,5.3398,6.5851,5.7172,5.7848,6.5082
 ENSMUSG00000069607,6.5541,6.6632,7.1071,7.0979,6.6692,6.2988,6.8699,6.3342,6.5733,6.8827,5.4021,6.4687
 ENSMUSG00000022579,4.4774,4.5052,4.9,4.6657,5.0072,4.9209,4.2447,4.203,4.5062,5.22,3.7047,5.2508
 ENSMUSG00000032702,4.429,4.3887,4.3315,4.0637,5.0072,5.3982,4.6531,4.3167,4.7993,4.9014,4.1375,5.4024
 ENSMUSG00000024420,5.4665,5.8856,5.7857,5.5081,5.7273,5.987,5.0847,4.8972,6.1494,5.922,5.0867,6.3577
 ENSMUSG00000026986,4.2113,4.1096,4.5528,3.74,5.0694,4.5931,3.9606,3.9271,3.7128,4.2614,3.4793,3.7315
 ENSMUSG00000050212,6.8824,7.1475,7.1965,6.9205,6.3728,6.3334,6.2698,5.9987,7.1011,6.956,6.0088,6.2529
 ENSMUSG00000090996,5.6299,6.0315,5.9799,6.0956,5.7273,5.0135,5.0222,5.8119,6.3147,6.3711,5.9561,5.3135
 ENSMUSG00000006715,8.3379,7.7306,7.996,7.5011,7.4465,7.2195,7.6065,7.5354,7.6456,7.5764,8.7658,8.3261
 ENSMUSG00000029836,11.5545,11.4116,11.45,11.4265,10.9559,11.0037,11.2899,11.2175,11.5016,11.5532,12.6187,12.0788
 ENSMUSG00000021806,6.8584,6.7596,6.8737,7.2159,6.9305,6.9585,7.4119,7.2631,6.909,6.7475,5.5894,6.7022
 ENSMUSG00000039330,4.8755,5.0348,4.6798,5.7327,5.24,3.9222,5.3087,4.6819,4.7093,5.1095,5.3194,4.8392
 ENSMUSG00000030257,8.65,8.7092,8.5603,8.9962,8.6042,8.8845,7.8479,7.781,8.4321,8.1033,7.6144,8.1136
 ENSMUSG00000026181,10.0449,9.9949,10.104,10.0938,10.0944,9.9496,10.6325,10.6236,10.1426,10.2327,11.4363,10.9038
 ENSMUSG00000000563,11.9042,11.6381,11.8611,11.5328,12.0089,11.7707,12.1575,12.268,11.707,11.8045,13.0848,12.6733
 ENSMUSG00000021252,9.515,9.3769,9.4928,9.5796,9.5939,9.4541,9.8613,9.9503,9.5105,9.6431,10.8254,10.5216
 ENSMUSG00000042353,3.7539,3.9337,3.4387,4.1501,3.9523,4.821,4.3616,3.9271,3.5706,4.9014,3.8746,4.3579
 ENSMUSG00000071540,6.0289,5.9047,6.2474,5.9057,6.2499,6.6932,5.3087,5.4307,6.0503,6.3082,5.1366,5.7092
 ENSMUSG00000048249,12.5012,12.5133,12.5929,12.6364,11.7898,11.9217,12.0007,11.9247,12.74,12.7879,11.8725,11.4054
 ENSMUSG00000044583,11.7427,11.5897,11.7373,11.5517,10.7877,10.4542,11.112,10.6271,11.343,11.791,11.4345,11.2273
 ENSMUSG00000075327,9.6347,9.5524,9.402,9.5366,9.7593,9.9413,9.8613,9.5554,9.7542,9.8868,11.0574,10.3577
 ENSMUSG00000000957,5.9848,6.1155,6.0677,6.1817,6.6107,6.3671,5.408,5.9391,5.998,6.7237,5.1366,6.3863
 ENSMUSG00000024236,10.6479,10.8251,10.6956,10.9819,10.982,11.0546,10.9623,10.8898,10.8798,10.9268,9.5675,10.0035
 ENSMUSG00000045136,7.9237,7.8469,8.0661,8.0145,7.1239,7.2377,7.8479,7.5452,8.0139,8.2926,6.8585,7.2353
 ENSMUSG00000073902,14.9311,14.7643,14.9295,14.6113,13.8542,13.6721,13.9342,14.0768,14.6826,14.85,14.7426,14.3856
 ENSMUSG00000020674,4.27,4.2584,4.7387,4.3724,5.0694,4.5931,4.2447,4.5137,4.7551,5.0302,3.4793,5.0425
 ENSMUSG00000007867,5.3534,4.882,5.2513,5.4527,4.9419,5.2574,4.3616,4.4196,4.3896,4.5362,4.1375,4.5411
 ENSMUSG00000025154,9.9072,9.8254,10.4181,10.1423,9.3636,9.0377,9.4783,9.2094,9.4301,9.5091,8.9231,9.2054
 ENSMUSG00000028173,9.7244,9.8155,9.6659,9.6379,9.2975,9.4306,9.2159,9.4091,9.5243,9.3575,8.3634,8.5241
 ENSMUSG00000001227,6.3157,6.014,6.4398,6.1649,6.2754,6.2271,5.8877,5.2423,6.4499,6.7593,5.3194,5.798
 ENSMUSG00000031728,8.8328,9.0224,8.835,9.1156,8.2699,8.222,8.2089,8.3755,9.2002,9.371,8.297,8.1178
 ENSMUSG00000020267,10.722,10.3866,10.7758,10.3588,10.6331,10.2363,10.9751,10.9988,10.611,10.5491,11.8637,11.2849
 ENSMUSG00000090626,9.3407,9.476,9.3228,9.7227,9.3158,9.1996,9.6101,9.594,9.6508,9.8598,8.2492,8.7318
 ENSMUSG00000098814,10.8257,10.3924,10.5899,9.5285,11.2041,10.2961,9.803,10.2615,10.1768,10.4461,10.7738,10.6211
 ENSMUSG00000083033,7.136,7.5453,7.7163,8.2298,6.7618,6.9364,7.3285,7.5254,7.8488,7.6027,7.1874,6.7358
 ENSMUSG00000098052,4.27,4.3887,4.5528,4.3724,4.2344,4.3101,5.0847,4.5137,3.9343,3.7608,3.7047,3.3941
 ENSMUSG00000000402,6.8503,7.0746,7.0117,7.6875,7.3898,7.7504,6.7464,6.507,7.256,7.37,6.3105,6.7135
 ENSMUSG00000040389,9.3378,9.441,9.3468,9.5889,8.43,8.726,8.8739,8.7186,9.5454,9.5195,8.6722,8.4251
 ENSMUSG00000104713,10.588,10.1416,10.5051,9.7142,10.1585,10.2318,10.2125,9.3025,9.2689,9.4847,9.7446,9.6057
 ENSMUSG00000026869,10.6356,10.5136,10.5981,10.5121,10.5045,10.541,10.841,10.8485,10.5118,10.5775,11.9769,11.3801
 ENSMUSG00000082724,5.9848,6.1636,6.3728,6.4681,5.0072,5.8969,6.0471,6.3794,6.4627,6.2756,6.8442,6.3863
 ENSMUSG00000062352,9.5022,9.4019,9.556,9.5252,9.6039,9.4541,10.0232,9.987,9.6865,9.7497,10.8918,10.4436
 ENSMUSG00000021591,8.8711,8.3841,8.8865,8.3376,8.4578,8.0369,8.4588,8.4457,8.2157,8.5869,7.3476,7.6468
 ENSMUSG00000045802,4.27,4.611,4.9972,4.2295,3.9523,3.9222,3.5309,3.7484,4.4494,4.092,4.0154,3.3941
 ENSMUSG00000071478,6.8824,6.3549,6.9784,6.4405,6.8145,6.6665,7.5016,6.8962,7.2778,7.2252,7.7352,6.2987
 ENSMUSG00000081374,5.3768,5.701,5.649,6.3982,5.438,6.0717,5.408,4.6008,5.8081,5.5339,5.276,5.2183
 ENSMUSG00000005374,9.8233,9.7663,9.7137,9.8964,9.8689,10.0888,9.9712,9.9484,9.7963,9.8407,11.1737,10.7904
 ENSMUSG00000100937,6.3157,6.7802,6.55,6.8386,5.9976,6.0717,5.8535,5.5565,6.8711,6.6497,6.0088,5.8194
 ENSMUSG00000076488,4.27,4.611,4.0523,4.4988,5.0694,4.7123,4.8873,4.6819,4.5604,3.4115,4.0154,4.2163
 ENSMUSG00000081730,6.6598,6.8205,6.7075,7.0623,6.5907,6.5247,6.5493,6.6972,6.8518,6.6623,5.4021,5.9016
 ENSMUSG00000025781,11.8964,11.5882,11.858,11.3939,11.8424,11.6545,12.1049,12.1701,11.8028,11.8304,13.0544,12.5561
 ENSMUSG00000030987,10.9664,11.1962,11.1012,11.4597,10.6319,10.6772,10.6692,10.7644,11.2935,11.2146,10.1552,9.992
 ENSMUSG00000096458,6.4399,5.8663,6.3025,6.0227,5.7273,6.5247,6.1348,6.6053,5.8872,6.3711,7.2751,6.8829
 ENSMUSG00000021646,8.6337,8.7383,8.7524,8.5446,7.9636,7.9732,7.5232,8.1416,8.4321,8.4012,7.4359,7.9088
 ENSMUSG00000074228,6.4613,6.652,6.1097,5.9654,5.9976,5.6423,5.0222,5.596,6.2117,6.1908,5.5539,5.6387
 ENSMUSG00000028832,9.9398,9.276,9.4948,9.2596,9.3695,9.1331,9.3273,9.2431,9.1018,9.0328,10.5144,10.033
 ENSMUSG00000042102,4.149,4.2584,4.2466,4.0637,3.5259,5.181,3.7763,4.203,3.8312,4.1803,3.4793,4.4223
 ENSMUSG00000000631,11.9288,12.0795,11.8859,12.4507,11.6619,11.673,11.5157,11.5972,12.1323,12.0572,10.884,11.0438
 ENSMUSG00000047363,5.0647,5.2953,4.6798,5.778,5.24,5.987,5.0222,4.9615,5.3545,5.5616,4.3444,5.2508
 ENSMUSG00000037712,4.9736,5.1715,5.0431,4.8122,5.6507,5.3297,5.5005,4.5137,5.4369,5.386,4.3444,5.8404
 ENSMUSG00000022800,10.5275,10.6118,10.6716,10.5873,10.5125,10.4366,11.0003,10.9523,10.7297,10.7879,12.0677,11.2313
 ENSMUSG00000033295,5.3998,5.1386,5.3972,6.0956,5.3911,6.2988,5.7824,5.2423,6.5615,5.922,5.4021,5.8404
 ENSMUSG00000081723,5.8763,5.4877,6.4722,5.8644,6.65,5.8496,5.5005,5.5565,5.4633,5.943,5.0348,5.5125
 ENSMUSG00000052525,6.1533,6.4863,6.565,6.6594,5.7273,6.0717,6.591,6.0558,6.6978,6.5583,7.4734,6.8113
 ENSMUSG00000069300,9.7517,9.0159,9.7469,8.7369,8.5012,8.6802,9.2963,8.9738,9.2021,8.9961,9.7427,8.6376
 ENSMUSG00000048489,7.0818,7.2094,6.9671,7.5973,6.962,6.7195,6.2438,6.2392,7.4923,7.3154,6.4685,6.9416
 ENSMUSG00000024397,9.5176,9.138,9.88,9.762,9.2852,8.7828,9.3057,8.8359,9.2303,9.3284,8.2492,9.5236
 ENSMUSG00000022894,5.8923,5.3811,6.3381,5.3951,6.0279,6.03,5.3592,5.4307,5.564,6.1554,4.738,5.8611
 ENSMUSG00000022040,5.488,5.5626,5.3263,4.6657,5.3426,5.181,4.8873,4.8972,4.6121,4.758,4.0154,4.6488
 ENSMUSG00000029672,11.1191,11.1179,11.0857,11.2995,10.2165,10.2089,10.2963,10.3916,11.1833,11.4327,11.0064,10.9567
 ENSMUSG00000031442,6.9214,7.1156,7.0864,7.6521,7.4013,8.0473,6.8006,6.8329,7.486,7.2421,6.3517,6.9126
 ENSMUSG00000089735,6.6873,6.9889,6.7737,7.398,6.0279,6.1898,6.4394,6.7667,7.4671,7.083,6.487,6.4143
 ENSMUSG00000080976,4.3786,5.1715,4.5528,5.8001,5.0694,5.0135,5.0222,4.5137,5.4892,5.4471,4.738,4.5411
 ENSMUSG00000082193,4.6112,4.9607,4.9972,4.5571,5.6107,4.7123,4.4672,4.5137,4.6617,4.9014,5.929,4.965
 ENSMUSG00000027712,10.0528,9.8703,10.2708,10.024,10.1449,9.7706,9.8357,9.6681,9.776,10.0835,8.5238,9.6532
 ENSMUSG00000055108,7.136,7.2832,7.2439,7.8473,6.9145,6.9804,6.8006,6.6053,7.486,7.3234,6.1326,6.7578
 ENSMUSG00000020577,11.4254,11.4287,11.4932,11.3385,10.6751,10.4287,10.9132,10.8761,11.3292,11.2326,10.424,10.2653
 ENSMUSG00000024855,10.4201,10.7131,10.4816,10.9676,10.0532,9.899,9.8802,10.0385,10.6705,10.635,9.6414,9.6517
 ENSMUSG00000027784,9.5188,9.5223,9.4928,9.9052,8.7906,8.9521,8.8864,9.2062,9.6824,9.7275,8.9265,8.4622
 ENSMUSG00000032348,5.4665,5.5626,5.8115,5.5081,4.9419,4.7123,5.2561,4.7579,5.5395,5.0704,4.2461,5.1849
 ENSMUSG00000029390,11.9158,11.6549,11.8728,11.4627,12.0628,11.8175,11.8967,11.9948,11.6254,11.808,13.0813,12.6198
 ENSMUSG00000095865,9.4737,8.6795,8.8805,8.2217,8.7235,8.3106,7.6659,8.9368,8.359,8.6194,8.4739,8.3188
 ENSMUSG00000068252,5.4665,5.3245,5.8115,6.5348,5.7273,6.1122,5.5445,4.8295,5.9801,6.0628,5.9561,6.1055
 ENSMUSG00000030339,7.2811,7.1475,7.6263,7.4402,8.0169,7.3592,7.5232,6.942,7.0427,7.0258,6.1792,7.1384
 ENSMUSG00000071172,12.934,12.9388,12.9996,13.0514,12.7323,12.8296,13.469,13.2392,13.0776,13.1003,14.3125,13.7553
 ENSMUSG00000052376,4.5683,5.0348,4.6798,5.4527,4.1036,4.821,5.0222,5.4739,5.2667,5.5339,4.4346,4.8825
 ENSMUSG00000025887,4.9736,4.7082,5.2513,4.0637,4.5515,4.9209,4.2447,3.7484,4.8833,4.4073,4.1375,4.2163
 ENSMUSG00000038151,8.6776,8.6958,8.6957,8.2298,8.5588,9.0009,7.9065,8.1865,7.9383,8.0278,7.5976,7.7322
 ENSMUSG00000036216,6.3391,6.4863,6.2285,6.7293,5.6107,6.5831,5.5871,5.4739,6.3428,6.4314,6.1561,5.5644
 ENSMUSG00000069713,6.2919,5.7861,5.7594,6.0777,6.0868,5.9427,6.9359,7.1639,6.3288,6.8054,6.4113,6.2529
 ENSMUSG00000061578,8.2427,8.4237,8.3387,8.7453,8.2636,8.6051,7.9147,7.6948,8.1062,8.2434,7.317,7.4046
 ENSMUSG00000015846,9.7495,9.8328,10.1982,10.5284,10.1033,9.5225,9.6837,9.5032,9.8311,10.0458,8.7198,9.7243
 ENSMUSG00000038604,9.5112,9.9436,9.6985,10.5219,9.8647,9.8107,9.8485,9.8363,9.8663,9.9093,8.8819,8.9205
 ENSMUSG00000046334,5.6299,5.9785,6.0024,6.4124,5.0694,5.2574,5.3592,5.0227,6.1494,6.0628,5.6576,5.7764
 ENSMUSG00000021650,9.6487,9.6334,9.7354,9.6121,9.6431,9.3742,9.979,9.9996,9.6508,9.6588,11.0032,10.4164
 ENSMUSG00000009376,6.0994,6.014,6.2844,6.0038,6.5075,6.5542,6.2438,5.2423,6.1494,6.6242,5.4021,6.6206
 ENSMUSG00000082693,4.4774,3.9337,3.9381,4.7165,4.2344,4.821,5.0222,3.7484,4.7993,3.7608,4.6691,4.4223
 ENSMUSG00000039599,10.9334,11.0941,10.8449,11.1795,10.5683,10.5299,10.9799,11.0508,11.2115,11.2555,10.0178,9.9476
 ENSMUSG00000014361,10.995,11.223,11.5356,11.1279,11.3498,10.7117,10.8378,10.4843,10.8204,10.941,9.9295,10.3799
 ENSMUSG00000022883,5.2299,5.6335,5.3972,5.6858,5.438,6.1122,4.8873,4.4196,5.4369,5.0302,4.8652,5.1849
 ENSMUSG00000063442,4.0112,4.2584,4.9972,4.0637,5.1855,4.3101,3.7763,4.3167,4.4494,4.1803,5.0348,4.1376
 ENSMUSG00000004668,6.8824,6.0657,5.7327,5.5349,5.9023,6.6114,6.2698,5.6344,5.6117,5.4766,5.6906,5.7543
 ENSMUSG00000026556,8.2911,8.5573,8.3343,9.3923,8.5485,9.0273,8.2353,8.1351,8.983,9.2517,8.0953,8.4387
 ENSMUSG00000046805,13.1723,12.8621,13.4382,13.0403,13.2279,12.9496,13.1784,12.9271,12.4758,12.7788,11.7652,12.5222
 ENSMUSG00000062098,5.6105,6.014,6.3728,5.8644,5.1855,5.5853,5.3087,5.3398,6.4627,5.7172,5.0348,5.798
 ENSMUSG00000023953,9.7774,9.5208,9.6039,9.3616,9.5964,9.4734,9.84,9.8896,9.5544,9.6112,10.9444,10.355
 ENSMUSG00000000530,8.031,7.8947,8.1076,8.1601,8.4633,8.0779,8.2803,8.1801,7.7944,7.7858,6.7087,7.6815
 ENSMUSG00000042993,5.2807,5.7442,5.8369,5.5349,5.1855,5.0999,5.0222,4.4196,5.8872,5.22,4.8032,4.8825
 ENSMUSG00000095642,9.0058,8.9107,9.0444,7.7164,8.2382,8.5839,8.1408,8.319,7.9965,8.2764,8.9532,8.1304
 ENSMUSG00000039200,4.6112,3.9337,3.8066,4.2295,4.4554,5.3297,3.7763,4.075,4.0265,4.4073,4.2461,4.7477
 ENSMUSG00000039865,6.534,6.6852,6.266,7.2714,6.5497,6.7706,5.8184,5.9692,6.5006,6.8827,5.7848,6.2683
 ENSMUSG00000027602,6.8008,6.6742,6.7737,6.6474,6.4191,5.7498,5.8535,5.9987,6.7717,6.8934,5.8149,6.0165
 ENSMUSG00000020953,7.5185,7.7463,7.8447,7.3472,7.892,7.9732,8.2353,7.9762,8.7585,7.9119,7.5456,8.7699
 ENSMUSG00000034634,13.4953,13.2195,13.376,13.0022,13.4941,13.0466,13.5901,14.0426,13.3906,13.5064,14.4122,14.2336
 ENSMUSG00000103677,4.9417,4.0258,5.2893,5.4807,4.9419,5.3297,5.5871,5.4307,5.1399,5.5888,4.8032,4.8392
 ENSMUSG00000082901,4.27,5.1049,4.618,5.0622,5.0694,5.181,4.814,3.9271,4.9232,4.1803,5.276,4.4223
 ENSMUSG00000033278,9.4352,9.5657,9.9038,9.3959,9.5964,8.9686,8.9071,8.736,8.9494,8.7306,8.4173,8.8535
 ENSMUSG00000089662,5.0937,5.1715,4.9,5.2717,4.8002,4.5931,3.9606,3.9271,4.962,4.7062,4.8652,4.2895
 ENSMUSG00000062896,4.8056,4.4484,4.9495,3.5932,4.9419,5.2574,4.7362,4.8972,4.3896,4.5362,5.0348,5.1157
 ENSMUSG00000022132,6.1266,5.9964,5.9102,6.4124,5.5695,6.03,5.921,5.9084,6.2568,6.3242,5.3614,4.8392
 ENSMUSG00000036896,12.3154,12.2166,12.696,12.0146,12.213,11.3794,11.8649,11.5117,11.7946,11.7763,11.0872,11.6814
 ENSMUSG00000096722,4.0826,4.7982,4.4102,3.8623,4.3505,5.3297,4.4672,4.203,4.3896,4.3368,5.0348,5.1157
 ENSMUSG00000041000,5.9081,6.014,5.7857,6.2785,6.1976,6.2988,5.7076,5.9084,6.1809,5.7172,4.6691,5.5644
 ENSMUSG00000021596,7.6404,7.7306,7.7947,7.7446,7.4685,7.4866,7.0742,6.6053,7.8824,7.5764,6.5764,7.2196
 ENSMUSG00000021697,6.2677,5.9785,5.7053,5.5613,5.7273,5.6423,5.1443,4.6008,5.6579,5.5888,5.0348,5.2825
 ENSMUSG00000029048,10.9157,10.731,10.8797,10.6431,10.6963,10.4812,11.1958,11.2934,10.8798,10.8959,12.0799,11.5173
 ENSMUSG00000061666,6.9819,7.2468,7.4026,7.1832,6.9929,6.7706,6.7279,6.5471,6.8023,6.8279,5.8443,6.1729
 ENSMUSG00000012187,5.0647,5.0348,4.9,4.2295,3.9523,3.9222,3.7763,4.203,4.6617,4.1803,4.3444,4.1376
 ENSMUSG00000037416,14.0869,14.1382,14.1022,14.2835,13.2145,13.2327,13.6237,13.5353,14.3641,14.4636,14.3898,13.885
 ENSMUSG00000027530,4.3786,4.1867,4.0523,4.2295,4.9419,5.181,3.5309,4.203,4.6121,4.2614,3.8746,4.2895
 ENSMUSG00000027274,8.6821,8.832,8.7589,8.6677,8.5892,8.5696,9.1824,8.9406,8.779,8.8031,10.0934,9.4633
 ENSMUSG00000035914,6.2798,6.3686,6.5038,6.586,5.3426,5.4635,5.9536,6.2144,6.3566,6.4165,5.5539,5.6626
 ENSMUSG00000029762,4.5683,4.6606,4.3315,4.1501,5.0694,5.2574,4.814,4.4196,4.3264,5.0704,3.8746,5.1849
 ENSMUSG00000095866,6.1266,6.2844,5.7053,5.0238,5.6507,5.3982,6.4844,5.4307,5.8482,5.4766,5.5539,5.1508
 ENSMUSG00000079845,8.2822,6.9622,7.7297,6.8595,7.5116,7.8002,7.4907,8.0474,7.6897,7.5155,8.16,8.0351
 ENSMUSG00000042784,5.0351,4.922,4.9495,4.8574,4.9419,5.0999,3.9606,4.6008,4.9996,5.4169,4.5181,3.9579
 ENSMUSG00000034311,8.65,8.1043,8.2254,7.3472,7.7372,7.3084,7.3648,7.356,7.7272,7.6601,8.3126,7.9757
 ENSMUSG00000012422,11.1575,11.091,11.1335,11.0964,11.0575,11.1429,11.6399,11.5336,11.1512,11.3305,12.4533,12.0288
 ENSMUSG00000002980,4.7691,4.7982,5.4314,4.6126,5.3426,5.5853,5.5871,5.0811,5.2667,5.5056,4.2461,5.5125
 ENSMUSG00000066487,5.0351,5.3531,4.9,4.6657,5.1855,4.9209,5.3592,5.8119,5.0716,4.9458,6.2464,5.5125
 ENSMUSG00000051354,6.5441,6.409,6.9328,7.0166,6.3962,7.201,7.0446,6.8962,7.1806,5.857,6.0844,6.9512
 ENSMUSG00000095993,4.841,4.882,4.7387,5.0238,4.5515,4.5931,5.455,4.8972,5.1399,4.9887,6.0088,5.6861
 ENSMUSG00000032330,9.9605,9.6529,10.0899,9.5606,9.5989,9.4963,10.1891,10.1233,9.9273,10.0217,11.0827,10.4224
 ENSMUSG00000038224,4.3786,4.2584,4.4102,5.0995,4.7228,5.181,4.4672,4.075,4.5062,4.4735,5.5894,4.9245
 ENSMUSG00000019846,4.909,4.8408,4.7948,5.2717,5.3911,5.6423,4.9565,4.6819,4.962,4.6522,3.8746,5.0796
 ENSMUSG00000053297,4.8056,5.7442,5.0431,5.0995,5.4832,5.6971,4.5639,4.4196,4.9996,5.0302,5.6906,5.3438
 ENSMUSG00000067591,5.6679,5.4619,5.4972,5.9847,4.7228,5.5257,5.2014,5.3398,6.1652,5.386,5.1847,6.2836
 ENSMUSG00000030008,7.8489,7.6986,7.6192,7.9036,7.5841,7.4083,7.9629,7.9907,7.7893,7.88,8.9892,8.5927
 ENSMUSG00000076487,4.429,4.1096,4.5528,4.1501,5.0694,4.7123,4.6531,4.4196,4.6121,3.4115,4.1375,4.9245
 ENSMUSG00000029177,10.2818,10.3639,10.2042,10.6378,9.9842,10.1161,10.008,10.143,10.2857,10.3506,9.3175,9.0938
 ENSMUSG00000022584,10.2698,9.8006,9.8559,9.1178,9.9435,10.4227,9.4106,8.9255,9.3083,9.7643,9.7973,9.6341
 ENSMUSG00000029581,7.136,6.6295,6.812,7.5078,6.9464,6.7706,6.2953,6.2875,6.8023,7.4373,6.1087,7.0611
 ENSMUSG00000020940,4.6927,4.611,4.7387,5.4242,3.7693,5.0135,4.3616,4.4196,4.6617,5.2889,4.5181,4.4223
 ENSMUSG00000002992,5.5301,5.1049,5.649,5.0238,5.5271,5.181,5.3592,4.8295,4.7993,5.5888,4.2461,4.5962
 ENSMUSG00000066861,7.3741,7.3465,7.5975,7.1832,7.2311,7.3921,7.3162,6.7323,6.9275,7.6787,6.0345,7.1796
 ENSMUSG00000033970,9.1845,8.9854,9.1324,8.9065,8.8463,8.7828,9.4335,9.4305,9.1518,9.1171,10.3541,9.7284
 ENSMUSG00000027834,9.7837,9.7753,9.7826,9.7467,8.9438,9.0325,8.9829,8.7784,9.7148,9.7744,9.1995,8.7564
 ENSMUSG00000105432,5.8436,6.5951,5.3972,5.3653,5.2923,5.3982,5.455,5.4307,5.7025,6.1908,6.3917,5.798
 ENSMUSG00000055692,7.0749,7.2903,7.0117,7.4192,7.3547,7.929,7.0143,7.3219,7.5108,7.4662,6.1792,6.7468
 ENSMUSG00000039063,5.6865,5.3531,5.7857,5.6125,5.0072,5.2574,4.6531,5.0811,5.8081,5.943,4.8032,4.8825
 ENSMUSG00000103906,6.4929,6.313,6.5799,6.6594,6.224,6.7195,6.528,6.7149,6.6199,7.0451,7.8177,7.2586
 ENSMUSG00000030087,5.9996,5.7227,6.4398,6.2309,6.2754,5.8496,6.4621,6.2392,5.7243,5.4766,5.0348,5.5125
 ENSMUSG00000021684,6.8744,6.8105,7.0549,6.3838,6.9929,6.9585,6.7647,5.4739,6.7614,6.8934,6.3917,6.9416
 ENSMUSG00000024091,10.82,10.8078,10.7564,10.7681,10.8041,10.7566,11.267,11.1185,10.8642,10.941,12.1909,11.5972
 ENSMUSG00000021990,11.499,11.5677,11.4414,11.4571,10.7217,10.7954,10.481,10.6363,11.4304,11.5461,10.5553,10.8495
 ENSMUSG00000094491,6.7924,6.7068,6.638,7.3837,6.224,6.6392,7.2529,6.8962,6.3428,5.9841,6.7705,6.0165
 ENSMUSG00000043008,12.07,11.9909,12.0527,11.9824,11.2635,11.1787,11.3401,11.4188,12.0847,12.2349,11.3209,11.022
 ENSMUSG00000000359,4.429,4.611,4.4837,4.4988,4.873,5.181,4.113,3.9271,5.2667,4.8554,4.5181,5.3135
 ENSMUSG00000061981,8.5763,8.5059,8.4954,8.6106,8.2824,8.0369,7.8649,7.9317,8.571,8.4883,7.1874,7.797
 ENSMUSG00000058794,7.44,6.8693,6.7994,7.0166,7.2181,6.6392,7.1174,6.4658,6.2269,6.771,5.8443,6.8829
 ENSMUSG00000108279,4.3257,4.1867,3.8066,4.3724,3.7693,5.181,4.3616,4.6819,4.3896,4.1803,4.1375,5.1157
 ENSMUSG00000051212,11.715,11.8409,11.7696,11.6687,11.5713,11.8168,11.7924,12.0074,11.8766,11.8694,13.0912,12.6106
 ENSMUSG00000007777,7.0256,6.7068,7.2346,6.774,6.7796,6.7453,7.7042,7.4219,6.8711,6.8167,8.0339,7.4724
 ENSMUSG00000035699,4.909,4.882,4.9,5.0238,4.1036,4.3101,4.113,3.7484,4.9232,4.7062,4.0154,4.5411
 ENSMUSG00000011263,5.0647,4.8408,4.7948,4.8574,5.2923,5.4635,5.2014,4.9615,4.9996,5.1095,3.7047,4.7477
 ENSMUSG00000000253,4.6927,4.611,4.4102,4.7165,4.9419,5.4635,4.4672,4.203,4.5604,5.386,4.0154,5.0425
 ENSMUSG00000031860,7.054,7.2614,7.0655,7.0351,6.1976,6.2988,6.393,6.4232,7.1174,7.191,6.4306,6.1055
 ENSMUSG00000062646,11.3702,11.3897,11.3867,11.2536,10.5111,10.6904,10.5548,10.7095,11.3301,11.3587,10.4047,10.3397
 ENSMUSG00000082498,4.2113,4.9983,4.4102,5.1358,4.3505,3.9222,5.0847,4.5137,5.1728,4.1803,4.4346,4.1376
 ENSMUSG00000022015,4.841,4.2584,4.4102,4.2295,4.5515,4.4604,4.113,3.5108,4.9996,4.5956,5.1847,4.4223
 ENSMUSG00000038712,10.0379,10.1902,10.1181,10.2615,9.5584,9.3986,9.47,9.3342,10.0559,10.1226,9.0862,9.1569
 ENSMUSG00000014747,5.0937,5.7653,5.1304,6.0596,5.1855,6.0717,5.921,5.6344,5.4369,5.6672,6.4497,6.1396
 ENSMUSG00000043931,11.0959,10.9228,10.985,10.6617,9.9077,9.9273,9.9965,10.3216,10.7706,10.6673,10.6079,10.0172
 ENSMUSG00000024084,4.6112,4.8408,4.9,5.239,5.1287,5.6971,4.113,4.7579,5.1062,4.9887,4.2461,4.5411
 ENSMUSG00000037579,4.27,3.7122,3.6483,4.4373,5.0072,4.821,4.5639,4.4196,4.7093,4.9458,4.4346,4.7943
 ENSMUSG00000032177,8.9876,8.9677,8.7847,9.2694,8.1318,8.302,8.0693,7.8464,8.6231,8.4124,8.8502,8.2549
 ENSMUSG00000084154,3.8488,4.1096,3.6483,4.6657,5.0072,4.1352,3.9606,4.3167,4.0265,3.6103,3.4793,4.052
 ENSMUSG00000022043,11.538,11.6184,11.6177,11.5136,10.6245,10.4048,10.8421,11.0749,11.5438,11.5054,11.1457,10.7288
 ENSMUSG00000012483,8.2881,8.0504,8.2441,7.8731,7.6722,7.6987,8.3178,8.1865,8.3521,8.2517,9.2023,8.8433
 ENSMUSG00000026395,16.1242,16.1169,16.1412,16.0654,15.2664,15.1634,15.3096,15.4517,16.2178,16.2113,16.3399,16.096
 ENSMUSG00000008482,4.149,4.0258,3.4387,4.2295,4.5515,4.5931,4.5639,4.3167,3.5706,4.4073,4.1375,5.0044
 ENSMUSG00000032750,8.9523,9.0395,8.9591,9.1243,8.9121,9.3659,8.827,8.77,9.0158,8.9961,7.7197,8.2433
 ENSMUSG00000084292,6.2677,6.9257,6.721,7.3546,6.5497,6.4945,6.1062,6.2635,7.0342,6.771,6.0345,5.9409
 ENSMUSG00000004187,7.3399,7.7094,7.2624,7.3837,6.882,7.4866,6.9678,7.0846,7.64,7.5496,6.2681,6.6085
 ENSMUSG00000084201,4.8755,5.1049,5.0431,5.3653,4.873,4.1352,5.5445,5.2919,5.41,5.2889,5.5175,4.4223
 ENSMUSG00000081378,5.7932,5.3245,5.7327,5.4527,4.873,6.03,5.5005,5.6718,5.6803,5.4471,6.6768,5.4024
 ENSMUSG00000075706,11.039,10.6903,11.0954,10.5716,10.1602,10.1087,10.1687,10.3244,10.8869,11.0167,9.9579,9.9606
 ENSMUSG00000058831,5.0351,4.8408,4.0523,5.3348,5.3426,5.4635,5.1443,4.8972,5.2049,5.4766,5.7848,5.3438
 ENSMUSG00000027878,14.2411,14.5524,14.2757,14.5392,13.5799,13.6667,13.3701,13.491,14.3298,14.2828,13.7634,13.5682
 ENSMUSG00000045551,8.8287,8.8539,8.9276,7.6097,8.9595,8.7388,8.5137,8.3362,8.1423,8.1351,8.6962,9.0895
 ENSMUSG00000035764,9.2548,9.2505,9.1794,9.3096,9.2443,9.048,9.7651,9.9521,9.3363,9.3264,10.5211,9.9332
 ENSMUSG00000018774,10.95,10.5617,11.2429,10.6097,10.8799,10.3619,10.6062,10.3387,10.1691,10.267,9.5435,10.289
 ENSMUSG00000025978,8.9949,8.9964,8.9927,9.0916,8.0538,8.5258,8.2867,8.77,9.2266,9.0231,8.2653,8.0034
 ENSMUSG00000100441,4.4774,4.1867,3.9381,3.74,5.0072,4.4604,3.9606,4.6819,4.1103,4.092,5.1366,4.5962
 ENSMUSG00000056515,9.4406,9.1498,9.6917,9.3433,8.7862,8.5034,8.9868,8.9065,9.2488,9.4253,8.2219,8.6287
 ENSMUSG00000003546,8.7829,8.9084,8.8006,8.8634,8.2573,8.3778,8.3178,8.3531,8.9785,9.0591,7.8608,7.7596
 ENSMUSG00000070436,6.0143,5.7861,6.0463,5.4807,5.3911,5.0999,6.077,5.2919,5.635,6.1908,5.3194,6.5212
 ENSMUSG00000056185,8.8631,8.8944,8.6682,8.9214,7.9867,7.8719,7.931,7.9835,8.8822,8.9173,8.4411,8.3334
 ENSMUSG00000021892,11.993,12.0767,11.9306,12.4535,11.7881,11.7847,11.0297,11.2963,12.0282,12.0984,11.0902,11.5704
 ENSMUSG00000091831,8.9238,9.2957,9.0524,9.6409,8.3253,8.5258,8.7741,8.6922,9.4526,9.474,8.8068,8.4387
 ENSMUSG00000035493,9.9407,9.6334,10.1862,10.2556,9.9036,9.5591,9.5923,9.0761,9.9569,9.8974,8.7468,9.7422
 ENSMUSG00000030149,8.8571,8.685,9.1349,9.2925,8.3313,9.3409,9.6741,8.9956,9.5334,8.5265,8.4411,9.1486
 ENSMUSG00000041515,13.4058,13.3234,13.3975,13.6043,12.8507,12.8713,12.8561,12.8671,13.469,13.577,14.2054,13.8609
 ENSMUSG00000095649,7.5586,7.5867,7.7429,6.7959,7.5431,7.4243,6.8529,6.5862,7.5352,7.6285,6.559,7.155
 ENSMUSG00000062585,12.5304,12.4915,12.53,12.6317,11.746,11.6629,12.0349,12.1593,12.6797,12.6345,13.2022,12.6228
 ENSMUSG00000054517,10.6732,10.7997,10.7838,11.1712,10.6857,10.7068,10.8495,10.8927,10.9022,10.8556,12.2712,11.0681
 ENSMUSG00000056895,7.0887,6.5951,7.2251,6.6109,5.9023,6.5542,6.2438,6.4015,7.1174,6.9763,6.5413,5.9792
 ENSMUSG00000053121,5.0351,4.4484,4.3315,4.8574,4.4554,4.9209,5.921,4.8972,5.0716,4.7062,5.2311,4.5411
 ENSMUSG00000094651,4.841,4.0258,4.5528,5.0238,4.4554,4.4604,4.113,4.4196,3.3831,4.8554,4.4346,4.4833
 ENSMUSG00000038650,10.8567,10.7909,10.9476,10.7831,10.2487,9.9019,11.0779,11.0808,11.076,11.0179,11.6271,10.9761
 ENSMUSG00000082561,4.9417,5.2654,4.9,5.4807,4.7228,5.2574,5.3087,5.0811,4.9996,4.5956,6.1326,5.7543
 ENSMUSG00000005397,9.6988,10.0209,9.645,9.4755,8.9902,8.8845,8.6325,8.8988,9.4414,9.3614,8.7276,9.4815
 ENSMUSG00000063568,7.3108,7.3116,7.0226,7.5973,7.008,6.2988,7.0594,6.7323,7.285,7.6787,6.3917,6.7468
 ENSMUSG00000076576,10.0918,9.36,9.1963,9.0492,10.5948,9.324,9.5614,9.5083,9.1964,9.2475,9.3531,9.5108
 ENSMUSG00000090963,9.5415,9.5862,9.5875,9.4722,9.4547,9.4773,10.1515,10.1134,9.641,9.726,10.847,10.2955
 ENSMUSG00000024184,5.4446,5.2035,5.0875,5.3653,4.873,4.3101,5.7824,5.3398,5.4369,5.1095,5.5894,4.4833
 ENSMUSG00000015053,4.429,4.611,4.9,4.3724,4.3505,5.5853,4.7362,4.3167,4.5604,5.3221,4.1375,4.965
 ENSMUSG00000108185,4.4774,4.611,4.5528,5.239,4.873,4.4604,4.7362,3.5108,4.1103,4.4735,4.1375,4.2163
 ENSMUSG00000072673,5.4446,5.1049,4.9495,4.7165,5.0694,4.9209,4.6531,4.3167,5.7025,5.7654,4.8032,4.7477
 ENSMUSG00000030691,13.7297,14.0435,13.779,14.3299,13.3178,13.2707,13.151,13.1717,14.1899,14.1843,13.3372,13.4968
 ENSMUSG00000022885,12.6313,12.7866,12.6812,12.9755,12.0718,12.0501,11.8275,12.1419,12.8454,12.9091,11.9076,12.0414
 ENSMUSG00000076749,4.7691,4.5593,4.3315,4.6126,3.9523,5.6423,4.814,4.6819,5.0361,4.5362,4.5181,5.2183
 ENSMUSG00000103367,4.9736,5.3245,4.9972,4.6126,5.1287,5.6423,4.5639,5.0227,4.7093,5.0302,4.0154,4.4223
 ENSMUSG00000027384,8.2941,8.2655,8.3731,8.1685,8.0391,8.0054,8.9555,8.7403,8.445,8.3245,9.4643,8.8911
 ENSMUSG00000082433,5.2555,5.8466,5.9338,6.1983,5.6895,5.6971,5.7455,6.2635,6.1171,6.1191,4.8652,5.2508
 ENSMUSG00000015981,4.7691,4.922,5.0431,5.0238,5.4832,5.0999,5.408,4.8295,5.7876,4.4073,4.4346,5.5644
 ENSMUSG00000073599,4.3257,4.2584,3.9381,4.2295,5.0072,5.0135,4.6531,3.7484,4.4494,4.4735,3.8746,4.9245
 ENSMUSG00000102218,4.9417,4.3255,4.618,4.6657,4.5515,3.6367,4.9565,4.6819,5.1399,5.2889,4.8652,4.965
 ENSMUSG00000024776,10.1079,10.227,10.1256,10.3769,9.3927,9.324,9.4921,9.6082,10.3752,10.5159,10.4156,10.1429
 ENSMUSG00000007656,10.4242,10.3296,10.3636,10.3505,10.4992,10.4208,10.8864,10.8405,10.4134,10.5684,11.6756,11.3262
 ENSMUSG00000081126,4.3786,4.1867,3.9381,4.3033,4.7228,3.6367,4.2447,4.8972,4.3896,4.2614,5.2311,4.7477
 ENSMUSG00000031352,9.1717,9.1538,9.1399,9.2498,9.1106,8.896,9.662,9.6362,9.3118,9.3633,10.5087,9.7947
 ENSMUSG00000025969,9.6229,9.6913,9.4471,9.3228,9.4013,9.7893,8.519,8.7868,8.9243,8.8144,8.656,9.0323
 ENSMUSG00000037221,7.4507,7.3872,7.2157,8.431,7.3665,7.2377,7.3407,7.5551,7.64,7.4373,6.6275,6.9028
 ENSMUSG00000021213,6.4071,6.2844,6.5194,6.0227,6.1707,5.7498,6.393,5.7082,5.7243,5.9007,5.0348,5.5387
 ENSMUSG00000097906,5.9393,5.4877,5.7053,5.1711,5.4832,5.6423,5.9536,6.1373,5.5146,5.5056,6.8152,6.0706
 ENSMUSG00000089775,4.0826,4.611,4.8485,4.3033,4.7228,5.3297,4.3616,3.9271,5.0361,4.8554,4.3444,5.1157
 ENSMUSG00000021823,9.8984,9.8291,9.6746,10.0571,9.0499,9.3783,9.2388,8.8872,9.9216,10.0601,9.0307,9.2271
 ENSMUSG00000059995,10.8722,10.8736,10.9217,11.1618,10.8287,10.8933,11.2938,11.362,11.1448,11.1715,12.2592,11.8057
 ENSMUSG00000090077,9.1941,9.3169,9.3424,8.7921,8.7462,8.6668,9.5351,9.6972,9.2488,8.9355,10.1466,9.0143
 ENSMUSG00000059741,5.5092,5.7442,5.649,6.1983,5.8,6.1122,5.921,5.1371,5.5395,5.5339,4.8032,4.965
 ENSMUSG00000026994,9.2954,9.0978,9.6968,9.0172,9.1001,8.8256,9.1272,8.5326,8.4546,8.9121,8.0402,8.7207
 ENSMUSG00000024789,11.9612,11.8894,11.8168,11.8437,11.0701,11.3987,11.0914,10.909,11.9778,12.0163,11.335,11.0118
 ENSMUSG00000095440,4.5237,4.6606,4.3315,4.4373,5.1855,5.0135,4.5639,3.5108,4.3896,4.2614,4.0154,4.4223
 ENSMUSG00000005615,9.7067,9.5085,9.7188,9.7383,8.8421,8.8671,8.6716,8.6698,9.4858,9.6697,8.9762,9.1045
 ENSMUSG00000031871,7.0256,6.7904,7.2624,6.9205,6.8654,6.4322,6.6113,6.1635,7.3205,7.6601,6.6605,7.3836
 ENSMUSG00000094315,5.5506,4.9607,5.2513,5.5613,4.7228,4.7123,5.0222,4.6819,5.6803,5.8347,5.6906,5.5896
 ENSMUSG00000027750,5.3998,4.6606,4.8485,5.1711,5.6107,5.3297,5.455,5.0227,5.3545,4.5956,4.1375,5.2183
 ENSMUSG00000037306,7.9428,8.1795,8.1969,8.3922,8.3551,8.5184,7.4349,7.5154,8.0354,7.88,7.1297,7.6171
 ENSMUSG00000067058,6.2798,5.9785,5.9799,6.0777,5.8,6.4,5.9855,7.2389,6.3288,6.6872,6.6928,5.798
 ENSMUSG00000060419,11.9221,11.4141,11.3956,11.6797,11.459,11.1609,11.2033,12.0025,11.432,11.6745,10.4442,10.9099
 ENSMUSG00000025736,9.6264,9.5314,9.4471,9.5701,9.5481,9.5699,9.9475,10.1972,9.6155,9.5933,10.8541,10.3324
 ENSMUSG00000094973,5.6679,6.1155,5.7594,6.247,5.5271,5.2574,5.0222,5.2423,6.0503,6.1732,5.3194,5.2183
 ENSMUSG00000070369,11.8477,12.1456,12.4142,12.0538,12.0668,11.3629,11.8366,11.4799,11.7608,11.8238,10.7681,11.5451
 ENSMUSG00000024378,9.397,9.3221,9.6951,9.9616,9.2696,9.3946,9.4335,9.6338,9.5603,9.5719,10.478,10.5617
 ENSMUSG00000036905,12.4639,12.357,12.9057,12.0693,12.4465,11.7271,12.0493,11.7544,11.8626,12.0272,11.2445,11.9363
 ENSMUSG00000028381,12.0786,12.1135,12.1277,12.1353,11.8045,11.8511,11.8495,11.7485,12.1626,12.1272,13.073,13.0002
 ENSMUSG00000064267,13.9087,13.8523,13.7916,13.9231,13.3657,13.8738,13.0707,13.0739,14.0854,14.2137,14.5081,13.821
 ENSMUSG00000020140,7.7133,7.8469,7.7297,8.3633,8.0969,8.5696,7.5232,7.4432,8.0857,8.1663,7.094,7.4524
 ENSMUSG00000038644,11.1953,11.3466,11.1738,11.4081,10.4898,10.5391,10.7774,10.8917,11.4727,11.4051,11.9991,11.2892
 ENSMUSG00000037466,8.4461,8.4811,8.4954,8.8889,7.9401,7.7376,8.0322,8.1416,8.7942,8.6884,8.1013,7.5116
 ENSMUSG00000079544,4.2113,4.1096,4.1542,4.1501,4.3505,3.9222,4.3616,4.9615,3.9343,4.5362,5.3194,4.7943
 ENSMUSG00000026736,5.7932,5.6103,5.1304,5.3348,5.6107,5.8969,5.9855,6.1635,5.5395,6.2423,4.738,5.6861
 ENSMUSG00000076605,9.0185,8.8023,8.8288,8.5795,8.6386,8.8316,8.1268,9.876,8.6567,8.6194,8.9762,8.3371
 ENSMUSG00000032322,10.7692,10.7826,10.6897,10.7262,10.567,10.5896,10.8052,11.1144,10.9179,10.8725,9.8156,9.682
 ENSMUSG00000024245,4.4774,4.5052,4.8485,4.0637,4.6402,4.4604,3.5309,3.7484,4.5062,4.1803,4.0154,3.5861
 ENSMUSG00000053603,5.9698,5.5626,5.172,6.1132,5.6107,5.6423,5.921,5.7436,5.4633,6.0436,6.7244,6.4281
 ENSMUSG00000069270,10.0909,9.2001,9.8189,9.0762,8.8463,8.8195,9.2963,9.3342,9.7773,9.6852,9.9109,9.1066
 ENSMUSG00000082765,4.6927,5.4619,5.0875,5.2055,4.9419,5.181,5.3592,6.1635,5.5881,5.1842,6.0844,5.2508
 ENSMUSG00000076710,5.5908,5.701,6.4722,5.9259,5.5695,4.9209,5.2561,5.0811,5.8482,5.922,5.6239,6.0165
 ENSMUSG00000018470,4.6927,4.611,4.7948,4.8574,5.0694,5.181,4.113,4.203,4.3264,3.7608,4.3444,4.1376
 ENSMUSG00000080002,4.2113,4.2584,3.8066,3.8623,4.3505,4.1352,4.4672,4.6819,4.1875,3.886,5.276,4.7943
 ENSMUSG00000059412,4.429,4.2584,4.1542,4.7165,4.3505,3.6367,3.9606,3.7484,4.2593,5.1842,4.0154,4.5962
 ENSMUSG00000052142,12.4543,12.6909,12.3789,12.5903,11.639,11.6978,11.7178,11.8315,12.5981,12.4766,11.941,11.616
 ENSMUSG00000097328,6.0855,6.2988,6.3728,6.3094,6.464,5.5257,6.0167,5.877,6.3566,6.3082,4.9807,5.998
 ENSMUSG00000062300,5.5908,5.2348,5.7327,4.9433,5.24,5.3297,5.408,4.7579,5.3545,5.4766,4.1375,5.3734
 ENSMUSG00000041431,8.7334,8.0672,8.39,7.6581,7.7731,7.1823,7.5339,7.6679,7.9699,7.6787,7.519,7.4657
 ENSMUSG00000062488,8.2272,8.042,8.4717,8.3487,7.7731,8.0265,8.2023,7.5745,7.9383,8.5603,7.094,7.5434
 ENSMUSG00000043067,10.1634,9.9828,10.2968,10.137,9.8751,9.6228,10.2125,9.8954,10.0379,10.0156,11.2261,10.7575
 ENSMUSG00000068523,10.6192,10.4155,10.5594,10.2329,9.9994,9.7923,10.6024,10.5397,10.4515,10.685,11.4256,11.0203
 ENSMUSG00000026987,13.2144,13.3601,13.2046,13.4355,13.1359,13.3548,12.9915,13.1683,13.3665,13.3831,12.1686,12.2572
 ENSMUSG00000040522,9.4149,9.4281,9.6344,8.5827,9.5788,8.8013,9.0439,8.5474,8.5651,8.567,8.6803,8.8331
 ENSMUSG00000030759,12.8512,12.9015,12.9549,12.9119,12.045,12.0463,12.6444,12.594,12.9786,12.9958,13.5889,13.053
 ENSMUSG00000061272,4.3257,4.7082,4.2466,3.9687,4.5515,4.5931,3.5309,5.1907,4.0265,3.9948,4.2461,4.1376
 ENSMUSG00000072115,4.5683,4.7982,5.0431,4.2295,4.8002,4.5931,3.9606,3.7484,4.5604,4.092,3.8746,3.9579
 ENSMUSG00000044562,5.2807,5.7861,5.7327,4.8574,6.1433,6.03,5.6284,4.8972,5.5395,5.6924,4.9807,5.6861
 ENSMUSG00000024187,8.6477,8.7357,8.5339,8.8838,8.7235,8.5696,8.7514,8.8519,8.7112,8.5435,7.4826,7.818
 ENSMUSG00000080776,4.9736,4.7982,4.4102,4.3724,4.6402,4.3101,4.113,4.4196,4.9232,4.6522,5.7541,4.6993
 ENSMUSG00000107310,5.0647,5.4877,5.649,5.2717,5.4832,5.0135,5.3087,5.386,4.7093,4.5362,4.2461,4.8825
 ENSMUSG00000062410,4.5683,4.754,4.5528,4.9842,4.6402,4.7123,3.7763,3.9271,3.8312,4.4073,4.0154,3.8525
 ENSMUSG00000040054,12.5775,12.8064,12.6921,13.2081,12.3419,12.4058,12.0045,12.0154,12.8396,12.8208,11.8602,12.011
 ENSMUSG00000087181,6.113,6.5951,6.2474,6.9597,5.9976,5.8006,6.5493,6.1892,6.5252,6.6242,5.7541,5.5125
 ENSMUSG00000021939,14.5116,14.4073,14.8991,14.2494,14.6436,13.9238,14.6462,14.4083,13.9423,14.1407,13.3793,13.8247
 ENSMUSG00000035539,5.6865,5.9047,5.9102,5.4242,5.5695,5.8006,5.3087,5.1907,6.0673,6.1006,4.596,5.5387
 ENSMUSG00000043683,11.694,11.5911,11.7052,11.7378,11.6873,11.6871,11.9223,12.0732,11.7462,11.7111,13.0755,12.3896
 ENSMUSG00000024164,10.237,9.8963,9.9895,10.1112,10.6172,10.0248,10.2339,9.7257,9.6494,9.8948,9.2677,10.8722
 ENSMUSG00000032375,7.9839,7.8853,8.2626,7.7164,7.5431,7.2735,7.2268,6.7667,7.64,7.191,7.3273,7.0787
 ENSMUSG00000095847,4.0826,4.4484,4.4837,3.3992,4.6402,4.1352,4.6531,4.203,4.5062,4.1803,5.1847,4.3579
 ENSMUSG00000029311,10.0616,10.0003,9.9811,9.9926,9.6479,9.4107,9.5431,9.7935,9.7862,9.7973,8.7734,8.8886
 ENSMUSG00000031637,6.732,6.85,6.6237,7.2558,6.1707,5.9427,6.2953,5.9084,6.6199,6.9662,6.1087,6.2987
 ENSMUSG00000020077,12.612,12.4107,12.5108,12.1211,11.5656,11.4754,11.7049,11.5709,12.3429,12.5473,12.3336,11.8938
 ENSMUSG00000014852,5.5709,5.3245,5.0875,5.5613,5.438,5.9427,4.9565,4.6819,5.4369,4.7062,4.738,4.6993
 ENSMUSG00000045394,7.2811,7.575,6.9212,6.6353,6.5703,6.4945,6.2173,6.2635,6.751,6.5583,6.7399,6.1227
 ENSMUSG00000036661,11.4857,11.5904,11.4338,11.9512,10.4735,11.0939,10.7763,10.881,11.6211,11.6069,11.4778,11.1401
 ENSMUSG00000074577,6.1665,5.9421,5.3263,6.0777,6.1976,6.4,5.408,5.5159,6.1007,6.1554,5.276,6.482
 ENSMUSG00000034353,5.8436,5.3811,5.7594,5.9847,5.8349,6.1122,5.6686,4.5137,6.0157,5.7889,5.4021,5.732
 ENSMUSG00000024064,6.3038,6.1636,6.0677,7.1665,6.707,6.6392,5.921,5.9692,6.5374,6.771,5.8443,5.9016
 ENSMUSG00000052534,8.4514,8.5661,8.4557,8.6795,8.7326,8.9187,8.062,7.622,8.2891,8.2266,7.5976,7.9234
 ENSMUSG00000026643,10.1454,10.1563,10.1704,10.1759,9.739,10.0687,10.1824,10.1799,10.2355,10.2211,11.4154,10.8101
 ENSMUSG00000034563,10.4147,10.3252,10.3943,10.3367,10.4951,10.5519,9.7942,10.028,10.1632,10.0905,9.4001,9.2388
 ENSMUSG00000050445,5.5506,5.5381,5.2513,4.9011,5.1287,4.5931,4.4672,4.3167,5.1399,4.758,4.6691,4.4223
 ENSMUSG00000026435,8.9504,9.0731,9.645,9.281,8.7906,8.3613,8.9315,8.4666,8.8413,8.5401,8.3229,8.2277
 ENSMUSG00000020010,7.2385,7.4779,7.2898,6.9105,6.882,6.6114,6.8529,6.311,7.2188,6.7593,6.0088,6.6444
 ENSMUSG00000040451,12.028,12.2027,12.0226,12.2471,11.8131,11.8385,12.1746,12.2706,12.2623,12.2603,11.2383,10.9825
 ENSMUSG00000067925,6.4825,6.8005,7.1475,7.0533,6.3962,6.5542,6.5703,6.9717,6.6199,6.7825,5.7848,5.8611
 ENSMUSG00000080939,7.7397,8.1324,7.9223,8.2015,7.3428,7.1823,7.1732,7.2511,8.2675,8.153,7.3973,7.6873
 ENSMUSG00000028644,9.319,8.8515,8.6786,8.4989,8.7552,9.1476,8.4644,8.4244,8.0857,8.153,8.0213,8.0965
 ENSMUSG00000052392,4.3786,4.6606,5.172,4.6657,4.3505,4.5931,4.814,4.5137,4.5604,4.4073,3.4793,3.9579
 ENSMUSG00000079084,10.5753,10.5902,10.5301,10.4257,9.9356,10.1308,9.3814,9.7515,10.4467,10.4287,9.7954,9.6027
 ENSMUSG00000025175,5.2807,5.1049,4.4837,4.2295,5.1855,5.0999,4.4672,4.6819,4.4494,4.4735,4.3444,3.9579
 ENSMUSG00000027463,5.7932,6.0825,5.8369,6.2309,5.2923,5.5257,5.5871,5.7436,5.8482,6.1554,5.276,4.7477
 ENSMUSG00000026525,8.199,8.326,7.9511,8.6197,7.5431,7.7118,7.555,7.677,8.3069,8.5934,8.1427,8.7318
 ENSMUSG00000050965,10.4709,10.4245,10.319,10.7333,9.7526,9.9047,9.6201,9.6861,10.4563,10.4186,9.7504,9.488
 ENSMUSG00000029484,7.3853,7.4461,7.3516,7.3619,7.6531,7.3425,7.2268,6.7835,7.0512,7.6787,6.202,7.6815
 ENSMUSG00000005836,4.0826,4.1096,4.5528,3.74,5.0694,4.5931,4.2447,3.9271,4.1875,4.7062,3.7047,4.6993
 ENSMUSG00000045039,6.732,7.2394,7.1771,7.3098,7.3308,7.2735,6.6901,6.4015,7.2112,6.8501,5.9827,6.7358
 ENSMUSG00000020838,4.909,4.9607,4.5528,4.4988,5.24,5.5257,4.2447,4.6008,4.7551,5.3221,4.6691,5.5387
 ENSMUSG00000081170,5.0647,4.2584,4.9495,4.8574,5.2923,4.3101,5.2561,5.2423,5.0361,4.4073,5.5894,5.1849
 ENSMUSG00000025260,9.2895,9.0203,9.2712,9.0009,9.4212,8.9956,9.6326,9.8141,9.3153,9.4289,10.3017,10.0901
 ENSMUSG00000095307,6.9214,6.9441,7.076,7.2479,6.1707,6.2271,6.2438,6.357,7.2778,7.1016,6.7087,6.3863
 ENSMUSG00000096553,5.7585,6.3549,5.8618,6.247,5.438,6.1122,5.5445,5.2423,5.998,5.9637,5.3614,5.0044
 ENSMUSG00000027495,8.4191,8.2908,8.2854,8.2962,7.7819,7.2195,7.4234,7.9392,8.1502,8.5536,7.7733,7.5869
 ENSMUSG00000104695,4.0826,4.1867,4.1542,4.0637,4.6402,4.4604,3.7763,4.3167,3.7128,4.2614,5.2311,4.7477
 ENSMUSG00000105363,4.6112,4.5593,4.5528,4.7165,3.5259,3.9222,3.7763,4.3167,4.4494,4.8554,4.738,4.6488
 ENSMUSG00000037060,4.909,4.7082,5.1304,4.3724,4.9419,5.181,4.5639,4.3167,5.1062,5.7654,4.6691,5.3734
 ENSMUSG00000070808,10.6635,11.1022,10.8287,11.7147,10.9953,11.251,10.7616,10.8132,11.0848,11.1196,10.1437,10.2777
 ENSMUSG00000014686,8.031,7.9725,8.1025,8.1559,7.501,7.5895,7.5125,7.8623,8.4768,8.4706,7.2536,7.2814
 ENSMUSG00000020974,7.9949,7.767,7.863,7.7613,7.9322,7.9402,8.2676,7.9242,7.844,7.583,9.1012,8.6048
 ENSMUSG00000032221,9.4312,9.1479,9.1474,8.431,8.7686,9.1949,8.0546,8.4244,8.5592,8.4634,8.4831,8.3975
 ENSMUSG00000021830,12.6296,12.7492,12.7103,12.8804,11.8849,11.9742,11.8977,11.9703,12.8061,12.8298,12.3707,11.921
 ENSMUSG00000082148,5.776,6.2101,6.0024,6.6831,5.6895,5.987,6.1903,5.877,6.3147,6.1006,4.9807,5.6387
 ENSMUSG00000076538,9.549,8.6795,8.8132,8.2614,8.5485,7.9732,8.2548,8.3865,8.314,8.3245,9.0244,8.6897
 ENSMUSG00000060063,8.3465,7.6325,8.1579,7.7613,7.5942,7.7504,7.6365,6.8962,7.4985,7.5697,6.8726,7.5244
 ENSMUSG00000082165,4.5683,4.1096,4.4102,3.8623,5.0072,4.821,3.9606,3.7484,4.1875,4.2614,4.9807,4.4833
 ENSMUSG00000090958,5.9081,6.0315,6.2285,6.9979,6.4191,7.0231,6.0471,6.0275,6.7717,6.9355,6.8004,6.5964
 ENSMUSG00000070577,4.841,4.754,4.6798,4.9011,4.8002,4.5931,3.5309,4.3167,4.9232,4.6522,4.0154,4.2163
 ENSMUSG00000022112,5.0047,5.1049,4.4837,5.0995,5.1287,5.5853,4.8873,4.4196,5.2667,4.4073,4.2461,4.4833
 ENSMUSG00000062014,11.9326,11.9275,12.0263,12.0798,11.1387,11.1857,11.8253,11.6996,12.14,12.1733,12.6402,12.2077
 ENSMUSG00000059897,9.1307,8.981,9.0682,8.8762,8.8877,9.0062,9.3088,9.1064,8.9358,9.1262,10.3095,9.7653
 ENSMUSG00000015501,12.9854,13.0052,12.8613,13.2154,12.2344,12.5816,12.0801,12.2865,13.1043,13.1703,12.5014,12.169
 ENSMUSG00000106006,5.2299,4.922,5.172,5.2717,5.0072,5.181,5.8535,5.6344,5.1728,5.2549,4.2461,4.5962
 ENSMUSG00000048612,11.7375,11.6891,11.624,11.2545,10.6476,11.11,10.5574,10.5989,11.0371,10.8148,10.8874,11.2429
 ENSMUSG00000019838,9.5327,9.4665,9.7387,9.3077,9.3695,8.6533,8.9395,8.5766,9.0093,9.2096,8.4459,8.6926
 ENSMUSG00000032462,8.221,8.0504,8.4796,8.5669,8.4796,8.4731,8.1268,7.5745,8.1183,8.0181,7.1531,7.765
 ENSMUSG00000027447,11.7786,11.5511,11.9928,11.5409,11.0638,10.7311,11.0098,10.9308,11.5184,11.8147,10.8308,11.2516
 ENSMUSG00000023990,11.0421,11.1837,11.0818,11.6261,10.4335,10.261,10.4391,10.6974,11.3187,11.3231,11.2199,10.9935
 ENSMUSG00000080916,5.0351,5.3531,4.9495,4.8574,5.438,4.821,5.7076,5.0811,4.962,5.1473,6.0597,5.9214
 ENSMUSG00000067599,6.6127,6.2698,6.7994,6.8386,6.1707,6.7195,7.2658,6.507,7.3205,6.1908,6.1326,7.0787
 ENSMUSG00000019832,8.6243,8.319,8.8655,8.6013,8.4633,7.9065,8.3664,8.0613,8.0268,8.3441,7.2428,8.3905
 ENSMUSG00000083645,6.3157,6.3271,6.4067,6.6353,5.8,5.5257,5.5871,5.8448,6.7193,6.5447,5.8731,5.798
 ENSMUSG00000034438,10.4383,10.467,10.6481,9.7961,10.0748,10.3134,9.7942,9.6972,9.8771,9.3303,9.5033,9.6222
 ENSMUSG00000047965,8.3889,8.3974,8.9072,7.821,8.1523,8.0265,8.1268,8.5277,8.9808,8.5503,9.257,8.3334
 ENSMUSG00000030966,10.638,10.492,10.6751,10.4695,10.5439,10.4658,11.0595,11.1169,10.6124,10.7532,11.8495,11.2727
 ENSMUSG00000027469,9.4244,8.6713,9.0577,8.3114,8.4356,8.2492,7.89,8.1416,8.2565,8.3557,8.6682,8.2966
 ENSMUSG00000032312,13.2308,13.2188,13.1571,13.4537,12.4962,12.386,12.5864,12.7958,13.4485,13.5036,13.6109,13.1882
 ENSMUSG00000034522,8.9765,9.3028,8.9013,9.7606,9.2347,9.3068,8.9153,8.9738,9.3012,9.4326,8.1885,8.5273
 ENSMUSG00000017760,12.3046,12.2896,12.2848,12.2417,11.5783,11.1657,11.4032,11.4013,12.1303,12.206,11.7835,11.6305
 ENSMUSG00000064356,14.875,14.4054,14.7734,13.7673,14.5286,14.0472,14.3856,15.4103,14.1456,14.5266,14.5041,14.5622
 ENSMUSG00000039115,10.457,10.8165,10.9426,10.9854,10.9174,10.4307,10.4235,10.1799,10.2595,10.4029,9.5101,10.2019
 ENSMUSG00000031706,10.1779,10.5265,10.2651,10.7177,9.693,9.9742,9.6765,9.8018,10.7402,10.5601,9.9694,9.5783
 ENSMUSG00000033720,8.7202,8.638,8.7326,8.8965,8.2699,8.5696,8.4017,8.5474,8.6842,8.5737,7.6394,7.5746
 ENSMUSG00000029059,8.1734,7.9226,8.6786,8.6167,8.0683,7.4558,8.3423,8.0681,8.0225,8.0083,7.2098,8.2664
 ENSMUSG00000002661,7.3684,7.2468,7.6263,7.4122,7.2942,6.9364,7.6947,7.9317,7.5532,7.7273,8.4877,8.1136
 ENSMUSG00000020399,7.6589,7.4267,7.6047,7.8473,7.7553,8.1943,7.5339,6.5862,7.362,7.3928,6.9941,7.8232
 ENSMUSG00000031897,11.2891,10.988,11.1883,10.9342,10.5923,10.3722,10.8581,11.0211,11.0248,11.0276,11.9963,11.5408
 ENSMUSG00000064215,10.5174,10.4423,10.5528,10.4636,9.6309,9.6019,10.3635,10.1101,10.3454,10.7169,9.7273,9.5997
 ENSMUSG00000022070,8.5616,8.5513,8.3255,8.4448,8.4796,8.4654,8.9868,8.7992,8.461,8.4706,9.6332,9.416
 ENSMUSG00000000538,9.6487,9.9092,9.7826,10.075,9.6039,9.9245,9.6741,9.6011,10.0432,9.9558,8.712,8.9728
 ENSMUSG00000038793,5.6679,5.5626,5.8369,5.6858,4.8002,5.3297,4.814,5.0811,4.8833,5.386,4.5181,5.3438
 ENSMUSG00000041836,10.1731,10.0727,10.2651,10.2428,10.2987,10.2831,10.027,10.1034,10.3167,10.2772,8.8749,9.5936
 ENSMUSG00000094262,4.9736,4.754,5.5903,4.7165,5.24,4.7123,5.1443,4.4196,4.3264,4.6522,4.8032,4.052
 ENSMUSG00000030695,12.7722,12.5281,12.7042,12.4783,12.5655,12.3483,12.7876,13.0705,12.5384,12.6644,13.738,13.4662
 ENSMUSG00000026833,6.113,5.9235,6.0024,5.6374,5.7641,6.1515,5.6686,4.9615,5.9063,5.5888,4.8032,5.732
 ENSMUSG00000018659,9.316,9.1733,9.1915,9.0287,9.2727,9.0786,9.6025,9.8038,9.118,9.7453,10.2648,10.0955
 ENSMUSG00000056529,8.6979,8.2213,8.6957,8.3633,8.0243,8.2128,8.0247,7.6126,7.7994,8.1924,7.2319,7.9616
 ENSMUSG00000049988,8.7723,8.6768,9.0417,8.6766,8.7235,7.9402,8.6424,8.2422,8.4705,8.449,7.589,7.985
 ENSMUSG00000030165,7.2385,7.1865,7.3688,7.7558,6.962,7.8602,8.2353,7.3672,8.2711,7.3852,7.1986,7.6291
 ENSMUSG00000044847,9.0256,9.0855,8.9276,9.2078,8.9556,9.0273,9.3364,8.9992,9.132,9.1663,10.4095,9.6619
 ENSMUSG00000026393,12.0829,12.0673,12.093,12.0958,11.2838,11.1728,11.1445,11.242,12.0715,12.0935,11.7064,11.4366
 ENSMUSG00000043987,9.8274,9.9515,9.8189,9.9879,9.8751,9.9076,9.7284,9.8583,9.9181,9.8324,8.5978,9.0938
 ENSMUSG00000049741,5.0937,5.3245,4.6798,5.4242,5.2923,4.3101,4.4672,5.0811,5.1062,5.386,5.7227,5.3438
 ENSMUSG00000105096,7.8285,7.5513,8.007,7.0713,7.1099,7.2735,7.7136,7.3447,6.6538,6.8501,7.825,7.3551
 ENSMUSG00000055435,9.9846,10.2944,10.663,10.7445,10.5709,10.4267,9.8947,9.6905,10.0611,10.066,9.3201,9.9989
 ENSMUSG00000067924,7.2385,6.9072,6.8737,6.785,7.023,6.844,7.2658,6.942,6.782,7.083,5.7541,6.2987
 ENSMUSG00000041697,10.7109,10.4551,10.6569,10.3588,10.567,10.1763,10.803,11.0774,10.4069,10.5849,11.6533,11.2444
 ENSMUSG00000001029,10.4936,10.5654,10.4638,10.7619,9.8647,9.8585,10.1254,10.2174,10.8315,10.9131,11.1362,10.8552
 ENSMUSG00000049521,3.9338,4.3887,4.4837,4.3724,4.5515,4.821,4.2447,4.4196,4.5604,5.0704,3.4793,4.7943
 ENSMUSG00000078783,5.1771,5.0348,5.3972,4.8122,5.1855,5.3982,4.9565,4.075,4.7551,4.758,4.3444,5.3734
 ENSMUSG00000025838,5.3768,5.7227,5.4314,5.7327,5.1287,5.181,5.1443,5.1371,5.8482,5.7654,4.596,4.6488
 ENSMUSG00000021708,8.6172,8.6324,8.626,8.5606,8.3844,8.612,8.2867,8.2603,7.9429,8.0708,7.4548,7.5497
 ENSMUSG00000069793,10.9706,11.2421,11.0831,11.3818,11.4228,11.9231,10.8633,10.6952,12.0123,11.0834,10.7482,11.2812
 ENSMUSG00000059108,6.9744,6.2698,6.3728,6.0227,5.9023,6.1122,6.1062,5.7082,6.1333,6.1374,5.1847,6.2054
 ENSMUSG00000044501,10.588,10.5989,10.669,10.4187,9.8668,9.723,10.4975,10.2955,10.7603,10.7656,11.3235,10.5367
 ENSMUSG00000013611,5.649,5.8066,5.8115,5.5871,5.0072,5.3982,4.814,4.8972,5.3259,5.2549,4.5181,4.965
 ENSMUSG00000040061,11.8553,11.9707,11.8184,12.1422,11.1926,11.3845,11.3378,11.6026,12.1198,12.1277,11.0333,11.1106
 ENSMUSG00000015305,9.9331,10.1835,10.4243,10.6845,10.2956,9.7359,9.8162,9.5603,10.1356,10.1215,9.1337,9.7477
 ENSMUSG00000000594,12.8901,12.6202,12.7634,12.6819,12.116,11.7271,11.8733,12.1107,12.5392,12.7298,11.883,11.9624
 ENSMUSG00000036622,11.9117,11.9006,11.9924,12.23,11.9761,11.8016,12.3723,12.5416,12.0756,12.0888,11.2067,11.117
 ENSMUSG00000024672,9.0644,9.031,9.3228,8.8055,9.1989,9.3493,8.519,8.5126,8.4386,8.5196,8.0086,8.5432
 ENSMUSG00000052688,7.3908,6.8597,7.1173,7.0533,6.962,7.291,7.6365,6.8649,6.6978,7.1559,5.9561,6.9028
 ENSMUSG00000046961,7.0749,6.9712,6.8737,6.9884,6.0279,6.6932,6.4164,6.0275,6.8322,6.4892,6.0345,6.0706
 ENSMUSG00000080873,6.0289,5.701,6.0463,6.0596,5.6107,5.987,6.0471,7.0292,5.9251,6.0628,6.6605,6.6561
 ENSMUSG00000075470,10.0772,10.0476,9.9867,10.0905,9.9803,9.7954,10.4518,10.6072,10.0422,10.1169,11.3029,10.6076
 ENSMUSG00000025498,10.6268,10.3816,10.8068,10.8594,10.1207,10.2787,10.9009,10.222,10.4963,11.3891,9.9211,10.1819
 ENSMUSG00000024451,7.3571,7.3187,7.4026,7.5078,7.4013,7.7376,7.3407,6.942,7.3205,6.8827,6.1087,7.3261
 ENSMUSG00000042474,14.029,13.8966,13.7444,13.9123,13.1807,12.8851,13.0595,13.4184,13.9342,14.1685,13.8934,13.7434
 ENSMUSG00000026824,4.6927,4.3887,4.7387,5.0238,4.9419,5.3297,3.9606,3.9271,4.6121,4.4073,4.4346,4.2895
 ENSMUSG00000032411,10.2362,10.2363,10.0224,10.6476,9.8606,10.2135,10.0825,10.0679,10.3167,11.1388,9.4385,9.97
 ENSMUSG00000000318,5.3768,5.4086,5.5599,6.0227,5.3911,5.987,5.9536,5.6344,6.1809,6.1554,6.7553,6.1227
 ENSMUSG00000027797,6.5136,6.6066,6.6662,7.0259,6.9775,7.4083,6.3203,6.1107,6.5851,6.4892,5.8443,6.7247
 ENSMUSG00000009863,10.8662,10.6616,10.8924,10.6273,10.8041,10.6417,11.2116,11.2503,10.8522,10.9104,11.9987,11.572
 ENSMUSG00000030083,9.7211,9.8056,9.6003,9.9325,9.5325,9.5262,9.8885,9.9297,9.9239,10.1009,8.843,8.8123
 ENSMUSG00000082831,4.5237,4.2584,4.5528,4.6126,3.5259,5.0135,4.5639,4.8295,4.4494,4.758,5.0348,5.0044
 ENSMUSG00000032065,4.429,4.4484,4.4102,5.2717,4.1036,4.1352,3.9606,4.075,4.8833,4.9458,4.4346,4.9245
 ENSMUSG00000034595,12.1121,12.0911,12.0086,12.3181,11.459,11.5771,11.1907,11.1044,12.1545,12.156,12.1975,11.9051
 ENSMUSG00000039530,9.3873,9.4916,9.3446,9.5874,8.569,8.4576,8.8613,8.5814,9.5319,9.4344,9.3531,9.0743
 ENSMUSG00000030847,6.2053,6.014,5.9102,6.3094,6.9464,6.3671,6.0471,5.6344,5.9063,6.2082,5.3614,5.6144
 ENSMUSG00000024986,10.5237,10.3924,10.257,10.9658,10.5542,10.3987,9.9829,10.581,10.6023,10.7649,9.5976,9.6849
 ENSMUSG00000034403,9.7078,9.7638,9.8064,9.543,9.4793,9.4811,9.7238,9.9815,9.7214,9.7065,11.0419,9.9641
 ENSMUSG00000069268,9.8738,9.0916,9.781,8.9214,9.2153,9.2939,9.3784,9.6928,9.3755,9.4562,10.4906,9.5204
 ENSMUSG00000066180,5.2807,5.2953,4.4837,5.1358,5.0694,5.7498,5.3087,5.0811,5.2362,5.6924,6.1561,5.2183
 ENSMUSG00000060803,10.3144,10.1671,10.3774,9.9724,9.7682,9.4027,10.2662,10.3373,10.0601,10.0636,11.1067,10.4982
 ENSMUSG00000041439,8.9353,8.8369,8.8865,9.0515,8.9826,9.0583,8.2288,8.4821,9.12,9.1057,7.9632,8.143
 ENSMUSG00000042379,4.7691,4.7982,5.3622,4.9433,5.1855,5.5257,4.8873,4.3167,5.4369,5.22,4.2461,5.2508
 ENSMUSG00000002997,7.812,7.4653,7.2346,7.1996,7.1099,6.6665,6.4394,6.4658,6.9275,7.4373,6.9811,7.2965
 ENSMUSG00000040601,5.0647,4.6606,4.9,5.3653,5.0072,5.4635,3.9606,4.4196,4.842,4.8554,4.4346,4.8392
 ENSMUSG00000026725,5.2299,4.9983,5.0431,5.2055,4.873,5.2574,4.6531,4.6008,5.3825,5.0704,3.8746,4.6488
 ENSMUSG00000055027,4.27,4.3887,4.2466,4.9011,4.6402,5.0999,4.113,3.5108,4.5062,4.7062,4.1375,4.3579
 ENSMUSG00000022634,8.5933,8.4495,8.5148,8.4989,8.1179,8.0473,8.2803,8.2177,8.6117,8.6512,9.5435,9.0479
 ENSMUSG00000044072,8.1241,8.2436,8.1969,8.0145,8.0755,8.147,8.2023,7.9907,7.7791,7.9066,6.9679,7.1632
 ENSMUSG00000078185,10.1104,10.0779,10.1704,10.3652,9.5194,9.6262,9.9455,9.8323,10.3836,10.4324,11.0412,10.4504
 ENSMUSG00000078648,5.9698,6.4737,6.3899,6.9205,6.2499,6.4,5.921,6.0835,6.5968,6.2082,5.7227,5.3734
 ENSMUSG00000048120,10.9669,10.9786,11.1159,10.8503,10.4377,10.3824,10.449,10.2793,10.6245,10.6796,9.7973,9.9139
 ENSMUSG00000026415,8.9876,9.3463,8.9102,9.5252,8.5639,8.302,9.1446,9.3483,9.1577,9.1262,8.4028,8.4455
 ENSMUSG00000003545,7.054,5.9604,6.4722,6.8699,6.2754,6.8677,6.6708,6.311,6.4107,7.4946,6.7856,6.3721
 ENSMUSG00000036412,5.3053,5.8066,5.9799,5.3951,5.1855,5.4635,4.6531,4.6008,5.564,5.0302,5.0348,5.2508
 ENSMUSG00000082128,4.3786,3.8306,4.5528,4.1501,5.0072,3.6367,4.4672,4.5137,4.3264,4.7062,5.0348,4.3579
 ENSMUSG00000045930,4.429,4.5593,4.4102,4.3724,5.0694,4.4604,3.5309,3.9271,4.5604,4.5956,3.8746,4.6993
 ENSMUSG00000074093,6.1266,5.701,5.649,5.3653,5.3426,4.9209,4.6531,5.2423,5.8872,5.5339,5.4802,5.8404
 ENSMUSG00000044052,4.8056,4.8408,4.7948,4.3033,4.873,4.821,4.113,4.8295,4.1103,3.9948,3.7047,4.3579
 ENSMUSG00000015804,10.0789,10.0476,10.069,10.0286,9.686,9.6297,10.2566,10.2808,10.0304,10.0812,11.2552,10.4436
 ENSMUSG00000026669,8.462,7.8758,8.0556,7.8103,7.8756,7.6451,7.6166,7.5648,7.571,7.622,8.8819,8.2702
 ENSMUSG00000091800,4.4774,4.3887,3.9381,4.5571,3.5259,3.6367,3.9606,3.9271,4.8833,4.3368,4.596,4.3579
 ENSMUSG00000076575,6.2919,5.5381,5.5289,5.3653,4.9419,6.4637,5.5871,5.9692,5.7668,5.7654,5.7227,6.0706
 ENSMUSG00000042700,11.5558,11.8206,11.5846,11.8177,11.1275,11.2961,10.9692,11.0698,11.7769,11.7391,10.8479,10.6608
 ENSMUSG00000020102,9.7299,9.8511,9.883,10.0458,9.6187,9.7985,9.4477,9.6545,9.896,9.8653,8.6601,8.9587
 ENSMUSG00000069303,8.7594,8.2362,8.7686,8.1851,8.4958,8.1079,9.5614,8.8439,8.7841,8.5401,9.122,8.8459
 ENSMUSG00000055424,4.6527,4.882,4.7387,4.3033,5.0072,4.9209,4.814,5.386,5.0716,4.758,3.8746,4.2163
 ENSMUSG00000050232,7.2751,6.5834,7.076,6.5217,6.6882,5.8006,6.2438,6.3794,6.8996,6.3082,6.4685,6.1227
 ENSMUSG00000038291,11.0843,11.0935,11.2796,11.2338,10.3589,10.0327,10.6461,10.5654,11.2386,11.2394,11.1325,10.6888
 ENSMUSG00000030037,7.7397,7.7094,7.8447,7.6097,7.5638,7.4401,8.0839,8.0264,7.8194,7.7915,8.8957,8.4854
 ENSMUSG00000083539,4.5237,4.882,4.5528,4.6126,4.4554,3.9222,4.113,4.075,4.9996,4.8554,3.7047,4.7477
 ENSMUSG00000039234,9.1587,8.9788,9.1374,8.9165,8.6042,8.6601,8.2353,8.1865,8.4862,8.4706,8.0893,7.9379
 ENSMUSG00000061143,9.6808,9.9761,9.7337,10.4465,10.0676,10.2227,9.9132,9.8363,10.3583,10.3698,9.0181,9.5059
 ENSMUSG00000039954,5.6299,5.9235,5.6199,6.4124,5.6107,6.03,5.7076,4.7579,5.6803,5.6154,5.7848,5.1508
 ENSMUSG00000057789,10.1739,9.8168,10.0033,9.7757,9.9177,9.8076,9.8844,10.1623,9.9065,10.0241,11.1551,10.6866
 ENSMUSG00000034445,11.993,12.0229,11.9066,12.1575,11.2106,10.9769,12.0526,12.1492,12.1305,12.1529,12.4026,11.9021
 ENSMUSG00000076934,12.7125,12.5422,12.5271,11.5766,11.4645,11.8069,12.0581,12.2519,11.9455,12.2031,12.6267,12.3706
 ENSMUSG00000027253,9.1073,9.0731,9.4632,9.4136,9.0824,9.2088,8.979,8.6698,8.8437,8.7336,7.9698,8.54
 ENSMUSG00000094797,10.8997,10.7686,10.8279,9.904,10.8561,10.6721,10.2092,10.5248,11.1149,9.8881,10.2701,10.1564
 ENSMUSG00000037049,9.3789,9.1771,9.2621,9.2848,8.6435,8.3446,8.6522,8.9443,9.3823,9.4758,8.585,8.4319
 ENSMUSG00000002012,3.5148,4.0258,3.8066,4.6657,4.2344,4.9209,4.113,4.203,4.842,4.5362,4.2461,4.2163
 ENSMUSG00000089958,4.5237,4.6606,3.9381,4.4988,4.3505,3.9222,4.3616,3.7484,4.9996,5.0704,4.2461,4.1376
 ENSMUSG00000096464,9.8778,10.227,9.9155,8.8838,9.2852,9.6603,9.229,9.5579,8.8241,9.6588,9.5545,9.5283
 ENSMUSG00000063656,4.7691,3.9337,4.1542,5.1711,3.9523,4.9209,4.5639,4.9615,4.842,4.2614,4.3444,4.4223
 ENSMUSG00000079009,4.4774,4.7982,4.6798,4.4373,3.7693,4.5931,4.113,4.203,4.1875,4.4735,5.1847,5.1157
 ENSMUSG00000039007,8.3118,8.4007,8.835,8.2217,8.1926,7.6855,7.9229,7.5937,8.1929,8.0613,7.2644,8.0396
 ENSMUSG00000062373,9.6276,9.646,10.163,10.1112,9.3489,8.9466,9.7238,9.2062,9.7887,9.9327,8.9332,9.4331
 ENSMUSG00000106592,6.7495,6.7282,6.4234,6.9693,6.0279,6.4,6.4844,5.877,7.1414,7.147,6.8442,6.932
 ENSMUSG00000099719,5.0647,5.2654,5.0431,5.239,5.6107,4.821,4.5639,4.075,5.3545,5.3544,5.1847,5.1508
 ENSMUSG00000030122,9.1224,9.0051,9.2083,9.438,9.3548,9.1476,8.8052,8.8558,8.8607,9.1575,7.9095,8.5712
 ENSMUSG00000022766,6.7232,6.9072,6.8616,7.5143,6.1707,6.2634,6.591,6.3342,7.2188,6.9355,6.2894,6.6325
 ENSMUSG00000024673,15.3974,15.2936,15.3861,15.2298,14.892,14.6534,15.4917,15.5306,15.4654,15.5562,16.31,15.7295
 ENSMUSG00000038286,7.6773,7.6325,7.5902,7.4878,6.882,6.7453,7.1868,7.0981,7.6788,7.8692,6.9279,6.7247
 ENSMUSG00000009394,5.7409,6.1636,5.8369,6.1817,6.0279,5.9427,5.5445,4.6819,6.1652,5.943,5.6906,5.7092
 ENSMUSG00000025351,6.0143,5.6788,5.649,6.0413,5.8,5.5257,5.5871,5.2919,5.3825,6.3864,4.8652,6.0706
 ENSMUSG00000029840,12.6467,12.579,12.6851,12.7291,11.9263,11.6871,12.413,12.4155,12.7825,12.9264,13.1749,12.7063
 ENSMUSG00000042351,11.5888,11.6765,11.5049,11.9378,11.3468,11.367,11.0117,11.4972,11.8387,11.8332,10.6277,10.8571
 ENSMUSG00000024538,4.7315,4.7982,4.4102,4.4373,5.0694,4.4604,3.7763,4.6008,4.3896,4.4073,3.7047,4.9245
 ENSMUSG00000030167,6.7232,6.6066,7.2439,7.1914,6.1976,6.9585,7.5339,7.0572,7.6623,6.6872,6.7856,7.0611
 ENSMUSG00000018102,10.287,9.8438,10.342,9.6106,9.2852,9.3824,9.8507,9.5308,10.1416,10.1203,10.6184,9.8719
 ENSMUSG00000096764,7.3283,7.8518,7.4356,7.7558,7.0379,6.6932,7.0594,7.1115,7.1011,6.9251,7.5976,6.5082
 ENSMUSG00000041073,9.5834,9.9447,9.4552,10.3469,9.5088,9.6297,9.5084,9.6199,9.8519,9.9276,9.0181,8.8175
 ENSMUSG00000020589,11.3153,11.2389,11.4409,11.288,11.3077,11.1916,11.4858,11.4268,11.1324,11.0081,10.0661,10.6076
 ENSMUSG00000020092,6.5541,6.7387,7.0549,7.1154,6.5075,7.0019,6.8699,6.1373,7.196,6.9662,5.8443,6.7135
 ENSMUSG00000033400,10.1347,10.3209,10.1777,10.6242,10.2833,10.3763,10.0587,10.1623,10.3044,10.385,9.122,9.5363
 ENSMUSG00000038843,10.9622,10.993,11.0084,11.0001,10.2471,9.9877,10.1218,10.2525,10.9656,11.0498,10.4477,10.4504
 ENSMUSG00000002107,13.2922,13.4124,13.3179,13.4713,12.552,12.441,12.5048,12.597,13.4015,13.3368,12.9986,12.7509
 ENSMUSG00000051124,10.8516,10.789,10.8857,10.5421,10.0422,10.1453,10.155,10.4187,10.9086,10.9671,11.4082,10.8634
 ENSMUSG00000034917,8.3206,8.2619,8.0714,8.3993,7.948,7.9732,8.1478,8.3699,8.2711,8.1881,7.3375,7.1046
 ENSMUSG00000031698,5.649,5.3531,5.3972,4.4988,5.6507,5.3297,5.1443,4.9615,5.4892,5.5056,4.596,5.7764
 ENSMUSG00000025157,9.0363,8.9429,9.031,9.0401,8.8754,8.9411,9.3873,9.3735,9.1119,9.1685,10.2621,9.7814
 ENSMUSG00000071661,7.6357,7.3938,7.5754,7.4539,7.1377,7.044,7.822,7.9689,7.5231,7.4518,8.4076,8.2277
 ENSMUSG00000025035,7.6681,7.2687,7.4518,7.1067,7.4127,7.0849,7.3768,7.6313,7.1572,7.4875,8.4646,8.0792
 ENSMUSG00000026622,8.3176,7.767,8.0608,7.6758,7.5638,7.4243,6.8529,6.942,7.6344,7.691,7.6228,7.3976
 ENSMUSG00000060090,11.3255,11.3123,11.5034,11.3146,11.4699,11.2284,11.7364,11.7469,11.4364,11.3707,12.5295,12.2651
 ENSMUSG00000020847,7.5286,7.9364,7.5303,7.9673,7.0671,7.2557,7.1316,7.0292,7.7842,7.9275,7.1179,6.8113
 ENSMUSG00000046168,7.1492,7.2394,7.2898,7.4676,6.7255,6.4945,6.3692,6.2144,7.285,7.2082,6.9414,6.8527
 ENSMUSG00000028459,12.8821,12.7985,12.7195,12.8801,12.0441,12.0585,12.0842,12.3206,12.8395,13.0604,13.2152,12.8116
 ENSMUSG00000004508,8.806,8.7383,9.0994,9.1645,9.0966,8.726,8.3362,8.2958,8.6202,8.8802,7.7274,8.6078
 ENSMUSG00000000982,5.5709,5.0348,5.6199,4.6657,4.873,5.6971,5.0222,5.0811,4.7993,4.9458,4.4346,5.5125
 ENSMUSG00000083210,6.429,6.85,6.7866,7.2078,6.1707,6.2988,6.8699,6.942,7.1494,6.8167,5.929,6.2987
 ENSMUSG00000022139,11.3613,11.3358,11.352,11.397,10.9647,10.9455,10.9324,10.9871,11.4377,11.5235,10.5389,10.1707
 ENSMUSG00000058470,11.9381,11.966,11.974,12.0732,11.5865,11.4706,11.8675,12.0158,12.3841,12.6363,11.2633,11.3426
 ENSMUSG00000053617,11.6642,11.9677,11.7144,12.2851,11.2252,11.2124,11.3409,11.5847,12.0069,12.0572,11.2157,11.0326
 ENSMUSG00000070823,8.4752,8.8246,8.6117,8.7142,8.3959,8.8135,8.1408,8.2841,8.5383,8.2926,7.5368,7.7043
 ENSMUSG00000069893,12.7505,12.7786,12.799,12.846,11.9828,11.7893,12.2962,12.4185,12.8427,12.9001,13.1746,12.7645
 ENSMUSG00000106248,4.9417,5.1386,4.6798,5.6858,4.7228,4.821,5.3592,4.075,5.2667,5.22,5.0867,5.0796
 ENSMUSG00000076501,10.4962,9.7715,9.8127,8.9508,9.9688,9.8318,9.3211,10.1134,9.4349,9.976,10.0934,9.7061
 ENSMUSG00000020175,5.0647,4.9983,4.9495,5.0622,5.5271,5.4635,4.2447,4.6008,5.564,5.1095,4.596,5.3438
 ENSMUSG00000040219,4.909,4.5052,4.7387,4.6126,5.3911,5.3982,4.2447,4.4196,5.1062,4.4735,4.3444,5.1508
 ENSMUSG00000049960,9.6241,9.4394,9.4987,9.281,9.438,9.2271,10.1094,10.2434,9.6141,9.7004,10.4594,10.1523
 ENSMUSG00000020737,11.2096,11.1741,11.2676,11.2721,10.7856,10.7133,11.5528,11.6254,11.3863,11.4746,12.2118,11.7485
 ENSMUSG00000026153,6.3621,6.014,6.6801,5.9057,6.8486,6.4945,6.0167,5.5159,6.2269,5.8347,5.6239,6.2054
 ENSMUSG00000025268,6.4613,6.3411,6.6237,6.2941,6.3728,6.5542,6.4844,6.357,6.2117,6.1908,5.1366,5.798
 ENSMUSG00000015533,6.834,6.6742,6.9558,7.232,6.65,7.0646,7.3768,6.9863,7.2188,6.2254,6.0597,7.1632
 ENSMUSG00000004730,12.1223,12.1041,12.3873,11.7902,11.5424,10.9119,11.6824,11.3904,11.7573,11.5873,11.2123,11.6953
 ENSMUSG00000083754,4.7315,3.7122,4.9972,4.6657,3.9523,4.1352,4.6531,4.5137,4.5062,5.1095,4.5181,4.6993
 ENSMUSG00000031402,10.8667,10.6512,10.8326,10.7994,10.1294,9.7327,10.1359,10.3129,10.7493,11.2152,10.4894,10.6076
 ENSMUSG00000041750,5.6679,5.2654,5.4314,5.3653,4.9419,5.3297,5.8535,5.8448,4.7093,4.9014,5.7848,5.8815
 ENSMUSG00000050944,6.0575,5.8267,5.8862,6.0413,5.9665,6.4637,5.3592,5.4739,5.7668,6.0436,5.3194,5.0044
 ENSMUSG00000053198,5.1499,5.2035,4.618,4.9011,5.2923,5.8006,4.814,4.8295,5.4369,5.5056,4.3444,5.0796
 ENSMUSG00000025931,6.8092,7.1316,7.0549,6.8903,6.1153,6.4322,6.1062,5.9987,6.6978,6.6623,6.2681,6.0706
 ENSMUSG00000074127,5.0937,5.8267,5.5903,5.8001,4.7228,4.821,5.6284,5.2919,5.6803,5.5339,5.3194,4.7477
 ENSMUSG00000101398,4.0112,4.2584,5.0875,4.6657,4.9419,4.7123,4.4672,3.7484,4.6617,4.4735,4.2461,3.9579
 ENSMUSG00000031028,7.7088,7.8273,7.6961,7.7779,7.7907,8.3277,7.0594,7.4111,7.7791,8.0755,7.2644,6.9223
 ENSMUSG00000084088,5.723,6.0315,5.6199,6.0596,5.869,5.8006,5.8877,5.8119,5.2667,5.7172,6.9414,6.2529
 ENSMUSG00000020357,5.5301,5.6788,5.6774,5.3653,6.0279,6.0717,5.5005,5.0227,5.1728,5.8119,4.6691,5.5387
 ENSMUSG00000033355,9.5302,8.992,9.6572,9.2299,8.8713,8.8195,9.3636,8.5814,8.9289,9.8974,8.7159,8.9728
 ENSMUSG00000034867,10.1003,10.1661,10.0572,10.277,10.15,10.061,10.3025,10.4214,10.2309,10.2914,11.3739,11.0072
 ENSMUSG00000090266,10.2989,10.1969,10.3646,10.3265,10.1397,10.0559,10.6944,10.6896,10.628,10.6548,11.4487,11.0615
 ENSMUSG00000022673,10.8982,10.596,10.6242,10.467,10.4307,10.0585,10.4602,10.6885,10.3844,10.4433,11.5747,11.2056
 ENSMUSG00000028447,8.9257,8.8611,8.9872,8.8242,8.8166,8.6601,9.3273,9.4225,9.0308,9.1968,10.0351,9.6863
 ENSMUSG00000050994,5.5506,4.6606,5.3622,5.0995,5.438,5.5257,4.6531,4.6008,4.7093,4.7062,4.5181,4.6488
 ENSMUSG00000021895,12.6446,12.5857,12.4913,12.5737,12.3163,12.043,12.4316,12.7914,12.6961,12.7772,11.6208,11.6555
 ENSMUSG00000109516,8.1798,8.4106,8.2944,8.919,8.3492,8.6465,8.481,8.0474,8.5292,8.6761,7.5718,7.6231
 ENSMUSG00000082945,4.841,4.9983,4.6798,5.6858,5.2923,5.3297,4.8873,4.8295,5.1728,5.1095,4.1375,4.5411
 ENSMUSG00000042770,9.419,9.1982,9.6883,9.4466,9.6261,8.9466,9.5974,9.0795,8.9403,8.9661,8.2438,9.2904
 ENSMUSG00000082103,4.0112,3.7122,4.5528,3.9687,3.9523,4.7123,4.2447,4.5137,4.8833,4.8076,4.0154,3.8525
 ENSMUSG00000083700,6.1533,6.3411,5.9799,6.6474,5.438,5.6423,5.6284,5.8119,6.4627,6.5717,6.4497,6.0347
 ENSMUSG00000074978,4.5237,4.7982,4.7387,5.3036,5.0072,4.4604,4.7362,5.2919,4.9232,4.6522,3.8746,4.2895
 ENSMUSG00000113373,11.4993,11.6663,11.4834,11.9455,11.1395,11.4639,10.9354,11.2593,11.6837,11.7461,10.6657,10.767
 ENSMUSG00000026526,11.095,10.9858,11.0831,10.9913,10.6221,10.5039,10.9916,11.1226,11.1958,11.2378,12.0473,11.616
 ENSMUSG00000034771,6.5739,6.7699,6.3728,6.8067,6.2754,6.5247,5.7824,5.8448,7.0342,6.3556,5.8149,6.482
 ENSMUSG00000027579,6.7232,6.7492,6.4067,6.5348,6.3491,7.3758,6.1903,5.877,6.5495,6.6872,6.1326,5.998
 ENSMUSG00000027368,10.922,11.0735,11.0057,11.4339,10.6513,10.9688,11.4699,11.3794,11.0945,11.5171,12.2242,11.4153
 ENSMUSG00000076557,4.5683,4.3887,4.2466,4.9842,4.1036,3.9222,3.9606,4.203,4.7993,5.0302,4.8652,4.8392
 ENSMUSG00000073434,8.7976,8.9519,8.6751,8.9239,8.0465,8.1178,8.3723,8.7099,9.0351,8.9961,8.7994,7.8641
 ENSMUSG00000037890,8.9579,9.071,8.7847,9.4449,8.4074,8.612,8.1685,8.102,9.0265,9.0472,8.4646,8.5432
 ENSMUSG00000024206,6.7232,6.7387,6.5347,6.8801,6.1707,6.3334,6.4621,6.311,6.8996,6.9146,5.6906,5.8611
 ENSMUSG00000028649,16.8086,16.9905,16.7679,16.8425,16.1645,16.3938,16.1508,16.1992,16.9867,16.8579,16.2595,15.7802
 ENSMUSG00000026509,9.9072,9.9242,9.8375,9.8736,9.5273,9.4345,9.2994,9.4225,9.8001,9.7394,8.5808,9.0873
 ENSMUSG00000032624,13.0714,13.0455,13.0361,13.1215,12.5559,12.5834,12.794,12.884,13.2737,13.3569,13.9297,13.6494
 ENSMUSG00000027905,9.9689,9.9628,9.9155,9.952,9.8311,9.8904,10.1857,10.2343,10.1024,10.1551,11.106,10.8939
 ENSMUSG00000095753,9.5724,9.5553,9.5295,8.5827,9.4766,9.1086,8.5613,9.093,8.8167,8.7454,8.9129,8.5743
 ENSMUSG00000025195,9.3262,9.4442,9.4227,9.6736,9.179,9.4811,8.9112,9.0727,9.3739,9.4123,8.5104,8.3515
 ENSMUSG00000059734,10.2152,9.8043,10.2338,9.9002,10.2149,9.9551,10.4893,10.5569,10.1406,10.2618,11.1478,10.9383
 ENSMUSG00000025855,6.9214,6.652,6.9896,7.3619,6.9464,6.7955,7.1732,6.4447,6.7717,6.8167,5.7541,6.6206
 ENSMUSG00000029771,12.4738,12.4454,12.3902,12.6501,11.699,11.889,12.0007,11.9894,12.6042,12.7052,13.1054,12.5274
 ENSMUSG00000032827,7.7869,8.1443,8.3731,8.3189,8.0094,8.267,7.6365,7.5937,8.1264,7.7972,6.9811,7.5746
 ENSMUSG00000042810,10.3325,10.5431,10.3463,10.5219,9.8375,10.0064,9.8968,10.1941,10.6957,10.5449,9.5056,9.5379
 ENSMUSG00000020895,5.6299,5.0703,5.4647,4.9842,5.1287,5.0135,4.2447,5.3398,5.2362,5.3544,5.8731,5.3734
 ENSMUSG00000040653,4.8755,5.5381,5.3622,5.778,5.3911,5.5257,5.0222,4.9615,5.2362,5.386,4.4346,4.5962
 ENSMUSG00000039497,10.0227,9.8715,10.4366,9.9164,9.6162,9.2042,9.6547,9.2431,9.7824,9.6944,8.9762,9.3794
 ENSMUSG00000041633,8.496,8.7591,8.6578,8.5382,8.4742,8.1079,7.9229,7.5841,8.4026,8.3086,7.606,7.8438
 ENSMUSG00000028995,11.0275,10.9603,11.0105,11.3454,10.4803,10.3091,10.4462,10.3696,11.1751,11.212,10.5586,10.1929
 ENSMUSG00000094682,6.5033,6.6742,6.4398,6.9005,5.9023,5.8006,6.4164,5.8448,6.7614,6.956,6.5936,6.1564
 ENSMUSG00000030110,4.8755,4.9607,5.0875,4.8574,5.1855,5.3982,4.5639,5.2423,4.8833,5.5616,4.0154,4.8392
 ENSMUSG00000003190,9.3277,9.1655,9.2011,9.2655,9.257,9.0887,9.6276,9.7213,9.3739,9.4289,10.4629,10.0104
 ENSMUSG00000042816,6.4399,6.409,6.2285,6.4817,6.4191,6.4,6.6314,6.4865,6.0157,6.7825,7.4071,7.2814
 ENSMUSG00000036223,6.5136,5.8267,5.9102,5.9847,5.6507,5.3297,5.3087,5.2423,5.9251,5.3544,6.1792,6.0881
 ENSMUSG00000022799,9.8568,10.0241,9.8589,10.3133,10.0125,10.2874,9.5084,9.2672,10.0653,10.0144,9.0771,9.3812
 ENSMUSG00000058728,5.5506,5.4086,5.5289,6.2147,5.9976,5.5853,5.9536,5.7436,6.5968,6.4165,6.0088,6.4687
 ENSMUSG00000025239,12.6692,12.7,12.7289,12.8944,12.0368,11.9161,12.5485,12.6099,12.9621,12.9623,13.4118,12.8343
 ENSMUSG00000055447,12.6081,12.7752,12.7601,13.2269,12.3137,12.3691,12.0188,11.9332,12.7648,12.8648,12.1386,12.0934
 ENSMUSG00000019843,10.8924,10.9853,10.8639,10.9032,10.9501,11.0889,10.7144,10.6294,10.6984,10.7822,9.7195,10.0574
 ENSMUSG00000047832,10.0772,9.923,10.142,9.9712,9.8812,9.7133,10.3887,10.521,10.1671,10.1462,11.1737,10.6694
 ENSMUSG00000025006,7.4561,7.5983,7.553,7.6817,7.5327,7.4558,7.24,7.0292,7.8585,7.7451,6.5936,6.7022
 ENSMUSG00000040855,6.2431,6.2551,6.3899,6.763,6.3962,6.6114,6.1062,5.7082,6.0503,6.4165,5.276,5.9792
 ENSMUSG00000109492,5.8923,6.0825,5.649,6.3246,5.0694,5.3297,5.408,5.4307,6.1333,6.2082,5.7848,5.4307
 ENSMUSG00000049583,7.5734,8.1324,7.887,8.5542,7.8422,8.3941,7.4462,7.4002,8.3034,8.1968,7.5632,7.5434
 ENSMUSG00000041444,8.1701,8.3807,8.5678,8.9015,8.5118,8.6259,8.324,7.8544,8.3453,8.1838,7.4359,7.818
 ENSMUSG00000047293,4.429,4.5052,4.6798,4.1501,4.4554,5.0999,3.5309,4.203,4.7993,4.092,4.596,4.6488
 ENSMUSG00000039934,10.8071,10.9319,11.0125,10.7967,10.9734,10.8673,10.7952,10.6672,10.7681,10.7154,9.5457,10.3011
 ENSMUSG00000021771,11.4193,11.2681,11.3919,11.2794,11.4115,11.3326,11.749,11.7968,11.3842,11.5423,12.5169,12.2556
 ENSMUSG00000043153,7.0327,7.0238,6.8246,7.1326,6.6107,6.0717,6.2953,6.2875,7.0929,7.1559,6.202,6.5964
 ENSMUSG00000005803,7.4074,7.367,7.6616,7.1996,7.6141,7.3592,7.2136,6.7323,7.1174,7.0547,6.1792,7.0523
 ENSMUSG00000028212,8.4246,7.9635,8.2899,7.9958,7.6627,7.9178,7.9229,7.622,7.9199,8.1968,9.0801,8.4488
 ENSMUSG00000091007,4.8056,4.6606,4.6798,4.8574,3.5259,4.1352,4.3616,4.3167,4.8833,4.758,4.1375,4.2895
 ENSMUSG00000020570,11.2384,11.3793,11.3992,11.5751,10.4898,10.5391,10.7616,10.7334,11.4688,11.4477,10.9107,10.7015
 ENSMUSG00000029560,11.7041,11.8929,11.7864,12.0487,11.0575,11.009,11.1907,11.3585,12.0282,12.0506,12.0589,11.5731
 ENSMUSG00000046245,10.359,10.3941,10.6035,10.0605,10.2629,9.6366,9.9574,9.781,9.9319,9.9053,9.0801,9.893
 ENSMUSG00000082260,4.429,4.754,5.2513,4.1501,4.8002,4.1352,3.7763,4.4196,4.9232,4.5362,4.4346,4.2163
 ENSMUSG00000022066,9.1797,9.118,9.0942,9.2439,9.1723,9.272,9.1959,9.2309,9.8531,9.6728,10.1767,10.1273
 ENSMUSG00000000244,12.3469,12.4996,12.3145,12.5893,11.5333,11.5727,11.6343,11.9276,12.5636,12.5232,12.2531,11.945
 ENSMUSG00000031216,7.757,7.575,7.875,7.8833,7.6531,7.3255,7.3648,7.1766,7.7166,7.6285,6.487,7.096
 ENSMUSG00000021263,9.9274,10.2317,10.0074,10.2981,9.3249,9.1715,9.3242,9.4699,10.0778,9.9507,9.5848,9.3034
 ENSMUSG00000027316,4.4774,4.6606,4.7948,4.3724,4.4554,4.7123,4.3616,3.7484,3.7128,3.6103,4.2461,4.4833
 ENSMUSG00000079853,5.776,5.5866,5.649,6.0413,5.1855,5.3297,5.8535,5.7082,6.5374,6.292,5.276,5.7092
 ENSMUSG00000023505,8.5216,7.8947,8.148,7.1832,7.6435,7.4083,7.2003,7.622,7.1884,7.5496,7.6721,7.6526
 ENSMUSG00000090119,4.7691,4.754,4.7387,4.3033,4.9419,5.3297,3.9606,4.203,4.7093,4.2614,4.1375,4.8392
 ENSMUSG00000030867,7.6681,7.1475,7.3255,6.6948,7.2311,7.4083,6.6314,6.3794,6.6978,6.6113,6.8866,6.6206
 ENSMUSG00000006782,12.7036,12.6179,12.6953,12.671,11.8523,11.6124,12.1656,12.4362,12.7652,12.8488,12.609,12.0605
 ENSMUSG00000029922,11.1145,10.9642,10.9576,11.5969,10.9953,11.0674,11.596,11.6376,10.8839,12.2354,11.2018,11.3831
 ENSMUSG00000024085,12.5205,12.6129,12.5993,12.6687,11.949,11.7391,11.9828,12.0766,12.6058,12.5968,12.0023,11.5412
 ENSMUSG00000072618,4.8056,5.0703,5.2893,4.6126,4.9419,4.3101,4.6531,4.075,4.9996,4.9887,4.0154,4.8392
 ENSMUSG00000034557,7.8927,7.8273,8.018,7.9911,8.7051,8.3696,7.5339,7.5551,7.844,8.0802,7.2209,8.274
 ENSMUSG00000075284,11.9882,12.1248,11.9453,12.6375,11.4929,11.3347,11.3879,11.5685,12.228,12.2889,11.8742,11.685
 ENSMUSG00000028152,8.6219,8.5602,8.3517,8.6766,8.5012,8.4576,8.733,8.7099,8.735,8.8395,9.7523,9.3741
 ENSMUSG00000036594,16.0642,15.8764,16.0364,15.6059,15.0666,14.9979,15.0833,15.3523,15.9162,15.9702,15.8513,15.7001
 ENSMUSG00000032549,7.5336,7.7147,7.8073,8.0421,7.8673,7.8602,7.3038,7.4537,7.5827,7.6091,6.5936,7.0611
 ENSMUSG00000031530,8.8163,8.8826,8.8564,8.6618,8.7372,8.8553,9.0513,9.2701,9.1655,9.1751,10.0737,9.5457
 ENSMUSG00000021390,5.6865,5.6563,5.5903,5.4242,5.1287,4.4604,5.408,4.6008,5.4892,5.4766,5.5894,5.3135
 ENSMUSG00000040713,11.7188,11.5168,12.2154,11.3877,11.751,11.2994,11.3386,11.2344,11.1149,11.33,10.6868,10.9269
 ENSMUSG00000038178,11.6971,11.8814,11.8098,12.3407,11.6341,11.4542,11.3202,11.2675,12.0314,12.2304,11.0215,11.4577
 ENSMUSG00000060512,5.7049,5.6563,6.0024,6.0596,6.3249,6.03,5.921,5.4739,5.9437,6.0628,4.8652,5.3438
 ENSMUSG00000021493,8.9448,9.0051,8.8163,9.1935,8.2382,8.4183,8.1198,8.3643,8.9719,8.8749,8.5721,7.9569
 ENSMUSG00000026775,12.51,12.4901,12.5725,12.324,12.1804,12.1507,12.8574,12.7424,12.5189,12.5301,13.6058,13.0193
 ENSMUSG00000036887,12.368,12.2621,12.6692,12.1062,12.3064,11.5556,11.868,11.5805,11.8242,11.9169,11.2451,11.8978
 ENSMUSG00000096188,8.0452,8.2024,8.2672,8.2337,7.6627,7.3425,7.2529,7.2389,8.1183,7.3777,7.8104,7.6873
 ENSMUSG00000098050,4.149,3.7122,4.8485,4.3724,4.4554,3.6367,4.814,4.203,4.1103,4.7062,4.0154,4.5411
 ENSMUSG00000025010,9.6683,9.7612,9.5466,10.1295,8.8713,9.0786,8.9712,9.2125,9.7438,9.9622,9.7234,9.5331
 ENSMUSG00000081868,4.9736,5.3811,5.0875,6.0413,4.7228,5.181,5.0847,4.9615,5.6579,5.5888,4.8032,4.8392
 ENSMUSG00000038150,9.3277,9.2134,9.3468,9.4153,9.3607,9.1809,9.5898,9.7726,9.3739,9.4179,10.5553,10.0452
 ENSMUSG00000083111,7.3964,7.3872,7.515,7.1914,6.7437,7.0231,7.7688,7.1115,7.5651,7.3928,8.3126,7.6051
 ENSMUSG00000003617,8.5591,8.6822,8.6473,8.8295,8.7597,8.4498,7.9229,7.7125,8.6174,8.4161,7.7582,8.0574
 ENSMUSG00000050730,7.0749,7.5151,7.4192,7.6817,7.3308,7.7879,6.9033,6.4658,7.5886,7.3624,6.7705,7.0434
 ENSMUSG00000107068,9.7678,9.3063,9.6165,9.2299,9.189,8.6934,9.551,9.7322,9.0957,9.3517,10.2392,9.6948
 ENSMUSG00000075289,9.4392,9.6192,9.4967,10.2158,9.2506,9.2764,9.1992,9.4358,9.883,10.0144,8.8104,9.1465
 ENSMUSG00000097064,9.4392,9.6192,9.4967,10.2158,9.2506,9.2764,9.1992,9.4358,9.883,10.0144,8.8104,9.1465
 ENSMUSG00000084172,4.6527,5.1386,5.2122,4.9433,5.2923,5.5257,4.5639,4.4196,5.3259,4.758,4.3444,4.5411
 ENSMUSG00000026027,9.4552,9.5299,9.4672,9.755,8.7004,8.6601,9.2647,9.3313,9.6227,9.9327,9.1279,8.9397
 ENSMUSG00000054383,5.8923,5.6788,5.9102,6.7179,5.6507,5.3297,6.2698,5.9084,6.0503,6.637,5.9013,5.798
 ENSMUSG00000076578,4.9736,4.5052,4.9495,4.4373,4.2344,4.7123,3.7763,4.4196,5.0716,5.1473,4.3444,4.6488
 ENSMUSG00000024589,10.0137,10.3042,10.0598,10.3652,9.788,9.8526,9.4019,9.5868,10.3097,10.3004,9.4146,9.2658
 ENSMUSG00000029727,4.5683,5.2035,4.6798,5.239,4.8002,5.3982,4.7362,4.075,4.8833,4.8076,4.2461,4.4223
 ENSMUSG00000058385,11.389,10.7641,11.4409,10.6669,10.5256,10.6019,11.2509,11.1111,11.2223,11.1438,11.8135,10.7274
 ENSMUSG00000066441,9.5035,9.3634,9.6502,9.606,9.3309,9.4027,9.6326,9.6928,9.6113,9.8185,10.6443,10.3621
 ENSMUSG00000027854,11.5006,11.762,11.5455,11.9458,10.9637,11.0024,11.0669,11.2985,11.8065,11.8721,11.0605,10.845
 ENSMUSG00000040253,11.2068,10.9552,11.0766,10.5904,10.2165,10.3026,10.2306,10.2081,10.6533,10.7176,10.1538,10.0172
 ENSMUSG00000072568,9.3747,9.5553,9.3073,9.5764,8.4412,8.4731,8.8739,8.895,9.2135,9.4105,9.417,8.8561
 ENSMUSG00000022358,9.4671,9.6612,9.483,9.976,9.5481,9.8526,9.4106,9.282,9.8151,9.9027,8.6396,8.9516
 ENSMUSG00000032691,7.2931,7.0911,7.515,7.1067,7.3898,7.4083,7.1316,6.6053,6.8807,6.4606,6.2464,7.0787
 ENSMUSG00000030844,9.4945,9.0522,9.4206,8.9938,8.9201,8.9131,8.2089,8.2841,9.0626,9.0231,8.4922,8.7645
 ENSMUSG00000000581,9.2271,9.2487,9.5466,9.2458,9.1001,9.048,9.7942,9.6058,9.5824,9.6494,10.4699,9.8325
 ENSMUSG00000037224,8.6219,8.572,8.5032,8.551,8.3959,8.8845,8.1547,8.2361,8.4955,8.4124,7.3777,7.8591
 ENSMUSG00000004266,14.2136,14.0999,14.0144,14.1225,13.9124,13.7658,13.7847,14.0527,14.1015,14.2835,15.1199,14.7982
 ENSMUSG00000000682,13.7477,13.509,13.5582,13.2855,13.4165,13.1041,13.4811,13.7361,13.4386,13.5956,14.4509,14.348
 ENSMUSG00000025494,9.637,9.8155,9.4731,9.8787,9.0352,9.1086,9.3843,9.6058,9.949,10.0648,8.9828,8.9611
 ENSMUSG00000047227,5.5092,5.4086,5.7594,5.3348,5.24,5.0135,4.6531,4.7579,5.3825,5.5616,4.6691,4.6488
 ENSMUSG00000039697,9.5858,9.7791,9.712,9.9177,9.0788,9.1524,9.1446,9.1426,9.5794,9.5966,8.792,8.7039
 ENSMUSG00000061863,5.0351,4.2584,5.1304,5.2717,5.4832,5.0999,4.2447,4.6819,5.0716,5.3544,5.1366,4.7943
 ENSMUSG00000046949,9.1893,9.4791,9.2436,9.4328,8.9438,9.0273,8.8008,8.7992,9.4006,9.3556,8.1073,8.729
 ENSMUSG00000058099,10.5065,10.4756,10.5742,10.5989,10.0385,9.8818,9.876,9.76,10.4847,10.3233,9.5567,9.5906
 ENSMUSG00000030493,8.7091,8.3433,8.2348,8.4344,8.4187,8.5258,8.5083,8.7055,8.6145,8.7746,9.6435,9.2232
 ENSMUSG00000018931,9.5955,9.3685,9.4552,9.5382,9.1689,8.9187,9.4477,9.5333,9.4349,9.6775,8.6883,8.4079
 ENSMUSG00000001166,8.9084,8.8873,8.99,8.8556,8.3844,8.1373,8.8989,8.9628,9.0647,9.2287,8.2546,8.0574
 ENSMUSG00000024535,5.9996,6.3271,6.6522,6.7179,6.464,5.5853,6.2173,5.7082,6.3004,6.4892,5.6239,5.8815
 ENSMUSG00000035403,5.649,5.4355,5.7053,6.0777,5.7641,5.6971,4.6531,5.2423,5.7025,5.8119,5.0348,5.2183
 ENSMUSG00000022661,9.913,10.0943,10.0019,10.3579,9.4212,9.4887,9.8655,9.7192,10.2567,10.5373,10.611,10.452
 ENSMUSG00000029860,10.287,10.2953,10.2934,10.6476,10.1363,10.0863,10.0213,9.9278,10.4499,10.3487,9.3481,9.3724
 ENSMUSG00000025608,6.5441,6.0657,6.0677,6.8174,6.6305,6.9585,6.4164,5.877,6.0841,7.0258,6.6928,6.8729
 ENSMUSG00000083473,5.2038,5.5131,5.4314,5.9458,4.873,4.821,4.9565,5.2919,5.8678,5.7654,5.7541,5.6861
 ENSMUSG00000054065,9.273,9.181,9.2083,9.1874,8.2762,8.612,8.274,8.723,9.0647,9.3086,8.6063,8.4722
 ENSMUSG00000000791,7.2072,6.9165,7.3255,6.7064,6.4859,6.9804,6.2953,6.2635,6.8322,6.4892,7.4548,7.0699
 ENSMUSG00000040396,10.518,10.4873,10.5472,10.4457,10.3336,10.3473,10.9364,10.9634,10.5922,10.668,11.7327,11.0055
 ENSMUSG00000048424,5.0351,4.9983,4.8485,5.2717,4.1036,4.3101,5.455,4.7579,5.2967,4.9458,4.6691,4.6993
 ENSMUSG00000045929,6.5739,6.9165,6.6522,7.2078,6.7796,7.1441,6.1628,6.1107,6.7922,6.5717,6.0844,6.1729
 ENSMUSG00000026360,10.457,10.1096,10.6098,10.6588,9.8915,9.8876,10.2978,9.9651,10.6821,10.9339,11.0088,10.6738
 ENSMUSG00000017897,5.4224,5.4355,5.0875,5.6858,5.6895,6.1515,5.3592,5.5565,6.2715,5.1095,4.9807,5.5896
 ENSMUSG00000039208,7.2569,6.9257,7.5227,6.8595,7.4465,6.7706,6.8699,6.4015,6.782,6.839,6.1326,6.7247
 ENSMUSG00000022199,5.8763,6.1636,6.0024,6.1649,5.6107,5.6971,5.7076,5.0227,6.0157,5.7415,5.0348,5.3135
 ENSMUSG00000039462,8.3636,8.8295,8.5186,8.8321,8.2123,8.4183,8.535,8.4975,8.6484,8.467,7.4263,7.899
 ENSMUSG00000025358,9.9735,9.8498,9.9643,10.1749,9.3489,9.2042,9.5536,9.5183,10.1979,10.3054,10.4323,10.0955
 ENSMUSG00000083013,5.3534,4.922,4.7387,6.0413,4.9419,4.7123,5.1443,4.7579,5.1062,5.4169,4.738,5.3734
 ENSMUSG00000044313,5.1771,4.7982,5.7327,5.3951,4.873,5.2574,5.2014,4.6819,4.6121,4.9887,4.2461,4.9245
 ENSMUSG00000104838,4.5683,4.882,4.9972,4.9842,3.7693,4.1352,4.8873,4.5137,4.5604,4.758,5.1366,4.8825
 ENSMUSG00000071203,10.318,10.3849,10.4427,10.0772,10.1551,9.9688,9.7051,9.6269,10.1622,9.8585,9.0922,9.586
 ENSMUSG00000030352,6.9744,7.0065,7.2532,7.4744,6.9464,6.7453,6.6901,6.2392,6.973,7.2167,6.1087,6.7794
 ENSMUSG00000050930,7.7265,7.6715,7.0968,7.232,7.3065,7.4713,7.6365,8.4191,7.7689,7.9171,8.2492,7.9137
 ENSMUSG00000092344,4.7315,5.3531,5.0431,5.3036,5.2923,4.3101,4.5639,4.8295,5.4369,5.5888,4.8032,4.7477
 ENSMUSG00000107628,4.3257,4.6606,4.9495,5.1711,3.7693,4.1352,4.2447,4.6008,4.7551,4.4735,4.9243,4.7477
 ENSMUSG00000029416,12.0778,12.1829,12.1017,12.3648,11.2916,11.3209,11.6399,11.7692,12.3891,12.354,12.1299,11.6364
 ENSMUSG00000096218,6.9595,7.2975,6.6662,7.3546,6.8983,7.3084,6.4394,6.357,7.5047,7.129,6.6605,6.5212
 ENSMUSG00000020777,9.9101,10.0402,10.0264,10.2467,9.4042,9.2317,9.3576,9.354,10.0002,10.0144,9.281,9.2074
 ENSMUSG00000025279,10.5319,10.2252,10.5434,10.8529,10.2471,10.3048,10.412,10.205,10.1307,10.2782,9.1855,10.2767
 ENSMUSG00000026227,4.2113,4.7982,4.5528,4.9433,4.1036,5.3982,3.9606,4.8295,4.7551,4.6522,4.6691,4.7943
 ENSMUSG00000027901,11.6935,11.7751,11.7123,11.6257,10.7635,11.1585,10.8978,10.8849,11.8584,11.716,11.3235,11.2081
 ENSMUSG00000024614,11.122,11.2099,11.456,11.2076,10.4209,10.4247,10.905,10.9233,11.3598,11.3063,11.776,11.1348
 ENSMUSG00000037418,5.6105,4.9983,5.4647,6.1132,5.6507,5.2574,5.8877,5.2919,4.7993,5.879,5.0867,5.4024
 ENSMUSG00000041712,10.3611,10.1988,10.2593,10.1519,9.9765,10.0353,10.3575,10.266,10.3684,10.3991,11.3954,10.9087
 ENSMUSG00000038127,13.2752,13.2529,13.3349,13.3277,12.7091,12.5949,12.8497,12.8966,13.3458,13.423,13.924,13.6977
 ENSMUSG00000005802,9.9483,9.8291,9.9727,10.1634,9.6671,9.7769,10.0679,9.905,10.1376,10.3074,11.097,10.571
 ENSMUSG00000025572,11.0072,11.1837,10.921,11.4938,10.8372,11.0366,11.4039,11.2779,11.3283,11.2953,10.5586,10.1199
 ENSMUSG00000020186,7.4824,7.171,7.2624,7.6219,6.8654,6.9804,7.4686,7.7037,7.7638,8.1707,7.2209,6.8929
 ENSMUSG00000016918,5.5908,5.5866,5.2513,5.5871,5.7273,5.8006,4.7362,5.2919,5.41,5.6154,4.596,5.798
 ENSMUSG00000036949,4.7691,4.922,4.6798,4.4988,4.873,4.9209,3.9606,4.4196,4.0265,4.092,4.3444,3.8525
 ENSMUSG00000037458,11.76,11.6364,11.741,11.8,11.4665,11.5382,11.8801,11.7491,11.6611,11.9175,12.8753,12.3828
 ENSMUSG00000049103,9.4526,8.9131,9.402,9.1812,9.1071,9.4811,9.7673,9.3511,9.6701,9.0895,8.7734,10.1939
 ENSMUSG00000044811,8.9523,8.8271,9.4206,8.8582,9.2789,8.713,9.2388,8.7616,8.6512,8.8802,7.8749,8.9421
 ENSMUSG00000055884,10.3455,10.333,10.2844,10.4576,9.6671,9.6871,9.7284,9.7663,10.6301,10.6957,10.6391,10.1939
 ENSMUSG00000031636,5.7409,5.9604,5.7327,5.9259,5.5271,6.5247,5.2014,5.1371,6.1964,6.0628,5.6576,5.7764
 ENSMUSG00000020334,5.3296,5.2348,4.7387,4.3033,5.0694,5.0135,4.2447,4.203,4.4494,4.758,4.4346,4.5411
 ENSMUSG00000024824,10.3433,10.3571,10.2934,10.5748,10.2755,10.2476,10.8367,10.8742,10.6252,10.5029,11.6317,10.795
 ENSMUSG00000024007,9.6335,9.6021,9.76,9.7592,9.6954,9.5735,9.8802,9.9669,9.776,9.773,10.8935,10.4646
 ENSMUSG00000036452,12.4334,12.6158,12.4428,12.7693,12.0414,12.2003,11.891,11.9831,12.6376,12.567,11.7802,11.5447
 ENSMUSG00000061540,7.6818,7.7515,7.7819,8.356,7.4794,7.5608,7.3648,7.0151,7.9153,8.3205,8.0339,7.4524
 ENSMUSG00000040048,9.967,9.6722,9.9415,9.6912,9.8833,9.7831,10.0897,10.2236,9.8113,9.9184,10.9569,10.6564
 ENSMUSG00000081679,4.6112,4.6606,4.6798,5.0238,4.2344,3.6367,4.4672,4.3167,4.7093,4.9458,5.0348,4.4223
 ENSMUSG00000018654,13.8826,13.7939,13.832,13.9231,13.3201,13.2155,13.1765,13.4537,13.9678,13.9674,14.4199,14.1955
 ENSMUSG00000050192,8.5266,8.4302,8.5862,8.4619,7.8081,7.6036,8.3544,8.624,8.3487,8.4988,8.986,8.8936
 ENSMUSG00000084064,5.2299,4.9983,4.7948,5.4807,5.0072,5.181,4.8873,6.2635,4.9232,5.2889,4.9807,5.1508
 ENSMUSG00000030654,12.3567,12.2005,12.4987,12.153,11.9607,11.64,12.4598,12.4523,12.3278,12.3867,13.2583,12.6594
 ENSMUSG00000034659,8.7224,8.8271,8.835,9.0379,8.1249,7.9513,8.4588,8.5621,8.9197,8.8395,9.383,8.8787
 ENSMUSG00000035783,5.5709,5.2348,5.2893,5.7327,5.6895,5.8496,5.3087,5.0811,5.2967,6.4749,5.1847,5.7543
 ENSMUSG00000034009,7.6025,7.8372,7.7096,7.6933,7.6531,7.7248,7.2003,6.9863,7.2633,6.9355,6.9005,6.7468
 ENSMUSG00000061751,8.0452,8.0714,7.9511,7.9721,8.0826,8.5696,8.0018,7.5937,8.3894,8.2926,7.1531,8.5016
 ENSMUSG00000048368,4.3257,4.922,4.9495,4.6657,3.7693,4.5931,4.5639,3.9271,4.5062,4.2614,4.5181,3.8525
 ENSMUSG00000020709,9.0971,9.0689,9.2712,9.0583,9.7615,9.2542,8.9984,8.5814,8.8964,8.9432,8.1368,9.1109
 ENSMUSG00000070394,8.2822,8.0076,8.4191,8.1432,7.5535,7.2735,8.2353,8.2053,8.4224,8.5737,8.4316,8.4722
 ENSMUSG00000072791,6.0289,6.4988,5.8369,6.7064,5.869,6.0717,5.7824,6.0558,6.782,6.4749,5.6906,5.7092
 ENSMUSG00000037012,10.2698,10.212,10.1407,10.4205,9.9277,9.876,9.3516,9.5652,9.9936,9.9848,9.3124,9.3053
 ENSMUSG00000046668,10.3078,10.2926,10.222,10.5621,9.8585,9.7198,10.2142,10.5654,10.6023,10.7221,9.7542,9.5598
 ENSMUSG00000015474,9.0886,8.9361,9.3381,8.5889,9.0129,8.5624,8.535,8.3075,8.6287,8.7336,7.8537,8.5113
 ENSMUSG00000039166,9.0328,9.0689,9.0656,9.0356,8.361,8.5551,8.3544,8.2781,8.9494,8.9661,8.0213,8.2891
 ENSMUSG00000000142,5.827,6.1477,5.7053,5.8001,6.224,6.4637,5.6686,5.7782,6.6313,5.386,5.4021,5.7543
 ENSMUSG00000019948,8.4137,8.3638,8.5678,8.3076,8.4074,8.3613,8.5871,8.4029,8.5944,8.4812,9.692,8.996
 ENSMUSG00000092035,4.8056,4.7082,4.3315,5.1358,4.8002,4.3101,5.0847,4.8972,4.9232,5.0704,5.7848,5.1157
 ENSMUSG00000090231,8.7312,8.2213,8.5935,8.5317,8.4244,7.8245,8.1055,7.5841,8.098,8.6354,8.1657,8.9181
 ENSMUSG00000056952,11.4831,11.4576,11.4902,11.5782,11.3357,11.57,11.5103,11.5901,11.6097,11.621,12.676,12.2883
 ENSMUSG00000036181,12.9583,12.3669,12.8093,12.5049,12.34,12.494,12.5896,12.4612,13.2041,13.2653,12.2768,11.9474
 ENSMUSG00000048027,7.0818,7.1554,7.1274,6.7064,6.6305,6.9585,6.3692,6.5272,6.2568,6.0818,6.3312,6.1564
 ENSMUSG00000082190,4.6112,4.7982,4.618,4.7653,5.1287,3.6367,4.4672,4.7579,5.1062,4.6522,4.6691,4.2895
 ENSMUSG00000051412,8.8143,8.7172,9.1349,8.7199,8.251,8.2846,9.2932,8.77,8.7481,8.7036,9.6517,8.8812
 ENSMUSG00000031097,6.6598,6.3549,6.7344,6.8174,6.224,5.8969,6.3692,6.311,6.9907,7.147,7.0323,6.9701
 ENSMUSG00000102626,7.0398,7.666,7.4518,7.9431,6.8654,6.844,7.2658,6.9717,7.9245,7.6787,7.3875,7.1796
 ENSMUSG00000078867,5.0047,5.1715,4.5528,5.5349,4.8002,4.821,5.3592,5.0227,4.3896,5.4471,5.5894,5.3438
 ENSMUSG00000024757,6.564,6.9072,6.7344,6.9884,6.3962,7.1823,6.4394,6.311,6.4881,6.6748,5.9561,5.8815
 ENSMUSG00000032690,9.8325,9.8068,9.9797,10.0412,9.5584,9.899,9.9475,9.0998,9.5544,10.3134,9.0338,9.3563
 ENSMUSG00000032718,5.0351,4.882,4.5528,4.9842,5.0072,5.4635,4.7362,4.075,4.7551,5.1473,4.2461,4.5411
 ENSMUSG00000081695,4.6112,4.754,4.9,4.2295,4.7228,4.7123,3.7763,4.6819,4.7093,4.9887,5.2311,4.2163
 ENSMUSG00000039089,10.9566,11.0677,10.7846,10.9759,10.0385,10.1787,10.3605,10.3751,10.9103,10.9202,10.5065,10.0228
 ENSMUSG00000026915,12.8952,12.9914,12.9122,13.3221,12.3076,12.2599,12.4657,12.5773,13.2499,13.3535,12.681,12.4644
 ENSMUSG00000018930,5.3768,5.1386,5.2122,5.1711,4.6402,5.3297,5.2561,4.4196,5.0361,4.758,4.1375,4.8825
 ENSMUSG00000029149,7.8729,8.2138,8.0288,8.0825,7.2942,7.0849,7.3528,7.7976,8.0182,8.1619,7.4548,7.4252
 ENSMUSG00000066975,5.1221,4.882,5.0431,4.8122,4.8002,4.821,3.9606,4.203,4.7093,4.1803,4.2461,4.2895
 ENSMUSG00000059336,9.7462,9.7573,9.8032,10.2751,9.8417,9.8348,9.9295,10.2266,10.242,10.4703,8.9631,9.7367
 ENSMUSG00000032679,7.2871,7.1633,6.837,7.124,7.1099,7.3084,6.6901,6.507,6.6869,6.6497,6.0597,6.4143
 ENSMUSG00000107763,6.1665,6.3549,6.3381,6.6831,6.0577,5.4635,6.5493,6.2144,6.8023,6.6242,6.0844,5.7764
 ENSMUSG00000043872,9.756,9.8535,9.822,10.075,9.6479,9.7675,10.0624,10.0951,9.836,9.7973,11.1149,10.1859
 ENSMUSG00000032288,9.7397,9.6121,9.8406,9.5494,9.5246,9.3576,10.0933,10.2793,9.6522,9.8157,10.7501,10.0814
 ENSMUSG00000048924,9.4271,9.5024,9.4268,9.6868,8.9556,8.9466,8.8313,8.8278,9.7081,9.7859,8.7159,9.0981
 ENSMUSG00000079183,5.4665,5.8663,5.4972,5.3951,4.8002,5.6423,5.0222,4.8972,5.7668,5.9841,5.6239,5.798
 ENSMUSG00000040746,11.685,11.6721,11.5213,12.2078,11.3929,11.3906,12.0755,12.2541,12.3468,12.4556,12.2857,11.9396
 ENSMUSG00000027611,5.5301,5.2348,5.4314,4.9842,5.9348,5.3982,5.6686,5.4739,4.962,5.7654,4.738,5.9602
 ENSMUSG00000095463,9.7441,9.8093,9.883,9.8543,9.7792,9.993,9.7808,9.941,10.6117,10.2762,10.7634,10.6994
 ENSMUSG00000054342,9.5453,9.4681,9.2894,8.8215,9.1176,9.3535,8.5561,8.7446,8.9962,8.7454,8.6763,8.3225
 ENSMUSG00000094174,4.429,4.4484,5.3972,3.8623,4.873,4.3101,4.7362,4.3167,4.5062,4.5956,4.3444,4.1376
 ENSMUSG00000033577,8.3408,8.3433,8.2064,8.367,8.1591,8.5184,7.8479,7.6859,8.1183,7.9533,7.094,7.9088
 ENSMUSG00000021792,9.4499,9.0331,9.031,9.7256,9.0644,9.1809,9.1059,9.2492,9.2097,10.2984,9.678,9.6763
 ENSMUSG00000026283,10.6013,10.5654,10.5177,10.6386,10.5178,10.6037,10.8291,10.8839,10.6074,10.7266,11.75,11.411
 ENSMUSG00000026224,6.1665,6.6295,6.7344,7.0442,6.9305,6.8909,5.7455,6.507,6.7405,6.3082,6.1792,6.2529
 ENSMUSG00000037902,12.5688,12.5775,12.9658,12.623,13.2243,12.4557,12.5406,12.3756,12.303,12.4103,11.6014,12.5845
 ENSMUSG00000043110,4.6927,4.922,4.6798,5.239,4.6402,5.5853,4.3616,4.4196,5.2667,5.22,5.2311,5.1508
 ENSMUSG00000026972,10.555,10.6316,10.4954,10.6728,10.055,9.8318,10.3857,10.6294,10.8308,10.8999,10.1173,9.7131
 ENSMUSG00000002010,11.4118,11.3814,11.3793,11.1497,11.2485,11.0572,11.788,11.9894,11.4485,11.5478,12.3157,12.0226
 ENSMUSG00000022332,4.5683,4.882,4.618,4.4988,4.6402,4.4604,5.3592,4.5137,5.1728,4.3368,4.2461,5.3734
 ENSMUSG00000058290,7.9728,7.4332,7.6961,7.2558,7.2181,6.8909,7.0143,6.5668,7.1335,7.0547,7.6558,7.1384
 ENSMUSG00000044352,5.723,5.3811,4.9,5.0238,5.0694,5.6423,5.0847,4.6819,4.5062,5.2549,4.596,5.2508
 ENSMUSG00000005161,10.839,10.4756,10.7383,10.5316,10.3866,10.0813,10.8591,10.8917,10.4932,10.989,11.5029,11.2007
 ENSMUSG00000015597,13.4461,13.627,13.4043,13.7017,12.9772,13.1204,13.1274,13.5246,13.5774,13.6381,12.9079,12.4203
 ENSMUSG00000020496,11.2768,11.1755,11.1652,11.0383,11.1489,10.7166,11.3731,11.688,11.1042,11.2199,12.2399,11.5938
 ENSMUSG00000043252,10.4106,10.5227,10.5825,10.6424,9.9217,10.0274,10.3409,10.5593,10.6491,10.6159,11.4858,10.6329
 ENSMUSG00000049321,7.1024,7.0746,6.9558,6.8801,6.9929,6.6392,6.9197,7.781,6.964,7.0451,7.9163,7.5308
 ENSMUSG00000082503,7.0818,7.0409,6.9671,7.3472,7.2693,7.2377,6.6113,6.8807,7.0597,6.8934,6.202,6.1729
 ENSMUSG00000063157,5.2807,5.4619,5.1304,5.5081,4.7228,5.5257,5.0222,4.3167,4.7551,5.4766,4.8652,4.8825
 ENSMUSG00000021917,10.0002,9.774,10.0115,9.4293,9.5635,9.4925,9.8443,9.7852,9.5998,9.7394,10.809,10.289
 ENSMUSG00000028249,12.4359,12.3546,12.6896,12.4221,11.6469,11.4148,12.1318,11.8355,12.4129,12.5183,12.2362,11.9462
 ENSMUSG00000089838,7.645,7.666,7.4837,7.9673,7.2311,7.201,6.7828,7.2143,7.4923,7.7915,6.8152,6.9416
 ENSMUSG00000030214,11.7635,11.6044,11.7199,11.2333,11.0493,10.7676,10.7796,10.8475,11.2053,11.3142,10.6079,11.0675
 ENSMUSG00000021238,8.6005,8.5632,8.5972,8.6439,7.9713,7.8835,7.7957,7.9166,8.6174,8.648,7.8537,7.8641
 ENSMUSG00000067212,13.2651,13.2015,13.2784,13.0729,12.4726,12.4557,12.7234,12.8138,13.1612,13.2608,12.6197,12.1654
 ENSMUSG00000032783,6.2431,5.7653,5.8369,5.3653,5.6895,5.7498,4.8873,5.4739,5.3825,5.4471,5.4802,4.8825
 ENSMUSG00000045826,12.4913,12.3712,12.4872,12.3025,12.2023,11.7715,12.393,12.73,12.6709,12.7474,13.2932,12.9186
 ENSMUSG00000029699,5.9848,5.9421,5.7594,5.9259,5.869,5.181,5.8184,5.877,6.2419,6.4016,5.1366,5.4024
 ENSMUSG00000042460,12.013,11.9895,12.0361,12.1693,11.3023,11.2341,11.835,11.727,12.2401,12.4008,12.4545,11.7888
 ENSMUSG00000034833,10.9065,10.8825,10.8349,10.6158,10.527,10.6536,10.2257,10.2236,10.7271,10.5709,11.6896,10.9245
 ENSMUSG00000107892,5.6105,5.9604,5.649,6.1817,4.7228,5.5257,5.6284,5.6718,5.8872,5.7415,5.0867,5.6144
 ENSMUSG00000043157,5.5506,5.2348,5.4647,5.7327,5.3426,4.821,5.1443,4.7579,4.962,5.0704,4.3444,4.965
 ENSMUSG00000060147,10.6531,10.5235,10.8886,10.5055,10.8105,10.1429,10.5679,10.3086,10.2622,10.4649,9.4074,10.3178
 ENSMUSG00000056204,9.5035,9.3969,9.4471,9.8162,8.863,8.619,9.2421,9.4385,9.6688,9.9053,9.1684,8.9891
 ENSMUSG00000028699,6.0994,5.7227,5.6774,6.0777,6.1707,6.2634,5.7076,6.0558,5.9801,6.0818,6.8298,6.8527
 ENSMUSG00000032915,11.0749,11.4844,11.5933,11.0898,11.2301,10.5244,10.9364,10.7431,11.1944,11.2368,10.2821,11.3106
 ENSMUSG00000051669,5.86,6.0657,6.0889,5.8433,6.2754,6.1898,6.0167,5.2423,6.0157,6.34,6.4497,6.8217
 ENSMUSG00000022425,6.8981,6.652,6.9443,6.4266,6.6882,6.4945,6.2173,5.8119,6.513,6.5172,5.6906,6.2836
 ENSMUSG00000021707,8.7378,8.1601,8.5862,8.0512,8.3131,7.8124,8.1547,8.2663,8.094,8.2392,9.1995,8.7318
 ENSMUSG00000081236,7.0955,7.4779,7.1771,7.4262,7.1239,7.3084,7.0446,6.942,7.3135,7.5155,6.4497,6.2987
 ENSMUSG00000022940,8.6431,8.5182,8.7226,8.2808,7.6722,7.4558,8.3178,8.3531,8.4673,8.6226,8.4506,8.2472
 ENSMUSG00000019998,11.2745,11.1828,11.3787,11.1898,10.4571,10.2654,10.6024,10.6818,11.2446,11.3735,11.0112,10.7643
 ENSMUSG00000044709,9.6498,9.5553,9.5948,9.5811,9.0859,8.6259,9.5002,9.5652,9.7438,9.6821,10.1739,9.8325
 ENSMUSG00000056498,10.8948,10.8282,10.8287,10.4729,10.1363,10.3742,9.5378,9.9978,10.4729,10.4765,10.3428,10.3568
 ENSMUSG00000084845,6.4929,6.3957,6.2094,6.2629,6.1153,5.9427,5.921,5.596,6.3566,6.4165,7.0696,6.6793
 ENSMUSG00000070348,9.0954,8.5895,9.1173,9.3506,8.5118,8.3446,8.6571,8.2958,8.9034,8.9712,9.0922,9.4583
 ENSMUSG00000059810,10.4859,10.5705,10.4737,10.4283,10.4474,10.5825,10.3287,10.2449,10.3237,9.8921,9.3354,9.7572
 ENSMUSG00000060904,10.2531,10.0069,10.2945,10.155,10.1517,9.9984,10.4134,10.3201,10.0902,10.2505,11.2485,10.9714
 ENSMUSG00000030060,9.2655,9.1771,9.3661,9.2576,8.5433,8.4103,8.4865,8.6966,9.2941,9.1329,9.1939,8.4589
 ENSMUSG00000024194,8.8287,8.5513,8.564,8.5187,8.2188,7.9178,8.4075,8.6471,8.4289,8.5603,9.4098,9.0546
 ENSMUSG00000056220,8.7573,8.5242,9.0201,8.6736,8.8999,8.4576,8.5613,8.3588,8.3658,8.2011,7.5544,8.251
 ENSMUSG00000000127,7.4184,7.4716,7.4599,7.124,7.4794,6.7955,6.6901,6.4232,7.2338,7.2252,6.5413,6.8929
 ENSMUSG00000036315,9.282,8.9986,8.9788,8.8029,8.9438,9.0009,9.2518,9.4517,9.033,9.0988,10.148,9.6991
 ENSMUSG00000022462,12.044,12.0432,12.0202,12.3577,11.8931,12.213,12.2375,12.0919,12.2345,12.3087,13.2968,12.7175
 ENSMUSG00000047842,7.7827,7.9857,7.9106,8.5701,7.8507,8.1566,7.6659,7.7557,8.0566,8.5023,7.2644,7.4524
 ENSMUSG00000084113,4.0112,4.4484,4.8485,3.9687,4.6402,3.9222,3.5309,4.6819,4.5062,4.4735,4.4346,4.3579
 ENSMUSG00000021262,12.6256,12.6238,12.5723,12.5291,12.1025,11.8541,12.0691,12.2432,12.5442,12.6173,11.5865,11.7334
 ENSMUSG00000074653,4.9417,5.2654,4.4102,5.4242,4.8002,5.181,5.455,4.203,4.7551,5.1473,5.0867,4.9245
 ENSMUSG00000025272,5.2807,5.2348,5.0431,5.4807,5.3911,5.3982,4.5639,4.8295,4.7093,5.4766,4.3444,4.965
 ENSMUSG00000020272,13.0826,13.2119,13.055,13.4359,12.6234,12.5731,12.529,12.6508,13.2405,13.233,12.4213,12.3247
 ENSMUSG00000000385,5.6679,5.8066,5.6774,6.1307,5.5271,5.4635,6.345,6.1892,5.8482,6.5583,5.7227,5.2825
 ENSMUSG00000018672,5.776,5.9604,5.9799,5.6858,5.6507,5.987,5.9855,5.2423,5.5146,5.4471,4.738,5.3135
 ENSMUSG00000044206,4.6527,4.9607,5.0431,5.3348,4.873,5.181,4.9565,4.075,4.7093,5.0704,4.5181,4.2163
 ENSMUSG00000064262,13.1667,13.2373,13.1663,13.1583,12.3641,12.4153,12.3582,12.6875,13.3,13.3293,13.0168,12.6695
 ENSMUSG00000022175,11.8807,11.9426,11.7888,12.2245,11.3372,11.1597,11.1729,11.4526,12.0919,12.1869,11.8116,11.466
 ENSMUSG00000034591,9.5137,9.6502,9.5409,9.6839,9.2633,9.4541,8.8781,8.948,9.3755,9.2287,8.5283,8.7151
 ENSMUSG00000017412,7.8326,7.4966,7.5379,7.5911,7.1377,6.7453,6.8867,7.1639,7.5169,7.4804,6.6928,6.8628
 ENSMUSG00000020032,7.9876,7.95,8.0502,8.6795,8.1793,8.1373,8.1616,8.2115,7.9106,8.2392,8.6722,9.1974
 ENSMUSG00000029516,9.0238,8.8563,8.6991,8.6258,8.7097,8.7065,8.1547,8.0474,8.4092,8.523,8.0402,7.7811
 ENSMUSG00000047246,10.6669,10.2428,10.6586,10.3171,9.9197,10.0064,10.8612,10.183,10.7493,10.7993,11.1885,10.5007
 ENSMUSG00000093779,5.7932,5.9964,5.9338,6.247,4.873,5.8006,5.9536,5.596,5.8283,6.024,6.4113,6.0165
 ENSMUSG00000040254,6.9291,6.5478,7.1274,6.785,6.9775,7.3425,6.7464,6.1892,6.6084,7.147,6.1087,7.0523
 ENSMUSG00000100880,6.0432,6.6408,6.19,6.8067,5.5271,5.8969,6.0471,6.1892,6.5733,6.3082,6.0088,5.6861
 ENSMUSG00000025577,6.8744,6.8304,6.721,6.9597,6.5497,6.6665,6.8357,7.0572,7.0847,7.0736,8.0339,7.1957
 ENSMUSG00000043131,13.3009,13.2034,13.3594,13.2134,13.0325,12.7974,13.4955,13.5705,13.2668,13.2753,14.2925,13.773
 ENSMUSG00000094483,12.9657,13.0028,13.0169,13.2217,12.5924,12.6447,13.1725,13.1492,13.2175,13.2697,14.0679,13.432
 ENSMUSG00000020787,5.2299,4.922,4.8485,5.0238,4.8002,5.2574,4.6531,4.6008,4.7993,5.5056,4.0154,5.0044
 ENSMUSG00000030643,10.5581,10.6345,10.5225,10.4327,10.0219,10.3515,9.605,9.8283,10.5071,10.6102,10.7971,10.814
 ENSMUSG00000108405,6.3621,6.6181,6.19,7.2479,5.9348,6.1898,6.2953,6.4232,6.751,6.2423,5.929,5.998
 ENSMUSG00000070283,8.5517,8.404,8.4517,8.4379,7.7819,7.5168,8.2418,8.3974,8.4224,8.6354,8.906,8.6639
 ENSMUSG00000040322,8.031,8.0163,8.1279,8.3114,7.8756,7.8835,7.939,7.7642,8.0096,8.0661,6.9547,7.2662
 ENSMUSG00000024065,9.3493,9.2096,9.2916,8.9015,8.8421,8.9017,8.1821,8.6286,8.8437,8.763,8.3178,8.3515
 ENSMUSG00000058357,4.5683,4.7982,4.4102,4.3724,4.6402,4.5931,4.6531,5.1907,4.842,4.4735,5.5175,5.3734
 ENSMUSG00000052151,6.5541,6.5597,6.5947,6.5217,6.1153,5.5257,6.1062,6.5272,6.7922,6.9355,6.3517,6.1055
 ENSMUSG00000026039,8.0937,7.5453,7.7947,6.8801,7.4465,7.0646,7.0887,7.1893,7.1806,7.1823,7.9433,7.4184
 ENSMUSG00000024835,12.1135,11.8788,12.031,12.0245,11.5573,11.1892,11.1244,11.3473,11.8596,12.0766,11.2109,11.5281
 ENSMUSG00000095338,4.8056,4.3255,3.6483,4.7165,3.7693,4.1352,3.7763,4.4196,4.1875,4.4735,4.596,4.3579
 ENSMUSG00000059461,4.8755,5.4619,4.7948,4.4988,5.3911,4.4604,4.4672,4.6008,5.3259,4.8076,5.3194,5.0044
 ENSMUSG00000000278,10.767,10.555,10.599,10.6625,9.9454,9.7581,9.8697,9.9222,10.5413,10.785,10.379,10.1273
 ENSMUSG00000000275,11.7659,12.0288,11.8903,12.7115,11.9027,12.1974,11.7773,11.6701,11.9412,12.0444,11.2733,11.3412
 ENSMUSG00000042688,10.7269,10.6505,10.6428,10.8561,10.6787,10.8016,10.9029,10.9289,10.7872,11.0063,11.8509,11.5739
 ENSMUSG00000030629,11.1111,11.2198,11.1919,11.1013,10.3351,10.1668,10.8161,10.8475,11.2693,11.3187,11.0985,10.6038
 ENSMUSG00000064210,11.4896,11.5214,11.5978,11.7251,11.2461,11.0064,11.0089,11.0663,11.5859,11.6218,10.6504,10.6716
 ENSMUSG00000025151,8.4804,8.3841,8.8006,8.4482,8.1318,8.098,7.8393,7.6948,8.1103,8.2804,7.4453,7.8742
 ENSMUSG00000036968,8.9635,8.8967,9.031,8.899,8.6675,8.442,9.0843,9.1064,9.0521,8.9534,9.9661,9.4348
 ENSMUSG00000044034,4.2113,4.7982,4.0523,4.6126,4.2344,4.4604,3.5309,4.4196,4.3896,3.9948,4.8032,4.7477
 ENSMUSG00000096517,4.5683,4.9983,4.618,4.8574,4.4554,4.821,4.2447,4.203,4.6121,4.8076,3.8746,3.8525
 ENSMUSG00000010663,8.0662,7.8125,8.4954,8.1175,7.8253,7.5018,7.6065,7.5154,7.4798,7.4226,8.3832,8.2198
 ENSMUSG00000029722,8.7486,8.7539,8.6189,8.9557,8.0969,7.8719,8.1753,8.3588,8.7713,8.8116,9.0587,8.8936
 ENSMUSG00000035790,7.612,7.3046,7.4758,7.24,6.9145,6.6392,6.6708,6.9116,7.5108,7.2833,7.8466,7.3976
 ENSMUSG00000081798,4.3786,5.0703,4.4102,4.9011,4.6402,4.3101,4.3616,4.075,4.3264,4.2614,3.7047,3.9579
 ENSMUSG00000026113,10.6919,10.8783,10.8037,10.7967,10.6355,10.6788,10.3857,10.3848,10.5503,10.0506,9.7655,9.8644
 ENSMUSG00000027082,7.5635,7.367,7.6546,7.2558,7.3308,7.8602,7.8479,7.0433,7.4286,7.9786,8.0711,8.3077
 ENSMUSG00000039686,10.995,11.1909,10.9476,11.4283,10.741,10.7214,10.9712,11.036,11.2922,11.3217,10.2269,10.3224
 ENSMUSG00000046080,7.6635,7.4716,7.7363,7.8157,7.0526,7.291,7.3648,7.071,8.2119,8.0034,7.5976,8.0574
 ENSMUSG00000023828,4.5683,4.7982,4.618,4.3724,4.1036,4.5931,3.5309,3.7484,4.3896,4.092,4.0154,4.2895
 ENSMUSG00000020134,11.0234,11.1615,11.0575,11.4728,10.5973,10.7628,10.5692,10.5384,11.4169,11.391,10.6927,10.4215
 ENSMUSG00000105123,4.909,4.5052,4.2466,3.74,4.5515,3.6367,3.9606,4.3167,3.8312,4.4735,4.1375,4.052
 ENSMUSG00000083555,5.0647,5.5626,4.9495,5.0995,4.7228,4.7123,4.113,4.8295,4.7993,4.8076,4.3444,4.4833
 ENSMUSG00000021866,10.2615,10.3095,10.2137,10.3796,9.7593,9.4887,9.4278,9.6659,10.0891,10.1617,9.5848,9.39
 ENSMUSG00000020279,12.1144,12.2392,11.9528,11.0838,11.5745,11.6921,11.1227,11.3253,11.5771,11.3354,11.7094,11.9387
 ENSMUSG00000040540,6.9444,7.3396,7.1869,7.3472,6.707,6.8677,6.528,7.0007,7.2037,6.956,6.1792,6.3721
 ENSMUSG00000004285,10.3318,10.0994,10.4707,10.1487,10.1242,9.7769,10.6062,10.6773,10.4634,10.4703,11.2267,10.7528
 ENSMUSG00000000001,11.5897,11.5699,11.6141,11.6261,11.4051,11.3441,12.0007,11.9309,11.6513,11.7432,12.7139,12.1404
 ENSMUSG00000023277,10.5673,10.4748,10.7449,10.5748,9.8709,9.6019,9.9888,10.2312,10.5777,10.5356,10.8638,10.3178
 ENSMUSG00000073197,6.2053,6.1155,6.0889,6.1649,5.6107,5.6971,6.345,5.9987,6.2715,6.2756,7.1297,6.2054
 ENSMUSG00000026213,11.0399,11.09,10.9434,11.3264,10.3216,10.4108,10.5769,10.804,11.2133,11.3962,10.4477,10.5664
 ENSMUSG00000025489,5.0937,5.7653,4.8485,5.3036,4.2344,5.3297,4.8873,5.0811,5.1062,5.4169,4.8652,5.0425
 ENSMUSG00000102827,4.8056,5.1386,5.2122,5.1358,5.0694,5.4635,4.9565,3.9271,4.9996,4.8554,4.738,4.8392
 ENSMUSG00000014606,10.7192,10.6923,10.7653,10.7177,10.2535,10.0274,10.8559,11.1358,10.8042,10.8644,11.4778,11.0265
 ENSMUSG00000034209,4.8056,4.6606,4.2466,4.4988,4.5515,4.1352,4.113,4.3167,4.9232,5.3544,4.1375,4.4223
 ENSMUSG00000033885,12.7978,12.8122,12.6722,12.9733,12.095,11.9911,12.1301,12.3801,12.9243,13.0472,12.8523,12.8511
 ENSMUSG00000031245,8.3176,7.8805,8.1178,8.3958,8.2886,8.0779,7.4003,7.9317,7.5769,7.7685,7.2319,7.6171
 ENSMUSG00000000355,9.539,9.5583,9.5314,9.5398,9.0571,9.1572,10.0118,9.8403,9.6312,9.5835,10.4524,9.9487
 ENSMUSG00000064141,7.5734,7.72,7.1375,8.0466,7.4465,7.5018,7.5655,7.7642,7.6568,7.6348,6.6605,7.0072
 ENSMUSG00000002633,4.4774,4.7082,4.3315,4.8122,4.8002,4.7123,4.814,3.5108,4.6617,4.4735,4.4346,4.1376
 ENSMUSG00000046722,12.2748,12.2431,12.3039,12.4475,11.5162,11.4178,11.8024,11.9033,12.4464,12.5565,12.1247,11.8229
 ENSMUSG00000046157,11.7125,11.5897,11.5455,11.7807,10.9724,10.8137,11.2314,11.5161,11.6796,11.8704,12.0704,11.8544
 ENSMUSG00000003779,9.092,8.374,8.726,7.9431,8.1659,8.1943,8.3117,8.4614,8.0816,8.3402,9.1308,8.5712
 ENSMUSG00000054400,9.2036,9.2724,9.1842,9.3923,8.569,8.4731,8.7468,8.8519,9.3956,9.3537,8.986,8.3587
 ENSMUSG00000006930,8.3088,8.7591,8.6508,8.5982,8.5065,8.3192,8.0095,7.8384,8.5473,8.1396,7.4734,8.394
 ENSMUSG00000026739,10.841,10.7667,10.9195,10.6536,10.5335,10.4523,10.8936,10.9032,10.75,10.8966,11.8303,11.3866
 ENSMUSG00000110206,9.8315,9.9883,9.7826,9.8977,9.5351,9.5878,9.3025,9.6681,10.0358,9.7555,8.8923,8.9658
 ENSMUSG00000002580,9.3901,8.9721,9.2436,9.1997,9.179,8.8135,9.2869,9.6315,8.9785,9.3106,10.1437,9.7947
 ENSMUSG00000074203,4.6112,4.882,5.2122,4.5571,5.24,4.5931,4.3616,4.3167,5.3259,4.4735,4.2461,4.6488
 ENSMUSG00000031732,9.8955,10.0433,9.9727,10.4362,9.4629,9.7738,9.2059,9.3313,10.0527,10.0905,9.5675,9.4022
 ENSMUSG00000084231,6.6411,6.5716,6.4722,7.3174,6.3004,6.4322,6.6513,6.1107,6.8123,6.6113,5.8149,6.2836
 ENSMUSG00000073062,9.6728,10.0476,10.0412,10.0894,9.3984,9.4385,10.5298,10.028,10.1186,9.9622,10.5931,9.672
 ENSMUSG00000070372,13.0337,12.9447,13.0884,12.8796,12.6246,12.4812,13.1462,13.1364,13.1213,13.1715,13.9916,13.3292
 ENSMUSG00000030168,11.1745,11.0452,11.1992,11.1628,10.8614,10.8198,11.3409,11.3627,11.2349,11.2627,12.2498,11.6119
 ENSMUSG00000053693,8.6172,9.0116,8.8288,9.4466,8.7552,9.0168,8.4865,8.5376,8.9335,8.7542,8.1885,8.0922
 ENSMUSG00000027637,9.98,9.7378,9.8905,9.7702,9.7254,9.6838,10.0568,9.8857,9.7214,9.8365,11.0112,10.3085
 ENSMUSG00000044408,9.0328,9.0352,9.1745,9.0872,8.5892,8.267,9.2774,9.1748,9.2153,9.0849,9.8193,9.161
 ENSMUSG00000041945,6.5238,6.7802,6.6522,6.3838,6.0279,6.5542,6.0471,6.2635,6.3974,6.794,6.0597,5.5125
 ENSMUSG00000032606,7.1426,7.1475,6.837,6.7959,6.1707,6.1898,6.6314,6.7496,6.964,6.9863,6.3517,6.1564
 ENSMUSG00000024130,11.4948,11.6385,11.5275,11.75,11.1818,11.2621,11.2083,11.3317,11.555,11.4586,10.6068,10.571
 ENSMUSG00000031842,7.4238,7.8075,7.3166,8.2298,7.9001,8.098,7.5655,7.1639,8.0052,8.2096,7.6961,7.289
 ENSMUSG00000043592,7.744,8.0335,7.9223,8.1601,7.5327,7.291,7.955,8.0544,8.321,8.1794,7.2098,7.4115
 ENSMUSG00000095794,10.0711,9.7207,9.7874,8.8478,9.2633,8.8256,9.2421,9.5844,9.2378,9.1307,9.5079,9.2866
 ENSMUSG00000030772,5.1499,5.0348,5.0875,4.7165,5.0072,4.821,4.2447,4.203,4.6617,5.1473,4.1375,4.6488
 ENSMUSG00000036304,7.4238,7.217,7.0549,7.5011,6.3728,6.8677,6.8006,6.8649,7.1414,7.2504,7.6311,7.5869
 ENSMUSG00000036093,11.639,11.5729,11.6593,11.5632,11.3401,11.2193,11.6287,11.6531,11.5276,11.7513,12.6241,12.1842
 ENSMUSG00000053063,10.5513,10.3562,10.6845,10.3302,10.3048,9.9019,10.0307,9.8523,10.3961,10.4424,9.3354,10.0081
 ENSMUSG00000031093,13.4568,13.5285,13.4592,13.5303,12.7428,12.7796,12.799,12.9122,13.6521,13.68,13.4427,12.9269
 ENSMUSG00000031539,9.8488,9.8774,9.8905,9.9496,9.3984,9.2317,9.2679,9.4144,9.91,9.9327,9.0117,9.0323
 ENSMUSG00000021590,4.3786,4.9607,4.7387,4.7653,4.2344,3.6367,4.7362,4.7579,4.842,4.5956,4.3444,4.8825
 ENSMUSG00000032733,9.3803,9.4681,9.325,9.4466,8.8796,8.8435,8.733,8.895,9.4398,9.5246,8.585,8.5619
 ENSMUSG00000053310,6.3735,6.1948,6.1302,6.7406,6.6692,6.2271,5.8184,5.386,6.2715,6.585,6.0844,6.3137
 ENSMUSG00000040433,11.4815,11.3679,11.2802,11.1444,10.9972,11.009,10.3257,10.7602,11.2129,11.1627,10.471,10.5563
 ENSMUSG00000038545,8.1669,8.1948,8.2395,8.4064,7.8838,7.8602,7.6166,7.9541,8.2963,8.4848,7.1874,7.7377
 ENSMUSG00000096054,10.6473,10.7058,10.6673,10.8995,10.3952,10.6604,10.3394,10.1478,10.8534,10.78,9.7331,9.9559
 ENSMUSG00000040836,6.4399,6.8597,6.8857,7.4471,6.2499,6.4637,7.2268,6.3794,7.0847,6.9251,6.7705,6.482
 ENSMUSG00000025103,11.1737,11.0864,11.0727,11.0106,10.7746,10.6638,10.8442,10.8624,11.1324,11.1287,12.0746,11.468
 ENSMUSG00000023940,7.5134,6.8105,7.0549,6.6831,6.4859,6.6114,6.4394,6.4865,6.6084,7.016,7.4918,6.9888
 ENSMUSG00000000983,3.8488,4.1096,4.7948,4.3724,4.1036,4.1352,3.9606,3.5108,4.0265,3.9948,3.4793,3.5861
 ENSMUSG00000032245,7.3108,7.367,7.5379,7.4402,7.3065,7.6587,7.0594,7.0292,7.1414,7.2995,6.2894,6.7578
 ENSMUSG00000009210,6.9214,7.1865,6.7866,7.7049,7.1099,7.3592,6.7091,6.4232,7.4286,7.4946,7.317,7.3261
 ENSMUSG00000026573,5.8436,4.9983,5.7594,5.2055,4.873,5.6971,5.1443,5.1907,5.5881,5.386,5.9561,5.8611
 ENSMUSG00000052056,11.6963,11.7556,11.6457,11.9654,11.1065,11.0405,10.9111,11.0586,11.8115,11.9015,11.4639,11.3853
 ENSMUSG00000040385,12.8988,12.6807,12.9105,12.6745,12.6264,12.2621,12.7099,12.9311,13.0269,13.0777,13.7609,13.228
 ENSMUSG00000034575,8.806,8.8295,8.7524,9.279,8.6042,8.8435,8.7605,8.4298,8.9403,9.0895,9.8083,9.3219
 ENSMUSG00000105275,5.3296,5.2035,4.9972,5.3036,5.0072,4.1352,4.8873,5.0227,4.9232,4.9887,4.4346,4.4223
 ENSMUSG00000062753,9.0886,8.8707,9.1474,9.107,8.2382,8.1756,9.1059,8.9517,9.2172,9.3362,9.2106,9.0143
 ENSMUSG00000044220,4.3257,4.611,4.2466,4.4988,4.8002,4.4604,4.113,4.3167,4.8833,4.7062,3.4793,4.4223
 ENSMUSG00000101389,6.5739,6.6742,6.812,6.9105,7.4353,6.7706,6.8867,5.9391,6.9907,7.1108,6.4306,6.6444
 ENSMUSG00000015093,6.9966,7.0829,6.9212,7.2714,6.4191,6.4,6.7828,6.8649,7.4608,7.2914,7.589,7.1467
 ENSMUSG00000040229,8.5317,8.5543,8.5225,7.8833,7.9163,7.3921,7.7415,7.6405,8.0268,7.9935,7.9095,8.251
 ENSMUSG00000033972,10.0029,9.7599,9.8298,9.8774,9.3006,9.2362,9.5949,9.7621,10.0705,10.202,10.4997,10.2148
 ENSMUSG00000031132,4.6527,4.3887,4.2466,4.9011,3.9523,3.9222,4.113,4.3167,5.0361,3.9948,4.0154,4.2895
 ENSMUSG00000024750,11.2005,11.3136,11.3077,11.4792,10.7009,10.5299,11.1687,11.0868,11.4585,11.5532,11.8951,11.4522
 ENSMUSG00000059278,8.5241,8.2908,8.4396,8.0781,8.186,8.016,8.4865,8.6608,8.3104,8.3166,9.3952,8.7699
 ENSMUSG00000099583,10.0396,9.11,9.6711,8.8762,9.189,9.0115,9.5002,9.7408,9.122,9.1034,9.8175,9.2941
 ENSMUSG00000026922,8.0835,8.0292,8.0714,8.0145,7.6141,7.1246,7.3038,7.7299,8.2418,8.2434,8.2219,7.985
 ENSMUSG00000034883,5.1499,4.7982,4.4837,4.3724,4.2344,4.7123,4.2447,4.6008,4.5604,4.2614,5.4417,4.6993
 ENSMUSG00000057777,7.1426,7.4005,7.1575,7.6219,7.1377,7.1049,7.3648,7.5254,7.5472,7.2914,6.5764,6.4143
 ENSMUSG00000012519,7.3571,6.9257,7.3077,6.8903,6.9775,7.1441,7.2136,6.6053,6.6649,7.2504,6.1087,6.6206
 ENSMUSG00000073563,11.5773,11.624,11.4878,11.8424,10.9462,11.0495,10.9324,10.88,11.7469,11.8545,11.3633,11.1096
 ENSMUSG00000078912,4.909,5.2035,5.4972,4.7653,5.3426,5.0135,5.2561,4.4196,5.7025,4.6522,4.8032,4.965
 ENSMUSG00000062083,4.6527,5.0703,5.4314,4.2295,4.873,4.9209,4.2447,4.3167,5.1399,4.8554,4.8652,4.7477
 ENSMUSG00000030560,13.326,13.2735,13.387,13.0622,12.7685,12.2961,12.5596,12.5886,13.081,13.1188,13.4555,13.1621
 ENSMUSG00000021492,4.4774,4.5052,4.1542,4.3724,4.2344,4.3101,4.4672,4.5137,4.962,5.1095,3.7047,4.1376
 ENSMUSG00000056427,6.0143,6.2551,6.3025,5.5613,5.869,6.1122,5.6686,5.2919,5.8081,5.1842,5.3614,5.732
 ENSMUSG00000021118,5.2299,4.922,4.618,5.0238,5.2923,5.0135,5.3087,5.0811,4.1875,5.4766,5.3194,5.4307
 ENSMUSG00000047003,7.9083,7.89,7.6192,7.6875,7.6627,7.5463,7.9147,8.4821,8.0524,7.9735,8.8177,8.1178
 ENSMUSG00000095007,9.5074,9.0606,8.7686,8.0647,8.6958,8.619,8.7786,8.6562,8.3927,8.3786,8.973,8.8837
 ENSMUSG00000094786,5.3768,5.8066,5.7053,5.7095,4.9419,5.0135,5.6686,5.7082,5.3825,5.5888,6.3312,5.7092
 ENSMUSG00000039782,8.7268,8.8802,8.9189,9.0055,8.4796,8.6802,8.5561,8.5474,8.8437,8.5836,8.4411,7.5869
 ENSMUSG00000028597,5.5301,4.9607,5.3972,5.1711,4.873,4.9209,5.1443,5.1907,4.5604,4.5956,4.3444,4.5411
 ENSMUSG00000026097,9.913,9.9184,10.0019,9.8825,9.3927,9.2362,9.8989,9.8038,10.0912,10.0034,10.728,10.1168
 ENSMUSG00000019370,12.1629,11.8527,12.029,11.6419,11.8736,11.5905,11.8495,12.202,11.7524,11.9221,12.9207,12.3977
 ENSMUSG00000005583,14.4048,14.3866,14.3584,14.4807,13.7827,13.6282,13.6441,13.9578,14.5581,14.6973,14.4631,14.1757
 ENSMUSG00000096210,7.588,7.0579,7.5828,6.8067,7.4575,7.3592,7.1595,7.2511,7.2778,7.8309,6.5235,7.6051
 ENSMUSG00000074886,13.2478,13.408,13.2521,13.5924,12.5769,12.6667,12.9523,13.0777,13.6138,13.6235,13.0445,12.7587
 ENSMUSG00000049313,14.0946,14.3718,14.1169,14.5836,14.0646,14.312,14.0389,13.8894,14.3599,14.4433,14.047,13.1473
 ENSMUSG00000035390,5.0647,5.701,5.3263,5.6618,5.4832,5.6423,5.8535,4.5137,5.4633,5.22,5.0348,5.2825
 ENSMUSG00000024317,9.3915,9.4134,9.4672,9.5685,9.3459,9.3535,9.7027,9.5916,9.5809,9.6096,10.5877,10.1564
 ENSMUSG00000025938,8.261,8.2619,8.4109,9.1583,8.4578,8.6328,8.3117,8.4244,8.9494,9.3382,8.2865,8.7179
 ENSMUSG00000074739,4.841,5.4619,5.5289,5.6125,5.1287,5.2574,4.8873,4.7579,5.564,5.6672,4.8032,4.7477
 ENSMUSG00000024338,12.2716,12.1112,12.3424,11.9895,11.6003,11.3187,11.7918,11.9468,12.1447,12.2138,12.7078,12.3019
 ENSMUSG00000048442,7.7827,7.7463,7.723,8.3038,7.1099,7.1246,7.3768,7.2987,8.0052,8.0083,7.6394,7.5622
 ENSMUSG00000026956,10.0137,9.9628,10.0963,10.2477,9.3518,9.138,9.5138,9.5382,10.0111,10.202,9.5011,9.5567
 ENSMUSG00000032725,5.3534,5.1715,5.4314,5.3036,4.9419,4.821,4.3616,5.0811,5.2967,5.5888,4.5181,5.0044
 ENSMUSG00000020253,10.9771,11.0431,10.9232,11.0755,10.3938,10.0585,10.4616,10.6728,11.1189,11.1862,10.5877,10.3415
 ENSMUSG00000094487,6.4825,7.2687,7.2439,7.224,6.2754,6.6665,7.0446,6.849,7.0597,7.1647,6.2894,7.0344
 ENSMUSG00000000317,6.2677,6.2988,6.1504,6.6474,5.8,5.6423,5.9855,5.8119,6.1333,6.531,6.8004,6.5593
 ENSMUSG00000054499,10.5287,10.5953,10.6375,10.8995,10.172,10.2181,10.573,10.6547,10.8412,10.685,11.444,10.0738
 ENSMUSG00000022853,7.9428,7.8614,7.8989,7.8935,7.5841,7.5168,7.3768,7.6405,7.6623,7.622,6.9143,6.8217
 ENSMUSG00000068105,12.7291,12.6324,12.6372,12.973,12.3971,12.4663,12.6934,12.7821,12.8719,13.0928,13.6795,13.3274
 ENSMUSG00000035199,10.4201,10.333,10.414,10.2128,9.4436,9.4424,9.7331,9.7515,10.3351,10.2974,10.2131,9.9653
 ENSMUSG00000083610,4.909,4.754,4.6798,4.8122,4.3505,3.9222,4.814,4.6819,5.2049,4.5956,4.3444,4.052
 ENSMUSG00000018965,11.2162,10.9924,11.0805,11.0525,11.1188,10.7534,10.8843,11.0952,10.915,11.0063,12.1898,11.3601
 ENSMUSG00000040323,6.6505,6.7176,6.7344,6.586,6.1976,6.03,6.2173,7.3219,6.8518,7.0258,6.8585,6.5964
 ENSMUSG00000032359,12.8555,12.7415,12.7887,12.6648,12.2926,11.9917,12.3098,12.5871,12.8071,12.803,12.0179,11.8521
 ENSMUSG00000089951,6.4181,6.3822,6.4067,6.2785,5.9665,5.987,6.5703,6.849,6.4239,6.3864,7.2962,6.7686
 ENSMUSG00000070424,3.9338,4.1096,4.2466,4.8122,4.4554,4.1352,4.2447,4.7579,4.7093,4.8076,5.0348,4.8825
 ENSMUSG00000026830,5.8923,5.8856,5.8618,6.1479,5.7273,5.3982,6.345,5.877,6.5006,6.3082,6.4306,6.6206
 ENSMUSG00000040605,4.429,4.1096,4.3315,4.3724,4.5515,4.5931,4.4672,3.5108,4.4494,4.9887,4.0154,4.5962
 ENSMUSG00000082199,4.6927,5.5626,4.618,4.4988,4.8002,4.5931,4.7362,4.6819,5.0716,4.9887,4.2461,4.2163
 ENSMUSG00000037419,9.8518,9.5494,9.7632,9.6455,8.9902,9.0062,8.9868,9.4118,9.7014,9.6821,10.1378,9.4962
 ENSMUSG00000058672,8.92,8.6575,9.0337,8.9313,8.4356,8.2128,8.9395,8.4718,8.2418,8.5367,7.8679,8.896
 ENSMUSG00000032688,13.1939,13.1963,13.1344,13.1888,12.4582,12.6246,12.3336,12.4125,13.2023,13.1776,13.3051,12.8769
 ENSMUSG00000025857,8.8266,8.885,8.7943,9.1583,8.7417,8.5184,9.0661,9.1556,9.1753,9.1125,9.9109,9.4583
 ENSMUSG00000038026,6.396,6.3411,6.638,6.7406,6.0577,6.2988,5.921,5.8448,6.2715,5.9841,5.6239,5.6144
 ENSMUSG00000020282,9.2472,9.3685,9.0524,8.6469,8.7417,9.0786,8.2089,8.6653,8.5533,8.2682,8.5548,8.901
 ENSMUSG00000030114,5.4446,5.2953,5.6774,5.1711,4.8002,5.5257,5.3087,4.7579,4.9232,4.8554,4.4346,5.0425
 ENSMUSG00000054640,9.4684,9.3769,9.868,9.609,9.8076,9.3618,9.3546,8.723,9.4006,9.4289,8.6396,9.3847
 ENSMUSG00000054008,12.0552,12.0437,11.9886,12.2798,11.2674,11.342,11.3783,11.4295,11.9483,11.9767,11.4387,11.3831
 ENSMUSG00000094410,11.6238,11.8746,11.8769,12.0859,11.0355,11.4783,11.3469,11.1705,12.0343,11.9241,11.8275,11.2106
 ENSMUSG00000052656,9.6182,9.8056,9.7171,9.7564,9.2022,9.1086,9.399,9.337,9.7542,9.831,9.0801,8.6926
 ENSMUSG00000039217,8.8869,8.685,9.1818,8.7675,9.407,8.7452,9.3273,8.4509,8.7942,8.9094,8.1251,9.1299
 ENSMUSG00000083951,6.6782,7.2394,6.9896,7.4676,6.5907,6.6932,6.8867,6.7323,7.1414,6.9146,6.6275,6.0528
 ENSMUSG00000030279,11.1886,11.3171,11.2288,11.6572,10.6892,10.8919,10.6473,10.7676,11.4095,11.3659,10.563,10.7218
 ENSMUSG00000042845,5.2555,5.5626,5.0875,5.6374,5.24,5.8969,5.3592,4.6008,5.6579,5.2889,4.8032,5.2508
 ENSMUSG00000101024,4.9417,5.1049,5.3972,5.3951,4.4554,4.5931,4.8873,4.5137,5.564,5.2889,5.0867,5.1508
 ENSMUSG00000026311,9.771,9.8303,9.6677,9.9641,9.0859,8.896,9.2963,9.2849,9.6946,10.1078,9.4074,9.4108
 ENSMUSG00000082315,8.8611,9.1868,8.8984,9.6182,8.8713,9.0429,8.6225,8.6698,9.258,9.3362,8.3832,8.5241
 ENSMUSG00000055541,10.5401,10.3958,10.8264,10.4457,10.3952,9.9161,9.9274,9.5916,10.2704,10.2211,9.6679,10.1758
 ENSMUSG00000105231,6.4929,6.2253,6.2285,6.1649,6.3004,5.8006,6.3203,7.0981,6.6978,6.585,6.7244,6.9416
 ENSMUSG00000027800,5.9848,5.9421,6.4398,6.2629,5.8349,6.5542,6.0471,5.5565,6.1007,6.5982,5.6239,6.5841
 ENSMUSG00000015354,7.9765,8.063,7.8569,7.9958,7.5116,7.1246,7.4003,7.4642,7.9199,7.4804,6.9941,7.2814
 ENSMUSG00000035365,7.4507,6.652,7.0968,6.3246,6.3962,6.2271,6.7279,6.6241,6.3004,6.3864,6.9005,6.5841
 ENSMUSG00000058756,7.4507,7.6155,7.5828,7.9577,7.6817,7.7376,7.6562,7.7557,8.3453,8.3824,7.0449,7.6409
 ENSMUSG00000031264,11.7918,11.9545,11.9446,12.2925,11.2493,11.1927,11.6005,11.6941,12.1489,12.2052,11.6716,11.4028
 ENSMUSG00000002015,11.1274,10.9371,11.0057,10.7994,10.5204,10.3262,11.0824,11.1415,11.0488,11.1191,11.8139,10.9323
 ENSMUSG00000025407,6.0432,6.8105,6.19,6.9205,6.5703,6.2988,6.2698,6.6427,6.3839,6.3556,5.7227,5.8404
 ENSMUSG00000096696,8.729,8.9361,8.8226,8.9165,8.3433,8.2492,8.5137,8.392,8.834,8.6975,9.629,8.7966
 ENSMUSG00000095859,4.7691,4.9983,4.4102,4.8122,5.3911,3.9222,4.5639,5.0227,4.7551,4.9014,4.596,4.8825
 ENSMUSG00000091998,5.4446,6.1948,5.8618,6.0596,5.24,5.3982,5.408,5.1371,5.962,5.7172,5.1366,5.4858
 ENSMUSG00000059852,4.841,4.922,5.0875,5.239,5.0694,5.0135,4.7362,4.7579,4.3264,4.9887,4.1375,4.2163
 ENSMUSG00000055691,4.3786,4.611,5.0875,5.2717,4.3505,4.7123,4.3616,4.8972,4.7993,5.0302,4.1375,4.2895
 ENSMUSG00000030064,10.8405,10.8966,11.2016,11.036,11.0253,10.6142,10.7841,10.4334,10.5806,10.4488,9.8763,10.4104
 ENSMUSG00000033082,6.564,6.8105,6.7075,6.8281,6.6305,7.4401,6.345,6.0275,7.1651,6.637,6.559,6.8829
 ENSMUSG00000016344,11.0337,10.7769,10.663,10.6536,10.1534,9.9217,10.2916,10.6455,10.7929,11.0486,11.0811,10.7683
 ENSMUSG00000032380,6.0855,5.6563,5.6199,5.9847,5.4832,6.03,5.408,5.9987,5.2362,5.4766,5.0867,6.1893
 ENSMUSG00000072772,11.0122,10.9042,10.9668,10.8021,10.2133,10.0508,10.5151,10.741,11.0593,11.0776,11.2806,10.7757
 ENSMUSG00000032661,9.7688,9.7391,9.789,9.8787,9.5246,9.944,9.7831,9.0347,9.3432,10.1078,9.0117,9.2291
 ENSMUSG00000024124,6.7839,7.0065,6.6801,7.4608,6.9464,6.9585,7.1595,6.3794,7.1093,7.0547,6.1792,6.5082
 ENSMUSG00000026072,6.0143,6.1155,6.3025,6.0413,6.5703,5.9427,6.1903,5.7782,6.1652,5.857,5.0867,6.2214
 ENSMUSG00000021880,11.5324,11.2964,11.327,11.1659,10.6282,10.4964,11.0769,11.2586,11.5264,11.7821,11.2011,11.3583
 ENSMUSG00000068246,4.6927,4.5052,4.8485,3.9687,4.8002,4.7123,3.9606,3.9271,4.2593,4.2614,3.8746,4.3579
 ENSMUSG00000081660,4.6527,4.754,4.5528,4.9842,3.9523,4.7123,3.9606,4.6819,4.7993,4.4735,4.0154,4.1376
 ENSMUSG00000068758,7.1091,7.4525,7.3077,7.5849,7.4353,7.4243,7.2912,7.0292,7.1335,7.3777,6.2894,6.7468
 ENSMUSG00000014867,11.398,11.2973,11.455,11.2223,11.2228,11.0546,11.4872,11.5441,11.3266,11.4176,12.4225,11.8882
 ENSMUSG00000002500,4.2113,3.7122,3.9381,4.0637,4.5515,4.1352,4.113,3.9271,4.4494,4.9887,3.8746,4.5411
 ENSMUSG00000000303,5.2299,5.4877,5.3622,6.3396,5.6507,5.6971,5.5445,4.8295,5.635,5.879,5.4802,5.4858
 ENSMUSG00000050914,7.9541,7.9272,8.0922,8.1304,7.2439,7.3255,7.9629,7.9835,8.2565,8.0661,8.4028,7.4921
 ENSMUSG00000071516,11.0372,10.2354,10.9626,9.8749,10.375,10.3926,10.5795,10.7999,10.647,10.7466,11.1267,10.4579
 ENSMUSG00000020484,12.228,12.0416,12.0222,11.2102,11.7974,11.7455,11.2182,11.5041,11.4453,11.4185,12.2104,11.601
 ENSMUSG00000082596,6.113,6.409,6.2094,6.6831,5.9348,5.3982,6.1348,5.7782,6.3974,6.3242,5.6576,5.9214
 ENSMUSG00000021959,11.2843,11.438,11.3341,11.7718,11.3107,11.4812,11.1592,11.3367,11.596,11.6468,10.7757,10.4917
 ENSMUSG00000007415,9.9322,9.8655,9.8589,9.7467,9.1723,9.1234,9.2388,9.3455,9.9216,9.9482,10.2173,9.7449
 ENSMUSG00000036334,4.9417,4.6606,4.9,4.9842,5.2923,5.181,5.0222,4.4196,5.1062,5.3544,4.2461,5.4024
 ENSMUSG00000100770,6.0716,6.0487,5.8115,6.6232,6.0279,5.3982,5.8184,5.1907,6.0503,5.9841,5.6906,5.8611
 ENSMUSG00000029864,6.9291,6.6632,6.8616,6.5348,6.1976,5.8006,6.2953,5.9692,6.4755,6.3242,5.9827,6.0706
 ENSMUSG00000026483,10.3056,10.3304,10.7192,10.3376,10.6644,10.1716,10.1394,10.0731,10.0432,10.2934,9.281,10.1656
 ENSMUSG00000024462,9.7774,10.2926,10.0251,10.0113,9.788,9.8702,9.3873,9.7408,10.0368,9.6063,9.0212,9.2904
 ENSMUSG00000046807,6.4399,6.7492,6.2474,6.9884,6.5497,6.9804,6.2698,6.0558,6.7922,6.7237,5.8443,6.3863
 ENSMUSG00000037868,7.7265,7.0993,7.612,7.6401,7.0379,7.291,7.5339,7.6948,7.844,8.2966,8.0276,7.5051
 ENSMUSG00000021548,9.7189,9.6135,9.7104,9.7647,9.5325,9.5225,9.8528,9.7935,9.6973,9.8365,10.7615,10.363
 ENSMUSG00000080885,5.2807,5.2035,4.7948,5.1358,4.7228,4.821,5.2014,4.8295,5.7025,4.7062,5.276,4.3579
 ENSMUSG00000034201,6.2431,6.3411,6.0245,6.2785,6.9145,6.3671,6.0471,5.9391,6.1964,6.6623,5.4802,6.1055
 ENSMUSG00000038991,12.8868,12.6887,12.6849,12.3073,12.5556,12.7226,11.6782,12.1309,12.284,12.471,12.1273,11.9441
 ENSMUSG00000024691,13.3059,13.1271,13.1441,12.9827,12.8596,12.6451,12.8759,13.1448,13.047,13.1202,14.0799,13.4339
 ENSMUSG00000044934,9.6253,9.5147,9.6165,9.5187,8.932,8.7388,9.255,8.9591,9.5544,9.6272,9.9727,9.5457
 ENSMUSG00000090429,4.3786,4.5593,4.2466,4.9011,4.1036,4.3101,4.3616,3.5108,4.5604,4.1803,4.5181,4.7943
 ENSMUSG00000052565,11.6954,10.9296,11.3914,10.779,11.0933,11.1259,11.7762,11.5727,11.7186,11.8126,11.4847,11.0587
 ENSMUSG00000049687,5.776,5.1715,5.4972,4.9433,5.0072,5.3297,5.1443,5.1907,4.4494,4.7062,4.8032,5.2825
 ENSMUSG00000049339,10.3611,10.3883,10.3657,10.5557,9.7548,9.6262,10.0933,10.2778,10.5194,10.4333,10.9863,10.3541
 ENSMUSG00000079037,8.7024,8.5212,8.9305,8.385,8.5276,8.5696,8.3301,8.3305,8.1062,8.1079,7.519,8.1677
 ENSMUSG00000067001,5.8763,5.9235,6.0024,6.1132,5.438,5.2574,5.921,5.7082,6.6649,6.2082,5.929,5.798
 ENSMUSG00000005034,12.0296,11.9988,12.0968,12.0676,11.1826,11.1657,11.5508,11.5769,12.0972,12.1568,12.0067,11.7206
 ENSMUSG00000009418,9.5061,9.9033,9.9126,10.3348,10.1068,9.7295,9.4019,9.3227,9.9535,9.4687,9.0922,9.7075
 ENSMUSG00000025172,4.3786,3.8306,4.7387,4.3724,4.3505,4.5931,4.4672,4.075,4.3264,5.0704,4.1375,4.965
 ENSMUSG00000024791,7.1753,6.4988,6.7866,6.5733,6.5703,6.5831,6.3692,6.6793,6.4755,6.34,7.51,7.0873
 ENSMUSG00000067199,8.9315,8.832,8.7719,8.9214,8.4467,8.4183,8.6473,8.6052,9.0158,9.4758,8.2706,8.204
 ENSMUSG00000029925,9.8689,9.8571,10.1556,10.1476,9.8354,9.7518,9.7718,9.0964,9.9479,9.6944,9.037,9.4516
 ENSMUSG00000027367,11.2711,11.3228,11.2875,11.3555,10.9849,10.9537,11.4831,11.5305,11.4034,11.4826,12.2828,11.8512
 ENSMUSG00000022235,8.0202,7.8853,8.3255,8.033,7.3065,7.0849,7.5861,7.622,7.4155,7.7153,7.3577,7.8438
 ENSMUSG00000020610,9.5352,9.4101,9.4144,9.4789,8.6627,8.789,9.0213,9.178,9.641,9.7095,9.8102,9.296
 ENSMUSG00000068860,6.732,6.5478,6.4722,7.1067,6.0279,6.5831,6.0167,6.0558,6.5968,7.0547,6.559,6.4553
 ENSMUSG00000026411,7.5134,7.4137,7.515,7.6758,6.9305,6.9585,7.2003,7.7386,7.774,7.9171,6.9547,7.0434
 ENSMUSG00000079014,4.9736,5.1049,4.9972,4.4988,4.5515,5.0135,4.2447,4.3167,4.962,4.5362,4.0154,4.7943
 ENSMUSG00000068284,12.7506,12.8502,12.7428,12.8866,12.1666,12.0385,12.127,12.3572,12.8776,12.9217,12.3676,12.0657
 ENSMUSG00000093437,5.3053,5.8066,5.0431,5.5081,4.8002,5.4635,5.2561,5.1371,5.3545,5.4169,5.2311,4.4223
 ENSMUSG00000095054,4.8056,4.9983,4.0523,4.3033,4.3505,4.9209,4.2447,5.0811,4.6617,4.5362,4.6691,5.1508
 ENSMUSG00000026496,13.2242,13.2598,13.115,13.2948,12.9034,12.7823,13.3617,13.5993,13.3246,13.4763,14.0871,13.7653
 ENSMUSG00000036862,6.1533,6.3271,6.5038,6.6474,6.0279,6.03,6.393,6.0275,6.3566,6.2591,5.2311,6.2054
 ENSMUSG00000026921,6.6317,6.8884,6.8737,6.6713,6.9305,6.6665,6.9678,6.2392,7.1011,7.4733,6.9547,7.5371
 ENSMUSG00000022757,9.8916,9.5963,9.8329,9.707,9.73,9.5663,9.8968,9.9651,9.7014,9.7275,10.8008,10.3887
 ENSMUSG00000048852,9.3116,9.114,9.0444,9.3671,8.5329,8.442,8.5403,8.591,9.138,9.4633,9.1308,8.9301
 ENSMUSG00000001175,13.8476,13.6584,13.8727,13.6034,13.4723,13.1378,13.9159,13.941,13.767,13.8713,14.6246,14.0618
 ENSMUSG00000032570,11.7624,11.7951,11.8109,11.8114,11.0272,10.8948,11.5204,11.5098,11.8374,11.8798,12.1295,11.6017
 ENSMUSG00000053318,7.4074,7.0065,7.7297,7.1326,7.1918,7.2377,7.5125,7.0981,7.2037,7.7093,7.2751,8.2587
 ENSMUSG00000030341,8.4647,8.2399,8.4677,8.3413,8.5485,8.3941,8.2222,7.7212,8.0182,8.1351,7.3476,7.8641
 ENSMUSG00000022108,13.7899,13.6459,13.839,13.4546,13.5173,13.0649,13.2899,13.372,13.3346,13.4442,12.6915,12.7964
 ENSMUSG00000063458,6.1925,6.0657,6.565,6.247,6.2754,6.2634,5.7076,5.386,6.0673,5.7889,5.4417,5.9409
 ENSMUSG00000001942,9.3072,9.1944,9.2225,9.1915,8.3844,8.386,8.7003,8.9811,9.0875,9.1034,8.6189,8.4285
 ENSMUSG00000050555,10.1955,10.1709,10.1282,10.302,9.7047,9.9161,10.1992,9.9996,10.2093,10.27,11.1186,10.6196
 ENSMUSG00000039158,13.4076,13.5724,13.3695,13.8625,13.1724,13.3992,12.9268,12.8796,13.642,13.5408,13.5386,12.6532
 ENSMUSG00000028161,12.7571,12.7836,12.7769,12.956,12.2701,12.1962,12.2653,12.5336,12.9777,13.0905,13.3011,12.9835
 ENSMUSG00000089628,4.5683,4.3255,4.0523,4.4373,4.7228,3.9222,4.3616,5.2919,4.7093,4.3368,4.2461,4.3579
 ENSMUSG00000026585,7.5235,7.4779,7.3603,7.3472,7.0671,7.0231,6.7828,6.8329,7.4351,7.3928,6.5054,6.6444
 ENSMUSG00000022947,5.2807,5.2035,5.3972,5.2055,5.5271,5.0135,4.7362,4.6819,5.2362,4.9014,4.3444,4.6488
 ENSMUSG00000041754,5.9698,5.3811,5.2513,5.0622,5.438,5.5853,5.7076,4.9615,4.7993,5.0704,4.8652,5.2508
 ENSMUSG00000039270,9.1423,9.0937,9.4329,9.3994,9.0204,8.7195,8.6908,8.7186,9.1577,9.1419,8.3483,8.4285
 ENSMUSG00000036492,6.14,5.8267,5.6774,6.3094,6.0577,5.9427,5.7455,6.357,5.5395,6.5033,6.5235,6.5593
 ENSMUSG00000046562,10.6132,10.6644,10.6699,10.8671,9.9591,9.7675,10.2614,10.3971,10.7415,10.7481,10.809,10.2266
 ENSMUSG00000022453,9.2225,9.0855,9.1122,9.2576,8.8421,8.726,8.7741,8.7055,9.0709,9.3537,8.1013,8.565
 ENSMUSG00000025921,8.4109,8.5333,8.4717,8.4517,7.979,7.7376,8.4362,8.4351,8.6896,8.567,9.1939,8.5957
 ENSMUSG00000062210,12.5109,12.634,12.6185,12.7038,11.9465,11.983,11.7502,11.8796,12.6278,12.6054,12.5816,12.2827
 ENSMUSG00000063954,11.9115,11.4312,11.9058,11.4601,11.2188,11.3967,11.1489,11.4618,11.8447,12.0266,11.9584,10.9825
 ENSMUSG00000086123,4.3786,4.754,4.5528,5.0622,5.24,4.3101,4.5639,4.203,4.9996,4.758,5.2311,4.965
 ENSMUSG00000063689,7.2009,6.7699,7.3688,7.232,6.8983,6.6665,7.3407,7.0572,7.743,7.6348,7.6961,7.4321
 ENSMUSG00000002274,7.6773,7.4202,7.7626,7.4811,7.5222,7.1441,7.8133,7.9689,7.844,7.7972,8.4028,8.2853
 ENSMUSG00000008398,10.6902,10.6876,10.6463,10.8027,10.0891,10.1284,9.7121,10.1316,10.7681,10.7728,10.5792,10.4942
 ENSMUSG00000094006,9.6579,9.5344,9.5875,8.6707,9.0204,9.4963,8.7605,8.7909,9.134,9.1751,9.2837,8.8071
 ENSMUSG00000029781,6.0855,5.9964,6.3025,6.0956,6.5703,6.1122,6.3203,5.877,6.1494,6.1554,5.1366,6.3721
 ENSMUSG00000081046,5.3053,5.3531,5.4972,5.2055,5.24,5.2574,5.2014,5.1907,5.3259,5.1842,4.4346,4.3579
 ENSMUSG00000021890,10.3954,10.4495,10.5761,10.6005,10.2535,10.2341,10.5679,10.6142,10.5436,10.4906,11.5265,11.031
 ENSMUSG00000060743,14.4194,14.2287,14.367,14.3273,13.7461,13.4857,14.1053,14.235,14.5219,14.7362,14.6359,14.3672
 ENSMUSG00000067010,5.0647,5.5381,4.7387,5.0622,5.3911,5.3982,4.4672,4.9615,5.1728,5.0302,4.4346,4.7477
 ENSMUSG00000022240,5.3534,5.2348,5.5289,5.9259,5.3911,5.9427,5.0847,4.9615,6.1171,5.3544,5.3614,5.3438
 ENSMUSG00000037818,9.953,10.008,9.8528,10.2566,10.0274,10.2654,9.803,9.5083,10.0632,10.1529,9.1713,9.3419
 ENSMUSG00000029798,10.9349,10.9946,11.098,11.1738,10.5491,10.6519,10.6075,10.2034,10.9138,11.1145,10.3121,10.2364
 ENSMUSG00000058587,12.8214,12.7492,12.7773,12.9312,12.0749,11.9789,12.2165,12.3399,12.8809,12.9211,12.6244,12.2265
 ENSMUSG00000018449,8.9064,8.9177,9.0147,8.8582,8.4187,8.4498,8.7696,8.9179,9.338,9.3498,9.6311,8.8149
 ENSMUSG00000055652,8.8908,9.048,9.0147,9.1624,8.3373,8.3192,9.0023,9.1296,9.2707,9.2329,9.3557,8.5557
 ENSMUSG00000005656,10.6186,10.5483,10.6455,10.5268,10.4166,10.3452,10.8947,10.6796,10.6309,10.6255,11.6276,11.1504
 ENSMUSG00000045664,7.2135,6.9622,7.3858,7.5011,7.6239,6.9138,7.6659,7.2631,6.955,7.191,6.5054,7.6231
 ENSMUSG00000066684,9.0292,9.0772,9.402,8.8787,8.928,8.3696,8.9673,8.736,8.7815,8.6032,8.0276,8.8712
 ENSMUSG00000030317,5.2555,5.8466,5.3263,5.8433,5.8349,5.8496,5.0847,5.1907,5.6579,5.8347,5.2311,4.9245
 ENSMUSG00000110185,7.5536,7.9041,7.8989,8.0602,7.3187,7.4243,8.0839,7.7386,7.9519,7.5155,8.585,8.0485
 ENSMUSG00000069135,10.4865,10.5356,10.5575,10.7598,10.3064,10.5789,10.8063,10.7843,10.8406,11.0234,11.6746,10.9883
 ENSMUSG00000043773,8.3916,7.918,8.6081,8.2417,7.5327,7.8002,7.6659,7.8222,8.2927,8.6032,8.131,8.0396
 ENSMUSG00000015342,8.6196,8.7278,8.6331,8.9313,8.0898,8.1276,8.0095,8.0405,8.6088,8.5435,9.0618,8.5896
 ENSMUSG00000062866,9.2036,9.2706,9.4309,9.535,9.4352,9.3864,8.7144,8.7574,9.2798,9.0802,8.3783,8.9658
 ENSMUSG00000024068,10.5369,10.4614,10.4924,10.6082,10.4166,10.3722,10.7941,10.6107,10.6595,10.78,11.6518,11.0343
 ENSMUSG00000020227,10.5091,10.6561,10.4386,10.4855,10.353,10.5001,9.8205,10.09,10.4443,10.5133,10.0351,9.4666
 ENSMUSG00000015750,9.8916,9.7313,9.9023,10.0593,9.7503,9.5948,10.0788,10.1446,10.0485,9.9947,10.926,10.4233
 ENSMUSG00000038390,4.5683,4.7982,4.9495,5.0238,5.1287,5.0135,4.6531,4.8972,5.5395,5.0704,5.3194,5.798
 ENSMUSG00000097945,4.4774,4.754,4.3315,4.3724,3.9523,4.1352,4.3616,3.9271,4.6121,4.9458,4.3444,3.7315
 ENSMUSG00000071267,10.4846,10.4065,10.4707,10.5145,10.1068,9.9496,10.6113,10.506,10.7038,10.7199,11.3337,10.8703
 ENSMUSG00000028557,9.5125,9.4151,9.6021,9.7702,9.3956,9.3325,9.8571,9.6269,9.3705,10.1043,10.4606,10.0541
 ENSMUSG00000030200,6.2053,5.8267,6.3728,5.8852,5.7641,6.1122,5.6686,5.9987,5.8482,6.4606,5.1366,6.1055
 ENSMUSG00000054509,11.6045,11.8323,11.6693,12.0319,11.5209,11.6168,11.427,11.5236,11.7589,11.683,10.8227,10.8976
 ENSMUSG00000024054,13.7556,13.8005,13.7063,13.8353,12.9584,13.0314,13.2122,13.2293,13.7995,14.0051,13.7193,13.4123
 ENSMUSG00000019952,9.5214,9.5804,9.5838,9.8242,8.8999,8.9131,8.9274,8.9775,9.5647,9.7715,9.3303,9.0938
 ENSMUSG00000020321,11.8104,11.6511,11.9234,11.5537,11.1515,10.8962,11.6169,11.6701,11.6894,11.7644,12.2926,11.7027
 ENSMUSG00000034333,11.0421,11.0346,11.0416,11.1219,10.6319,10.6772,10.9243,11.195,11.1174,11.2441,12.0111,11.3448
 ENSMUSG00000081622,4.4774,5.0348,4.9972,5.0995,4.5515,4.821,4.814,4.6819,4.9996,4.2614,5.2311,5.5387
 ENSMUSG00000028270,10.9026,10.3365,10.7531,9.8863,10.0513,10.0248,10.0715,10.035,10.0262,10.3074,10.8263,10.2364
 ENSMUSG00000020388,6.1795,5.9047,6.4067,6.4124,6.3249,6.1122,6.1628,5.7436,6.0503,6.34,5.1847,6.2987
 ENSMUSG00000015355,11.694,11.6297,11.9117,11.5723,11.2277,10.9592,11.6812,11.6858,11.7933,11.7867,12.3685,11.9336
 ENSMUSG00000026856,8.8908,8.7487,8.6957,8.9435,8.2318,7.9513,8.3841,8.5766,8.9629,8.9661,9.1713,8.7179
 ENSMUSG00000027984,9.2318,9.202,9.2436,9.302,8.6627,8.3192,8.7422,8.8558,9.1733,9.1751,8.5721,8.4589
 ENSMUSG00000033543,10.3654,10.3874,10.389,10.4283,10.1551,10.1763,10.8602,10.7654,10.5762,10.5424,11.3826,10.9056
 ENSMUSG00000091736,7.1623,7.918,7.7429,7.7833,7.2439,7.1246,7.8479,7.2389,7.6951,7.8475,8.1941,7.8232
 ENSMUSG00000023993,4.6927,4.5052,4.3315,4.2295,5.0072,4.5931,4.5639,4.203,3.9343,4.9887,4.0154,4.7477
 ENSMUSG00000044147,13.1538,12.9422,13.0428,12.9021,12.6834,12.6892,12.7904,12.8918,13.0764,13.2099,13.9914,13.236
 ENSMUSG00000030403,12.5651,12.472,12.5214,12.4827,11.8674,11.6978,11.8046,11.9876,12.4902,12.5101,12.7392,12.3247
 ENSMUSG00000028517,9.1554,9.2039,9.2644,9.2399,9.257,9.0009,8.6125,8.6286,9.1772,9.3264,8.2653,8.6464
 ENSMUSG00000048142,6.1795,6.2403,6.266,6.4681,6.3491,6.3334,5.5445,5.4307,6.2568,6.3242,6.3718,6.5964
 ENSMUSG00000026095,11.4935,11.3101,11.4605,11.2147,11.016,10.9147,11.4363,11.5348,11.3478,11.4018,12.2939,11.708
 ENSMUSG00000095105,10.7357,10.8059,10.6708,11.2258,10.2598,10.3155,10.7605,11.0317,11.0986,11.2451,11.3305,11.0543
 ENSMUSG00000069874,10.6953,10.3681,10.7317,10.551,9.8564,9.6804,9.9888,9.9316,10.2402,10.5159,10.3889,9.9839
 ENSMUSG00000005611,6.8503,6.7176,6.7476,6.9105,6.3249,6.7706,6.2953,6.2635,6.676,6.9863,5.8149,6.2987
 ENSMUSG00000090394,13.3239,13.3051,13.2147,13.2625,12.4821,12.5318,12.65,12.8166,13.3874,13.4541,12.9371,12.8337
 ENSMUSG00000078349,9.276,9.0627,9.0839,9.0264,8.8336,8.7515,8.6374,8.4872,8.3927,8.2641,8.2438,8.4556
 ENSMUSG00000090110,7.757,7.5089,7.8447,7.5078,7.205,7.2195,8.0912,8.1416,7.6897,7.7392,8.3433,7.6171
 ENSMUSG00000017009,11.823,11.7183,11.8397,12.0146,11.3297,11.4425,11.6679,11.7432,11.9384,12.1407,12.6453,12.1472
 ENSMUSG00000021196,11.2674,11.1943,11.1725,11.1481,11.1684,11.0737,11.3499,11.4722,11.1669,11.1786,12.1881,11.9354
 ENSMUSG00000038663,7.631,7.5513,7.4837,7.4608,7.4575,7.1246,6.8183,7.0433,7.256,7.3624,6.4306,7.0611
 ENSMUSG00000041707,7.5977,7.7253,7.801,7.224,7.1099,6.8677,7.2529,6.9717,7.0847,6.8934,6.7553,6.9512
 ENSMUSG00000046179,8.0522,7.7515,7.8136,7.7942,7.6911,7.8719,6.7828,7.2511,7.362,7.3234,7.7429,7.5746
 ENSMUSG00000082429,4.8755,4.7982,5.2513,5.8644,5.0694,4.5931,4.5639,5.0227,5.2362,4.8076,4.9243,4.9245
 ENSMUSG00000031399,9.1324,9.2832,9.1499,9.2439,8.8589,8.7578,9.6668,9.7684,9.338,9.3006,8.9095,8.5987
 ENSMUSG00000062421,9.1505,9.0395,9.0994,8.9773,8.7189,8.3362,9.0807,9.0241,9.0688,9.216,9.7973,9.3865
 ENSMUSG00000022793,7.2751,7.0993,7.6263,7.124,6.9929,6.4945,6.7464,6.5471,6.9995,6.5447,6.559,6.9223
 ENSMUSG00000081619,6.0143,6.2844,6.3728,6.7293,5.7641,5.6423,5.9855,6.0835,6.4627,6.6623,5.929,5.9016
 ENSMUSG00000024887,8.5738,8.6239,8.7226,8.5669,8.1109,8.147,8.1616,8.1865,8.4092,8.4848,7.4641,8.0441
 ENSMUSG00000036291,10.0074,10.1336,10.1531,10.0332,9.4928,9.4696,10.2109,10.2266,10.2668,10.2211,10.7785,10.2266
 ENSMUSG00000030161,8.5088,8.1284,8.8715,8.4922,8.6864,8.185,8.3178,8.102,7.9519,8.3284,7.5544,8.4148
 ENSMUSG00000019960,10.9051,10.861,10.913,10.9139,10.3276,10.2498,10.7191,10.8213,10.979,11.3759,11.3911,11.1587
 ENSMUSG00000046598,7.6727,7.3396,7.6335,7.5723,7.3065,7.5168,7.2003,6.942,7.3205,7.4003,8.0833,8.1554
 ENSMUSG00000073435,8.4218,8.374,8.5528,8.1045,8.2123,7.8602,8.6716,8.7531,8.5109,8.3862,9.2408,8.5866
 ENSMUSG00000078851,9.7656,9.13,9.4731,9.154,9.0352,9.138,9.8549,9.5456,9.4072,9.6494,9.3928,8.6287
 ENSMUSG00000104769,6.3157,5.5866,5.9571,5.3653,5.3911,5.6971,5.921,5.4739,5.2667,5.1095,5.4021,5.3135
 ENSMUSG00000035242,12.3495,12.1515,12.3411,12.3155,12.1407,11.7831,12.5648,12.7172,12.4995,12.7184,13.1039,12.7138
 ENSMUSG00000047777,7.0749,7.3872,7.1274,7.5723,6.8654,7.201,6.6314,6.4658,7.2112,7.3852,7.3375,6.6678
 ENSMUSG00000056394,9.7133,9.36,9.3957,9.2752,9.2538,8.9902,8.783,8.9775,8.9289,8.8802,9.885,9.5204
 ENSMUSG00000107627,4.6527,4.611,4.4837,5.1358,4.4554,4.5931,4.3616,3.9271,4.7551,5.0302,4.8652,4.1376
 ENSMUSG00000000901,6.7408,6.6408,6.3728,7.1832,6.1707,6.1122,6.5703,6.4447,6.6978,7.147,6.9679,6.8424
 ENSMUSG00000013822,9.3131,9.128,9.3117,9.096,9.0054,8.7828,9.3636,9.5258,9.2707,9.5949,10.1143,9.6414
 ENSMUSG00000020315,13.5877,13.8147,13.6981,14.076,13.2461,13.3187,13.0523,13.1824,13.8618,13.841,13.1588,13.2111
 ENSMUSG00000076676,6.8503,6.6632,6.5194,6.4544,6.5075,6.2271,7.3648,6.0558,6.1964,6.7237,6.7399,6.6793
 ENSMUSG00000020021,10.2081,10.4188,10.2957,10.4989,9.8097,9.8318,9.7515,9.8161,10.1126,10.3321,9.6123,9.4211
 ENSMUSG00000082762,5.86,6.0991,6.0677,6.1132,5.869,5.4635,5.5005,6.3342,5.4633,5.5339,6.0844,5.2508
 ENSMUSG00000045374,10.9114,11.0276,10.8797,11.3948,10.3995,10.4148,10.4363,10.5666,11.179,11.2294,10.7066,10.543
 ENSMUSG00000022309,5.86,5.2035,6.0024,6.0227,5.7641,5.6971,5.6686,5.5159,5.6117,5.8347,4.8652,6.0165
 ENSMUSG00000071076,11.7683,11.6542,11.4008,11.7427,11.1144,11.0301,11.2314,11.3036,11.7657,12.0833,12.0261,11.3989
 ENSMUSG00000021714,6.6222,6.3549,6.5347,5.6618,6.1153,6.1898,6.0471,5.8119,5.9801,6.1908,6.8866,6.3577
 ENSMUSG00000060678,11.5025,11.0131,11.5896,11.2076,11.1591,11.3091,11.5948,11.4611,12.0877,12.005,11.7807,11.1154
 ENSMUSG00000041126,9.4737,9.3098,9.3831,9.4118,8.8294,8.5767,8.979,9.0693,9.5499,9.6031,8.8537,8.7699
 ENSMUSG00000081137,5.1221,4.922,5.0875,5.4807,4.9419,4.9209,5.408,5.5565,5.4369,5.4471,4.3444,5.2183
 ENSMUSG00000105547,13.0685,12.631,12.7668,12.3914,12.3083,12.0737,12.3082,12.8002,12.8688,13.1413,13.0815,12.7369
 ENSMUSG00000063760,5.1771,5.5381,5.2893,5.3036,5.3911,5.8496,5.3087,4.7579,5.6803,5.2549,4.6691,5.6144
 ENSMUSG00000028252,9.9265,9.881,9.9501,9.9544,9.7548,9.5771,10.4714,10.1846,10.0283,10.0695,10.8709,10.336
 ENSMUSG00000051682,10.9215,10.6443,11.167,10.5873,11.1039,10.3452,10.9254,10.776,10.3617,10.502,9.9857,10.8476
 ENSMUSG00000079414,6.6505,6.7068,6.4881,6.6474,5.9665,6.1898,5.8184,5.9391,6.6649,6.4892,6.8442,6.2372
 ENSMUSG00000076548,6.3391,6.0991,6.5038,6.0038,6.3728,5.8496,5.921,6.5272,6.3428,6.3082,7.0069,6.8007
 ENSMUSG00000038437,12.5845,12.7449,12.5454,13.0136,11.9597,12.2386,12.1035,12.2758,12.819,12.7603,12.6392,12.026
 ENSMUSG00000074403,10.2569,9.6078,10.1155,9.4856,9.3636,9.3493,9.4392,9.7956,9.8519,9.7512,9.5303,9.0233
 ENSMUSG00000019863,9.6625,9.7496,9.6555,9.8028,9.4657,9.3824,9.9515,10.1446,9.9625,9.8072,10.5542,10.3532
 ENSMUSG00000082684,6.7668,6.9622,7.0334,7.1581,6.224,6.1898,6.4621,6.5272,6.973,6.8934,7.2098,6.6908
 ENSMUSG00000015882,10.7798,10.9314,10.9049,11.0095,10.627,10.8122,10.9906,10.7139,11.0899,11.1726,11.9364,11.266
 ENSMUSG00000022010,9.2865,9.3343,9.3936,9.6274,9.3695,9.138,9.6251,9.9088,9.8482,9.9898,8.8573,9.1671
 ENSMUSG00000019857,9.8356,9.9828,9.8513,9.8149,9.7481,9.4306,9.9926,9.8915,9.9181,9.9984,10.8717,10.2519
 ENSMUSG00000042363,6.6598,6.4482,6.6522,6.4124,6.6305,6.1898,6.7464,6.6427,6.1964,6.6872,7.2536,7.289
 ENSMUSG00000055676,5.0937,5.2035,5.0431,4.7653,4.4554,4.4604,4.113,4.8295,5.0716,5.0302,5.0348,4.4833
 ENSMUSG00000049932,10.2136,9.5268,9.995,9.403,9.5167,9.218,9.8906,9.8202,9.509,9.4776,10.2595,10.0662
 ENSMUSG00000021871,10.7883,10.502,10.7966,10.4143,10.3967,9.966,10.7376,10.6513,10.348,10.5676,11.2519,11.0828
 ENSMUSG00000047757,7.9428,7.8805,8.0288,7.5596,7.4465,7.5018,7.8479,7.8544,7.8094,7.8141,8.7237,8.2198
 ENSMUSG00000042312,8.483,8.1717,8.5825,8.2885,8.1039,7.6722,7.7868,7.7471,8.2747,8.5435,7.6144,8.0126
 ENSMUSG00000109713,6.7754,6.6852,6.8616,6.7064,6.6107,6.4322,6.2698,5.8448,6.4107,6.024,5.929,6.2214
 ENSMUSG00000023952,11.3873,11.612,11.4122,11.6382,10.8191,10.7117,11.2008,11.3466,11.6496,11.5963,11.2713,10.7851
 ENSMUSG00000107079,5.2555,4.9983,5.2122,6.0413,5.5695,5.181,5.408,5.4739,5.3825,5.7654,5.9827,5.9214
 ENSMUSG00000082436,7.0469,7.217,7.2157,7.224,6.8654,6.5831,7.4575,7.2987,7.5944,7.4518,7.6801,7.7811
 ENSMUSG00000055003,5.6105,5.5381,5.3622,5.6858,5.5271,5.5853,5.0847,4.9615,5.564,6.1732,5.1366,5.0425
 ENSMUSG00000076539,6.534,6.6852,6.7607,6.8281,6.0279,6.1515,6.1348,6.0275,6.751,7.0062,6.2464,6.5467
 ENSMUSG00000031627,12.1288,12.2015,12.0478,12.5082,12.1069,12.1639,11.9484,12.1103,12.2031,12.2838,11.3483,11.3774
 ENSMUSG00000030315,10.3085,10.3217,10.3636,10.6356,9.8311,10.0196,10.077,10.205,10.3994,10.4351,9.7058,9.4533
 ENSMUSG00000083307,5.6679,5.2035,5.5599,5.4242,5.6895,4.7123,5.5005,5.7436,5.41,5.5339,4.738,5.2508
 ENSMUSG00000071771,5.4446,5.4086,5.4314,6.0413,5.6895,5.3297,4.6531,5.2919,5.6579,5.7415,5.7227,5.3438
 ENSMUSG00000089634,4.4774,4.2584,4.1542,4.8574,4.1036,4.3101,3.9606,4.203,4.6617,4.5956,4.9243,4.965
 ENSMUSG00000040818,11.9574,12.0237,11.9007,12.131,11.3461,11.4376,11.4054,11.4513,12.0893,12.2939,12.2049,11.8004
 ENSMUSG00000028467,10.0909,10.2801,10.1457,10.5997,9.7368,9.6904,9.4533,9.781,10.3531,10.2148,9.8374,9.6734
 ENSMUSG00000039485,9.3649,9.4697,9.4751,9.3134,8.8589,8.9686,8.6522,8.7488,9.0936,9.0872,8.6147,8.5145
 ENSMUSG00000080796,6.1533,6.4222,6.3728,6.785,5.6507,5.8969,5.8877,5.7436,6.2269,6.2591,5.9013,5.732
 ENSMUSG00000089651,7.1817,7.4841,7.0334,7.7502,6.8654,7.0231,6.8357,6.849,7.6344,7.7032,7.2644,7.0344
 ENSMUSG00000046876,10.7406,10.8736,10.8533,10.547,10.3618,10.4405,9.8613,10.0245,10.376,10.0777,10.22,10.0081
 ENSMUSG00000074219,6.5033,6.6295,6.5799,6.6109,5.8,6.2634,5.6686,6.4015,6.4881,6.3864,5.9013,5.9792
 ENSMUSG00000000876,9.2624,9.301,9.1769,9.5006,9.4574,9.4657,8.9673,9.1064,9.3755,9.5039,8.4552,8.6552
 ENSMUSG00000024935,5.2038,5.2654,4.4837,4.7165,5.3911,5.2574,4.2447,5.1371,4.9232,4.8554,4.8652,4.8825
 ENSMUSG00000046417,8.5665,8.326,8.258,8.7312,7.8253,7.7879,8.2803,8.2722,8.3658,8.7717,8.6601,8.8123
 ENSMUSG00000021733,11.967,12.2178,12.0079,12.2169,11.2737,11.4317,11.8128,11.7123,12.3175,12.2585,12.1614,11.7129
 ENSMUSG00000025163,7.44,6.8105,7.2532,7.4539,6.4859,7.1049,7.3886,7.071,7.7272,7.4875,7.4641,7.3694
 ENSMUSG00000026471,9.0644,9.0501,9.1274,8.9653,8.4796,8.5332,8.3301,8.6878,8.9763,9.1352,8.2438,8.38
 ENSMUSG00000032254,9.08,8.5333,8.7193,8.3264,8.2123,7.8484,8.0766,8.0474,8.2157,8.2392,8.2599,7.9942
 ENSMUSG00000039959,10.8364,10.8919,10.9049,10.8932,10.9164,10.5592,10.3901,10.222,10.4603,10.4131,11.4784,10.6513
 ENSMUSG00000066682,8.9238,9.1655,9.3228,8.7537,9.0091,8.2402,8.765,8.6471,8.7688,8.7217,8.1251,8.6523
 ENSMUSG00000031958,7.3908,7.6769,7.4837,7.5723,7.205,7.2377,7.1174,6.6611,7.6344,7.78,6.8298,7.3114
 ENSMUSG00000030774,8.5665,8.2362,8.5453,8.5317,8.5329,7.9732,8.2089,7.5354,8.2711,8.1794,7.664,8.2853
 ENSMUSG00000028743,8.8409,8.7119,8.726,8.6258,8.2636,8.098,8.4419,8.6922,8.6733,8.5435,9.4573,8.8936
 ENSMUSG00000081797,4.6527,4.7982,3.9381,4.0637,4.8002,4.3101,4.3616,5.0811,4.7093,4.7062,4.8652,4.5411
 ENSMUSG00000033596,11.047,10.9239,10.9829,10.8976,10.4544,10.4208,10.857,10.9707,10.9167,10.9229,11.7713,11.1525
 ENSMUSG00000040687,11.6873,12.0511,11.7812,12.2545,11.5871,11.7581,11.4837,11.4689,12.1005,11.8875,11.1708,11.2141
 ENSMUSG00000020167,12.0934,12.1205,11.9886,12.3703,11.7577,11.6185,12.0169,12.1903,12.3306,12.5187,12.8608,12.4284
 ENSMUSG00000029426,11.3946,11.4497,11.4353,11.4041,11.3439,11.1063,11.4623,11.4107,11.3461,11.3971,10.5444,10.5295
 ENSMUSG00000030217,6.0994,5.9964,5.9571,6.0038,5.1287,5.8006,5.3592,5.6718,5.6803,6.0436,5.276,5.3734
 ENSMUSG00000083614,4.5237,4.882,4.4837,4.7165,4.6402,3.9222,4.7362,4.203,4.5604,4.1803,3.8746,4.052
 ENSMUSG00000031523,8.6053,8.8779,8.9334,8.9435,8.8379,8.9902,8.2676,8.3016,8.834,8.7454,7.9095,8.4656
 ENSMUSG00000062432,5.488,5.6103,5.0875,5.8644,5.24,5.181,4.8873,4.8972,5.4633,5.7415,4.8652,5.2183
 ENSMUSG00000057098,13.5808,13.7619,13.625,14.0311,13.3893,13.5015,13.1932,13.3519,13.8018,13.9273,13.0989,12.9258
 ENSMUSG00000082319,5.0647,5.1386,4.6798,5.0622,5.0072,4.9209,4.4672,4.9615,5.0716,5.5056,5.7848,5.0044
 ENSMUSG00000029001,6.8175,6.8693,6.8494,7.0533,6.3962,6.6392,6.0471,6.7149,6.9995,7.3234,6.5235,6.482
 ENSMUSG00000053964,7.4928,7.8566,7.5754,7.821,7.2818,7.6587,7.5445,7.6589,7.8243,7.7093,6.9005,6.8527
 ENSMUSG00000091155,5.7585,5.5866,5.1304,5.5613,5.1287,5.7498,5.5871,5.596,5.8678,5.943,6.3517,5.9016
 ENSMUSG00000092074,7.8037,7.5273,8.1824,7.7446,7.6722,7.0019,7.555,7.677,7.571,7.2833,7.1531,7.096
 ENSMUSG00000082920,5.1771,5.0703,5.4972,5.1711,5.0694,4.7123,5.0222,4.8972,5.1728,5.386,6.0597,5.2183
 ENSMUSG00000032066,6.396,6.4863,6.6662,6.8699,6.0868,5.6971,6.2698,5.9391,6.3428,6.5717,6.0597,6.6085
 ENSMUSG00000028494,9.5112,9.3685,9.593,9.1935,8.8999,8.3696,9.3814,8.9628,9.136,9.2723,9.3531,8.8911
 ENSMUSG00000059565,5.2555,5.2348,4.9972,5.6125,4.3505,5.0135,4.7362,4.8295,5.2049,5.1473,5.1847,5.4858
 ENSMUSG00000075312,4.6527,4.3255,4.618,4.9011,4.873,4.1352,4.3616,4.203,4.7993,4.8554,4.0154,4.052
 ENSMUSG00000023147,8.1637,8.2138,8.0502,8.139,7.9401,7.9623,8.1055,8.1738,8.328,8.2011,9.1967,8.54
 ENSMUSG00000045065,5.4665,5.4355,5.649,5.9259,5.0694,5.3982,5.0222,5.2919,5.6579,6.1191,5.276,5.1157
 ENSMUSG00000028958,8.7224,8.4748,8.6578,8.4275,8.4131,8.267,8.535,8.9884,8.6869,8.6322,9.5258,8.9445
 ENSMUSG00000030147,6.1795,6.0991,6.837,6.0777,6.5075,5.8496,6.077,5.9692,5.8678,5.9637,5.5175,5.8611
 ENSMUSG00000019970,9.1701,9.4712,9.4909,9.7242,9.1757,9.2042,9.5483,9.0276,9.4414,9.5332,8.5283,8.8861
 ENSMUSG00000025915,11.3596,11.493,11.5189,11.7158,10.9264,10.8818,10.8697,10.7139,11.5822,11.5119,11.3533,11.0822
 ENSMUSG00000024696,11.5089,11.3843,11.5222,11.1789,10.9114,10.8717,11.1385,11.3072,11.4593,11.3787,12.1539,11.5498
 ENSMUSG00000002409,8.6431,8.6741,8.6224,9.2098,8.3009,8.4731,8.324,8.1674,8.9984,8.9887,8.9664,8.3225
 ENSMUSG00000014075,7.1557,7.4841,7.1575,7.5723,6.464,6.5542,6.9033,6.7667,7.2112,7.2669,7.094,7.0611
 ENSMUSG00000021395,11.2977,11.292,11.3563,11.5593,10.6739,10.5914,11.1085,11.1744,11.4377,11.463,11.7647,11.2627
 ENSMUSG00000028678,8.0662,7.6269,7.8989,7.2479,7.4013,7.6036,7.1595,6.8807,7.3205,7.129,7.3777,7.2196
 ENSMUSG00000026209,9.8005,9.7326,9.737,9.6013,9.4602,9.4187,9.7651,9.9595,9.7398,9.8227,10.6391,10.2615
 ENSMUSG00000060216,10.6548,10.7731,10.7007,10.5022,10.1277,10.0196,9.8802,9.9669,10.7171,10.6078,10.7415,10.5438
 ENSMUSG00000024885,9.8798,9.5672,9.7778,9.606,9.1211,9.0115,8.7514,9.2031,9.4905,9.726,9.4526,9.3829
 ENSMUSG00000027346,12.5433,12.6667,12.524,12.6837,11.8275,11.9147,12.2577,12.1796,12.7475,12.8626,12.6925,12.6181
 ENSMUSG00000024381,12.4621,12.4166,12.4354,12.4609,11.8125,11.6246,11.6194,11.8649,12.4301,12.3715,12.2242,12.0397
 ENSMUSG00000032562,13.119,12.9852,13.0341,13.2035,12.5472,12.4552,12.3047,12.5833,13.0591,13.2313,12.8038,12.3966
 ENSMUSG00000079915,4.841,4.9983,4.8485,5.5871,5.0072,4.4604,5.0222,5.7082,4.962,4.9887,5.3194,5.0044
 ENSMUSG00000019810,10.1163,9.7855,10.006,10.0582,9.7748,9.6671,9.4307,9.2582,9.7645,9.9482,9.0801,9.3563
 ENSMUSG00000027978,7.2751,6.9801,6.6522,7.1154,6.8317,7.201,7.4462,7.0433,6.8807,7.5697,6.8298,7.7811
 ENSMUSG00000025607,10.8597,10.8459,10.9703,10.8431,10.4433,10.4307,11.267,11.1712,10.9966,11.0546,11.6025,11.2769
 ENSMUSG00000035473,6.0432,6.1792,6.1302,5.5613,5.7273,5.4635,5.1443,5.5565,5.8081,5.6924,5.2311,5.4024
 ENSMUSG00000022200,11.0319,10.972,11.1069,10.8831,10.741,10.6263,11.0968,11.096,11.0157,11.1533,11.9987,11.1866
 ENSMUSG00000064065,10.6043,10.5498,10.4875,10.4353,10.2198,10.46,10.1041,10.2358,10.437,10.2639,9.4988,9.734
 ENSMUSG00000038642,14.1098,13.8902,14.0861,13.5659,13.6829,13.4188,13.741,13.8533,13.6871,13.8999,14.6196,14.3224
 ENSMUSG00000049164,11.4658,11.3513,11.4122,11.3394,11.1498,11.1985,11.61,11.6559,11.5093,11.5633,12.4189,11.82
 ENSMUSG00000042451,4.8056,4.3887,4.2466,4.1501,4.3505,4.4604,3.9606,4.4196,4.1875,4.092,3.7047,3.5861
 ENSMUSG00000037622,9.4298,9.6404,9.3576,9.9052,9.0571,9.1572,9.2869,9.4543,9.6269,9.6272,9.0618,8.6697
 ENSMUSG00000023926,7.6909,7.4841,7.0442,7.2869,6.882,7.3255,6.9197,6.8962,6.6199,7.1823,6.559,7.0344
 ENSMUSG00000110430,4.6112,4.8408,4.4837,4.5571,4.3505,4.4604,4.4672,3.7484,4.7993,4.7062,3.8746,4.2895
 ENSMUSG00000024854,11.5462,11.353,11.4775,11.2427,11.0907,10.9119,11.2701,11.6605,11.4021,11.5587,10.8969,10.52
 ENSMUSG00000025085,14.109,14.0338,13.9668,14.1167,13.5515,13.3389,13.4454,13.9421,14.0349,14.1018,13.4687,13.2686
 ENSMUSG00000020422,11.0899,11.2794,11.2915,11.4094,11.4431,11.1429,10.7571,10.7833,10.9016,10.7221,10.3095,11.1112
 ENSMUSG00000080893,4.909,5.2035,4.4837,4.7165,4.873,4.821,4.814,5.596,4.8833,5.4471,5.276,5.3438
 ENSMUSG00000010830,6.4071,6.1155,5.7053,6.6831,6.3249,6.5247,5.7076,6.4865,6.1171,6.7357,6.4113,6.4004
 ENSMUSG00000030019,10.6108,10.6352,10.5622,10.6551,10.2503,10.1405,10.605,10.7676,10.6351,10.8,11.4927,10.8828
 ENSMUSG00000030263,12.9204,12.9267,12.9032,13.1314,12.5218,12.2459,12.9932,12.9598,13.2379,13.4614,13.1744,13.3062
 ENSMUSG00000022125,9.9929,9.8291,10.0399,9.9102,9.2758,9.218,9.577,9.594,10.024,10.1043,10.3173,9.8706
 ENSMUSG00000015776,9.5264,9.5238,9.5447,9.5526,9.1246,9.1428,9.6741,9.7873,9.7359,9.6635,10.4276,9.7827
 ENSMUSG00000060703,8.8246,8.6408,8.9563,8.5732,8.624,8.2311,8.5083,8.2115,8.4289,8.3402,7.6881,8.2316
 ENSMUSG00000038055,10.9808,11.3449,11.0166,11.42,10.681,10.4831,10.651,10.8405,11.2922,11.3117,10.5759,10.6966
 ENSMUSG00000014547,10.1827,10.1126,10.1826,9.9843,9.5889,9.5001,9.8823,10.0984,9.9793,9.7643,9.4001,9.1834
 ENSMUSG00000075227,8.4908,8.305,8.3731,8.592,8.4356,8.1373,8.5456,8.9992,8.5109,8.7036,9.2915,9.0188
 ENSMUSG00000091507,6.2554,6.3686,5.6199,6.5348,6.3728,6.3671,6.3203,5.596,6.3288,6.5982,6.1792,5.8404
 ENSMUSG00000024072,9.7667,9.5891,9.6625,9.8334,9.0571,9.0377,9.6908,9.4225,9.8213,10.0707,10.0288,9.416
 ENSMUSG00000023909,6.7839,6.7068,6.7075,6.6831,6.4417,5.8969,6.393,5.9084,6.3428,6.5982,6.8152,6.9028
 ENSMUSG00000007035,7.6263,7.9857,7.887,8.4205,7.5222,7.9623,7.8307,7.8059,8.2044,8.4418,7.519,7.479
 ENSMUSG00000068220,9.345,8.7461,9.4247,9.1435,8.7235,8.8316,8.8485,8.5326,9.1907,9.1816,8.328,8.8149
 ENSMUSG00000025246,11.3374,11.2875,11.2909,11.3537,11.2477,11.1669,11.61,11.733,11.4537,11.6048,12.2477,12.03
 ENSMUSG00000031891,6.0716,5.9235,5.8369,6.4266,6.1153,6.0717,6.2173,5.596,6.3428,6.2423,5.5894,5.3438
 ENSMUSG00000034987,8.8889,8.8418,8.9704,8.9605,8.7372,8.9521,8.2929,8.2781,8.8964,9.1284,8.1013,8.5113
 ENSMUSG00000028228,11.005,11.0292,11.0608,10.9729,10.2786,10.0353,10.5509,10.4701,10.8744,10.9525,10.8892,10.6687
 ENSMUSG00000056234,12.3252,12.1205,12.4188,12.2545,12.1029,11.8962,12.4319,12.3388,12.0903,12.5341,13.138,12.7487
 ENSMUSG00000027506,11.4825,11.4727,11.5,11.6509,11.1257,11.1621,11.3894,11.3842,11.5245,11.5049,10.634,10.6738
 ENSMUSG00000046085,6.8824,7.1633,6.7737,7.1749,6.3962,6.2634,6.6513,6.8002,7.2112,7.1823,6.7705,6.4143
 ENSMUSG00000027630,12.9005,12.888,12.9233,12.9377,12.3133,12.2538,12.2859,12.4074,12.9092,12.9305,13.1787,13.0637
 ENSMUSG00000021900,8.6912,8.6097,8.7556,8.3597,7.892,7.8484,7.8307,8.2663,8.6145,8.567,8.393,8.2472
 ENSMUSG00000083435,7.9276,8.4398,8.1178,8.7142,8.0898,8.3362,8.0472,7.7726,8.2998,8.153,7.5456,7.6815
 ENSMUSG00000061086,9.0748,8.6211,8.9478,8.5701,8.5171,8.4103,8.481,8.4562,8.7218,8.9483,9.3201,9.3328
 ENSMUSG00000026721,13.1884,13.3785,13.2744,13.5066,12.8792,13.122,12.9103,12.8689,13.4828,13.5665,12.614,12.6552
 ENSMUSG00000021597,10.1577,10.2511,10.2524,10.3255,9.8183,9.9133,10.4076,10.3626,10.4233,10.3574,11.1377,10.5848
 ENSMUSG00000039789,10.6262,10.7356,10.7309,10.8221,10.0997,10.121,10.4893,10.506,10.8092,10.8267,11.3388,10.5664
 ENSMUSG00000076606,7.9654,7.72,7.4599,7.6875,7.2942,7.0849,7.4003,7.3672,8.0898,7.9885,8.0402,7.7864
 ENSMUSG00000026578,8.1275,7.95,7.863,7.7996,7.5327,7.291,7.2136,7.5745,8.0139,8.0471,8.1941,8.0965
 ENSMUSG00000028718,7.9765,7.3396,7.5072,7.2479,7.3782,7.201,6.9197,6.9863,7.0681,7.1996,7.9299,7.3479
 ENSMUSG00000068798,11.6116,11.4968,11.6958,11.6291,11.1843,11.1549,11.0651,10.9541,11.4946,11.6166,12.0875,11.7779
 ENSMUSG00000015812,5.7409,5.8267,5.5903,5.778,5.5695,5.6423,5.9536,5.2423,5.8482,5.943,6.5235,6.2529
 ENSMUSG00000074521,6.2431,6.6852,6.266,6.8699,6.4191,6.3334,6.999,6.4658,6.1171,6.5982,6.5413,7.2196
 ENSMUSG00000018293,13.899,13.7108,13.7555,13.7749,13.6173,13.2907,13.6982,13.9947,13.8355,14.0242,14.5621,14.3251
 ENSMUSG00000030220,13.829,13.6374,13.6119,13.5519,13.1903,12.943,13.1213,13.504,13.6934,13.8111,13.1576,12.9085
 ENSMUSG00000028927,9.1505,9.0627,8.916,9.6409,8.569,9.2317,9.1412,8.6653,9.3363,9.2925,8.546,8.9469
 ENSMUSG00000029128,9.2364,9.2001,9.2666,9.2239,8.7235,8.5332,9.2994,9.379,9.3603,9.3342,9.8301,9.4365
 ENSMUSG00000028618,10.6874,10.7124,10.8578,10.8094,10.044,9.8847,10.5935,10.5323,10.7941,10.8671,10.8026,10.2758
 ENSMUSG00000021071,6.3506,6.6408,6.1703,6.7959,6.4191,6.7955,5.8877,6.1635,6.5252,6.6623,5.9561,5.9602
 ENSMUSG00000024777,8.7486,8.7846,8.6923,8.6409,8.0243,8.2036,8.2612,8.4298,8.8631,8.8144,8.6843,7.899
 ENSMUSG00000017007,6.6598,6.8693,6.7344,7.3174,6.5287,7.201,6.6314,6.7149,7.1335,7.4875,6.6275,6.5212
 ENSMUSG00000000732,12.7537,12.8642,12.7693,12.7512,12.3611,12.3814,12.207,12.3739,12.9099,12.8276,13.3852,12.9629
 ENSMUSG00000019487,7.1426,7.3187,7.2157,7.5468,7.3898,7.2195,7.0446,7.3783,7.4608,7.583,8.0953,8.0529
 ENSMUSG00000030615,9.5894,9.3668,9.4062,9.4258,9.1622,9.0887,9.6176,9.4725,9.2707,9.6557,10.2365,9.9989
 ENSMUSG00000028465,14.1771,14.2633,14.1675,14.5551,13.8175,13.7577,13.5637,13.6218,14.1575,14.1361,13.6051,13.5934
 ENSMUSG00000043391,6.952,6.5597,6.7737,6.5733,6.882,6.5247,6.2698,5.8119,6.3566,6.4314,6.0345,6.4004
 ENSMUSG00000040123,11.4332,11.6465,11.5327,11.7538,10.9695,10.9288,10.9213,10.9817,11.6748,11.5435,11.2586,10.9761
 ENSMUSG00000026342,7.7044,7.6325,7.7363,7.6991,7.3898,7.1049,6.9519,6.7323,7.2922,7.3391,7.0323,7.1877
 ENSMUSG00000003282,6.218,6.2403,6.1097,6.2941,6.1976,6.5542,5.9536,6.2392,6.782,7.0451,6.8298,6.4687
 ENSMUSG00000108442,6.0289,6.4988,6.1097,6.6948,5.7273,5.8006,6.077,6.2875,6.6313,6.1908,5.9013,5.7764
 ENSMUSG00000018900,8.9334,9.136,9.0735,9.0672,8.2382,8.3106,8.765,8.8399,9.2744,9.1284,9.177,8.8484
 ENSMUSG00000051804,7.269,7.1475,7.0334,7.3022,6.4859,6.7453,6.6901,7.0572,7.4544,7.3312,6.6275,6.6444
 ENSMUSG00000017830,10.1347,9.9161,10.1556,10.2198,9.4954,9.4424,9.9395,9.6222,9.7372,10.2505,9.3805,9.4666
 ENSMUSG00000038990,11.282,11.3092,11.1209,11.4597,10.8655,10.8804,11.4892,11.6919,11.4849,11.5192,12.0344,11.5285
 ENSMUSG00000011114,10.6031,10.4866,10.4954,10.3551,10.2343,10.0687,10.396,10.4133,10.4642,10.5491,11.3997,10.7757
 ENSMUSG00000020376,11.2704,11.1154,11.2429,11.0406,10.5986,10.2181,10.4961,10.6963,11.0687,11.1698,10.8926,10.7924
 ENSMUSG00000049775,15.458,15.2949,15.5991,15.3683,14.7437,14.4985,15.3126,15.118,15.4602,15.494,15.5011,15.2251
 ENSMUSG00000033059,11.1182,11.1113,11.1974,11.1758,10.4124,10.3784,10.5961,10.7633,11.1324,11.1065,11.3665,11.0735
 ENSMUSG00000049922,9.8366,9.9572,9.8815,10.3724,9.6455,9.4925,9.5378,9.8818,10.0034,9.9835,9.4338,9.1361
 ENSMUSG00000080935,5.2299,5.0348,5.3972,5.5613,4.8002,4.9209,5.5445,5.1371,5.7668,4.9458,4.738,5.0044
 ENSMUSG00000025245,9.6797,9.5613,9.6165,9.6853,9.0054,9.0325,9.1654,9.1426,9.8854,10.0021,9.492,9.5473
 ENSMUSG00000042650,11.5109,11.5973,11.5749,11.7364,11.1709,11.1259,11.2058,11.331,11.5378,11.5252,12.3673,11.542
 ENSMUSG00000006494,10.82,10.899,10.8556,10.8307,10.2198,10.3177,10.0715,10.3173,10.9718,10.9588,10.6329,10.9311
 ENSMUSG00000020785,6.8422,6.7387,6.721,6.6831,6.0577,6.1122,6.077,6.1373,6.5968,6.5447,6.0088,6.0706
 ENSMUSG00000020611,12.2654,12.3065,12.3768,12.6319,11.8142,11.9406,12.2256,12.1625,12.5032,12.4968,13.0866,12.3926
 ENSMUSG00000031007,10.1454,10.0528,10.389,10.2198,9.9117,9.5591,10.5338,10.2143,10.2457,10.2401,10.8682,10.4933
 ENSMUSG00000040714,5.7049,5.7861,5.649,5.7327,5.5271,5.3982,4.9565,5.6344,5.3259,6.0818,5.6239,4.965
 ENSMUSG00000021072,10.6174,10.5996,10.8225,10.5605,10.3018,10.1137,10.582,10.5072,10.7415,10.7678,11.4662,10.7844
 ENSMUSG00000019773,8.8246,8.5151,8.4638,8.2924,8.2446,8.267,8.7605,8.7316,8.654,8.6,9.4146,8.8837
 ENSMUSG00000008036,10.0137,9.9253,10.0821,9.93,9.8417,9.4187,10.0843,10.2282,10.0453,10.0859,10.8299,10.3095
 ENSMUSG00000026051,4.6112,4.3255,4.1542,4.8574,4.2344,4.1352,4.7362,4.6008,4.6617,4.5362,5.0867,5.0796
 ENSMUSG00000053819,13.0213,13.1185,13.1483,13.265,12.7354,12.6297,12.7596,12.936,13.1795,13.1648,12.3192,12.3356
 ENSMUSG00000045435,8.1473,7.9272,8.0234,8.2298,7.6141,7.8602,8.3178,8.0953,8.2927,8.3086,8.9163,8.4387
 ENSMUSG00000037946,11.9178,12.0746,11.945,12.4297,11.8633,11.7415,12.0732,12.2179,12.2977,12.3171,11.6726,11.2603
 ENSMUSG00000046828,4.7315,4.7982,4.7387,5.5613,4.2344,4.7123,4.814,4.7579,5.0716,5.0302,4.4346,4.8392
 ENSMUSG00000040929,10.0798,10.3147,10.1482,10.5881,9.8709,10.1259,9.9153,9.717,10.6414,10.5441,9.7824,9.8248
 ENSMUSG00000035953,11.1328,11.1022,11.1203,11.2363,10.3952,10.4945,10.7399,10.9771,11.2797,11.2745,11.4813,11.1191
 ENSMUSG00000025702,8.7551,8.652,8.7943,8.7453,8.5329,8.8316,8.4865,8.2482,8.2602,8.6322,7.6801,8.3587
 ENSMUSG00000027341,9.4012,9.4697,9.3006,9.3451,9.0129,9.0273,9.7261,9.8896,9.3241,9.4811,10.1291,9.6296
 ENSMUSG00000093979,6.8903,6.5951,6.5947,6.6713,6.5497,6.5247,6.8183,6.7323,7.2778,7.1199,7.2751,7.4591
 ENSMUSG00000019295,9.276,9.138,9.0577,9.0264,8.7143,8.713,9.2092,9.3256,9.2433,9.2075,9.989,9.2677
 ENSMUSG00000031021,9.3984,9.336,9.4103,9.2118,8.5741,8.5034,8.8227,8.9027,9.2905,9.4381,9.1161,8.9397
 ENSMUSG00000047067,7.5536,7.5089,7.756,7.5532,7.0815,6.8909,7.7042,7.7212,7.571,7.8309,8.0772,7.2965
 ENSMUSG00000014077,10.7231,10.6097,10.6725,10.6918,10.0477,9.876,10.3455,10.4052,10.7131,10.9809,10.3339,10.1398
 ENSMUSG00000050732,10.6629,10.5528,10.7862,10.5857,10.1619,9.8407,10.0879,10.1266,10.7031,10.8826,10.2688,10.2843
 ENSMUSG00000026154,7.4238,7.4461,7.5828,7.1326,6.962,6.5247,7.6562,7.2751,7.64,7.147,7.4263,7.1131
 ENSMUSG00000030067,14.3713,14.4896,14.2563,14.6,13.9143,14.0351,13.7615,14.0105,14.5042,14.5967,13.7962,13.813
 ENSMUSG00000032437,12.4553,12.5658,12.4906,12.4954,11.9337,11.9489,11.8133,11.8674,12.5891,12.5371,12.7239,12.3497
 ENSMUSG00000041716,7.5286,7.3872,7.3688,7.5596,7.2693,7.044,7.9629,7.7726,7.571,7.5896,8.1997,7.9522
 ENSMUSG00000098207,4.27,4.882,4.8485,4.5571,4.873,4.1352,4.8873,4.075,4.5062,4.4735,4.0154,4.5962
 ENSMUSG00000019927,10.1609,10.2702,10.1716,10.3967,9.5889,9.6502,9.5431,9.6659,10.2017,10.3282,9.8763,9.64
 ENSMUSG00000030035,9.6003,9.4853,9.5103,9.2963,8.9241,8.598,8.9193,9.2938,9.4842,9.5998,9.2106,8.9325
 ENSMUSG00000081782,5.0047,5.0703,4.9,5.3951,4.3505,4.9209,4.814,4.3167,5.2049,4.9014,4.6691,4.5411
 ENSMUSG00000082931,5.0937,5.5131,5.5289,5.778,5.1855,4.821,5.2561,5.4739,5.7243,5.5339,6.0088,5.2825
 ENSMUSG00000021190,12.5419,12.3612,12.6232,12.2282,12.1619,11.6921,11.908,11.7351,12.1626,12.3651,11.7313,11.8439
 ENSMUSG00000076596,8.6957,8.685,8.4355,7.9721,8.2058,8.0473,7.723,7.9615,8.0139,7.8475,7.9632,7.8232
 ENSMUSG00000082279,5.7049,6.0825,6.0024,6.5085,5.9976,5.8496,5.5005,6.0275,6.1494,5.9841,5.4417,5.4024
 ENSMUSG00000022914,14.2581,14.4887,14.3604,14.6676,13.7203,13.9628,14.06,13.9911,14.6692,14.6904,14.4928,14.0493
 ENSMUSG00000104452,9.5137,9.7444,9.5123,9.0717,9.0462,9.3367,9.2092,10.2003,9.6879,9.5535,9.4432,9.1974
 ENSMUSG00000020955,8.9276,8.8587,9.0839,8.9985,8.6817,8.6397,8.8443,8.9702,9.0895,9.1352,9.7899,9.4962
 ENSMUSG00000041685,10.6013,10.8783,10.7742,10.9026,10.4763,10.6332,10.5002,10.263,10.7751,10.7086,9.9363,9.9758
 ENSMUSG00000007039,6.534,6.1155,6.3204,6.9979,6.3004,6.4,6.2698,6.1635,6.8807,7.0547,6.3718,6.2683
 ENSMUSG00000090215,7.9314,8.0206,7.9905,8.4517,7.5222,7.5752,7.4907,7.7976,8.2195,8.0613,7.6311,7.4046
 ENSMUSG00000056367,5.9546,6.1317,6.2844,6.5085,5.6895,5.7498,6.2173,5.7436,6.5252,6.5172,5.7541,5.9214
 ENSMUSG00000030724,14.7866,14.8709,14.6975,14.7446,14.2632,14.1217,14.922,15.0755,14.8481,14.8755,15.3375,14.8762
 ENSMUSG00000094091,5.6865,5.6563,5.5903,6.2785,5.1855,5.8496,6.077,5.6344,5.9801,6.2591,6.1326,6.0528
 ENSMUSG00000068854,8.8039,8.8172,8.8954,8.8864,8.1793,8.185,8.6571,8.9884,8.9034,9.1011,9.1883,8.5016
 ENSMUSG00000046442,8.9913,9.1655,8.9392,9.5717,8.9672,9.1282,9.4392,9.4828,9.7516,9.8747,9.6939,9.4143
 ENSMUSG00000033633,6.3038,6.7176,6.4881,6.9005,5.9348,6.6392,5.9855,6.4865,6.842,6.7475,6.3312,6.1564
 ENSMUSG00000091732,5.86,5.9604,5.9571,6.4124,5.9348,5.8006,5.5445,5.5565,5.9063,6.1006,5.276,5.3438
 ENSMUSG00000055546,8.6593,8.404,8.8595,8.904,8.863,8.3446,8.8485,8.4821,8.5262,9.0448,8.4739,9.4716
 ENSMUSG00000041849,11.9086,12.0508,11.8584,12.0715,11.5884,11.8585,11.3009,11.4683,11.9151,12.0687,11.3826,11.1566
 ENSMUSG00000021478,6.0994,6.2551,5.8862,6.6109,6.3962,6.2988,6.1348,5.9692,6.3566,6.1374,5.3194,6.0165
 ENSMUSG00000059316,9.0504,9.1713,9.0577,9.1666,8.4244,8.3362,8.8008,9.0382,9.1119,9.0035,9.338,8.521
 ENSMUSG00000023982,4.841,4.5593,5.2122,4.6126,4.2344,3.9222,4.4672,4.6819,4.3264,4.4735,4.5181,4.2895
 ENSMUSG00000042073,7.6357,8.0335,7.4916,7.5973,7.3898,6.9804,7.6065,7.9013,7.7534,7.5085,7.2536,6.9888
 ENSMUSG00000032567,9.1845,9.0793,9.0603,9.154,8.9121,8.8435,9.2225,9.2,9.3101,9.4723,10.032,9.6042
 ENSMUSG00000030538,10.2362,10.1777,10.3377,10.3302,9.6455,9.6536,10.3945,10.5738,10.2234,10.3926,10.7625,10.2729
 ENSMUSG00000074909,10.6823,10.7349,10.6862,10.675,10.3048,10.3198,10.9183,11.0113,10.7985,10.7303,11.5315,10.9819
 ENSMUSG00000034308,6.7143,6.652,6.7476,6.5606,6.6107,6.844,6.345,6.5471,6.782,6.8719,5.8731,5.9792
 ENSMUSG00000008855,10.6001,10.6726,10.6287,10.9549,10.2149,10.188,10.2726,10.4201,10.9305,10.9715,10.2473,10.0749
 ENSMUSG00000061410,6.0575,6.3686,6.1703,6.6109,6.3962,6.6932,5.7455,5.8119,6.4499,6.4606,5.7848,6.2529
 ENSMUSG00000038205,9.6205,9.788,9.737,9.8189,9.2758,9.4502,9.6151,9.5868,9.7568,9.72,10.5444,10.1157
 ENSMUSG00000053044,7.4824,7.2319,7.1071,7.5011,7.3898,7.8002,6.9835,6.7496,7.7689,7.1016,7.5976,7.5434
 ENSMUSG00000073910,8.4273,8.7642,8.6854,8.8659,8.4131,8.8195,8.0095,7.9689,8.396,8.5333,7.9698,8.304
 ENSMUSG00000015247,9.092,9.0051,9.3117,8.8685,8.6141,8.353,8.979,8.9406,9.0436,9.2032,9.6228,9.1548
 ENSMUSG00000024293,11.8606,11.8219,11.9263,11.8398,11.5301,11.4773,11.8361,11.7828,12.0263,11.9805,12.7618,12.092
 ENSMUSG00000001444,7.4719,7.276,7.4274,7.3472,7.008,7.0231,6.9835,6.849,7.362,6.7237,6.4306,6.8217
 ENSMUSG00000025240,10.5475,10.5212,10.6251,10.4152,10.1277,9.8789,10.356,10.4039,10.4249,10.5262,11.2329,10.668
 ENSMUSG00000083512,6.3848,6.4482,6.4398,6.6831,5.9665,5.8969,6.5493,6.6427,6.5374,6.4165,5.9827,5.732
 ENSMUSG00000063856,12.1678,11.8909,12.0511,11.975,11.6583,11.1001,11.8334,11.9721,11.991,12.372,12.2311,11.9864
 ENSMUSG00000045775,5.3998,5.9604,5.7053,5.1711,5.5271,5.2574,5.0847,5.4307,5.7243,4.8554,5.0348,5.2508
 ENSMUSG00000072919,8.0274,7.8125,7.7297,7.8421,7.3428,7.4083,6.9678,7.2987,7.64,8.0375,7.4734,7.4046
 ENSMUSG00000092181,5.2038,5.5131,5.4314,5.8852,5.24,5.0135,5.0847,4.8295,5.7457,5.22,5.0348,4.965
 ENSMUSG00000040867,6.3157,6.3411,6.4722,7.0166,6.1707,6.7453,6.2173,6.2392,6.5374,6.9763,6.0088,6.2372
 ENSMUSG00000035236,11.3698,11.608,11.4725,11.6389,10.9373,11.0183,10.9494,11.0422,11.7226,11.6818,11.3727,10.8939
 ENSMUSG00000021361,10.2261,9.8727,10.2149,9.8914,9.9707,9.6193,10.3211,10.2719,9.8274,9.9314,10.7775,10.4587
 ENSMUSG00000037202,7.8569,7.7094,7.9106,8.1475,7.2181,7.6855,7.8307,7.677,7.9564,7.4373,7.0449,7.4252
 ENSMUSG00000059776,7.0039,6.9712,7.1869,6.8801,6.5075,6.7195,6.1062,6.9717,6.973,6.6995,6.9143,6.2836
 ENSMUSG00000005220,5.8436,5.5626,5.2513,5.9847,5.2923,6.1515,5.5871,5.2919,5.4892,6.1554,5.6906,5.8404
 ENSMUSG00000040181,11.6909,11.7617,11.7022,11.89,11.0898,11.0418,11.2749,11.4474,11.7511,11.7239,11.2088,11.0287
 ENSMUSG00000015340,13.8049,13.6416,13.7852,13.379,13.1436,12.9224,13.0893,13.1779,13.3573,13.5094,13.8515,13.7773
 ENSMUSG00000081250,4.429,4.4484,4.3315,4.4988,3.7693,3.6367,4.2447,4.4196,4.3264,4.8554,4.3444,4.2163
 ENSMUSG00000059493,6.4825,6.2844,6.0024,6.0777,6.2754,6.2271,5.6284,5.4739,6.2269,5.7889,6.3517,6.4281
 ENSMUSG00000055782,8.5011,8.374,8.5453,8.4517,8.4742,8.302,8.0247,7.8464,8.2711,8.1486,7.4453,8.0836
 ENSMUSG00000040560,10.838,10.9631,10.9034,11.0665,10.3924,10.3198,10.4838,10.6896,11.044,10.9512,10.3173,10.1889
 ENSMUSG00000031840,7.6818,7.8469,7.756,8.1045,7.1239,7.4558,7.3162,7.8059,7.8633,8.2139,7.9163,7.4591
 ENSMUSG00000100522,5.1221,5.5131,5.2122,5.6374,5.1287,4.821,5.0847,4.6819,5.635,5.4169,4.9807,4.8392
 ENSMUSG00000026630,6.5541,5.9785,6.565,6.1817,6.1153,5.9427,5.6284,5.8119,6.3566,6.2756,5.5894,6.1055
 ENSMUSG00000004936,11.7589,11.779,11.7541,11.7524,11.2846,11.1962,11.9218,11.9318,11.8548,11.8401,12.465,11.9288
 ENSMUSG00000028011,8.3523,8.4654,8.1775,8.3227,8.3009,8.5624,8.1889,8.1285,8.5828,8.8031,8.9365,9.1361
 ENSMUSG00000026197,8.9913,8.8418,8.8984,8.8736,8.1387,8.1566,8.582,8.77,9.0244,9.0328,9.0679,8.6287
 ENSMUSG00000035158,7.5286,7.6437,7.7363,7.805,7.892,7.3084,7.5758,7.1766,7.3414,7.8854,6.8152,7.3836
 ENSMUSG00000021388,4.909,4.922,5.3622,5.5081,4.6402,4.821,5.2014,4.6819,5.2967,5.22,5.1366,4.4833
 ENSMUSG00000028385,12.5353,12.5968,12.5197,12.8362,11.9909,11.9803,12.04,12.3,12.7095,12.7835,12.3375,12.0342
 ENSMUSG00000032594,12.175,12.4134,12.2529,12.3927,11.6702,11.7367,12.116,12.2582,12.5567,12.4805,12.0833,11.6104
 ENSMUSG00000103051,4.2113,4.7082,4.3315,4.8574,4.1036,4.3101,4.3616,4.075,4.1103,5.0704,4.2461,4.5411
 ENSMUSG00000036599,8.5787,8.4685,8.4026,8.7647,8.0318,8.016,7.9147,8.2603,8.3827,8.5803,7.8394,7.8387
 ENSMUSG00000027496,8.1604,7.5453,7.612,7.3398,7.4013,7.0646,7.1595,7.1766,7.0681,7.5496,7.7352,7.2738
 ENSMUSG00000024736,7.1091,7.276,7.1375,7.5723,6.7796,7.0019,6.8357,6.6053,6.8996,7.2751,7.664,7.3407
 ENSMUSG00000028218,8.2911,8.4967,8.4757,8.417,7.7994,8.1943,8.3723,7.9166,8.2927,8.5196,9.0771,8.3623
 ENSMUSG00000039981,11.785,11.7206,11.741,11.8137,11.3719,11.2397,11.4032,11.6746,11.754,11.791,10.8308,11.1525
 ENSMUSG00000081473,4.429,4.7982,3.8066,4.7653,4.6402,4.4604,4.6531,4.4196,4.842,4.9887,4.6691,4.2163
 ENSMUSG00000025169,7.3341,7.1316,7.2898,7.4608,7.2439,7.0019,6.528,6.9116,7.3064,7.4946,7.7352,7.4921
 ENSMUSG00000047343,6.967,6.8105,6.55,7.1749,6.8145,6.7453,6.8006,6.6972,6.7086,7.6538,7.0069,7.3836
 ENSMUSG00000028149,11.6361,11.8832,11.7752,11.9157,11.3364,11.1429,11.3401,11.362,11.9624,11.8895,12.1542,11.8848
 ENSMUSG00000043126,4.9736,5.0348,5.5289,5.5349,4.7228,4.5931,4.9565,5.3398,5.2667,5.5888,5.1366,5.0425
 ENSMUSG00000025503,11.8935,11.649,11.9475,11.6173,11.6293,11.3069,12.025,12.0574,11.6878,11.8701,12.5846,12.0215
 ENSMUSG00000022620,8.6934,8.6713,8.6923,8.8608,8.2123,7.9732,8.4974,8.8197,8.7402,8.763,8.1251,8.1051
 ENSMUSG00000107629,4.8056,4.9607,4.7948,4.9433,4.4554,4.5931,4.814,4.4196,4.9232,4.758,4.4346,3.8525
 ENSMUSG00000026958,9.3998,9.4183,9.4532,9.3209,9.1315,8.7704,9.4617,9.6338,9.4121,9.3899,10.1552,9.5252
 ENSMUSG00000071724,6.8824,6.9072,7.0442,6.4681,6.3491,6.2634,6.6113,6.7149,6.6978,6.771,5.929,6.3721
 ENSMUSG00000021754,13.8444,13.9236,13.7542,14.2445,13.4798,13.721,13.2504,13.4047,14.0356,14.2107,13.6665,13.4521
 ENSMUSG00000033186,9.8284,9.8869,9.9052,9.8723,9.4436,9.4811,9.8249,9.5844,10.0315,10.0374,10.6298,10.1315
 ENSMUSG00000043257,10.7961,11.0233,10.775,11.259,10.3837,10.5592,10.7763,10.883,11.0868,11.1168,10.5166,10.2029
 ENSMUSG00000002603,11.5518,11.7209,11.5294,12.3981,11.5611,11.5437,11.3492,11.5073,12.0093,12.0778,11.4434,11.4264
 ENSMUSG00000028059,11.9383,12.1298,12.0504,12.563,11.8034,11.7158,11.519,11.5035,12.2179,12.069,11.6214,11.6864
 ENSMUSG00000082013,4.9417,5.2953,5.5289,5.778,4.9419,4.821,5.1443,4.8972,5.5395,5.4766,5.4802,5.0044
 ENSMUSG00000053477,13.095,13.0614,12.9955,13.1406,12.4089,12.5058,12.2729,12.4543,13.0612,13.1151,12.7952,12.8254
 ENSMUSG00000002332,9.954,9.7114,9.9444,9.8646,9.5788,9.0325,9.5272,9.6522,9.7658,9.9482,9.037,9.5629
 ENSMUSG00000038332,11.6909,11.8524,11.8266,11.9234,11.3454,11.7198,11.3739,11.3238,11.8674,12.0492,11.2322,11.0811
 ENSMUSG00000086316,6.669,6.6181,6.8246,6.4544,6.1433,5.7498,6.528,6.1892,6.3703,6.34,5.9013,6.1396
 ENSMUSG00000026456,9.1039,9.2039,9.2689,9.1666,8.6958,8.5109,8.6668,8.5076,9.1038,9.1816,8.4922,8.6048
 ENSMUSG00000068732,10.2238,10.1065,10.073,10.0894,9.9513,9.8614,10.229,10.4519,10.1227,10.3516,11.0176,10.6158
 ENSMUSG00000031513,8.883,8.8048,8.9506,9.1178,8.3131,8.2933,8.8485,8.9368,8.9719,9.0638,9.4266,8.6897
 ENSMUSG00000060771,8.6616,8.5059,8.7025,9.1285,8.1109,8.3778,8.7875,8.6146,9.0006,9.2413,8.5635,8.5619
 ENSMUSG00000036880,9.2895,9.2115,9.3576,9.1221,8.7862,8.4576,9.2774,9.1684,9.3671,9.4811,8.9892,8.6346
 ENSMUSG00000046994,10.8159,11.0356,10.8395,11.2442,10.6561,10.6921,11.0669,11.1728,11.2265,11.1905,11.8103,11.2859
 ENSMUSG00000025950,9.8659,9.6529,10.1319,9.9276,9.5635,9.0325,9.9009,9.5627,9.5197,9.8693,9.2244,9.4432
 ENSMUSG00000089901,10.7461,10.9147,10.8052,10.8168,10.2519,10.3241,10.359,10.254,10.9917,11.0234,10.2034,10.4292
 ENSMUSG00000091649,10.3555,9.9549,10.1319,9.8633,9.6527,9.3783,10.1705,9.8343,9.8699,10.3419,10.4629,10.1727
 ENSMUSG00000031166,9.7932,10.0433,9.8174,10.0229,9.3189,9.1036,9.399,9.4673,10.0799,9.943,9.6352,9.6177
 ENSMUSG00000094518,4.8755,4.5052,4.5528,4.5571,4.1036,4.3101,4.2447,4.4196,4.7993,4.8554,3.8746,4.1376
 ENSMUSG00000070923,10.9542,10.8831,10.9773,10.7639,10.223,10.0533,10.564,10.6084,10.8278,10.8799,11.1067,10.5144
 ENSMUSG00000003153,10.6031,10.6862,10.5547,10.7148,9.9493,10.2654,9.9515,9.9815,10.5533,10.6873,10.6391,10.7405
 ENSMUSG00000034371,10.128,10.305,10.021,10.686,9.7139,9.7295,10.1515,10.0967,10.322,10.426,10.6887,10.4155
 ENSMUSG00000094627,5.6865,5.3811,5.8369,5.2055,5.0694,5.3297,5.408,5.2919,6.0673,4.9887,5.6239,5.5896
 ENSMUSG00000020897,8.3664,8.1795,8.2301,7.8783,7.6817,7.3425,8.0839,7.998,8.2157,8.4012,8.3684,7.8842
 ENSMUSG00000026819,9.3464,9.6376,9.5691,9.8215,9.0859,9.2497,9.1959,9.0624,9.641,9.7873,9.9906,9.7973
 ENSMUSG00000055723,11.4389,11.4719,11.4575,11.0193,11.1566,11.0851,11.379,11.3515,11.4194,11.2668,12.2235,11.6942
 ENSMUSG00000029622,13.1398,13.0048,13.1884,13.1353,12.914,12.7007,13.1778,13.1952,13.2208,13.2956,13.968,13.5468
 ENSMUSG00000054604,11.9028,11.7517,11.8743,11.9166,11.5372,11.4745,11.91,11.919,11.9154,12.0126,12.7468,12.0885
 ENSMUSG00000080021,6.3848,6.6961,6.5799,6.7518,5.869,6.1898,6.3203,6.2635,6.9819,6.6497,6.3718,6.0706
 ENSMUSG00000072955,6.8092,6.9622,6.8246,6.6109,6.3728,6.6114,6.2173,6.1107,6.8615,7.129,6.3105,6.5467
 ENSMUSG00000028643,7.916,7.7567,7.9339,7.8935,7.2818,7.3921,7.8564,7.9615,8.0397,8.3006,8.3433,8.1262
 ENSMUSG00000081492,6.5934,6.7282,6.7607,7.2159,6.3004,6.6665,6.5493,6.6053,7.1174,7.1199,6.3105,6.3577
 ENSMUSG00000029191,12.2199,12.1596,12.0891,12.2606,11.5515,11.5745,11.5224,11.6969,12.194,12.2856,12.2572,12.2357
 ENSMUSG00000010609,10.5826,10.6415,10.6224,10.6371,9.9765,9.7954,10.0099,10.257,10.6712,10.6896,10.4745,10.2691
 ENSMUSG00000052102,9.914,9.8786,9.9401,9.9201,9.3279,9.1996,9.5111,9.5603,9.7027,9.824,9.3354,9.0346
 ENSMUSG00000052298,12.2588,12.2222,12.2266,12.221,11.534,11.561,11.774,11.9639,12.3149,12.3494,11.9769,11.5669
 ENSMUSG00000043881,9.6134,9.615,9.6379,9.7453,9.2379,9.1996,9.9614,9.9031,9.6701,9.8002,10.3913,9.7801
 ENSMUSG00000031755,8.6662,8.8731,8.7458,8.5121,8.4578,8.5839,8.4755,8.6425,8.7324,8.6914,7.825,7.9663
 ENSMUSG00000036322,5.2555,4.9983,5.0431,4.9842,5.1855,5.5257,4.5639,4.7579,5.2362,5.5888,5.3614,5.5125
 ENSMUSG00000083885,4.841,5.0348,4.7387,4.7653,5.0072,4.9209,4.5639,4.6008,4.9996,4.8076,4.3444,3.9579
 ENSMUSG00000078435,9.2302,9.4586,9.3894,9.4414,8.6092,8.8435,9.4811,9.1588,9.5677,9.4829,9.7292,9.3145
 ENSMUSG00000022553,11.1563,11.1482,11.1228,11.1748,10.6416,10.5807,11.2436,11.3058,11.4872,11.4773,11.6554,11.1359
 ENSMUSG00000038034,9.0185,9.0501,9.381,9.5105,9.0608,8.6533,8.756,8.7616,8.8798,9.0424,8.3382,8.8535
 ENSMUSG00000030589,8.2941,8.0797,8.1229,8.3742,8.0755,8.1373,7.6659,7.5053,8.5109,8.3245,7.6311,8.0749
 ENSMUSG00000053870,9.6276,9.6249,9.7238,9.3001,9.0535,9.2587,9.3902,9.5627,9.4858,9.4794,10.3211,9.6877
 ENSMUSG00000030766,12.8673,13.0569,12.8975,13.405,12.5112,12.4158,12.8915,12.7943,13.2796,13.2774,12.5676,12.8111
 ENSMUSG00000101963,7.3797,7.6493,7.1965,7.6581,7.3308,7.2735,7.4119,7.5841,7.7166,7.6348,7.0573,6.6325
 ENSMUSG00000080917,5.3768,5.2953,5.5903,5.3036,5.4832,5.3982,4.9565,5.4307,6.1171,5.6154,5.0867,5.0044
 ENSMUSG00000072582,9.554,9.4281,9.5709,9.7453,9.3724,9.3451,9.792,9.5652,9.5303,9.9066,10.379,10.1115
 ENSMUSG00000027309,9.7321,9.9265,9.7969,10.002,9.3927,9.3824,9.425,9.4305,9.9479,9.711,9.1249,9.1045
 ENSMUSG00000104074,5.6679,5.5866,6.0024,5.8001,5.5271,5.181,4.8873,5.2919,5.8081,5.6154,5.4417,5.2508
 ENSMUSG00000034640,10.459,10.5609,10.509,10.4327,9.8996,9.6193,10.0752,10.0866,10.4298,10.4756,10.6586,10.1346
 ENSMUSG00000000751,11.7235,11.5733,11.5694,11.6119,10.9637,10.926,11.2907,11.4013,11.6093,11.6857,12.0285,11.5451
 ENSMUSG00000042613,11.7976,11.9437,11.7073,12.0544,11.7788,11.6805,11.7272,11.9917,11.8763,11.9061,11.1134,11.0903
 ENSMUSG00000017837,9.5502,9.4649,9.5597,9.5796,9.2282,9.2088,9.6276,9.695,9.6865,9.8462,10.3629,9.9499
 ENSMUSG00000024712,10.318,10.3121,10.3278,10.4379,9.7615,9.5372,9.7215,10.0611,10.3445,10.4269,10.2913,9.9078
 ENSMUSG00000090247,9.3956,9.3238,9.4928,9.1708,8.7906,8.4959,9.1959,9.4305,9.5136,9.4562,9.4266,9.3882
 ENSMUSG00000028496,10.0918,10.0912,9.9501,9.8749,9.4408,9.3493,9.3273,9.4543,9.903,9.8072,9.68,9.2212
 ENSMUSG00000035585,8.7808,8.6352,8.7879,8.8029,8.186,8.1178,8.2867,8.4562,8.9471,8.9787,9.0212,8.729
 ENSMUSG00000025133,11.5337,11.5485,11.5198,11.7721,10.9501,10.9592,11.2355,11.3773,11.7103,11.7209,11.094,10.9877
 ENSMUSG00000028980,9.6405,9.5464,9.52,9.7397,9.2852,9.0786,9.2126,9.354,9.6312,9.6728,8.9129,8.8071
 ENSMUSG00000090881,7.7527,7.6932,7.6546,7.6521,6.8983,7.1441,7.5125,7.3672,7.5108,7.583,6.8442,7.1957
 ENSMUSG00000081811,5.5506,5.9785,5.6774,6.1307,5.7641,5.181,5.7076,5.386,5.962,5.8347,5.4021,5.1849
 ENSMUSG00000036768,9.5086,8.8944,9.1071,8.4989,8.7993,8.7641,9.1201,8.9775,8.7636,8.7946,9.5545,9.1278
 ENSMUSG00000047867,13.9545,13.8513,13.7623,13.6149,13.3216,13.4123,13.1742,13.4207,13.9721,14.1487,14.0165,13.7989
 ENSMUSG00000044067,8.2147,8.7487,8.7392,8.9605,8.307,8.3106,8.814,8.3132,9.122,8.9042,8.9332,8.5113
 ENSMUSG00000021928,7.6909,7.4653,7.5455,7.7334,7.165,7.0849,6.7464,7.1509,7.4671,7.5085,7.0197,6.998
 ENSMUSG00000022292,10.7547,10.8022,10.795,11.0491,10.2598,10.4188,10.543,10.5532,11.0184,11.1527,10.4512,10.2079
 ENSMUSG00000036067,9.2068,9.3836,9.2939,9.2655,8.7686,8.8845,8.6374,8.8988,9.221,9.0543,8.5104,8.5273
 ENSMUSG00000092192,5.6105,4.7982,5.7053,5.4807,5.1287,5.5257,5.408,5.5159,5.2967,5.7415,4.9243,5.7092
 ENSMUSG00000062906,10.9599,11.0541,10.9947,11.1815,10.4722,10.3906,10.9653,11.1625,11.2998,11.2755,11.3464,10.7596
 ENSMUSG00000048022,6.1533,6.2403,6.3556,6.1817,6.464,6.1515,6.2173,5.5159,5.962,6.3556,5.4802,6.1564
 ENSMUSG00000034958,5.0047,5.0703,4.9,5.5349,5.0072,5.0999,4.7362,5.0227,5.1399,5.6672,4.738,4.5962
 ENSMUSG00000027900,10.7809,10.7388,10.8256,10.6677,10.2295,10.0011,10.2421,10.0121,10.7098,10.6445,10.303,10.2009
 ENSMUSG00000035448,10.7203,10.759,11.3455,10.7396,10.9647,10.3005,10.7661,10.5532,10.348,10.4452,10.2419,10.7072
 ENSMUSG00000033379,10.8029,10.8084,10.8804,10.7424,10.5243,10.1668,10.8905,10.9023,11.0243,11.0167,11.4841,10.8456
 ENSMUSG00000078780,7.0327,6.9257,7.2532,6.6109,7.0958,6.2988,6.8867,6.357,6.7086,6.5172,6.4113,6.6678
 ENSMUSG00000031919,4.7315,4.5593,4.9972,3.9687,4.5515,4.3101,4.6531,4.075,4.4494,4.5956,4.738,4.9245
 ENSMUSG00000030322,10.628,10.6161,10.6251,10.717,10.1103,10.0913,10.0382,10.2128,10.7264,10.8343,10.4489,9.9955
 ENSMUSG00000032596,12.6955,12.7876,12.7181,12.7201,12.0623,12.0876,12.6355,12.6944,12.8688,12.9289,12.3601,12.1549
 ENSMUSG00000031821,8.3264,7.7567,8.1726,7.6699,7.3065,7.763,7.7507,7.7037,7.7059,8.1261,8.3534,7.9137
 ENSMUSG00000031103,11.9376,12.0738,11.9117,12.5424,11.8093,11.8198,11.5083,11.5972,12.0761,12.012,11.5343,11.4647
 ENSMUSG00000024146,9.4971,9.4633,9.6917,9.5446,9.1554,9.0532,9.7808,9.57,9.7161,9.7931,10.2324,9.764
 ENSMUSG00000038859,6.14,6.7596,6.4398,7.0442,6.1153,6.1898,6.4394,6.2144,6.4369,6.6497,6.0597,6.0881
 ENSMUSG00000049299,9.4298,9.1636,9.4612,9.0079,8.9438,8.598,9.1992,9.3427,9.1868,9.3955,9.7674,9.5331
 ENSMUSG00000095687,8.6029,8.3014,8.7847,8.4448,8.1591,7.9178,8.8357,8.161,8.8117,8.6699,8.7957,8.3694
 ENSMUSG00000033610,8.2365,8.4842,8.3167,8.4517,7.892,7.5608,7.9629,8.1738,8.4418,8.3479,8.7081,8.2549
 ENSMUSG00000026637,12.4295,12.627,12.4609,12.7917,12.4715,12.8474,12.1195,11.9542,12.6658,12.5757,11.9955,12.0963
 ENSMUSG00000020156,11.1681,11.2951,11.2117,11.4278,10.8953,10.8526,11.0869,11.191,11.3461,11.2912,12.0135,11.5746
 ENSMUSG00000031792,9.345,9.2302,9.2106,9.1915,9.0859,8.7704,9.3606,9.5308,9.4301,9.474,10.0615,9.4815
 ENSMUSG00000004642,11.1587,11.1133,11.1171,11.1544,10.8953,10.8862,11.2116,11.0885,11.1669,11.1654,12.0523,11.5037
 ENSMUSG00000042229,9.6671,9.7339,9.6129,9.7688,9.561,9.3659,9.9829,9.9742,9.749,9.7701,10.5311,10.1788
 ENSMUSG00000039753,11.9204,11.9741,11.9987,12.1154,11.6938,11.7947,12.1631,12.1153,12.2653,12.3574,12.851,12.3737
 ENSMUSG00000024851,11.2745,11.4267,11.3177,11.7018,11.4051,11.3219,11.2248,11.2853,11.6108,11.6085,10.6767,10.7877
 ENSMUSG00000057229,10.9986,10.9935,10.8154,11.0389,10.4405,10.4027,10.5298,10.9346,11.0853,11.2699,10.4894,10.4436
 ENSMUSG00000027132,8.8039,8.9564,8.9392,8.8762,8.5381,8.6465,9.0879,8.8197,9.0071,9.0182,9.7369,9.2446
 ENSMUSG00000001054,10.2121,10.1534,10.1862,10.2876,9.6088,9.4963,9.9415,9.9888,10.437,10.4269,10.3716,10.2983
 ENSMUSG00000021720,5.723,5.6103,5.8618,5.7555,5.6895,5.7498,5.3592,5.3398,6.0331,5.9637,4.9807,5.3438
 ENSMUSG00000002109,9.9883,10.0716,9.9155,9.8685,9.4184,9.3535,9.47,9.8363,10.1366,10.1617,9.7312,9.3473
 ENSMUSG00000030336,8.6196,8.9154,8.7491,9.2058,8.7862,8.9355,8.4191,8.6052,8.9539,8.6194,8.0833,8.3587
 ENSMUSG00000043644,6.8503,6.8402,6.721,7.1326,6.3962,6.4322,7.0594,7.2267,7.1884,7.3312,6.6928,6.7578
 ENSMUSG00000108367,5.4224,5.3531,4.9972,5.9057,4.8002,5.181,5.0222,4.8972,5.4369,5.4471,5.0867,5.1157
 ENSMUSG00000047617,8.8691,8.9452,8.7524,8.9165,8.251,8.3362,8.8183,8.9331,8.9874,9.186,9.3201,8.9937
 ENSMUSG00000038208,7.3108,7.3602,7.1575,7.4262,6.8983,6.9804,7.2136,7.3103,7.5291,7.8638,7.8322,7.67
 ENSMUSG00000036825,7.5387,6.9441,7.0117,6.9105,6.5907,6.3671,6.6513,6.5668,6.782,6.839,7.1297,6.7468
 ENSMUSG00000083282,5.9848,6.3411,6.266,6.3246,5.8349,5.987,5.8535,5.7436,6.2269,6.3711,5.4021,5.732
 ENSMUSG00000035713,7.8927,8.0335,7.9454,8.0005,7.6141,7.5608,7.5963,7.622,8.2819,7.9735,7.176,7.4856
 ENSMUSG00000044629,7.8729,8.042,7.887,8.1261,7.8167,7.4083,7.555,7.9615,8.0354,8.1351,7.1414,7.7155
 ENSMUSG00000091896,11.3338,11.35,11.3303,11.6716,10.9013,10.7166,11.3687,11.3174,11.5434,11.5733,11.7844,11.5665
 ENSMUSG00000097833,5.2299,5.6563,5.5289,5.6858,5.0072,5.3297,5.0222,5.1371,5.6579,5.4471,4.9243,4.8392
 ENSMUSG00000023044,8.2911,8.6154,8.4355,8.5858,7.9322,7.8835,8.5244,8.4666,8.676,8.4418,7.9958,7.8692
 ENSMUSG00000054452,11.9166,11.7575,11.7611,11.7015,11.2753,11.0235,11.0382,11.5859,11.671,11.828,11.7779,11.4097
 ENSMUSG00000039178,7.1492,7.217,7.2061,7.1154,6.882,6.6114,6.8006,6.6972,7.3275,7.2252,6.3312,6.8424
 ENSMUSG00000072664,7.3571,7.5867,7.3773,7.8985,7.165,7.2195,7.1732,6.7149,7.5047,7.7392,7.4641,7.3765
 ENSMUSG00000020745,12.5997,12.6415,12.6943,12.7576,12.213,12.261,12.6582,12.6836,12.8022,12.8539,13.413,12.8716
 ENSMUSG00000027339,13.1386,13.2129,13.0608,13.4239,12.6401,12.7498,12.4173,12.7142,13.2318,13.2578,13.1894,12.9938
 ENSMUSG00000056508,5.5301,5.5626,5.5599,5.7095,4.873,5.0135,5.408,5.0811,5.6803,5.2549,5.8731,5.4585
 ENSMUSG00000024798,4.9417,4.3887,4.9972,4.4988,4.2344,4.4604,4.3616,4.203,4.5604,4.4073,3.8746,4.5411
 ENSMUSG00000016087,12.6595,12.5603,12.4706,12.6215,12.0722,12.1118,11.7846,12.1737,12.6256,12.8257,12.3154,12.2801
 ENSMUSG00000026341,14.0203,14.0476,14.2051,14.2082,13.7095,13.5931,14.0131,13.9455,14.207,14.2206,14.7721,14.3415
 ENSMUSG00000023074,8.2021,8.1833,8.3646,8.3038,7.7281,7.6036,8.0472,7.677,8.3418,8.4777,8.4028,7.9569
 ENSMUSG00000014470,9.6087,9.6064,9.742,9.6559,9.4874,9.3451,9.6498,9.6972,9.7108,9.64,10.5389,10.0374
 ENSMUSG00000049092,7.7484,8.1679,7.8136,7.9284,7.2818,7.7755,7.7322,7.5154,7.7113,7.5428,8.2274,7.2431
 ENSMUSG00000032328,11.5096,11.5191,11.6505,11.5872,10.7568,10.9385,11.3545,11.2298,11.6307,11.5201,11.7774,11.2887
 ENSMUSG00000022372,12.609,12.7813,12.725,13.0136,12.1526,12.4629,12.4198,12.2202,12.7588,13.0676,12.9476,12.4201
 ENSMUSG00000001891,10.349,10.1978,10.4161,10.3376,9.8396,9.6637,10.3242,10.3514,10.2604,10.4177,10.8514,10.4827
 ENSMUSG00000021592,9.2835,9.3936,9.3831,9.2078,8.6864,8.598,9.1619,9.317,9.4669,9.4847,9.5325,9.0612
 ENSMUSG00000026623,12.3995,12.5245,12.4453,12.6939,11.9153,11.8991,12.1283,12.3113,12.5945,12.6418,12.8794,12.364
 ENSMUSG00000079557,10.0994,9.9413,10.0101,10.4997,9.777,9.8318,10.0003,10.2128,10.1564,10.8712,9.9792,10.1636
 ENSMUSG00000040363,11.8452,11.9131,11.706,12.0695,11.3446,11.4307,11.0288,11.5441,11.9052,11.9676,11.7816,11.6205
 ENSMUSG00000023965,10.0746,10.3191,10.1886,10.4964,9.7368,9.7068,9.9515,9.7956,10.411,10.2359,10.0919,9.5504
 ENSMUSG00000024098,10.1437,10.038,10.1531,10.1718,9.8771,9.7035,10.1722,10.2926,10.1055,10.2463,9.6999,9.2639
 ENSMUSG00000037649,12.4808,12.2972,12.4354,12.0917,11.8767,11.5048,11.9429,12.2912,12.4203,12.4402,12.4318,12.0649
 ENSMUSG00000018585,9.1456,8.9699,9.1524,9.2098,8.8877,8.2846,9.4756,9.3568,9.1675,9.1707,8.8819,9.0368
 ENSMUSG00000034297,14.2026,14.2914,14.1713,14.5209,13.6911,13.7983,14.0125,13.9606,14.4625,14.5169,14.6471,14.1894
 ENSMUSG00000062960,7.4507,7.4071,7.6824,7.5011,7.6337,7.6722,7.4003,6.9116,7.6512,7.88,7.1646,8.0261
 ENSMUSG00000055271,6.5441,6.4863,6.3381,6.6948,5.8,5.9427,6.528,6.2875,6.4107,6.6497,6.8585,6.482
 ENSMUSG00000054626,7.0955,6.8005,7.5072,7.1154,6.8983,6.7955,6.6901,6.7496,6.955,6.9963,6.3312,7.2586
 ENSMUSG00000085361,6.3274,6.8105,6.7344,7.3398,6.464,6.2634,6.5063,6.6241,6.9367,6.8934,6.5054,6.534
 ENSMUSG00000090225,6.8008,6.5716,6.7344,6.6109,6.7437,6.3671,6.0167,6.4447,6.3974,6.4165,5.9013,6.0347
 ENSMUSG00000025094,8.199,8.1404,7.9737,8.2377,7.8756,8.1756,8.3664,8.0886,8.4673,8.7277,8.9026,8.4656
 ENSMUSG00000028675,12.3429,12.1698,12.2746,12.1575,11.7783,11.6962,12.1428,12.1581,12.3662,12.4544,12.8441,12.3731
 ENSMUSG00000054893,7.8848,8.2062,7.8989,8.0692,7.574,7.4083,7.5339,7.6032,7.9337,8.1396,7.4167,7.3906
 ENSMUSG00000076541,6.9059,6.7176,6.6939,6.4266,6.0868,6.6392,6.3692,6.7149,6.6426,6.9458,7.2644,6.7794
 ENSMUSG00000027869,4.6112,5.1049,5.0875,5.0622,4.3505,4.4604,4.8873,4.3167,4.5604,4.3368,4.5181,4.7477
 ENSMUSG00000035342,6.1266,6.0487,5.8862,5.9847,6.2499,5.8006,5.6686,6.2144,5.8482,5.4766,5.2311,5.9602
 ENSMUSG00000069911,11.8596,12.2903,12.0623,12.3315,11.7048,11.7359,11.582,11.6969,12.2507,12.1099,11.526,11.5677
 ENSMUSG00000035840,9.674,9.6681,9.93,9.6897,9.3219,9.138,9.6571,9.5772,9.7696,9.8666,10.3541,9.6877
 ENSMUSG00000018387,6.396,6.8693,6.6801,7.0979,6.3491,6.8677,6.4844,6.1635,6.7193,6.839,6.2243,6.3285
 ENSMUSG00000094533,4.7691,4.3887,4.618,4.7653,4.1036,4.5931,4.113,3.9271,4.6121,4.8554,4.6691,4.5962
 ENSMUSG00000034327,9.0381,9.1713,9.1524,9.3707,8.7993,8.8671,9.2421,9.2642,9.3569,9.2661,9.8989,9.6117
 ENSMUSG00000035268,11.3014,11.3079,11.2539,11.5856,11.017,11.242,11.148,11.1292,11.4553,11.5861,12.1222,11.6141
 ENSMUSG00000024936,4.8755,5.2035,5.172,5.3653,5.1287,4.821,4.6531,4.5137,5.3259,5.4766,4.8032,5.0425
 ENSMUSG00000032815,10.2705,10.2409,10.2489,10.5462,9.7368,9.9578,10.0213,9.8543,10.4894,10.5972,10.6555,10.2168
 ENSMUSG00000047108,6.113,6.2253,6.0889,6.5606,5.8349,5.5257,6.1348,5.7782,6.3566,6.2082,6.5235,6.0881
 ENSMUSG00000000409,9.8738,9.894,9.8725,9.9152,9.6907,9.9329,9.0951,9.3199,10.1416,9.6288,9.4479,9.5906
 ENSMUSG00000059713,8.1669,8.1948,8.2064,8.4721,7.979,7.9402,7.6852,7.5551,8.3418,8.3479,7.7733,7.7266
 ENSMUSG00000056073,6.3038,6.409,6.1302,6.6713,5.9976,6.03,5.921,5.7782,6.5615,6.4314,5.9561,5.8194
 ENSMUSG00000045176,8.5367,8.4905,8.4436,8.5055,8.0094,8.0265,8.5871,8.7826,8.761,8.8989,8.9598,8.6464
 ENSMUSG00000078350,6.5934,6.3411,6.19,6.2785,6.3004,6.0717,6.1062,6.2875,5.962,6.2591,7.0696,6.6206
 ENSMUSG00000025423,10.6356,10.7198,10.749,10.9269,10.2343,10.3701,10.6362,10.6773,10.9368,10.9422,11.3924,10.9074
 ENSMUSG00000033102,9.0022,9.1752,9.0813,9.3451,9.0166,9.0887,8.8697,8.8794,9.1849,9.0496,8.3229,8.4387
 ENSMUSG00000106309,5.3053,5.3245,5.3263,5.5081,5.4832,5.0999,5.3087,5.0227,5.4369,5.6416,5.8149,6.1055
 ENSMUSG00000034177,7.9765,7.9813,7.7429,7.7334,7.4127,7.763,7.1868,7.356,7.7482,7.138,7.95,7.7811
 ENSMUSG00000073684,8.7616,8.6741,8.7879,8.8426,8.0465,8.0576,8.3301,8.381,8.7455,8.8031,8.8784,8.5337
 ENSMUSG00000029713,11.7707,11.6823,11.6835,11.9549,11.3107,11.0051,11.2598,11.4275,11.7368,11.8507,11.3093,11.2205
 ENSMUSG00000021572,8.5665,8.6097,8.4836,8.4721,7.8081,7.9732,8.6716,8.5523,8.7662,8.8228,8.5372,8.4387
 ENSMUSG00000025192,9.2925,9.3291,9.4165,9.9808,9.3128,9.3367,9.0061,9.0241,9.6811,9.7643,9.1684,9.1569
 ENSMUSG00000032640,11.6605,11.5983,11.6019,11.5112,11.2131,11.2554,11.4162,11.5642,11.5513,11.5947,12.3657,11.8689
 ENSMUSG00000101656,5.3534,5.3811,5.4647,5.8001,5.6107,4.7123,5.408,5.6344,5.8872,5.6154,5.6576,5.4585
 ENSMUSG00000005949,9.0869,9.1733,9.2389,9.2478,8.5639,8.6328,8.9634,8.948,9.3789,9.3362,8.7883,8.565
 ENSMUSG00000022377,11.3432,11.4005,11.2813,11.637,11.1616,11.1272,10.9384,11.0378,11.3893,11.4263,10.5952,10.7904
 ENSMUSG00000027997,9.0574,8.8659,8.9218,8.909,8.5993,8.5406,8.6716,8.7784,8.7992,8.8641,8.2219,8.0529
 ENSMUSG00000051457,10.5363,10.369,10.3135,10.5022,10.375,10.3069,9.9829,10.1591,10.3676,10.4333,9.5033,9.9175
 ENSMUSG00000038323,8.5787,8.7038,8.7159,8.6618,8.2824,8.185,9.0061,8.9217,8.7636,8.7889,9.302,8.6552
 ENSMUSG00000031833,11.1925,11.4738,11.2785,11.9488,10.8779,11.0623,11.1004,11.1736,11.569,11.5261,11.4864,11.0505
 ENSMUSG00000022978,8.8651,8.7225,8.7359,8.6559,8.2762,8.088,8.9315,9.0099,8.9174,8.82,9.1367,8.6783
 ENSMUSG00000048497,9.2426,9.3481,9.2621,9.4223,8.5943,8.7704,8.827,9.0624,9.3101,9.4086,9.5762,9.1793
 ENSMUSG00000040669,9.282,9.2578,9.1424,9.6106,8.9478,8.8375,8.9946,9.3083,9.509,9.729,9.7038,9.4683
 ENSMUSG00000017146,9.4406,9.0073,8.9955,8.8838,8.9864,8.7952,8.9475,9.2186,8.9289,9.0872,9.8781,9.2133
 ENSMUSG00000070462,9.6276,9.7034,9.5912,9.6998,9.2852,9.1331,9.3695,9.6105,9.5969,9.7394,10.3478,9.6117
 ENSMUSG00000029254,12.8111,12.913,12.7837,12.894,12.4644,12.4581,12.3893,12.4189,13.0575,13.0764,13.2896,12.945
 ENSMUSG00000020948,10.0458,10.2016,10.2396,10.278,9.873,9.6871,10.463,10.526,10.2857,10.2893,10.8281,10.1687
 ENSMUSG00000031168,9.345,9.14,9.2598,9.0605,8.8166,8.5109,8.9673,9.1164,9.1538,9.2885,9.6639,9.4194
 ENSMUSG00000042029,10.0299,9.7365,10.1862,9.6044,9.4766,9.2226,9.4839,9.2309,9.389,9.3264,9.5719,9.6207
 ENSMUSG00000000378,11.9628,12.0363,11.9914,12.2745,11.6666,11.601,11.8463,12.0556,12.2963,12.3801,11.6931,11.4413
 ENSMUSG00000102748,5.6105,5.7227,5.5903,5.4242,5.1287,5.987,5.408,5.0227,5.4892,5.5056,4.9807,5.6626
 ENSMUSG00000009630,9.6264,9.3752,9.5447,9.4569,9.2443,9.1428,9.6932,9.6883,9.5197,9.6526,10.2847,9.8453
 ENSMUSG00000094029,5.5506,5.3531,5.9338,5.7095,5.0072,5.4635,5.5871,5.2919,5.7668,5.879,5.7848,6.0165
 ENSMUSG00000063810,10.0236,10.0036,9.9315,10.009,9.5377,9.6124,9.3485,9.4385,10.0932,10.0494,10.3004,9.8209
 ENSMUSG00000026156,8.1407,8.2473,8.2672,8.424,7.7907,7.9065,8.0322,8.0194,8.6344,8.4988,8.6147,7.8284
 ENSMUSG00000032591,8.3999,8.5212,8.2672,8.4956,8.0094,8.016,7.6464,7.6589,8.2639,8.1751,8.1485,7.8438
 ENSMUSG00000037370,10.6812,10.757,10.8418,10.8613,10.464,10.6688,10.3485,10.3086,10.77,10.7547,10.0098,10.0836
 ENSMUSG00000026737,11.6867,11.6483,11.6967,11.7307,11.3327,11.1465,10.9682,10.9862,11.412,11.3768,11.0247,11.0973
 ENSMUSG00000033083,8.5836,8.6239,8.8132,8.5187,8.5892,8.4576,8.4191,8.0613,8.6977,8.6945,7.7582,8.3658
 ENSMUSG00000094595,6.3506,6.2551,5.8862,6.4405,6.0279,5.8969,5.408,5.8119,6.3288,6.2082,6.0345,5.8194
 ENSMUSG00000060681,9.1505,9.2171,9.2598,9.4065,8.6191,8.5624,8.9946,9.0555,9.3586,9.3006,9.5258,9.0143
 ENSMUSG00000041390,10.6732,10.569,10.6116,10.5389,10.1919,10.0378,9.8865,9.9447,10.2722,10.3094,10.7396,10.5563
 ENSMUSG00000026600,11.8389,11.9052,11.887,11.9129,11.2939,11.0826,11.4872,11.3445,11.8766,11.7839,11.9642,11.6489
 ENSMUSG00000040502,6.0994,5.9964,6.0677,6.4544,5.6107,6.0717,5.8535,6.0275,6.3428,6.3242,6.6928,5.8611
 ENSMUSG00000047090,8.0022,8.1756,7.9905,8.4064,7.7553,7.8124,8.0546,8.4404,8.3314,8.4235,7.5632,7.8076
 ENSMUSG00000041995,7.5437,7.3872,7.4916,7.5404,7.0379,7.2377,6.6513,7.3219,7.2263,7.7392,7.4071,7.6526
 ENSMUSG00000033863,7.3684,7.4589,7.1575,7.4608,7.4353,7.291,6.5703,6.8329,6.9275,7.3928,7.0573,6.9028
 ENSMUSG00000102301,6.4399,6.0991,6.5038,6.1132,5.438,5.9427,6.0471,6.357,6.3288,6.2756,6.4685,6.1729
 ENSMUSG00000053730,8.0416,7.8372,7.9905,8.3523,7.5942,7.929,7.8479,7.9317,7.9519,8.0471,8.6722,8.4217
 ENSMUSG00000103332,5.2555,5.3531,5.1304,5.5613,4.7228,5.0135,5.3087,5.877,5.3259,5.3544,5.5539,5.1157
 ENSMUSG00000104819,5.3534,5.3811,5.3972,5.4242,4.873,5.3297,5.2561,5.4307,5.6579,5.6154,6.1087,5.6626
 ENSMUSG00000081463,4.7691,5.2035,5.0431,4.9433,5.1287,4.3101,4.3616,4.6008,4.9996,4.5956,4.6691,4.5962
 ENSMUSG00000029832,9.162,9.3028,9.2505,9.6425,8.8336,9.1667,9.425,9.162,9.3432,9.5004,10.0066,9.5059
 ENSMUSG00000037824,10.7893,10.7388,10.9297,11.0843,10.1853,10.2227,10.6955,10.6317,11.0124,11.0093,10.6927,10.477
 ENSMUSG00000019791,8.031,8.0462,8.1775,8.0781,7.6627,7.1823,7.9065,7.9615,8.1304,8.1838,8.1657,7.7043
 ENSMUSG00000038250,11.7519,11.7462,11.7157,11.7413,11.434,11.5188,11.793,11.7994,11.8034,11.8105,12.6296,11.9817
 ENSMUSG00000081895,5.6865,4.9983,5.6774,5.4527,5.438,4.9209,5.1443,5.6718,5.6803,5.5056,5.8443,5.5125
 ENSMUSG00000073982,10.5027,10.3485,10.3398,10.6595,10.0997,9.7675,9.9274,10.1365,10.3176,10.4685,9.7899,9.926
 ENSMUSG00000017774,13.2152,13.3595,13.217,13.6261,12.8515,12.8213,13.0121,13.0679,13.5248,13.7509,13.389,13.1343
 ENSMUSG00000044703,8.3972,7.9725,8.1279,7.8103,7.4685,7.5608,8.1408,7.5254,7.6623,8.1351,8.0526,7.9039
 ENSMUSG00000024758,10.9368,10.9924,11.0166,11.3137,10.5873,10.4346,10.5311,10.4843,11.0556,10.9601,10.7539,10.4309
 ENSMUSG00000006476,8.9839,9.0689,9.0229,8.9796,8.3192,8.4022,8.7786,8.7909,9.13,9.2329,8.7081,8.5305
 ENSMUSG00000027514,10.7059,10.3139,10.6794,10.4152,10.0909,10.2918,10.0531,9.9391,10.1485,10.5458,10.0002,9.8039
 ENSMUSG00000022723,9.9586,10.1729,9.9964,10.2876,9.8626,9.8137,9.5218,9.5108,10.1593,10.1328,9.6081,9.4466
 ENSMUSG00000022906,11.6341,11.3876,11.6453,11.4871,10.9214,10.7954,11.3218,11.2252,11.3082,11.7611,11.237,11.0703
 ENSMUSG00000047824,9.7763,9.8118,9.7681,10.0067,9.2664,9.2675,9.903,9.9779,9.9204,9.9848,10.2926,9.7973
 ENSMUSG00000035062,6.952,7.1788,7.0968,6.5477,6.65,6.1515,6.9197,7.1115,6.8996,6.8279,7.106,6.9223
 ENSMUSG00000059248,11.4342,11.3539,11.3423,11.4529,11.0318,10.8789,10.9404,11.1957,11.0424,11.0439,10.6687,10.5438
 ENSMUSG00000029923,8.7046,8.6068,8.6682,8.4517,8.1992,7.984,7.8817,8.4351,8.6705,8.6543,8.3331,8.0705
 ENSMUSG00000082515,5.1771,5.4619,5.172,5.6858,5.1855,4.5931,5.0847,5.1371,5.5881,5.4471,5.4417,5.0796
 ENSMUSG00000022436,10.1811,10.1661,10.0399,10.2819,9.6977,9.7165,9.7284,9.9687,10.2494,10.1814,10.6565,10.3983
 ENSMUSG00000021576,10.0083,9.8413,9.9825,9.6722,9.7162,9.4811,9.8378,9.8896,9.9308,9.9697,10.6747,10.1346
 ENSMUSG00000014956,12.2515,12.1572,12.1966,12.6443,11.9524,11.9991,12.4567,12.2314,12.2394,12.7052,12.9064,12.509
 ENSMUSG00000021203,8.7744,8.7461,8.7193,9.065,8.2253,8.2581,8.481,8.5376,8.7841,9.2287,8.7658,8.5866
 ENSMUSG00000038582,10.759,10.8392,10.8178,11.0688,10.464,10.5628,10.6125,10.5882,10.969,10.9544,11.5563,10.8501
 ENSMUSG00000019054,10.8221,10.645,10.9968,10.5904,10.6775,10.3091,10.9593,11.0918,10.8951,10.9958,11.4452,11.0499
 ENSMUSG00000028559,12.441,12.3729,12.3605,12.3495,11.7881,11.8303,11.8569,11.8816,12.3386,12.4311,11.9756,11.7052
 ENSMUSG00000021189,10.8081,10.8059,10.817,11.0291,10.388,10.341,10.6188,10.5786,10.934,11.0318,11.3261,11.0681
 ENSMUSG00000042506,10.7681,10.7667,10.5889,10.8529,10.4377,10.5428,10.7074,10.8907,10.8786,10.8973,11.5254,11.1791
 ENSMUSG00000037942,7.4184,7.9635,7.7363,8.1517,7.4013,7.7376,7.7136,7.2869,7.9383,7.9066,7.4263,7.3039
 ENSMUSG00000079071,9.1587,9.3583,9.1499,9.1156,8.8837,8.8195,8.8183,8.5862,9.2798,9.1508,8.656,8.4522
 ENSMUSG00000049470,13.1309,13.3127,13.1876,13.3546,12.8383,13.24,12.7329,12.7721,13.3111,13.3893,12.906,12.5208
 ENSMUSG00000042737,8.6889,8.4204,8.6367,8.3264,8.2253,8.0473,8.7964,9.1164,8.6484,8.7688,8.7276,8.4455
 ENSMUSG00000029204,12.5599,12.7155,12.6299,12.952,12.1368,12.2482,12.2942,12.451,12.8897,12.9751,12.5963,12.2374
 ENSMUSG00000041912,6.8824,6.7699,7.0226,6.9979,6.6305,6.2988,6.9033,7.0981,6.6313,6.3556,7.106,7.1714
 ENSMUSG00000021486,11.2372,10.8604,10.9597,10.8227,10.7779,10.5039,10.9344,11.1284,10.9317,11.0498,11.6266,11.323
 ENSMUSG00000075420,7.3571,7.5393,7.2157,7.8935,7.1785,6.7706,7.0295,7.1639,7.5827,7.2421,7.2644,7.096
 ENSMUSG00000011831,9.7354,9.7791,9.707,9.7716,9.2727,9.2226,9.1272,9.1064,9.6674,9.8894,9.5191,9.2291
 ENSMUSG00000036908,13.845,13.8406,13.7372,13.7334,13.3569,13.1591,13.6493,13.8811,13.6887,13.8014,14.3344,13.9191
 ENSMUSG00000029196,9.9236,9.9504,9.822,10.0992,9.5737,9.6838,9.605,9.6385,9.9285,10.0847,10.5553,10.2266
 ENSMUSG00000031953,7.6727,7.6212,7.6961,7.7049,7.1239,7.291,7.0887,7.1893,7.5886,7.5961,7.5279,6.8527
 ENSMUSG00000005699,6.8744,6.7802,6.8494,6.785,6.464,6.1515,6.7464,6.7323,6.9459,6.771,7.3973,6.7468
 ENSMUSG00000028657,11.6671,11.4186,11.7157,11.4905,11.052,10.9147,11.1463,11.1044,11.3838,11.6429,10.9684,11.0626
 ENSMUSG00000017767,5.3296,5.1386,5.2513,5.2055,4.873,5.2574,4.3616,4.8295,5.1062,4.758,5.1847,4.7477
 ENSMUSG00000038646,9.2162,9.4506,9.5447,9.5366,9.0054,8.7641,9.3606,9.1394,9.6424,9.6959,9.682,9.3688
 ENSMUSG00000048481,7.8408,8.0879,7.7883,8.2337,7.3782,7.3425,7.5232,7.6313,7.8872,7.7568,7.6881,7.3114
 ENSMUSG00000002396,10.2781,10.4073,10.2078,10.2838,9.9277,9.7423,10.2421,10.5642,10.2567,10.2494,10.9021,10.1574
 ENSMUSG00000020823,9.7858,9.8703,9.9169,10.178,9.693,9.5948,9.4335,9.2186,9.8627,9.9469,9.5213,9.2828
 ENSMUSG00000030282,9.9492,9.8987,9.9501,10.1655,9.4212,9.3946,9.5821,9.5308,9.9748,10.3124,9.758,9.7117
 ENSMUSG00000033685,13.5276,13.522,13.5165,13.9834,13.1711,12.9347,13.1307,13.2396,13.5655,13.786,13.4459,13.3732
 ENSMUSG00000038861,11.5213,11.5962,11.5408,11.7566,11.0337,11.0763,11.3605,11.4467,11.7002,11.7243,12.0542,11.7178
 ENSMUSG00000028199,7.1623,6.8597,7.2988,7.2159,6.6107,6.5247,6.6901,6.942,7.1255,6.8279,6.4497,6.6206
 ENSMUSG00000074277,9.1257,9.202,9.0092,9.5333,8.8251,8.8787,8.814,9.0417,9.4366,9.4289,8.7883,8.6523
 ENSMUSG00000069237,9.7189,9.7128,9.629,9.9127,9.1246,8.9794,9.4617,9.3763,9.7748,9.8707,9.7097,9.4978
 ENSMUSG00000007950,8.3944,8.2473,8.1775,8.2015,7.9558,7.7118,8.4133,8.7446,8.2565,8.2434,8.7468,8.2198
 ENSMUSG00000082986,5.9996,6.0825,5.9102,6.2309,5.9023,6.1898,5.921,5.7782,6.2568,6.1374,5.1847,6.0706
 ENSMUSG00000047878,7.1623,7.171,7.4026,7.0166,7.1239,7.044,6.7647,6.8807,6.909,6.6623,6.6275,7.5991
 ENSMUSG00000078945,10.2347,10.2205,10.299,9.853,9.9572,9.8167,9.8802,9.6499,9.9227,9.8894,9.249,9.6977
 ENSMUSG00000045064,6.5033,6.4352,6.1504,6.4544,6.1976,5.987,6.5493,6.7835,6.3974,6.4314,6.9005,6.9223
 ENSMUSG00000076607,8.2731,8.459,8.2348,8.1851,7.7642,8.0779,7.6947,8.6922,8.2783,8.3363,8.5013,8.0485
 ENSMUSG00000083045,4.8056,4.8408,4.618,4.9011,4.7228,4.821,3.9606,4.5137,5.1399,4.5956,4.5181,4.7477
 ENSMUSG00000047843,7.8966,7.871,7.9339,8.3523,8.1659,7.3921,7.5655,7.4326,7.8966,8.0566,7.7733,7.6585
 ENSMUSG00000053898,10.3626,10.29,10.4437,10.0332,9.8626,9.515,10.0232,10.251,10.3693,10.3822,10.0241,9.7854
 ENSMUSG00000066621,10.9277,11.2085,10.9745,11.1985,10.7444,10.9997,10.7537,10.927,11.3143,11.0038,10.4382,10.3825
 ENSMUSG00000002458,11.5308,11.4392,11.4261,11.5608,10.9627,10.9217,11.2265,11.369,11.5234,11.5774,11.9426,11.6893
 ENSMUSG00000071648,7.3628,7.1554,7.2346,7.2946,6.5497,6.9804,6.9033,7.3103,7.3552,7.5697,7.0573,6.7794
 ENSMUSG00000003199,10.2066,10.1246,10.3135,10.1759,9.6766,9.4773,10.0494,10.4506,10.3514,10.3487,10.1581,9.9452
 ENSMUSG00000032046,10.7809,10.8009,10.8387,10.8101,10.4265,10.0117,10.5231,10.5726,10.816,10.9085,10.2913,10.2624
 ENSMUSG00000025933,5.5908,5.701,5.5599,5.8433,5.3426,5.2574,5.7076,5.7436,5.2967,5.5616,4.8032,5.3438
 ENSMUSG00000032737,9.3478,9.4728,9.437,9.7453,9.0571,8.8256,9.1307,9.093,9.3654,9.6447,9.5567,9.7033
 ENSMUSG00000018796,10.0263,9.9334,9.9839,10.2168,9.7548,9.6019,9.6101,9.81,9.8151,10.3496,10.4641,10.2767
 ENSMUSG00000029863,11.3374,11.2964,11.283,11.4191,10.9094,10.8717,11.4483,11.4434,11.4537,11.6385,11.9393,11.4812
 ENSMUSG00000017057,8.2731,8.2362,8.4067,7.9135,8.4131,8.2846,8.062,7.5452,8.1814,8.3126,7.8031,8.54
 ENSMUSG00000037568,6.6222,6.8304,6.5347,6.4952,6.0868,6.5831,5.921,6.1635,6.3428,6.5172,6.0088,6.6325
 ENSMUSG00000039087,11.6991,11.8906,11.7052,12.2733,11.6708,11.7367,11.4447,11.6542,11.8653,11.8708,11.2322,11.2603
 ENSMUSG00000106372,4.6112,4.9607,4.4837,4.6657,4.1036,4.821,4.814,4.6008,5.0716,5.0302,5.0867,4.8825
 ENSMUSG00000055170,4.6112,4.3255,4.1542,4.6126,4.3505,4.5931,4.2447,4.3167,4.962,4.9887,4.3444,4.1376
 ENSMUSG00000023367,7.5977,7.4904,7.4026,7.232,7.4353,7.6451,7.2136,6.8002,7.3688,7.4226,6.7399,7.4921
 ENSMUSG00000029053,8.0731,8.1717,7.887,7.8783,7.2942,7.6855,7.5016,7.356,7.9013,7.6538,7.5805,7.3976
 ENSMUSG00000080971,4.5237,5.0348,4.618,4.5571,4.3505,4.3101,4.4672,4.7579,4.7993,5.1095,4.1375,4.5962
 ENSMUSG00000024248,12.3079,12.1082,12.3313,11.859,12.0372,11.6986,11.8675,11.9556,12.2507,12.3087,11.7722,11.4166
 ENSMUSG00000031325,6.3157,6.8005,6.7737,7.1412,6.3728,6.5831,6.6901,6.2392,6.8023,6.9662,6.6275,6.2836
 ENSMUSG00000031950,9.9169,9.9717,10.0291,10.075,9.3459,9.3325,9.7808,9.8181,9.9793,10.3203,9.8676,9.6777
 ENSMUSG00000061371,9.423,9.6021,9.4532,9.5023,9.0016,9.2542,9.7215,9.6636,9.7411,9.726,10.1495,9.46
 ENSMUSG00000078502,10.5649,10.1729,10.3964,10.0113,9.7481,9.8526,9.9673,10.2419,10.0056,10.3822,10.6667,10.3233
 ENSMUSG00000079484,8.358,8.6352,8.2854,8.762,8.2824,8.5332,8.39,7.7976,8.5171,8.5265,7.9958,8.0216
 ENSMUSG00000037580,8.5492,8.6464,8.6331,8.5732,8.1793,8.1943,8.1956,8.3755,8.6344,8.7688,8.0464,7.8742
 ENSMUSG00000074166,9.5239,9.7021,9.6537,9.6529,9.3098,9.2271,9.8162,9.7935,9.7464,9.7215,10.3654,9.8131
 ENSMUSG00000017561,12.534,12.7063,12.6118,12.8337,12.0042,12.2582,12.3071,12.3055,12.8509,12.7852,12.4809,12.1224
 ENSMUSG00000038543,9.7827,9.5963,9.6272,9.5462,9.128,8.9576,9.1272,9.093,9.696,9.6573,9.6207,9.5331
 ENSMUSG00000081451,6.4613,6.8105,6.55,6.8386,6.3491,6.1898,6.7828,6.5862,7.017,7.016,7.106,6.5964
 ENSMUSG00000029775,9.8005,9.8377,9.7584,9.9808,9.4928,9.5038,9.9355,9.9372,9.9659,10.053,10.5166,10.2442
 ENSMUSG00000020308,8.2365,7.8805,8.0449,7.7221,8.0683,7.6036,7.7868,8.1546,8.0482,8.0708,8.7002,8.1718
 ENSMUSG00000031586,7.7742,7.8994,7.515,7.9673,7.6239,7.7248,7.2786,7.0433,7.9245,7.842,7.7118,7.3976
 ENSMUSG00000031875,8.1473,8.1833,8.3387,8.1261,8.251,7.6987,7.7868,7.7037,7.6288,7.5896,7.6144,7.7099
 ENSMUSG00000052681,12.6083,12.5194,12.5891,12.7557,12.0914,11.9406,12.2305,12.0587,12.6114,12.7001,12.7061,12.3837
 ENSMUSG00000057411,9.3058,9.5208,9.4309,9.2963,8.9826,8.8902,9.827,9.7894,9.5925,9.4197,9.6249,9.3759
 ENSMUSG00000005465,10.9109,11.1393,10.8916,11.0434,10.4293,10.586,10.3575,10.5009,11.1443,10.9506,10.7105,10.5055
 ENSMUSG00000040441,7.9005,8.1284,7.9048,8.1727,7.6337,7.7504,7.4686,7.3103,8.094,8.0708,8.0526,7.6171
 ENSMUSG00000035692,8.849,8.4685,8.7847,8.8478,8.4742,8.5184,8.9515,8.4029,8.5262,9.1575,8.16,8.8561
 ENSMUSG00000098026,7.6909,8.1164,8.0449,8.2298,7.501,7.6587,7.24,7.5648,7.8194,7.6971,7.9698,7.6526
 ENSMUSG00000006389,5.1221,5.1386,5.2513,5.5871,5.4832,5.0135,4.8873,4.9615,5.3259,5.5616,4.8032,4.7943
 ENSMUSG00000073448,5.9996,5.7653,5.8115,5.6125,5.4832,5.4635,6.0471,6.1107,5.9437,5.857,6.4497,6.0706
 ENSMUSG00000021497,9.0539,8.8442,8.8257,8.6529,8.6042,8.2311,8.6908,8.8598,8.7376,8.7066,9.4338,8.8331
 ENSMUSG00000089862,8.4908,8.4334,8.5301,8.8864,8.0755,7.9513,8.4248,8.1087,8.6316,8.7277,8.5548,8.192
 ENSMUSG00000047264,8.2701,8.0838,8.192,8.2885,8.1318,7.6314,8.2992,8.6005,8.1853,8.4272,8.7734,8.3975
 ENSMUSG00000031101,13.0753,13.0161,13.0561,12.9479,12.679,12.6625,12.9595,13.0533,13.0884,13.109,13.7932,13.1665
 ENSMUSG00000038612,14.4817,14.3406,14.3355,14.4995,13.9321,13.8188,14.158,14.2679,14.5142,14.7457,14.7205,14.4856
 ENSMUSG00000026872,12.6035,12.6586,12.6495,12.9843,12.6519,12.5405,12.3585,12.2458,12.7476,12.892,11.9405,12.5196
 ENSMUSG00000040033,11.7771,11.7089,11.6684,12.0684,11.3864,11.2842,11.3424,11.3438,11.5276,11.7153,11.0088,11.3897
 ENSMUSG00000076498,8.031,7.4653,7.5828,8.0736,7.205,7.7248,7.9147,7.6679,8.2044,7.6971,7.5805,7.8692
 ENSMUSG00000106075,4.3786,4.882,4.618,5.1711,4.6402,4.1352,4.6531,4.8295,5.0361,4.5362,4.8652,4.6488
 ENSMUSG00000060376,9.6323,9.5039,9.6883,9.5982,9.3927,9.1282,9.8421,9.9391,9.7824,10.073,9.3928,9.2581
 ENSMUSG00000029030,11.2723,11.1678,11.2129,11.0743,10.7801,10.5299,11.0419,11.1455,11.3055,11.4231,11.6119,11.073
 ENSMUSG00000028670,10.2207,10.1573,10.2314,10.302,10.0311,9.8496,10.3887,10.5347,10.4159,10.2598,10.9684,10.5208
 ENSMUSG00000059142,10.5432,10.5624,10.5368,10.4327,9.9533,9.9606,10.1925,10.125,10.6216,10.6949,9.997,10.0922
 ENSMUSG00000062591,7.054,7.5333,7.1673,7.7669,6.9929,6.9585,6.8867,7.0292,7.486,7.3234,7.4918,7.4184
 ENSMUSG00000083943,5.9238,5.7861,5.5903,5.5613,5.2923,4.821,5.5445,5.5159,5.6579,5.7889,5.5539,5.5125
 ENSMUSG00000001053,9.1374,9.0978,9.0891,9.3001,8.7189,8.4576,8.814,9.0312,9.3065,9.4068,9.3124,9.1854
 ENSMUSG00000078180,5.9393,5.5381,5.5903,5.9458,5.6895,5.181,5.8184,5.6718,5.962,6.1006,6.1792,5.998
 ENSMUSG00000030337,11.7194,11.9925,11.7983,12.3571,11.5392,11.6553,11.5449,11.7134,12.1173,12.0233,11.4807,11.4849
 ENSMUSG00000031157,11.047,10.9325,10.9836,10.8208,10.7899,10.7327,10.7284,10.8653,10.9442,11.1449,11.723,11.2655
 ENSMUSG00000035561,7.3908,7.1942,7.1071,7.3837,6.9929,6.7706,7.0446,7.4111,7.3275,7.5496,7.4167,7.8232
 ENSMUSG00000026960,9.0886,9.0937,9.1866,9.1004,8.7774,8.6735,9.0879,9.1748,9.1479,9.0662,9.8481,9.1651
 ENSMUSG00000027699,8.2911,8.0547,7.9281,7.9086,7.6141,7.291,7.931,7.9467,7.844,7.7093,8.1941,7.5434
 ENSMUSG00000022439,11.9605,11.8695,11.9935,12.0751,11.5553,11.2754,11.8377,11.9472,12.0487,12.0926,12.3682,12.0791
 ENSMUSG00000061778,9.6358,9.7101,9.9657,9.6998,9.2975,8.9686,9.6,9.4385,9.7671,9.8296,9.9312,9.6835
 ENSMUSG00000025935,12.8931,12.6814,12.8338,12.6302,12.3412,12.0982,12.8516,12.9901,12.7337,12.8565,13.1283,12.6729
 ENSMUSG00000026433,8.8869,8.8271,8.8805,8.8295,8.5741,8.016,8.6764,8.6833,8.9962,9.108,8.7545,8.5305
 ENSMUSG00000002058,9.9919,9.7715,9.9458,9.7675,9.2664,9.1428,9.4335,9.5796,9.8675,9.9723,9.8374,9.6648
 ENSMUSG00000028382,14.0674,14.0323,14.1161,14.1251,13.5639,13.4366,13.819,13.8081,14.1309,14.2532,14.4074,13.9002
 ENSMUSG00000029603,12.8235,12.7505,12.6319,12.3698,12.0941,12.2181,11.9553,12.3145,12.3677,12.109,12.5663,12.1245
 ENSMUSG00000091549,9.0834,8.8967,9.0865,8.899,8.5065,8.3277,8.6812,8.591,8.9785,9.3382,8.8573,8.7806
 ENSMUSG00000031883,5.7585,5.7442,5.8115,5.4527,5.24,5.3982,5.6686,5.7082,5.7668,5.9841,4.9807,5.5644
 ENSMUSG00000024667,7.6404,7.8025,7.5455,7.7106,7.4794,7.3592,7.8393,7.8623,7.8243,7.8085,8.4785,7.8842
 ENSMUSG00000024759,11.3796,11.4758,11.5892,11.643,11.1412,11.0521,11.4988,11.476,11.5561,11.501,12.1055,11.847
 ENSMUSG00000074671,9.3733,9.1925,9.2366,9.4466,8.7774,8.4959,9.0697,9.3763,9.2172,9.4271,9.2079,9.0981
 ENSMUSG00000043065,9.1797,9.3735,9.2083,9.2159,8.6531,8.5839,9.2126,9.3054,9.3363,9.2287,9.5523,9.0981
 ENSMUSG00000030157,13.5239,13.2706,13.4445,13.1977,12.998,12.7792,13.3265,13.2854,13.4563,13.5803,13.7473,13.6848
 ENSMUSG00000087239,4.7691,4.922,4.9972,4.9433,4.8002,4.3101,4.2447,4.3167,4.842,4.4735,4.9243,4.5411
 ENSMUSG00000055717,9.6728,9.6093,9.6729,9.7988,9.2601,9.1949,9.4135,9.6477,9.8806,9.8707,9.5567,8.9937
 ENSMUSG00000019158,8.4027,8.164,8.258,8.1685,8.2382,7.5168,8.4305,8.4821,8.5798,8.4706,8.4739,8.3515
 ENSMUSG00000045404,7.6818,7.8025,8.0766,7.9721,7.6239,7.4713,7.8045,7.4326,7.7893,7.583,7.2319,7.155
 ENSMUSG00000010721,7.1426,7.2687,7.2346,7.1832,6.9145,7.2195,6.9359,6.6611,7.3275,7.0451,6.3718,7.0787
 ENSMUSG00000046519,10.3462,10.1504,10.3146,10.0772,10.0403,9.7831,10.449,10.412,10.1989,10.4361,10.8726,10.5303
 ENSMUSG00000040774,11.328,11.3145,11.4535,11.0777,10.7657,10.6536,11.21,10.9871,11.3253,11.277,11.6109,11.3466
 ENSMUSG00000042644,13.2868,13.4691,13.2886,13.7474,12.9336,13.0775,12.9816,13.1256,13.4531,13.4544,13.0164,12.7937
 ENSMUSG00000076937,13.711,13.2694,13.4027,12.9825,12.9428,13.0885,13.0268,13.2235,13.3328,13.6033,13.7224,13.5205
 ENSMUSG00000022365,11.4342,11.3759,11.5083,11.3109,10.9559,10.9076,11.5257,11.5317,11.4194,11.3924,11.9862,11.5012
 ENSMUSG00000003033,11.0145,11.0915,10.9738,11.4243,10.709,10.5318,10.5271,10.7095,11.1344,11.1405,10.6737,10.816
 ENSMUSG00000006288,10.2599,10.3656,10.4598,10.3967,10.1207,9.9823,10.5324,10.742,10.6719,10.654,10.9676,10.6411
 ENSMUSG00000036241,11.2441,11.1304,11.0582,11.0251,10.6585,10.6332,10.442,10.641,10.9033,11.1889,11.2865,11.0009
 ENSMUSG00000004849,8.5088,8.374,8.3731,8.4687,8.0826,7.5018,8.0095,8.1416,8.1103,8.4235,8.0526,8.1554
 ENSMUSG00000036810,8.9617,8.9986,8.9816,9.3115,8.5012,8.3106,8.9234,8.948,9.118,9.1397,9.1012,8.7992
 ENSMUSG00000035329,10.0883,10.1514,10.1728,10.2934,9.5035,9.7035,10.0624,9.8935,10.3062,10.3311,10.2873,9.7089
 ENSMUSG00000030921,13.0838,13.019,13.1319,13.0712,12.5817,12.6111,13.444,13.0849,12.8071,13.3172,12.87,12.6243
 ENSMUSG00000024665,5.2038,4.8408,5.0875,4.6126,4.6402,4.7123,4.814,4.6819,4.7093,5.1473,4.8652,5.5125
 ENSMUSG00000015468,7.5977,7.6325,7.4916,8.0647,7.1239,7.5168,7.5758,7.5254,7.906,8.1261,7.4548,7.6111
 ENSMUSG00000039952,9.6774,9.8511,9.6659,9.9949,9.5351,9.0987,9.7027,9.8202,9.825,9.7245,9.5479,9.1088
 ENSMUSG00000044229,10.9268,11.1433,11.0641,11.5075,10.709,10.5483,10.6125,10.6615,11.0499,11.0001,10.9352,10.6673
 ENSMUSG00000026111,9.6158,9.5055,9.593,9.5843,9.1384,9.0987,9.827,9.781,9.6591,9.7065,10.1173,9.6502
 ENSMUSG00000035212,10.416,10.3596,10.6278,10.2458,9.9474,9.5913,10.2158,10.2808,10.3591,10.3954,9.9727,10.0296
 ENSMUSG00000029638,12.2542,12.2707,12.0391,12.2523,11.8018,11.7977,11.7638,11.9523,12.4082,12.6291,12.3451,11.9648
 ENSMUSG00000034940,11.4893,11.7222,11.5174,12.0242,11.2784,11.3536,11.1323,11.2067,11.7698,11.7487,11.4475,11.2022
 ENSMUSG00000048170,11.5118,11.6023,11.5141,11.6837,11.3092,11.365,11.5916,11.5447,11.6762,11.6941,12.3409,11.9768
 ENSMUSG00000014503,7.4876,7.5333,7.343,7.6875,7.0815,7.0231,7.2786,6.8807,7.5352,7.4804,7.3273,6.8424
 ENSMUSG00000050350,11.7298,11.7338,11.7081,11.5505,11.2445,11.3198,11.2379,11.336,11.6891,11.7557,12.1671,11.7732
 ENSMUSG00000019818,12.018,12.1135,12.1521,12.2557,11.5915,11.5691,12.0093,11.8908,12.0066,11.9537,12.6045,12.0998
 ENSMUSG00000031342,8.3551,7.9134,8.2112,8.4889,7.8673,7.984,8.2023,7.8858,8.227,8.5299,7.6558,8.3658
 ENSMUSG00000057137,9.8837,9.923,10.0677,9.7716,9.4629,9.4147,9.4449,9.5158,9.5867,9.6447,9.5501,9.039
 ENSMUSG00000027615,11.8888,12.1092,12.0531,12.1763,11.3871,11.4474,11.8884,11.7491,12.2087,12.1574,12.0961,11.8349
 ENSMUSG00000037266,13.3069,13.4394,13.2852,13.5028,12.8092,12.7718,13.189,13.2665,13.3986,13.3628,13.563,12.8287
 ENSMUSG00000074364,8.806,8.7304,8.6117,9.3851,8.5639,8.5406,8.8052,9.0241,9.0667,9.3224,8.843,8.7992
 ENSMUSG00000022205,11.6428,11.458,11.5832,11.3755,11.3176,11.0976,11.5781,11.3876,11.5822,11.7527,12.1517,11.8641
 ENSMUSG00000029780,10.0832,9.8987,9.9126,10.0332,9.3927,9.6536,9.8823,9.7997,9.8287,10.2084,10.4986,9.9816
 ENSMUSG00000082149,7.5536,7.7874,7.3342,7.948,7.5942,7.5463,7.5016,7.2019,7.9965,7.8364,7.317,7.2117
 ENSMUSG00000024425,10.5014,10.4131,10.6215,10.3432,10.2018,9.9357,10.3754,10.333,10.3506,10.401,9.9295,9.6705
 ENSMUSG00000023960,6.0716,5.8856,5.7857,5.3653,5.6895,5.5853,5.5005,5.5159,5.5881,5.7172,4.9807,5.4858
 ENSMUSG00000022677,9.319,9.2505,9.2666,9.1729,9.0129,8.8074,9.4617,9.5844,9.4301,9.3918,9.8047,9.6488
 ENSMUSG00000031156,8.65,8.8393,8.7059,8.9313,8.307,8.0779,8.8697,8.8238,8.8893,8.9147,8.9957,8.6435
 ENSMUSG00000071266,8.5266,8.5779,8.5453,8.4585,7.8338,8.016,8.4248,8.5025,8.5262,8.0278,8.6479,8.0965
 ENSMUSG00000024516,11.8217,11.771,11.724,11.6389,11.2277,11.1284,11.007,11.2853,11.6363,11.719,11.5903,11.4298
 ENSMUSG00000075273,6.8175,6.5716,6.7476,6.5477,6.1153,6.1515,6.5063,6.6972,6.8996,7.0547,6.5764,6.5467
 ENSMUSG00000042524,12.3785,12.3775,12.258,12.5996,11.8012,12.0706,11.8596,11.9224,12.4681,12.4654,12.1426,11.9048
 ENSMUSG00000020346,12.213,12.238,12.2092,12.4058,11.8028,11.7125,12.2938,12.5171,12.4552,12.44,12.6492,12.2272
 ENSMUSG00000091462,5.8923,6.1792,5.9338,6.2629,5.869,6.03,5.7076,5.6344,5.9437,6.4606,6.4306,6.3285
 ENSMUSG00000004328,7.3908,7.4461,7.4356,7.5973,7.1918,7.6587,7.2003,6.6611,7.3823,7.3777,6.9679,7.2117
 ENSMUSG00000000346,12.6246,12.4093,12.6066,12.3761,12.1662,11.8753,12.4998,12.6656,12.5834,12.8229,12.815,12.6917
 ENSMUSG00000045767,11.4756,11.4461,11.4635,11.5778,11.2429,11.1489,11.6889,11.7101,11.6451,11.6636,12.2277,11.7327
 ENSMUSG00000015013,8.6799,8.6741,8.8442,8.3922,8.3959,8.0473,8.4755,8.6698,8.6287,8.7454,9.0922,8.896
 ENSMUSG00000045231,8.8328,8.8707,8.6402,9.1853,8.6483,8.8074,8.6764,8.5621,9.0415,9.2763,8.297,8.6926
 ENSMUSG00000083043,5.8102,6.2101,5.7594,6.3982,5.5271,6.1898,5.6686,6.0275,6.3004,5.922,6.2464,5.998
 ENSMUSG00000066191,5.1771,5.1049,4.7387,5.4807,5.1287,4.821,4.8873,4.6819,5.5395,5.0704,4.8652,5.2183
 ENSMUSG00000008384,8.4778,8.4717,8.5225,8.4856,8.3009,8.0779,8.5456,8.6562,8.5533,8.4272,9.2272,8.7455
 ENSMUSG00000003308,10.6085,10.5543,10.5177,10.717,10.2987,10.1235,10.2694,10.5581,10.5255,10.6972,11.0574,10.9911
 ENSMUSG00000081353,4.7691,4.9983,4.9495,5.3036,4.873,4.3101,4.3616,4.6819,4.7093,4.8076,4.738,4.5411
 ENSMUSG00000026126,11.515,11.2641,11.4745,11.3009,11.0244,10.951,10.8421,11.0448,11.419,11.4423,10.7961,10.829
 ENSMUSG00000104679,5.2038,4.8408,5.3263,4.8122,4.9419,4.4604,4.6531,5.1907,5.0716,5.386,5.0348,5.0044
 ENSMUSG00000028251,8.6957,8.4495,8.4875,8.4275,8.2446,7.9178,8.0322,7.9392,8.5353,8.5803,8.1251,8.0351
 ENSMUSG00000023393,8.7997,9.0246,8.7879,8.9725,8.307,8.7324,8.5613,8.6379,9.128,9.0448,9.2915,8.9728
 ENSMUSG00000064254,8.5139,8.1404,8.4067,8.1643,8.1249,7.4866,7.8649,8.0194,8.0354,8.2181,8.2865,7.8742
 ENSMUSG00000030677,8.6172,8.4873,8.3603,8.6136,7.9713,8.0576,7.9941,8.0886,8.3658,8.3363,8.7846,8.1178
 ENSMUSG00000056290,10.4859,10.6239,10.4628,10.7824,10.2535,10.5058,10.4335,10.0559,10.9322,10.857,10.1291,10.5031
 ENSMUSG00000034673,10.1363,10.0799,10.0821,10.3311,9.9591,9.7675,10.0624,10.3287,10.2893,10.1749,10.8647,10.3737
 ENSMUSG00000021669,11.1567,11.2586,11.2688,11.5259,10.9044,11.0327,11.6106,11.4019,11.6296,11.5691,11.8366,11.4468
 ENSMUSG00000023020,8.9296,8.9743,9.0337,9.0583,8.5224,8.3941,9.0175,9.2062,9.1119,9.2266,9.2704,9.1569
 ENSMUSG00000024247,5.5506,5.9964,5.9102,5.5613,5.7273,5.7498,5.6686,5.0811,5.7876,5.6154,5.1847,5.8194
 ENSMUSG00000038816,8.0937,7.9545,7.9849,8.1892,7.4013,7.6451,7.7507,7.3333,7.9291,8.0848,7.8322,7.67
 ENSMUSG00000038502,8.4461,8.5393,8.4355,8.7948,8.2188,8.0779,8.3484,8.1928,8.6059,8.8144,8.9762,8.4788
 ENSMUSG00000055963,5.0351,4.7082,4.8485,5.0238,4.8002,4.3101,4.7362,4.203,4.6121,4.3368,4.8032,4.7943
 ENSMUSG00000108699,7.7995,8.2546,8.143,8.2457,7.6531,7.6176,7.6166,7.7037,8.2157,7.9171,8.2383,8.1554
 ENSMUSG00000079076,5.7409,5.6335,5.4972,5.8644,5.8349,4.9209,5.921,5.8119,5.7025,5.879,5.5894,5.7543
 ENSMUSG00000042901,11.4602,11.4624,11.4003,11.5711,10.9944,10.9316,11.1411,11.1871,11.4849,11.6914,11.0682,10.8915
 ENSMUSG00000067370,8.1208,7.8273,8.0818,8.0099,7.7731,7.6722,7.931,7.9907,8.094,8.2723,8.6438,8.3765
 ENSMUSG00000044496,10.7269,10.6457,10.7367,10.6409,10.3721,10.2983,10.7237,10.8234,10.6855,10.8508,11.3966,10.7528
 ENSMUSG00000086598,6.534,6.7282,6.5947,6.9304,6.5075,6.1898,6.2698,6.2635,6.782,7.0736,6.7087,6.5841
 ENSMUSG00000044328,7.0327,7.1554,7.0117,7.3546,6.9305,6.8677,6.9678,7.1115,7.2922,7.2252,6.6605,6.4004
 ENSMUSG00000035337,8.1374,8.604,8.6044,8.919,8.1455,8.3106,8.2089,8.2543,8.6869,8.4454,8.0833,8.143
 ENSMUSG00000022791,10.8707,11.0126,10.8403,11.3899,10.4938,10.462,10.692,10.804,11.0858,11.0558,11.168,10.8896
 ENSMUSG00000022564,10.1609,9.9905,10.021,10.0469,9.7526,9.7133,9.9254,9.8818,9.795,10.073,9.2381,9.46
 ENSMUSG00000046974,6.0716,6.3957,6.2285,6.7179,6.1433,5.987,6.7647,5.9987,6.3566,6.6242,6.1792,6.2372
 ENSMUSG00000025040,9.8325,9.5978,9.883,9.4432,9.1857,8.9355,9.3755,9.5724,9.5736,9.5585,9.7292,9.3401
 ENSMUSG00000055128,8.4726,8.4717,8.4517,8.3814,7.9558,8.2036,8.0322,7.9615,8.514,8.6032,7.9366,7.8941
 ENSMUSG00000032434,11.6599,11.67,11.7014,12.0291,11.3557,11.2431,11.8759,11.8966,11.8959,11.9638,12.1807,11.8106
 ENSMUSG00000076530,4.7691,4.7082,4.8485,4.2295,4.2344,4.1352,4.6531,4.075,4.7093,4.6522,4.4346,4.4223
 ENSMUSG00000083849,7.4719,7.9087,7.723,7.7888,7.0958,7.2195,7.2529,7.1766,7.7005,7.6971,7.5368,7.4389
 ENSMUSG00000034724,12.4478,12.5482,12.6129,12.8729,12.1543,12.2604,12.4741,12.3714,12.8312,12.9677,12.9424,12.5126
 ENSMUSG00000024953,10.2974,9.9549,10.2524,10.2036,10.055,9.8228,10.2884,10.393,10.242,10.4442,10.8072,10.5917
 ENSMUSG00000031983,7.6168,7.6098,7.3688,7.7049,7.4013,7.3921,7.3285,7.1248,7.5592,7.6285,8.1192,7.8941
 ENSMUSG00000051650,11.2556,11.209,11.0967,11.0898,10.7113,10.6536,10.5244,10.569,11.0713,11.2258,11.0697,10.845
 ENSMUSG00000080783,6.5739,6.4222,6.565,6.6232,6.3491,6.4945,5.9855,6.5862,6.7405,6.3864,6.0088,5.9602
 ENSMUSG00000024556,10.8855,10.7323,10.902,10.8168,10.5348,10.4247,10.8052,10.7193,10.7661,10.8966,11.4622,11.1385
 ENSMUSG00000028701,9.1106,9.1577,9.0065,8.9938,8.6579,8.7,8.4248,8.9775,8.7192,8.7775,9.249,9.2997
 ENSMUSG00000063659,12.1217,12.2086,12.1384,12.3842,11.8726,11.9217,12.1703,12.3631,12.2816,12.3696,12.9207,12.2853
 ENSMUSG00000018169,10.2577,10.4551,10.2605,10.6536,9.9157,10.0222,10.0382,9.9888,10.56,10.521,10.6463,10.3369
 ENSMUSG00000063410,11.9525,11.979,11.7776,11.9833,11.4242,11.3957,11.5561,11.693,12.026,12.1161,11.6881,11.3703
 ENSMUSG00000026278,4.6527,4.5052,4.618,4.3033,4.4554,4.3101,4.4672,4.5137,4.9232,4.8076,5.0348,5.0796
 ENSMUSG00000030541,9.6241,9.3325,9.6729,9.5056,9.5273,9.0168,9.5872,9.7148,9.5319,9.717,10.0599,9.9212
 ENSMUSG00000007038,10.5174,10.552,10.5779,10.547,10.2117,10.1429,10.3072,10.2555,10.582,10.7915,11.0536,10.7609
 ENSMUSG00000058446,11.8394,11.8539,11.8141,11.8286,11.258,11.2078,11.5813,11.7297,11.9669,11.9136,12.0841,11.7637
 ENSMUSG00000041354,10.9835,11.2781,11.0084,11.2692,10.7148,10.7101,11.1411,11.3992,11.4401,11.3221,11.4268,10.8915
 ENSMUSG00000037548,14.1583,14.1477,14.0846,13.9854,13.5232,13.4128,13.726,13.9878,14.1565,14.1706,13.954,13.6754
 ENSMUSG00000103297,5.6105,5.2348,5.4314,5.2717,5.0072,5.2574,5.7076,5.5159,5.5395,5.879,5.7848,5.7543
 ENSMUSG00000040631,6.7754,6.9801,6.8616,7.1154,6.464,6.5542,6.6513,6.4865,6.842,7.129,7.2644,7.0072
 ENSMUSG00000023806,7.7484,7.8075,7.6616,7.5339,7.3065,7.0646,7.0742,7.4746,7.5412,7.5961,7.106,7.2196
 ENSMUSG00000019951,11.5102,11.5308,11.455,11.6261,11.1421,11.0725,11.161,11.313,11.5778,11.5983,11.9592,11.7668
 ENSMUSG00000074867,9.1587,9.1616,9.2106,8.9411,8.6958,8.5839,9.2126,9.0964,9.0771,9.1352,9.6332,9.0634
 ENSMUSG00000040007,9.9782,10.1612,9.9615,10.555,9.8183,9.8258,9.7606,9.9724,10.2576,10.2073,9.9938,9.5489
 ENSMUSG00000036555,9.8243,10.0036,9.7551,10.2218,9.5838,9.6262,9.4364,9.6058,10.1681,10.0095,9.6414,9.4815
 ENSMUSG00000090551,6.2306,6.5597,6.565,6.3692,5.8,5.9427,6.3203,6.4015,6.751,6.4749,6.3917,6.2214
 ENSMUSG00000031751,11.7277,11.7282,11.755,11.6866,11.1801,11.1381,11.4384,11.5709,11.764,11.8321,12.0519,11.5257
 ENSMUSG00000045827,9.1324,8.9154,9.325,8.8136,8.4742,8.598,8.9907,8.4924,8.7815,8.7889,8.5238,8.9229
 ENSMUSG00000028015,12.0387,11.9749,12.0946,11.954,11.4528,11.3947,11.529,11.766,12.0058,12.2007,11.8615,11.9976
 ENSMUSG00000055044,8.9561,8.9654,8.8006,8.9844,8.43,8.4807,8.5297,8.567,8.8607,8.8256,8.1485,8.5145
 ENSMUSG00000034832,12.2199,12.54,12.3757,13.1322,12.2965,12.4911,12.1699,12.2016,12.6927,12.5563,12.4832,12.4733
 ENSMUSG00000037400,11.8391,11.9426,11.919,12.1454,11.3653,11.5011,11.6848,11.5192,12.1003,12.0215,11.6457,11.5
 ENSMUSG00000036073,9.0696,9.1771,9.0038,9.0916,8.624,8.5034,8.8864,9.1064,9.2322,9.3824,9.3456,8.9728
 ENSMUSG00000079630,6.5441,6.5235,6.4234,6.9789,6.5703,6.4945,6.4164,6.1107,6.4881,6.6242,5.9827,6.1564
 ENSMUSG00000019699,11.6844,11.8342,11.7398,12.0354,11.4193,11.5483,11.3857,11.4978,12.0982,12.1717,11.6549,11.5919
 ENSMUSG00000021485,7.1881,6.9712,7.0549,7.3909,6.6305,6.9585,6.4844,6.6053,7.0342,6.839,7.1414,6.8424
 ENSMUSG00000029499,5.3053,5.3531,5.0431,5.3036,4.873,4.821,5.0222,5.2919,5.0716,5.3544,4.6691,4.6488
 ENSMUSG00000019978,11.944,11.8868,11.9205,12.0018,11.6885,11.4435,11.2289,11.3917,11.8985,11.9745,11.7108,11.9521
 ENSMUSG00000046897,12.0015,12.1066,12.0504,12.2679,11.5605,11.5346,11.9603,12.0612,12.2825,12.3089,12.3144,11.9733
 ENSMUSG00000086986,5.5506,5.6788,5.7857,6.0038,5.438,5.0999,5.7824,5.7782,5.9251,5.6924,6.0345,5.5125
 ENSMUSG00000055069,8.7659,8.7642,8.8132,8.899,8.3131,8.302,8.6075,8.6922,8.9335,8.7889,8.9828,8.2
 ENSMUSG00000026417,7.6025,7.2975,7.4679,7.5339,6.9929,7.3758,7.0742,7.4537,7.6512,7.7858,7.8104,7.7322
 ENSMUSG00000037628,6.6411,6.014,6.2844,5.7555,6.0577,5.9427,6.0471,5.6718,5.9437,6.2423,6.2894,6.2214
 ENSMUSG00000025868,9.1106,8.8802,9.0682,8.8136,8.6958,8.2036,8.9475,9.0659,8.8607,9.2011,8.825,8.6982
 ENSMUSG00000073131,8.6776,8.8491,8.9334,9.1435,8.3433,8.4183,8.7786,8.8074,8.8631,8.9661,9.2381,9.0075
 ENSMUSG00000080712,7.0111,6.4863,7.0864,6.4266,6.4859,6.3334,6.393,6.5272,6.8322,6.8167,6.5413,6.3285
 ENSMUSG00000053541,13.6333,13.689,13.5852,13.4607,13.0507,13.0495,13.1186,13.2717,13.6634,13.6595,13.5662,13.1207
 ENSMUSG00000034111,11.8212,11.9412,11.9186,12.2061,11.5483,11.341,11.892,11.9971,12.1077,12.0581,12.0445,11.5352
 ENSMUSG00000000686,6.6782,6.6742,6.8737,6.8281,6.1153,6.5542,6.345,6.507,6.5968,6.5033,6.0597,6.2372
 ENSMUSG00000080701,4.7691,4.8408,4.8485,5.0622,4.8002,4.4604,4.3616,4.4196,4.7551,4.4735,4.1375,4.5962
 ENSMUSG00000021365,13.572,13.4715,13.4728,13.3794,13.0193,12.9382,13.1748,13.3758,13.4646,13.6185,13.8189,13.6861
 ENSMUSG00000002885,13.2051,13.2481,13.0467,13.309,12.5507,12.7359,12.6349,12.8257,13.0426,13.1142,12.729,12.6954
 ENSMUSG00000031971,7.6681,7.6824,7.2624,7.6817,7.5222,7.4713,7.1174,7.1248,7.844,7.7451,7.4548,7.1216
 ENSMUSG00000029471,10.8076,11.0473,10.9738,11.452,10.6798,10.6263,10.8885,10.9551,11.2547,11.4185,11.1391,11.0315
 ENSMUSG00000028969,9.144,9.2524,9.1891,9.0717,8.7143,8.5034,9.0915,9.2279,9.3449,9.1508,9.0021,8.6697
 ENSMUSG00000001786,9.9901,10.0252,10.0559,10.1759,9.438,9.6637,9.9112,9.8263,10.0716,10.0928,10.4917,10.0035
 ENSMUSG00000041025,8.0869,8.2024,8.2763,8.3958,8.0465,7.8719,8.0018,7.7557,8.2232,8.2224,7.4453,7.9426
 ENSMUSG00000090584,5.3053,5.6103,5.7053,5.8644,5.1287,5.4635,5.1443,5.1907,5.8081,5.2889,5.3194,5.2508
 ENSMUSG00000028530,13.8306,13.9403,13.8152,13.9697,13.46,13.5847,13.4068,13.4806,13.8978,13.8694,13.3979,13.2008
 ENSMUSG00000020128,11.7794,11.7694,11.7521,11.8619,11.2768,11.3681,11.6118,11.4579,11.8778,12.0807,12.1185,11.6364
 ENSMUSG00000029616,12.1599,12.0692,12.1721,12.1656,11.8664,11.7494,12.0488,12.1871,12.2338,12.3067,12.827,12.1451
 ENSMUSG00000038605,8.7723,8.7897,8.5263,9.0982,8.3313,8.2492,8.4075,8.7446,8.7764,9.0376,8.7468,8.6405
 ENSMUSG00000039774,9.2624,9.2814,9.2178,9.2458,8.8123,8.5034,8.6522,8.8359,9.2097,9.0638,9.0494,8.9059
 ENSMUSG00000021725,10.5338,10.5924,10.4905,10.6536,10.1686,10.2543,10.077,10.3472,10.6231,10.7251,9.9711,10.0803
 ENSMUSG00000031447,12.43,12.2923,12.587,12.1449,12.1924,11.7916,12.4237,12.3866,12.1538,12.2626,12.851,12.3922
 ENSMUSG00000080877,5.488,5.2654,5.6199,5.239,5.0072,5.0135,5.2561,5.386,5.5881,5.6154,5.8731,5.2825
 ENSMUSG00000030703,6.7143,6.9532,6.6237,7.1996,6.6692,6.6392,6.1903,6.6793,6.9183,7.0547,6.8004,6.6085
 ENSMUSG00000076939,11.854,11.7249,11.6514,11.7865,11.2854,11.2089,11.6435,11.833,11.9338,12.0227,12.0063,11.8863
 ENSMUSG00000022014,11.6199,11.412,11.6235,11.4265,11.3236,11.2498,11.2931,11.2571,11.4453,11.7126,10.7577,11.0903
 ENSMUSG00000031708,10.5218,10.4172,10.389,10.3868,10.2246,9.9984,10.344,10.6119,10.5696,10.6812,10.9831,10.7623
 ENSMUSG00000084105,4.9417,4.882,4.618,5.0622,4.3505,4.7123,4.814,4.7579,5.2362,4.7062,4.3444,4.7477
 ENSMUSG00000079523,13.1583,12.8417,13.1289,12.8148,12.8554,12.5722,12.6146,12.7906,12.9878,13.2461,13.3142,13.2988
 ENSMUSG00000034653,10.7909,10.9036,10.8264,10.9795,10.54,10.5664,10.9897,10.8365,10.9773,10.9946,11.5536,11.0304
 ENSMUSG00000021987,10.9287,10.8453,10.9122,10.9555,10.4067,10.3784,10.4533,10.4308,10.9623,11.0658,10.9064,10.6557
 ENSMUSG00000073468,10.2599,10.4606,10.5358,10.7473,10.1602,10.0913,10.7038,10.5762,10.8135,10.6556,10.8831,10.3684
 ENSMUSG00000033114,8.5812,8.6268,8.507,8.4788,8.0611,8.1943,8.1127,8.3475,8.5681,8.4883,8.1427,7.8076
 ENSMUSG00000076666,8.7808,8.3841,8.3255,7.948,8.2446,8.147,8.2222,8.0405,8.6456,8.6,8.6063,8.4183
 ENSMUSG00000037341,11.9006,12.0775,11.9666,12.131,11.7152,11.6788,12.1075,12.2321,12.2648,12.223,12.6189,12.2333
 ENSMUSG00000025008,8.0094,8.2473,8.2534,7.9284,7.6337,7.6587,7.7415,7.9467,8.0182,7.8253,8.5013,7.9663
 ENSMUSG00000022323,8.4327,8.2473,8.5377,8.139,7.9001,7.7376,8.4419,8.6099,8.2418,8.2139,8.3331,8.0574
 ENSMUSG00000003559,9.2472,9.132,9.1672,9.0605,9.0054,8.7766,9.2453,9.3054,8.9517,9.0496,9.5783,9.692
 ENSMUSG00000038679,11.3389,11.4026,11.4225,11.2575,11.017,11.0863,10.7639,10.8644,11.239,11.1065,10.6877,10.8082
 ENSMUSG00000031974,9.7984,9.9242,9.6832,9.6663,9.3036,9.3068,9.5974,9.8523,9.5603,9.5246,9.405,9.0457
 ENSMUSG00000029298,12.6895,12.5136,12.7086,12.6899,12.1978,12.3214,12.596,12.4985,12.7386,13.1048,12.9488,12.8838
 ENSMUSG00000003865,9.1274,9.1059,8.9676,9.4839,8.936,8.6397,8.6571,8.7143,9.2359,9.2392,8.9795,8.8911
 ENSMUSG00000000149,10.6958,10.6589,10.7629,10.7763,10.277,9.9273,10.2191,10.3244,10.3903,10.5567,10.6047,10.5571
 ENSMUSG00000038024,10.7909,10.8288,10.8842,10.8963,10.2926,10.2112,10.5548,10.4466,10.8376,10.8806,10.9643,10.571
 ENSMUSG00000023873,7.1881,7.3187,7.0549,6.8699,6.882,7.0231,6.7279,6.8166,7.2993,7.4518,6.7553,6.7022
 ENSMUSG00000002565,7.4928,7.5983,7.612,8.0005,7.3782,7.8365,7.6065,7.2511,8.0608,7.8584,7.825,7.9569
 ENSMUSG00000002325,12.2444,11.9621,12.1693,12.0732,11.7118,11.7182,12.3723,12.1007,11.9663,12.4551,12.4855,11.9921
 ENSMUSG00000069255,8.6243,8.6795,8.4796,8.6618,8.2123,8.0779,8.3723,8.4872,8.9104,8.9068,8.7468,8.4421
 ENSMUSG00000024856,10.3562,10.2223,10.222,10.0805,10.0838,9.6434,10.1687,10.5123,10.2178,10.3262,10.6947,10.1554
 ENSMUSG00000015314,12.2458,12.3705,12.219,12.3477,11.7689,11.843,11.7213,11.9454,12.3883,12.4508,12.0383,12.1245
 ENSMUSG00000025228,11.3991,11.3645,11.3909,11.3445,11.0309,10.9674,11.444,11.5441,11.4829,11.4487,11.9943,11.4602
 ENSMUSG00000037103,10.0467,10.1156,9.9629,10.2634,9.5813,9.5591,10.1254,10.0333,10.3071,10.3183,10.2365,9.9053
 ENSMUSG00000015291,11.4426,11.6521,11.4055,11.883,11.1659,11.2055,11.2598,11.4709,11.6847,11.621,11.2261,11.0197
 ENSMUSG00000021171,11.4916,11.6381,11.4995,11.5185,11.029,11.181,11.4831,11.4946,11.774,11.6421,11.3164,10.9293
 ENSMUSG00000105082,5.6865,5.6563,5.4972,5.9259,5.5695,5.3297,5.8184,5.9391,5.9063,5.9637,6.1326,6.1564
 ENSMUSG00000041977,10.7766,10.9631,10.7989,11.1311,10.5217,10.4716,10.6175,10.7895,11.0075,11.0787,10.6927,10.3113
 ENSMUSG00000028719,11.0809,10.876,11.1241,10.9082,10.9013,10.6383,10.9672,10.9099,10.9746,11.1343,11.6093,11.3814
 ENSMUSG00000000823,10.3187,10.5295,10.4717,10.9039,10.2629,10.3947,10.492,10.5822,10.6842,10.8253,9.9546,10.4596
 ENSMUSG00000044864,9.6087,9.7141,9.6832,9.8543,9.4684,9.2452,9.74,9.954,9.7121,9.7614,9.2408,9.1894
 ENSMUSG00000071042,12.8746,12.8091,12.7984,12.6345,12.7062,12.4812,12.4422,13.0125,12.8298,12.924,13.3113,13.1557
 ENSMUSG00000060044,10.3136,10.3766,10.4915,10.2047,9.9097,9.6228,10.0494,9.8323,10.1416,10.2009,9.9379,10.3224
 ENSMUSG00000086670,5.4224,5.4086,5.172,5.0995,5.1287,4.7123,4.9565,5.0811,5.0716,4.9887,4.5181,4.965
 ENSMUSG00000004880,12.2189,12.1986,12.177,12.3153,11.71,11.7785,12.2468,12.2702,12.4162,12.4472,12.5838,12.0804
 ENSMUSG00000034484,13.5391,13.5105,13.5076,13.5413,13.0776,12.9073,13.2824,13.27,13.6667,13.8055,13.5354,13.2815
 ENSMUSG00000062825,14.1355,14.0093,14.0403,14.6118,13.9674,13.6923,14.3783,14.437,14.0511,14.2552,13.8965,14.1832
 ENSMUSG00000079659,12.0913,12.0453,12.0307,12.1614,11.6873,11.5235,12.0045,11.9966,12.2603,12.2531,12.4872,12.0005
 ENSMUSG00000020189,12.4468,12.514,12.5404,12.6529,12.2681,12.2869,12.4675,12.3494,12.5252,12.609,13.1933,12.8129
 ENSMUSG00000026457,11.566,11.3839,11.5731,11.6004,11.2074,10.9701,11.2355,11.3381,11.4437,11.973,11.6119,11.3971
 ENSMUSG00000030275,13.8612,13.989,13.9308,14.2082,13.5426,13.4933,13.9424,13.9416,14.1385,14.204,14.0211,13.5279
 ENSMUSG00000055745,9.7506,9.7676,9.6201,9.8556,9.5351,9.1135,9.6522,10.0984,9.7963,9.9647,9.5933,9.488
 ENSMUSG00000022177,8.6005,8.4967,8.4836,8.3778,8.0755,7.8484,8.4191,8.477,8.4673,8.557,8.8104,8.6168
 ENSMUSG00000023169,12.6393,12.6822,12.4686,12.8708,12.2219,12.2216,12.127,12.3477,12.6991,12.76,12.7658,12.6904
 ENSMUSG00000022285,13.2268,13.2787,13.2798,13.7366,13.0144,12.8607,12.9657,12.9623,13.3274,13.4721,13.4461,13.2712
 ENSMUSG00000030659,9.9521,9.7444,9.7969,9.6243,9.3607,9.2808,9.3814,9.4777,9.634,9.8185,10.0646,9.8943
 ENSMUSG00000032114,8.9949,9.0029,8.942,9.0762,8.6042,8.5839,8.8528,9.1098,9.0563,9.3006,9.3952,9.2809
 ENSMUSG00000038000,9.4776,9.2885,9.3381,9.6182,8.9902,9.0273,9.3273,9.4171,9.5319,9.7773,9.7973,9.4533
 ENSMUSG00000089682,8.8246,8.8991,8.8925,8.8634,8.5276,8.5332,8.4588,8.7099,8.5886,8.6162,8.0711,8.3188
 ENSMUSG00000038267,8.629,8.6011,8.7879,8.6707,8.0391,8.2402,8.1268,8.1087,8.1698,8.3006,8.4646,8.3658
 ENSMUSG00000028874,10.9429,10.8837,11.1373,10.869,11.0871,10.4735,10.6571,10.6558,10.9471,10.989,10.3679,11.108
 ENSMUSG00000002222,11.7508,11.7694,11.7627,12.0015,11.3886,11.2776,11.7108,11.7259,11.8463,11.9654,12.2104,11.6757
 ENSMUSG00000004933,9.0203,8.9964,8.9816,9.3209,8.7507,8.9074,8.6522,8.8156,9.3083,9.3614,8.6763,8.7886
 ENSMUSG00000038633,10.1322,9.985,10.0559,9.8838,9.6527,9.5188,9.9535,10.0014,10.0788,10.1551,10.4768,10.2059
 ENSMUSG00000007613,11.3127,11.3079,11.4755,11.4265,10.9114,11.034,11.0977,10.9364,11.4372,11.4473,11.7505,11.3529
 ENSMUSG00000004698,11.5245,11.5217,11.5327,11.9591,11.2947,11.1332,11.3371,11.6616,11.8396,11.9143,11.6726,11.5877
 ENSMUSG00000055172,7.3108,7.2245,7.2532,7.1067,6.8145,6.5831,7.0446,6.7835,7.1572,7.3469,6.7856,6.8527
 ENSMUSG00000014786,6.6411,6.7699,6.3381,6.4817,6.5497,5.9427,6.077,6.3794,6.5733,6.7237,6.3718,6.6085
 ENSMUSG00000026809,5.5506,5.4355,5.3263,5.5081,5.0072,4.9209,5.3592,5.0227,5.4633,5.5339,5.2311,4.8825
 ENSMUSG00000048796,10.0065,10.1495,9.9867,10.4593,9.7458,9.5299,10.0438,10.1799,10.2586,10.2052,9.9126,9.8479
 ENSMUSG00000028656,13.6312,13.3964,13.5473,13.4401,13.0609,12.8019,13.0801,13.3255,13.4486,13.526,13.5852,13.3133
 ENSMUSG00000033467,9.5302,9.4522,9.4948,9.6198,9.1486,9.0736,9.0401,9.4438,9.35,9.458,8.9163,8.9397
 ENSMUSG00000018599,8.2881,8.4106,8.2854,8.2337,8.0243,8.0473,8.274,8.4457,8.5323,8.6884,8.843,8.6198
 ENSMUSG00000025766,9.4958,9.5905,9.4889,9.1687,8.8999,9.0429,8.9751,9.1394,9.3449,9.2702,8.8992,8.9301
 ENSMUSG00000098142,4.5683,4.9983,4.9972,4.7653,4.6402,4.3101,4.2447,4.6008,4.7551,4.9887,4.738,4.5411
 ENSMUSG00000034342,12.695,13.0798,12.9557,13.4202,12.6825,12.6933,12.9486,12.8874,13.1429,12.9943,12.6885,12.5462
 ENSMUSG00000040158,7.9728,7.959,8.087,8.3189,8.0243,7.9065,7.7778,7.8384,8.2455,8.2723,7.5456,7.6051
 ENSMUSG00000018819,13.3418,13.2963,13.2753,13.412,13.0172,12.9133,13.1514,13.4751,13.5217,13.6921,13.033,12.942
 ENSMUSG00000073421,15.5194,15.335,15.4307,15.1355,15.0776,14.892,14.6605,15.114,15.3306,15.3758,15.3918,15.2581
 ENSMUSG00000028630,9.9159,10.1316,9.9008,10.2867,9.7254,9.8933,9.6522,9.6499,10.215,10.2984,10.2781,10.1157
 ENSMUSG00000090043,6.1925,6.2988,6.3204,6.7064,6.3249,5.8496,6.6708,6.4232,6.73,6.5447,6.4497,6.482
 ENSMUSG00000032239,10.6415,10.352,10.4223,10.3724,10.2739,10.2476,9.8008,10.1381,10.4776,10.6789,10.6047,10.1889
 ENSMUSG00000032311,7.0184,7.0324,6.9558,7.2869,6.464,7.0646,7.0446,6.9863,6.9459,7.2833,7.2751,7.4252
 ENSMUSG00000008475,12.5872,12.4027,12.6138,12.5792,12.1594,11.8869,12.4654,12.5472,12.6306,12.8059,12.6647,12.4679
 ENSMUSG00000049800,9.9883,10.1719,10.0332,10.1873,9.686,9.7002,9.6201,9.6292,9.9535,10.0624,10.3185,9.6877
 ENSMUSG00000068299,7.5235,7.6604,7.3516,7.805,7.2311,7.1823,7.5125,7.878,7.7482,7.6475,7.9095,7.7864
 ENSMUSG00000022901,11.1187,11.0383,11.2745,10.8645,10.6668,10.7581,10.8822,10.552,10.7409,10.962,10.5727,10.4629
 ENSMUSG00000020717,13.1313,13.234,13.079,13.3286,12.9247,12.9725,12.7756,12.8033,13.2738,13.3587,12.694,12.7003
 ENSMUSG00000022604,10.2238,10.512,10.2501,10.4972,10.0069,10.1621,9.9574,10.0227,10.4713,10.4488,10.0615,9.7653
 ENSMUSG00000025289,9.2609,9.0564,9.2178,8.4788,8.994,8.713,8.756,8.8833,8.8703,8.8395,9.2544,9.1691
 ENSMUSG00000066357,10.7335,10.6964,10.5788,10.8926,10.4321,10.1332,10.7639,10.9898,10.7539,10.7131,10.4582,10.3324
 ENSMUSG00000037808,11.2403,11.3547,11.2636,11.3912,10.9462,10.9971,11.1182,11.0935,11.4864,11.5456,11.7983,11.2185
 ENSMUSG00000010911,8.2911,8.1443,8.1076,8.0191,7.8338,7.6314,7.6365,8.1219,7.9788,8.3205,8.2599,8.304
 ENSMUSG00000018570,6.0432,6.0315,6.0245,5.9259,5.7641,5.7498,5.8535,6.1635,6.3288,6.6242,6.1326,6.0165
 ENSMUSG00000027995,8.9894,8.8707,9.1147,8.9938,8.5892,8.3446,8.9751,8.77,8.8964,9.1011,8.546,8.6198
 ENSMUSG00000021265,6.3157,6.4737,6.4067,6.9597,6.3728,5.9427,6.4164,6.2635,6.5006,6.6872,6.3312,6.5212
 ENSMUSG00000052369,8.1073,7.9087,8.2064,7.805,7.5942,7.5316,7.7598,8.2361,7.9245,7.9327,7.9632,7.518
 ENSMUSG00000040712,10.4276,10.6602,10.3442,11.0013,10.3291,10.2896,10.2323,10.3514,10.6477,10.4924,10.2541,10.1029
 ENSMUSG00000056724,10.8003,10.9792,10.6837,11.0615,10.5283,10.7878,10.356,10.3129,10.8898,10.4131,10.6277,10.5841
 ENSMUSG00000031776,10.0563,9.823,9.8282,10.1253,9.6599,9.4266,9.6449,9.7408,9.8385,10.0553,9.3329,9.6734
 ENSMUSG00000002617,8.7202,8.7821,8.7059,8.8109,8.4412,8.302,8.8008,8.948,8.9629,9.04,9.1855,8.7753
 ENSMUSG00000051185,9.3364,9.3463,9.5709,9.2279,9.0204,8.8553,9.0439,9.1556,9.5197,9.5383,9.5976,9.1954
 ENSMUSG00000030579,11.1349,10.8622,11.4685,10.9854,10.9254,10.5244,11.0382,10.7854,10.9757,10.9846,10.6277,11.0565
 ENSMUSG00000047242,8.8122,8.7668,8.7025,8.4099,8.2123,8.1079,8.4865,8.5474,8.5769,8.5967,8.9129,8.7564
 ENSMUSG00000067365,9.7667,9.6886,9.8452,9.6274,9.4042,9.2407,9.9375,9.8523,9.8001,9.8365,10.1437,9.9078
 ENSMUSG00000036955,9.3831,9.4362,9.4672,9.4637,9.0278,9.0168,8.8823,9.2309,9.4606,9.2925,9.6165,8.9634
 ENSMUSG00000074165,9.63,9.694,9.5709,9.5717,9.2314,9.3783,9.5821,9.6315,9.594,9.5998,10.209,9.8918
 ENSMUSG00000025323,11.4422,11.3738,11.4907,11.2981,11.0602,11.0183,11.2412,11.3773,11.4778,11.5158,11.9518,11.2769
 ENSMUSG00000041915,10.3731,10.5756,10.4507,10.6735,10.1397,10.1013,10.3813,10.4012,10.5842,10.6231,10.9904,10.3568
 ENSMUSG00000024012,10.5783,10.499,10.649,10.7653,10.3426,10.1501,10.3828,10.5605,10.7131,10.7829,11.0789,10.6788
 ENSMUSG00000028822,11.0234,10.8078,10.9885,10.8535,10.483,10.3473,10.6362,10.7781,10.9345,11.0717,10.7644,10.419
 ENSMUSG00000096175,6.5033,6.7492,6.7344,7.2078,6.4191,6.5247,6.4844,6.4447,6.7922,6.9863,6.5936,6.5212
 ENSMUSG00000024371,8.7551,8.5691,8.8194,8.9773,8.5943,8.4262,9.0023,8.5126,8.5323,8.5967,8.2599,9.0029
 ENSMUSG00000021945,12.1907,12.2301,12.2065,12.3291,11.7089,11.7916,11.7957,11.8624,12.3208,12.2838,12.3112,11.9318
 ENSMUSG00000079563,9.4149,9.615,9.4268,9.2319,8.9788,9.0115,8.8697,9.2701,9.3518,9.1508,9.0556,8.851
 ENSMUSG00000029571,11.4913,11.5529,11.5361,11.3459,11.0355,10.9864,11.1253,11.0334,11.3926,11.5295,11.3261,10.9093
 ENSMUSG00000035064,9.5773,9.6709,9.6093,10.0113,9.3189,9.2362,9.1342,9.3256,9.6522,9.6604,9.5848,9.6237
 ENSMUSG00000036087,11.3021,11.3547,11.296,11.4006,11.0019,10.9468,11.0012,11.1504,11.3305,11.4711,11.7708,11.5053
 ENSMUSG00000006179,5.5908,5.3245,5.2513,5.0238,4.9419,5.2574,5.1443,5.0811,5.4369,5.0704,5.5539,5.6626
 ENSMUSG00000013160,10.3843,10.2602,10.355,10.4721,10.0997,9.9385,10.2355,10.2585,10.2622,10.3736,9.9346,9.6458
 ENSMUSG00000054717,11.3719,10.8754,11.2075,10.6743,10.7943,10.6738,10.7616,10.5421,10.6519,10.7429,10.7329,10.8659
 ENSMUSG00000074006,6.14,6.2101,5.9799,6.4952,5.9023,6.1122,5.8535,5.5159,6.1652,6.2082,6.0844,6.0881
 ENSMUSG00000059182,11.0916,11.158,11.3093,11.3605,10.8425,10.6519,10.8495,10.88,11.3082,11.2384,11.0278,10.7757
 ENSMUSG00000045503,10.2721,10.3278,10.2719,10.4491,9.9117,9.8643,10.0568,10.2838,10.465,10.5322,10.636,10.1717
 ENSMUSG00000105395,6.4399,6.3271,6.3728,6.7406,6.1707,6.03,6.4621,6.5471,6.5851,6.5447,6.0597,6.0347
 ENSMUSG00000075266,6.2306,5.9047,6.19,6.0596,5.6507,5.5257,5.7824,5.7436,6.2269,6.1554,5.8731,5.998
 ENSMUSG00000025759,9.549,9.7444,9.5948,9.9386,9.282,9.2851,9.3303,9.4751,9.8567,9.8868,9.4098,9.465
 ENSMUSG00000024480,8.3147,8.1324,8.2626,8.1001,8.1591,7.6036,8.481,8.1351,8.1344,8.2764,8.5635,8.2472
 ENSMUSG00000017802,11.5258,11.5659,11.6386,11.7871,11.2525,11.0585,11.5069,11.5514,11.7971,11.7487,11.8244,11.343
 ENSMUSG00000020752,11.1473,11.3035,11.1298,11.385,10.7679,10.7676,11.2891,11.4921,11.3763,11.2378,11.4481,11.1796
 ENSMUSG00000021476,8.6979,8.9564,8.7911,8.8374,8.5012,8.4022,8.4191,8.4614,8.9127,8.7659,8.2812,8.3587
 ENSMUSG00000042182,7.1623,7.6549,7.515,7.6097,6.9775,7.1823,7.3528,7.071,7.4608,7.2504,7.2428,6.9512
 ENSMUSG00000021814,11.1069,10.9518,10.9469,10.8254,10.5936,10.3431,10.5859,10.6294,10.8963,10.9486,11.1384,10.8571
 ENSMUSG00000037434,9.644,9.6953,9.7271,9.6013,9.3782,9.0009,9.4505,9.3313,9.478,9.5212,9.4385,9.0188
 ENSMUSG00000025232,11.4632,11.3768,11.5983,11.1805,11.1127,10.7738,11.0288,11.1601,11.0719,11.0898,11.5153,11.1509
 ENSMUSG00000034110,7.5977,7.4202,7.6476,7.6758,7.0815,6.9585,7.3162,7.2631,7.571,7.5697,7.606,7.556
 ENSMUSG00000024180,9.08,9.0459,9.1299,8.9653,8.6483,8.6397,8.6522,8.9738,8.9562,8.8668,8.5678,8.4045
 ENSMUSG00000070000,11.5169,11.5791,11.4272,11.7339,11.0951,11.1453,11.2207,11.3876,11.6779,11.6433,11.3356,11.0609
 ENSMUSG00000032249,12.0722,11.8203,11.8966,11.7953,11.8297,11.6297,11.5383,11.8654,11.6683,11.7939,12.2959,12.263
 ENSMUSG00000038225,10.0502,10.1075,10.0019,10.2036,9.766,9.7423,10.1306,10.1084,10.1297,10.3183,10.5994,10.3141
 ENSMUSG00000031310,10.1835,10.2529,10.1691,10.3422,9.777,9.6838,9.8823,10.1655,10.3053,10.2934,9.7787,10.0441
 ENSMUSG00000057335,12.2765,12.2938,12.2234,12.4833,11.8659,11.8695,11.9548,12.0843,12.4349,12.5144,12.3855,12.0591
 ENSMUSG00000051184,7.9504,7.8025,7.7495,7.8629,7.6722,7.2735,7.822,8.1481,7.7166,8.0327,8.1192,7.8742
 ENSMUSG00000027852,11.3489,11.3611,11.3893,11.5644,11.0309,11.0037,11.4532,11.3515,11.5085,11.4949,11.886,11.5069
 ENSMUSG00000038056,13.8692,14.0507,13.8927,14.0708,13.5777,13.7817,13.5208,13.6008,14.1669,14.1338,13.8847,13.576
 ENSMUSG00000060671,11.0649,11.0822,11.0159,11.157,10.6739,10.7566,10.7559,10.8355,11.1344,11.1071,11.5097,11.1576
 ENSMUSG00000041530,11.2029,11.3662,11.251,11.9,11.2373,11.0405,11.1949,11.4487,11.4759,11.6161,11.5796,11.4002
 ENSMUSG00000033589,8.971,8.9177,8.7293,9.0447,8.5892,8.6051,8.857,8.8399,8.938,8.9585,9.4851,8.8611
 ENSMUSG00000039046,11.6208,11.6109,11.477,11.7649,11.2556,11.4058,11.0503,11.2144,11.591,11.659,11.8006,11.6305
 ENSMUSG00000028684,9.72,9.664,9.7632,9.7355,9.2185,9.1903,9.6693,9.6771,9.6946,9.9327,9.9396,9.637
 ENSMUSG00000044348,10.1601,10.1286,10.104,10.3469,9.5584,9.6434,9.9849,9.9706,10.0496,10.2731,10.171,10.0552
 ENSMUSG00000002064,9.7321,9.8316,9.9082,9.8939,9.3577,9.3367,9.5536,9.6522,10.0067,9.8881,9.6269,9.4074
 ENSMUSG00000027678,13.0196,13.1319,12.9582,13.3651,12.6689,12.7327,12.8505,12.9148,13.1754,13.2177,12.9438,12.6024
 ENSMUSG00000038976,11.7926,11.8439,11.7728,11.9026,11.4617,11.323,11.2379,11.4793,11.708,11.748,11.9555,11.5919
 ENSMUSG00000090272,13.9937,14.0089,13.8649,13.6684,13.5835,13.4525,13.5977,13.7409,13.8557,14.1205,14.2189,13.8216
 ENSMUSG00000002778,9.8427,9.7194,9.5966,9.6136,9.2696,9.162,9.3025,9.57,9.5288,9.6852,9.9363,9.4583
 ENSMUSG00000001036,7.5134,7.6212,7.6405,7.4945,7.3065,7.5463,6.8699,7.3103,7.486,7.5496,7.5718,7.7811
 ENSMUSG00000018474,12.5793,12.7425,12.4906,12.7076,12.346,12.301,11.9964,12.4915,12.5214,12.4484,12.8948,12.5232
 ENSMUSG00000030986,9.2441,9.2246,9.2389,9.2279,8.8463,8.8013,8.8739,9.123,9.3276,9.3955,9.561,9.2677
 ENSMUSG00000042903,9.789,9.8928,9.6379,10.1381,9.5838,9.6904,9.5351,9.5796,9.8901,10.0719,9.5697,9.3759
 ENSMUSG00000071176,7.812,7.6769,7.8323,7.6035,7.4353,7.6587,7.5232,7.2631,7.9474,7.9119,7.4548,7.2965
 ENSMUSG00000003746,14.3593,14.4886,14.3367,14.1518,13.9196,13.9048,13.7169,13.8767,14.2138,14.1131,14.1779,13.9725
 ENSMUSG00000001751,9.5277,9.3186,9.4967,9.462,9.0499,8.7766,9.3695,9.4828,9.3603,9.3106,9.6207,9.3347
 ENSMUSG00000026656,12.0926,12.12,12.0807,12.1546,11.7272,11.7901,11.603,11.9033,11.9938,11.9367,11.7543,11.414
 ENSMUSG00000033220,13.8185,13.6524,13.6268,13.731,13.4849,13.3166,13.6121,13.803,13.6913,13.8185,14.2457,13.8901
 ENSMUSG00000023572,10.2773,10.3782,10.174,10.4889,10.0367,10.0353,10.365,10.3584,10.36,10.8343,10.0874,10.1093
 ENSMUSG00000029998,10.1355,10.1997,10.2161,10.0435,9.9726,9.4187,9.9254,9.695,9.9903,10.1506,10.0304,9.8731
 ENSMUSG00000024958,8.4191,8.5423,8.3123,8.3189,7.8507,7.9402,7.9786,8.392,8.3453,8.3245,8.546,8.2238
 ENSMUSG00000023094,7.0398,7.0494,7.0968,7.2159,6.65,6.6665,6.7828,6.7496,7.1414,7.0451,6.8298,6.5082
 ENSMUSG00000039759,8.6077,8.8122,8.5415,8.9891,8.4467,8.3446,8.2992,8.5376,8.7815,8.7601,8.4316,8.2625
 ENSMUSG00000030788,10.6919,10.7144,10.7226,10.8626,10.3895,10.3026,10.5897,10.6294,10.7655,10.8148,10.3541,10.1512
 ENSMUSG00000002871,9.5931,9.6791,9.5579,9.7326,9.212,9.1572,9.3606,9.3955,9.7799,9.7931,9.5997,9.2388
 ENSMUSG00000037062,12.0793,11.9724,12.0239,12.0721,11.6287,11.64,11.5884,11.5471,11.909,12.2273,11.9199,11.7066
 ENSMUSG00000032641,7.4129,7.5393,7.2807,7.566,7.3898,7.2557,7.1032,7.4432,7.3552,7.9119,7.0323,7.3765
 ENSMUSG00000057945,5.4665,5.7861,5.4972,5.9259,5.5271,5.5853,5.408,5.386,6.1171,5.8347,5.6576,5.798
 ENSMUSG00000036985,9.3956,9.4947,9.5746,9.8162,9.1141,9.2542,9.0439,9.2849,9.6212,9.5569,9.4001,9.2014
 ENSMUSG00000035382,10.3469,10.4221,10.4078,10.5219,9.8935,9.993,10.0987,10.2128,10.5209,10.5288,10.5356,10.1419
 ENSMUSG00000018567,11.8457,11.5248,11.7975,11.4627,11.4235,11.0699,11.4539,11.6835,11.5859,11.7428,11.8817,11.654
 ENSMUSG00000023186,9.7921,9.576,9.7632,9.3959,9.3036,9.3025,9.4364,9.162,9.478,9.4068,9.037,9.2212
 ENSMUSG00000015575,10.885,10.8059,11.0376,10.9525,10.5478,10.4716,10.8139,10.8525,10.9454,10.9196,11.3683,10.8964
 ENSMUSG00000039585,12.1186,12.1577,12.4783,12.2431,11.8664,11.6896,11.8638,11.7373,12.0444,11.9537,12.1229,12.1751
 ENSMUSG00000027739,9.6087,9.8426,9.659,9.8825,9.2664,9.2362,9.6644,9.594,9.8151,9.8894,9.8989,9.727
 ENSMUSG00000057554,11.6083,11.5976,11.538,11.5577,11.0683,11.0699,11.3724,11.4683,11.5917,11.6679,11.347,11.0838
 ENSMUSG00000034189,10.8801,10.8059,10.9282,11.0245,10.6319,10.5299,10.815,11.0943,11.0307,11.1036,11.3782,10.9591
 ENSMUSG00000000861,13.5403,13.8233,13.6397,14.1475,13.5312,13.4503,13.3732,13.5342,13.8528,13.812,13.4243,13.5696
 ENSMUSG00000108218,9.5502,9.7234,9.4731,9.9808,9.2443,9.6434,9.5191,9.3845,9.9146,9.8612,9.4385,9.5331
 ENSMUSG00000061455,10.1413,10.213,10.1432,10.4231,9.8501,9.8378,10.1619,10.1084,10.4346,10.4924,9.943,9.9272
 ENSMUSG00000024197,9.8315,9.7273,9.7453,9.7013,9.4766,9.324,9.2059,9.3873,9.7632,9.9672,9.6496,9.5875
 ENSMUSG00000029552,10.7713,10.8435,10.7822,10.6838,10.5151,10.5226,10.5679,10.7073,10.8654,10.8371,11.3363,10.9661
 ENSMUSG00000031799,12.7534,12.6501,12.7341,12.6828,12.2614,12.2554,12.4482,12.6866,12.7961,12.8697,12.6687,12.2474
 ENSMUSG00000026944,10.5388,10.7699,10.7033,10.9543,10.2926,10.3155,10.5457,10.7739,10.8284,10.7199,10.4023,10.3397
 ENSMUSG00000063383,6.9595,6.8205,7.0968,6.6594,6.5287,6.4637,6.8006,6.942,6.8322,7.1735,6.9414,6.5717
 ENSMUSG00000037318,13.2404,13.3363,13.1551,13.2502,12.8712,12.9413,13.1173,13.2715,13.4125,13.3882,13.0736,12.6716
 ENSMUSG00000047126,14.1264,14.0909,14.162,14.238,13.86,13.7968,14.0875,14.1449,14.0793,14.2024,14.6724,14.3604
 ENSMUSG00000030047,12.7248,12.6734,12.6799,12.8386,12.3045,12.4395,12.4266,12.4722,12.8917,13.0611,12.8441,12.689
 ENSMUSG00000026827,11.1386,11.0976,11.1786,11.2447,10.5785,10.7279,10.8916,10.9871,11.1473,11.2247,11.262,10.8225
 ENSMUSG00000019806,9.8798,9.901,9.9169,10.0389,9.4901,9.6158,9.605,9.5208,9.8543,9.7657,9.417,9.3635
 ENSMUSG00000023104,11.4812,11.4592,11.4404,11.6066,11.1101,11.0534,11.4213,11.5117,11.5602,11.6093,11.9088,11.4366
 ENSMUSG00000010025,10.6103,10.6678,10.5556,10.5581,10.1207,10.0011,10.4235,10.6072,10.5278,10.607,10.7785,10.4868
 ENSMUSG00000018322,11.2264,11.3241,11.1498,11.1225,10.8362,10.8702,10.9223,11.1019,11.1037,11.0688,11.6503,11.2934
 ENSMUSG00000060538,9.4108,9.202,9.3403,9.4083,8.8421,8.9355,8.9984,8.8794,9.3569,9.4197,9.257,9.0301
 ENSMUSG00000020462,9.4919,9.2227,9.3006,9.3616,8.8379,8.9466,8.9946,8.7742,9.247,9.3323,9.071,9.0938
 ENSMUSG00000049086,8.5763,8.4398,8.3984,8.4989,8.3902,7.9947,7.8479,8.4404,8.162,8.4308,8.1133,8.2472
 ENSMUSG00000050605,7.8161,7.9272,7.6263,7.9333,7.6141,7.3592,7.7136,7.7557,7.9609,8.1575,7.5632,7.5497
 ENSMUSG00000035258,5.9393,5.9235,5.5599,5.9458,5.4832,5.5853,5.8184,5.2423,5.7668,5.6672,5.9013,5.8815
 ENSMUSG00000001018,9.9864,9.9311,9.9444,9.8373,9.6599,9.4773,10.1112,10.2479,10.0078,10.2052,10.0445,10.122
 ENSMUSG00000028223,9.3635,9.1944,9.1891,8.9115,8.932,8.6868,9.0734,9.0998,9.0114,9.0849,9.4666,9.3812
 ENSMUSG00000032053,13.5899,13.667,13.4697,13.5428,13.1149,13.2496,13.1641,13.2337,13.6471,13.7718,13.3889,13.236
 ENSMUSG00000062078,12.1223,12.2072,12.2337,12.3623,11.9163,11.8,12.1026,12.0383,12.3005,12.4099,12.6153,12.1461
 ENSMUSG00000019920,11.4342,11.4762,11.5892,11.5565,11.08,10.9837,11.5001,11.5642,11.6108,11.6749,11.661,11.3335
 ENSMUSG00000001794,11.328,11.1364,11.3547,11.0211,10.7779,10.628,10.9653,11.1243,11.1229,11.2205,11.1067,10.816
 ENSMUSG00000074513,10.0272,9.9311,10.0532,9.9337,9.5507,9.5842,10.1722,9.8403,10.0799,10.1428,10.2794,9.932
 ENSMUSG00000032047,10.525,10.2205,10.4548,10.301,10.0658,9.8614,9.9614,10.0524,10.4019,10.4278,10.4676,10.2946
 ENSMUSG00000037499,7.3908,7.1554,7.4994,7.1581,7.1377,6.6932,7.0594,7.4326,7.0847,7.3391,7.2644,7.3836
 ENSMUSG00000051098,8.031,8.1986,8.2672,8.2457,7.6911,7.6587,7.723,7.9467,8.2119,8.117,7.9958,7.9039
 ENSMUSG00000025350,7.4928,7.4202,7.4356,7.6341,7.023,7.0019,7.4907,7.4849,7.3823,7.6027,7.1646,7.1216
 ENSMUSG00000078762,10.0875,10.0338,9.9401,9.9867,9.6162,9.5878,9.9315,10.1941,10.2027,10.0998,9.8338,9.6282
 ENSMUSG00000042271,8.0058,7.8994,8.0922,7.8731,7.6435,7.3758,7.7868,7.8303,8.0008,7.7685,8.2274,7.8692
 ENSMUSG00000032507,7.757,7.8805,7.5303,8.2337,7.4127,7.6314,7.6947,7.5354,7.8044,7.9634,7.7582,7.797
 ENSMUSG00000045377,5.6865,5.5626,5.2122,5.8644,5.6895,5.181,5.5871,5.386,5.7025,5.5616,5.6576,5.8404
 ENSMUSG00000000881,8.0416,7.9409,7.7028,7.6933,7.7281,7.291,7.3162,7.5154,7.6568,7.622,7.5368,7.5684
 ENSMUSG00000043505,11.4409,11.4809,11.3803,11.4762,11.0235,11.3187,10.9294,11.3116,11.5665,11.6298,11.6271,11.4392
 ENSMUSG00000044783,11.772,11.7992,11.7484,11.7472,11.4638,11.462,11.4851,11.5871,12.089,12.0215,11.9907,11.6261
 ENSMUSG00000072915,9.3635,9.4697,9.3597,9.5138,9.0824,9.0115,9.5084,9.6222,9.4748,9.5619,9.0432,9.1486
 ENSMUSG00000022003,8.8731,8.8271,8.8595,9.056,8.569,8.4183,8.5922,8.8278,8.9034,9.0304,8.7583,8.4045
 ENSMUSG00000031109,9.4513,9.4442,9.3915,9.5654,8.9595,9.2042,9.1166,9.2908,9.5197,9.5126,8.9795,9.0916
 ENSMUSG00000005469,9.8213,9.7535,9.5353,9.8109,9.407,9.1524,9.5614,9.8523,9.648,9.7959,9.8175,9.4516
 ENSMUSG00000071649,9.9763,9.9616,9.9867,9.9226,9.438,9.4463,9.6201,9.9447,9.9603,9.8352,9.7917,9.5283
 ENSMUSG00000029518,10.6397,10.4827,10.6008,10.5826,10.2407,10.2453,10.3635,10.6248,10.633,10.7296,11.0239,10.6455
 ENSMUSG00000032913,11.1035,11.231,11.1907,11.4533,10.8676,10.9371,11.2387,11.1609,11.493,11.4773,11.4487,11.0101
 ENSMUSG00000022587,14.9857,14.8719,14.8719,14.8033,14.591,14.436,14.7854,15.145,14.8333,14.9764,15.2284,14.7972
 ENSMUSG00000005103,13.6681,13.6081,13.7436,13.566,13.3321,13.1962,13.6304,13.7894,13.8319,13.753,13.9987,13.626
 ENSMUSG00000028164,10.1763,10.1346,10.1982,10.4645,9.8751,9.8555,9.9475,9.8363,10.292,10.3341,9.916,9.9053
 ENSMUSG00000030798,14.122,14.1522,14.0273,14.2849,13.8,13.7139,14.0089,14.4337,14.1843,14.3034,13.996,13.8685
 ENSMUSG00000040415,8.7465,8.7487,8.6786,8.6439,8.4578,8.2492,8.4699,8.6005,9.0179,8.9329,8.4646,8.5588
 ENSMUSG00000026571,9.8778,9.9368,9.9529,10.1285,9.7,9.6434,9.8421,9.7684,10.0695,10.0882,9.5869,9.4432
 ENSMUSG00000034354,12.5278,12.6049,12.5288,12.7652,12.2304,12.2425,12.5684,12.709,12.764,12.8548,12.7741,12.3254
 ENSMUSG00000041673,10.2339,10.5646,10.3571,10.6588,10.0012,9.9877,10.2868,10.2358,10.5064,10.4667,10.5521,10.3406
 ENSMUSG00000024299,10.6743,10.9597,10.7742,10.8907,10.4871,10.4148,10.6955,10.7906,11.2091,10.9222,10.9081,10.7487
 ENSMUSG00000029213,10.8277,10.8084,10.8115,10.8405,10.483,10.3389,10.8916,10.9204,10.9271,10.9871,11.1296,10.7391
 ENSMUSG00000035133,10.0396,10.0758,10.319,9.9263,9.848,9.6297,9.9295,9.7082,9.9692,9.7541,10.2807,10.1008
 ENSMUSG00000043432,9.0094,9.0395,8.8984,9.0916,8.7189,8.6735,8.7875,9.3083,8.9539,9.3517,9.1598,8.9516
 ENSMUSG00000027180,10.8339,10.8368,10.9144,10.83,10.3515,10.3722,10.7121,10.757,10.9385,10.969,11.0176,10.7602
 ENSMUSG00000041765,10.3801,10.4959,10.4264,10.517,10.0622,9.9245,10.4177,10.5085,10.582,10.5775,10.4547,10.1543
 ENSMUSG00000078153,10.9687,10.9692,10.8849,11.0314,10.6787,10.7101,10.6225,10.7602,10.8886,10.8597,11.3948,11.0994
 ENSMUSG00000000532,9.9502,10.0685,9.9825,10.2497,9.6212,9.6331,9.803,10.0662,10.1941,10.2041,10.1495,10.0035
 ENSMUSG00000035367,10.2705,10.4519,10.2137,10.5276,9.9918,10.1112,10.155,10.0816,10.4249,10.4765,10.5931,10.5864
 ENSMUSG00000073423,8.564,8.5543,8.3517,8.6766,8.2188,8.2846,8.2156,8.567,8.6287,8.7484,8.3074,8.1093
 ENSMUSG00000058240,9.4867,9.6192,9.5257,9.7771,9.1723,9.1476,9.5562,9.6591,9.6549,9.6666,9.8211,9.4348
 ENSMUSG00000038910,12.2887,12.3435,12.3017,12.3536,11.9032,11.8702,12.0905,12.2713,12.498,12.5122,12.0991,12.0654
 ENSMUSG00000031337,10.1087,10.2801,10.2934,10.3579,9.8311,9.9329,9.9984,10.1051,10.3735,10.4122,9.8885,9.9248
 ENSMUSG00000022364,8.4354,8.4398,8.4355,8.3958,8.3192,7.8124,8.0171,8.1738,8.3692,8.2517,8.2812,7.9569
 ENSMUSG00000028057,9.549,9.457,9.5257,9.4432,9.1622,8.8902,9.0137,9.2996,9.4398,9.388,9.1598,9.3865
 ENSMUSG00000103717,5.0047,4.8408,5.2122,5.1711,4.8002,4.7123,4.6531,4.6819,5.0361,5.1842,4.738,5.0425
 ENSMUSG00000025521,8.5591,8.5303,8.5566,8.5638,8.3313,7.9623,8.0839,8.2603,8.4191,8.6129,8.4599,8.54
 ENSMUSG00000073889,8.0731,8.1483,8.2207,8.2653,8.0094,7.7118,7.7598,8.0051,8.2195,8.2966,8.0276,7.7322
 ENSMUSG00000048897,11.1551,11.2042,11.1901,11.4984,10.9647,10.7279,10.8463,11.0655,11.2797,11.2973,11.1478,11.218
 ENSMUSG00000034330,13.4767,13.5224,13.3575,13.6394,13.1129,13.1889,13.0197,13.2373,13.4903,13.6332,13.3382,13.1438
 ENSMUSG00000108314,8.1571,8.2024,8.138,8.3487,7.7553,7.7248,7.7688,8.102,8.2529,8.1968,8.0213,7.971
 ENSMUSG00000032898,9.5882,9.7483,9.5857,9.7825,9.2506,9.1572,9.3088,9.4569,9.5809,9.6494,9.775,9.4398
 ENSMUSG00000033557,10.9491,10.9077,10.9405,10.9978,10.6798,10.6089,10.8707,10.9346,10.9734,11.0927,11.431,11.0984
 ENSMUSG00000032366,10.4709,10.5325,10.3806,10.5071,10.1432,10.061,10.1411,10.2143,10.5973,10.7377,10.2991,10.3233
 ENSMUSG00000027331,8.5114,8.333,8.2441,8.0421,8.1179,7.984,7.8564,8.0818,8.2418,8.0083,8.2383,7.7704
 ENSMUSG00000087370,10.2066,10.2675,10.4099,10.6166,10.1294,10.1235,9.903,9.8779,10.3009,10.2484,10.379,10.1461
 ENSMUSG00000075595,12.1284,12.2809,12.0643,12.4694,11.8397,11.8976,11.7829,11.974,12.209,12.2754,12.1877,11.9465
 ENSMUSG00000054792,10.457,10.6747,10.5962,10.7283,10.1635,10.1308,10.2339,10.3316,10.6202,10.4632,10.5608,10.2644
 ENSMUSG00000026430,11.9588,11.8639,11.9051,12.0308,11.5508,11.4735,11.6588,11.8491,12.0098,12.1013,11.7571,11.5839
 ENSMUSG00000035171,10.7209,10.7071,10.8326,10.8287,10.3545,10.4247,10.5097,10.4869,10.9351,10.9229,10.8532,10.5152
 ENSMUSG00000034902,11.2449,11.3397,11.2446,11.7065,11.1667,11.0366,11.007,11.2221,11.4985,11.544,11.3702,11.2027
 ENSMUSG00000035311,11.1981,11.1755,11.2323,11.4217,10.8676,10.8731,10.9223,10.9355,11.2998,11.2872,11.3552,11.3628
 ENSMUSG00000005621,12.2095,12.3025,12.1109,12.5056,11.9499,11.9364,12.0226,12.1456,12.3864,12.4189,12.2518,11.8742
 ENSMUSG00000025893,7.299,7.4589,7.4274,7.3472,7.008,6.8909,7.3768,7.4642,7.4671,7.4003,7.6394,7.3836
 ENSMUSG00000021156,12.011,12.0577,11.9886,12.1353,11.6244,11.6755,11.7044,11.8908,12.138,12.2685,12.0673,11.8291
 ENSMUSG00000006736,9.8427,9.6913,9.7019,9.4755,9.3399,9.1086,9.3425,9.4517,9.4748,9.4417,9.338,9.2791
 ENSMUSG00000053799,11.3193,11.2472,11.2335,11.2137,10.8634,10.7597,11.0605,11.0859,11.327,11.4518,11.0567,10.9714
 ENSMUSG00000024513,11.5318,11.3517,11.4505,11.3881,11.0809,10.9783,11.1306,11.2668,11.4767,11.4953,11.1478,10.9836
 ENSMUSG00000047767,12.1572,12.2998,12.1106,12.4074,11.8777,11.9231,12.1665,12.2298,12.391,12.5105,12.0886,11.9372
 ENSMUSG00000051950,7.6773,7.7619,7.8136,7.6758,7.2439,7.291,7.4234,7.3219,7.571,7.6348,7.7957,7.67
 ENSMUSG00000004798,10.907,11.0425,11.0295,10.9842,10.6608,10.4907,10.8495,10.8693,11.0807,10.9746,10.7549,10.5079
 ENSMUSG00000033721,10.1163,10.1106,10.1469,10.1091,9.9356,9.6502,9.876,9.8701,10.1797,10.0812,9.8658,9.5567
 ENSMUSG00000024937,11.4783,11.5477,11.5063,11.7409,11.2277,11.1633,11.1411,11.1871,11.5756,11.5737,11.2356,11.3055
 ENSMUSG00000018740,7.588,7.3938,7.2898,7.4744,7.023,7.201,7.0446,7.1379,7.0512,7.191,6.9279,7.0611
 ENSMUSG00000023010,12.7761,12.6638,12.7204,12.8221,12.3914,12.1657,12.438,12.541,12.6308,12.7501,12.7556,12.4072
 ENSMUSG00000090004,6.5541,6.3549,6.19,6.3396,6.0279,6.1515,6.2438,6.1107,6.3703,6.6113,6.559,6.5717
 ENSMUSG00000041935,11.5617,11.684,11.6065,11.8326,11.2024,11.1892,11.5423,11.5793,11.6792,11.781,11.7035,11.57
 ENSMUSG00000019943,12.234,12.3418,12.2969,12.3059,11.9727,11.9864,11.8275,11.8693,12.2596,12.3171,12.3729,12.3058
 ENSMUSG00000093938,12.3287,12.1478,12.144,11.8931,11.9248,11.6494,11.7358,12.1713,12.0975,12.1942,11.9376,12.015
 ENSMUSG00000032086,9.7688,9.9311,9.7053,10.1728,9.6039,9.5627,9.6176,9.5432,9.8794,9.986,9.7019,9.5737
 ENSMUSG00000022867,12.1621,12.0676,12.1029,12.1528,11.7278,11.7885,11.8796,11.8898,12.1023,12.3858,12.2695,11.9057
 ENSMUSG00000090035,10.378,10.3949,10.2957,10.5621,10.0311,9.9984,10.2009,10.4714,10.406,10.6005,10.5867,10.3478
 ENSMUSG00000005362,11.4893,11.4793,11.5365,11.361,11.08,11.2476,11.3333,11.2883,11.6111,11.691,11.7891,11.4497
 ENSMUSG00000022488,13.9297,13.9131,13.9014,13.7999,13.4516,13.331,13.6799,13.8162,13.9126,13.938,13.8582,13.674
 ENSMUSG00000038733,12.62,12.7806,12.6957,13.0897,12.5267,12.5722,12.5323,12.4365,12.8372,12.9258,12.6415,12.4791
 ENSMUSG00000031828,8.4027,8.4527,8.4067,8.5701,8.1455,7.895,8.0984,8.3419,8.5473,8.4012,8.4316,8.3334
 ENSMUSG00000026029,11.6152,11.6748,11.5745,11.5668,11.2188,11.1892,11.2,11.336,11.6454,11.6073,11.359,11.2298
 ENSMUSG00000059149,11.9255,12.0751,11.908,12.3716,11.7284,11.8333,11.7335,11.7729,12.1375,12.1621,11.9801,11.8987
 ENSMUSG00000021556,9.6705,9.6334,9.7002,9.3815,9.2055,9.1428,9.229,9.3679,9.4382,9.3362,9.3431,9.1527
 ENSMUSG00000043535,13.2167,13.2835,13.2561,13.4176,12.9878,12.92,13.1784,13.2034,13.4039,13.4603,13.6176,13.2392
 ENSMUSG00000034116,12.564,12.5757,12.5527,12.7729,12.2267,12.3203,12.3156,12.4527,12.6325,12.6733,12.8892,12.5622
 ENSMUSG00000029291,10.6013,10.6808,10.564,10.5557,10.3735,10.3515,10.1942,10.1909,10.4459,10.365,10.7887,10.6759
 ENSMUSG00000040813,9.0487,9.1018,9.1349,9.0356,8.7235,8.6465,8.8528,8.6333,9.0071,8.956,9.2189,9.0256
 ENSMUSG00000031387,8.5591,8.3433,8.6008,8.7397,8.5639,8.2311,8.3484,8.2482,8.4986,8.6065,8.1073,8.5987
 ENSMUSG00000023015,9.4392,9.134,9.1939,9.2982,8.9241,8.9848,8.857,8.8833,9.181,9.2865,9.3201,9.0097
 ENSMUSG00000020790,12.7269,12.7645,12.707,12.8715,12.3493,12.247,12.515,12.5058,12.7303,12.8002,12.7618,12.5938
 ENSMUSG00000027010,10.53,10.3833,10.355,10.4771,10.0568,10.1381,9.905,10.0662,10.3026,10.4379,10.2365,10.2158
 ENSMUSG00000038206,9.6591,9.7007,9.69,9.6692,9.2538,9.3111,9.6276,9.4981,9.7849,9.8282,9.5719,9.3219
 ENSMUSG00000031066,10.371,10.5851,10.3223,10.4099,10.0106,10.1161,10.1359,10.266,10.3437,10.3793,10.0257,9.977
 ENSMUSG00000000838,11.1846,11.2677,11.2224,11.3184,10.8932,10.8585,11.1806,11.1094,11.2895,11.2714,11.5747,11.2317
 ENSMUSG00000054920,9.7122,9.664,9.9111,10.009,9.8119,9.5001,9.4866,9.39,9.7014,9.8282,9.7136,9.8992
 ENSMUSG00000036817,10.7713,10.8848,10.7734,11.0766,10.464,10.5114,10.705,10.7399,11.0037,10.974,10.8961,10.693
 ENSMUSG00000042608,9.8468,9.9425,9.8665,10.1145,9.6285,9.5482,9.7284,9.7235,9.949,9.9224,10.1838,9.9582
 ENSMUSG00000034601,10.1939,10.2326,10.1507,10.2702,9.8311,9.8198,10.1271,10.1607,10.3625,10.335,10.0491,9.8893
 ENSMUSG00000001741,13.6599,13.6461,13.6272,13.5913,13.2303,13.269,13.337,13.5235,13.6964,13.7886,13.6732,13.3715
 ENSMUSG00000090019,12.3752,12.368,12.3125,12.438,11.9068,12.0294,12.1397,12.3725,12.3916,12.5209,12.4282,12.1705
 ENSMUSG00000108547,6.4825,6.3686,6.2474,6.2785,5.9665,6.0717,6.0471,6.0275,6.4499,6.4314,6.2243,6.0528
 ENSMUSG00000025612,10.2058,10.2801,10.3135,10.4379,9.873,10.0378,10.0933,10.035,10.4515,10.4103,10.2159,10.0803
 ENSMUSG00000051674,8.199,8.2872,8.1127,8.1768,7.8507,7.7504,7.8045,7.8141,8.0397,7.8028,8.0339,8.0618
 ENSMUSG00000041231,11.4257,11.3445,11.4675,11.1128,11.0511,10.8847,11.1991,11.4228,11.2935,11.4332,11.328,11.1296
 ENSMUSG00000020492,8.7508,8.3468,8.6081,8.6589,8.4412,8.2402,8.3117,8.2177,8.5915,8.6194,8.4221,8.2778
 ENSMUSG00000028826,10.7935,10.8325,10.7482,10.917,10.4803,10.6805,10.4434,10.4624,10.872,10.9702,10.847,10.6651
 ENSMUSG00000031907,8.9064,9.048,9.031,9.1026,8.6289,8.5479,8.8528,8.8318,9.033,9.1103,8.9129,8.778
 ENSMUSG00000020375,10.6919,10.6822,10.564,10.717,10.3721,10.3577,10.29,10.3793,10.6609,10.7707,10.7653,10.4
 ENSMUSG00000001847,11.7252,11.5983,11.6173,11.8702,11.507,11.2193,11.356,11.4513,11.5419,11.6906,11.7633,11.6194
 ENSMUSG00000009090,11.4697,11.421,11.4143,11.5969,11.0272,11.0405,11.3642,11.4831,11.4735,11.4804,11.5365,11.3552
 ENSMUSG00000029007,9.3789,9.3853,9.3272,9.3525,9.0241,8.9794,9.0326,9.0241,9.14,9.2496,9.1279,8.8611
 ENSMUSG00000047045,10.5469,10.6139,10.6026,10.7653,10.5283,10.2089,10.3931,10.3903,10.5871,10.7649,10.829,10.6143
 ENSMUSG00000040520,10.7612,10.7564,10.7007,10.6573,10.3924,10.4812,10.3165,10.4701,10.7454,10.8239,10.7164,10.4121
 ENSMUSG00000026436,12.9489,13.0176,12.8666,13.3227,12.7232,12.7291,12.7355,12.9081,13.0636,13.0884,13.0051,12.9085
 ENSMUSG00000037349,7.1226,7.1156,6.9896,6.763,6.7255,6.7453,6.7464,6.9116,7.0256,7.2421,6.8442,6.9607
 ENSMUSG00000042228,14.0179,14.0089,13.9919,14.0397,13.6029,13.7082,13.7339,13.755,14.0053,14.1132,13.9725,13.7182
 ENSMUSG00000026176,11.5198,11.464,11.5165,11.64,11.2931,11.1525,11.2116,11.4262,11.6068,11.6644,11.6359,11.4196
 ENSMUSG00000022504,13.8365,13.928,13.8173,14.0321,13.6634,13.5537,13.6053,13.8636,14.0139,14.0312,13.8281,13.6851
 ENSMUSG00000020919,11.4854,11.5414,11.3466,11.6085,11.2,11.2043,11.2191,11.3718,11.5542,11.5179,11.2806,11.138
 ENSMUSG00000052712,10.8781,10.7763,10.791,10.7055,10.5125,10.3742,10.6728,10.7463,10.7954,10.8739,10.8874,10.9129
 ENSMUSG00000028771,9.3677,9.3081,9.3704,9.4188,9.1001,9.0115,8.9984,8.9848,9.247,9.2885,9.1396,9.0895
 ENSMUSG00000050379,12.5596,12.452,12.4504,12.3705,12.1607,12.0951,12.2342,12.4016,12.4504,12.5707,12.5668,12.4594
 ENSMUSG00000026307,10.1755,10.0581,10.0821,10.1434,9.848,9.7923,9.7718,9.8543,10.1456,10.1043,10.0209,9.9711
