symbol,control_1,control_2,control_3,Hoxa1KN_1,Hoxa1KN_2,Hoxa1KN_3
A2M,7.7757,7.8172,7.606,8.5988,8.6342,8.6221
A4GALT,7.5048,7.6626,7.6124,8.9233,8.812,8.8381
AAAS,8.9854,9.0822,9.0553,8.8083,8.6981,8.7669
AACS,9.6064,9.7765,9.765,9.9611,9.9102,9.9895
AADAC,2.9547,2.348,3.3362,3.8708,4.33,4.4561
AADAT,6.6839,7.0289,7.0642,7.5699,7.4941,7.6068
AAGAB,9.707,9.5807,9.697,9.3187,9.3556,9.2913
AAK1,10.6507,10.8201,10.4591,9.9565,9.9632,9.7912
AAMDC,7.6822,7.9568,7.9076,8.3769,8.4857,8.3679
AAMP,10.5922,10.4555,10.5339,10.7344,10.6005,10.6599
AAR2,9.3568,9.3323,9.3798,9.3566,9.3472,9.3025
AARS1,11.6061,11.4325,11.4624,10.7153,10.7769,10.5959
AARS2,8.4685,8.396,8.4364,7.6176,7.7184,7.6307
AARSD1,4.2487,4.9161,5.2472,3.3754,4.3964,4.5596
AASDH,7.1456,6.9674,7.0642,7.1516,7.1342,6.8953
AASDHPPT,9.7579,9.7438,9.7476,9.9456,9.9755,10.0551
AASS,7.3138,7.3225,7.3137,7.5373,7.6922,7.5885
AATF,10.6416,10.6571,10.5864,10.5172,10.3761,10.4386
ABCA1,10.8129,10.7145,10.522,12.0555,11.9773,11.9762
ABCA10,2,3.5409,3.938,3.972,3.4107,3.604
ABCA13,3.808,3.3989,3.4556,3.8708,3.7525,3.947
ABCA2,10.093,10.0769,10.1802,10.4018,10.3843,10.4403
ABCA5,5.6519,4.9161,5.3119,5.3269,5.4215,4.7898
ABCA6,4.1505,2.6282,2.7255,4.464,3.9423,4.4561
ABCA7,5.8211,5.789,5.6739,6.9052,7.3756,7.3351
ABCA8,6.4355,6.141,6.254,6.639,6.2304,6.6122
ABCA9,4.5086,3.8985,3.6682,4.8831,4.8401,4.4561
ABCB1,4.7287,5.0646,5.1443,6.0827,6.0564,5.9901
ABCB10,8.623,8.442,8.521,6.6543,6.9024,6.7715
ABCB6,7.7169,7.591,7.7531,8.2667,8.1086,8.1449
ABCB7,7.3024,7.5662,7.345,7.6936,7.7054,7.7612
ABCB8,8.8075,8.6717,8.8308,8.2618,8.1763,8.3171
ABCB9,7.8558,7.9118,7.9181,7.6176,7.6246,7.5824
ABCC1,10.6981,10.5759,10.5806,10.9902,11.1718,10.9159
ABCC10,9.2835,9.2622,9.4226,9.7653,9.5173,9.7092
ABCC2,3.808,3.5409,3.8536,3.972,3.5338,3.604
ABCC3,8.3184,8.1741,8.1658,7.3988,7.2008,7.6601
ABCC4,11.33,11.2908,11.3329,13.2631,13.2165,13.3138
ABCC6,5.7888,5.5411,5.3432,5.4372,5.6012,4.9883
ABCC9,7.9464,8.185,7.9076,6.6694,6.6804,6.4331
ABCD1,8.8433,8.7795,8.9801,9.0357,8.9812,9.0791
ABCD3,9.9007,9.9913,10.0332,9.9764,10.0431,10.0562
ABCD4,7.8002,7.8172,7.8379,8.1201,8.0986,8.2722
ABCF1,8.4938,9.3175,9.7922,8.9296,9.4308,8.6428
ABCF2-H2BE1,10.7886,10.807,10.8087,10.539,10.4974,10.4746
ABCF3,9.7558,9.7675,9.7621,9.8788,9.8403,9.9011
ABCG1,4.9197,4.6908,5.0336,7.1836,7.21,7.2756
ABCG2,5.8526,6.0957,5.4903,8.4357,8.2044,8.5765
ABCG4,7.6556,7.9118,7.4849,8.0867,7.9406,7.6717
ABHD1,4.3406,4.9161,4.4213,4.7181,4.7915,4.7466
ABHD10,8.9123,8.8698,8.8796,7.8546,8.0427,7.8353
ABHD11,6.8179,7.2926,7.0067,6.8663,6.7199,6.6361
ABHD12,10.868,10.9014,10.9361,10.7602,10.739,10.7453
ABHD12B,3.9314,4.5634,4.5874,5.122,4.5208,4.6087
ABHD13,8.4272,8.5298,8.5413,9.549,9.4544,9.5249
ABHD14A,6.3047,6.442,6.3951,7.1623,7.0438,7.2135
ABHD14A-ACY1,4.3406,3.3989,2.904,2,2.5596,3.3961
ABHD14B,8.422,8.2588,8.3922,6.4934,6.5981,6.3197
ABHD15,7.8636,7.9313,7.9129,7.9753,7.8546,8.1532
ABHD16B,6.4766,6.8357,6.7032,7.173,7.1244,6.915
ABHD17A,10.333,10.1984,10.2664,9.903,9.88,9.9048
ABHD17B,7.4847,7.5991,7.6567,8.2767,8.0836,8.1573
ABHD17C,7.9967,7.892,7.954,8.731,8.6099,8.8095
ABHD18,6.4355,6.6444,6.7152,6.5103,6.9138,6.4601
ABHD2,11.578,11.6723,11.5931,11.5611,11.6184,11.5492
ABHD3,6.083,6.4953,6.0975,6.4589,6.1168,6.3489
ABHD4,9.2601,9.0588,9.1513,9.869,9.8522,9.8395
ABHD5,8.5622,8.6483,8.6642,8.9972,9.008,9.143
ABHD6,7.3363,6.9674,7.1104,7.1407,6.8909,7.3782
ABHD8,7.0261,7.2622,7.2978,7.0041,7.0746,7.0632
ABI1,9.8468,9.7783,9.8424,9.8408,9.9215,9.9614
ABI2,11.8843,11.8783,11.8053,11.7643,11.7528,11.7232
ABI3,3.5242,3.6702,3.6682,2.6149,3.7525,3.1531
ABI3BP,6.3047,6.3093,6.2206,5.6658,5.5438,5.611
ABITRAM,7.8558,7.5991,7.8158,8.1201,8.1525,8.1818
ABL1,11.6251,11.6082,11.6517,11.4138,11.3646,11.3766
ABL2,10.7208,10.8193,10.4804,10.6519,10.6643,10.6185
ABLIM1,9.0515,8.9768,9.0995,7.1298,7.5092,6.8654
ABLIM3,11.6159,11.5956,11.556,11.9967,11.9595,11.9389
ABR,9.9435,10.0885,10.3136,10.3569,10.0275,9.9964
ABRACL,8.6046,8.721,8.578,9.1235,8.8391,9.0439
ABRAXAS1,7.4847,7.3708,7.5667,7.4869,7.5242,7.5824
ABT1,8.1507,8.2536,8.2549,8.4089,8.3116,8.4169
ABTB1,7.2794,7.4268,7.2978,7.701,7.6588,7.8909
ABTB2,7.1456,7.1668,7.1901,7.4954,7.44,7.6484
ACAA1,9.2183,9.2285,9.2182,9.1069,9.1253,9.1513
ACAA2,9.315,9.3637,9.2619,7.9003,8.1857,8.1239
ACACA,9.4475,8.9579,8.7601,8.749,8.6749,8.7286
ACACB,5.8526,5.872,6.1692,7.6176,7.2465,7.6717
ACAD10,8.0247,8.0666,7.8865,8.0174,8.1621,7.9587
ACAD11,8.3792,8.3724,8.3734,9.8853,9.9327,10.0933
ACAD8,7.9168,7.8854,8.0986,9.1125,9.0317,9.09
ACAD9,9.095,9.1503,9.1884,8.7129,8.5887,8.709
ACADM,8.8859,9.0735,8.8363,8.4836,8.7112,8.5454
ACADS,5.8211,5.8172,6.0027,5.2882,5.2525,5.1952
ACADSB,8.2724,8.3093,8.5037,8.1582,8.2634,8.0144
ACADVL,11.5904,11.5605,11.628,11.485,11.4749,11.4746
ACAN,5.722,5.789,5.792,4.9835,5.0194,5.0606
ACAP1,4.427,4.0004,4.4213,4.5318,4.3964,4.7898
ACAP2,10.3288,10.3995,10.3868,10.9659,11.0456,11.089
ACAT1,9.6853,9.6685,9.7299,9.1801,9.152,9.1114
ACAT2,8.8628,8.9642,9.0482,8.0697,8.1428,8.0098
ACBD3,10.9533,10.969,11.0436,11.0022,11.0384,10.9177
ACBD4,5.3759,5.1109,5.3739,4.7181,4.9766,4.9507
ACBD5,8.9198,8.7759,8.6734,8.9577,9.1006,8.8985
ACBD6,9.0447,9.0617,9.0995,8.9791,8.992,8.8534
ACBD7,4.0451,3.6702,3.5658,3.2195,2.5596,3.1531
ACCS,4.5858,5.1109,5.4333,5.8095,5.6012,5.2885
ACD,7.7839,7.7309,7.8918,7.6712,7.8188,7.7558
ACE,6.4355,5.9505,6.0975,6.9555,7.2008,7.0719
ACER2,5.0883,4.9673,4.5874,7.4697,7.5092,7.4132
ACER3,8.2006,8.3241,8.3427,7.3337,7.4865,7.5885
ACHE,3.1705,3.7889,3.5658,4.5318,4.5208,4.2856
ACIN1,11.3911,11.3039,11.346,11.3894,11.3672,11.3811
ACKR4,2.7008,3.7889,3.0629,4.1552,4.7413,4.1595
ACLY,13.2716,13.3064,13.3582,12.796,12.7732,12.7406
ACMSD,2.9547,3.2413,2.7255,3.0447,4.1872,3.2797
ACO1,12.0225,11.9493,11.9301,10.7208,10.7477,10.654
ACO2,10.697,10.7651,10.8003,10.3604,10.3564,10.2542
ACOT1,6.5746,6.4777,6.7738,6.639,6.6804,6.3049
ACOT11,7.6822,7.647,7.6504,7.5939,7.6656,7.7227
ACOT13,8.1055,8.2741,8.0894,8.2568,8.2986,8.0941
ACOT2,8.4787,8.504,8.521,8.2315,8.4857,8.3355
ACOT4,3.1705,3.0644,2.7255,4.464,4.33,3.8686
ACOT7,10.4843,10.4499,10.6075,10.1778,10.2129,10.1189
ACOT8,8.1821,8.0899,8.1526,8.475,8.3201,8.4169
ACOT9,9.7929,9.8085,9.7908,9.3354,9.343,9.3805
ACOX1,9.8271,9.8517,9.8244,9.2167,9.343,9.2723
ACOX2,6.7525,6.5635,6.6541,4.7181,4.7915,4.6561
ACOX3,8.6944,8.7022,8.8473,8.2161,8.2044,8.1027
ACOXL,2.9547,4.4952,4.6387,2.6149,5.5142,5.4317
ACP1,10.1734,10.2355,10.2006,9.5934,9.62,9.5721
ACP2,9.0136,9.1195,9.12,9.4494,9.3886,9.4545
ACP3,4.7952,5.4359,5.1443,5.0312,5.3562,4.7898
ACP5,3.6731,3.3989,2.7255,6.0827,6.0147,6.1968
ACP6,7.0535,7.1447,7.0261,6.8263,6.8079,6.7715
ACP7,3.6731,3.2413,3.5658,3.2195,2.7747,3.8686
ACSBG1,4.7952,5.3224,4.0934,4.464,3.6473,4.0214
ACSF2,7.8002,7.6233,7.6379,7.1298,7.1342,7.0275
ACSF3,8.1633,8.1577,8.2995,8.2416,8.0886,8.2645
ACSL1,9.5401,9.5348,9.542,9.1828,9.245,9.1739
ACSL3,10.8757,10.8469,10.7847,11.0651,11.0527,11.0667
ACSL4,11.5874,11.7461,11.6462,12.8625,12.7298,13.0551
ACSL5,5.0883,5.1558,5.1794,4.3179,4.1101,4.5088
ACSL6,6.5555,6.5964,7.0357,6.4414,6.3187,6.4331
ACSM2A,3.3581,3.0644,4.0934,3.6442,3.5338,2.8607
ACSM2B,3.1705,4.4952,3.3362,3.8708,3.8505,4.2856
ACSS1,4.7287,5.4359,5.2799,3.8708,4.1872,4.2239
ACSS2,9.1721,9.1668,9.0315,8.4134,8.4352,8.601
ACSS3,5.54,5.5411,5.2472,4.7753,4.5208,5.1627
ACTA2,13.1762,13.1973,13.2158,11.9049,12.1156,11.8842
ACTB,16.9942,16.994,17.0674,16.0391,16.1658,16.0255
ACTBL2,3.5242,4.3484,4.1652,5.0312,5.2525,5.1627
ACTC1,4.659,4.6908,4.8712,4.464,4.9325,4.5596
ACTG1,16.6318,16.6414,16.7133,15.8394,15.9727,15.8702
ACTG2,13.0944,13.0791,13.1582,11.2414,11.3908,11.1057
ACTL10,3.6731,4.0004,3.8536,4.0665,4.1101,3.6977
ACTL6A,9.618,9.6032,9.4516,8.1689,7.9791,8.1407
ACTN1,14.6358,14.6063,14.6724,13.8601,13.896,13.8065
ACTN4,13.7308,13.7103,13.8036,12.9411,12.9605,12.8899
ACTR10,9.949,10.0128,9.8175,10.0419,10.1152,10.0584
ACTR1A,11.9061,11.9773,11.966,11.8478,11.8645,11.877
ACTR1B,9.4807,9.4741,9.5754,9.5117,9.613,9.6415
ACTR2,13.3423,13.3864,13.3656,12.6888,12.7789,12.7231
ACTR3,13.1242,13.217,13.1742,12.8435,12.9028,12.8826
ACTR3B,6.1353,6.1849,6.564,5.7819,5.6565,5.3761
ACTR5,6.6119,6.66,6.482,6.3875,5.8348,6.2127
ACTR6,7.8083,7.8172,7.7819,8.6263,8.4819,8.6863
ACTR8,9.1049,8.9516,8.9651,8.6796,8.6273,8.631
ACTRT3,6.1094,5.8172,5.4621,5.9149,5.8106,5.6815
ACVR1,10.1687,10.0696,10.2176,10.5533,10.6023,10.6349
ACVR1B,9.0031,8.8731,8.9876,10.6123,10.4571,10.6208
ACVR1C,2.9547,3.3989,3.4556,3.7619,3.8505,3.0143
ACVR2A,7.0535,6.66,6.6911,7.2045,7.1244,7.1895
ACVR2B,5.6519,5.8986,5.7691,9.2295,8.9703,9.1981
ACVRL1,7.2677,7.4359,7.3756,9.4798,9.4229,9.7245
ACYP1,5.7558,5.872,5.8145,5.6957,6.2485,5.8944
ADA,6.4766,6.5964,6.3495,6.4057,6.5406,6.5254
ADAL,6.5166,6.7795,6.8844,6.4934,6.5406,6.3916
ADAM10,11.9758,11.9453,11.9623,12.2672,12.3408,12.3306
ADAM11,4.1505,4.0004,3.5658,4.2388,4.33,4.4015
ADAM12,9.6018,9.5516,9.4244,9.8442,9.6912,9.7616
ADAM15,10.1951,10.185,10.226,10.3534,10.2924,10.3072
ADAM17,9.4082,9.3921,9.3493,9.4362,9.5155,9.5137
ADAM19,13.0483,13.1167,13.0664,14.2294,14.2172,14.2076
ADAM2,8.1251,8.2792,8.1961,8.1528,8.209,8.1899
ADAM22,2.9547,2.8627,3.5658,4.6587,4.1101,3.5038
ADAM23,9.2183,9.3708,9.3082,9.0328,8.9676,8.9423
ADAM28,3.1705,3.5409,2.904,3.3754,3.7525,2.8607
ADAM32,5.54,6.0957,6.1158,6.5103,6.284,6.2127
ADAM33,11.8847,11.859,11.7909,11.4914,11.4677,11.3521
ADAM8,3.9314,2.8627,3.5658,3.972,4.1101,4.2856
ADAM9,13.6853,13.6454,13.6935,13.066,13.1105,13.0736
ADAMTS1,12.7523,12.6685,12.7865,13.6422,13.6348,13.6637
ADAMTS10,6.9405,6.4953,6.7623,6.8794,7.3756,6.9817
ADAMTS12,11.4594,11.375,11.3714,11.6031,11.5584,11.5286
ADAMTS13,4.2487,3.7889,4.0178,4.5967,4.3964,4.5596
ADAMTS14,5.3318,4.7505,4.9547,5.4014,5.2879,5.1627
ADAMTS15,7.3363,6.8219,7.0453,7.2755,7.5536,7.3711
ADAMTS19,5.7558,6.0957,5.7223,7.6176,7.9899,7.6188
ADAMTS2,11.4125,11.4342,11.5489,12.062,12.0929,12.0496
ADAMTS3,6.0009,6.4053,6.1338,6.4763,6.4019,6.6001
ADAMTS4,5.8211,5.3224,6.0027,5.5723,5.5438,5.6815
ADAMTS5,6.7014,6.6286,6.7966,9.0646,9.3025,9.504
ADAMTS6,8.39,8.7135,8.5003,7.3805,7.6036,7.1403
ADAMTS7,8.8821,8.7867,8.9901,11.0471,10.8806,11.089
ADAMTS9,5.7888,5.6072,5.6739,7.5039,7.5752,7.5132
ADAMTSL1,9.5807,9.5663,9.8189,7.173,7.3082,6.9247
ADAMTSL3,5.9724,6.5964,6.0027,6.3875,6.7456,6.6826
ADAMTSL4,7.848,7.5828,7.9438,8.1091,8.0427,8.1614
ADAMTSL5,7.5147,7.5155,7.5332,6.9555,7.0644,6.9052
ADAP1,6.083,6.4053,6.1516,7.1298,7.0438,7.2526
ADAP2,4.5858,5.0168,4.6387,5.7819,5.7611,5.6349
ADAR,12.2261,12.1991,12.1996,12.2525,12.3302,12.3117
ADARB1,9.4757,9.3897,9.3929,8.5668,8.5084,8.6161
ADAT1,8.6636,8.5759,8.6297,8.7238,8.7145,8.775
ADAT2,6.1608,5.9757,5.792,6.1916,6.418,6.3489
ADAT3,5.4603,5.7009,5.3119,6.5761,6.3357,6.6595
ADCK1,6.1858,5.9757,6.1338,5.8632,6.2304,6.0971
ADCK2,7.7254,7.5662,7.4129,6.4057,6.284,6.0971
ADCK5,6.7014,6.8357,6.4099,6.5436,6.5696,6.7715
ADCY1,3.808,3.6702,3.938,4.2388,4.3964,4.2239
ADCY2,3.6731,2.8627,3.3362,3.5161,3.276,3.947
ADCY3,9.4267,9.5155,9.4569,10.3674,10.3833,10.436
ADCY5,3.808,4.2689,4.0934,4.1552,3.6473,3.7856
ADCY6,10.3933,10.403,10.365,10.8822,11.0016,10.9555
ADCY7,8.8628,8.6045,8.8169,7.6485,7.6246,7.804
ADCY9,10.2119,10.2065,10.2458,9.7332,9.8298,9.7684
ADD1,12.3377,12.3644,12.3791,12.3165,12.3283,12.3098
ADD2,6.3932,6.2484,5.8367,6.3504,6.2485,6.4601
ADGB,3.6731,3.7889,3.3362,3.0447,3.8505,3.2797
ADGRA2,11.8018,11.7142,11.778,11.6193,11.6642,11.4988
ADGRA3,10.1209,10.0113,10.0151,11.3623,11.2219,11.5142
ADGRB2,8.8394,8.7579,8.7888,8.634,8.6307,8.4875
ADGRE2,3.5242,4.0004,3.3362,4.3179,4.5208,5.0954
ADGRE3,5.1404,3.7889,2,5.2484,4.8401,4.5596
ADGRE5,9.4782,9.4473,9.5285,9.7188,9.5173,9.8031
ADGRF1,3.808,4.5634,3.6682,3.2195,4.33,3.8686
ADGRG1,8.0038,8.0607,8.1213,6.6235,6.5406,6.6711
ADGRG2,3.5242,3.7889,3.938,3.3754,4.4599,3.7856
ADGRG6,8.9746,9.0529,8.9576,8.1689,8.4742,8.4272
ADGRL1,6.9257,6.903,6.8629,7.3146,7.2555,7.3278
ADGRL2,9.095,8.9737,8.8929,9.9014,9.9088,9.9231
ADGRL3,4.9781,5.9248,5.6983,9.3821,9.3639,9.6192
ADGRL4,8.2666,8.2792,8.3504,6.4934,6.8909,6.6361
ADGRV1,4.659,3.5409,3.0629,4.7753,3.8505,4.5088
ADH1B,4.5858,4.4952,4.2989,4.464,4.1101,4.2856
ADH4,6.3496,7.2519,5.518,5.725,6.2121,6.0798
ADH5,11.3412,11.3384,11.3363,11.6275,11.6361,11.5783
ADHFE1,5.0343,5.4359,5.2472,5.122,5.4215,4.8317
ADI1,10.1982,10.2588,10.1953,10.5554,10.5603,10.4638
ADIPOR1,10.6337,10.7312,10.728,9.987,10.0802,9.9483
ADIPOR2,10.1418,10.1971,10.1628,10.6997,10.6951,10.8084
ADIRF,4.9197,5.2415,5.3432,4.2388,4.4599,4.2856
ADK,9.1784,9.2047,9.2762,8.1256,8.3287,8.1818
ADM,10.145,10.0856,10.1824,10.5876,10.563,10.608
ADM2,8.7749,8.4953,8.5072,6.3504,6.7328,6.1968
ADNP,10.4905,10.3925,10.4609,10.5472,10.5621,10.602
ADNP2,8.7118,8.6832,8.7455,8.8219,8.8181,8.8432
ADO,8.9161,9.0705,9.0048,9.2797,9.3681,9.5056
ADORA1,5.0343,4.6285,4.6883,6.3123,5.6834,5.8542
ADORA2A,2,3.5409,2.5217,3.0447,4.8401,4.2856
ADORA2B,6.7356,6.4777,6.0604,7.2149,7.0947,7.1486
ADORA3,6.9839,6.9161,6.987,6.8663,6.6937,6.8754
ADPGK,10.4665,10.3772,10.3449,9.6631,9.701,9.807
ADPRHL1,4.1505,3.3989,3.5658,3.5161,3.5338,3.7856
ADPRM,6.2104,6.269,6.4099,7.1188,7.3674,7.1235
ADPRS,8.7458,8.8009,8.7129,8.7631,8.6749,8.7006
ADRA1B,5.54,4.6908,4.8712,2.8457,3.8505,2.6888
ADRA1D,4.5086,3.7889,4.3614,2.8457,3.276,2.6888
ADRB2,5.7558,5.6704,5.518,4.464,4.5791,5.0954
ADRM1,11.0544,11.0588,11.0555,11.0022,11.0155,11.0563
ADSL,10.221,10.1768,10.1317,10.0749,10.1164,10.0573
ADSS1,5.0343,4.9673,5.1443,5.0312,4.3964,5.227
ADSS2,10.3161,10.3043,10.3361,11.0435,11.0456,11.1126
ADTRP,4.1505,4.5634,5.0714,4.3179,4.4599,4.7898
AEBP1,8.2128,7.9568,8.1789,6.639,6.9363,6.8035
AEBP2,8.9711,9.0764,9.129,9.1588,9.3132,9.3025
AEN,10.5829,10.7051,10.6259,11.0289,11.0135,11.0717
AFAP1,12.6098,12.6266,12.6093,12.1587,12.2783,12.1561
AFAP1L1,7.4124,7.454,7.6188,6.8127,7.0542,7.2214
AFAP1L2,2.3925,3.5409,3.0629,4.5967,3.9423,4.4015
AFDN,9.1564,9.0764,9.1424,8.7596,8.7403,8.7258
AFF1,9.6225,9.7873,9.5302,9.3589,9.3154,9.3081
AFF2,5.0343,4.4952,4.8276,4.2388,4.33,4.5596
AFF3,9.6407,9.7328,9.6586,10.1294,10.1323,9.9708
AFF4,11.9892,12.0474,11.8325,11.8474,11.9786,11.8969
AFG1L,5.8211,5.2825,5.8585,5.2882,5.6565,5.4588
AFMID,7.3138,7.342,7.3372,6.8663,6.8677,6.9817
AFTPH,8.4532,8.4006,8.6734,8.6107,8.5159,8.672
AGAP1,9.1877,9.1832,9.2204,10.4497,10.2804,10.5016
AGAP2,7.6285,7.7383,7.8865,8.1848,8.0785,7.996
AGAP3,10.0202,9.9361,9.9906,10.754,10.6516,10.7113
AGAP4,6.0562,5.9248,5.88,5.8095,5.7097,5.9526
AGAP5,4.9781,5.0168,4.9947,5.8095,5.3892,5.6815
AGAP6,6.8179,6.8357,6.5903,6.9305,6.9363,6.5381
AGAP9,5.9724,5.6704,5.9427,5.9401,5.9718,5.6349
AGBL3,3.1705,4.0956,3.7639,3.5161,3.4107,3.604
AGBL4,2.3925,3.2413,2.7255,3.2195,2.5596,3.6977
AGBL5,8.7583,8.7432,8.6826,8.081,8.1668,8.41
AGER,3.5242,4.1849,5.1443,5.0773,3.9423,4.6087
AGFG1,10.4563,10.4374,10.4891,10.3685,10.5153,10.5409
AGFG2,7.6909,7.7383,7.6814,6.9431,6.9585,7.0002
AGGF1,9.0515,9.0168,9.0073,9.0328,9.0576,9.1114
AGK,8.2666,8.6126,8.6796,8.2416,8.2044,8.0636
AGL,8.5859,8.6483,8.4793,8.462,8.7844,8.5949
AGMAT,4.427,4.3484,4.1652,4.5318,4.8401,4.2856
AGO1,10.1029,10.148,10.1171,10.005,10.0366,10.0294
AGO2,10.4893,10.7478,10.4856,11.8888,11.8247,11.9089
AGO3,8.5527,8.6045,8.5003,8.7346,8.6648,8.7313
AGO4,7.6376,7.4268,7.5196,8.0639,8.1857,8.2178
AGPAT1,11.0235,11.0206,11.0549,11.3155,11.283,11.2956
AGPAT2,9.2921,9.1392,9.2822,9.5653,9.574,9.5935
AGPAT3,11.1093,11.1294,11.1065,11.375,11.3134,11.3557
AGPAT4,7.3251,7.4359,7.4919,8.2618,8.3747,8.3355
AGPAT5,8.2607,8.3241,8.5747,8.306,7.9069,8.3134
AGPS,9.739,9.8294,9.9287,10.0735,10.1648,10.1872
AGR3,7.2321,7.4629,7.1901,7.5207,7.2909,7.1235
AGT,4.1505,4.1849,4.5341,6.0599,5.7097,5.5867
AGTPBP1,7.423,7.342,7.3372,7.0511,7.0847,6.814
AGTR1,3.9314,4.4952,4.5341,4.2388,4.4599,4.5596
AGTRAP,8.543,8.4099,8.5003,9.0473,8.8451,9.1007
AHCTF1,10.5301,10.4577,10.4707,10.4119,10.4444,10.3929
AHCY,10.9165,10.8088,10.9457,9.8998,9.8786,9.7273
AHCYL1,11.4184,11.3505,11.3681,11.3808,11.403,11.3285
AHCYL2,8.0924,8.0548,8.1961,7.2045,7.6106,7.4337
AHDC1,9.4188,9.4873,9.5454,9.0298,9.0627,8.966
AHI1,8.9011,8.8323,8.7308,9.3867,9.2383,9.2969
AHNAK,15.6437,15.7671,15.4241,14.7685,14.7641,14.5469
AHNAK2,9.7284,9.7603,9.6414,8.0291,7.8368,7.7116
AHR,9.6475,9.6011,9.5182,11.2795,11.1778,11.4634
AHRR,10.1482,10.1958,10.2396,10.3766,10.4513,10.4215
AHSA1,10.5459,10.5593,10.6107,10.7089,10.631,10.5944
AHSA2P,7.6734,7.2415,7.3372,8.2109,8.0323,8.0006
AIDA,11.3837,11.4297,11.378,11.1533,11.1461,11.1174
AIFM1,9.2031,9.3126,9.2782,9.1235,9.1591,9.1135
AIFM2,7.7254,8.0005,7.7647,8.6067,8.5381,8.7884
AIFM3,3.6731,2.8627,3.206,3.8708,3.7525,3.7856
AIG1,8.0385,7.9757,7.7762,7.1516,7.2284,6.8035
AIMP1,9.5546,9.4982,9.3318,9.1069,9.2062,9.1901
AIMP2,8.6813,8.8426,8.7219,8.4179,8.4392,8.4476
AIP,8.8859,8.7173,8.9061,8.8554,8.8029,8.8147
AIPL1,9.1179,9.3469,9.2537,9.3519,9.22,9.3734
AJM1,6.6303,6.6444,6.6911,6.3875,6.1935,6.3197
AJUBA,10.1466,10.1659,10.2239,9.9158,9.8433,9.8279
AK1,9.7263,9.7402,9.6787,9.6228,9.5359,9.5313
AK2,10.4843,10.5394,10.5457,9.8458,10.005,9.9848
AK3,9.9868,10.0295,9.998,10.514,10.6084,10.6526
AK4,7.6193,7.3991,7.4779,5.8893,6.0564,5.562
AK5,10.2286,10.3581,10.2766,10.5856,10.6067,10.5424
AK6,6.2817,7.6072,7.3372,7.1188,7.2733,7.4337
AK9,6.1094,5.8986,5.518,6.0367,6.0147,5.7705
AKAP1,7.7757,7.7235,7.7933,7.7729,7.6452,7.6188
AKAP10,9.0549,8.9737,9.0624,9.1263,9.2473,9.1346
AKAP11,10.5615,10.5759,10.5254,11.0808,11.1431,11.227
AKAP12,11.4892,11.5257,11.5063,12.3603,12.2432,12.36
AKAP13,10.2376,10.2843,10.0175,10.2837,10.373,10.2465
AKAP17A,9.0851,9.041,9.0315,9.1828,9.1829,9.218
AKAP5,5.3759,5.4718,5.8367,4.7181,3.7525,4.0921
AKAP6,5.0883,5.6072,4.5341,8.4044,8.4273,8.5038
AKAP7,4.9197,5.4359,5.518,5.2484,5.4839,5.6584
AKAP8,8.7625,8.8731,8.9851,8.6908,8.6307,8.6516
AKAP8L,9.1721,9.2775,9.266,9.2422,9.3261,9.2041
AKAP9,10.3566,10.0474,10.1921,10.7917,10.9164,10.7106
AKIP1,8.3296,8.2485,8.1918,8.53,8.4857,8.4743
AKIRIN1,11.0829,11.1946,11.1492,9.4094,9.5042,9.3283
AKIRIN2,9.1532,9.2442,9.2013,8.9577,8.9034,9.0077
AKNA,8.3013,8.0189,8.2549,7.0853,7.1631,7.1065
AKR1A1,9.7027,9.6991,9.706,9.5551,9.5669,9.5721
AKR1B1,11.1512,11.1496,11.119,11.6439,11.3385,11.8438
AKR1B10,5.8526,5.4718,5.5718,4.7753,5.1406,5.0954
AKR1B15,4.8588,5.1109,4.6883,4.5967,5.4215,4.5088
AKR1C1,7.5343,7.5745,7.4129,9.5096,9.3701,9.7548
AKR1C2,4.9781,5.2415,5.1083,6.9179,6.418,7.1651
AKR1C3,3.5242,3.3989,3.0629,4.1552,4.5208,4.4015
AKR1D1,4.427,5.4359,5.2799,5.2484,4.8401,5.0954
AKR1E2,3.808,4.0956,4.4788,3.5161,3.8505,3.2797
AKR7A2,9.315,9.2596,9.3063,9.3472,9.2916,9.1881
AKT1,11.8002,11.8492,11.8932,11.9172,11.8985,11.8625
AKT1S1,10.8368,10.7022,10.8542,11.1322,11.0175,11.0323
AKT2,11.0218,11.1468,11.0789,10.7523,10.8542,10.726
AKT3,10.0579,9.7693,9.9869,10.4574,10.1299,10.4377
AKTIP,8.1759,8.0607,8.0894,7.6485,7.6176,7.6946
ALAD,9.1596,9.142,9.0741,8.5006,8.6581,8.4941
ALAS1,9.4706,9.4895,9.4992,9.9456,9.8418,10.0147
ALAS2,6.3716,5.8449,6.9159,7.1078,5.8819,6.6941
ALCAM,12.9254,12.964,12.9848,11.6957,11.8582,11.6755
ALDH16A1,8.0924,8.1741,8.2508,8.0524,8.0684,8.1979
ALDH18A1,11.4911,11.4478,11.4911,10.2489,10.3864,10.1922
ALDH1A3,7.6645,7.3897,7.5799,8.1742,8.2986,8.149
ALDH1B1,9.5008,9.4176,9.4676,7.2149,7.4321,7.115
ALDH1L1,3.1705,3.0644,2.5217,3.6442,4.2603,2.8607
ALDH1L2,10.9919,10.8948,10.8157,8.1795,8.4819,7.7934
ALDH2,9.8893,9.8821,9.8775,10.1443,10.104,10.1942
ALDH4A1,8.6138,8.6365,8.7916,9.0502,8.9973,8.9707
ALDH5A1,5.722,5.4359,5.7459,4.0665,4.6352,4.5596
ALDH6A1,8.1696,7.982,8.0986,7.586,7.782,7.7558
ALDH8A1,2.3925,2.6282,2.5217,4.0665,3.9423,4.2239
ALDH9A1,10.6905,10.662,10.6283,9.2193,9.2828,9.1861
ALDOA,14.2529,14.2129,14.2913,14.0359,14.0359,14.0206
ALDOC,7.423,7.0764,7.3527,7.4168,7.21,7.364
ALG1,9.3949,9.6011,9.4958,9.4863,9.5377,9.5455
ALG10B,7.0122,7.4359,7.2818,7.7229,7.7695,7.9728
ALG11,8.6681,8.4909,8.4436,8.2667,8.0427,8.0636
ALG12,8.5859,8.5213,8.538,8.9296,8.8976,8.9157
ALG13,8.3684,8.4822,8.3114,8.1311,8.1668,8.2218
ALG14,7.2677,7.4718,7.4056,7.1623,7.1631,6.9723
ALG2,9.3976,9.3827,9.4171,9.5263,9.556,9.4579
ALG3,9.5328,9.32,9.5268,9.9441,9.8117,9.8586
ALG5,8.4061,8.3388,8.2383,8.5424,8.5709,8.6806
ALG6,7.1709,7.1886,6.8844,7.586,7.4789,7.5514
ALG8,8.8859,8.942,8.9999,8.9607,8.9232,8.8961
ALG9,10.8642,10.8563,10.8185,10.9857,10.9651,10.9976
ALKAL1,4.427,5.1993,4.6883,3.7619,3.4107,3.8686
ALKBH1,7.4948,7.2724,7.2737,7.4697,7.1535,7.3568
ALKBH2,6.5362,6.5126,6.3951,6.3504,6.3526,6.5632
ALKBH3,7.8636,8.0666,7.8434,7.4346,7.6452,7.7059
ALKBH4,7.6008,7.1993,7.6316,7.6561,7.6384,7.6946
ALKBH5,10.299,10.2433,10.3303,10.4142,10.3564,10.4521
ALKBH6,7.1833,7.0529,7.6188,7.1407,7.2375,6.9052
ALKBH7,7.9317,7.7309,7.6814,7.9631,7.9069,7.9634
ALKBH8,7.7169,7.5326,7.6252,7.1407,6.8321,6.8654
ALMS1,8.4988,8.442,8.2753,8.4313,8.4742,8.3023
ALOX12,4.5858,4.2689,4.3614,4.7181,5.0194,5.1952
ALPK1,7.0122,6.9291,6.7966,6.5436,6.5258,6.1806
ALPK2,10.674,10.8614,10.7191,9.0002,9.2916,8.9157
ALPL,5.722,5.6391,5.6983,4.6587,5.2161,5.1627
ALS2,9.9026,9.7029,9.7549,9.6402,9.6745,9.5549
ALS2CL,5.7558,5.9757,6.1865,5.6353,5.2879,5.1295
ALX3,5.1404,5.1109,4.7363,5.3646,5.1789,5.1295
ALYREF,9.833,10.0128,9.9479,9.6479,9.62,9.6102
AMACR,7.6734,7.454,7.54,7.2755,7.21,7.5701
AMBRA1,9.0717,9.1503,9.1948,9.4139,9.4289,9.4795
AMD1,10.3757,10.6005,10.5525,10.5109,10.4532,10.6628
AMDHD1,4.5086,4.6285,4.3614,5.7819,5.5142,5.7487
AMDHD2,7.6996,7.591,7.6379,8.5383,8.4153,8.3464
AMER1,7.0122,6.9291,7.1986,7.2455,6.9251,6.8552
AMFR,10.9884,10.9611,11.059,11.178,11.1754,11.1918
AMIGO1,6.5746,6.58,6.4679,5.2484,5.4215,4.9507
AMIGO2,9.4908,9.593,9.5704,9.8934,10.1861,9.8825
AMIGO3,2,2,2,2,3.9423,2
AMMECR1,8.8075,8.7902,8.7426,10.0549,10.0903,10.0814
AMMECR1L,9.6918,9.6052,9.4408,9.7984,9.7043,9.7204
AMN1,6.1094,5.7309,5.6983,7.1078,7.0947,7.1733
AMOT,8.4583,8.4146,8.4071,7.1941,6.9251,7.0365
AMOTL1,11.2382,11.3132,11.2299,11.1095,11.2463,11.021
AMOTL2,12.1291,12.2767,12.3847,11.4989,11.7981,11.557
AMPD2,10.9451,10.917,10.9865,10.8968,10.9562,10.9959
AMPD3,9.0066,8.8865,8.8197,9.434,9.3197,9.4612
AMPH,7.1583,7.0647,7.0548,5.2882,5.0609,5.1627
AMT,4.1505,3.7889,4.6387,4.3179,4.6892,4.7021
AMY2B,4.2487,4.5634,4.0934,4.6587,4.7413,4.9883
AMZ1,6.3496,6.2893,6.5372,5.9401,5.4215,5.7487
AMZ2,9.7909,9.7216,9.706,9.6986,9.6611,9.695
ANAPC1,10.034,10.1312,10.0126,9.6364,9.759,9.6879
ANAPC10,6.5362,6.7938,6.6033,5.8893,6.2304,5.6349
ANAPC11,9.5033,9.3444,9.2963,9.4647,9.3003,9.4444
ANAPC13,9.5546,9.5198,9.4694,9.5693,9.6372,9.6087
ANAPC15,8.3684,8.4777,8.6517,8.1582,8.181,8.1696
ANAPC16,8.9818,8.8529,9.0972,9.2648,9.3025,9.1513
ANAPC2,9.2122,9.1475,9.0435,9.3472,9.3804,9.4274
ANAPC4,8.1251,8.1129,8.2132,8.2568,8.4033,8.1112
ANAPC5,11.0611,11.0008,11.0543,10.8968,10.9794,10.9328
ANAPC7,9.5522,9.5971,9.5471,9.0328,9.0729,9.0009
ANG,5.2393,4.9161,5.3432,4.7181,4.9325,5.5867
ANGEL1,7.8866,8.0128,7.7989,7.9383,7.8897,8.0189
ANGEL2,8.284,8.6246,8.4364,9.0092,8.9119,9.0032
ANGPT1,9.6225,9.6173,9.577,8.462,8.56,8.3023
ANGPT2,2.7008,3.3989,3.3362,6.3875,6.4806,6.5879
ANGPTL2,10.3784,10.1741,10.1996,10.7451,10.7229,10.8182
ANK1,4.659,5.2825,5.1083,5.6957,5.3225,5.227
ANK2,6.4562,6.2893,6.2037,4.6587,5.0194,5.0606
ANK3,5.54,5.2825,5.649,4.7181,4.33,4.8725
ANKAR,4.427,3.3989,4.3614,4.2388,3.8505,4.2856
ANKDD1A,5.4603,5.789,5.649,5.8632,5.8819,6.0623
ANKEF1,5.4603,5.9248,5.963,3.972,4.7413,4.1595
ANKFY1,10.8834,10.946,10.903,10.9247,10.9465,10.9685
ANKH,9.2274,9.2775,9.2119,10.1511,10.009,10.1699
ANKHD1,9.5901,9.8585,9.2983,9.9611,9.8537,10.2762
ANKHD1-EIF4EBP3,8.8275,8.3866,8.9474,9.3114,9.3577,8.7963
ANKIB1,10.4665,10.4975,10.497,10.4972,10.5612,10.6042
ANKLE1,3.808,4.4952,4.5874,4.3928,4.6892,4.6087
ANKLE2,10.628,10.5841,10.6267,10.6104,10.5961,10.6103
ANKMY1,5.9434,6.2893,5.963,5.7537,6.0969,6.0798
ANKMY2,8.75,8.7579,8.7129,8.0867,8.6029,8.3245
ANKRA2,7.6734,7.7819,7.6814,8.9453,8.9176,9.0835
ANKRD1,7.8636,8.037,8.0377,6.3875,6.8079,6.1806
ANKRD10,8.5527,8.2893,8.3809,10.7053,10.6743,10.8675
ANKRD11,12.2343,12.169,12.2166,12.1971,12.1868,12.1875
ANKRD12,10.7681,10.7759,10.8738,11.3842,11.3215,11.3956
ANKRD13A,11.951,12.0608,12.0342,9.9503,10.2243,10.0518
ANKRD13B,6.8805,6.942,6.5507,7.4168,7.2465,7.2293
ANKRD13C,9.2601,9.2073,9.1469,9.2993,9.3743,9.4308
ANKRD13D,8.4114,8.3192,8.5614,9.5408,9.3968,9.6488
ANKRD16,6.0009,5.8449,6.0604,6.2532,6.3692,6.2748
ANKRD17,11.474,11.4205,11.4047,11.7595,11.5894,11.7096
ANKRD18B,6.8179,6.9547,6.9671,5.3646,5.0609,5.2581
ANKRD23,3.5242,4.0956,4.8276,4.7753,4.33,3.5038
ANKRD24,3.6731,3.2413,3.4556,3.2195,3.276,4.0214
ANKRD26,8.3574,8.1741,8.3466,7.9995,8.0735,8.0459
ANKRD27,9.1437,9.0046,9.017,8.687,8.5816,8.634
ANKRD28,10.6292,10.6405,10.6836,10.3522,10.5125,10.3321
ANKRD29,4.427,4.0004,4.3614,4.8831,5.3892,5.3183
ANKRD30BL,5.6874,6.8079,6.4392,6.369,6.5406,6.8348
ANKRD33B,7.544,7.2826,7.5667,7.3896,7.6988,7.2526
ANKRD34A,7.1583,6.863,6.9468,6.369,6.1168,5.914
ANKRD35,6.1094,6.2064,5.963,5.1654,5.1406,5.1295
ANKRD36B,7.8322,8.3677,8.2874,7.8346,8.2365,8.2178
ANKRD36C,5.1907,5.3224,4.8276,6.5103,5.9718,6.2285
ANKRD37,5.6519,5.4359,5.518,5.0312,4.9325,5.0606
ANKRD39,7.0804,7.111,7.0165,6.3875,6.6399,6.4601
ANKRD40,10.063,10.0783,10.0523,9.8189,9.8298,9.8318
ANKRD42,8.1759,8.396,8.2047,9.1775,9.0805,9.1304
ANKRD44,8.9235,9.1167,9.0995,9.3706,9.2784,9.3043
ANKRD45,3.9314,3.7889,3.206,3.7619,4.1101,3.6977
ANKRD46,7.6909,7.6704,7.5058,8.2517,8.0633,8.1859
ANKRD49,6.8179,6.6755,6.8079,6.8923,6.9474,7.1065
ANKRD50,10.0306,10.0097,9.9248,10.4725,10.5329,10.6555
ANKRD52,11.9122,11.9851,11.9407,12.2528,12.262,12.2502
ANKRD53,3.3581,3.8985,4.2336,2.8457,3.4107,3.6977
ANKRD54,8.567,8.4146,8.4793,8.7346,8.6238,8.6399
ANKRD55,3.6731,2.8627,3.3362,4.5318,3.5338,4.0214
ANKRD6,7.4439,7.8242,7.8597,7.7868,7.6036,7.5762
ANKRD61,3.808,3.0644,3.4556,2.6149,3.7525,3.604
ANKRD9,8.6367,8.396,8.6673,8.4577,8.3244,8.4442
ANKS1A,9.1627,9.1195,9.1513,9.129,9.1758,9.09
ANKS1B,4.0451,4.0004,4.2336,4.3928,4.8401,4.4561
ANKS3,8.0177,8.0489,7.8651,8.2717,8.3029,8.1112
ANKS6,8.8705,8.8998,8.8608,8.6532,8.812,8.775
ANKZF1,7.7675,7.6704,7.7296,8.3348,8.2767,8.2139
ANLN,11.4536,11.6258,11.6661,8.1366,8.7656,8.4066
ANO1,8.3013,8.5593,8.5312,6.4414,6.6399,6.1968
ANO10,10.4133,10.426,10.49,10.4497,10.3812,10.3823
ANO2,4.1505,2.8627,3.938,4.9835,2,6.0085
ANO4,8.8472,8.8426,8.8001,8.53,8.6479,8.5765
ANO6,11.2765,11.2506,11.1885,11.4962,11.6017,11.564
ANO7,4.9197,5.4359,5.6983,6.1272,6.1363,6.3197
ANO8,7.2321,7.5991,7.7704,8.2517,8.2942,8.3391
ANOS1,4.8588,4.5634,3.8536,4.7181,5.2525,3.947
ANP32A,10.0613,9.9944,10.1023,9.3018,9.3681,9.2396
ANP32B,10.9651,11.0267,11.0841,9.6931,9.8056,9.6562
ANP32E,10.483,10.5562,10.5314,9.6345,9.7653,9.719
ANPEP,10.8574,10.7414,10.8751,10.8568,10.7261,10.8234
ANTKMT,7.5536,7.4982,7.8046,7.6097,7.3507,7.4132
ANTXR1,11.5584,11.6087,11.5804,12.3344,12.3219,12.4106
ANTXR2,11.8223,11.8615,11.9051,11.9263,11.8663,11.9481
ANXA1,12.7307,12.7538,12.7831,11.2998,11.3342,11.248
ANXA10,3.1705,2.348,2.5217,5.0773,4.6892,4.4561
ANXA11,11.8713,11.8453,11.8411,11.6377,11.6489,11.6047
ANXA2,15.2676,15.2693,15.3189,14.2835,14.3575,14.2512
ANXA2R,4.2487,4.0956,4.7827,4.0665,3.8505,4.0214
ANXA3,5.2863,5.8172,5.8585,4.2388,4.1101,4.4015
ANXA4,9.7156,9.6092,9.5555,10.4108,10.4395,10.3823
ANXA5,14.5784,14.573,14.549,14.3701,14.3685,14.3454
ANXA6,13.4944,13.4595,13.49,12.8499,12.9211,12.8362
ANXA7,10.7304,10.8,10.7033,10.4812,10.5685,10.4976
ANXA8,3.5242,4.0004,3.5658,3.2195,2.7747,2.4936
ANXA9,4.5858,4.3484,4.3614,4.2388,4.6892,4.1595
AOC2,4.2487,3.6702,4.4213,5.6353,5.1013,5.2885
AOPEP,8.6046,8.6601,8.5481,7.7374,7.8308,7.6601
AOX1,9.0851,9.0588,9.0834,7.1623,7.2555,7.1486
AP1AR,7.7083,7.5828,7.6753,8.1091,8.2365,8.3245
AP1B1,11.316,11.2107,11.3417,11.0666,11.0908,11.0125
AP1G1,11.296,11.3311,11.3217,10.8242,10.8704,10.8612
AP1G2,6.5555,6.7505,6.6416,6.8263,6.9251,6.8552
AP1M1,10.7998,10.8,10.865,10.6424,10.5881,10.6693
AP1S2,10.8219,10.8605,10.8664,10.319,10.372,10.4215
AP1S3,6.4145,6.1631,6.2206,5.4014,5.3225,5.227
AP2A1,11.9994,11.9734,12.0434,11.7718,11.7717,11.7641
AP2A2,9.6157,9.8277,9.8203,9.4863,9.5396,9.4528
AP2B1,12.6381,12.6373,12.6874,12.1439,12.2081,12.0923
AP2M1,13.5879,13.5613,13.6177,13.3833,13.3927,13.3605
AP2S1,11.0654,11.1343,11.1235,11.282,11.2242,11.2083
AP3B1,10.8378,10.7947,10.801,11.0333,11.0623,10.9808
AP3B2,2,4.0956,3.0629,3.8708,4.33,4.1595
AP3D1,12.1283,12.0809,12.1846,11.8357,11.8512,11.7762
AP3M1,10.3784,10.3831,10.3858,10.3766,10.4257,10.4283
AP3M2,8.9309,8.9031,8.9217,9.4139,9.2292,9.4393
AP3S1,10.4868,10.6649,10.5856,10.3812,10.4066,10.3439
AP3S2,9.0309,9.2285,9.0506,9.5159,9.468,9.4308
AP4B1,7.7921,7.701,7.7414,7.3712,7.4712,7.2907
AP4E1,8.7954,8.9484,8.7687,8.3723,8.6479,8.3134
AP4M1,8.4008,8.5593,8.2508,8.7238,8.5564,8.6575
AP4S1,7.2441,6.9799,7.1104,7.2149,7.1631,7.0002
AP5B1,8.3352,8.5467,8.5037,8.5341,8.6342,8.6131
AP5M1,9.1244,9.0588,8.9752,9.0646,9.0238,9.105
AP5S1,8.2666,8.3436,8.3466,8.1901,8.2319,8.2986
AP5Z1,9.5522,9.5745,9.6128,10.2209,10.1028,10.14
APAF1,9.8605,9.9804,9.7808,9.869,9.9673,9.9255
APBA1,8.1186,8.2223,8.4863,8.4664,8.3456,8.5517
APBA2,8.1696,8.687,8.3922,9.3867,9.0981,9.2338
APBA3,7.8083,7.6858,7.7414,7.7658,7.7054,7.7828
APBB2,10.0798,10.1382,10.0977,9.2167,9.4209,9.184
APBB3,6.0288,5.8172,6.0222,6.5103,6.1935,6.3049
APC,10.6337,10.5277,10.6123,9.7023,9.6509,9.675
APC2,6.8957,6.58,6.4392,6.7712,6.6937,6.8244
APCDD1,5.722,6.1631,6.2037,3.2195,3.9423,2.6888
APCDD1L,9.8409,9.8551,9.9352,11.1213,10.8828,11.1216
APEH,10.2774,10.2355,10.3205,10.4164,10.3001,10.3815
APEX1,10.8229,10.7991,10.8247,11.2528,11.1677,11.1907
APEX2,8.0791,8.0489,8.1077,7.9753,7.8368,7.9681
APH1A,10.6246,10.5583,10.5708,11.1081,11.0623,11.1105
APH1B,8.4888,8.451,8.5943,8.3301,8.0785,8.3245
API5,11.0025,11.0514,10.9431,10.4018,10.4831,10.5613
APIP,8.4114,8.3724,8.3427,8.9042,8.8803,8.8509
APLF,6.3932,6.4053,6.4246,6.3504,5.9934,6.4056
APLP1,8.0724,8.1577,8.0986,8.6301,8.6376,8.6977
APLP2,12.6838,12.67,12.7068,13.0852,13.0933,13.137
APMAP,11.3824,11.3915,11.3902,11.3494,11.3537,11.3353
APOBEC3B,7.7921,7.8102,7.8434,4.8302,5.1789,4.8317
APOBEC3C,10.4524,10.4566,10.5641,10.3904,10.313,10.3556
APOBEC3D,4.0451,4.1849,4.6387,5.0773,4.2603,4.1595
APOBEC3F,6.6119,5.9248,6.2037,5.4014,5.6291,5.5867
APOBEC3G,5.5007,5.8449,5.6739,5.4722,5.5438,5.9526
APOC3,5.5007,4.2689,4.6387,4.7753,4.7413,4.5088
APOE,5.5783,5.5745,5.4621,6.0367,5.9499,6.0266
APOL1,5.1907,5.3612,5.518,4.8831,5.0609,4.8317
APOL3,4.8588,4.2689,4.0934,4.1552,4.1872,4.5088
APOL4,6.1353,6.269,6.3649,6.2928,6.1747,6.6122
APOL6,9.0481,8.9705,8.8527,8.3012,8.3665,8.3608
APOLD1,6.6303,7.088,6.496,5.6658,6.3357,6.0266
APOM,3.1705,2.8627,2,2.6149,4.0287,2.4936
APOO,7.5915,7.7819,7.7057,7.3805,7.3756,7.0365
APOOL,8.9161,8.9259,8.7426,8.363,8.2136,8.1737
APP,13.6664,13.5621,13.6368,14.2471,14.1944,14.2513
APPBP2,10.1127,10.1368,10.1506,9.5953,9.6389,9.6177
APPL1,9.4958,9.6819,9.5966,8.7454,8.7906,8.7937
APPL2,10.1029,10.2549,10.1462,9.6536,9.9088,9.8188
APTX,8.6769,8.6678,8.7888,8.7454,8.6169,8.607
AQP11,5.4603,5.6072,5.3739,4.8302,4.9325,5.1627
AQR,9.8449,10.0036,9.9757,9.9331,10.0037,9.9708
AR,7.4746,7.4268,7.2898,7.0041,7.21,7.1065
ARAF,9.7113,9.8771,9.7879,9.6986,9.7109,9.7507
ARAP1,10.4172,10.2868,10.3622,10.9032,10.8719,10.8517
ARAP2,4.8588,4.863,4.6387,4.0665,4.0287,4.1595
ARAP3,8.4787,8.3913,8.5548,8.1636,8.2986,8.3996
ARC,3.3581,3.3989,3.4556,4.0665,4.6892,3.947
ARCN1,12.7557,12.7393,12.7883,12.7466,12.7861,12.7068
AREL1,10.3933,10.2893,10.442,10.7099,10.6032,10.5721
ARF1,12.958,12.9871,13.0466,12.683,12.7454,12.6825
ARF3,12.0678,12.0812,12.0203,11.9125,11.9017,11.9116
ARF4,13.1443,13.1859,13.1401,13.2145,13.2821,13.17
ARF5,10.215,10.2956,10.3106,10.5554,10.5855,10.6193
ARFGAP1,11.2178,11.2291,11.2559,11.0515,11.0319,10.9532
ARFGAP2,9.9992,9.9757,9.93,9.7368,9.7716,9.6207
ARFGAP3,10.6349,10.706,10.6535,10.0749,10.2671,10.0617
ARFGEF2,10.5663,10.5159,10.4573,10.7752,10.7745,10.809
ARFIP1,9.2835,9.2206,9.2782,9.4927,9.6509,9.6042
ARFIP2,9.9868,10.0444,10.1137,9.8902,10.0327,9.824
ARFRP1,9.3375,9.2337,9.1862,9.2295,9.1567,9.1513
ARG2,5.8526,5.872,5.7691,5.9892,5.9049,6.2127
ARGLU1,9.833,9.7291,9.7388,9.807,9.8858,9.8279
ARHGAP1,11.4328,11.4785,11.5252,11.6115,11.6184,11.5437
ARHGAP10,9.5854,9.7104,9.5885,9.3259,9.3701,9.3006
ARHGAP11A,9.0171,9.0558,9.3279,7.3337,6.9911,7.4201
ARHGAP12,9.2453,9.1308,8.9876,9.0589,9.055,8.9327
ARHGAP17,10.4968,10.5223,10.6299,10.0125,10.0483,10.044
ARHGAP18,9.835,9.9052,9.8961,8.5547,8.7371,8.4776
ARHGAP19,8.5382,8.3192,8.4793,7.3619,7.023,7.2603
ARHGAP20,6.9405,6.7938,6.9159,6.3314,6.2304,6.2127
ARHGAP23,11.6855,11.7038,11.7447,10.7883,10.7557,10.6965
ARHGAP24,8.9995,9.1805,9.1819,9.2847,9.2784,9.22
ARHGAP25,3.3581,3.5409,3.4556,3.3754,3.8505,3.8686
ARHGAP26,6.0562,5.5745,5.4903,6.3504,6.1168,6.1311
ARHGAP27,3.1705,2.8627,2.904,3.972,4.3964,4.3447
ARHGAP28,6.9405,6.6755,6.8191,8.4489,8.7145,8.7723
ARHGAP29,10.1951,10.34,10.4193,8.1636,8.4587,8.1027
ARHGAP31,9.9306,9.982,9.9619,9.9534,9.9016,9.824
ARHGAP32,8.1121,8.141,8.0986,8.4664,8.5923,8.5263
ARHGAP33,5.8211,5.8986,6.4536,4.9835,5.0609,4.9507
ARHGAP39,7.2909,7.2622,7.4276,7.074,6.5981,6.991
ARHGAP42,7.2794,7.3613,7.3756,8.0582,8.0165,8.0811
ARHGAP44,6.083,5.5069,5.8145,6.4414,6.0768,6.1806
ARHGAP45,6.7186,6.7359,6.7623,7.3049,7.3339,7.3782
ARHGAP5,10.2376,10.087,10.251,10.0735,10.1505,10.0496
ARHGAP6,5.6874,5.399,5.2799,6.639,6.4496,6.6361
ARHGAP8,3.3581,2,3.0629,2.8457,3.5338,3.6977
ARHGDIA,12.9427,12.9464,13.0502,13.0703,13.032,13.0169
ARHGDIB,6.2817,6.5298,6.5099,5.0773,4.7915,4.7021
ARHGDIG,3.1705,2.8627,3.7639,3.5161,3.4107,3.2797
ARHGEF1,9.9213,9.9118,10.0163,10.4376,10.3109,10.4671
ARHGEF10,9.3787,9.2467,9.3023,8.5869,8.6376,8.5858
ARHGEF10L,8.237,8.1242,8.1832,7.7083,7.5389,7.7059
ARHGEF11,9.8817,9.8771,9.8974,9.5774,9.5901,9.7077
ARHGEF12,12.2351,12.3397,12.1767,12.817,12.8323,12.8808
ARHGEF17,11.4804,11.4646,11.4845,11.6188,11.5911,11.6107
ARHGEF19,7.0937,6.9161,7.0165,7.074,7.1047,7.0365
ARHGEF2,11.2989,11.0916,11.1145,10.5746,10.5747,10.5032
ARHGEF25,8.4061,8.329,8.4071,8.1474,8.1477,8.0459
ARHGEF26,6.1094,5.6391,5.518,4.6587,4.4599,4.5596
ARHGEF28,9.2453,9.3396,9.2288,10.2539,10.1457,10.3708
ARHGEF3,7.1583,7.111,7.2325,7.7588,7.7184,7.7558
ARHGEF33,3.808,3.6702,3.7639,3.2195,4.2603,3.1531
ARHGEF37,5.0343,4.9673,4.9136,4.7181,4.6892,4.9883
ARHGEF39,5.6874,5.3612,6.0027,4.9835,5.0609,5.3183
ARHGEF4,5.2863,5.3612,5.792,4.7181,5.2161,5.1627
ARHGEF5,3.3581,4.6908,4.2336,3.2195,3.7525,3.5038
ARHGEF6,6.9551,7.0995,6.8737,6.8663,6.8794,6.845
ARHGEF7,9.9026,9.9264,9.9236,10.2899,10.2968,10.3385
ARHGEF9,7.9168,7.9882,8.1213,7.8874,8.1234,7.9444
ARID1A,11.027,10.9892,11.056,10.8675,10.7604,10.8097
ARID1B,10.1338,10.2263,10.1802,10.6055,10.4474,10.623
ARID2,8.8155,8.6005,8.5003,8.9791,8.8803,8.9613
ARID3A,9.3841,9.3565,9.3299,10.9712,10.8972,10.9673
ARID3B,6.8495,6.8079,6.8629,6.9179,6.7833,7.0002
ARID4A,8.0589,8.031,8.1702,8.2618,8.1998,8.2019
ARID4B,9.6587,9.5134,9.5387,9.6325,9.556,9.6027
ARID5A,6.9839,7.1993,6.9159,7.0511,7.2996,7.3853
ARID5B,12.3049,12.2658,12.2405,12.0724,12.1944,12.1014
ARIH1,10.5459,10.3617,10.4429,10.4431,10.5031,10.4894
ARIH2,10.4317,10.434,10.3961,10.4254,10.5096,10.5706
ARIH2OS,4.2487,4.0956,3.8536,4.2388,3.4107,4.2856
ARL1,10.966,10.9721,10.9634,11.0215,11.1461,11.0028
ARL10,9.2572,9.3052,9.2013,9.4273,9.4249,9.4579
ARL13B,7.2794,7.1447,7.2157,8.1528,8.0323,8.2099
ARL14EP,8.2006,8.269,8.2466,8.2517,8.3952,8.2178
ARL15,7.9243,7.7675,7.8158,8.5006,8.708,8.5704
ARL17B,6.2345,5.4718,5.5718,5.4014,5.7097,4.6087
ARL2,9.3596,9.2596,9.3911,9.2321,9.1204,9.1861
ARL2BP,10.1812,10.3143,10.2907,9.2089,9.324,9.1304
ARL2-SNX15,4.5858,4.1849,4.0934,2,2,2
ARL3,9.1627,9.1195,9.0024,9.1318,9.3988,9.3062
ARL4A,7.7592,8.0607,7.7933,6.369,6.3526,6.4466
ARL4C,10.1827,10.3521,10.2957,9.9142,10.1287,9.9048
ARL4D,7.7083,7.7309,7.5196,6.5103,6.3015,6.4601
ARL5A,9.7496,9.7142,9.8175,10.1551,10.0301,10.224
ARL5B,9.3787,9.2775,9.4115,10.5462,10.6843,10.7992
ARL6,6.6839,6.8079,6.3184,6.7712,6.8794,7.1065
ARL6IP1,11.1424,11.1825,11.2252,11.4946,11.4954,11.5691
ARL6IP4,10.503,10.5831,10.4573,10.4198,10.299,10.3592
ARL6IP5,11.136,11.1364,11.1509,10.5615,10.6388,10.5129
ARL6IP6,7.7169,7.892,7.7057,7.6712,7.6656,7.7116
ARL8A,9.2092,9.1167,9.1776,9.8657,9.6945,9.7991
ARL8B,10.4212,10.4329,10.4804,11.0362,11.075,11.1046
ARL9,3.1705,3.3989,3.0629,3.3754,4.1101,3.0143
ARMC1,9.6362,9.6112,9.7284,9.3821,9.3968,9.4188
ARMC2,5.0343,5.0168,5.3119,4.9342,5.4839,4.5088
ARMC5,8.0857,8.1741,8.0614,8.6146,8.6342,8.7146
ARMC6,9.4056,9.3756,9.4516,9.0703,9.0265,8.9754
ARMC7,7.0937,6.9674,7.2737,7.578,7.0542,7.1975
ARMC8,9.2718,9.2571,9.2883,8.7055,8.854,8.6949
ARMC9,9.7005,9.5745,9.5918,10.4822,10.6084,10.4804
ARMCX1,8.9383,8.8865,8.95,10.1403,10.0978,10.0705
ARMCX2,10.4199,10.3167,10.3736,9.8408,9.948,9.7259
ARMCX3,10.9005,10.84,10.7861,10.9048,11.0181,10.8813
ARMCX4,8.4583,8.4555,8.5072,8.5424,8.5196,8.631
ARMCX5,7.5915,7.3803,7.5332,7.2556,7.782,7.454
ARMCX6,9.2394,9.2724,9.214,8.7807,8.6169,8.5006
ARMH1,5.8211,5.5069,5.6739,5.6041,5.1406,5.1627
ARMH3,8.9782,9.0705,9.0411,9.2797,9.3303,9.4206
ARMH4,8.0316,8.0607,8.0708,8.0923,7.9627,8.0592
ARNT,9.4214,9.3249,9.4888,9.2346,9.3388,9.3192
ARNT2,9.4706,9.591,9.6063,8.6028,8.8391,8.6191
ARNTL,7.5536,7.6233,7.7057,8.1742,8.0165,8.0898
ARNTL2,10.1734,10.3302,10.3146,8.8117,8.7936,8.9589
ARPC1A,11.7345,11.6896,11.7207,11.254,11.2874,11.23
ARPC1B,11.6472,11.5688,11.6513,11.4786,11.4245,11.5
ARPC2,13.1074,13.1546,13.1409,12.1604,12.2477,12.1288
ARPC4,11.6055,11.6529,11.5759,11.5437,11.5152,11.4947
ARPC4-TTLL3,6.0009,6.0249,6.4536,5.2484,5.7861,6.6711
ARPC5,12.1035,12.1573,12.1435,11.3646,11.4121,11.3784
ARPC5L,9.5401,9.7198,9.6539,9.4625,9.4622,9.4679
ARPIN,8.3738,8.4997,8.5141,7.6936,7.8005,7.6068
ARPP19,10.9911,11.1188,11.0707,10.8651,10.8914,10.9195
ARRB1,7.879,7.9118,8.1303,7.5373,7.6922,7.6832
ARRB2,7.0122,6.8219,7.0736,6.2532,6.0147,6.6361
ARRDC1,7.6734,7.7085,7.7414,8.3109,8.259,8.4476
ARRDC2,6.6119,6.3093,6.3801,7.0395,7.0947,7.268
ARRDC3,8.9675,9.2977,9.2516,10.3069,10.4946,10.4951
ARRDC4,9.5498,9.4176,9.4244,8.7842,8.7967,8.672
ARSA,8.7749,8.5467,8.9008,9.3378,9.343,9.3338
ARSB,10.3538,10.3995,10.4653,10.3674,10.4087,10.4206
ARSD,8.0177,7.872,7.8651,7.5455,7.392,7.5387
ARSG,7.9754,7.8102,7.7704,8.0055,7.6988,8.0767
ARSI,8.1883,7.8449,8.0281,7.1836,7.0746,7.1065
ARSJ,11.3857,11.5155,11.4753,9.5551,9.8757,9.5329
ARSK,9.0851,9.202,9.1335,8.657,8.7875,8.6575
ARSL,5.4603,5.5069,5.2799,5.9649,6.1168,5.7267
ARV1,7.7757,7.6858,7.8597,7.529,7.5966,7.4872
AS3MT,5.8526,5.7009,5.8367,5.122,5.0609,4.1595
ASAH1,9.938,9.7997,9.841,10.4897,10.4716,10.5008
ASAH2,6.0288,5.4359,5.6739,6.5599,6.7957,6.3633
ASAH2B,7.0398,7.1336,6.8521,7.4869,7.5608,7.4674
ASAP1,11.53,11.5668,11.5371,11.4888,11.5095,11.4862
ASAP2,10.488,10.5277,10.5608,10.2972,10.4046,10.3946
ASAP3,8.39,8.5676,8.5244,8.5465,8.4742,8.4169
ASB1,10.299,10.3351,10.2292,10.8708,10.8191,10.7886
ASB13,6.7691,7.0168,6.9671,7.4523,7.5389,7.7003
ASB16,5.9138,5.872,5.8145,6.0131,6.3692,6.3775
ASB3,8.5906,8.6286,8.7099,8.6185,8.6134,8.5231
ASB4,2.9547,3.2413,2.904,3.2195,3.276,3.7856
ASB6,9.5255,9.3708,9.4226,9.1828,9.0343,9.1241
ASB7,7.9464,8.0128,7.9387,7.9995,8.3706,8.1281
ASB8,8.8155,8.6794,8.7484,8.3396,8.3287,8.2835
ASCC1,8.1251,8.2276,8.0472,7.7156,7.8954,7.7774
ASCC2,10.2817,10.3315,10.3583,10.2438,10.1791,10.2231
ASCC3,11.7078,11.7015,11.6761,11.8482,11.9746,11.8133
ASF1A,8.4114,8.5759,8.5481,7.2251,7.4162,7.5067
ASF1B,7.3024,7.3517,7.4494,4.6587,4.6892,4.4015
ASGR1,4.0451,4.4237,4.2989,5.7537,5.2525,5.2581
ASH1L,10.7046,10.7079,10.6211,10.6405,10.6818,10.5667
ASH2L,9.1659,9.2775,9.2578,9.1588,9.135,9.2279
ASIC1,7.2441,7.0995,7.2325,6.1051,6.0969,5.8337
ASIC2,2.3925,2,3.5658,3.5161,3.7525,3.0143
ASIC3,2.3925,2.6282,3.206,3.8708,3.6473,3.8686
ASL,9.169,9.0909,9.2204,8.8185,8.8151,8.9059
ASMTL,8.9493,8.8932,8.9851,8.9484,9.0678,8.9059
ASNS,10.7261,10.6166,10.565,8.4268,8.7782,8.3245
ASNSD1,9.5449,9.6704,9.4605,9.0032,9.0602,8.9375
ASPA,4.9197,4.1849,4.4788,4.464,4.33,4.3447
ASPH,14.3837,14.4052,14.3992,14.1066,14.1705,14.1425
ASPHD2,5.5783,5.399,5.9221,5.8095,5.6291,5.7043
ASPM,10.1386,10.0143,10.1484,6.7852,7.2644,7.0002
ASPSCR1,8.1883,8.2064,8.3543,8.0923,8.2365,8.1449
ASRGL1,4.427,4.2689,4.3614,4.3179,4.3964,4.0921
ASS1,8.9711,9.0529,8.9269,7.173,7.4479,7.1403
ASTE1,6.5555,6.2484,6.2703,5.6957,5.6012,5.5369
ASTN2,7.9609,8.0783,7.8489,8.3157,8.3244,8.2099
ASXL1,10.4968,10.451,10.5339,9.93,9.9355,9.7535
ASXL2,9.7745,9.8346,9.715,8.731,8.8421,8.7561
ASXL3,4.1505,4.1849,3.8536,4.7181,5.4215,4.7021
ATAD1,9.5522,9.6646,9.6741,10.4628,10.4841,10.5298
ATAD2,9.0851,9.2977,9.2392,7.5939,7.8428,7.5387
ATAD2B,7.7254,7.445,7.606,8.0055,8.0218,8.1778
ATAD3A,10.0714,10.2792,10.2826,9.4384,9.4602,9.5981
ATAD3B,9.2334,9.4473,9.48,8.4357,8.6648,8.5391
ATAD5,6.3932,6.8357,6.5372,5.2882,5.4531,5.3183
ATAT1,4.659,4.1849,4.6883,5.4722,5.5142,5.3761
ATCAY,4.5086,4.5634,4.5341,5.6353,5.8106,5.7043
ATE1,8.9161,8.8288,8.9626,8.901,9.1204,8.9824
ATF1,8.3463,8.3142,8.3581,7.8006,7.9572,7.9008
ATF2,9.4449,9.2775,9.2537,10.1128,10.0222,10.1912
ATF3,6.9405,6.6908,6.8844,8.0524,7.9845,8.3391
ATF4,12.1439,12.0692,12.0036,11.8344,11.8322,11.8357
ATF5,9.0616,9.032,8.9925,8.939,8.8745,8.9133
ATF6,10.4703,10.4215,10.4438,9.4777,9.556,9.5408
ATF6B,9.576,9.5704,9.5688,8.4664,8.7719,9.4033
ATF7,9.5157,9.591,9.5704,9.7133,9.7622,9.7176
ATF7IP,9.9232,9.742,9.7964,9.9794,9.9563,9.89
ATF7-NPFF,4.0451,3.5409,3.938,3.3754,3.8505,4.1595
ATG10,6.9696,6.6755,6.7271,6.527,6.3692,6.3489
ATG101,10.0237,9.897,9.93,10.2041,10.1517,10.1668
ATG12,10.0494,10.189,10.1261,10.4918,10.4917,10.5
ATG13,10.4716,10.4678,10.4707,11.3582,11.3796,11.4116
ATG16L1,7.9682,7.9183,7.9076,7.8938,7.8664,7.9492
ATG16L2,6.0562,6.0957,5.963,6.1916,6.4019,6.3489
ATG2A,9.3093,9.0469,9.1623,9.8525,9.7222,9.9158
ATG2B,9.618,9.6352,9.624,10.5554,10.519,10.4771
ATG3,9.376,9.4585,9.3684,9.1125,9.2652,9.2551
ATG4A,7.848,8.0189,8.1077,8.5709,8.5046,8.5199
ATG4B,9.5641,9.5537,9.5671,9.8934,9.9144,9.8912
ATG4C,7.0398,7.1993,7.1814,6.8531,7.1439,6.9344
ATG4D,8.157,8.2433,8.23,7.6176,7.3756,7.4607
ATG5,8.9457,9.0046,8.9851,8.7596,8.8362,8.8837
ATG7,9.3319,9.3298,9.2055,8.8083,8.775,8.8787
ATG9A,10.5435,10.5245,10.6091,11.21,11.1212,11.2053
ATIC,10.4741,10.4146,10.4348,10.2589,10.2738,10.2866
ATL1,8.1186,8.0607,8.0472,7.2556,7.2284,7.2214
ATL2,8.3519,8.5593,8.5312,8.6379,8.9005,8.8069
ATL3,11.3412,11.4078,11.2242,9.6593,9.8086,9.5408
ATM,9.9671,10.0067,9.9001,10.5906,10.671,10.608
ATN1,11.9976,11.987,12.0511,12.0957,12.0012,12.0958
ATOH8,7.7254,7.8102,7.8865,8.4445,8.1234,8.5422
ATOX1,9.2512,9.1503,9.2963,8.8151,8.9147,8.7642
ATP10A,9.7579,9.8551,9.841,8.3953,8.5564,8.1407
ATP10B,3.9314,2.6282,3.5658,4.2388,4.1872,4.2856
ATP10D,10.6785,10.7098,10.6698,10.783,10.8733,10.8071
ATP11A,10.0881,10.1,10.1261,10.2551,10.1684,10.044
ATP11B,10.0289,10.0928,10.0792,10.036,10.0941,10.009
ATP11C,9.795,9.7997,9.9027,9.7618,9.8844,9.94
ATP13A1,10.7046,10.5319,10.6378,10.5655,10.4793,10.5605
ATP13A2,9.739,9.6972,9.8382,10.0184,9.9632,9.979
ATP13A3,12.2325,12.3198,12.2583,13.3554,13.3283,13.4725
ATP1A1,12.5521,12.5067,12.5778,12.8971,12.8051,12.8903
ATP1A3,3.1705,3.6702,3.5658,3.6442,4.2603,3.604
ATP1B1,9.0784,9.1336,9.2619,8.1528,8.5009,8.4135
ATP1B2,3.6731,3.2413,2.904,3.8708,4.0287,4.2856
ATP1B3,11.3468,11.4314,11.4204,12.3065,12.1783,12.2984
ATP23,4.427,4.2689,4.6387,4.0665,3.9423,3.604
ATP2A1,2.9547,4.3484,3.8536,4.3928,4.0287,4.0214
ATP2A2,13.1546,13.1896,13.1603,13.6672,13.644,13.6527
ATP2A3,5.2863,5.5411,5.3119,7.4078,7.0644,7.2055
ATP2B1,10.5746,10.5008,10.4501,10.3463,10.2071,10.4189
ATP2B4,13.9258,13.9628,13.963,12.732,12.8556,12.6169
ATP2C1,11.2699,11.101,11.1701,11.264,11.295,11.3184
ATP2C2,3.9314,3.7889,4.2336,3.972,3.8505,3.6977
ATP5F1A,12.9349,12.9834,12.9753,12.7419,12.7462,12.7416
ATP5F1B,13.4076,13.4191,13.4364,13.4289,13.3951,13.4453
ATP5F1C,11.0561,11.214,11.1657,10.5523,10.5494,10.4512
ATP5F1D,9.985,10.0021,9.9568,9.9503,9.9088,9.8586
ATP5F1E,11.0527,11.0008,10.945,11.006,11.0082,10.9134
ATP5IF1,9.7537,9.7837,9.6787,9.6092,9.7109,9.6132
ATP5MC1,9.3206,9.5305,9.3454,8.8849,8.889,8.9963
ATP5MC2,10.7784,10.8375,10.7747,10.8327,10.7293,10.7529
ATP5MC3,11.1693,11.1987,11.1831,11.0572,11.0858,11.0966
ATP5MF,10.1062,10.0914,10.085,9.7512,9.8193,9.7231
ATP5MF-PTCD1,7.5147,7.3517,7.5264,7.5039,7.0124,7.526
ATP5MG,10.6074,10.517,10.5905,10.7856,10.7406,10.7738
ATP5MJ,9.5665,9.5807,9.5165,9.68,9.6678,9.5329
ATP5MK,9.6587,9.7085,9.671,9.5449,9.6441,9.569
ATP5PB,10.9893,11.0492,10.9653,10.9388,10.9685,10.8876
ATP5PD,10.663,10.722,10.7176,10.6025,10.5952,10.548
ATP5PF,9.7156,9.8551,9.7851,9.4049,9.4407,9.424
ATP5PO,10.4498,10.4844,10.4519,10.0621,10.1201,10.0529
ATP6AP1,11.3103,11.2952,11.3585,11.8807,11.7469,11.8466
ATP6AP1L,5.1404,4.8078,5.1083,4.464,4.7413,4.3447
ATP6AP2,11.4171,11.3874,11.4372,11.7214,11.765,11.7395
ATP6V0A1,9.6676,9.742,9.7993,10.3129,10.2771,10.2895
ATP6V0A2,8.6725,8.5718,8.5976,8.9328,8.7906,8.8585
ATP6V0B,10.2495,10.2792,10.2145,11.0658,10.9298,10.9298
ATP6V0C,11.4131,11.3107,11.4521,11.7727,11.7208,11.7665
ATP6V0D1,10.6585,10.6736,10.7868,10.7778,10.7862,10.7211
ATP6V0D2,2.3925,2,2.7255,3.6442,4.1101,4.0214
ATP6V0E1,11.1408,11.1024,11.0608,11.7718,11.7744,11.7253
ATP6V0E2,8.3184,8.2843,8.2915,7.4783,7.5017,7.5196
ATP6V1A,10.5793,10.5944,10.6083,10.1578,10.142,10.1316
ATP6V1B2,10.584,10.6025,10.5074,10.2157,10.2346,10.1831
ATP6V1C1,10.1874,10.2665,10.1899,11.058,11.0319,11.1206
ATP6V1C2,4.427,4.2689,4.9136,4.1552,5.1013,4.7466
ATP6V1D,10.5579,10.6055,10.5186,10.4822,10.5394,10.555
ATP6V1E1,11.0122,10.9682,10.9405,11.5667,11.4978,11.5675
ATP6V1E2,6.2345,6.0957,5.7223,5.2075,5.1406,5.4588
ATP6V1F,10.3019,10.3339,10.2877,11.0208,10.9527,11.034
ATP6V1G1,10.4277,10.4226,10.3764,11.4608,11.4546,11.4812
ATP6V1G2,2.7008,3.3989,3.3362,4.464,2.5596,2
ATP6V1G2-DDX39B,6.2583,5.7009,6.254,5.7537,5.3892,4.5596
ATP7A,9.9287,9.9167,9.715,10.3475,10.3658,10.3457
ATP7B,7.3363,7.4895,7.5733,7.578,7.4242,7.3993
ATP8A1,4.7287,4.6285,4.9947,6.9305,6.3856,6.6478
ATP8B1,11.5141,11.4939,11.5218,8.8784,9.2085,8.8886
ATP8B2,11.4439,11.4862,11.47,10.514,10.4889,10.4571
ATP8B3,5.9434,6.329,6.0414,5.6041,5.7611,5.5369
ATP8B4,4.5086,4.0004,4.2989,5.9649,5.7356,6.0446
ATP9A,10.7003,10.6861,10.5229,11.249,11.1872,11.2093
ATP9B,8.567,8.5759,8.458,8.4089,8.6203,8.471
ATPAF1,9.2364,9.3298,9.3318,9.129,9.0395,8.9824
ATPAF2,7.4542,7.4718,7.5799,7.1078,7.1439,7.2756
ATPSCKMT,7.3363,7.1447,7.3604,7.0041,7.0438,6.9817
ATR,9.343,9.1913,9.2309,9.1097,9.1302,9.1007
ATRAID,9.7284,9.7383,9.8077,10.0419,9.9577,9.9388
ATRIP,7.1068,7.3517,7.1464,6.8127,7.1631,6.915
ATRN,10.9433,10.9776,10.8964,10.6318,10.6693,10.6208
ATRNL1,3.1705,3.6702,3.206,6.3314,6.4806,6.6242
ATRX,11.1215,10.9776,11.0771,11.3974,11.4821,11.4792
ATXN1,8.9011,8.9954,8.8929,9.7096,9.7043,9.6764
ATXN10,11.3286,11.4107,11.3619,11.0608,11.1552,11.103
ATXN1L,9.5082,9.6173,9.4905,10.1578,10.1613,10.1189
ATXN2,10.0443,9.9505,9.9066,10.1211,10.1189,10.1524
ATXN2L,11.051,11.1095,11.1992,11.0644,11.0049,11.1148
ATXN3,8.6092,8.3629,8.2672,9.0531,8.9062,9.0483
ATXN7,8.4167,8.3629,8.2425,8.5628,8.6238,8.561
ATXN7L1,6.9839,6.7651,6.8737,7.2656,7.2555,7.0455
ATXN7L2,5.8211,5.9757,5.9221,6.0131,5.8819,5.9714
ATXN7L3,10.4119,10.4065,10.3886,11.1322,11.0902,11.1806
ATXN7L3B,10.6462,10.6424,10.6354,11.3529,11.3172,11.3385
AUH,7.1068,7.0046,7.1195,7.8938,7.6656,7.6425
AUNIP,4.9197,5.7009,5.4903,3.5161,4.1101,4.1595
AUP1,10.2286,10.1452,10.1856,10.6133,10.4217,10.5951
AURKA,9.8091,9.867,9.9236,7.8809,7.9627,7.7503
AURKAIP1,10.063,10.034,10.0931,10.2092,10.0612,10.1902
AURKB,8.1121,8.3819,8.331,5.3646,5.6012,5.1952
AURKC,3.3581,4.0004,3.5658,3.6442,3.276,3.6977
AUTS2,7.067,7.21,7.2978,7.2455,7.023,7.3496
AVEN,8.7666,8.7322,8.8418,7.9814,8.1184,8.0459
AVL9,9.8988,9.85,9.7808,10.0006,9.9849,10.0573
AVPI1,8.2067,8.1185,8.2132,8.6067,8.5491,8.6575
AXIN1,8.7373,8.5635,8.763,9.1695,9.0678,9.0528
AXIN2,5.0343,4.6908,4.7827,3.972,4.0287,3.947
AXL,13.7831,13.7808,13.8176,11.6075,11.7098,11.6253
AZI2,9.5157,9.4405,9.5285,9.5011,9.6577,9.5612
AZIN1,11.7062,11.7466,11.7278,11.17,11.2214,11.1817
AZIN2,5.9434,6.1185,6.5099,6.6235,6.6535,6.4734
B2M,12.7859,12.8028,12.7826,13.0638,13.1862,13.1141
B3GALNT1,7.0398,7.1223,7.0829,7.5699,7.8723,7.7558
B3GALNT2,7.6909,7.5155,7.6629,7.8279,7.8839,7.804
B3GALT1,6.3932,6.5635,6.0604,7.2251,7.3339,7.3993
B3GALT2,5.9434,6.2276,6.1516,3.7619,4.1101,3.2797
B3GALT6,9.4833,9.716,9.7,10.036,10.0262,10.1493
B3GAT2,3.1705,3.2413,2.7255,3.7619,2.7747,3.7856
B3GAT3,9.5522,9.4153,9.4134,10.2144,9.9659,10.2042
B3GLCT,7.5147,7.701,7.7117,6.9555,7.0438,7.0893
B3GNT2,7.8322,7.892,7.8705,8.1201,8.2044,8.3097
B3GNT4,3.5242,4.4952,3.3362,2.8457,3.276,2.6888
B3GNT5,6.8338,6.66,6.6666,6.7285,6.8321,7.1065
B3GNT9,8.7031,8.7022,8.763,9.1153,9.0981,9.2101
B3GNTL1,6.4145,6.3866,6.3649,5.7819,5.7356,5.7267
B4GALNT1,6.2104,6.4953,6.4392,6.5921,6.5258,6.6595
B4GALNT2,5.722,5.7602,5.4039,5.4722,5.8106,5.8944
B4GALNT4,8.8035,8.7469,8.6486,8.8521,8.8716,8.8911
B4GALT1,11.0484,11.0669,11.0933,10.7699,10.8161,10.7419
B4GALT2,10.6349,10.6474,10.6433,10.1114,10.0978,10.0147
B4GALT3,9.1437,9.0822,9.2204,9.6875,9.5578,9.6893
B4GALT4,9.1341,9.1913,9.1645,9.3425,9.4048,9.2856
B4GALT5,9.9471,10.0355,9.8842,10.513,10.3119,10.4318
B4GALT6,6.083,5.5411,6.1516,5.7819,6.1747,5.611
B4GALT7,9.4267,9.3803,9.3221,8.7911,8.6782,8.7396
B4GAT1,9.0447,8.9892,9.0387,9.1427,9.1734,9.1657
B9D1,6.5555,6.7938,6.7271,5.7819,5.8348,5.7705
B9D2,5.8526,5.872,5.9427,6.6235,6.2304,6.6122
BAALC,9.5831,9.5787,9.7105,8.3396,8.5455,8.2798
BABAM1,9.9176,9.8363,10.0308,9.8542,9.8238,9.8662
BACE1,11.3489,11.4159,11.3231,10.9048,11.0687,10.975
BACE2,9.837,9.9457,9.8987,8.6146,8.6648,8.4776
BACH1,10.6529,10.7678,10.7435,11.2634,11.4458,11.3687
BACH2,5.6519,5.6072,5.2137,5.8095,5.9499,5.611
BAD,8.9493,8.9985,8.9191,9.1854,9.1899,9.1861
BAG1,7.8002,8.031,8.0281,8.7596,8.7177,8.6575
BAG2,10.245,10.2968,10.0862,9.3163,9.5705,9.3875
BAG3,11.0696,11.013,11.1048,10.8716,10.8871,10.7992
BAG4,9.1908,9.0259,9.1177,9.021,9.1277,9.0638
BAG5,9.4655,9.4829,9.5688,9.2822,9.3068,9.3228
BAG6,12.3394,12.3223,12.3524,12.5105,12.4523,12.5059
BAHCC1,8.8589,8.9579,8.8445,8.1795,8.2899,8.1239
BAHD1,9.1846,9.2153,9.2537,9.1933,9.2177,9.184
BAIAP2,8.9235,8.8044,8.9321,8.7274,8.8948,8.8886
BAIAP2L1,7.7508,7.7235,7.5534,7.0853,7.2284,7.0893
BAIAP2L2,3.808,4.2689,4.0178,3.7619,4.1872,4.1595
BAIAP3,3.5242,3.5409,3.3362,4.8302,4.1101,4.7898
BAK1,9.1179,9.2389,9.2267,9.9885,9.9355,9.9929
BAMBI,7.4335,7.6233,7.4919,8.6796,8.4193,8.5038
BANF1,10.3288,10.4352,10.3933,10.2196,10.104,10.1019
BANP,7.9609,7.8517,7.8971,7.8346,7.8005,7.7503
BAP1,10.0545,10.1185,10.0873,9.227,9.0981,9.222
BARD1,7.1833,7.1886,7.1901,5.2882,5.4215,5.1627
BASP1,11.7845,11.8733,11.8564,11.9287,11.856,11.8764
BATF2,3.5242,3.2413,4.1652,3.8708,4.33,3.1531
BATF3,4.8588,4.8078,4.9547,3.6442,4.33,3.8686
BAX,10.7388,10.6755,10.7646,11.5262,11.3929,11.5756
BAZ1A,10.0392,10.141,10.0428,10.6201,10.6413,10.7515
BAZ1B,11.3619,11.3353,11.2864,10.5109,10.5096,10.4604
BAZ2B,8.7708,8.5509,8.5514,9.547,9.5451,9.569
BBC3,7.6193,7.0764,7.3831,9.0902,9.0343,9.0077
BBIP1,7.256,7.591,7.606,7.586,7.5167,7.6543
BBOF1,6.1094,6.0249,5.7223,5.6041,5.5142,5.227
BBS1,8.1315,7.8032,7.9233,8.4533,8.5344,8.4743
BBS10,8.0657,7.892,8.052,8.5988,8.5418,8.6428
BBS12,6.0288,6.269,5.88,7.0278,6.9138,6.8953
BBS2,8.0453,8.2381,8.2508,9.0817,9.0855,9.0528
BBS4,7.9317,8.0841,8.1658,8.1035,8.209,8.2099
BBS5,7.3363,7.591,7.4422,7.9995,7.8781,7.9728
BBS7,8.6857,8.7506,8.6948,8.1689,8.1283,8.3643
BBX,10.3511,10.3278,10.3254,9.6612,9.9016,9.5905
BCAM,9.4449,9.2927,9.4818,9.2498,9.1615,9.0394
BCAP31,11.442,11.3444,11.413,11.7735,11.7061,11.7833
BCAR1,11.5945,11.6047,11.7159,11.9101,11.8236,11.9092
BCAR3,9.7049,9.7926,9.9352,9.4117,9.4308,9.5281
BCAS2,8.8115,8.846,8.6888,8.3998,8.354,8.2139
BCAS3,8.099,8.0957,7.9489,8.6833,8.6981,8.791
BCAS4,8.6367,8.7285,8.7099,8.3998,8.3287,8.4409
BCAT1,13.1706,13.1896,13.1846,11.8693,12.1649,11.8104
BCAT2,8.5622,8.3339,8.4071,7.5373,7.4865,7.4937
BCCIP,9.7135,9.9361,9.8091,9.0618,9.1447,9.22
BCDIN3D,6.5555,6.1185,6.3649,6.6694,6.3692,6.7822
BCHE,4.0451,4.5634,4.2989,4.5967,4.2603,4.2856
BCKDHA,7.6008,6.9799,7.5127,7.1407,7.6988,7.098
BCKDHB,7.9018,7.6704,7.6629,6.8127,7.2008,6.9052
BCKDK,9.9544,9.8277,9.9757,10.1003,10.013,10.142
BCL10,9.1532,9.1641,9.2475,9.5011,9.4986,9.4444
BCL11A,9.9797,10.0459,10.0029,9.1345,9.3825,9.3062
BCL2,5.3759,5.5069,5.2472,3.3754,3.5338,3.1531
BCL2A1,2.9547,4.0004,2.5217,4.2388,3.8505,4.4015
BCL2L1,10.3524,10.4778,10.497,11.3681,11.3708,11.4288
BCL2L11,5.5783,5.2825,5.4903,6.2928,6.0357,6.1142
BCL2L12,8.1186,8.2381,7.9284,7.7799,7.6246,7.8404
BCL2L13,10.2672,10.3665,10.2229,10.2947,10.3226,10.3165
BCL2L2,10.2331,10.3533,10.2038,10.6858,10.7082,10.7779
BCL2L2-PABPN1,7.6008,6.3676,7.2898,7.7937,7.21,6.9247
BCL3,8.5284,8.329,8.3466,8.7596,8.3414,8.5071
BCL6,8.9309,8.8357,8.9702,8.7842,8.8271,8.8226
BCL7A,7.848,7.753,7.8046,8.1636,8.181,8.0811
BCL7B,9.3319,9.3151,9.3299,9.4117,9.4387,9.3875
BCL7C,9.4983,9.7123,9.5114,9.2871,9.2828,9.3998
BCL9,9.0784,9.0168,8.9901,8.8321,8.9866,8.8147
BCL9L,11.4986,11.4801,11.5002,11.6036,11.4806,11.6216
BCLAF1,11.6353,11.6534,11.6595,11.1977,11.3636,11.2427
BCLAF3,7.1709,7.0529,6.8079,6.9921,7.1915,7.0807
BCORL1,8.2006,7.9052,8.1918,7.5699,7.3507,7.364
BCR,10.4817,10.4465,10.5666,10.7415,10.7366,10.7535
BCS1L,7.9967,8.141,8.1213,7.4869,7.6176,7.6128
BDH1,4.8588,4.7505,4.9136,3.972,5.0609,4.7466
BDH2,7.8713,8.1632,7.9641,8.9359,9.1277,9.1304
BDKRB1,10.4238,10.396,10.4465,10.3972,10.3365,10.4436
BDKRB2,10.7122,10.5974,10.662,11.6639,11.6867,11.7392
BDNF,11.754,11.7388,11.7712,11.5189,11.6257,11.5278
BDP1,5.4187,5.2825,4.9136,4.7181,5.9499,5.1952
BECN1,10.221,10.1768,10.225,10.6942,10.6456,10.6873
BEGAIN,4.3406,4.2689,4.5341,4.5318,4.3964,4.1595
BEND3,6.7856,6.46,6.7032,7.016,7.2192,6.915
BEND4,7.3585,8.7902,8.1437,8.3537,9.1805,8.7451
BEND6,7.9754,8.0067,8.0377,6.8531,6.7957,6.6242
BEND7,7.0261,6.9799,6.7738,5.725,6.2485,6.0623
BEST1,9.6362,9.6896,9.6909,9.7133,9.8858,9.9146
BET1,8.6092,8.4822,8.6486,9.5075,9.4929,9.5935
BET1L,10.5969,10.6395,10.637,10.5706,10.6023,10.5401
BEX3,11.5674,11.5252,11.5269,11.979,11.9287,11.9398
BEX4,6.1858,6.3676,6.0222,6.0599,6.1557,5.9714
BFAR,9.4162,9.4382,9.3911,9.4927,9.4308,9.5345
BFSP1,5.2863,5.6072,5.7223,5.9649,5.5728,5.7043
BGN,12.5909,12.465,12.6406,12.7685,12.7957,12.6599
BHLHB9,6.9981,7.0046,6.739,7.0626,7.0847,7.1065
BHLHE40,9.0983,9.0909,9.1513,8.9912,9.055,9.0594
BHLHE41,6.3716,6.442,6.2206,6.2732,6.5696,6.4734
BHMT2,3.6731,3.7889,3.938,3.0447,3.4107,3.0143
BICC1,10.0748,10.0885,10.0356,10.7335,10.7493,10.8182
BICD1,9.169,9.218,9.2639,9.2871,9.3303,9.4427
BICD2,10.5142,10.553,10.5558,10.442,10.4016,10.4646
BICRA,8.0177,8.037,8.0986,7.9445,7.8781,7.9444
BICRAL,7.7508,7.9183,7.8918,7.9995,7.9011,7.8958
BID,10.2759,10.1714,10.1748,9.9885,9.9369,10.0395
BIN1,8.9746,8.9674,8.8796,8.9791,9.0729,9.0372
BIN3,8.6901,8.5923,8.7189,8.6028,8.6376,8.5517
BIRC2,10.7743,10.8656,10.8045,11.2319,11.2023,11.3789
BIRC3,7.4645,7.2826,7.1285,4.5967,4.887,4.6087
BIRC5,9.7369,10.0174,9.9744,6.7428,7.0644,6.845
BIRC6,11.4778,11.4365,11.3324,11.2081,11.1255,10.9912
BIVM,8.7994,8.7723,8.7337,8.8354,8.7435,8.6369
BIVM-ERCC5,7.8401,8.1014,8.1032,7.5699,8.259,8.0052
BLCAP,10.2391,10.2703,10.3027,9.9268,9.9957,9.8974
BLM,6.6303,6.721,6.8191,5.3646,4.8401,5.3183
BLOC1S1,8.8354,8.8009,8.8113,8.3815,8.4587,8.3856
BLOC1S2,10.2495,10.3155,10.2197,9.6574,9.77,9.8004
BLOC1S3,7.9317,7.7603,7.8705,8.0639,7.9627,8.068
BLOC1S4,7.7508,7.8172,7.6814,8.3723,8.3992,8.3786
BLOC1S5,7.7921,7.8172,7.606,7.3337,7.6384,7.4337
BLOC1S5-TXNDC5,4.659,6.1849,5.0714,4.464,5.4215,6.2748
BLOC1S6,10.8109,10.84,10.8178,11.6149,11.6738,11.649
BLVRA,8.6769,8.7759,8.6979,7.932,8.0936,7.8301
BLVRB,8.4428,8.1741,8.3658,8.1528,8.0836,7.8859
BLZF1,9.1147,9.2826,9.1535,8.6185,8.6134,8.6892
BMERB1,9.0309,8.8219,8.8554,9.8001,9.8358,9.9813
BMF,6.4968,6.3484,6.482,10.8343,10.6609,10.7978
BMI1,9.8663,10.1727,9.9955,10.2837,10.3522,10.6342
BMP1,11.1191,11.0342,11.1542,11.6353,11.58,11.6272
BMP2,5.6519,6.1185,5.5452,11.1846,11.0313,11.3846
BMP2K,9.3234,9.3396,9.2943,9.3981,9.4929,9.3591
BMP3,3.6731,3.7889,3.206,3.3754,3.5338,2.8607
BMP4,6.8338,6.8079,6.8302,7.5537,7.4242,7.4607
BMP6,4.1505,4.7505,4.4213,4.7181,4.9766,5.0954
BMP8B,2.9547,3.0644,3.5658,3.2195,3.1274,3.6977
BMPER,8.7831,8.5882,8.7945,6.7285,7.0542,6.5632
BMPR1A,10.015,10.0899,10.0368,9.6209,9.7933,9.6865
BMPR1B,4.659,5.1558,4.8712,5.8632,5.7356,5.8337
BMPR2,11.2284,11.3607,11.1971,11.264,11.2841,11.2339
BMS1,10.408,10.4111,10.4302,10.1087,10.2163,10.103
BMT2,8.3519,8.3339,8.2549,8.6532,8.6099,8.6428
BNC1,5.0343,5.3224,5.3119,4.464,4.7915,4.6087
BNC2,9.7704,9.7657,9.6756,8.3723,8.7499,8.2139
BNIP2,10.4576,10.4931,10.49,10.82,10.9451,10.8882
BNIP3,10.5899,10.552,10.5765,10.4961,10.4851,10.5049
BNIPL,2.9547,2.6282,2.2843,3.7619,2.7747,3.0143
BOC,7.5245,7.8517,7.7414,8.1689,8.1525,8.1979
BOD1,9.7889,9.6991,9.7993,10.3321,10.2482,10.2885
BOD1L1,10.5852,10.3843,10.3886,11.2087,11.1095,11.1659
BOK,9.8151,9.819,9.7879,9.5714,9.3845,9.3928
BOLA1,6.3716,5.6704,5.792,6.0599,5.6834,5.7919
BOLA2-SMG1P6,8.5906,8.8495,8.6548,9.1749,9.1687,9.1861
BOLA3,7.7508,7.8517,7.8705,6.8127,6.8909,6.8953
BOP1,10.5216,10.4088,10.5691,9.6072,9.5776,9.6011
BORA,6.7186,6.8219,6.7507,4.7753,5.0194,4.6561
BORCS5,6.1094,6.0489,5.7459,6.0367,5.9718,5.914
BORCS7,7.734,8.0429,8.052,8.1953,8.4273,8.2139
BORCS8,7.7592,7.6781,7.7762,7.8075,7.9845,7.9348
BORCS8-MEF2B,6.4355,6.6126,6.3649,5.725,6.9138,6.6122
BPGM,9.4241,9.6193,9.6063,10.5856,10.6473,10.7819
BPHL,7.6909,7.8242,7.7704,7.0966,7.1244,7.0094
BPI,3.5242,3.5409,3.4556,3.6442,3.7525,3.8686
BPNT1,8.7708,8.6166,8.8113,8.9138,8.8029,8.8043
BPTF,10.7218,10.6659,10.5331,10.7682,10.6626,10.759
BRAF,9.0751,8.9674,8.8445,8.9791,9.2246,9.0055
BRAP,8.7246,8.6678,8.8662,8.9042,8.9176,8.8355
BRAT1,8.9995,8.9129,8.9113,9.3636,9.3743,9.3645
BRCA2,7.6008,7.5662,7.7414,5.9401,6.1168,5.5867
BRCC3,8.8973,8.8932,8.7426,8.6107,8.2365,8.7369
BRD1,9.095,9.032,9.0741,9.456,9.3743,9.321
BRD2,9.7496,9.8259,9.8587,10.2079,9.8566,10.1648
BRD3,9.5181,9.3347,9.4023,10.0243,9.8873,9.9918
BRD4,10.6405,10.6395,10.679,10.494,10.4076,10.4487
BRD7,9.7621,9.812,9.7894,9.8966,9.7809,9.8675
BRD8,9.672,9.6858,9.706,9.6402,9.5883,9.6371
BRD9,9.5181,9.6072,9.5638,9.3519,9.3763,9.424
BRF2,8.0108,7.8653,7.8269,7.8744,7.8368,7.6484
BRI3,10.0097,10.1086,10.0392,10.7089,10.504,10.6584
BRI3BP,7.9896,8.2381,8.0472,7.5123,7.5316,7.6307
BRICD5,4.5086,3.8985,4.0178,4.3928,4.2603,4.4561
BRINP3,5.6519,6.0725,5.7691,6.0367,6.3015,6.3633
BRIX1,8.8821,9.1613,9.0073,8.7525,8.8059,8.861
BRK1,11.2239,11.2545,11.2393,11.3837,11.3729,11.409
BRMS1,9.6743,9.7438,9.6955,9.7314,9.6526,9.8149
BRMS1L,7.3803,7.4718,7.3604,7.5207,7.5167,7.6484
BROX,9.8546,9.7729,9.7722,9.8706,9.9016,9.9964
BRPF1,8.8035,8.4374,8.7159,8.9106,8.9119,8.791
BRPF3,10.1127,10.0957,10.1317,10.1484,10.104,10.1008
BRSK1,8.0521,7.9118,7.9691,8.8914,8.9176,8.9133
BRSK2,4.0451,4.6908,4.1652,4.8302,5.2161,4.9121
BRWD1,9.2572,9.2622,9.0903,9.9855,10.0777,10.0406
BRWD3,8.8115,8.6717,8.3771,8.7238,8.6547,8.6546
BSCL2,7.1709,7.3517,7.2157,8.363,8.1428,8.3856
BSDC1,10.4614,10.4465,10.3622,10.7917,10.8535,10.8925
BSG,12.9969,12.9871,12.9724,13.4223,13.3324,13.4202
BST1,6.6484,7.0647,6.957,6.8127,7.023,6.991
BTAF1,9.76,9.6607,9.7865,10.2714,10.2738,10.228
BTBD1,10.9322,10.9524,10.9772,11.0963,11.1014,11.1237
BTBD10,9.7766,9.6665,9.6144,9.4162,9.534,9.4478
BTBD11,6.5166,6.4237,6.5772,6.5761,6.1168,6.4601
BTBD18,11.4138,11.4211,11.4195,10.3045,10.3237,10.3202
BTBD19,7.3024,7.3225,7.0642,8.2717,8.1331,8.1112
BTBD2,10.8069,10.6861,10.8038,10.5756,10.6154,10.657
BTBD3,10.0357,10.0548,10.0175,10.8276,10.8777,10.9116
BTBD6,9.7786,9.6272,9.7822,8.6224,8.5958,8.5919
BTBD7,8.9346,8.9547,8.7859,9.1907,9.2872,9.2357
BTBD8,3.6731,3.8985,3.938,3.5161,3.5338,4.1595
BTBD9,9.2334,9.1777,9.1513,9.5953,9.6845,9.8446
BTD,7.6996,7.838,7.5799,8.035,7.8308,7.7612
BTF3,12.318,12.3284,12.2366,12.2253,12.2622,12.1769
BTF3L4,9.5925,9.716,9.5488,9.6209,9.5936,9.5487
BTG1,9.6317,9.7837,9.7607,11.2471,11.1491,11.3435
BTG3,8.5906,8.6832,8.7716,9.4884,9.62,9.5549
BTN2A1,10.1095,10.1143,10.1974,10.8038,10.8008,10.86
BTN2A2,7.8636,7.7309,7.6379,8.5506,8.6915,8.775
BTN3A1,8.0857,7.9568,7.8971,8.5383,8.5233,8.451
BTN3A2,8.157,8.3339,7.994,9.093,8.9731,9.0214
BTN3A3,7.9537,7.7457,7.8434,8.2865,8.4113,8.149
BTRC,9.5498,9.3708,9.4905,10.1923,10.1967,10.3266
BUB1,9.2364,9.2206,9.3357,6.2732,6.284,6.3489
BUB1B,8.9925,9.1558,9.2392,6.3123,6.2664,6.0798
BUB3,10.9839,11.1053,11.1646,10.6299,10.6258,10.6577
BUD13,7.4847,7.2519,7.3604,7.578,7.3254,7.2756
BUD23,9.5304,9.5579,9.4552,9.795,9.9116,9.8974
BUD31,9.9157,9.9663,9.9454,9.8375,9.7669,9.7912
BVES,8.7246,8.8965,8.8057,9.3042,9.3218,9.4444
BYSL,9.065,8.9985,9.0194,8.9882,8.7782,8.9254
BZW1,12.9611,13.0408,12.9799,12.7546,12.8408,12.8367
BZW2,10.1624,10.2511,10.2417,10.1923,10.0802,10.1791
C10orf55,6.7691,6.8898,6.739,8.5547,8.5673,8.8661
C10orf67,3.808,2.8627,3.3362,3.2195,3.7525,3.5038
C10orf88,7.9754,8.0429,7.8971,7.7374,7.9899,7.9681
C11orf1,5.722,5.6704,6.1865,5.8893,5.9049,5.9901
C11orf24,11.0467,11.0115,11.0406,9.9991,10.1176,9.9813
C11orf49,8.3352,8.3533,8.4793,8.0524,8.2228,8.2139
C11orf52,2.7008,3.3989,3.8536,2.8457,3.276,3.0143
C11orf54,7.9243,8.0666,7.9387,8.0408,8.1234,8.306
C11orf58,11.1543,11.1926,11.1525,11.158,11.2162,11.1725
C11orf68,9.8644,9.9085,9.9364,9.6402,9.5632,9.424
C11orf71,6.6839,6.6126,6.4536,6.3314,6.4019,5.9334
C11orf80,7.067,6.8765,7.0165,5.8632,6.2485,5.914
C11orf87,3.1705,3.3989,3.5658,4.0665,4.5791,4.2856
C11orf94,6.4145,6.269,6.7032,6.6844,6.5981,6.7607
C11orf95,9.6743,9.4741,9.5852,10.8106,10.7485,10.8305
C11orf96,4.427,4.0004,4.0178,8.9851,8.3706,9.0259
C11orf98,8.6502,8.7542,8.7337,8.976,8.9204,9.0616
C12orf29,8.3013,8.5509,8.3847,8.1742,8.1716,8.4066
C12orf4,8.6988,8.8392,8.7774,7.6253,7.6656,7.5576
C12orf43,8.1821,8.2893,8.3114,7.1941,7.5895,7.3782
C12orf45,6.0562,6.3866,6.4679,6.369,6.1935,6.2285
C12orf50,6.9108,6.3866,6.6911,6.8531,6.8321,6.4734
C12orf57,9.0884,9.088,9.1041,9.6838,9.491,9.6385
C12orf60,4.0451,4.4237,4.8276,5.0312,4.7413,5.1295
C12orf65,8.7954,8.6639,8.7129,8.7667,8.6682,8.7341
C12orf66,6.1353,5.8986,5.9427,6.4763,6.1363,6.3344
C12orf73,6.5166,6.706,6.629,7.2556,7.2996,7.1403
C12orf75,11.6067,11.7305,11.6921,10.0154,10.2605,9.9755
C12orf76,7.1328,6.903,6.9055,7.6862,7.8428,7.6366
C14orf119,10.2613,10.17,10.2438,10.4801,10.4276,10.3717
C14orf28,6.1094,6.4777,6.7152,6.3314,6.6399,6.4866
C14orf39,3.808,4.863,4.5874,4.0665,4.6892,4.5088
C14orf93,5.8526,5.6704,5.5718,5.6353,5.2161,5.1295
C15orf39,8.0316,7.892,7.9233,8.0697,7.9845,8.037
C15orf40,8.1443,8.1632,7.9489,8.2315,8.4509,8.4941
C15orf48,3.6731,3.7889,3.4556,2.6149,3.276,3.0143
C15orf61,6.2345,6.4237,6.3184,6.3314,6.4496,6.29
C15orf62,4.2487,3.5409,4.3614,4.3928,4.2603,3.6977
C15orf65,3.9314,3.3989,4.0934,3.5161,3.276,3.1531
C16orf46,4.427,4.0004,3.8536,4.7181,4.5208,4.1595
C16orf70,8.3127,8.2064,8.2258,8.6945,8.4703,8.5765
C16orf71,4.1505,4.4237,4.5874,4.6587,4.5791,4.4561
C16orf72,11.3985,11.5406,11.3638,11.2703,11.2345,11.2172
C16orf74,6.3047,6.0725,6.2374,5.9401,5.8585,5.914
C16orf87,8.7666,8.9861,8.763,9.6267,9.5505,9.6836
C16orf89,2.9547,3.8985,3.206,3.6442,3.5338,3.1531
C16orf91,6.7014,6.9547,6.9969,7.1836,6.9474,7.1895
C16orf95,5.1907,4.7505,4.9547,5.7819,5.3225,5.0249
C17orf107,4.7952,4.4237,4.2989,3.2195,3.8505,3.8686
C17orf49,8.3408,8.4555,8.4071,8.9265,8.6715,8.8121
C17orf58,6.2583,6.942,6.9159,6.8263,6.5406,6.7166
C17orf67,4.9197,5.1558,5.1443,5.122,5.1406,5.1952
C17orf75,7.6996,7.6626,7.7819,7.932,7.9069,7.8608
C17orf80,8.5087,8.4283,8.6888,8.2767,8.3116,8.306
C18orf21,7.3911,7.5241,7.8269,7.4954,7.652,8.0503
C18orf25,9.2394,9.2927,9.3122,9.2723,9.2154,9.352
C18orf32,8.567,8.9547,8.6392,9.5693,9.6182,9.5439
C18orf54,7.5536,7.591,7.6124,6.1051,6.0969,6.0623
C19orf12,9.0378,9.1503,9.017,9.6131,9.6509,9.6879
C19orf18,3.5242,3.2413,3.3362,3.972,4.1872,4.4561
C19orf25,8.8315,8.9737,8.8689,9.3139,9.3111,9.3574
C19orf38,2.9547,2.348,2.904,3.3754,2.9618,3.7856
C19orf44,6.4562,6.3093,6.564,6.1272,6.2121,6.2127
C19orf48,8.5812,8.7135,8.7543,8.0639,8.241,8.1939
C19orf53,10.2256,10.1632,10.1748,10.2676,10.1517,10.1982
C19orf54,7.1068,6.7938,6.5772,7.1623,7.2909,7.4062
C19orf71,5.2863,5.8449,5.3119,6.5103,5.9718,6.3344
C1D,8.5235,8.4006,8.2753,8.634,8.6342,8.4442
C1GALT1,9.0851,9.1308,9.0482,8.7418,8.7177,8.5765
C1GALT1C1,8.0521,8.0249,8.094,8.5424,8.5673,8.4341
C1orf112,6.9981,7.1336,6.987,5.9401,6.0969,6.0266
C1orf131,7.2441,6.7505,6.895,6.98,7.2465,7.0632
C1orf159,7.3363,7.2926,7.3216,7.3805,7.5536,7.6484
C1orf174,8.2006,8.2223,8.1918,8.1311,8.1525,8.2178
C1orf198,10.7927,10.965,10.9193,9.6574,9.8988,9.6371
C1orf21,8.1443,8.2485,7.9891,6.9921,7.023,7.0002
C1orf216,8.9854,8.8832,8.8689,9.3259,9.1946,9.1941
C1orf226,3.5242,3.0644,3.7639,6.2532,5.9499,5.3761
C1orf35,7.3803,7.3613,7.4129,7.2149,7.3838,7.0632
C1orf43,11.0945,11.1357,11.1275,10.9032,10.8439,10.9691
C1orf50,6.8179,6.5467,7.0165,6.6844,6.7709,6.4466
C1orf52,8.3738,8.5127,8.2631,8.53,8.6648,8.6458
C1orf53,4.8588,5.2825,4.7827,5.2484,4.9325,4.7021
C1orf54,7.3474,7.1447,7.1814,8.2161,8.3665,8.2019
C1orf56,5.1404,5.4718,5.4333,5.7819,5.4531,5.3183
C1orf74,6.1858,6.1185,5.7691,5.2484,4.8401,5.0249
C1QBP,10.6818,10.7135,10.7213,10.6366,10.5143,10.5377
C1QL4,2.9547,2.8627,3.8536,2,2.3068,2
C1QTNF1,7.8322,7.6626,7.7117,8.5547,8.447,8.5038
C1QTNF2,5.4187,5.3224,5.4039,2.6149,3.4107,3.2797
C1QTNF5,7.2794,7.5828,7.4779,8.6758,8.7242,8.7369
C1QTNF6,7.4645,7.6312,7.54,8.3012,8.2767,8.4238
C1QTNF7,4.2487,3.2413,3.4556,3.7619,3.5338,3.1531
C1QTNF9B,4.0451,4.5634,4.7827,4.3179,4.1101,3.5038
C1R,10.7825,10.6842,10.753,10.8234,10.9,10.8901
C1RL,7.8401,7.8585,7.8046,7.8413,7.8723,7.93
C1S,11.2186,11.1074,11.1094,11.6668,11.7313,11.7658
C2,5.9724,5.5745,5.598,4.5967,5.5438,4.7466
C20orf194,9.2863,9.2442,9.2371,10.1497,10.1861,10.1493
C20orf27,9.3513,9.4314,9.3221,8.6833,8.8362,8.7258
C20orf96,6.2583,6.2064,6.3341,6.8397,6.667,6.6711
C21orf58,6.4968,6.5964,7.2818,6.6844,6.5552,5.8337
C21orf91,8.3463,8.2943,8.2089,8.7807,8.8391,8.9636
C22orf23,7.6008,7.7603,7.4919,7.7156,7.8723,7.7774
C22orf39,7.5727,7.7603,7.6936,8.2005,8.0684,7.7612
C22orf46,7.7083,7.7383,7.6753,7.9814,7.9627,7.8301
C2CD2,10.6462,10.6899,10.6034,9.9611,9.9215,10.0451
C2CD2L,8.1633,8.2171,8.2794,9.0002,8.6948,8.8762
C2CD3,9.2031,9.2545,9.2246,9.6555,9.6269,9.643
C2CD5,8.4938,8.4238,8.5003,8.0524,8.4073,8.0234
C2orf16,5.3759,5.1109,4.9547,5.6658,5.5438,5.562
C2orf42,7.3694,7.21,7.2491,7.3988,7.2821,7.1569
C2orf49,8.1945,8.2118,7.9891,8.3109,8.4153,8.3608
C2orf68,7.734,7.7383,7.8759,7.9753,7.9736,8.2099
C2orf69,8.7458,8.7247,8.658,9.0817,9.1277,9.0055
C2orf72,4.1505,2,2,2,2.3068,2.2678
C2orf74,6.7856,6.4053,6.7032,6.3875,6.8559,6.5632
C2orf76,5.9724,6.2484,6.0027,5.3646,5.6834,5.914
C2orf88,4.0451,3.0644,3.4556,2.6149,3.7525,3.0143
C2orf91,3.808,3.2413,3.5658,4.2388,3.276,4.2239
C3,4.0451,4.863,4.2336,4.9835,4.1101,5.0249
C3orf18,6.9696,6.9799,7.1814,6.8663,6.8321,6.814
C3orf38,8.3127,8.3629,8.3734,7.8413,7.7757,7.8301
C3orf52,6.8651,6.66,6.8521,6.4589,6.1935,6.7054
C3orf62,6.6839,6.7505,6.3951,6.9555,7.0947,7.0719
C3orf70,5.7888,5.789,5.88,4.6587,5.4215,4.4015
C3orf80,2.7008,2.6282,2.7255,3.8708,3.9423,4.1595
C4B_2,3.808,3.2413,3.0629,2.8457,2.7747,3.1531
C4BPB,3.9314,3.8985,3.5658,4.6587,4.33,4.2856
C4orf3,10.7535,10.8529,10.7033,11.1316,11.1273,11.1116
C4orf33,5.4187,6.2276,6.0414,4.5318,4.8401,5.0249
C4orf36,5.7558,5.789,5.7223,5.6658,5.3892,5.4042
C4orf46,7.939,8.2485,8.3153,7.6018,7.7249,7.5576
C4orf48,8.0177,7.9882,8.0329,8.7019,8.6648,8.8121
C5,5.6874,5.8986,6.0414,4.6587,4.6892,4.7466
C5AR1,4.5858,4.4237,4.0178,4.6587,4.1101,4.4015
C5AR2,3.6731,3.6702,4.1652,4.9342,4.6892,4.4015
C5orf15,10.5591,10.5666,10.5847,11.18,11.2225,11.2261
C5orf22,8.6769,8.6794,8.4722,8.7702,8.8569,8.7506
C5orf34,5.6874,5.6704,5.8367,5.2075,5.1013,5.2885
C5orf51,9.3623,9.1805,9.2883,8.6185,8.6915,8.6131
C5orf63,5.4187,5.3612,5.598,4.0665,4.6352,4.7021
C6,4.659,4.4952,4.5341,4.3179,4.5791,4.6561
C6orf120,10.1624,10.2355,10.3274,10.4497,10.4851,10.5535
C6orf132,7.939,8.0067,7.8971,6.6543,6.9803,6.5254
C6orf136,4.2487,3.7889,3.0629,3.3754,3.8505,4.4015
C6orf226,5.0343,4.7505,4.7827,5.7819,5.5438,5.7919
C6orf89,11.115,11.1195,11.0364,10.9977,11.092,10.9802
C7,4.1505,4.6908,4.4213,5.3269,4.9766,5.1295
C7orf25,5.7558,5.9757,5.4903,6.2329,5.9276,6.0085
C7orf26,8.2249,8.1632,8.1961,8.5709,8.5887,8.7118
C7orf31,4.7287,5.6072,5.2137,4.464,4.9766,5.0606
C7orf50,9.837,9.9616,9.8987,9.7932,9.6475,9.6922
C7orf57,8.2128,8.4822,8.2753,7.7229,8.8803,6.9052
C7orf61,2.9547,2.8627,2.904,3.7619,3.5338,3.6977
C8orf33,9.2806,9.3372,9.3967,9.8019,9.8373,9.8136
C8orf34,4.1505,3.7889,4.2336,4.5967,4.33,3.7856
C8orf37,5.3759,5.399,5.518,4.464,4.8401,4.5088
C8orf48,5.2393,5.2415,5.3739,5.122,4.6892,4.7466
C8orf76,7.848,7.892,7.8489,8.1953,8.0323,7.9868
C8orf82,7.7921,7.8102,7.7933,8.2767,8.1135,8.2491
C8orf88,6.1094,6.0005,6.254,4.9835,5.1013,4.7898
C9orf116,5.54,5.6391,5.7223,5.6353,5.8106,6.1643
C9orf16,8.9925,8.983,8.8689,9.2871,9.135,9.259
C9orf40,7.2321,7.0529,7.0453,5.9892,6.1557,6.1643
C9orf43,2.7008,4.0004,2.5217,3.6442,3.276,3.2797
C9orf64,5.9724,6.0005,6.0975,6.0827,6.2304,6.1643
C9orf72,6.1094,6.4237,6.3495,7.1078,7.2465,7.1895
C9orf78,9.6698,9.7512,9.7373,10.117,9.9957,10.0912
C9orf85,7.0937,7.111,7.0357,7.3146,7.21,6.8552
CA11,5.9724,5.7309,5.6983,6.5599,6.3856,6.6826
CA12,9.1532,8.9227,9.0857,6.0827,6.3692,6.1142
CA13,5.0343,5.1993,4.8276,4.9342,4.3964,4.9883
CA5A,3.9314,4.6285,3.8536,4.5967,4.33,4.4561
CA5B,6.7356,6.4953,6.6666,5.9649,6.3856,6.0971
CA6,3.1705,3.8985,4.0178,3.5161,3.1274,3.3961
CA9,4.5858,3.0644,3.8536,3.972,3.4107,3.8686
CAAP1,8.1055,8.0841,8.0136,7.2556,7.6176,7.5196
CAB39,10.7733,10.8563,10.8303,10.3249,10.4187,10.4283
CAB39L,8.9086,8.9799,8.9851,9.1208,9.1876,9.0748
CABIN1,10.4767,10.4711,10.4671,10.6812,10.5801,10.5982
CABLES1,8.3184,8.3388,8.2342,10.2862,10.0802,10.261
CABLES2,7.3585,7.4807,7.6252,6.369,6.3015,6.3049
CABYR,6.1608,6.1631,6.482,6.4589,6.6261,6.5381
CACFD1,6.9108,6.6126,6.496,7.7937,7.6856,7.7116
CACHD1,7.5048,7.3225,7.2818,7.4954,7.1915,7.5067
CACNA1C,7.7675,7.9505,7.8597,8.1795,8.241,8.1532
CACNA1G,3.5242,4.0956,2.904,3.972,3.9423,3.8686
CACNA1H,8.6592,8.4555,8.4472,9.7724,9.6945,9.7106
CACNA2D1,10.7143,10.7322,10.7515,10.5916,10.6868,10.6722
CACNA2D2,2.9547,3.2413,3.8536,4.1552,3.5338,3.5038
CACNA2D3,9.2,9.1586,9.2329,9.2218,9.236,9.1513
CACNA2D4,2.7008,2.348,2.5217,3.972,3.6473,3.3961
CACNB1,6.8495,6.3484,6.4099,6.149,5.8348,5.7267
CACNB2,4.5086,3.3989,3.7639,4.6587,4.6352,4.6561
CACNB3,9.4135,9.4359,9.4587,10.0678,10.0522,10.0294
CACNB4,4.2487,4.2689,3.938,3.3754,3.6473,4.0214
CACNG4,3.1705,4.0956,3.206,3.7619,3.1274,3.0143
CACNG7,6.7186,6.4953,6.5772,8.1311,8.0006,8.1407
CACNG8,5.2393,4.9161,4.7363,5.4722,5.2879,4.9883
CACTIN,9.1939,9.0938,9.1018,8.9577,8.9839,9.0146
CACUL1,10.1796,10.0841,10.0546,8.4964,8.6376,8.3536
CACYBP,10.0426,10.0798,10.0053,9.2599,9.2981,9.2818
CAD,10.7186,10.7229,10.8508,10.1321,10.1408,10.1851
CADM1,11.4012,11.3535,11.3407,12.3808,12.3612,12.3108
CADM4,6.3932,6.2893,6.2374,6.8397,7.1439,7.1319
CADPS2,3.6731,4.0956,3.938,4.3179,4.1872,3.947
CALB2,3.808,4.1849,4.0178,5.725,5.3562,5.9714
CALCB,2,2,2,3.7619,3.9423,4.3447
CALCOCO1,10.2074,10.127,10.1484,10.8895,10.8153,10.8428
CALCOCO2,10.063,10.0097,10.0558,9.7458,9.8328,9.7106
CALCRL,4.9197,4.4237,4.4788,2.8457,2.5596,3.2797
CALD1,14.447,14.4312,14.4342,13.3521,13.5442,13.2905
CALHM2,6.5555,6.66,6.8412,6.5599,6.5981,6.9817
CALHM4,2,2,2,2,2,4.5088
CALHM5,8.9995,9.032,9.06,9.9718,10.1323,10.0944
CALM1,12.3745,12.4131,12.3613,11.6587,11.7643,11.6599
CALM2,13.7515,13.8347,13.7557,13.5316,13.7004,13.5019
CALM3,12.8725,12.8448,12.8752,11.4564,11.4907,11.3744
CALML4,4.1505,3.3989,3.4556,3.6442,3.7525,3.604
CALR,14.9927,14.8938,14.9276,15.2691,15.1728,15.1686
CALU,14.7445,14.7391,14.7563,14.1194,14.1682,14.0799
CAMK1,8.4988,8.3819,8.458,7.7083,7.6106,7.6188
CAMK1D,8.2724,8.2329,7.9489,8.5668,8.3581,8.5231
CAMK1G,5.3318,5.1993,4.8276,6.6992,6.1363,6.3197
CAMK2A,3.5242,3.5409,3.3362,3.5161,3.5338,3.6977
CAMK2B,3.1705,3.8985,3.3362,3.5161,3.1274,3.5038
CAMK2D,11.2125,11.2442,11.2742,10.4982,10.5576,10.3376
CAMK2G,9.6203,9.6352,9.7402,9.5054,9.4872,9.5581
CAMK2N1,11.1207,11.175,11.1706,10.9735,10.9086,10.928
CAMK2N2,3.9314,3.6702,4.1652,4.0665,4.0287,4.5088
CAMK4,7.6466,7.5579,7.4919,7.8874,7.7506,7.9106
CAMKK1,7.5915,7.4359,7.3981,6.5103,6.5981,6.3489
CAMKK2,9.9026,9.9361,9.8203,9.1669,9.1567,8.9847
CAMKMT,6.7014,6.6126,6.7738,6.149,6.0357,6.7054
CAMLG,9.1212,9.1392,8.9372,9.4362,9.4129,9.4612
CAMSAP1,10.299,10.3901,10.3283,10.3045,10.3658,10.3565
CAMSAP2,10.8039,10.8167,10.7486,11.5641,11.542,11.6338
CAMTA1,8.3127,8.4555,8.3114,8.2315,8.3329,8.253
CAND1,11.4898,11.4993,11.4993,11.034,11.1641,11.1416
CAND2,7.3138,7.4359,7.4708,5.3269,5.4215,5.0249
CANT1,10.9099,10.9194,10.9056,10.7839,10.7277,10.7426
CANX,14.0834,14.0413,14.0514,14.3032,14.2765,14.2983
CAP2,10.0814,9.9695,10.0511,7.3146,7.8127,7.3424
CAPG,8.8628,9.1447,9.0764,7.701,7.8839,7.6188
CAPN1,11.9573,11.9796,12.0312,11.7836,11.7744,11.7406
CAPN10,8.0453,8.1521,8.1168,8.8686,8.6029,8.8226
CAPN15,9.9269,10.0325,10.0873,10.2886,10.1755,10.31
CAPN2,14.0843,14.1068,14.1322,13.3347,13.3109,13.284
CAPN3,3.1705,3.0644,2.904,3.6442,4.0287,3.2797
CAPN5,9.4757,9.6092,9.5885,9.2896,9.3784,9.3411
CAPN7,9.2092,9.1886,9.2309,9.1372,9.1946,9.1981
CAPNS1,12.5903,12.5191,12.596,11.4042,11.5263,11.3811
CAPRIN1,12.8317,12.7969,12.89,12.9873,13.0438,13.0508
CAPRIN2,8.7831,8.4555,8.6486,7.8075,7.9682,7.9914
CAPS,6.1858,6.1631,6.0791,6.3875,6.2485,6.0971
CAPS2,4.7952,4.9161,5.1083,5.3646,5.7097,5.4588
CAPZA1,11.9372,12.0059,11.9832,11.791,11.8341,11.7866
CAPZA2,11.208,11.3372,11.2681,10.988,11.0591,11.0159
CAPZB,12.4916,12.529,12.5584,12.2731,12.312,12.261
CARD10,8.716,8.8832,8.6673,8.1366,8.3372,8.2218
CARD11,4.9197,4.7505,4.2989,4.0665,3.4107,3.3961
CARD14,7.4847,7.3991,7.3527,7.5537,7.7119,7.6068
CARD16,7.1957,7.1668,6.9771,7.7658,7.7757,7.6832
CARD6,6.9696,7.0764,7.2241,7.2045,7.2644,7.3711
CARD8,8.099,8.0429,8.1961,8.4401,8.4033,8.5359
CARF,6.0009,6.2276,6.1516,5.9892,6.0768,6.1806
CARHSP1,9.6203,9.5807,9.494,9.4927,9.4738,9.5471
CARMIL1,6.7525,6.6444,6.8629,6.2329,6.6399,6.3489
CARMIL2,4.5086,4.1849,4.5874,4.8302,4.9325,4.8725
CARNMT1,8.5137,8.534,8.6734,8.7454,8.9428,8.966
CARS1,10.1905,10.0189,9.9106,9.5511,9.5989,9.3043
CARS2,9.5008,9.3151,9.3551,9.1775,9.0981,9.2279
CASC3,10.3919,10.3006,10.3679,10.1484,10.0547,10.0836
CASD1,7.4746,7.3991,7.6252,6.9305,6.9911,7.0185
CASP1,7.3585,7.1558,7.0921,8.8083,8.9758,8.9963
CASP10,4.3406,4.3484,4.5874,5.0773,5.2879,4.8317
CASP16P,3.1705,3.6702,3.7639,3.0447,3.5338,3.5038
CASP2,9.1212,9.1723,9.2119,9.1907,9.0576,9.1575
CASP3,9.7178,9.8067,9.765,8.8287,8.7844,8.8278
CASP4,9.8682,9.7961,9.8161,11.2752,11.2185,11.3713
CASP6,7.5915,7.5662,7.5127,7.3805,7.4242,7.5638
CASP7,8.6901,8.7795,8.6918,7.9131,8.0165,7.8608
CASP8,7.8083,7.6858,7.7177,7.0966,7.3339,7.3278
CASP8AP2,8.1633,8.1577,8.2258,8.0055,8.0218,8.1778
CASP9,6.6484,6.6126,6.7271,6.8923,6.7456,6.8552
CAST,11.9345,12.0291,11.9782,11.3523,11.483,11.3907
CASTOR1,7.0937,7.1668,7.2655,7.6176,7.3838,7.3782
CASTOR2,6.4766,6.141,6.0791,5.6658,5.9934,6.1311
CASTOR3,6.9696,6.9674,7.1552,6.9052,7.1146,7.0893
CASZ1,3.6731,3.0644,3.7639,3.3754,2.5596,3.1531
CAT,9.707,9.595,9.6015,9.1907,9.1922,9.1759
CATSPER2,3.9314,3.2413,4.0934,4.0665,4.1101,3.5038
CATSPERG,3.6731,3.8985,3.8536,4.0665,4.1101,3.5038
CAV1,14.2169,14.2372,14.2507,13.8006,13.9571,13.738
CAV2,11.8957,11.9874,11.922,11.7674,11.8721,11.6958
CAVIN1,14.9303,14.9568,14.9824,13.9815,14.0566,13.8709
CAVIN2,8.1443,8.0189,8.0377,6.3875,6.418,6.3633
CAVIN3,10.4238,10.5148,10.5373,9.9456,9.9876,9.9243
CAVIN4,7.0804,6.942,6.739,6.527,6.4019,6.4734
CBARP,7.8636,7.591,7.5534,7.8874,7.5608,7.7987
CBFA2T2,8.324,8.3724,8.3153,9.5854,9.5487,9.5751
CBFB,10.2316,10.4397,10.3933,10.3984,10.3033,10.3284
CBL,10.3469,10.6096,10.2006,9.6536,9.583,9.536
CBLB,8.7118,8.2893,8.2713,9.8291,9.6978,9.7711
CBLL1,8.7749,8.706,8.8662,9.0902,8.9893,9.0878
CBLN2,2,2.348,2,6.5761,6.1363,6.8754
CBLN3,5.5783,5.4718,5.9427,5.4014,5.1406,5.611
CBR1,10.0814,10.1143,10.0977,9.911,9.7684,9.8343
CBR3,7.2079,7.1447,7.1727,5.0312,5.5728,4.9121
CBR4,7.544,7.4982,7.3137,7.2755,7.0124,7.1403
CBSL,4.5086,2,2.7255,3.3754,2,2.4936
CBWD1,8.623,8.5718,8.5175,8.5506,8.5344,8.4908
CBWD2,8.6725,8.6794,8.5244,8.4533,8.4703,8.5422
CBWD3,8.7666,8.9063,8.8689,8.9882,8.7403,8.8762
CBWD5,7.544,7.7235,7.7531,7.7229,7.8839,7.8958
CBWD6,6.4355,6.2893,6.2865,6.2732,6.3692,6.3344
CBX1,11.3419,11.3756,11.3373,11.3149,11.3124,11.3331
CBX2,6.2104,6.4953,6.739,6.3314,6.3692,6.4601
CBX3,11.2186,11.2718,11.1706,11.0623,11.0488,11.0896
CBX4,8.5382,8.5718,8.4687,8.462,8.3244,8.4066
CBX5,11.4753,11.6602,11.4056,11.1687,11.176,11.0901
CBX6,11.3688,11.4461,11.4535,11.5168,11.4873,11.4919
CBX7,6.4766,5.8449,6.1692,6.0599,5.8106,5.914
CBX8,6.5555,6.5964,6.5772,6.5761,6.4958,6.3489
CBY1,8.2489,8.3629,8.2047,8.4313,8.4233,8.4066
CC2D1A,8.9123,8.9861,8.828,8.0639,8.1428,8.1365
CC2D1B,9.5618,9.6213,9.595,9.4206,9.2337,9.4511
CC2D2A,8.8511,8.8965,8.7831,8.6646,8.7844,8.5888
CCAR1,10.7722,10.7248,10.6728,10.8276,10.8161,10.8993
CCAR2,10.8447,10.8973,10.8878,10.9489,10.8535,10.9232
CCBE1,10.1982,10.4272,10.2947,7.0395,7.2284,6.9247
CCDC102A,7.7921,7.6391,7.6379,6.9431,7.1439,6.8953
CCDC102B,6.1608,6.4053,6.2037,9.2141,9.3619,9.3136
CCDC103,3.3581,3.7889,3.5658,4.6587,3.5338,3.947
CCDC106,7.8942,7.9377,8.0894,8.4357,8.4509,8.3856
CCDC107,8.0316,8.0957,8.2672,8.4044,8.5307,8.4135
CCDC110,4.3406,4.3484,4.0934,2.8457,3.6473,2.6888
CCDC112,7.4746,7.2724,7.4565,7.2755,7.4479,7.2449
CCDC113,5.9138,6.3093,5.963,5.5397,5.3225,5.6349
CCDC115,8.099,8.0841,7.9181,8.3157,8.2365,8.3608
CCDC117,8.6636,8.5425,8.5681,8.9638,8.8271,8.9327
CCDC12,7.9168,7.9248,7.9438,7.8744,7.9517,7.8093
CCDC120,5.9724,5.7309,5.9012,6.4763,6.7199,6.7278
CCDC121,4.1505,4.3484,4.6387,3.7619,3.5338,3.2797
CCDC122,6.2104,6.1185,5.983,5.6658,5.9049,5.9526
CCDC124,9.6698,9.6588,9.6787,9.4184,9.2473,9.2723
CCDC125,8.1696,7.5326,8.538,8.2161,7.5536,8.2453
CCDC127,8.9638,8.8426,8.8418,9.0092,8.9703,8.8812
CCDC13,3.5242,3.2413,2.904,3.5161,3.8505,3.604
CCDC130,7.9682,7.7747,7.9891,8.0979,8.1904,8.2139
CCDC136,7.6466,7.454,7.5058,7.9507,7.7184,7.93
CCDC137,9.2092,9.1308,9.0741,9.2422,8.94,9.1534
CCDC138,5.7888,5.9248,5.983,4.9342,5.3562,5.3475
CCDC14,9.9761,9.6934,9.9467,10.8318,10.943,10.8357
CCDC141,4.0451,3.3989,3.4556,4.0665,3.9423,3.7856
CCDC142,6.7856,6.5467,6.9468,6.9431,6.6399,6.4056
CCDC144A,6.3273,6.6908,5.9221,5.9649,6.6122,6.4601
CCDC148,4.0451,3.2413,3.4556,3.8708,3.7525,3.7856
CCDC149,8.2128,8.2639,8.2383,7.3896,7.3756,7.2756
CCDC150,5.4603,5.3612,5.4621,3.8708,4.4599,4.5088
CCDC152,4.7287,4.7505,4.7363,3.3754,4.0287,4.3447
CCDC157,5.6519,5.9757,5.8145,6.7712,6.3692,6.7822
CCDC159,5.8835,5.7009,5.7691,5.4722,6.0147,5.5369
CCDC163,4.5858,4.3484,4.6883,4.3928,4.5208,4.4015
CCDC167,7.3585,7.2311,7.4849,6.4589,6.7328,6.5879
CCDC169,5.1404,5.399,5.1443,5.2484,5.2161,5.227
CCDC170,4.2487,4.4237,4.4788,4.464,4.33,4.6087
CCDC171,5.1907,5.1109,5.7691,5.2484,5.6565,5.1952
CCDC174,7.939,7.7747,7.7472,7.6561,7.7757,7.8709
CCDC18,7.3911,7.4982,7.54,6.5103,6.4958,6.5879
CCDC180,4.9781,5.0646,4.9547,5.0312,5.1789,4.9883
CCDC183,4.9197,4.3484,4.8712,5.8095,4.9325,4.9883
CCDC184,3.9314,4.6908,4.4213,5.1654,4.4599,4.8317
CCDC186,8.855,8.9356,8.7945,8.8849,8.8658,8.7396
CCDC189,5.6874,5.3224,5.6238,5.8632,5.6834,6.0971
CCDC191,4.1505,5.5411,4.6387,5.1654,5.1013,5.0249
CCDC22,7.8713,7.8242,8.0377,7.8546,7.8546,7.9106
CCDC24,5.6519,5.8986,5.598,4.8831,5.0609,5.1952
CCDC25,9.1939,9.2232,9.1711,8.5547,8.5923,8.5765
CCDC28A,7.6193,7.21,7.4989,6.6694,6.6261,6.4194
CCDC28B,7.3251,7.3323,7.345,7.3712,7.1342,7.2214
CCDC3,4.1505,4.3484,4.6883,5.1654,5.0609,4.8317
CCDC30,5.0343,5.6391,5.3739,5.6658,5.7356,5.813
CCDC32,8.4114,8.3819,8.2834,8.7129,8.6782,8.6892
CCDC34,7.0937,7.2415,7.3604,5.725,5.8819,5.914
CCDC39,4.9781,4.9673,4.8276,5.3269,5.6291,5.2581
CCDC40,8.8394,8.442,8.6137,8.8686,8.7467,8.9206
CCDC43,8.9048,8.9452,8.8527,8.8354,8.7936,8.9157
CCDC47,10.8219,10.828,10.9121,10.8301,10.8528,10.8517
CCDC50,11.8708,11.994,11.9838,12.1398,12.1545,12.1564
CCDC51,7.2677,7.1668,7.1195,7.5123,7.2192,7.3993
CCDC57,8.099,7.9757,8.0184,8.4134,8.3911,8.4238
CCDC6,10.9108,10.8605,10.8617,10.2526,10.4687,10.4335
CCDC61,6.083,6.0005,6.3341,4.7753,5.0609,5.4042
CCDC62,3.808,3.2413,2.904,4.1552,3.6473,4.0214
CCDC65,4.9197,4.2689,4.2989,5.1654,5.4215,4.7021
CCDC68,7.3138,7.2724,7.1104,10.0863,9.9144,10.0317
CCDC69,5.6519,5.872,5.4903,6.1916,6.284,6.2285
CCDC71,8.4008,8.2011,8.3035,7.8006,7.6246,8.0636
CCDC71L,10.0426,10.1508,10.1011,9.8189,9.8433,9.8687
CCDC74A,5.7888,5.5745,5.9427,5.4014,5.6834,5.4042
CCDC74B,4.3406,4.4952,4.4213,4.5318,4.4599,4.6561
CCDC77,6.6119,6.9161,7.1285,7.4435,7.21,7.4337
CCDC78,4.0451,3.7889,4.2336,4.7753,4.4599,4.6561
CCDC8,8.2607,8.3677,8.2425,7.5699,7.7757,7.4269
CCDC80,13.8293,13.7562,13.8129,12.7453,12.9393,12.5411
CCDC81,5.722,5.8172,5.9012,3.7619,4.1101,3.604
CCDC82,8.5038,8.6444,8.6392,9.0062,9.055,9.0856
CCDC85A,4.7287,4.863,4.5874,3.5161,4.1101,2
CCDC85B,10.7176,10.8331,10.9571,10.5635,10.5667,10.6371
CCDC85C,9.4371,9.4982,9.5521,8.6608,8.6307,8.6399
CCDC87,3.9314,3.3989,4.0934,3.2195,2.7747,3.6977
CCDC88A,10.4421,10.5105,10.4429,9.3448,9.5919,9.5471
CCDC88B,4.3406,4.2689,3.6682,4.3928,4.1872,4.3447
CCDC89,5.1404,4.4237,4.6387,3.5161,3.4107,4.0921
CCDC9,8.6769,8.6005,8.5747,8.5133,8.5528,8.4644
CCDC90B,9.6853,9.7365,9.6679,9.227,9.1423,9.2298
CCDC91,8.1121,8.1242,8.0567,8.53,8.5958,8.7034
CCDC92,8.0657,8.2329,8.2834,7.6018,7.4941,7.4806
CCDC93,9.4056,9.4084,9.4516,9.4734,9.4189,9.4795
CCDC96,5.4603,5.2415,5.1083,5.0312,4.9766,5.0954
CCDC97,8.716,8.6286,8.7337,9.0902,8.9119,8.994
CCDC9B,10.4119,10.3302,10.3858,10.1142,10.0431,10.1452
CCER2,3.3581,3.2413,3.206,3.3754,4.0287,3.604
CCHCR1,4.7952,5.2415,5.2472,4.5318,4.7915,3.2797
CCIN,3.9314,3.6702,4.0178,3.2195,2,3.0143
CCL16,2.7008,3.8985,2.7255,4.1552,2,3.1531
CCL17,9.169,9.1024,9.1819,9.1042,9.0981,9.0214
CCL2,9.797,9.9102,9.8035,9.807,9.7995,9.8561
CCL26,3.6731,2,2.5217,4.3928,3.4107,3.7856
CCL28,3.808,3.5409,3.0629,3.8708,3.4107,3.6977
CCL4L2,3.9314,2.6282,3.206,5.5723,5.5438,5.5113
CCL7,4.427,4.8078,3.7639,4.464,5.0609,4.5596
CCM2,9.8091,9.9695,9.9339,10.1128,9.9632,10.0101
CCN1,13.2313,13.3771,13.4218,11.3388,11.8845,11.4339
CCN2,13.704,13.8926,13.9367,13.0947,13.5557,13.2052
CCN3,6.8957,6.5635,6.6416,8.4489,8.2274,8.4644
CCN4,5.9724,5.8449,6.0027,6.8923,6.6122,6.6361
CCNA2,9.6609,9.8346,9.9132,6.8127,6.8909,6.6711
CCNB1,10.4013,10.3819,10.5177,7.7799,7.8781,7.772
CCNB1IP1,8.2956,8.329,8.2174,8.749,8.6376,8.6691
CCNB2,8.942,9.2047,9.1424,5.6041,5.9718,5.8542
CCNC,9.7786,9.9489,9.7964,9.0958,9.366,9.3963
CCND2,9.5831,9.6588,9.4444,9.6893,9.7271,9.441
CCND3,10.7335,10.7858,10.7818,10.6756,10.6685,10.7419
CCNDBP1,9.0717,9.1251,9.0577,9.2346,9.1228,9.2377
CCNE1,7.256,6.9799,7.0357,7.0626,6.667,6.6826
CCNE2,5.9434,6.2893,5.983,4.9835,5.3562,5.2885
CCNF,8.7994,8.9162,8.95,7.6018,7.3423,7.4937
CCNG1,11.6623,11.6592,11.6371,11.8766,12.0138,11.9659
CCNG2,8.7954,8.5841,8.538,10.5462,10.5375,10.5581
CCNH,8.7373,8.6005,8.7973,8.7165,8.7906,8.8686
CCNI,11.8332,11.7765,11.8397,11.8052,11.8198,11.8428
CCNJ,7.7592,7.4895,7.5799,7.4697,7.4242,7.2214
CCNJL,7.3138,7.2926,7.3372,7.8211,7.7757,8.0006
CCNK,10.4093,10.3605,10.3726,9.7863,9.913,9.8675
CCNL1,9.4397,9.2851,9.5045,9.9221,10.1102,10.0573
CCNL2,10.2391,10.0856,10.2355,10.6424,10.691,10.6972
CCNQ,8.4787,8.2843,8.259,8.1795,8.0582,8.0189
CCNT1,9.694,9.5474,9.5353,10.3226,10.2117,10.3439
CCNT2,8.8667,8.7651,8.85,9.5531,9.5776,9.6474
CCNY,10.5459,10.6005,10.6805,10.3166,10.4434,10.4266
CCNYL1,9.0344,9.0199,9.1041,8.8185,8.7998,8.7062
CCP110,8.4787,8.329,8.4651,8.4134,8.3244,8.4341
CCPG1,9.9324,9.9052,9.8147,10.0302,10.0752,9.9543
CCR10,4.5086,4.4952,4.0178,3.5161,3.4107,3.2797
CCR7,3.808,2.6282,2.904,3.5161,3.4107,3.5038
CCS,8.0589,8.0548,7.9387,8.1636,7.9011,8.0767
CCSAP,7.9825,7.9568,8.0472,7.9631,7.9899,8.0414
CCSER2,10.2759,10.4283,10.2806,10.7217,10.7916,10.8688
CCT2,11.7492,11.73,11.7263,11.6911,11.7401,11.7651
CCT3,12.4256,12.3397,12.4596,12.2424,12.2233,12.2682
CCT4,11.8303,11.8623,11.8992,11.5565,11.5867,11.5539
CCT5,12.1883,12.2296,12.1803,11.6319,11.6489,11.657
CCT6A,12.0325,12.0863,12.0764,11.3328,11.3268,11.3036
CCT6B,4.7287,4.6908,4.9947,4.5967,4.4599,4.4561
CCT7,12.1507,12.2035,12.2055,11.5858,11.572,11.639
CCT8,11.8213,11.8862,11.8853,11.7568,11.7911,11.7566
CCZ1B,8.9493,8.9484,9.0671,9.118,9.2292,9.22
CD109,9.5995,9.6509,9.4905,10.4833,10.3986,10.4266
CD151,13.2817,13.2363,13.2815,13.2342,13.2361,13.2337
CD160,4.427,4.6285,3.938,3.7619,4.3964,4.6087
CD163,4.3406,4.1849,3.3362,4.3179,3.9423,4.0214
CD163L1,3.6731,4.7505,4.9136,5.4372,4.9766,5.4853
CD164,12.5824,12.5378,12.5792,12.6329,12.6527,12.6118
CD1D,2,2,2,3.6442,3.4107,3.7856
CD200,4.427,3.5409,3.206,3.0447,3.8505,3.2797
CD22,3.3581,3.3989,3.4556,3.7619,3.7525,3.604
CD226,3.5242,3.6702,3.3362,4.8831,4.4599,3.947
CD24,3.6731,3.6702,2.7255,3.6442,4.0287,4.1595
CD27,4.2487,3.8985,4.1652,4.8831,4.6352,4.7466
CD274,7.4847,7.5495,7.8543,6.2329,6.284,6.2596
CD276,11.7239,11.7406,11.8001,12.3424,12.215,12.3919
CD2AP,9.9921,9.9726,9.9943,9.5284,9.6543,9.5534
CD2BP2,10.2598,10.2381,10.166,10.3439,10.2924,10.3007
CD302,7.5821,7.4268,7.4494,7.3896,7.4162,7.4674
CD320,9.0171,9.029,9.1819,9.1535,9.0576,8.9707
CD36,5.1907,5.9248,5.1083,6.5103,5.4531,6.4056
CD37,5.2863,5.2825,5.1794,6.3504,6.1363,6.3633
CD4,9.1659,9.194,9.2098,9.3354,9.2916,9.2723
CD40,3.5242,4.0004,3.4556,2.8457,3.6473,2.8607
CD44,15.0761,15.1051,15.0914,15.5484,15.552,15.5358
CD46,11.2441,11.2213,11.2189,11.873,11.863,11.8739
CD47,10.9857,11.0342,11.043,10.4693,10.5846,10.4613
CD55,8.099,8.1521,7.9791,9.0092,8.9539,9.0943
CD58,5.7888,5.6391,5.8145,5.3269,5.0609,4.9121
CD59,13.6495,13.7099,13.7028,13.8173,13.806,13.8161
CD6,2.3925,2.6282,3.206,2.8457,3.4107,3.6977
CD63,13.6619,13.6591,13.6337,14.0992,14.0193,14.0441
CD68,9.1277,9.1503,9.1776,9.8087,9.613,9.7751
CD69,2.3925,2.348,2,4.8831,4.7413,5.4042
CD70,7.6822,8.2064,8.0708,7.5537,7.9238,8.0098
CD72,7.2909,3.7889,4.3614,4.6587,4.5791,4.8317
CD81,12.7481,12.6632,12.7411,12.9999,12.9931,12.9773
CD82,10.8986,10.8815,10.8964,12.382,12.1991,12.364
CD83,5.5007,5.2415,5.4333,4.3179,3.8505,4.2239
CD9,10.5591,10.5415,10.5929,10.4639,10.3205,10.333
CD99,12.0762,12.0674,12.1301,12.1186,12.1122,12.0521
CD99L2,10.6428,10.5624,10.5847,10.6643,10.6735,10.6223
CDA,4.9197,5.0646,4.9947,3.0447,2,2.2678
CDADC1,6.3496,6.4237,6.3025,6.8923,6.6122,6.5879
CDAN1,8.4634,8.2588,8.3658,8.1035,8.0218,7.8404
CDC123,10.224,10.2931,10.1964,9.6364,9.6269,9.6605
CDC14A,5.7888,5.7309,6.0222,6.3875,6.5696,6.6122
CDC14B,8.8235,8.9611,8.9901,7.9445,7.9952,7.9587
CDC16,10.3959,10.3972,10.4856,9.7004,9.8388,9.7162
CDC23,9.3093,9.3541,9.2639,8.5547,8.6169,8.3427
CDC25A,7.5536,7.753,7.6875,6.2124,5.9499,6.29
CDC25B,10.2875,10.2868,10.4064,10.0692,10.0573,10.0238
CDC25C,6.3273,6.8898,6.7271,4.464,3.9423,3.6977
CDC26,8.1759,7.9757,8.1918,8.1146,8.0006,8.0941
CDC27,11.2352,11.3175,11.2949,10.6793,10.8431,10.7001
CDC34,9.949,9.8703,9.8654,10.3285,10.2425,10.4215
CDC37,12.0928,12.1193,12.171,11.8382,11.816,11.7926
CDC37L1,8.2489,8.3339,8.157,8.7238,8.4626,8.6458
CDC40,8.75,8.7615,8.9321,9.2648,9.3577,9.3099
CDC42,12.2724,12.3557,12.3032,12.2641,12.3421,12.3142
CDC42BPA,10.7856,10.8882,10.5782,10.3627,10.3823,10.2923
CDC42BPB,11.9923,11.9952,11.9983,12.1065,12.1088,12.0977
CDC42BPG,3.6731,3.0644,3.0629,4.1552,4.33,4.3447
CDC42EP1,10.7978,10.8079,10.8798,10.5513,10.5255,10.5417
CDC42EP2,8.8667,8.6947,8.7278,8.6721,8.7014,8.7118
CDC42EP3,12.9344,13.0307,12.9959,10.8675,11.207,10.7603
CDC42EP4,9.2274,9.2047,9.2701,8.8287,8.8241,8.7533
CDC42EP5,2.9547,3.2413,5.2799,6.7571,3.9423,3.1531
CDC42SE1,10.4576,10.3819,10.4848,11.2845,11.2052,11.3175
CDC42SE2,9.2092,9.3827,9.2413,9.549,9.5919,9.6605
CDC45,7.1583,7.6548,7.5264,5.2484,5.2525,5.0606
CDC5L,9.7786,9.9882,9.8314,9.9672,9.9536,9.8536
CDC6,7.8163,8.0005,8.1918,6.1272,6.1168,5.6584
CDC7,6.0288,6.329,6.3951,4.464,4.5791,4.7898
CDC73,10.1434,10.1382,10.0931,8.7238,8.8745,8.8812
CDCA2,8.2782,8.5882,8.6265,6.0599,6.1363,5.7267
CDCA3,8.3296,8.2171,8.4722,5.5397,6.0969,5.813
CDCA4,7.9967,7.9695,7.994,7.7083,7.5824,7.6425
CDCA5,8.5333,8.6286,8.7774,6.369,6.667,6.2748
CDCA7,7.1199,6.9161,7.3756,4.2388,5.1406,5.0249
CDCA7L,8.237,8.2433,8.3349,7.2149,7.2644,7.1235
CDCA8,9.0751,9.1832,9.2309,6.1704,6.1747,5.8744
CDCP1,9.1784,9.1167,9.1535,9.726,9.5061,9.8096
CDH1,3.5242,2,2.904,3.7619,2.7747,3.0143
CDH10,3.1705,3.2413,3.4556,4.0665,4.0287,3.7856
CDH11,12.0602,12.0291,12.0431,11.3388,11.4116,11.3421
CDH13,10.5265,10.418,10.6935,10.7371,10.7317,10.6801
CDH15,3.9314,4.0004,3.938,4.8302,3.9423,4.4561
CDH2,11.4848,11.4796,11.5489,11.3593,11.4126,11.4866
CDH24,7.9754,7.8987,7.9387,7.7156,7.44,7.5324
CDH4,7.8401,7.4718,7.8918,6.5761,6.4958,6.8754
CDH6,12.3547,12.4569,12.3577,13.0694,13.1177,13.0988
CDHR2,4.1505,4.8078,4.2989,4.5967,4.5208,4.2239
CDHR3,4.7952,5.1993,4.7827,5.6353,4.9325,5.227
CDIN1,8.0177,8.0189,7.8759,6.9555,7.1535,6.9052
CDIP1,8.4685,8.5551,8.4758,8.8083,8.7782,8.4941
CDIPT,10.5817,10.5666,10.5782,11.1486,11.0475,11.1509
CDK1,8.7872,8.8798,8.9008,6.1051,6.3187,6.2285
CDK11A,7.1199,7.0764,7.1727,7.5618,7.5242,7.3853
CDK11B,9.8624,9.7198,9.765,9.7811,9.7447,9.7818
CDK12,10.5154,10.6296,10.5953,10.7874,10.7776,10.8051
CDK13,10.1078,10.0355,9.9518,10.0317,9.955,9.9883
CDK14,9.5328,9.7272,9.6771,9.7811,9.7399,9.8925
CDK15,8.0924,7.8585,8.0038,6.3504,6.7068,6.3197
CDK16,10.9902,11.0742,11.1019,9.2548,9.3886,9.3136
CDK17,10.2554,10.426,10.2837,10.2311,10.2323,10.296
CDK18,2.3925,2.8627,2.2843,2,2.5596,3.7856
CDK19,8.6092,8.7098,8.7219,9.5953,9.6234,9.6444
CDK2,9.2364,9.3991,9.48,10.147,10.0624,10.1872
CDK20,6.6119,6.4953,6.739,6.5599,6.4806,6.5381
CDK2AP2,8.3792,8.3142,8.4933,8.7238,8.5418,8.628
CDK3,3.808,4.6285,3.4556,4.8302,4.887,5.1627
CDK4,10.8863,10.9055,10.8542,11.2229,11.1801,11.2427
CDK5,8.1696,8.2485,8.2794,7.6936,7.6922,7.6601
CDK5R1,5.2863,4.863,5.2137,6.0827,5.8585,5.8542
CDK5RAP1,7.9967,7.9441,8.2132,7.7445,7.5389,7.6068
CDK5RAP2,9.8311,9.8207,9.9132,9.3496,9.324,9.3006
CDK5RAP3,9.169,9.0851,9.1667,9.2063,9.1302,9.1534
CDK6,11.9326,12.0982,11.94,12.2812,12.421,12.382
CDK7,7.9967,5.1109,7.5264,8.657,7.6384,5.9526
CDK8,8.8354,8.7135,8.8197,8.798,8.7782,8.856
CDK9,9.4655,9.2775,9.4676,9.7368,9.6007,9.6736
CDKAL1,7.4439,7.4268,7.345,7.016,6.9911,6.8754
CDKL1,5.0883,4.9161,5.3119,4.0665,4.6352,4.2239
CDKL3,4.7287,5.0168,5.1083,5.8632,5.1789,5.1295
CDKL5,8.39,8.4909,8.3922,8.0582,8.1086,7.9155
CDKN1A,13.6844,13.595,13.6352,15.5157,15.4317,15.4606
CDKN1B,8.7373,8.6947,8.6105,8.8882,8.9594,8.9446
CDKN1C,4.659,4.3484,4.2336,5.9401,6.0768,5.4853
CDKN2A,9.2394,9.1053,9.0949,9.2141,9.1969,9.321
CDKN2AIP,8.3408,8.3485,8.3734,8.1528,8.4233,8.375
CDKN2AIPNL,8.1759,8.2011,8.0377,7.6408,7.5017,7.5824
CDKN2B,8.7666,8.7098,8.5878,10.9223,10.6818,10.9286
CDKN2C,7.6909,7.8585,8.1123,5.0312,5.4531,5.2885
CDKN2D,6.6119,6.6908,6.6416,6.5761,6.8794,6.845
CDNF,3.1705,3.6702,3.938,4.1552,3.276,3.2797
CDO1,6.3716,6.141,6.4679,6.5761,6.4339,6.4194
CDON,6.0009,6.1631,5.7691,5.2484,5.5142,5.0249
CDPF1,6.8495,6.66,6.629,6.4057,6.4339,6.4194
CDR1,6.0009,6.141,5.5718,5.4014,5.5728,5.611
CDR2,9.8507,9.8225,9.8492,9.5033,9.5359,9.3699
CDR2L,10.2134,10.1014,10.2592,9.9915,9.893,10.0373
CDRT1,3.9314,3.6702,3.206,2.6149,3.1274,3.0143
CDRT4,2.3925,3.0644,3.7639,2.6149,5.6834,2.8607
CDS2,9.8624,9.96,9.8161,11.3939,11.3867,11.4617
CDT1,7.5245,7.6858,7.9024,6.2532,6.5109,6.0798
CDV3,12.1582,12.159,12.1174,10.2775,10.3915,10.3266
CDYL,9.0275,8.9547,8.9801,9.4777,9.6234,9.4958
CDYL2,7.8713,8.1185,7.9181,8.5789,8.5993,8.6604
CEACAM5,6.8651,6.8898,6.8302,6.9921,6.6937,7.1975
CEBPB,9.5854,9.5453,9.6144,11.6582,11.3193,11.619
CEBPD,8.6092,8.46,8.3466,8.9942,8.9147,8.9181
CEBPG,9.5058,9.3126,9.2454,8.462,8.5418,8.3926
CEBPZ,9.6698,9.5495,9.5437,9.3566,9.4308,9.4223
CEBPZOS,9.9176,10.0249,9.8668,9.4884,9.5359,9.5751
CECR2,8.5284,8.706,8.5846,8.3953,8.3788,8.2099
CEL,3.808,3.5409,3.7639,3.972,2.5596,3.8686
CELF1,10.7835,10.7696,10.6897,11.042,11.043,11.0793
CELF2,9.9814,10.2131,9.9906,9.8325,9.913,9.6879
CELF5,2.3925,2.6282,2.7255,3.8708,2.7747,3.3961
CELSR1,6.9108,6.6126,7.3137,7.2952,7.1631,7.2603
CELSR2,8.0924,8.1957,8.2258,8.1901,8.0112,8.0984
CELSR3,6.2345,6.1849,5.983,6.8531,7.0644,6.8953
CEMIP,11.6712,11.4388,11.449,11.6677,11.5871,11.5338
CEMIP2,11.6833,11.7666,11.7622,12.526,12.502,12.5461
CEMP1,4.1505,3.2413,4.7363,4.1552,4.7915,5.9901
CENATAC,5.8211,5.6391,6.1158,6.0827,6.0969,5.813
CEND1,7.3911,7.21,7.368,6.8127,6.8201,6.7715
CENPA,7.0122,7.2311,7.2325,4.3179,4.6892,4.8317
CENPB,10.9295,10.934,11.0418,10.9582,10.9213,11.0022
CENPBD1,7.7083,7.789,7.6753,8.1636,7.9517,8.0006
CENPC,7.2794,7.4084,7.164,7.2354,7.5536,7.3351
CENPE,9.5641,9.647,9.7314,7.173,7.1244,6.9535
CENPF,11.2254,11.1913,11.2702,8.1689,8.6307,8.4644
CENPH,6.6663,7.0289,7.1375,4.6587,4.7915,4.7898
CENPI,8.307,8.3142,8.4544,8.4793,8.2855,8.4375
CENPJ,7.6996,7.789,7.9284,7.4258,7.7506,7.6248
CENPK,7.3911,7.5155,7.2898,6.0599,6.0357,6.0798
CENPL,7.4335,8.0128,7.6442,7.0966,7.0018,7.0807
CENPM,6.5166,6.7938,7.0067,3.8708,4.0287,4.3447
CENPN,8.448,8.6085,8.5413,7.3146,7.1047,7.2982
CENPP,6.4145,6.3093,6.3649,4.5967,4.7413,5.0249
CENPQ,6.2104,6.2893,6.1865,5.2075,5.6012,5.1952
CENPS-CORT,3.9314,4.3484,4.0934,4.3179,4.0287,3.3961
CENPT,9.5279,9.649,9.6939,8.9577,9.0981,9.0394
CENPU,7.8243,8.1298,7.9438,4.5967,5.6291,4.9883
CENPV,7.8002,7.8242,7.9387,6.2928,6.7068,6.3489
CENPW,7.2677,7.5745,7.606,5.6041,5.8819,5.7267
CENPX,8.2898,8.3819,8.3696,8.4922,8.3029,8.3208
CEP104,9.6111,9.6451,9.6351,10.065,9.9144,9.9813
CEP120,8.7666,8.8597,8.7099,9.1427,9.1922,9.0921
CEP126,6.8018,7.0647,6.8521,7.2251,7.392,7.0002
CEP128,7.3251,7.4268,7.2655,5.4372,5.0609,5.2581
CEP131,8.0924,8.0666,7.9489,7.8006,7.679,7.5946
CEP135,7.7083,7.6312,7.6442,7.8874,7.9845,7.996
CEP152,7.1068,7.3517,7.3604,6.2732,6.6261,6.3916
CEP162,6.0009,5.872,5.598,6.7712,6.6399,6.7715
CEP164,9.4655,9.4427,9.3779,9.1125,9.1253,9.2416
CEP170,11.7962,12.2134,11.4867,11.2802,10.5485,11.3485
CEP170B,10.5663,10.6015,10.6775,10.8879,10.8719,10.946
CEP19,6.0288,5.9757,5.792,6.6844,6.6399,6.7929
CEP192,8.6367,8.7098,8.7039,8.1953,8.2455,8.2336
CEP20,8.5186,8.4997,8.3193,8.3723,8.5233,8.5103
CEP250,10.1687,9.9928,10.0582,10.0877,9.9728,9.88
CEP290,8.8589,8.846,8.7802,8.6945,8.8745,8.6892
CEP295,8.2189,7.8787,8.0136,7.6936,7.5895,7.8557
CEP41,8.1759,8.2485,8.331,7.8546,7.7757,8.0006
CEP43,8.39,8.0189,8.0986,8.2568,8.1763,8.1449
CEP44,7.2079,7.3323,7.2072,7.4346,7.4162,7.1814
CEP55,9.2423,9.4741,9.4569,6.2124,6.5552,6.0085
CEP57,8.8821,8.9674,8.7888,8.8488,8.8919,8.8252
CEP57L1,7.6645,8.0189,7.7414,6.3314,6.3856,6.2748
CEP63,10.2701,10.3068,10.2664,10.6064,10.5864,10.5337
CEP68,7.9018,7.838,7.7762,6.8127,6.8677,7.115
CEP70,7.4645,7.5326,7.2072,6.7139,6.8909,7.0185
CEP72,4.9197,5.7602,5.3739,4.8302,5.0609,4.5088
CEP78,8.7666,8.9923,8.8445,7.9875,7.9406,7.7059
CEP83,7.0937,7.0995,6.9969,6.4589,6.4806,6.1968
CEP85,7.5821,7.7085,7.6691,6.4236,6.3357,6.4331
CEP85L,7.5343,7.6548,7.4494,7.8143,8.053,7.8197
CEP89,9.095,9.088,9.1645,9.227,9.236,9.2875
CEP95,7.6285,7.5991,7.5127,7.6787,7.7054,7.6484
CEP97,8.0724,7.9568,8.0425,8.349,8.259,8.3715
CEPT1,8.3352,8.2276,8.3504,8.3205,8.3372,8.2873
CERCAM,11.2515,11.1661,11.196,11.492,11.4369,11.3925
CERK,10.7272,10.7723,10.7646,11.135,11.1002,11.2167
CERKL,7.3363,7.342,7.3058,6.4589,6.667,6.5254
CERS1,6.5746,6.3484,6.4099,7.3049,7.2733,7.3424
CERS2,11.5721,11.5564,11.5734,11.5667,11.4907,11.6035
CERS4,6.5166,6.3093,6.2865,6.5103,6.5258,6.5879
CERS5,9.9026,9.9851,9.9644,10.5564,10.4503,10.4894
CERS6,8.4272,8.6947,8.6201,8.3109,8.3329,8.2178
CERT1,9.095,9.0259,9.1177,9.5449,9.5359,9.5705
CES2,9.7369,9.5807,9.8258,10.2092,10.109,10.142
CES3,3.6731,4.0004,4.2989,3.7619,3.7525,4.7898
CES4A,4.5086,3.7889,4.1652,4.464,4.4599,4.0214
CETN2,9.4135,9.413,9.3396,9.5263,9.5542,9.5455
CFAP157,6.0009,5.8172,6.0604,6.6694,6.584,6.5126
CFAP20,8.5622,8.5383,8.5943,8.8321,8.8271,8.8762
CFAP20DC,5.2863,5.6072,5.4333,4.3179,4.8401,4.6561
CFAP221,2.9547,3.6702,3.3362,3.7619,2.9618,3.604
CFAP251,7.1456,7.3517,7.2325,6.7571,6.6261,6.7498
CFAP298,8.6046,8.7098,8.7543,8.8653,8.8658,9.0214
CFAP298-TCP10L,5.3318,2,2,2,4.5791,3.947
CFAP299,4.427,4.0004,4.0178,3.5161,3.8505,3.0143
CFAP300,4.5086,4.4952,4.0934,4.2388,4.2603,4.3447
CFAP36,8.9086,8.9923,8.8418,9.3042,9.2718,9.3645
CFAP410,8.1945,8.2064,8.1526,8.2568,8.2679,8.3608
CFAP44,5.8526,5.2825,5.2799,6.6992,6.5552,6.5254
CFAP45,4.2487,4.3484,4.6883,3.3754,4.1872,2.8607
CFAP46,3.9314,4.0004,4.0178,4.3928,4.5208,4.9121
CFAP53,2.9547,2.6282,3.0629,2.8457,2.9618,3.6977
CFAP54,6.7525,6.3484,6.6162,6.2329,6.4496,6.5507
CFAP57,3.9314,3.0644,2.904,3.5161,2.9618,3.5038
CFAP58,3.808,4.2689,4.0178,4.2388,4.7915,4.2239
CFAP69,5.4187,5.4359,5.5452,6.0367,6.284,5.914
CFAP70,3.9314,3.7889,4.0178,4.0665,4.3964,3.8686
CFAP74,3.808,4.0956,3.3362,4.2388,4.5791,4.2239
CFAP92,3.808,4.2689,4.3614,4.7181,4.33,4.2856
CFAP97,9.7306,9.7693,9.7679,8.976,9.1055,9.0791
CFB,2.7008,2.8627,4.5341,3.972,2.5596,2.4936
CFDP1,9.3234,9.3493,9.2923,9.5592,9.4427,9.5439
CFH,9.8151,9.5725,9.8478,9.8442,9.9243,10.1942
CFL1,14.1931,14.1812,14.2418,13.8483,13.866,13.8384
CFLAR,10.1966,10.3448,10.1295,10.7262,10.7525,10.6965
CFTR,3.5242,4.0004,3.3362,3.972,3.6473,3.604
CGA,6.2104,6.0725,2.5217,2.8457,5.6012,4.6087
CGAS,6.1094,6.6126,6.3495,6.1272,6.0147,5.9714
CGB7,3.6731,2.6282,3.3362,3.2195,3.1274,3.7856
CGGBP1,10.5252,10.4622,10.5407,10.7415,10.7406,10.846
CGN,4.2487,3.6702,4.0934,4.1552,3.7525,3.604
CGNL1,4.0451,3.7889,3.5658,3.972,3.9423,4.0214
CGREF1,4.7952,4.8078,4.7363,3.3754,4.3964,4.5596
CGRRF1,6.9839,7.2724,7.2072,7.2455,7.392,7.4674
CHAC1,10.289,10.2131,10.1834,11.685,11.584,11.6313
CHAC2,5.6519,5.399,5.5452,4.5318,4.5791,4.4015
CHADL,3.3581,2.6282,3.7639,4.0665,3.276,3.2797
CHAF1A,8.3296,8.5635,8.6642,7.6331,7.5966,7.7934
CHAF1B,7.2321,7.1336,7.3137,6.1704,6.4806,5.9334
CHAMP1,9.6542,9.5745,9.4747,9.8458,9.8283,9.8763
CHCHD1,8.1507,8.141,8.2132,8.3443,7.9682,8.2059
CHCHD10,5.4603,5.8986,5.5452,4.7181,4.7915,4.5596
CHCHD2,11.5141,11.5348,11.5392,11.3191,11.3321,11.3151
CHCHD3,9.7005,9.7585,9.595,9.5511,9.5023,9.4478
CHCHD4,7.0261,6.9547,6.7853,6.8531,6.8079,6.9052
CHCHD5,7.1199,6.8494,6.957,7.0966,7.1244,7.0543
CHCHD6,7.1833,7.3613,7.6567,6.8923,7.0644,7.1486
CHCHD7,8.6681,8.3819,8.6073,8.3584,8.2182,8.068
CHD1,9.5425,9.4562,9.5096,9.2599,9.3409,9.2279
CHD1L,9.7284,9.7729,9.7165,9.0357,9.2718,9.143
CHD2,10.7815,10.7266,10.6211,10.6538,10.7698,10.6489
CHD3,12.2185,12.1714,12.1707,11.7849,11.816,11.7243
CHD4,12.4834,12.5073,12.4387,12.7128,12.7136,12.6841
CHD5,2.9547,2.8627,2.904,4.0665,3.276,3.3961
CHD6,9.9176,9.92,9.7979,10.0735,10.2059,10.1576
CHD7,5.6874,5.399,5.649,5.5723,5.8106,6.29
CHD8,10.742,10.757,10.7168,10.7062,10.5988,10.5644
CHD9,10.4159,10.4577,10.383,10.6201,10.7784,10.712
CHDH,4.0451,3.3989,3.6682,4.1552,4.2603,4.0921
CHEK1,8.6276,8.8288,8.7888,7.3242,7.5389,7.3496
CHEK2,6.8018,6.8494,6.9671,6.369,6.6261,6.1968
CHERP,9.7662,9.753,9.9248,9.9078,9.9045,9.8472
CHFR,8.9854,9.2337,9.1513,9.6248,9.5542,9.5705
CHGB,4.0451,3.2413,4.4788,4.3928,4.3964,4.2856
CHI3L1,3.6731,2.6282,3.8536,4.9342,4.33,4.5088
CHI3L2,3.5242,3.3989,2.904,3.6442,3.7525,3.3961
CHIC1,8.0857,8.1904,8.1393,8.1689,8.2365,8.3679
CHIC2,8.7994,8.8998,8.95,9.5834,9.5596,9.6879
CHID1,10.3497,10.318,10.252,10.541,10.4513,10.4679
CHKB,7.1833,6.9799,6.9055,6.7571,6.9803,7.0365
CHKB-CPT1B,2,2.6282,2.5217,4.7753,2.3068,2.2678
CHL1,7.0535,7.1336,6.8191,7.8346,7.7632,7.9252
CHM,9.4002,9.3565,9.3967,9.3259,9.3556,9.1388
CHML,8.9011,9.0499,8.8823,8.2568,8.4509,8.1899
CHMP1A,10.6495,10.6601,10.6464,10.7299,10.6439,10.7357
CHMP1B,9.3513,9.5348,9.4152,10.762,10.7033,10.8325
CHMP2A,9.6339,9.6896,9.6586,9.8575,9.9045,9.9436
CHMP2B,9.1082,9.218,9.088,8.657,8.6614,8.7561
CHMP3,10.7525,10.8175,10.801,10.8402,10.8653,10.7712
CHMP4A,8.6725,8.534,8.3581,8.5175,8.3456,8.631
CHMP4B,10.6326,10.6861,10.6628,10.9207,10.9333,10.9024
CHMP5,10.2058,10.1284,10.0664,10.6756,10.6137,10.6584
CHMP6,8.9457,8.8288,8.8418,8.8185,8.8976,8.8961
CHMP7,9.7786,9.7365,9.7505,10.1225,10.0353,10.1316
CHN1,10.4172,10.492,10.3915,11.0289,11.1724,10.9603
CHN2,3.6731,3.6702,4.1652,3.0447,2.9618,3.2797
CHODL,2.3925,4.0956,3.3362,2.6149,4.1101,4.0921
CHORDC1,9.6453,9.6411,9.5165,8.9821,9.0525,9.1135
CHP1,10.9597,11.0793,11.0418,11.3494,11.3337,11.3276
CHP2,5.6519,5.7309,5.6983,4.8302,5.1789,4.9121
CHPF,11.6617,11.6622,11.6434,10.912,10.9855,10.9532
CHPF2,11.9582,11.9545,12.0029,12.7555,12.6786,12.7611
CHPT1,8.8115,8.4909,8.5175,8.4489,8.2634,8.4409
CHRAC1,8.4377,8.7285,8.5911,8.0923,8.2767,8.1818
CHRDL1,4.9781,4.2689,4.9136,3.972,4.5208,4.1595
CHRDL2,4.9197,5.3224,5.1794,5.5397,5.2161,5.5369
CHRM2,12.283,12.2798,12.2726,12.5195,12.6457,12.5826
CHRM5,8.7625,8.5383,8.5141,9.4905,9.1758,9.4342
CHRNA1,5.722,6.0005,5.6739,5.6957,5.4215,5.7043
CHRNA10,3.808,3.3989,3.6682,2.8457,3.6473,3.0143
CHRNA4,2.3925,4.5634,4.6387,4.9835,3.4107,4.5088
CHRNA5,5.2863,4.3484,4.0934,3.972,3.6473,4.2239
CHRNA7,2,2.6282,2.2843,3.972,2.3068,3.947
CHRNB1,5.7888,6.0489,5.792,5.6957,5.8585,5.6349
CHST1,3.6731,3.5409,3.3362,3.972,3.7525,4.0921
CHST10,11.4954,11.5134,11.4828,10.4769,10.5274,10.5667
CHST11,7.0937,7.3991,7.3527,8.2057,8.0582,8.037
CHST12,9.2183,9.1364,9.2119,9.4472,9.3598,9.4223
CHST14,9.0616,9.038,9.0624,9.807,9.7574,9.7273
CHST2,8.0038,7.8787,7.9284,10.0375,9.8071,9.9267
CHST3,10.6062,10.5821,10.5288,9.6345,9.5414,9.5751
CHST6,4.1505,4.7505,4.4788,4.3179,4.3964,4.4561
CHST7,7.7839,7.647,7.6504,7.4697,7.3591,7.4473
CHSY3,6.3047,6.3676,6.5507,5.8095,5.9499,5.9526
CHTF18,7.2079,7.4176,7.4203,5.8893,5.4839,5.8744
CHTOP,9.8527,9.701,9.7794,9.6555,9.701,9.6237
CHUK,9.2453,9.2622,9.2802,9.518,9.5687,9.5185
CHURC1,9.4833,9.3968,9.3836,9.5263,9.6252,9.5137
CHURC1-FNTB,4.7952,5.2415,5.9221,3.7619,4.0287,4.8725
CIAO1,10.0494,10.1057,10.0187,10.2947,10.1601,10.1545
CIAO2A,8.5284,8.4465,8.2955,6.5761,6.7199,6.7166
CIAO2B,9.6565,9.6934,9.577,9.8189,9.7174,9.8382
CIAO3,8.2189,8.3339,8.3959,8.4664,8.387,8.5391
CIAPIN1,9.4757,9.5026,9.5387,9.6248,9.6712,9.6576
CIART,6.083,5.9757,6.3341,6.2532,6.1935,6.1968
CIB1,9.8131,9.8585,9.8519,10.217,10.0405,9.9998
CIB2,4.5858,5.1109,5.0336,5.2075,5.4531,5.227
CIBAR1,8.5622,8.4689,8.4218,8.1742,8.1998,8.1778
CIC,10.697,10.7982,10.8644,10.8477,10.8289,10.8038
CIITA,4.8588,4.0004,4.6387,4.9342,5.2525,4.9883
CILK1,9.1721,9.218,9.1754,7.3049,7.4789,7.3057
CILP2,4.5086,4.7505,4.7827,5.4372,5.3562,5.611
CINP,8.9711,8.9892,9.0506,8.6494,8.7307,8.631
CIP2A,8.6502,8.706,8.7426,6.8263,6.8321,7.0543
CIPC,8.0316,8.0489,8.052,8.3301,8.387,8.4135
CIR1,8.9457,8.9452,8.8823,9.1722,9.1179,9.1346
CIRBP,10.3906,10.5083,10.5134,10.2664,10.3853,10.3973
CISD1,8.3127,8.4733,8.3153,8.4707,8.7403,8.451
CISD2,8.3296,8.4733,8.4508,8.9912,9.0053,9.0055
CISD3,7.2909,7.2724,7.4989,7.2755,7.3507,7.4405
CISH,5.5007,4.7505,5.2799,6.149,5.8348,5.813
CIT,9.1564,9.2699,9.268,5.8095,6.3692,5.8744
CITED2,11.7763,11.8359,11.9499,11.8985,12.0552,11.8876
CITED4,5.8211,5.7009,5.88,7.7083,7.4242,7.8353
CIZ1,10.7122,10.7876,10.8603,10.8352,10.7706,10.8104
CKAP2,10.2134,10.3569,10.2826,8.1311,8.3911,8.2645
CKAP2L,8.5859,8.8357,8.7513,6.1916,6.3692,6.0446
CKAP4,14.0094,14.0097,14.0579,13.8629,13.89,13.8417
CKAP5,11.7297,11.701,11.7151,10.5161,10.6643,10.5329
CKB,8.8935,8.8998,8.995,8.7737,8.6682,8.8329
CKLF,7.3911,7.3225,7.3756,7.3896,7.1439,7.2135
CKLF-CMTM1,4.1505,4.1849,3.7639,4.7181,4.1872,4.6087
CKS1B,8.9925,9.0229,9.0363,6.799,7.1047,6.7388
CKS2,9.4475,9.3613,9.3454,8.2161,8.2679,8.2139
CLASP1,10.5734,10.8597,10.6195,10.904,11.0109,10.9207
CLASP2,9.3651,9.378,9.357,9.1014,9.1399,9.0009
CLASRP,7.9825,8.0957,8.1875,7.5939,7.8005,7.5451
CLBA1,6.7186,6.8357,6.5903,6.7852,7.0124,6.7388
CLCC1,9.5181,9.4607,9.5538,9.1828,9.0754,9.1451
CLCF1,7.7424,7.4629,7.4129,9.1069,8.7936,8.9133
CLCN2,6.5362,6.0005,6.0414,6.9052,6.4019,6.9344
CLCN3,10.3744,10.3772,10.2877,11.4013,11.2885,11.4305
CLCN4,6.7525,6.2064,6.4246,6.2124,6.2121,6.3916
CLCN5,8.0589,8.2329,7.954,9.2624,9.2762,9.1241
CLCN6,8.2898,8.2433,8.1832,9.0732,8.8687,8.9254
CLDN1,10.6416,10.7551,10.6713,11.2159,11.2294,11.3216
CLDN11,12.8223,12.7708,12.8066,9.7724,10.2504,9.643
CLDN12,9.2183,9.175,9.2055,9.7529,9.861,9.906
CLDN15,5.722,5.2415,5.6739,5.9149,5.5728,5.8542
CLDN16,3.3581,3.0644,3.6682,3.972,3.8505,4.0921
CLDN18,3.9314,3.5409,3.6682,3.6442,3.276,2.8607
CLDN23,5.2393,5.3224,4.2989,5.9649,5.6291,5.611
CLDN4,5.3318,4.863,5.1083,4.6587,3.6473,3.2797
CLDND1,9.2777,9.2416,9.1884,10.1962,10.1493,10.3007
CLEC11A,10.3019,10.2575,10.2796,10.7415,10.6735,10.7029
CLEC14A,7.256,7.0409,7.3981,6.9678,7.0438,6.6478
CLEC18A,2.7008,2,3.7639,5.0312,4.5791,3.604
CLEC2B,4.7287,4.5634,4.4788,5.2882,5.3225,5.6815
CLEC2D,4.5086,4.4952,4.8712,6.0367,5.7356,5.9901
CLEC3B,5.0343,5.3224,5.2472,5.3646,5.1013,4.9121
CLEC4E,2.9547,3.8985,2.7255,3.2195,2.7747,3.1531
CLEC7A,3.5242,3.8985,2.7255,3.6442,3.276,3.1531
CLEC9A,4.1505,4.1849,4.2989,4.6587,4.0287,5.2885
CLGN,6.5746,6.6908,6.2374,5.1654,5.3225,5.1295
CLHC1,5.8211,5.6704,5.9012,5.9649,5.7861,5.7267
CLIC1,10.0664,10.12,10.0839,9.9855,9.9088,9.9987
CLIC2,2,3.3989,3.3362,3.3754,3.8505,3.604
CLIC4,13.8743,13.9472,13.8883,13.5673,13.6452,13.663
CLINT1,11.2344,11.2724,11.1971,10.0749,10.2594,10.1337
CLIP1,11.2367,11.1067,11.1608,10.625,10.6793,10.6073
CLIP2,11.3258,11.3469,11.3192,12.0501,12.0022,12.0449
CLIP3,11.0721,10.9444,11.0316,11.2578,11.2173,11.1643
CLIP4,10.1843,10.1114,10.1182,10.0095,10.1978,10.0529
CLK1,8.6944,7.7747,8.094,9.1722,8.9005,8.8911
CLK2,6.7691,6.7938,6.7623,7.1298,6.9474,7.2603
CLK3,9.9435,9.9183,9.9543,9.3844,9.3947,9.4595
CLK4,7.2909,7.0289,6.8079,7.8143,7.7249,7.6068
CLLU1,3.808,2.348,2.904,2.6149,2.3068,2.8607
CLMP,11.867,11.9134,11.9096,11.8082,11.7666,11.8247
CLN3,8.5186,8.4822,8.4968,9.1508,8.9062,9.2041
CLN5,9.1532,9.21,9.1087,9.1933,9.1829,9.1637
CLN6,8.4583,8.6794,8.8169,7.9692,8.1428,8.2453
CLN8,9.1147,7.6391,7.7933,10.4321,10.2403,10.2387
CLNS1A,9.6874,9.5787,9.6414,9.9657,9.9411,9.946
CLOCK,10.0579,10.0444,10.0931,9.5734,9.7092,9.7315
CLP1,7.7675,7.7961,7.9233,8.0923,8.0165,8.0811
CLPB,8.4787,8.5127,8.6423,7.7517,7.5017,7.6425
CLPP,9.6632,9.7383,9.7446,9.4948,9.3577,9.5736
CLPTM1,11.4613,11.4359,11.4972,11.8281,11.7134,11.7246
CLPTM1L,10.7907,10.7303,10.7369,10.9992,10.8638,11.03
CLPX,9.4604,9.5198,9.4335,9.6189,9.6745,9.5751
CLSPN,7.8636,8.0005,7.9791,5.2075,5.9049,5.562
CLSTN1,12.1439,12.0925,12.1601,12.0308,12.0233,11.9863
CLSTN2,3.1705,3.0644,3.5658,3.3754,3.276,3.6977
CLSTN3,9.0717,8.8765,8.9008,9.3042,9.083,9.1861
CLTA,11.3797,11.4757,11.4823,11.663,11.6083,11.6805
CLTB,10.7165,10.6775,10.6821,10.3569,10.3044,10.281
CLTC,14.0506,14.0792,14.0559,14.0101,14.0731,14.0209
CLTCL1,7.8243,7.6548,7.4919,6.7285,6.7957,6.8854
CLU,12.8739,12.7147,12.8442,13.2864,13.2119,13.1851
CLUAP1,7.848,7.8987,7.7589,8.1035,8.0936,7.996
CLUH,10.4817,10.5645,10.6091,10.5193,10.563,10.5628
CMAS,9.1341,9.1251,9.053,8.4268,8.6169,8.5454
CMBL,8.8433,8.6832,8.5911,9.3706,9.3577,9.2532
CMC1,7.3694,7.647,7.3907,7.5455,7.5017,7.5946
CMC4,6.3496,6.1631,6.5772,5.4722,5.6012,5.5867
CMIP,9.3121,9.4382,9.4552,9.2037,9.152,9.2894
CMPK1,11.6421,11.6268,11.6308,11.4861,11.6713,11.5194
CMSS1,7.9967,8.141,7.9741,6.8531,7.0847,6.9629
CMTM1,5.1404,5.1993,4.3614,5.4372,5.2161,5.1627
CMTM3,9.4731,9.4873,9.4975,10.7769,10.7939,10.826
CMTM4,8.3792,8.5467,8.3658,8.4533,8.4933,8.4677
CMTM6,11.2464,11.3329,11.2476,11.9978,12.0361,12.0809
CMTM7,8.448,8.4192,8.6073,8.8185,8.7467,8.8534
CMTR1,9.7454,9.7198,9.7664,9.5953,9.5117,9.5297
CMTR2,8.8628,8.6483,8.6392,9.2624,9.274,9.3998
CMYA5,4.1505,3.5409,3.5658,3.5161,3.1274,2.8607
CNBD2,2.3925,4.4952,3.3362,3.6442,4.0287,3.8686
CNBP,11.381,11.454,11.4691,11.4121,11.4285,11.4667
CNDP1,3.9314,3.5409,3.6682,2.6149,4.4599,3.1531
CNDP2,10.3047,10.2498,10.365,9.9394,9.9863,9.9292
CNEP1R1,8.5235,8.3533,8.4722,8.6683,8.4971,8.6369
CNIH2,6.0009,6.0957,6.2206,6.0599,5.9049,6.4466
CNIH4,8.8394,8.7867,8.6796,8.8049,8.6581,8.901
CNKSR2,3.3581,4.2689,3.7639,4.0665,3.6473,3.0143
CNKSR3,8.9995,8.8597,8.8336,7.6561,8.0582,7.7828
CNN1,10.5435,10.552,10.6042,8.7238,8.8181,8.5327
CNN2,13.2766,13.2875,13.3246,11.5967,11.8296,11.5613
CNN3,12.894,12.944,12.9708,10.4563,10.681,10.3973
CNNM1,4.659,4.4952,4.5341,5.4014,5.2879,5.4853
CNNM3,7.423,7.3225,7.6188,8.4134,8.4548,8.4543
CNNM4,7.2441,6.8765,7.0921,7.3619,7.4162,7.6307
CNOT1,11.96,11.9835,11.9311,11.7901,11.7814,11.7739
CNOT10,8.1055,8.0841,7.8269,7.5618,7.5536,7.7987
CNOT11,9.4319,9.445,9.5504,9.7898,9.7239,9.7858
CNOT2,9.7412,9.7142,9.697,9.3958,9.5004,9.3574
CNOT3,8.5478,8.4146,8.0848,8.1256,8.4113,8.3891
CNOT4,8.8628,8.8932,8.7774,9.129,8.9785,8.9181
CNOT6,9.266,9.2442,9.2246,8.8686,8.8948,8.9133
CNOT6L,7.9464,8.1795,7.8918,7.3526,7.4712,7.6128
CNOT7,10.5154,10.6206,10.5616,10.4758,10.4716,10.5574
CNOT8,9.4029,9.4107,9.3023,10.4265,10.2968,10.4189
CNOT9,9.7156,9.8363,9.7936,9.2037,9.2495,9.3155
CNP,10.8872,10.8973,10.8937,10.7865,10.7325,10.712
CNPPD1,9.2689,9.2826,9.2701,9.2295,9.1591,9.1071
CNPY2,10.0426,9.9425,9.9856,10.896,10.8031,10.8713
CNPY3,9.2334,8.9737,9.0671,9.4734,9.366,9.3502
CNPY4,8.1121,8.2485,8.052,8.7129,8.7403,8.7146
CNRIP1,8.7031,8.6405,8.7129,6.7285,6.7833,6.5126
CNST,9.7889,9.9085,9.8133,9.1828,9.2016,9.218
CNTD1,3.3581,4.0004,3.8536,3.0447,3.9423,3.5038
CNTF,4.5086,4.5634,4.8276,3.972,4.7915,4.5088
CNTLN,7.879,8.1129,7.9691,6.8397,7.2375,7.0002
CNTN1,3.808,3.7889,4.2336,3.2195,2.9618,2.2678
CNTN3,8.0385,8.1298,7.994,7.8809,8.053,7.7774
CNTN4,2.7008,2.8627,2.7255,5.122,5.0609,5.1295
CNTNAP1,10.7968,10.7579,10.7804,10.2451,10.2826,10.2904
CNTNAP3,4.5086,5.2825,4.8712,5.4014,5.4215,5.2581
CNTNAP3B,6.2817,6.329,6.1158,5.7537,6.2304,5.8542
CNTRL,8.3127,8.0957,8.1789,7.529,7.568,7.5576
CNTROB,9.2364,9.2622,9.1623,8.8388,8.851,8.8174
COA1,9.0717,9.1308,9.0647,8.5217,8.6134,8.4442
COA3,8.1055,8.141,8.1918,8.1636,8.0323,7.9821
COA4,9.0717,8.9799,9.1579,8.862,8.721,8.9181
COA5,7.3024,7.0995,6.9263,7.3337,7.4001,7.7227
COA6,7.9018,7.8517,7.7647,8.0114,7.8368,8.0325
COA7,8.8472,8.9388,8.8363,7.6485,7.4001,7.6425
COA8,8.3184,8.5964,8.3847,8.3861,8.447,8.2178
COASY,9.6542,9.7142,9.7045,9.547,9.5117,9.5392
COBL,7.1833,7.1777,7.0921,6.7285,6.3692,6.814
COBLL1,6.3932,6.2893,6.4099,6.7852,6.7456,6.1311
COG1,9.7517,9.6312,9.7993,9.2167,9.3325,9.1093
COG2,8.3738,8.396,8.3504,8.1848,8.1904,8.1655
COG3,9.315,9.275,9.3063,9.3042,9.4368,9.3081
COG4,9.9653,10.0279,9.9881,8.8978,8.992,8.8043
COG5,9.912,10.0158,9.9619,8.3396,8.6273,8.3208
COG6,9.8231,9.8155,9.8161,9.6912,10.0196,9.6237
COG7,8.6046,8.5083,8.5107,8.3253,8.4971,8.471
COG8,5.4603,4.4237,5.0714,5.122,5.8348,5.611
COIL,8.2548,8.141,8.2216,8.0524,8.1904,8.0811
COL10A1,3.9314,3.0644,2.904,2.6149,3.4107,3.2797
COL11A1,9.4629,9.5134,9.5251,9.3821,9.4089,9.3699
COL12A1,14.797,14.8516,14.6531,15.6373,15.6902,15.6671
COL13A1,9.5401,9.5725,9.6414,9.1854,9.0369,8.9777
COL14A1,7.3024,7.1558,7.3294,7.8809,8.1477,8.0459
COL15A1,9.6542,9.5177,9.4189,8.4707,8.6203,8.3961
COL16A1,11.6427,11.5838,11.6742,10.8552,10.9774,10.8738
COL17A1,3.808,3.5409,3.5658,2.6149,2.3068,2.2678
COL18A1,12.6135,12.6123,12.675,13.709,13.6404,13.7126
COL1A2,17.8445,17.7337,17.798,17.9775,18.0538,17.8814
COL21A1,2.7008,4.5634,3.7639,3.5161,2.5596,3.1531
COL24A1,6.8338,6.9923,6.7966,7.529,7.4001,7.6659
COL27A1,8.9746,8.8149,8.9777,9.7133,9.7367,9.7885
COL28A1,4.0451,4.9673,5.5452,5.725,5.1789,4.9121
COL3A1,15.2345,15.0807,15.1584,16.5136,16.5763,16.5956
COL4A1,15.4329,15.3537,15.3898,16.1403,16.0797,16.2013
COL4A2,15.2121,15.1837,15.2271,15.8024,15.7324,15.8667
COL4A5,10.1013,9.982,10.026,12.3116,12.2121,12.3442
COL4A6,6.4562,6.6286,6.7966,10.1403,9.8403,10.1607
COL5A1,14.5658,14.4804,14.5375,14.3073,14.3652,14.2054
COL5A2,14.1522,14.1033,14.1297,14.846,14.9036,14.8805
COL5A3,10.0511,10.0021,9.9656,11.2197,11.2587,11.248
COL6A1,15.7931,15.7227,15.7832,15.6284,15.6616,15.6117
COL6A2,15.6371,15.5276,15.6297,15.7799,15.7784,15.7837
COL6A3,17.2329,17.1768,17.183,17.1791,17.1895,17.0921
COL7A1,10.2286,10.2315,10.2417,9.8706,9.8463,10.0406
COL8A1,12.0899,12.134,12.0863,12.5778,12.6401,12.5998
COL8A2,5.5007,4.5634,5.518,3.8708,4.33,3.6977
COL9A2,4.427,5.0168,4.9947,4.9835,4.9766,4.9121
COL9A3,3.5242,3.6702,3.938,3.8708,3.9423,4.1595
COLEC12,5.9724,6.2893,6.1516,7.3712,7.1915,7.2526
COLGALT1,12.2272,12.2071,12.2611,12.1938,12.081,12.146
COLGALT2,7.0937,7.4084,7.1464,4.5967,5.4839,5.0606
COLQ,2.9547,3.0644,2.2843,3.6442,3.7525,3.2797
COMMD1,8.39,8.4909,8.5447,7.8678,7.8188,7.9587
COMMD10,8.1696,8.2792,8.3232,7.6936,7.7184,7.6188
COMMD2,8.6725,8.9031,8.6455,8.2109,8.2855,8.2414
COMMD3,7.8322,7.6704,7.8705,8.4577,8.3159,8.2798
COMMD3-BMI1,7.0261,7.3225,7.4422,7.4869,7.5966,7.4872
COMMD4,9.0818,9.194,9.1667,8.939,8.9839,9.0304
COMMD5,8.5382,8.4283,8.4616,9.3472,9.2269,9.3734
COMMD6,9.2921,9.4176,9.2077,9.3378,9.2269,9.1513
COMMD7,9.9026,9.8483,9.8035,9.5551,9.5451,9.5424
COMMD8,8.9746,9.0938,8.8029,8.6945,8.7719,8.7777
COMMD9,8.8035,8.9799,8.9975,8.8455,8.7782,8.8174
COMP,4.427,4.6285,4.4213,4.9835,5.2879,5.813
COMT,10.7753,10.6483,10.8164,10.945,10.8244,10.9049
COMTD1,6.0009,5.8986,5.6739,6.0599,5.9049,5.914
COP1,9.4397,9.5474,9.4905,9.8206,9.88,9.8485
COPA,13.0348,13.0129,13.0161,12.5327,12.5891,12.4919
COPB1,12.3102,12.3351,12.3328,12.4872,12.5658,12.5114
COPB2,12.6761,12.638,12.6884,12.6274,12.6784,12.5931
COPE,11.1895,11.25,11.2257,11.2565,11.1377,11.174
COPG1,12.5143,12.5056,12.5533,11.4813,11.5543,11.4159
COPG2,8.996,9.041,9.12,9.0502,9.1782,9.1178
COPRS,9.5474,9.5869,9.5966,9.1097,9.0981,9.1304
COPS2,10.8948,10.9251,10.9108,10.5665,10.6206,10.5016
COPS3,9.9526,9.9632,10.0187,9.4647,9.606,9.3591
COPS4,9.5546,9.6607,9.657,9.1069,8.9947,9.0921
COPS5,9.6698,9.7346,9.5983,9.706,9.6912,9.6474
COPS6,11.1456,11.1777,11.1498,10.5025,10.5585,10.447
COPS7A,10.6062,10.5509,10.6034,10.625,10.4983,10.544
COPS7B,9.065,9.032,9.2557,8.8946,9.0159,9.1199
COPS8,10.0409,10.1618,10.0711,9.6782,9.6994,9.6385
COPS9,8.855,8.8798,8.8391,8.8321,8.6134,8.7506
COPZ1,11.301,11.3194,11.3704,11.1773,11.1848,11.1405
COPZ2,9.5689,9.5848,9.6648,8.3769,8.5673,8.1197
COQ10A,7.0535,7.088,6.8844,7.3242,7.2996,7.4937
COQ10B,9.523,9.7346,9.6176,10.5625,10.5756,10.6103
COQ2,7.0398,6.903,7.0829,6.8531,6.3187,6.5632
COQ3,6.5362,6.329,6.7032,5.4014,5.8348,5.6815
COQ4,8.4377,8.0725,8.1526,8.5949,8.5084,8.4677
COQ5,8.1696,8.1298,8.2258,7.8678,7.6922,7.8197
COQ6,8.0177,7.6934,7.8046,8.1201,7.9069,8.0984
COQ7,7.3694,7.3613,7.2818,7.1407,7.2821,7.3993
COQ8A,6.6119,6.9674,6.6541,6.5103,6.8321,6.7498
COQ8B,7.4948,7.7747,7.7819,7.6862,7.6723,7.6946
COQ9,8.8897,8.8114,8.7716,8.4134,8.3372,8.5391
CORIN,7.5343,7.6233,7.5196,6.8923,7.2192,6.845
CORO1A,6.3496,6.6286,6.7507,4.9835,5.6565,5.4588
CORO1B,10.5758,10.5687,10.7559,11.0716,10.9527,10.9889
CORO1C,13.4577,13.5182,13.5518,11.1061,11.3949,11.1248
CORO2A,7.0398,7.1223,6.8737,5.8632,5.9499,5.8542
CORO2B,10.5687,10.5994,10.7101,10.8577,10.6893,10.9085
CORO6,5.3759,5.3224,5.3432,3.5161,3.9423,4.2856
CORO7,6.9257,6.8357,6.7966,6.5761,6.3357,6.4996
CORO7-PAM16,2,2,3.6682,2,3.8505,2
COTL1,13.5253,13.5159,13.5724,12.7182,12.764,12.7056
COX10,7.8401,7.9441,7.7647,7.6936,7.8066,7.7059
COX11,9.1784,9.2851,9.1535,9.2037,9.0317,9.0943
COX14,8.0521,8.0899,8.0038,8.9202,8.8241,8.5949
COX15,9.0884,9.0764,9.1155,8.4357,8.3829,8.253
COX16,8.7666,8.8865,8.8141,8.976,9,8.9035
COX17,7.6734,8.0725,7.7647,7.9995,8.0059,7.9681
COX18,7.9967,7.9757,7.8651,8.0114,8.0427,7.8557
COX20,9.76,9.7944,9.6335,9.1907,9.1326,9.1304
COX4I1,11.2501,11.2422,11.2823,11.3564,11.3693,11.4275
COX5A,9.9921,9.9297,9.9132,10.1045,10.0143,10.0661
COX5B,9.5901,9.5047,9.6063,9.6912,9.6829,9.643
COX6A1,10.5957,10.5415,10.5117,10.4606,10.4658,10.4779
COX6B1,10.1889,10.1072,10.0827,10.3938,10.3853,10.4138
COX6C,9.5425,9.5177,9.5437,9.8657,9.7415,9.7204
COX7A1,5.5007,5.5069,5.3119,5.2484,5.4839,5.1627
COX7A2,10.0697,10.0593,10.1193,9.9441,10.0024,9.8763
COX7A2L,10.4993,10.4789,10.3622,10.8063,10.7317,10.7218
COX7B,9.5206,9.4153,9.406,9.445,9.468,9.4811
COX7C,10.6016,10.552,10.5466,10.4876,10.4356,10.4086
COX8A,10.742,10.8026,10.753,10.6633,10.6516,10.5503
CPA4,10.9497,10.821,10.9271,9.0181,9.2383,8.8509
CPAMD8,6.7014,6.706,6.6911,6.0367,6.0357,6.8854
CPB1,3.3581,3.3989,3.206,2.34,3.4107,3.6977
CPD,12.2478,12.1707,12.2079,11.9005,11.9558,11.9217
CPE,8.0791,8.1957,8.1168,8.5709,8.8211,8.6892
CPEB1,6.8651,6.8357,7.1464,6.9555,6.7833,7.1403
CPEB2,9.7284,9.8259,9.715,9.1208,9.3743,9.0169
CPEB3,4.9781,4.5634,4.1652,4.1552,4.1872,4.4561
CPEB4,8.9457,8.9705,8.9139,10.3674,10.3396,10.4529
CPED1,10.9024,10.8349,10.8275,9.9394,10.0275,9.9578
CPLANE1,8.7994,8.7579,8.5878,8.3815,8.5159,8.2835
CPLANE2,5.9138,6.0725,6.2865,6.4763,6.4496,6.5632
CPM,6.7014,6.9799,7.0165,5.9649,5.8819,5.9334
CPN2,3.3581,2.8627,3.3362,3.7619,3.6473,3.947
CPNE1,10.7304,10.6823,10.7581,10.6586,10.5846,10.6794
CPNE2,8.7074,8.6601,8.8225,8.2057,8.3456,8.3464
CPNE3,10.9099,10.9916,10.9964,10.6453,10.7285,10.759
CPNE5,10.2554,9.647,10.3612,10.2298,9.9782,10.0976
CPNE7,7.3911,6.9923,7.0453,7.173,7.023,7.3424
CPOX,8.8433,8.942,8.8085,9.2193,9.1758,9.3043
CPPED1,8.6857,8.6325,8.7009,8.4879,8.4153,8.2798
CPS1,7.2677,7.3991,7.0261,6.9555,7.2909,7.2371
CPSF1,10.8824,10.7884,10.9173,11.1033,11.0945,11.0993
CPSF2,10.4792,10.5051,10.5356,9.9094,10.0509,9.9778
CPSF3,9.4162,9.4222,9.3377,9.2847,9.3154,9.3228
CPSF4,8.4167,8.1521,8.3922,9.1208,9.0421,8.987
CPSF6,10.3344,10.2575,10.2957,10.3627,10.348,10.3016
CPSF7,10.1608,10.1382,10.2176,10.2996,10.2117,10.2848
CPT1B,4.1505,3.7889,4.1652,2.6149,5.1406,5.0954
CPT1C,8.953,8.8898,9.0506,8.9638,9.0369,9.0572
CPT2,8.2489,8.1957,8.2915,7.4697,7.6315,7.6007
CPTP,8.307,8.3913,8.4616,8.1795,8.1086,8.253
CPXM1,5.722,5.6704,5.6739,5.9892,6.0564,6.1968
CPZ,7.6996,7.454,7.5264,7.6176,7.5316,7.4405
CRABP2,6.9696,7.1447,6.8521,6.1704,6.1747,5.9334
CRACD,5.5007,5.5411,5.4903,6.4236,6.1935,6.3916
CRACR2B,4.3406,2.8627,3.938,3.5161,3.4107,2.8607
CRADD,6.4766,6.5635,6.7271,7.2251,7.2644,7.268
CRAMP1,8.9198,8.8357,8.7859,9.0789,8.9062,9.0748
CRAT,10.1982,10.0578,10.2674,9.9363,9.9957,9.9918
CRB1,2.3925,3.3989,2.7255,3.2195,3.7525,3.2797
CRBN,8.1315,8.1904,8.1614,8.475,8.578,8.4307
CRCP,9.5474,9.6052,9.5062,9.1481,9.1734,9.1283
CREB1,9.3568,9.2622,9.2413,9.1828,9.2269,9.1199
CREB3L1,12.3914,12.3244,12.3758,12.396,12.4413,12.2763
CREB3L2,12.0007,12.0596,12.0011,11.7168,11.6813,11.6866
CREB3L4,5.6874,5.2415,5.8145,5.2484,5.2525,5.6815
CREBBP,10.7494,10.7051,10.6912,10.4508,10.5031,10.3655
CREBL2,9.6475,9.6704,9.5721,9.7863,9.8669,9.8175
CREBRF,7.848,7.6626,7.9489,9.3282,9.135,9.2279
CREBZF,8.9383,8.6166,8.6517,8.9882,9.0704,9.18
CREG1,7.8243,7.7235,7.4565,8.5258,8.3829,8.5167
CREG2,2.9547,3.0644,3.0629,4.464,4.4599,4.4561
CRELD1,8.2067,8.031,8.1961,8.8151,8.641,8.7258
CRELD2,9.4397,9.3756,9.4552,9.8408,9.6912,9.7697
CREM,8.231,8.1904,8.1437,8.4707,8.5418,8.471
CRH,3.1705,3.3989,2.904,4.7753,4.9766,4.9883
CRHBP,3.3581,2.8627,3.206,3.2195,3.276,3.8686
CRIM1,13.6304,13.6333,13.6975,11.5365,11.7393,11.4866
CRIP2,9.6698,9.6092,9.715,10.0549,9.9917,10.0192
CRIPT,7.9243,7.7383,7.5127,7.9569,8.0735,7.8958
CRISPLD1,5.0343,5.0168,5.1443,5.0312,4.8401,4.3447
CRISPLD2,9.4109,9.3968,9.4317,9.5914,9.6458,9.5981
CRK,11.0628,11.135,11.069,11.3316,11.243,11.3303
CRKL,10.2961,10.189,10.1462,9.5734,9.3261,9.4154
CRLF1,7.7169,7.8987,7.8158,9.1208,8.7435,9.3302
CRLF3,7.9093,7.7747,7.8214,8.0697,8.0375,8.2218
CRLS1,9.1049,9.2311,9.1884,9.1669,9.2652,9.1637
CRMP1,9.0205,8.8698,8.9269,9.0502,9.108,8.9494
CRNKL1,9.1309,8.8898,8.9372,9.469,9.4505,9.4102
CROCC,8.0108,8.1577,8.2874,8.5869,8.6064,8.628
CROT,8.996,8.9031,8.8608,8.6833,8.7562,8.5103
CRPPA,5.8211,5.6072,5.8145,5.8893,6.0147,5.9526
CRTAP,11.5804,11.5516,11.5316,11.8264,11.79,11.8091
CRTC1,8.0247,7.8653,8.0425,8.4793,8.4665,8.7062
CRTC2,8.8235,8.9547,9.0048,9.3659,9.3947,9.4495
CRTC3,9.3234,9.3027,9.3043,8.8817,8.8976,8.9986
CRX,3.808,2.8627,3.206,3.6442,3.4107,3.2797
CRY1,8.5999,8.6601,8.6796,8.1901,8.1951,8.2257
CRY2,8.7289,8.6365,8.8169,8.6067,8.4742,8.5038
CRYAA2,4.659,3.3989,4.9547,4.1552,2,4.8725
CRYAB,7.0937,7.088,7.368,6.0367,5.7861,5.914
CRYBG1,8.1507,8.2485,8.2047,5.5397,6.0768,5.6815
CRYBG3,9.4397,9.3565,9.326,9.3235,9.4069,9.218
CRYL1,7.0122,6.7795,6.9366,7.016,6.9694,6.9344
CRYZ,9.3814,9.5432,9.4207,8.9265,8.9372,8.9518
CRYZL1,8.0038,7.9882,7.8543,7.701,7.8005,7.772
CS,11.7239,11.6441,11.7061,11.5026,11.4744,11.4705
CSAD,7.067,7.0409,6.7966,6.7428,7.2192,6.8654
CSDC2,8.6769,8.5255,8.5003,7.6253,7.8897,7.4607
CSDE1,13.6022,13.6173,13.6326,13.5657,13.5719,13.5578
CSF1,9.9797,9.9183,9.9287,9.7967,9.7669,9.6836
CSF1R,3.6731,3.8985,3.938,3.6442,3.4107,3.3961
CSF2RA,3.9314,4.6908,4.2336,3.6442,4.5791,4.0921
CSF3,2,2,2,3.6442,3.5338,4.0214
CSGALNACT1,8.157,8.0783,8.0614,9.6189,9.6895,9.7616
CSGALNACT2,9.9306,9.8602,9.7519,11.5782,11.4633,11.7302
CSHL1,4.5858,2,2,2,5.0194,2
CSK,9.8682,9.8311,9.8437,10.4153,10.2323,10.3376
CSKMT,5.7558,5.789,5.649,5.9149,5.8106,5.8337
CSMD1,3.5242,3.7889,3.206,2.34,2.9618,2.8607
CSMD2,5.8835,5.399,5.5452,5.5723,5.7861,5.227
CSNK1A1,12.49,12.5349,12.5563,12.0652,12.2135,12.0934
CSNK1D,11.3412,11.3714,11.3547,11.23,11.2659,11.2363
CSNK1E,11.2209,11.2995,11.3566,12.2784,12.2558,12.3866
CSNK1G1,9.5807,9.6781,9.6894,8.634,8.6342,8.5454
CSNK1G2,10.1354,10.1494,10.1473,10.8115,10.7706,10.8044
CSNK1G3,9.6743,9.6915,9.5918,9.8591,9.9741,9.9073
CSNK2A1,11.1957,11.2239,11.1874,11.18,11.2023,11.174
CSNK2A2,10.0009,10.1618,9.8961,9.6072,9.7158,9.7007
CSNK2A3,2.7008,3.7889,3.8536,4.3179,3.8505,2
CSNK2B,2.7008,2.8627,2.904,3.2195,4.0287,3.0143
CSPG4,12.179,12.149,12.3203,10.5896,10.4917,10.4529
CSPP1,8.0857,7.982,7.9024,8.8253,8.9866,8.8278
CSRNP1,8.7331,8.8965,8.9449,9.1125,9.4249,9.182
CSRNP2,9.6339,9.5621,9.6063,9.8508,9.8463,9.8459
CSRP1,13.205,13.2865,13.3019,10.8643,11.1163,10.8644
CSRP2,9.5425,9.595,9.4975,9.6033,9.6912,9.7384
CST3,10.8748,10.8832,10.899,11.1793,11.1683,11.2182
CSTB,10.3959,10.3448,10.3792,10.3357,10.2671,10.2866
CSTF1,8.9309,9.0077,9.0315,8.7737,8.7813,8.7202
CSTF2,8.2128,8.2943,8.2631,7.8874,7.9845,8.0941
CSTF2T,8.9123,8.9484,8.9576,8.9912,9.0027,8.8711
CSTF3,9.3922,9.2699,9.3416,9.3163,9.4328,9.3858
CTAG2,8.4272,8.4146,8.4181,8.3253,8.3244,8.2948
CTBP2,10.4511,10.4041,10.468,10.1524,10.1838,10.0847
CTBS,8.4532,8.5551,8.4218,8.6494,8.812,8.7857
CTC1,6.9257,6.9923,7.0548,6.2532,6.1363,6.4734
CTCF,9.4423,9.4291,9.5285,9.2448,9.1711,9.1554
CTDNEP1,10.6563,10.6493,10.7346,10.5736,10.4745,10.5659
CTDP1,8.7542,8.9031,8.9449,9.2346,9.1946,9.3465
CTDSP1,9.9992,9.8987,9.9158,8.363,8.3498,8.4169
CTDSP2,11.5178,11.4669,11.5256,11.7727,11.8393,11.7833
CTDSPL,9.4933,9.496,9.4226,9.4669,9.5192,9.4877
CTDSPL2,8.8394,8.9291,8.7249,8.2005,8.3244,8.3464
CTF1,6.5166,6.7938,6.6789,5.9892,6.4652,5.9714
CTH,6.6484,6.2064,6.3801,6.0367,6.1747,6.0266
CTHRC1,11.4797,11.4691,11.3818,11.0237,11.2885,11.0045
CTIF,10.8525,10.9316,10.9069,9.6949,9.9002,9.6893
CTNNA1,13.012,13.0286,13.0847,13.1303,13.1649,13.1365
CTNNA2,2.3925,2.8627,3.5658,3.0447,2.7747,3.6977
CTNNAL1,10.7733,10.8184,10.779,8.6721,8.9119,8.5858
CTNNB1,12.5112,12.5121,12.5003,11.5073,11.5706,11.498
CTNNBIP1,8.7708,8.9096,8.8956,8.5709,8.6682,8.598
CTNNBL1,9.1659,9.3052,9.2883,8.7876,8.889,8.9059
CTNND1,12.3981,12.3596,12.3755,12.3731,12.4337,12.3372
CTNS,7.9967,7.8517,7.9841,8.7346,8.6948,8.7804
CTPS1,10.2686,10.2639,10.3047,10.0707,10.1672,10.1441
CTPS2,8.4736,8.5923,8.5581,7.8346,8.0986,8.0941
CTR9,10.508,10.5073,10.5237,10.5172,10.4658,10.4853
CTSA,11.8732,11.8449,11.8496,12.7275,12.5851,12.6818
CTSC,12.0212,12.0306,12.006,12.8708,12.9555,12.8906
CTSD,12.3031,12.1941,12.2887,12.8697,12.725,12.8529
CTSF,8.1443,8.1185,8.1789,8.8421,8.7562,8.856
CTSH,5.4603,5.7009,5.6238,6.0131,5.6012,6.0446
CTSK,7.1583,7.1777,7.3604,7.8612,7.8897,7.9775
CTSL,10.5579,10.5062,10.6075,10.9404,10.8587,10.8738
CTSO,6.4766,6.706,6.5099,6.8531,7.1244,6.9817
CTSS,4.7952,4.6285,5.2472,6.149,5.6291,6.2441
CTSV,3.6731,4.3484,3.206,2.6149,2.7747,2.4936
CTSZ,10.1687,10.0578,10.0593,10.0006,9.9285,9.9292
CTTN,12.8833,12.8645,12.9282,12.6464,12.7101,12.6236
CTTNBP2,7.7508,7.8242,7.7177,8.2517,8.0479,8.1365
CTTNBP2NL,10.4817,10.4789,10.5057,9.5033,9.4209,9.2742
CTU1,6.1353,6.1849,6.5099,6.5599,6.418,6.5879
CTU2,8.7118,8.7831,8.7859,8.5465,8.3829,8.5103
CTXN1,8.5137,8.4555,8.4472,8.6683,8.6099,8.8711
CUBN,4.659,4.3484,4.9547,4.1552,3.7525,4.0921
CUEDC1,9.7092,9.6292,9.6787,8.8151,9.1326,8.9917
CUEDC2,9.4214,9.3685,9.2741,9.6287,9.6509,9.6415
CUL1,10.4421,10.3948,10.3933,10.1307,10.2221,10.1638
CUL2,9.9832,10.0899,9.9593,9.2037,9.3598,9.2913
CUL3,10.612,10.6136,10.6314,10.5014,10.5855,10.5997
CUL4A,11.1011,11.08,11.1031,10.9804,11.0214,11.0446
CUL4B,10.8427,10.757,10.7953,10.7514,10.8468,10.8058
CUL5,9.8988,9.8172,9.724,9.795,9.7125,9.7938
CUL7,10.4199,10.3412,10.3745,10.931,10.8259,10.9171
CUL9,8.1633,8.0489,7.9989,9.2548,9.0106,9.1093
CUTA,10.8199,10.8053,10.8344,10.8183,10.8762,10.8247
CUTC,6.8651,6.7651,6.895,6.8263,6.8441,6.9052
CUX1,10.7218,10.7696,10.7588,11.2178,11.1395,11.0711
CWC15,9.1877,9.2493,9.2983,9.1318,9.2085,9.2121
CWC22,8.5235,8.6126,8.5107,8.5909,8.5491,8.5642
CWC25,7.5048,7.3323,7.593,7.5123,7.679,7.4872
CWC27,8.942,8.8044,8.8689,8.8587,8.8832,8.9327
CWF19L1,7.8401,7.9695,7.9129,7.8546,7.8248,7.6889
CWF19L2,7.4746,7.2519,7.5058,7.2149,7.4479,7.4132
CX3CL1,5.1907,4.9161,5.3432,5.0312,4.4599,4.6561
CXADR,6.1608,6.141,6.254,7.5123,7.0847,7.4269
CXCL1,2.9547,2,3.6682,7.5207,7.0542,7.8709
CXCL12,8.1379,8.2223,8.3809,7.3146,7.4001,7.4337
CXCL16,4.427,4.2689,4.6387,3.7619,3.8505,4.2239
CXCL2,2.3925,2.6282,2.5217,4.5318,3.9423,4.8725
CXCL3,3.1705,2,2.2843,6.2329,5.7861,6.3344
CXCL5,3.808,2.8627,3.938,5.725,5.1013,6.0266
CXCL6,2.3925,2.6282,2.5217,5.0773,4.9766,5.3183
CXCL8,6.1353,6.5126,6.1158,9.9331,9.3303,10.1586
CXCR5,4.9197,4.2689,7.6753,5.6041,7.5824,5.3761
CXorf38,7.9243,8.1354,7.9891,7.3049,7.392,7.5701
CXXC1,9.2423,9.1777,9.2454,8.9942,8.8241,8.9893
CYB561,6.9405,6.9291,7.1285,7.7517,7.6315,7.8455
CYB561A3,9.7704,9.6451,9.703,10.1239,10.0064,10.0113
CYB561D1,8.2489,8.6005,8.3734,8.6608,8.6614,8.598
CYB561D2,7.6734,7.8032,7.8759,8.0233,7.7943,7.8506
CYB5A,8.4114,8.3339,8.2834,7.6253,7.7943,7.5067
CYB5B,10.1889,10.3018,10.2541,10.5077,10.3904,10.5667
CYB5D1,8.4685,8.3142,8.3232,8.8521,8.478,8.856
CYB5R1,9.6853,9.6646,9.6445,9.9549,9.8742,9.8292
CYB5R2,6.0009,6.141,5.4903,5.4372,5.3562,5.4042
CYB5R3,12.6443,12.6335,12.6796,12.6778,12.6848,12.629
CYB5R4,8.5333,8.4953,8.331,8.1795,8.181,8.1449
CYB5RL,6.5746,6.5467,6.3025,5.9149,5.8585,6.0623
CYBA,10.034,9.8754,9.9092,10.3069,10.1896,10.3348
CYBC1,9.4082,9.3101,9.3589,9.7724,9.8388,9.8813
CYBRD1,11.3537,11.302,11.3123,11.2029,11.2458,11.1201
CYC1,10.612,10.5394,10.5616,10.2689,10.2859,10.3547
CYCS,11.1677,11.3206,11.2939,10.7433,10.7916,10.7576
CYFIP1,11.7773,11.7675,11.8256,11.2906,11.3118,11.2221
CYFIP2,8.157,7.9882,8.2089,8.7055,8.6849,8.6131
CYGB,6.7691,6.9547,7.0165,9.0473,8.9731,9.0416
CYHR1,9.1469,9.0469,9.1469,9.6228,9.5117,9.5905
CYLD,10.1592,10.1563,10.0862,9.9487,10.0262,10.0429
CYP11A1,2.3925,3.0644,3.0629,2.8457,3.7525,3.2797
CYP1A1,2,2,2,3.0447,2.9618,3.7856
CYP1A2,3.808,3.2413,3.7639,3.2195,2.9618,3.6977
CYP1B1,6.8805,6.4953,6.7623,7.848,7.6856,7.9728
CYP20A1,8.7913,8.7759,8.8141,9.2089,8.9785,9.0856
CYP26B1,2.3925,2.348,2.5217,4.5967,4.2603,4.4015
CYP27A1,6.1608,6.2276,6.0414,7.3337,7.1535,7.4132
CYP27B1,4.0451,3.3989,3.938,3.5161,4.1101,3.2797
CYP27C1,3.1705,2,3.5658,3.8708,3.5338,3.604
CYP2E1,3.1705,4.2689,4.1652,4.3179,4.7915,4.5088
CYP2S1,7.5245,7.342,7.5667,9.726,9.1946,9.7329
CYP2U1,8.7416,8.7285,8.6826,7.2251,7.1821,7.1895
CYP3A43,3.1705,2,3.938,3.7619,3.276,2.4936
CYP3A5,5.0883,5.8172,5.4903,6.0599,5.7861,5.914
CYP46A1,5.2863,5.6704,5.0714,4.9835,5.2161,5.5369
CYP4V2,7.2794,6.9799,7.2898,7.5939,7.5752,7.8249
CYP51A1,10.0323,10.0415,10.0416,10.2972,10.1517,10.2979
CYP8B1,3.808,3.2413,2.904,2.6149,3.276,2.8607
CYREN,8.6092,8.5923,8.6423,8.6494,8.4509,8.4031
CYRIA,7.1583,7.2206,7.2978,6.5103,6.9585,6.4194
CYRIB,9.0378,9.2673,9.1424,8.9791,9.0805,9.0704
CYS1,4.659,4.4237,4.6387,3.972,4.33,3.6977
CYSLTR1,6.1094,6.6444,6.2037,6.4414,6.8321,6.4734
CYSRT1,3.3581,4.0004,3.4556,4.1552,4.7413,4.2239
CYSTM1,7.5632,7.7383,7.8489,8.4836,8.1086,8.5167
CYTH1,7.9243,7.7235,8.0038,8.7454,8.8059,8.9636
CYTH2,9.9562,9.9648,9.9079,11.2087,11.1138,11.2187
CYTH3,9.5353,9.4763,9.4992,9.2748,9.4069,9.3681
CYTH4,4.9197,5.2825,5.1083,5.2882,5.9499,5.8337
CYTL1,5.9724,6.0249,6.1516,3.7619,4.0287,3.604
CYYR1,5.1404,6.1849,5.3739,5.6041,5.4531,5.611
CZIB,8.2189,8.4053,8.1918,7.8678,7.9899,7.9008
D2HGDH,8.1883,7.838,7.9387,7.7729,7.7054,7.7003
DAAM1,7.7921,7.7603,7.9024,8.1366,8.1331,8.2178
DAAM2,9.4188,9.4084,9.3741,8.8083,9.0421,8.7857
DAB1,6.2345,6.1631,6.2206,6.7852,7.1342,6.7166
DAB2,12.3194,12.3201,12.3274,11.67,11.7126,11.6268
DAB2IP,10.1013,10.1741,10.1715,9.9253,9.9673,10.0451
DACH1,4.5858,4.2689,4.4788,8.8882,8.7307,8.8886
DACH2,5.9138,6.0957,6.0414,6.3123,6.3187,6.0971
DACT1,7.6376,7.647,7.6188,9.5117,9.3132,9.5721
DACT3,8.284,8.1686,8.3114,8.6067,8.7625,8.7369
DAD1,10.8109,10.8715,10.8426,11.0529,10.9375,11.0062
DAGLA,7.3138,7.3897,7.5601,6.5761,6.3856,6.5879
DAGLB,9.0378,9.0439,9.0553,9.4516,9.3046,9.4728
DALRD3,8.1251,8.0067,8.1032,7.9753,7.8308,7.9396
DAO,4.5086,4.9161,4.4213,5.9401,4.6892,6.1968
DAP,12.6728,12.6878,12.765,12.9784,13.0033,12.9978
DAP3,10.5314,10.5852,10.5246,10.4354,10.4137,10.3466
DAPK2,4.5086,4.863,4.4213,4.9342,5.2879,5.0954
DAPK3,11.0879,11.0771,11.1459,10.8765,10.976,10.9388
DARS1,9.7199,9.812,9.6833,9.5387,9.4872,9.3928
DARS2,9.1016,9.1138,9.1132,8.3109,8.4113,8.2645
DAW1,4.1505,4.2689,4.4788,3.972,3.4107,2.4936
DAXX,8.0316,8.7938,7.8269,7.0395,8.1331,7.9539
DAZ2,2,2,2,2,2,4.5596
DAZAP1,10.7441,10.7669,10.7617,10.754,10.7659,10.7785
DAZAP2,10.7567,10.792,10.8108,11.755,11.7191,11.7661
DBF4,8.0453,8.1521,8.2216,6.9678,7.0644,7.0543
DBF4B,7.3911,7.6858,7.4203,5.9149,5.9049,5.8542
DBI,10.1402,10.1508,10.1034,10.0664,9.9563,9.8875
DBN1,12.8411,12.8241,12.8755,12.8559,12.8855,12.8981
DBNDD1,8.8628,8.8865,8.9901,8.2914,8.1716,8.306
DBNDD2,6.3496,6.2276,6.3495,5.9892,5.3562,5.0249
DBNL,10.9524,10.9356,11.0725,9.941,9.8742,9.8433
DBP,5.54,5.4718,5.9221,5.8632,6.2304,5.914
DBR1,7.5727,7.6312,7.3831,7.5537,7.5092,7.3351
DBT,8.5812,8.4822,8.4933,9.2295,9.1615,9.1575
DCAF1,9.263,9.194,9.1087,9.2397,9.2246,9.3155
DCAF10,9.5353,9.5889,9.5045,9.4625,9.6994,9.7657
DCAF11,9.1939,9.2153,9.197,9.4049,9.4446,9.377
DCAF12,9.1147,9.0439,8.9295,9.1562,9.1447,9.1941
DCAF13,10.068,10.2729,10.1125,9.7741,9.989,9.9146
DCAF15,8.2956,8.2843,8.3619,7.0853,7.023,7.1486
DCAF16,8.6046,8.7973,8.7039,8.3157,8.4193,8.461
DCAF17,8.1945,8.3093,8.2672,7.6176,7.5752,7.7774
DCAF4,7.7508,7.789,7.8434,7.0626,7.1631,7.1895
DCAF4L1,2,2.6282,2.2843,3.0447,2.9618,3.8686
DCAF5,9.6362,9.7711,9.7329,9.4516,9.4249,9.4579
DCAF6,10.8748,10.9348,10.8268,10.4897,10.5899,10.5162
DCAF7,11.5464,11.522,11.5484,12.1912,12.0772,12.2145
DCAF8,10.4,10.442,10.3497,10.6025,10.6718,10.6386
DCAKD,8.4685,8.4329,8.4034,8.363,8.3581,8.2683
DCBLD1,10.5362,10.504,10.5491,12.201,11.984,12.2615
DCBLD2,14.272,14.2913,14.3111,14.1896,14.206,14.1777
DCHS1,9.5878,9.647,9.6508,9.3775,9.5723,9.6707
DCK,8.3013,8.4374,8.4933,8.4268,8.4392,8.5548
DCLK2,8.2067,8.1686,8.3349,6.5599,6.8201,6.5879
DCLRE1A,7.0804,6.863,7.0453,6.1272,6.1363,6.0266
DCLRE1B,7.2441,7.6704,7.5534,6.4763,6.7328,6.7388
DCLRE1C,7.1068,6.9799,7.0736,6.9431,7.1535,7.2982
DCN,13.1419,13.2283,13.1853,13.2051,13.376,13.3226
DCP1A,8.6725,8.3772,8.636,9.7278,9.7222,9.8057
DCP1B,7.9093,8.0249,7.9591,7.9995,7.8428,7.8659
DCP2,8.4428,8.329,8.3427,10.4801,10.4513,10.5146
DCPS,7.7254,7.3897,7.6504,6.98,7.1342,6.9344
DCSTAMP,2.9547,2.348,2.7255,3.6442,2.7747,3.6977
DCTD,10.7079,10.5852,10.6995,10.5307,10.6232,10.5138
DCTN1,12.771,12.7203,12.7634,12.1671,12.173,12.133
DCTN2,11.115,11.1973,11.2325,10.6774,10.7033,10.6591
DCTN3,9.618,9.649,9.6192,9.2822,9.3367,9.2987
DCTN4,10.62,10.6096,10.6075,11.1206,11.0565,11.0874
DCTN5,11.3985,11.4585,11.3676,11.5329,11.5629,11.4099
DCTN6,8.5812,8.7359,8.5681,8.9515,8.9456,8.966
DCTPP1,8.4583,8.5882,8.636,7.932,7.9952,8.0503
DCUN1D1,9.2364,9.2571,9.3102,9.4494,9.4583,9.6147
DCUN1D2,7.6376,7.454,7.2157,7.2149,7.2644,7.1814
DCUN1D3,8.7666,8.7938,8.7278,9.1263,9.1031,9.1554
DCUN1D4,9.5107,9.5432,9.5819,9.5874,9.6441,9.5844
DCUN1D5,9.4933,9.3517,9.3929,8.973,8.9034,8.9518
DCXR,8.3463,8.329,8.4436,8.1366,8.2986,8.2059
DDA1,10.1144,9.9866,10.0711,10.3081,10.2094,10.2629
DDAH1,12.0526,12.1228,12.1329,10.7787,11.0738,10.6635
DDAH2,4.659,3.5409,4.0934,4.2388,4.33,4.4561
DDB2,8.5765,8.6985,8.6704,8.9296,8.992,8.799
DDC,3.1705,3.3989,3.206,3.2195,3.1274,4.0921
DDHD2,9.4552,9.5411,9.4317,9.7004,9.7902,9.6591
DDI2,9.0851,9.2127,9.088,10.0258,10.0637,10.1147
DDIAS,7.1709,7.1336,7.4989,5.5723,5.4839,5.0249
DDIT3,8.0589,7.5579,7.3981,7.7374,7.7184,7.8608
DDIT4,9.4056,7.8517,7.9233,8.2467,7.8839,8.0234
DDIT4L,6.7691,7.0529,7.0357,7.4954,7.782,7.5946
DDN,3.1705,2.8627,3.206,3.2195,2.9618,3.6977
DDOST,12.3155,12.2498,12.2799,12.4668,12.4455,12.4806
DDR1,9.2031,8.8998,8.9269,10.3545,10.3119,10.3493
DDR2,12.7982,12.6601,12.6327,11.826,11.9864,11.7478
DDRGK1,8.8667,8.8529,8.885,9.4755,9.3111,9.5217
DDT,7.9317,8.0489,7.9489,8.1474,8.2228,8.1655
DDTL,4.2487,3.8985,3.7639,4.3928,3.7525,4.4561
DDX1,11.1109,11.1181,11.1826,10.8174,10.8542,10.7664
DDX10,8.8511,8.9227,8.877,10.6868,10.5774,10.6787
DDX11,7.4542,7.6391,7.6691,5.8366,5.7611,5.7267
DDX17,12.3533,12.2598,12.295,12.5776,12.5977,12.6043
DDX18,10.2435,10.3901,10.3116,10.2001,10.374,10.1627
DDX19A,10.1592,10.0504,10.1726,10.0477,10.1164,10.0749
DDX19B,8.7118,8.6045,8.5037,7.9935,8.4273,8.4238
DDX20,8.4988,8.517,8.3153,8.6067,8.641,8.6101
DDX21,11.6915,11.7908,11.7912,11.5084,11.4657,11.4688
DDX23,10.8299,10.7088,10.831,10.6045,10.5021,10.4918
DDX24,7.3363,6.5298,6.5903,7.5039,6.9803,7.0002
DDX27,9.672,9.7747,9.7636,9.7494,9.6458,9.6922
DDX28,6.8805,6.8494,7.1104,6.8923,6.8441,7.0632
DDX31,8.1055,8.0005,8.0038,7.9692,8.0165,7.9914
DDX39A,9.4883,9.5474,9.657,8.4223,8.3992,8.5919
DDX39B,9.6134,9.6352,9.4605,10.2463,9.8698,9.737
DDX41,9.8171,9.8346,9.8627,9.8998,9.7669,9.8912
DDX42,10.9795,10.9539,10.9476,11.0215,11.0469,10.975
DDX43,3.6731,3.0644,3.0629,3.7619,4.33,3.3961
DDX46,10.4133,10.5309,10.4874,9.9174,9.9903,9.9304
DDX47,9.9026,9.8363,9.9106,9.7967,9.9059,9.7521
DDX49,9.5618,9.595,9.5966,9.6013,9.4986,9.4679
DDX5,12.8482,12.9026,12.9823,13.1759,13.2718,13.2855
DDX50,9.5377,9.5432,9.4888,9.2822,9.3907,9.1451
DDX51,8.6681,8.7173,8.8823,8.4268,8.6064,8.5827
DDX52,8.855,8.7973,8.7973,9.1097,8.854,9.1283
DDX54,10.0409,10.0798,10.1606,9.5511,9.4189,9.4629
DDX56,9.7889,9.7346,9.7837,8.8354,8.8976,8.8432
DDX58,8.448,8.6985,8.6169,9.3566,9.2473,9.4712
DDX6,11.7228,11.7498,11.6703,11.5329,11.5942,11.5266
DDX60,7.0261,6.9291,6.7853,7.7658,7.8546,7.9057
DDX60L,7.9243,7.8585,7.8046,7.8006,8.0006,7.8958
DEAF1,8.5235,8.6444,8.7859,8.9669,9.0159,9.0191
DECR1,9.5901,9.6991,9.6224,9.9014,9.8537,10.0226
DECR2,9.1341,9.1966,9.2943,9.68,9.706,9.767
DEDD,9.0884,8.8832,9.1132,8.6945,8.5344,8.6458
DEDD2,8.3574,8.1904,8.2713,8.9912,8.8976,8.98
DEF6,4.7287,4.4237,4.5341,3.6442,3.6473,3.1531
DEF8,9.912,10.0067,9.9197,9.735,9.6355,9.5627
DEGS1,11.2729,11.3577,11.3079,11.1593,11.1395,11.1918
DEK,11.0218,11.1103,10.984,9.4777,9.5651,9.569
DELE1,9.1244,9.275,9.2842,9.3139,9.1567,9.2474
DELEC1,3.1705,3.5409,3.5658,3.972,3.7525,3.5038
DENND10,9.8171,9.6953,9.7269,10.2079,10.2749,10.2904
DENND11,6.5746,6.721,6.5372,6.1272,6.5981,6.29
DENND1A,8.5284,8.3388,8.5141,8.2963,8.1716,8.3891
DENND1B,8.0657,8.0899,7.9791,6.5436,7.0124,6.7166
DENND2A,8.5574,8.6985,8.4651,8.5217,8.5344,8.598
DENND2B,10.1029,10.0234,10.0652,10.4276,10.4513,10.5105
DENND2C,6.0288,5.8449,5.9427,5.1654,5.1013,5.0954
DENND2D,3.9314,4.0956,3.4556,3.5161,2.5596,2.4936
DENND3,9.8855,9.9897,9.9694,9.4927,9.6492,9.5549
DENND4A,8.9995,8.8357,8.8635,9.0675,9.0881,8.987
DENND4B,9.2061,9.2724,9.1645,9.0502,9.0729,9.0349
DENND5A,11.1895,11.2007,11.2278,10.7856,10.8799,10.7866
DENND5B,8.1121,7.9632,8.1258,7.7658,7.8723,7.5885
DENND6A,7.6285,7.8787,7.7531,8.5749,8.7593,8.6892
DENND6B,5.7558,5.6704,5.6739,6.3875,6.4339,6.4466
DENR,10.743,10.84,10.7078,10.769,10.7058,10.7799
DEPDC1,9.3513,9.342,9.4004,6.4589,6.7328,6.6361
DEPDC1B,6.6303,6.4953,6.6789,4.1552,4.5791,4.9121
DEPDC4,3.1705,4.2689,4.0178,3.2195,2.9618,3.2797
DEPDC5,7.4542,7.3027,7.5667,7.3619,7.4242,7.2055
DEPDC7,6.4766,6.4053,6.2206,6.0131,6.0969,6.1806
DEPTOR,4.3406,4.2689,4.1652,4.9835,5.1013,4.7021
DERA,8.6276,8.7432,8.6548,8.1201,8.3747,8.2059
DERL1,10.2817,10.318,10.251,10.2788,10.1493,10.1274
DERL2,9.3458,9.3323,9.3948,9.6383,9.574,9.5751
DERPC,10.4893,10.5666,10.6472,10.6015,10.4841,10.5783
DES,3.6731,4.0956,3.3362,3.0447,3.1274,2.2678
DESI1,10.3161,10.4329,10.4165,10.4108,10.373,10.3911
DESI2,10.3703,10.4076,10.3877,9.7932,9.8916,9.8937
DET1,7.0261,6.721,6.7032,6.6079,6.5109,6.6242
DEXI,9.4135,9.3101,9.4765,9.6013,9.6147,9.6532
DFFA,10.1577,10.17,10.1856,10.039,9.8566,10.001
DFFB,7.0398,6.9161,6.8412,6.5761,6.5981,6.5632
DGAT1,8.2666,8.329,8.2955,8.8521,8.7875,8.8509
DGAT2,5.1404,5.1993,5.7691,5.9649,5.1789,5.3475
DGCR2,10.5934,10.5083,10.637,10.9543,10.9178,10.9213
DGCR6,5.2863,5.4359,5.0336,6.0131,5.3225,5.7043
DGCR6L,9.3705,9.4785,9.5819,9.4905,9.5359,9.3484
DGCR8,9.4423,9.4895,9.4317,9.482,9.4602,9.5169
DGKA,9.6157,9.5305,9.5638,8.917,8.9676,8.8226
DGKD,7.5727,7.5495,7.5601,7.7729,7.7695,7.8197
DGKE,6.7356,7.0168,6.7507,7.3049,7.2821,7.6425
DGKG,5.54,5.399,5.2799,3.5161,4.3964,4.4015
DGKH,8.099,8.2943,8.1482,8.5988,8.6648,8.7723
DGKI,8.8235,8.6286,8.6423,11.249,11.1866,11.2436
DGKZ,10.3986,10.3948,10.5541,10.3835,10.3761,10.4172
DGLUCY,6.7691,7.0409,6.895,7.7156,7.2733,7.4132
DGUOK,9.4029,9.2826,9.1841,9.3187,9.3556,9.4325
DHCR24,11.9541,11.9421,11.9817,11.0141,10.9256,10.9478
DHCR7,10.1225,10.1214,10.1193,10.896,10.6984,10.9424
DHDDS,9.7348,9.8397,9.765,9.0589,9.1591,9.0146
DHFR,9.3976,9.5004,9.4694,8.1035,8.0633,8.0098
DHFR2,6.7014,7.0168,6.9159,7.6097,7.3838,7.5701
DHODH,6.2817,6.2484,6.2206,5.4014,5.6565,5.3183
DHPS,8.8897,9.029,9.0435,9.3798,9.1734,9.2279
DHRS1,7.7592,7.8311,7.954,7.4078,7.4001,7.2526
DHRS11,8.3846,8.46,8.6008,8.081,8.5307,8.3097
DHRS12,5.0343,4.1849,5.0336,3.8708,4.6352,4.1595
DHRS13,5.2393,5.1993,5.4621,5.2075,4.7915,5.4853
DHRS2,3.6731,2.348,3.3362,3.7619,3.7525,3.604
DHRS3,7.1833,7.0764,6.987,8.53,8.4857,8.5295
DHRS4,8.7289,8.6832,8.6169,8.4707,8.56,8.4577
DHRS7,9.7092,9.6588,9.703,10.8012,10.6967,10.8044
DHRS7B,7.7083,7.7457,7.7819,7.5207,7.3507,7.2756
DHRSX,8.5333,8.7285,8.6455,9.3018,9.3968,9.2931
DHTKD1,8.7031,8.7831,8.7774,8.5217,8.6849,8.604
DHX15,11.4151,11.4405,11.4735,11.0666,11.1443,11.1499
DHX16,7.1456,7.1668,7.2072,7.3526,7.2465,7.3496
DHX29,10.5399,10.5811,10.5699,10.7217,10.7612,10.8447
DHX30,10.3427,10.3509,10.5091,10.6414,10.6439,10.6944
DHX32,8.7666,8.8219,8.9901,9.8001,9.7222,9.8999
DHX33,9.5279,9.6953,9.5165,9.5138,9.6644,9.491
DHX34,8.8511,8.6085,8.7659,8.6379,8.5196,8.6428
DHX35,7.3911,7.2926,7.3216,6.7852,7.2996,7.2293
DHX36,9.6565,9.7801,9.671,10.2349,10.3386,10.2724
DHX37,9.2512,9.2206,9.3646,9.2089,9.0704,9.1698
DHX38,10.3427,10.3461,10.3821,10.2689,10.2627,10.3211
DHX40,9.4578,9.4763,9.4569,9.5075,9.4446,9.4795
DHX57,9.3263,9.1696,9.3161,8.306,8.4352,8.3926
DHX8,9.9725,10.0355,10.064,9.9046,9.8418,9.8083
DHX9,11.7921,11.7489,11.8071,11.4952,11.5452,11.5338
DIABLO,9.3064,9.4585,9.4189,9.0958,9.2563,9.0009
DIAPH1,11.14,11.2609,11.2299,10.7089,10.7172,10.6808
DIAPH2,9.1405,9.128,9.0926,8.8554,8.7467,8.8661
DIAPH3,9.4629,9.5745,9.5555,6.9431,7.1342,7.0632
DICER1,10.8239,10.7849,10.6851,10.5172,10.611,10.5542
DIDO1,10.299,10.3105,10.2603,10.5088,10.3585,10.4335
DIMT1,8.9854,9.21,9.2098,8.7876,8.8211,8.8661
DIO2,9.3121,9.1777,9.1513,11.6314,11.7787,11.7114
DIP2A,9.3178,9.4741,9.4317,9.2573,9.3111,9.3465
DIP2C,10.3524,10.4238,10.4174,10.7585,10.7651,10.7274
DIP2C-AS1,5.2393,5.2415,4.6883,3.5161,4.2603,4.2239
DIPK1A,11.0034,11.1461,10.8515,11.1233,11.2316,10.943
DIPK1B,5.4603,5.4718,5.5452,5.4372,5.5728,5.3475
DIPK2A,8.1821,8.2276,8.2258,8.7737,8.6981,8.9589
DIRAS1,8.4008,8.6085,8.5581,7.8612,7.6176,7.7558
DIRAS3,6.3716,6.706,6.7152,5.8095,6.1747,5.9334
DIRC3,5.1907,5.1109,5.4903,6.2124,5.8585,6.1806
DIS3,10.2301,10.2368,10.2613,10.5328,10.5594,10.569
DIS3L,7.2079,7.5241,7.4276,7.1078,7.0847,6.8348
DIS3L2,8.3352,8.3677,8.4472,8.306,8.2182,8.2059
DISC1,7.2794,7.1558,7.164,6.7428,6.7199,6.7278
DISP1,7.1068,7.0764,7.2325,7.2854,7.3591,7.3853
DISP2,6.8495,6.9161,6.9671,7.1623,7.1244,7.1065
DISP3,7.6909,8.2171,8.0708,7.5939,7.9462,8.0234
DIXDC1,8.8782,9.038,8.8581,7.2656,7.4479,7.6128
DKC1,10.1951,10.2091,10.25,9.5934,9.6441,9.5828
DKK1,9.9617,10.11,10.1395,9.5754,9.5794,9.5313
DKK2,4.1505,4.6285,3.8536,2.34,2.3068,2
DKK3,14.1465,14.1326,14.1956,14.4539,14.4928,14.4229
DKKL1,2.7008,3.0644,2.5217,3.3754,2.7747,3.8686
DLAT,9.8071,9.9281,9.8921,10.1211,10.1457,10.14
DLC1,12.3215,12.4552,12.3864,12.5908,12.7368,12.6264
DLD,10.5447,10.5666,10.5945,10.3801,10.4591,10.3673
DLEC1,8.5765,8.3581,8.5312,8.2517,8.0936,7.7774
DLEU1,6.5746,6.7651,6.4246,6.1051,6.1168,6.0266
DLG1,10.034,9.999,10.0839,9.7618,9.9257,9.8599
DLG3,8.1379,8.2993,8.2383,7.9995,8.0112,7.9587
DLG4,9.3922,9.413,9.448,10.1605,10.0183,10.1524
DLG5,10.2583,10.3105,10.3047,10.626,10.5703,10.6155
DLGAP1,2.7008,3.0644,2.2843,2.8457,2.7747,3.6977
DLGAP4,11.4747,11.4971,11.4998,11.4914,11.457,11.4783
DLGAP5,9.3121,9.4268,9.5268,6.3504,6.4019,6.3916
DLK1,4.8588,5.1993,5.1794,7.1623,6.7709,7.5576
DLK2,4.1505,4.6908,4.9547,4.6587,4.5791,4.2856
DLL1,2,2.6282,2.5217,3.6442,3.9423,3.604
DLL3,4.0451,3.7889,4.0178,4.3928,3.4107,4.3447
DLL4,7.4542,7.5495,7.4056,11.3125,11.2288,11.3624
DLST,10.9524,10.9923,10.9964,10.669,10.66,10.6851
DLX1,5.1907,5.5069,4.9547,4.8302,4.3964,5.0954
DLX2,3.808,4.1849,4.2989,5.2882,5.0609,4.8317
DMAC1,8.3684,8.4238,8.3114,8.6185,8.5744,8.6428
DMAC2,9.343,9.2724,9.3357,9.4362,9.4149,9.3823
DMAC2L,7.2794,7.3897,7.3372,6.9179,7.0847,7.2526
DMAP1,8.231,8.2011,8.2549,8.2416,8.2455,7.9821
DMC1,2.3925,3.7889,3.4556,2.34,3.276,2.2678
DMD,8.324,8.2171,8.2342,7.6936,7.9011,7.6543
DMKN,4.2487,4.5634,4.2989,4.0665,4.4599,4.0921
DMPK,9.4475,9.539,9.4905,9.3018,9.4486,9.2723
DMRTA1,2.7008,3.0644,2.5217,4.464,4.1872,3.7856
DMRTC1B,7.734,7.7819,7.6996,7.7156,7.5242,7.6601
DMTF1,9.2979,9.2337,9.3589,9.4362,9.4738,9.3963
DMTN,4.427,4.6285,3.5658,4.7753,4.5208,4.9121
DMWD,9.4807,9.5284,9.5199,9.2871,9.3111,9.3627
DMXL1,9.6225,9.6292,9.5131,9.4905,9.534,9.4102
DMXL2,9.3513,9.3298,9.4408,9.1427,9.3089,9.0506
DNA2,6.083,6.6286,6.5507,6.2124,6.3692,5.9714
DNAAF1,3.1705,3.0644,3.206,4.464,3.4107,3.2797
DNAAF2,7.2321,7.1886,7.3058,7.848,7.8127,8.028
DNAAF4,4.1505,4.1849,3.938,3.8708,4.1872,4.2856
DNAAF5,9.0549,9.142,9.4041,8.9972,9.0291,9.1262
DNAH1,5.8526,5.8986,5.8367,6.8263,6.6261,6.6941
DNAH10OS,6.9839,7.1886,6.7738,6.6694,6.4806,6.2748
DNAH11,3.808,3.5409,3.5658,3.3754,3.9423,3.604
DNAH14,6.1353,6.269,5.9427,6.0599,6.4339,6.3197
DNAH17,4.5858,3.6702,4.0934,4.6587,4.5208,4.2856
DNAH2,3.9314,3.6702,3.4556,3.972,4.1872,4.0214
DNAH5,8.7458,8.7396,8.6979,9.6893,9.5723,9.5935
DNAH7,4.0451,3.3989,2.7255,3.972,3.7525,4.6561
DNAI4,5.7558,5.3224,4.9136,6.1916,6.3357,5.7487
DNAJA1,11.7487,11.6877,11.691,12.0268,11.9995,12.1017
DNAJA2,10.3689,10.4431,10.3641,10.5182,10.5283,10.6342
DNAJA3,8.6813,8.6562,8.5911,8.3769,8.0936,8.2059
DNAJA4,3.9314,3.7889,3.938,4.6587,4.6892,4.4015
DNAJB1,10.8853,10.7642,10.8884,10.87,10.6918,10.8208
DNAJB11,10.7122,10.7051,10.6581,11.2287,11.1617,11.1943
DNAJB12,9.5082,9.6391,9.6909,9.6986,9.5848,9.685
DNAJB14,9.6874,9.6568,9.6817,10.3081,10.3205,10.4403
DNAJB2,10.2628,10.1466,10.1193,9.8206,9.8086,9.7259
DNAJB4,10.3771,10.5707,10.3821,9.5449,9.7222,9.3928
DNAJB5,8.4008,8.3388,8.3809,8.8488,8.8451,8.9206
DNAJB6,11.6678,11.6441,11.6304,11.5412,11.572,11.5722
DNAJB7,3.3581,2.348,3.3362,3.0447,3.1274,3.8686
DNAJB9,8.996,9.0046,8.9423,10.191,10.0547,10.2162
DNAJC1,8.9711,8.9516,8.8001,8.6683,8.8362,8.5765
DNAJC10,11.6119,11.6322,11.5718,11.4978,11.4878,11.5041
DNAJC11,10.2947,10.2741,10.2745,9.7863,9.7871,9.7724
DNAJC12,4.3406,4.6285,4.4788,5.5723,4.6352,5.4042
DNAJC13,11.1247,11.1392,11.0985,11.4266,11.4136,11.4339
DNAJC14,9.4908,9.4652,9.5251,9.469,9.2784,9.4342
DNAJC15,9.1877,9.2285,9.1645,9.0002,8.9758,9.0237
DNAJC16,9.2334,9.1859,9.1797,9.8392,9.7222,9.7898
DNAJC17,7.544,7.4268,7.2978,6.8127,6.9363,6.7054
DNAJC18,8.6184,8.5551,8.4687,8.7418,8.809,8.861
DNAJC19,7.5915,7.6548,7.6379,6.9052,6.6804,6.6711
DNAJC2,8.9235,9.088,9.1579,8.973,8.9456,8.98
DNAJC21,9.9361,9.8987,9.8735,10.0506,10.0522,10.0857
DNAJC22,7.1709,7.2206,7.1464,6.1916,6.8677,6.8754
DNAJC24,7.4542,7.5579,7.5799,7.7229,7.6922,7.7394
DNAJC25,7.8866,7.8449,7.8597,7.5618,7.4789,7.4806
DNAJC25-GNG10,8.3738,8.4146,8.2834,8.0867,8.0986,8.0984
DNAJC27,6.3047,6.2893,6.254,6.2532,6.418,6.3197
DNAJC3,10.7111,10.7687,10.7235,11.0751,11.0234,11.1185
DNAJC30,8.237,8.0249,8.1918,8.1201,7.8897,7.9681
DNAJC4,8.0521,8.0128,7.6936,8.5006,8.3829,8.3097
DNAJC5,11.5833,11.6273,11.6434,11.7349,11.7288,11.7378
DNAJC6,3.9314,3.5409,3.6682,3.6442,3.8505,3.7856
DNAJC7,10.4716,10.4789,10.4474,10.1348,10.1299,10.0955
DNAJC8,10.709,10.6784,10.6866,10.2874,10.4444,10.3815
DNAJC9,9.0309,9.194,9.1884,8.475,8.3829,8.2645
DNAL1,8.157,8.2843,8.0894,8.2865,8.3623,8.4341
DNAL4,7.1199,7.1336,6.8412,7.9067,7.8664,7.9155
DNALI1,7.1583,7.1558,7.2737,7.3146,7.3591,7.5387
DNASE1L1,9.9689,9.8242,9.9313,10.0302,9.9782,9.9231
DNASE1L2,3.808,3.5409,3.206,4.0665,3.276,3.6977
DNASE2,9.0616,8.9452,8.9777,9.735,9.6779,9.7494
DNER,4.8588,4.863,4.9547,5.9892,5.2525,6.0266
DNHD1,7.423,5.9248,6.7623,7.5537,8.1086,7.7059
DNLZ,6.9405,6.7651,7.164,6.9555,6.9911,7.0002
DNM1,8.8433,8.8798,8.8141,8.2618,8.2855,8.2568
DNM1L,10.5117,10.5593,10.5625,10.6519,10.6241,10.6526
DNM2,11.2866,11.2661,11.3576,11.3888,11.3842,11.45
DNM3,3.1705,3.7889,3.5658,4.3179,4.1101,4.9507
DNMBP,10.0714,9.902,10.0816,9.6725,9.6862,9.6162
DNMT1,11.128,11.1579,11.2839,10.3069,10.2848,10.2329
DNMT3A,8.7625,8.58,8.3847,8.3348,8.4703,8.4135
DNMT3B,6.1353,5.9248,6.2037,5.4722,5.6291,4.9883
DNPEP,9.1405,9.1138,9.12,9.6688,9.5359,9.7832
DNPH1,7.5343,7.445,7.606,7.2656,7.3082,7.115
DNTTIP1,8.448,8.3339,8.1789,7.9445,8.0836,7.9775
DNTTIP2,9.8051,9.8415,9.9197,9.469,9.4661,9.5487
DOC2A,2,3.2413,2.2843,3.7619,2.9618,2.6888
DOCK1,11.0854,11.0837,11.0123,11.2814,11.2299,11.2596
DOCK10,10.9267,10.9121,10.8603,10.2476,10.3564,10.2484
DOCK11,8.6901,8.7098,8.6918,8.7129,8.7625,8.6546
DOCK2,4.5086,4.6285,4.7827,4.5318,4.6352,4.4015
DOCK3,4.0451,3.8985,3.0629,3.6442,3.1274,3.5038
DOCK4,8.8744,8.9737,8.7278,10.3835,10.2859,10.4034
DOCK5,10.0511,10.0928,9.9794,9.6744,9.5173,9.5201
DOCK6,9.3513,9.4038,9.3703,9.9976,9.989,10.0584
DOCK7,11.4177,11.3815,11.3576,11.1607,11.2196,11.1689
DOCK8,2.9547,2.6282,3.0629,4.1552,3.9423,3.7856
DOCK8-AS1,3.808,3.2413,2.7255,3.6442,3.4107,3.1531
DOCK9,7.256,7.3225,7.2325,7.3526,6.9585,7.0543
DOHH,8.2067,8.2064,8.1258,8.2717,7.8066,8.0941
DOK4,8.7708,8.6365,8.7659,8.6417,8.6614,8.6487
DOK5,6.5746,6.6126,6.5903,4.7753,4.6352,4.7021
DOK6,6.2817,6.6908,6.4536,8.0582,8.2319,8.0325
DOLK,8.8782,8.942,8.885,8.9138,8.7967,8.9206
DOLPP1,8.3184,8.2064,8.2466,7.4523,7.3423,7.2756
DONSON,8.0247,8.2011,8.2216,7.1298,6.9585,7.1235
DOP1A,8.6547,8.5551,8.4544,8.1848,8.2228,8.2336
DOP1B,9.8449,9.7383,9.7432,8.1528,8.1716,8.0898
DPAGT1,9.3596,9.1913,9.2598,9.8172,9.7653,9.7805
DPCD,7.8558,7.8653,7.4779,8.1311,7.8546,7.8759
DPF1,6.1353,6.269,6.564,5.4014,5.3892,5.3183
DPF2,9.7766,9.7566,9.7388,9.9794,9.9215,9.9743
DPF3,9.0717,9.0938,9.1041,6.6235,7.0947,6.5507
DPH1,10.1013,10.1326,10.166,10.5119,10.3965,10.4738
DPH2,8.6138,8.5841,8.6857,8.035,8.0836,8.068
DPH3,10.1013,9.9632,10.0163,10.1936,10.2826,10.2072
DPH5,8.2006,8.2011,8.1437,7.9935,8.053,8.037
DPH6,6.4766,6.2064,6.2037,5.8366,5.9276,6.1806
DPH7,7.7424,8.0429,7.954,7.8211,7.8546,7.7227
DPM1,9.0136,9.1613,8.9975,9.1454,9.0881,9.0304
DPM2,9.1082,9.0705,9.1732,9.3981,9.2718,9.2856
DPM3,6.6484,6.9674,6.9468,7.2656,7.0542,7.2526
DPP3,10.2256,10.1618,10.1974,10.0778,10.0418,10.0738
DPP4,10.242,10.1424,10.1406,10.7804,10.8092,10.7583
DPP6,3.5242,3.5409,4.1652,4.5318,3.7525,4.7021
DPP7,9.4578,9.5828,9.5488,10.4029,10.3011,10.447
DPP8,9.76,9.7291,9.6602,9.9316,10.0262,9.946
DPP9,10.8642,10.8503,10.8997,10.191,10.0878,10.1545
DPPA4,3.6731,3.8985,3.8536,4.3928,4.33,3.604
DPY19L1,9.7263,9.7346,9.7299,9.8966,10.065,10.001
DPY19L2,5.6874,5.4359,5.7459,6.0599,6.2485,6.1968
DPY19L3,10.0062,10.0459,9.9669,9.3913,9.5469,9.3716
DPY30,8.4988,8.5127,8.4218,8.53,8.5528,8.5231
DPYD,8.5622,8.4329,8.3734,7.8874,7.9069,7.526
DPYSL2,11.1272,10.99,11.0117,9.8723,9.8887,9.8395
DPYSL3,11.7175,11.7333,11.7469,10.7567,10.7722,10.7712
DPYSL4,9.0884,8.983,8.9423,10.4639,10.372,10.4621
DR1,10.6729,10.7248,10.6472,10.3285,10.3216,10.4025
DRAM1,10.1434,10.1549,10.1704,10.8519,10.7823,10.7162
DRAM2,8.324,8.2485,8.2508,8.4836,8.5307,8.5919
DRAXIN,3.1705,4.0004,3.5658,5.5723,4.9325,5.3183
DRC3,4.7952,4.6285,5.2472,5.2075,4.9325,4.9507
DRD1,4.1505,4.9673,4.6883,5.2882,5.3225,5.6349
DRG1,9.8051,9.9297,9.8546,9.6574,9.6543,9.7007
DRG2,8.8394,8.8898,9.0387,9.0675,9.0805,9.0282
DRP2,8.5186,8.6045,8.578,8.6982,8.7339,8.5827
DSCC1,6.3716,6.8219,6.5236,5.3646,5.9934,5.7919
DSEL,10.9964,11.0462,11.0086,10.2015,10.2815,10.1872
DSG2,7.256,7.3708,7.1552,6.0131,6.4652,6.29
DSP,11.2163,11.1709,11.0436,12.3728,12.4423,12.2342
DST,13.3257,13.174,12.9216,13.2739,13.3486,13.0943
DSTN,12.9018,12.9074,12.8865,12.4703,12.513,12.4551
DSTYK,10.1418,10.1326,10.0428,9.9961,10.0262,10.0124
DTD1,9.3787,9.4674,9.4783,9.0874,9.0369,9.1492
DTD2,8.2489,8.2741,8.2713,7.8744,8.0218,7.772
DTL,7.8942,8.0725,8.3153,5.3269,5.7097,5.2581
DTNA,7.1456,7.2622,7.2573,8.1035,7.7378,8.0503
DTNB,6.0562,5.7309,6.0222,6.3504,6.3526,6.1142
DTNBP1,7.1709,7.088,7.2072,7.2952,7.2733,7.4269
DTWD1,8.3738,8.1795,8.157,8.9607,8.926,9.0528
DTWD2,6.6119,6.9799,6.7853,6.4589,6.3526,6.3049
DTX3,7.544,7.3803,7.5995,8.3953,8.1951,8.0548
DTX3L,8.8897,8.6405,8.7601,8.0697,8.1428,8.1696
DTX4,8.4888,8.4822,8.3809,9.9885,10.005,10.1545
DTYMK,9.0818,9.2285,9.2598,8.0233,8.0218,8.0811
DUOX1,3.808,3.6702,4.3614,4.3928,4.5208,4.5088
DUS1L,9.6339,9.6743,9.7,9.5592,9.5359,9.6779
DUS2,7.8083,7.6312,7.5332,7.3805,7.392,7.2832
DUS3L,7.1328,7.6626,7.5667,7.173,7.3674,7.0365
DUS4L,6.0288,6.5467,6.4099,5.9401,6.1935,6.0266
DUS4L-BCAP29,9.7683,9.8954,9.8465,9.8673,9.9159,9.9424
DUSP1,10.4356,10.4374,10.6051,11.4244,11.5638,11.6577
DUSP10,9.4371,9.4939,9.4659,9.1722,8.992,9.0304
DUSP11,8.3519,8.3629,8.5003,8.3301,8.6614,8.4066
DUSP12,8.0385,8.031,8.0136,7.7658,7.7054,7.6775
DUSP14,6.1608,7.0409,6.895,6.0599,5.9499,5.914
DUSP16,7.0122,7.0529,6.9055,6.1051,6.1747,6.2441
DUSP18,7.7424,7.5241,7.7355,8.2366,8.0986,8.4238
DUSP19,5.3759,4.9673,4.7827,4.6587,4.6892,4.7466
DUSP2,4.0451,4.863,4.8276,5.1654,5.2879,5.0606
DUSP22,7.5915,7.3991,7.6124,7.461,7.4242,7.5067
DUSP23,5.8526,6.0249,5.9221,6.1051,6.0147,5.9901
DUSP28,5.3318,5.4359,5.4039,5.9149,5.7611,6.0623
DUSP3,10.9043,11.0432,10.9976,11.1977,11.097,11.2696
DUSP4,4.9781,5.1109,4.9136,7.4523,7.2008,7.3853
DUSP6,9.9526,9.9036,9.8921,11.4711,11.6279,11.5833
DUSP7,9.1627,9.1195,9.0121,8.2416,8.0986,7.9203
DUSP8,2.3925,3.0644,2.5217,4.0665,2.3068,2.2678
DUT,8.9602,9.2232,9.06,8.6146,8.6445,8.6806
DVL1,10.7133,10.5697,10.7617,10.8733,10.5096,10.5258
DVL2,8.8897,8.8254,8.9191,9.9441,9.7574,9.9292
DVL3,10.7805,10.6937,10.7183,11.097,11.041,11.0607
DXO,6.4562,4.9673,5.6983,5.0773,5.5438,5.5867
DYNC1H1,14.1668,14.1492,14.0003,14.4628,14.3422,14.3282
DYNC1I1,3.6731,3.2413,2.904,4.5318,4.6352,4.9883
DYNC1I2,11.3145,11.3927,11.3775,11.5862,11.6378,11.6387
DYNC1LI1,9.9101,10.0189,9.9467,10.2837,10.3141,10.4335
DYNC1LI2,11.7623,11.7571,11.7278,11.7541,11.8205,11.745
DYNC2H1,9.0616,8.9861,8.7831,9.5973,9.4466,9.4662
DYNC2I1,8.1055,8.0783,8.094,8.1366,8.1135,8.3097
DYNC2I2,8.7458,8.7938,8.9113,8.0055,7.6922,7.7828
DYNC2LI1,7.1833,7.2311,7.2157,7.2045,7.2465,7.2526
DYNLL1,11.6756,11.6485,11.6438,11.4738,11.3801,11.4471
DYNLL2,10.764,10.792,10.6927,10.4897,10.6014,10.5369
DYNLRB1,10.4304,10.4053,10.4795,10.6279,10.6439,10.688
DYNLT1,10.1905,10.3105,10.2344,9.665,9.7076,9.6807
DYNLT2,3.6731,3.5409,3.0629,3.972,3.9423,3.2797
DYNLT2B,5.5007,5.5411,5.7691,5.4014,5.4531,5.227
DYNLT3,9.8449,9.8954,9.8641,10.3153,10.2186,10.4696
DYNLT4,3.3581,3.7889,3.4556,4.8302,4.5208,4.3447
DYRK1A,9.266,9.3175,9.2578,9.9915,9.9187,10.0328
DYRK1B,7.3138,7.3803,7.4349,8.4664,8.3911,8.5071
DYRK2,9.0717,9.2851,9.3279,9.2089,9.236,9.3062
DYRK3,7.8942,7.838,7.9387,8.9421,8.7177,9.0528
DYRK4,7.7254,7.7235,7.6629,7.7445,7.8954,7.7774
DYSF,5.7558,5.7602,5.9221,5.4722,5.1406,5.0606
DZANK1,5.0343,5.2825,5.1083,5.7537,5.7097,5.813
DZIP1,10.0254,10.071,9.9145,9.2993,9.2784,9.2551
DZIP3,8.0924,7.892,8.2089,7.6331,7.9572,7.4937
E2F1,7.4439,7.7085,7.7989,5.9149,6.1168,5.8944
E2F2,4.427,4.863,4.5874,3.8708,3.5338,3.604
E2F3,9.0481,9.1336,9.1491,9.0845,9.0956,9.1739
E2F4,9.6225,9.68,9.7679,9.9284,9.9159,9.9578
E2F5,6.8957,6.4953,6.7966,6.4934,6.3692,6.4601
E2F6,8.1315,8.4192,8.1918,8.798,8.6816,8.9084
E2F7,9.1564,9.3517,9.3454,9.9394,9.7558,9.9975
E2F8,5.1907,5.7309,5.518,3.6442,4.1872,3.2797
EAF1,8.9675,8.8898,8.8903,9.8902,9.8403,9.8214
EAF2,4.3406,4.1849,4.1652,3.5161,3.6473,3.5038
EAPP,8.3013,8.3192,7.9641,8.6683,8.8271,8.5391
EARS2,9.1627,9.1503,9.0315,8.6107,8.6547,8.5359
EBAG9,6.8957,6.8357,6.7623,6.1916,6.284,5.9526
EBF1,5.7558,5.1993,5.2799,7.9257,7.8897,8.0811
EBF3,5.3318,5.0646,5.0336,5.0312,5.6834,5.3183
EBF4,4.3406,3.3989,4.2336,4.464,4.0287,4.2856
EBI3,4.0451,3.6702,4.2989,3.2195,3.7525,3.604
EBLN2,4.1505,3.8985,4.0934,3.3754,3.9423,3.6977
EBNA1BP2,10.4855,10.3581,10.4528,9.6536,9.6355,9.7898
EBP,8.0657,8.0189,8.2174,7.8346,7.6588,7.9821
EBPL,8.307,8.4238,8.3619,8.1742,8.1283,8.1696
ECD,9.095,9.0851,9.3043,9.2748,9.2405,9.2818
ECE1,13.1086,13.0612,13.13,13.3515,13.2651,13.2925
ECE2,6.4355,6.6908,6.3951,7.2455,7.1439,7.2756
ECH1,8.7831,8.706,8.658,8.1848,8.4113,8.1069
ECHDC1,9.8251,9.8585,9.718,9.2599,9.2518,9.2742
ECHDC2,6.7186,6.7795,6.6911,6.5103,6.8079,6.4194
ECHDC3,6.1353,6.269,6.3025,6.4763,6.1168,6.2285
ECHS1,10.742,10.7126,10.8143,10.754,10.6023,10.7001
ECI1,8.0177,8.0249,7.9741,7.8346,8.0165,7.7338
ECI2,9.9779,10.0652,9.9955,9.6267,9.6372,9.4827
ECM1,11.3356,11.339,11.4162,11.7136,11.6616,11.7093
ECPAS,11.2765,11.3212,11.2909,10.8377,10.9298,10.8273
ECSCR,4.3406,3.8985,4.3614,3.3754,2.5596,3.6977
ECSIT,8.3408,8.2433,8.0708,7.7658,7.8368,7.8809
ECT2,9.9508,9.9944,10.0284,9.1208,9.1946,9.2435
EDA2R,9.1049,8.8426,9.1109,10.0258,9.864,9.9483
EDC3,9.6609,9.5745,9.6461,8.7702,8.6816,8.5327
EDC4,10.4106,10.4855,10.5322,9.987,10.0586,10.0079
EDEM1,10.9981,11.0625,10.9759,11.1151,11.1647,11.2068
EDEM2,8.8472,8.7173,8.8085,9.5387,9.5229,9.5659
EDEM3,10.7691,10.8418,10.7398,10.8618,10.8461,10.9219
EDF1,11.4536,11.3921,11.3921,11.1329,11.0725,10.9987
EDN1,7.6996,7.789,8.0184,6.8127,7.6176,7.474
EDNRA,8.1633,8.0783,7.9989,10.2196,10.2129,10.229
EDNRB,3.3581,3.7889,3.6682,7.8006,7.5017,8.1778
EDRF1,8.4061,8.4099,8.4544,8.142,8.3372,8.1112
EEA1,10.5117,10.5351,10.5839,10.927,10.915,10.8064
EED,7.7592,7.753,7.7414,7.3988,7.1535,7.4806
EEF1A1,17.375,17.3119,17.3045,17.4093,17.3893,17.3835
EEF1A2,7.256,7.0168,7.1464,6.9555,6.8909,6.991
EEF1AKMT1,6.6839,6.3866,6.3801,6.6079,6.4339,6.5756
EEF1AKMT2,7.8401,7.9377,8.0038,7.6253,7.7314,7.5514
EEF1AKMT3,7.0535,7.088,7.2241,7.2251,7.4479,7.1733
EEF1AKNMT,9.0884,9.035,9.0624,9.3935,9.2784,9.3302
EEF1B2,12.4724,12.501,12.4207,12.1978,12.2267,12.1393
EEF1D,11.4613,11.5101,11.3552,11.0879,11.0148,10.9638
EEF1E1,8.543,8.6985,8.6137,8.4577,8.4742,8.5071
EEF1E1-BLOC1S5,3.6731,3.7889,2,2,2,2
EEF1G,14.4444,14.4373,14.4395,14.356,14.3084,14.3222
EEF2,15.5283,15.4727,15.5553,15.5112,15.4846,15.4776
EEF2K,9.5008,9.3589,9.2701,8.462,8.4971,8.3134
EEF2KMT,7.5915,7.5495,7.7819,7.3146,7.1146,7.098
EEFSEC,7.2677,7.3323,7.5264,6.799,6.7957,6.7498
EEPD1,7.4542,7.5069,7.4849,6.4236,6.4339,6.2441
EFCAB10,3.808,3.0644,3.206,3.5161,4.1872,3.7856
EFCAB11,6.3273,6.2484,6.4392,5.9401,6.0357,6.0798
EFCAB12,4.1505,3.2413,3.3362,4.2388,4.5791,4.7466
EFCAB13,4.7287,4.4952,4.3614,4.3928,4.9766,4.5596
EFCAB14,10.9946,11.038,10.9853,10.4006,10.4793,10.4343
EFCAB2,6.0009,6.141,6.1516,6.6079,6.2304,6.3049
EFCAB5,3.808,3.7889,4.0934,3.972,3.5338,3.6977
EFCAB6,4.3406,4.9161,4.9547,5.2075,4.7413,4.8725
EFEMP1,11.0578,11.0191,11.046,11.4205,11.6201,11.3727
EFEMP2,12.1926,12.1758,12.2784,12.1402,12.2381,12.2207
EFHC1,7.5536,7.342,7.5534,7.8938,7.7882,7.9057
EFHC2,3.3581,3.2413,3.0629,4.1552,4.0287,4.1595
EFHD1,4.5858,3.7889,4.0934,4.3179,4.6892,4.2856
EFHD2,10.6039,10.5893,10.648,9.3798,9.3514,9.3099
EFL1,8.8782,9.0108,8.9269,8.9942,8.9484,9.0394
EFNA3,3.1705,3.5409,3.938,3.3754,3.6473,3.5038
EFNA4,6.7691,6.4237,6.5772,7.2952,7.2008,7.3057
EFNA5,6.3047,6.7795,6.629,7.2854,7.3168,7.2832
EFNB1,9.4002,9.3151,9.3608,9.8902,9.7558,9.7589
EFNB2,8.779,8.6985,8.8225,8.6417,8.7242,8.7857
EFNB3,5.6156,5.872,5.963,6.639,6.7583,6.7607
EFR3A,10.8603,10.8799,10.8911,11.5947,11.548,11.6826
EFR3B,5.54,5.872,5.9221,6.0599,5.9934,6.0446
EFS,8.5812,8.7285,8.5976,8.7129,8.6513,8.6977
EFTUD2,10.9875,10.9737,11.0985,10.9435,10.9171,11.0272
EGF,5.6156,5.3612,5.4039,4.1552,3.7525,4.0921
EGFL8,4.3406,3.7889,3.206,2,4.1872,2.6888
EGFLAM,3.808,3.5409,3.206,3.6442,3.5338,3.3961
EGFR,12.1431,12.2452,12.1214,12.956,12.9211,12.9984
EGLN1,9.7092,9.7438,9.7549,9.617,9.6112,9.7021
EGLN2,10.3552,10.2981,10.3764,10.896,10.7862,10.9448
EGR1,11.1077,11.2933,11.3832,11.4042,11.8707,11.7086
EGR2,5.6519,6.0005,6.0975,6.8397,7.1631,7.098
EGR3,6.3932,5.7309,6.1865,7.2854,7.3507,7.2603
EHBP1,10.1718,10.2131,10.2102,10.191,10.3119,10.2857
EHBP1L1,10.1936,10.1714,10.1595,9.9688,9.9673,9.934
EHD1,12.0551,12.0834,12.114,10.8871,10.8505,10.8987
EHD2,13.6006,13.5179,13.6012,13.1499,13.0858,13.0662
EHD3,10.5639,10.5309,10.4804,10.624,10.6345,10.5644
EHD4,10.4,10.4306,10.4483,9.0646,9.2405,9.0572
EHF,3.3581,2.348,2.5217,3.8708,4.0287,4.1595
EHHADH,5.8211,6.1849,6.0604,4.9835,5.1013,5.0954
EHMT1,10.1257,10.1782,10.1737,10.2664,10.2357,10.2181
EHMT2,3.6731,3.7889,3.938,3.7619,3.5338,3.5038
EI24,10.9732,11.1655,11.0905,11.5917,11.5184,11.5652
EID1,12.2109,12.3003,12.267,12.7734,12.8144,12.8301
EID2,8.0453,8.1242,8.1437,8.2767,8.2228,8.3391
EID2B,6.0562,5.5745,5.6739,5.7537,5.7611,5.9714
EID3,4.0451,4.3484,3.8536,3.3754,4.1101,3.604
EIF1,12.7523,12.7467,12.7767,12.4918,12.4705,12.4624
EIF1AD,8.6046,8.6085,8.4722,9.1695,9.0981,9.0055
EIF1AX,11.2186,11.3212,11.2466,10.3708,10.4993,10.4025
EIF1B,8.8315,8.6755,8.6423,9.3958,9.2607,9.352
EIF2A,10.0045,10.0158,10.0284,10.1685,10.1408,10.1545
EIF2AK1,11.1622,11.1777,11.2014,10.4876,10.6189,10.4654
EIF2AK2,10.5289,10.5954,10.5424,10.8003,10.7493,10.7624
EIF2AK3,8.9048,8.8392,8.9087,7.5039,7.6246,7.6543
EIF2AK4,11.7747,11.7263,11.7281,11.4564,11.5319,11.4771
EIF2B1,9.5474,9.5004,9.5836,9.3729,9.1992,9.2685
EIF2B2,8.9198,8.9031,8.9217,8.9042,8.8832,8.9494
EIF2B3,9.5304,9.5047,9.542,9.3163,9.4229,9.4171
EIF2B4,9.3541,9.413,9.4207,9.3775,9.3111,9.2101
EIF2B5,9.2274,9.2724,9.4152,9.129,9.1204,9.1759
EIF2D,9.2979,9.3921,9.5079,7.6637,7.7249,7.7338
EIF2S1,10.7483,10.8271,10.8371,10.3847,10.4046,10.4462
EIF2S2,11.4867,11.5527,11.526,10.8377,10.9326,10.8555
EIF2S3,11.544,11.5771,11.5366,11.1404,11.173,11.1337
EIF3A,13.0671,12.9892,13.0116,13.3926,13.4059,13.377
EIF3B,12.0338,12.0593,12.1081,11.8453,11.8696,11.8597
EIF3C,12.8379,12.8652,12.8517,12.4034,12.4956,12.4211
EIF3CL,7.1583,6.903,8.5648,8.5949,6.3357,7.2832
EIF3D,11.527,11.3797,11.3827,11.2255,11.2553,11.29
EIF3E,11.4283,11.4551,11.4281,11.5907,11.5688,11.5625
EIF3F,10.7068,10.6226,10.7324,10.4844,10.4812,10.4688
EIF3G,11.0113,11.0161,11.0232,10.9834,10.8791,10.8719
EIF3H,11.2801,11.2958,11.2492,11.09,11.1504,11.1306
EIF3I,11.8053,11.7671,11.7837,11.09,11.0069,11.0255
EIF3J,10.6143,10.6736,10.5732,10.1348,10.3226,10.224
EIF3K,10.2074,10.3253,10.4026,10.4209,10.3533,10.3484
EIF3L,11.8655,11.9272,11.911,11.7888,11.8095,11.8192
EIF3M,10.9276,10.9892,10.9741,10.8377,10.9312,10.8832
EIF4A1,13.9362,13.9754,13.9874,14.0238,13.9907,14.0285
EIF4A2,11.4452,11.2146,11.3619,12.2211,12.1644,12.1589
EIF4A3,10.0596,10.0355,10.0687,9.987,10.0262,9.972
EIF4B,12.7198,12.65,12.6457,13.1531,13.1231,13.0665
EIF4E,10.4317,10.5718,10.4293,10.2589,10.2594,10.2368
EIF4E2,10.4855,10.5769,10.4874,9.9331,10.0586,9.9279
EIF4E3,5.8835,6.2893,6.0604,5.7537,6.284,5.9334
EIF4EBP1,9.8759,9.805,9.7865,8.3396,8.4857,8.2873
EIF4EBP2,11.3647,11.4302,11.2854,12.1248,12.0507,12.0942
EIF4EBP3,3.1705,4.0004,2.904,3.7619,3.4107,3.3961
EIF4G1,13.6462,13.6343,13.6992,13.3488,13.3344,13.306
EIF4G2,14.8061,14.8347,14.8534,14.4429,14.5041,14.4595
EIF4G3,11.637,11.6704,11.6684,12.2424,12.1836,12.3191
EIF4H,12.7961,12.8372,12.8275,12.7771,12.8081,12.7767
EIF5,12.2735,12.3569,12.3553,11.8676,11.9637,11.8864
EIF5A,13.3743,13.3803,13.3966,12.9413,12.9481,12.9235
EIF5A2,8.8511,8.8664,8.7572,6.6992,7.0847,7.115
EIF5AL1,3.808,4.2689,4.3614,4.1552,3.8505,3.7856
EIF6,11.0662,11.1202,11.1082,10.4822,10.4812,10.3929
EIPR1,8.4008,8.6126,8.5548,8.4793,8.3581,8.375
ELAC1,6.4562,6.3093,6.4246,6.1704,6.0969,6.0446
ELAC2,10.2817,10.1809,10.3429,9.6383,9.5919,9.6326
ELAPOR1,5.4603,5.2825,5.4903,4.2388,4.9766,4.9883
ELAPOR2,4.1505,4.0956,4.4213,4.5967,4.7915,4.5088
ELAVL1,10.5301,10.4975,10.5757,10.2514,10.2549,10.3735
ELF1,9.6064,9.5991,9.5336,10.296,10.328,10.352
ELF2,8.4272,8.4953,8.3074,8.4922,8.6445,8.4307
ELF4,9.3733,9.413,9.3854,8.6908,8.6169,8.4743
ELFN1,7.1833,7.2311,7.5601,8.7418,8.721,8.9108
ELFN2,10.3852,10.4122,10.3698,10.3357,10.4056,10.3876
ELK1,9.7868,9.9345,9.9339,9.9718,10.0104,9.9195
ELK3,11.0654,11.1081,11.1896,11.0289,11.0851,11.1867
ELK4,9.8663,9.8636,9.6694,9.7115,9.62,9.662
ELL,8.6412,8.7759,8.7039,8.9912,8.9511,9.1388
ELL2,11.8178,11.8462,11.8628,11.0022,11.0895,10.9049
ELL3,3.6731,3.5409,3.938,3.0447,3.276,2.6888
ELMO1,2.7008,4.0004,2.5217,6.6844,4.5791,5.5867
ELMO2,9.6317,9.6781,9.6047,9.617,9.5359,9.4844
ELMO3,4.0451,4.6285,3.8536,3.8708,3.9423,4.2239
ELMOD1,4.0451,5.0168,4.9947,4.8302,4.0287,4.4561
ELMOD2,8.7913,8.7322,8.8418,9.1235,9.2718,9.3429
ELMOD3,7.8866,7.8585,7.7589,7.9003,7.8664,7.6775
ELN,10.4767,10.5769,10.6698,10.319,10.5712,10.3339
ELOA,10.7835,10.689,10.6935,10.1443,10.2117,10.2686
ELOA3CP,3.808,2.6282,2.7255,2,2.9618,2.8607
ELOB,10.8564,10.858,10.8351,10.9072,10.874,10.8657
ELOC,10.1354,10.2237,10.0546,10.0154,10.2391,10.1274
ELOF1,9.557,9.5787,9.5488,9.4362,9.5651,9.6237
ELOVL2,7.9317,8.1242,7.9284,4.9342,5.5438,4.7021
ELOVL4,8.0316,8.1242,7.9591,8.687,8.5852,8.799
ELOVL5,10.4792,10.579,10.6083,10.65,10.7414,10.6873
ELOVL6,9.7113,9.7765,9.8161,9.0845,9.0678,9.0191
ELP1,10.1718,10.1424,10.1769,9.6267,9.7076,9.6707
ELP2,10.5203,10.4953,10.5254,10.7108,10.8024,10.646
ELP4,6.8338,6.9161,6.7738,5.7819,6.1168,5.813
ELP5,8.3629,8.4909,8.4616,8.6721,8.6064,8.4577
ELP6,8.4324,8.3724,8.3771,7.9692,8.0165,7.7283
EMB,7.1709,7.3027,7.1814,6.2124,6.3526,6.2285
EMC1,11.7318,11.6342,11.6993,11.2382,11.2254,11.1943
EMC10,10.8958,10.863,10.9062,11.2261,11.2093,11.2553
EMC3,9.739,9.7747,9.7135,10.0735,10.1015,10.1524
EMC4,9.8191,9.8483,9.9656,10.0764,10.1323,10.1607
EMC6,8.448,8.46,8.5037,8.7667,8.6648,8.7006
EMC7,10.1095,10.0971,10.108,9.882,9.8193,9.8188
EMC8,9.1784,9.2724,9.324,8.9791,9.0106,8.9035
EMC9,6.8018,7.1336,6.8191,6.3314,6.1935,6.4866
EMD,9.9416,10.0754,10.0629,9.8966,9.8596,9.9243
EME1,6.5362,6.2484,6.0222,4.1552,4.2603,4.0214
EME2,7.6285,7.4629,7.9076,8.1311,8.0112,7.9775
EMG1,8.567,8.4866,8.4933,7.8809,8.1998,7.9914
EMID1,4.5086,5.0168,4.5341,5.5723,5.4839,5.3475
EMILIN1,12.6603,12.6055,12.6857,12.9442,12.9448,12.9017
EMILIN2,3.3581,4.1849,3.3362,4.7181,4.887,4.6087
EML1,9.8874,9.8904,9.8587,10.1389,10.2448,10.2022
EML2,8.1251,8.1632,8.157,7.9383,7.9406,7.7558
EML3,8.8394,8.9194,8.9087,9.3425,9.2872,9.4359
EML4,10.373,10.3653,10.3497,8.6945,8.8181,8.8407
EML6,4.1505,3.7889,4.0934,5.0773,4.887,4.6561
EMP1,11.6567,11.7774,11.8332,11.7757,11.816,11.8673
EMP2,8.942,9.1053,8.9777,8.5709,8.478,8.5827
EMP3,11.4217,11.3938,11.4726,11.0914,11.0384,11.1468
EMSY,8.7246,8.5255,8.7159,8.7631,8.708,8.7642
ENAH,11.9954,12.0155,11.9667,10.738,10.8667,10.7799
ENC1,10.6905,10.5872,10.6163,12.3506,12.2307,12.4407
ENDOD1,9.4552,9.3685,9.4408,6.9179,7.0018,6.8552
ENDOG,7.3694,7.3897,7.3756,7.6097,7.6656,7.6543
ENDOV,7.8243,7.5745,7.6316,8.1201,7.8839,7.9057
ENG,12.5001,12.3581,12.5475,11.7665,11.6755,11.6643
ENGASE,7.9168,7.5662,7.6691,7.6176,7.6988,7.5387
ENKD1,5.6156,6.1631,5.9012,6.6844,6.4652,6.4601
ENO2,9.2806,9.194,9.1927,8.8117,8.7906,8.901
ENO3,4.9197,4.8078,4.2336,4.5967,4.6352,4.7021
ENOPH1,9.1437,9.2127,9.2883,9.456,9.4699,9.4376
ENOSF1,7.5245,6.8494,6.8079,7.074,6.9585,7.1569
ENOX1,5.3318,4.6908,5.518,6.0131,5.8819,5.6815
ENOX2,7.4746,7.5155,7.4565,7.4869,7.6452,7.6068
ENPP1,9.4397,9.4222,9.5353,6.4414,6.7199,6.3344
ENPP2,6.9551,6.3093,7.0261,7.2251,7.2555,7.1569
ENPP4,4.0451,3.6702,4.0934,4.5318,4.5791,4.5088
ENSA,10.3161,10.389,10.3877,10.2451,10.2106,10.2942
ENTPD1,7.7083,7.7961,7.8102,8.6224,8.6064,8.5485
ENTPD4,10.8986,10.8477,10.8447,11.5957,11.5679,11.6141
ENTPD5,9.0481,9.032,8.8662,8.7129,8.854,8.6604
ENTPD6,10.6166,10.4678,10.6441,8.8978,8.9621,8.861
ENTPD7,9.1277,9.0499,9.0048,9.665,9.5542,9.6147
ENTR1,8.9925,9.038,8.9975,9.1562,9.083,9.222
ENY2,9.4958,9.4585,9.4371,9.8918,9.9073,9.8788
EOGT,9.1244,9.3685,9.2454,7.7868,7.8487,7.8353
EOLA1,7.423,7.4807,7.345,7.2854,7.3254,7.3568
EOLA2,8.4938,8.6755,8.658,8.5049,8.3159,8.3926
EP300,10.6394,10.6842,10.5246,11.1309,11.0552,11.0966
EP400,10.7261,10.7377,10.679,10.5554,10.5792,10.5883
EP400P1,7.256,7.2826,7.1104,7.3712,7.2909,7.4473
EPAS1,12.8275,12.8039,12.7985,10.9419,10.9451,10.8919
EPB41L1,10.0254,10.0279,10.0687,9.5159,9.574,9.5392
EPB41L2,11.8641,11.8792,11.8716,10.952,11.1298,10.943
EPB41L3,9.938,9.92,9.8815,8.5258,8.7782,8.625
EPB41L4A,5.7558,6.0957,5.6238,5.6353,5.9718,5.6349
EPB41L4B,3.808,4.4237,4.8276,4.8831,4.6892,4.3447
EPB41L5,9.6831,9.701,9.6319,10.6123,10.643,10.6951
EPC1,8.3463,8.1072,8.3771,8.5587,8.4509,8.4677
EPC2,8.3013,8.4006,8.3847,8.8849,8.8628,8.7533
EPHA1,3.9314,3.7889,3.8536,3.7619,3.5338,3.3961
EPHA2,10.9705,10.9444,10.9884,11.4438,11.3969,11.4808
EPHA4,9.874,9.5621,9.7165,10.0975,10.0535,10.0362
EPHA5,4.0451,2.6282,3.4556,6.0599,6.1747,6.0085
EPHA7,2,2,2.5217,4.9342,4.887,4.5596
EPHB1,3.6731,3.5409,4.3614,4.7181,4.9325,5.0606
EPHB2,11.6712,11.7904,11.8134,11.7277,11.6179,11.6268
EPHB3,7.067,6.329,6.5903,5.9649,6.2485,5.9714
EPHB4,10.2774,10.1796,10.2967,10.5615,10.5218,10.5581
EPHX1,8.996,8.8932,9.0243,9.6402,9.4967,9.6252
EPHX4,6.3496,6.2484,5.9012,7.3988,7.1726,7.3278
EPM2A,6.083,6.0957,6.0222,6.2928,6.4652,6.3344
EPM2AIP1,9.4782,9.3517,9.4498,9.7224,9.7622,9.8109
EPN1,11.692,11.6362,11.7215,11.6036,11.5411,11.5366
EPN2,10.1497,10.0783,10.1283,10.0891,10.0941,10.175
EPOP,4.5858,4.5634,4.4213,4.6587,4.5208,4.9883
EPOR,6.4766,6.2484,6.3025,5.9401,6.2121,6.0085
EPPIN-WFDC6,4.0451,3.7889,3.5658,3.8708,3.9423,3.6977
EPPK1,4.9197,4.1849,4.8712,3.3754,4.1872,3.947
EPRS1,12.6178,12.5739,12.6029,11.4893,11.6797,11.4082
EPS15,10.008,9.9975,10.0114,7.9569,7.9791,7.9057
EPS15L1,9.3733,9.4696,9.4623,8.8719,8.9758,8.9084
EPS8,10.3019,10.3056,10.3303,10.6774,10.6198,10.569
EPS8L1,3.6731,4.5634,4.2989,4.7181,5.2161,5.4317
EPS8L2,8.3408,8.141,8.1875,7.7588,7.6246,7.8353
EPSTI1,4.5086,4.8078,4.7363,3.6442,3.1274,3.3961
ERAL1,9.4578,9.4359,9.5403,8.9699,9.0186,9.055
ERAP1,9.4908,9.4473,9.4408,9.5714,9.6165,9.5487
ERAP2,8.8897,8.706,8.7219,8.9453,8.8059,8.7202
ERBB2,10.5228,10.5062,10.6163,9.7828,9.8551,9.6764
ERBB3,4.5086,3.3989,3.4556,3.972,4.0287,2.8607
ERBIN,10.8729,11.0229,10.9495,10.9758,11.1033,11.1216
ERC1,10.9005,10.9364,10.9082,10.708,10.6651,10.7501
ERCC1,10.2524,10.3376,10.3717,10.1738,10.0405,10.1147
ERCC2,10.6905,10.7117,10.7868,9.7846,9.9494,9.7751
ERCC3,9.5948,9.4607,9.5471,9.7583,9.7809,9.7845
ERCC4,8.1883,8.329,8.2174,8.2963,8.3244,8.3996
ERCC5,9.8091,9.7309,9.7476,10.0287,10.0196,9.9578
ERCC6,7.4439,7.3126,7.1104,7.4523,7.6588,7.3496
ERCC6L,7.1583,7.591,7.5799,4.2388,4.8401,4.8725
ERCC6L2,8.3463,8.5964,8.458,8.2963,8.3244,8.4031
ERCC8,7.3911,7.3225,7.3294,6.4057,6.7328,6.7166
EREG,6.3496,6.2893,6.2037,9.7724,9.5919,10.1379
ERF,9.9269,9.872,9.8775,9.8558,9.7653,9.763
ERFE,5.9138,6.0725,6.2374,4.3928,5.3562,5.0249
ERG28,8.3574,8.4555,8.4828,7.9875,8.0479,8.2798
ERGIC1,12.4991,12.4639,12.5188,12.2532,12.2095,12.194
ERGIC2,9.9213,9.9151,9.9066,10.0635,10.1287,10.1073
ERH,10.242,10.3901,10.3371,10.0635,10.1648,10.1389
ERI1,8.9457,8.8731,8.9191,7.6097,7.5824,7.4337
ERI2,7.8636,7.7085,7.6316,7.0853,7.2821,7.0185
ERI3,9.4029,9.3708,9.2822,9.3752,9.324,9.259
ERICH1,7.734,7.6152,7.4919,7.9257,7.9899,7.7828
ERICH5,4.0451,4.4952,3.6682,3.7619,3.6473,3.5038
ERLEC1,10.946,10.965,10.8825,11.2703,11.2418,11.2053
ERLIN1,9.7475,9.7675,9.8258,8.4533,8.3788,8.451
ERLIN2,10.6751,10.6503,10.6636,10.4639,10.4552,10.4654
ERMAP,7.8002,7.7819,7.7933,7.701,7.782,7.7881
ERMARD,6.1608,6.269,6.1865,5.9649,5.9276,5.9526
ERMP1,7.8243,7.8032,7.9641,8.8185,8.7403,8.9059
ERN1,7.9537,7.7383,7.6753,8.4922,8.2319,8.4066
ERN2,3.1705,3.0644,2.2843,2.6149,2.5596,3.6977
ERP29,10.513,10.4964,10.4384,10.7752,10.6524,10.6915
ERP44,10.1466,10.1072,10.0839,10.7135,10.7846,10.6901
ERRFI1,11.5974,11.7342,11.7091,10.5297,10.9354,10.5898
ERV3-1,6.7856,6.5298,6.8191,7.4346,7.2821,7.454
ERVMER34-1,4.3406,4.8078,4.5341,5.9892,6.0357,6.0971
ESAM,3.5242,3.3989,3.0629,4.0665,4.1101,3.947
ESCO1,8.0038,7.8311,7.8434,8.0291,8.3029,8.3464
ESCO2,6.6484,6.7651,6.7271,4.6587,4.5791,4.2856
ESD,10.3933,10.4111,10.3905,9.6287,9.7092,9.6162
ESF1,8.324,8.3819,8.3427,8.6683,8.56,8.709
ESM1,6.2583,6.2064,6.1158,4.3179,3.8505,4.1595
ESPL1,8.1315,8.1521,8.3388,5.7819,5.6834,5.5867
ESPN,10.3552,10.2011,10.154,10.2614,10.0865,10.1472
ESPNL,6.2817,6.2893,6.4392,5.4372,5.5728,4.9507
ESRRA,8.7373,8.8044,8.7831,8.4134,8.1036,8.3427
ESRRG,4.427,4.3484,3.8536,3.0447,4.2603,3.0143
ESS2,8.157,8.3241,8.3581,8.0174,7.8188,7.8557
ESYT1,12.1602,12.0585,12.1953,11.8382,11.7992,11.86
ESYT2,10.7014,10.7423,10.7063,9.9976,10.1613,9.9998
ETAA1,7.7424,7.7819,7.5667,7.3526,7.4941,7.4201
ETF1,11.6877,11.7429,11.7285,11.2808,11.4531,11.4047
ETFA,10.3634,10.4454,10.3961,10.5098,10.5522,10.5721
ETFB,9.5157,9.4829,9.4641,8.7454,8.809,8.6428
ETFBKMT,4.8588,5.399,5.5452,4.9342,5.4839,5.3183
ETFDH,8.5999,8.4644,8.5681,7.8346,8.0165,7.9155
ETFRF1,7.5343,7.4807,7.368,7.3712,7.5824,7.3993
ETHE1,9.4319,9.4107,9.4534,9.8155,9.7856,9.6893
ETNK1,9.4527,9.4405,9.5182,9.2624,9.2629,9.3302
ETS1,10.9884,11.1081,11.0997,11.2293,11.2923,11.2768
ETS2,9.8759,9.8821,9.9248,11.7358,11.6171,11.8457
ETV1,9.0717,9.2127,9.0097,10.7549,10.7058,10.7309
ETV2,3.6731,3.8985,3.4556,4.1552,3.9423,3.8686
ETV3,8.6681,8.6365,8.5747,9.2346,9.1922,9.1492
ETV4,8.4634,8.6085,8.7337,9.2573,9.1544,9.3645
ETV5,10.251,10.2157,10.3057,8.3953,8.3665,8.2375
ETV6,8.6412,8.5923,8.4863,8.9359,8.9594,8.923
ETV7,3.5242,4.3484,4.3614,4.6587,4.5208,4.4015
EVA1A,9.1016,9.2493,9.1905,7.4697,7.5824,7.4872
EVA1B,10.289,10.127,10.2407,10.8692,10.7293,10.8913
EVA1C,4.3406,4.863,4.3614,4.5967,5.0194,4.5088
EVC,10.455,10.5882,10.4918,10.3984,10.4076,10.3628
EVC2,6.6663,6.8765,6.8191,7.2354,7.0847,6.9535
EVI2A,4.0451,4.6285,3.4556,2.34,2.7747,2.2678
EVI5,9.8051,9.9441,9.6367,9.0675,9.055,9.0416
EVI5L,9.7662,9.838,9.8119,9.2089,9.2223,9.2081
EVL,8.8821,9.0617,8.9243,8.7631,9.0525,8.7642
EWSR1,11.8103,11.8492,11.8645,11.5545,11.6031,11.5417
EXD2,8.7666,8.6794,8.6918,7.7729,7.9899,7.7987
EXD3,6.8805,6.7505,6.7966,7.0278,6.7328,7.1319
EXO1,7.1583,7.445,7.0921,4.8302,5.1406,4.6561
EXO5,7.0398,6.942,6.9771,7.2854,7.2821,7.2055
EXOC1,9.468,9.4359,9.4818,9.227,9.3639,9.3062
EXOC2,9.8527,9.8904,9.8802,9.2797,9.3577,9.3681
EXOC3,9.9635,9.9281,9.9644,10.0228,9.9618,10.0792
EXOC3L1,3.6731,3.0644,3.206,4.0665,3.4107,2.8607
EXOC4,10.1687,10.0943,10.1,9.7386,9.6862,9.7507
EXOC5,10.8805,10.8948,10.8603,10.9781,11.0082,11.0373
EXOC6,8.6412,8.5759,8.6297,7.8006,8.1716,7.8909
EXOC6B,9.9743,9.9569,10.0451,9.8885,9.9173,9.9085
EXOC7,11.6216,11.6273,11.6466,11.9428,11.887,11.9638
EXOC8,8.5765,8.3485,8.3847,8.8388,8.5636,8.7062
EXOG,8.6988,8.7973,8.7308,8.7418,8.7177,8.7451
EXOSC1,8.3684,8.4238,8.3543,8.363,8.2986,8.3097
EXOSC10,9.938,10.0249,10.1328,9.8966,9.8959,9.8662
EXOSC2,8.4428,8.3913,8.578,8.0582,8.0836,8.0548
EXOSC3,8.1945,8.0725,7.9989,7.9131,7.8487,8.0592
EXOSC4,8.0385,8.1577,7.9489,8.3537,8.4273,8.4307
EXOSC5,7.1709,6.9547,7.1986,7.0395,6.8559,6.845
EXOSC6,8.953,8.7973,8.828,9.0002,8.8658,8.9683
EXOSC7,8.8935,8.8426,8.6486,8.6646,8.6342,8.5673
EXOSC8,8.1121,8.2993,8.2955,7.6097,7.6176,7.5762
EXOSC9,8.8115,8.8426,8.6765,7.7445,8.1331,7.9914
EXPH5,4.5858,4.4237,4.1652,4.1552,4.6352,4.3447
EXT1,12.6991,12.7259,12.7267,13.0154,13.0321,13.0336
EXT2,11.3509,11.3973,11.4858,11.4684,11.4696,11.4365
EXTL1,7.0122,7.2519,7.3527,4.5318,5.1789,4.8725
EXTL2,9.739,9.5971,9.6879,9.4604,9.4853,9.4015
EXTL3,10.8029,10.8323,10.8911,9.6688,9.6745,9.7439
EYA2,6.6663,6.4953,6.6416,5.9401,6.0357,5.914
EYA3,9.1049,8.9954,8.9165,9.2624,9.2872,9.2493
EYA4,8.2898,8.2536,8.1348,9.8998,9.8056,9.9085
EYS,4.2487,4.5634,3.8536,4.7181,4.6352,4.5088
EZH1,8.5284,8.2843,8.4145,8.4964,8.4392,8.3996
EZH2,8.1186,8.1129,8.2549,6.8794,6.9803,7.1403
EZR,11.2307,11.25,11.3542,9.4139,9.4368,9.3173
F10,6.7856,6.6755,6.7152,7.1407,7.2733,6.8348
F12,4.659,4.0004,4.4788,4.3179,4.1872,4.2239
F2R,12.8514,12.8886,12.8767,14.5335,14.438,14.6011
F2RL1,8.7872,8.7867,8.7396,12.1258,11.9783,12.1837
F2RL2,10.0798,10.0812,10.0199,11.2042,11.3511,11.3624
F2RL3,4.0451,4.1849,4.4213,4.0665,4.6352,4.6561
F3,12.4101,12.4904,12.4461,11.9552,12.1994,12.2718
F8,5.2393,5.1558,5.2799,5.5063,5.7356,6.0798
F8A3,6.5555,6.9161,6.9263,6.1916,6.6937,6.845
FAAP100,9.6831,9.5305,9.7105,9.3958,9.3743,9.3627
FAAP20,9.4958,9.5241,9.5638,9.7706,9.7174,9.7507
FAAP24,6.1858,6.0489,5.88,5.5397,5.5728,5.4317
FABP3,5.8526,5.7309,5.518,5.122,5.7097,5.5867
FABP4,5.3318,5.2825,5.5452,3.0447,2.9618,2.4936
FABP5,8.6857,8.6444,8.7189,7.9507,8.1857,7.93
FADD,9.4109,9.3732,9.4587,8.7454,8.6064,8.5858
FADS1,10.0996,10.1424,10.0114,10.754,10.5458,10.7772
FADS2,11.1472,11.1641,11.1442,11.9021,11.7232,11.9529
FADS6,3.808,2.348,3.3362,2.8457,2.9618,3.2797
FAF1,9.4002,9.56,9.4747,9.0181,9.22,9.2001
FAF2,10.8219,10.7497,10.7602,9.7793,9.8684,9.737
FAH,9.4345,9.3968,9.2537,8.8914,8.8687,8.901
FAHD1,9.1309,9.2363,9.1109,9.1069,9.2607,9.2396
FAHD2A,8.3184,8.4238,8.3658,7.9753,8.053,8.1027
FAHD2B,4.5858,4.9673,5.2472,4.3179,4.6892,3.8686
FAIM2,6.4766,5.9757,6.4679,6.1916,5.9934,5.8337
FAM102A,9.4293,9.5155,9.4299,9.0444,9.0931,9.0237
FAM102B,7.4746,7.6152,7.5733,8.462,8.1331,8.4375
FAM104A,9.3596,9.3803,9.3416,8.306,8.2942,8.2873
FAM104B,6.2817,6.141,6.2374,6.2124,6.1363,5.8542
FAM107B,10.2628,10.2805,10.2281,9.7169,9.7809,9.7845
FAM110A,6.083,5.9248,6.1865,5.5723,5.2161,5.4588
FAM110B,5.8211,5.7009,5.5718,5.5723,5.2879,5.227
FAM111A,8.5478,8.5718,8.6796,7.8546,8.0633,7.9057
FAM111B,6.6303,6.706,6.8737,5.0773,5.4531,4.8725
FAM114A1,12.0505,12.0298,12.0416,11.8056,11.7646,11.7454
FAM114A2,8.7749,8.6794,8.7069,8.5091,8.4113,8.3171
FAM117A,5.8526,5.6391,5.518,5.8095,5.3562,5.7487
FAM117B,6.8018,6.7795,6.8302,9.2498,9.1006,9.3998
FAM118A,8.6502,8.3388,8.4145,8.081,8.1184,8.0414
FAM118B,8.7331,8.5383,8.5648,8.4179,8.3116,8.2453
FAM120A,11.9994,11.9533,11.9742,11.502,11.4987,11.5178
FAM120AOS,8.4324,8.3629,8.2425,8.5049,8.3456,8.5199
FAM120B,8.7749,8.7506,8.7426,8.5091,8.4971,8.4442
FAM124A,3.1705,4.0004,3.3362,3.6442,3.4107,3.3961
FAM126A,11.1036,11.1468,11.1054,10.5976,10.7831,10.6482
FAM126B,7.8866,8.0725,7.9691,8.5668,8.6682,8.7669
FAM131A,7.1709,7.1886,7.3604,7.1623,7.1915,7.2526
FAM131B,8.1055,7.838,7.9691,7.3896,7.5463,7.4872
FAM131C,4.7952,4.0956,4.2989,3.2195,4.0287,4.6561
FAM133B,8.5574,8.5676,8.3884,8.2914,8.387,8.471
FAM135A,7.1583,7.2926,7.164,7.6485,7.9351,7.8659
FAM136A,8.9457,8.8865,8.8085,8.6301,8.6782,8.4644
FAM13B,9.9213,10.0113,9.9881,10.1087,10.1802,10.1627
FAM13C,5.6874,5.2415,5.5718,5.2882,5.3562,4.8725
FAM149A,4.5858,4.4952,4.1652,3.6442,3.6473,3.5038
FAM149B1,8.8705,8.8898,8.85,8.2109,8.0479,7.9775
FAM151B,5.1907,5.3224,5.4039,5.2882,5.8819,5.4588
FAM153B,3.1705,3.7889,3.0629,3.7619,4.0287,3.604
FAM155A,9.6676,9.7693,9.6771,11.0998,11.0585,11.0804
FAM156A,8.5186,8.1242,8.44,8.7382,8.5816,8.6399
FAM156B,5.9434,6.7359,6.4536,6.2732,6.1363,6.29
FAM160A2,8.0453,8.0841,8.1348,8.1636,8.0986,8.1155
FAM160B1,9.8271,9.7961,9.8789,9.615,9.5542,9.5439
FAM160B2,9.8291,9.8854,9.9339,10.3927,10.4187,10.3394
FAM161A,9.0205,9.038,9.1245,9.3566,9.4446,9.3681
FAM161B,7.0398,6.8765,6.9671,7.1298,6.9474,7.0275
FAM162A,7.8163,7.8172,7.6188,7.8809,7.7314,7.7059
FAM162B,5.2393,5.1558,5.3119,4.1552,4.5208,4.1595
FAM167B,3.6731,3.2413,3.6682,3.972,3.5338,3.7856
FAM168A,10.6462,10.7032,10.6026,10.2285,10.287,10.1912
FAM168B,11.7233,11.7594,11.6993,11.9085,11.9667,11.9262
FAM171A1,9.8893,9.7837,9.9606,10.0834,9.9299,10.0606
FAM171A2,8.324,8.5425,8.4793,9.1722,9.113,9.105
FAM171B,8.8973,8.8932,8.9752,8.6532,8.7014,8.783
FAM172A,9.0344,9.0647,8.9139,9.0121,9.2177,9.143
FAM174A,7.5915,7.789,7.5865,8.3012,8.2545,8.4908
FAM174B,3.5242,3.3989,2.904,3.5161,3.276,3.7856
FAM174C,8.8195,8.7759,8.7916,9.4798,9.1544,9.4393
FAM177A1,9.9508,9.9726,9.9197,9.518,9.5919,9.5736
FAM180A,5.9724,5.9505,5.792,4.8831,3.6473,3.8686
FAM184B,3.3581,4.2689,4.0178,4.0665,4.0287,3.7856
FAM185A,5.1907,5.6072,5.792,5.0773,5.4839,5.4317
FAM186B,2.9547,2.348,2.5217,3.2195,3.7525,3.604
FAM187A,4.659,4.0956,4.8712,4.0665,4.5208,4.7021
FAM189B,9.0917,9.0676,9.2721,9.3448,9.3218,9.3875
FAM193A,9.1016,8.9892,9.0718,9.2673,9.2039,9.1739
FAM193B,8.3954,8.3772,8.4616,8.4401,8.2986,8.3245
FAM199X,9.2863,9.3991,9.326,9.5138,9.5578,9.6102
FAM200A,7.0398,6.58,6.6033,7.3049,7.0947,7.1733
FAM200B,8.099,8.0489,8.2047,8.657,8.6342,8.7118
FAM204A,8.7074,8.7938,8.9008,8.8751,8.8658,8.9754
FAM207A,7.848,7.838,7.8102,7.3712,7.3254,7.3131
FAM20B,10.488,10.4844,10.442,10.2375,10.2335,10.2329
FAM20C,10.62,10.6176,10.6283,10.3069,10.2946,10.3128
FAM210A,8.0724,8.0841,7.8918,7.9814,8.0785,8.1696
FAM210B,10.1402,10.0885,10.0676,11.0644,11.0254,11.0244
FAM214A,8.6092,8.4374,8.4291,9.3042,9.2872,9.3247
FAM214B,9.797,9.9281,9.856,9.3042,9.3598,9.2799
FAM216A,7.9464,7.8653,7.8705,7.4168,7.5017,7.3923
FAM217B,8.2128,8.1072,8.0087,8.3861,8.3116,8.461
FAM219A,9.3178,9.3732,9.4659,9.6364,9.6845,9.8057
FAM219B,9.4029,9.3613,9.3722,9.0618,9.2246,9.0835
FAM220A,8.2128,8.2064,8.2794,8.0291,7.9462,7.9868
FAM221A,5.3759,5.399,4.6883,5.3646,4.8401,5.0249
FAM222A,4.3406,4.5634,4.5341,5.6957,5.3562,5.5113
FAM222B,9.1564,9.0439,9.1557,10.036,9.8757,10.0484
FAM227B,4.8588,5.0168,5.1794,5.725,5.5438,5.4317
FAM229A,4.8588,4.1849,4.4213,4.9342,5.5142,5.3761
FAM229B,7.2321,7.2415,7.2898,7.2854,7.4242,7.2371
FAM234A,10.8738,10.688,10.8226,11.2808,11.211,11.2834
FAM234B,7.7508,7.6233,7.7589,7.8346,7.6723,7.8809
FAM241A,8.3127,8.3913,8.2383,8.3584,8.6445,8.2798
FAM24B,4.0451,2.8627,3.7639,3.2195,3.5338,3.2797
FAM32A,10.3933,10.4076,10.4147,10.2984,10.1684,10.28
FAM3A,9.1114,8.9388,9.1601,9.547,9.3968,9.3805
FAM3C,10.6563,10.7154,10.6067,10.8012,10.8748,10.8795
FAM43A,7.6193,7.6626,7.8597,10.3639,10.2278,10.4746
FAM47E,5.0343,4.863,4.8712,5.4014,5.2879,5.2885
FAM47E-STBD1,6.4968,6.442,6.7966,5.8632,6.6399,5.6349
FAM50A,10.5567,10.5051,10.5126,10.2601,10.2152,10.0987
FAM50B,6.7186,6.7505,6.739,5.9892,5.8819,5.9714
FAM53A,5.1907,5.5069,5.4621,4.7181,4.7413,4.7898
FAM53B,8.1759,8.1904,8.0425,8.3396,8.4819,8.5949
FAM53C,10.1434,10.0189,10.1878,9.9284,9.7995,9.8123
FAM71E2,3.9314,2,2,3.3754,2.5596,3.7856
FAM71F1,4.3406,2.6282,2.5217,2.8457,2.7747,2.6888
FAM71F2,5.4187,5.3612,5.518,5.4014,5.7097,5.5113
FAM72A,5.2393,5.1558,5.8585,4.7753,4.5208,4.6561
FAM72B,6.1608,6.1631,5.598,3.5161,4.5208,4.5088
FAM72C,5.0883,4.9161,5.4621,4.0665,4.33,2.6888
FAM72D,4.3406,5.5411,4.7827,2,3.4107,4.0921
FAM76A,6.6839,6.5964,6.6416,6.8923,6.6122,6.8035
FAM76B,6.9696,7.111,6.9263,7.9383,7.9295,7.8759
FAM78A,4.8588,4.3484,4.4213,4.7181,5.3892,5.227
FAM83D,8.4988,8.6405,8.8029,5.6353,5.9049,5.914
FAM83F,3.3581,3.7889,3.7639,4.6587,3.6473,3.8686
FAM83G,9.523,9.591,9.5754,9.9284,9.8916,9.9895
FAM83H,4.0451,4.2689,3.7639,5.4014,5.3225,5.1952
FAM86B1,5.9724,5.7602,5.5718,4.2388,4.4599,4.6087
FAM86C1P,7.1709,7.088,6.9055,5.8632,5.7097,5.562
FAM89A,6.6839,6.7651,6.7032,8.0979,8.053,8.0854
FAM89B,9.4002,9.5004,9.6176,10.4552,10.2538,10.3876
FAM8A1,9.5107,9.5971,9.5285,8.7772,8.889,8.709
FAM91A1,10.3427,10.3995,10.2937,11.135,11.0661,11.1725
FAM98A,11.5343,11.5139,11.5779,10.7952,10.8986,10.6915
FAM98B,9.3814,9.6896,9.4676,8.5258,8.5816,8.3786
FAM98C,7.3803,7.3897,7.2408,7.4346,7.2284,7.1235
FAM9C,3.5242,3.2413,3.4556,4.7181,4.5208,3.3961
FAN1,7.1068,5.5069,5.518,6.3875,5.5438,5.7487
FANCA,7.8401,8.0783,8.1832,5.9649,6.2304,5.7043
FANCB,5.5783,5.789,6.2037,4.7181,4.2603,4.1595
FANCC,7.7083,7.6858,7.7177,7.4435,7.6384,7.4337
FANCD2,8.0316,8.3192,8.2672,6.369,6.667,6.0971
FANCE,6.9981,6.9674,6.9969,5.8095,5.7097,5.6349
FANCF,7.3911,7.2724,7.1901,7.3988,7.5752,7.6659
FANCI,9.1212,9.378,9.3299,7.7229,7.7757,7.5762
FANCM,6.9696,6.9291,6.8844,6.3504,6.5109,6.1968
FANK1,4.0451,4.5634,4.5874,6.149,5.9718,6.1806
FAP,10.7441,10.7266,10.7146,10.916,11.0591,10.925
FAR1,9.9416,9.9167,9.9631,9.3775,9.3388,9.4206
FAR2,6.4766,6.5126,6.895,6.2532,6.7328,6.4056
FARP1,12.0573,12.0608,12.0975,12.0083,12.0998,11.9715
FARP2,9.4908,9.5558,9.4097,9.6287,9.6712,9.6893
FARS2,7.0937,7.0409,7.0921,6.7139,6.8794,6.7498
FARSA,10.4627,10.4041,10.4128,10.0448,10.0157,10.0727
FARSB,10.0848,9.9313,10.0308,8.9791,9.2383,9.0594
FASN,12.1692,12.1553,12.2855,12.4419,12.2075,12.432
FASTK,9.9562,9.9959,10.0523,9.8172,9.7918,9.8318
FASTKD1,7.6376,7.4718,7.5058,7.6787,7.8487,7.8958
FASTKD3,6.8179,6.4237,6.6911,6.5761,6.4958,6.5254
FASTKD5,8.5137,8.3436,8.6328,8.7772,8.8332,8.8147
FAT1,13.8673,13.8655,13.6148,12.9683,12.9665,12.8538
FAT2,2,3.0644,2.904,3.7619,3.6473,3.6977
FAT3,5.6874,5.7009,6.0791,5.9892,5.6291,5.7487
FAT4,10.2089,10.2524,9.9106,9.6875,9.8988,9.5844
FAU,11.3328,11.25,11.2461,11.2758,11.2559,11.1766
FAXC,5.3759,4.8078,4.8276,5.2882,5.3892,5.562
FAXDC2,7.067,6.7795,6.7623,7.9753,7.9125,7.8659
FBF1,6.4766,6.6126,6.8629,5.9401,6.0768,6.1643
FBH1,10.3838,10.2792,10.3612,10.5766,10.6137,10.5944
FBL,9.1939,9.202,9.1862,8.1474,8.1525,8.1573
FBLN1,10.999,10.9729,11.0111,10.5985,10.6345,10.586
FBLN2,9.5995,9.4061,9.5588,9.6072,9.6165,9.504
FBLN5,11.4929,11.4388,11.47,11.9652,12.0243,11.9532
FBLN7,3.1705,3.8985,4.4788,3.7619,3.1274,4.0921
FBN1,14.38,14.357,14.3188,14.0949,14.166,14.0308
FBN2,12.1311,12.1621,11.9301,11.9101,11.9837,11.8247
FBRS,10.5105,10.5697,10.6147,10.6481,10.5621,10.6185
FBRSL1,8.9782,9.0909,9.1132,9.6364,9.4602,9.6444
FBXL12,8.4272,8.4997,8.5481,8.6982,8.6614,8.5579
FBXL13,3.1705,3.2413,4.4788,3.6442,3.5338,3.1531
FBXL14,6.9108,6.9291,6.9468,7.4869,7.1915,7.5067
FBXL15,6.9405,6.8357,6.7853,7.1298,7.2284,7.2982
FBXL16,6.0562,6.1849,6.3649,6.7285,6.8321,6.6122
FBXL17,8.4634,8.6717,8.6611,9.024,9.0805,9.182
FBXL18,8.8705,8.8998,8.8057,8.7911,8.56,8.6458
FBXL19,9.5498,9.4382,9.5787,10.5776,10.4571,10.6058
FBXL2,7.8866,7.789,7.6996,6.9555,6.9803,7.0807
FBXL20,8.3352,8.2485,8.0425,9.3187,9.3451,9.3998
FBXL22,4.3406,3.6702,3.4556,3.5161,3.1274,2.8607
FBXL3,9.6609,9.7729,9.7358,9.1318,9.055,9.0921
FBXL4,8.4061,8.3913,8.4108,8.2315,8.0836,8.0898
FBXL5,9.4214,9.4176,9.3102,8.7631,8.8211,8.8661
FBXL6,7.2321,7.1447,7.4708,7.0041,7.023,6.9535
FBXL7,8.5906,8.6045,8.7278,8.3953,8.4431,8.4543
FBXL8,6.4145,6.1849,6.3649,6.7571,7.0644,7.2293
FBXO10,8.231,8.0429,8.0661,8.9202,8.7403,8.8329
FBXO11,9.9886,9.9473,9.9197,9.3139,9.4986,9.4257
FBXO15,5.54,5.6072,5.88,5.3269,4.887,5.4588
FBXO17,8.3954,8.3485,8.4255,7.2251,7.4082,7.4132
FBXO2,5.0343,4.9673,5.1443,6.1272,6.1168,6.1478
FBXO21,9.4214,9.4153,9.4371,9.4582,9.3535,9.6162
FBXO22,9.4397,9.3803,9.2741,10.3057,10.2881,10.2387
FBXO24,3.5242,4.0956,3.4556,4.2388,3.5338,3.947
FBXO25,8.099,8.2943,8.1437,8.7202,8.8181,8.7034
FBXO27,5.6156,5.8172,5.4903,4.9342,5.3892,4.5596
FBXO28,9.6157,9.6626,9.7446,9.3798,9.4505,9.4359
FBXO3,8.9818,8.9356,8.9295,8.8817,8.9034,8.8736
FBXO30,9.3705,9.4337,9.376,8.7807,8.7625,8.8303
FBXO31,9.0031,9.1024,9.2454,8.3723,8.387,8.3245
FBXO33,8.324,8.269,8.4828,9.3752,9.2652,9.4827
FBXO34,8.9272,8.7973,9.0718,8.5465,8.6029,8.598
FBXO36,5.5783,5.4718,5.4039,4.6587,5.5728,5.5867
FBXO38,9.1373,9.0851,9.0741,9.5612,9.613,9.6011
FBXO4,5.6156,6.2893,5.6739,5.5397,6.0147,5.7705
FBXO41,7.3251,7.3991,7.5196,7.9257,7.679,8.0052
FBXO42,8.9161,8.9705,9.0267,8.8817,9.0981,8.966
FBXO43,3.1705,4.0004,3.938,3.3754,2.7747,2.4936
FBXO44,8.0316,7.8172,7.8597,7.9003,7.7632,7.8859
FBXO45,7.9168,8.4099,8.1961,8.3157,8.1998,8.2297
FBXO46,7.5147,7.2724,7.2655,6.8397,6.8441,6.7054
FBXO48,5.5007,5.7309,5.1794,4.8302,4.6892,5.3761
FBXO5,7.6822,7.9313,7.8918,6.4589,6.7583,6.3775
FBXO6,6.1094,6.2276,6.4679,6.0599,6.0969,6.0085
FBXO7,10.2642,10.3509,10.2857,10.5564,10.6267,10.629
FBXO8,7.6556,7.3027,7.3137,7.6253,7.3838,7.2603
FBXO9,10.0881,10.0754,9.9831,9.9703,10.1078,10.1147
FBXW12,4.0451,3.2413,3.206,3.6442,3.6473,3.6977
FBXW2,10.3427,10.5266,10.4147,10.4497,10.4454,10.4779
FBXW4,7.9682,7.9632,7.7989,7.6936,7.3254,7.6307
FBXW5,10.6349,10.5882,10.692,10.7883,10.718,10.8208
FBXW7,8.0724,8.0128,8.1213,8.2865,8.4273,8.2607
FBXW8,9.5594,9.5663,9.5336,9.0444,9.0956,8.9518
FBXW9,6.8338,6.9291,6.9366,7.5207,7.44,7.6366
FCAMR,3.6731,3.2413,3.7639,4.5967,3.9423,4.2856
FCF1,9.6407,9.6451,9.6224,9.549,9.5469,9.5813
FCGBP,2.3925,2.6282,2.7255,3.0447,3.8505,2.4936
FCGR1B,4.427,4.0956,4.0178,3.2195,4.5208,4.4561
FCGR3B,6.6119,6.58,6.6789,6.8263,6.9138,6.7498
FCGRT,9.4706,9.4084,9.4623,10.3949,10.2881,10.4318
FCHO1,3.1705,3.7889,3.3362,3.0447,3.276,3.0143
FCHO2,8.8275,8.8698,8.8308,9.6325,9.6862,9.7398
FCHSD1,9.1049,9.128,9.2329,8.5341,8.4352,8.5642
FCHSD2,9.4056,9.463,9.4408,9.2397,9.2828,9.4171
FCMR,2.7008,2.348,2.904,3.7619,3.7525,4.0214
FCN1,3.5242,3.7889,3.4556,3.5161,3.276,3.6977
FCRL5,4.5858,4.8078,4.0934,4.8302,4.2603,4.5596
FCRLA,4.1505,4.4237,4.0178,3.2195,3.9423,3.7856
FCRLB,4.7287,5.4359,5.1794,4.9342,4.8401,5.3761
FCSK,7.0122,6.9923,6.9771,6.5599,6.584,6.7822
FDFT1,10.5852,10.5749,10.6091,11.2042,11.1413,11.2509
FDPS,10.6905,10.6678,10.6775,10.9024,10.787,10.8234
FDX1,8.1055,8.0957,8.2174,8.3998,8.5887,8.4644
FDX2,7.7169,7.6548,7.9591,8.0233,8.0427,8.1365
FDXACB1,5.4187,5.8172,5.649,5.2882,5.7356,5.4042
FDXR,8.4008,8.031,8.0329,8.9421,8.9147,8.7723
FECH,8.8744,8.8426,8.7572,8.5869,8.8628,8.7424
FEM1A,9.5107,9.6568,9.6848,9.8019,9.6147,9.8031
FEM1B,10.0748,10.0971,10.0734,10.754,10.7901,10.8363
FEM1C,9.3568,9.1993,9.3003,8.9515,9.0369,9.0214
FEN1,8.8705,9.0793,9.0811,7.8678,7.8723,7.7934
FER,9.4629,9.6685,9.4888,9.3821,9.4757,9.4545
FER1L5,4.9197,4.6285,4.0178,4.1552,4.2603,3.7856
FER1L6,3.1705,2.6282,2.904,4.8831,4.6352,4.4015
FERMT2,12.0082,11.9533,11.9726,9.6072,9.8669,9.5217
FERMT3,4.3406,4.3484,4.0934,4.5318,4.4599,4.5596
FES,6.4562,6.3676,6.2206,5.4014,5.4839,5.0954
FEZ1,8.9818,9.038,8.9651,9.0531,8.94,8.9707
FFAR2,4.1505,3.0644,3.0629,3.3754,2.9618,3.6977
FFAR3,6.2345,6.3676,6.3025,6.2329,6.0969,6.1142
FGD1,9.3375,9.3469,9.4516,9.3018,9.3261,9.3858
FGD2,3.3581,4.0004,3.5658,3.3754,3.1274,3.947
FGD4,7.6822,7.7603,7.54,8.8554,8.9005,8.8886
FGD6,7.9609,7.8653,7.6691,8.4179,8.4971,8.3097
FGF1,8.448,8.4909,8.4616,6.4589,6.7833,6.5507
FGF11,4.2487,4.0956,4.0934,3.972,3.6473,3.947
FGF13,5.4603,5.6704,5.518,6.0367,6.4019,5.6584
FGF14,5.6874,5.2825,5.1083,4.2388,4.887,5.3183
FGF2,10.9146,10.9524,10.8818,12.4011,12.2797,12.5668
FGF22,3.1705,3.6702,3.938,2.8457,4.1101,3.2797
FGF23,3.5242,3.7889,3.938,3.6442,3.7525,3.8686
FGF5,11.4923,11.7707,11.7147,9.4755,9.8238,9.4827
FGF7,10.2256,10.2407,10.1813,11.2758,11.2764,11.3114
FGF9,3.5242,3.7889,3.3362,3.2195,3.8505,3.5038
FGFBP3,4.0451,3.8985,4.9136,4.3179,4.5208,4.0214
FGFR1OP2,8.9638,8.983,8.955,9.0703,9.0576,9.0704
FGFR3,4.1505,4.7505,4.2336,4.0665,4.2603,3.947
FGFR4,4.659,4.2689,4.5341,4.9342,4.5208,5.0606
FGFRL1,10.513,10.4169,10.5441,11.0615,11.0572,11.1332
FGGY,6.5555,6.3866,6.3649,6.1272,6.584,6.3916
FGL2,7.9168,7.8311,7.8543,9.1985,9.113,9.1718
FH,10.2947,10.3339,10.4101,9.3114,9.3722,9.1304
FHDC1,3.808,4.1849,4.2336,5.122,4.7413,4.4015
FHL1,10.1812,10.2263,10.251,10.5716,10.6362,10.6027
FHL2,11.8519,11.8657,11.9152,10.7673,11.0036,10.7155
FHOD1,10.2628,10.2868,10.3195,10.226,10.2163,10.2201
FHOD3,8.324,8.3581,8.2995,6.9678,7.0438,7.0094
FIBCD1,8.4008,8.6601,8.6486,9.0092,8.8832,9.0856
FIBIN,8.6592,8.5593,8.7396,8.6758,8.7371,8.4341
FIBP,9.6654,9.6858,9.6848,9.5774,9.4564,9.504
FICD,7.6734,7.8172,7.8971,5.3646,5.4531,5.2885
FIG4,7.879,8.0189,8.0087,7.3805,7.6246,7.6307
FIGN,6.5166,6.6126,6.6033,5.7819,5.6565,5.3475
FIGNL1,7.6996,7.872,7.8705,6.6844,6.7957,6.7607
FILIP1,3.6731,3.5409,3.6682,3.972,4.2603,3.7856
FILIP1L,10.4159,10.1014,10.2166,11.6568,11.4633,11.6114
FIP1L1,9.5925,9.6451,9.5901,10.2028,10.2278,10.2032
FIS1,9.9232,9.9085,9.9416,9.9472,9.8945,9.9267
FITM2,8.3846,8.4099,8.3959,8.5506,8.4819,8.4169
FIZ1,7.4948,7.3323,7.5196,7.7588,7.6656,7.7003
FJX1,9.5157,9.5807,9.6367,10.0707,9.8268,10.0912
FKBP10,13.3909,13.352,13.3738,13.105,13.1567,13.0717
FKBP11,8.567,8.6832,8.6888,8.5547,8.4626,8.3245
FKBP14,10.8738,10.9954,10.8488,10.7262,10.8468,10.6275
FKBP15,9.7848,9.6953,9.7621,10.0877,9.9411,10.017
FKBP1A,12.5634,12.57,12.5371,11.9513,12.02,11.9621
FKBP1B,6.1858,6.2893,6.1692,6.3875,6.4339,6.2596
FKBP2,8.8744,8.8219,8.8141,9.1588,9.0317,9.1114
FKBP3,9.5854,9.5828,9.5852,8.8653,8.9566,8.8636
FKBP4,10.7525,10.6385,10.6075,10.128,10.0637,10.0672
FKBP5,8.1883,8.2064,8.3349,7.3805,7.4557,7.4132
FKBP7,9.3841,9.4176,9.4078,10.3697,10.3678,10.4034
FKBP9,11.7602,11.8094,11.8011,11.924,11.9935,11.9872
FKBPL,5.0883,5.0646,5.0336,5.1654,4.7413,5.227
FKRP,9.3291,9.275,9.406,9.795,9.6712,9.712
FKTN,9.4082,9.6132,9.5387,9.2193,9.324,9.1861
FLAD1,8.6944,8.5383,8.8085,9.2372,9.078,9.18
FLCN,8.8705,8.9096,8.9601,10.0692,9.9327,10.0965
FLG,4.5086,4.2689,4.7363,4.9835,4.9766,4.7898
FLI1,7.6645,7.7747,7.7876,8.1953,8.1621,8.0234
FLII,11.9386,11.8581,11.9461,11.4394,11.3247,11.3453
FLNA,16.4795,16.4691,16.5496,15.651,15.7215,15.654
FLNB,12.5903,12.564,12.6107,10.9543,10.9458,10.928
FLNC,15.0927,15.0692,15.216,13.7835,13.8299,13.7675
FLOT1,8.0589,8.0189,8.2258,7.6936,7.5966,7.8249
FLOT2,10.2495,10.2792,10.365,10.0563,10.0262,10.0868
FLRT1,3.3581,2.6282,3.3362,2.8457,3.8505,3.3961
FLRT2,9.5279,9.454,9.3798,10.3357,10.328,10.3284
FLRT3,6.7691,6.4053,6.482,8.4223,8.138,8.4135
FLT1,8.7542,8.8529,8.7601,9.7724,9.8208,9.7885
FLT3LG,6.083,6.0249,6.2206,5.8095,6.0357,5.7267
FLT4,6.4355,5.8172,6.2037,7.0626,6.2304,5.7267
FLVCR1,6.8957,6.7359,6.7271,6.4414,6.7456,6.6711
FLVCR2,5.6156,5.2825,5.5718,4.7181,4.6892,4.6561
FLYWCH1,9.801,9.8032,9.9001,10.3487,10.2152,10.3385
FLYWCH2,8.1945,8.4909,8.4145,8.4964,8.6648,8.625
FMC1,5.3318,5.7309,6.0791,5.4372,5.6834,5.6349
FMC1-LUC7L2,8.5038,8.3485,8.2508,8.1035,8.2274,8.4238
FMN1,9.7306,9.9118,9.724,8.6028,8.8481,8.4066
FMN2,9.7475,9.8937,9.8105,8.3348,8.6238,8.3282
FMNL2,9.2153,9.5155,9.4992,9.726,9.8403,9.934
FMNL3,10.1765,10.2549,10.2551,10.3604,10.3689,10.4738
FMO3,3.5242,3.7889,2.7255,3.2195,3.7525,4.0921
FMO5,4.9197,4.6908,4.8276,5.0312,5.1013,4.7898
FMOD,7.1199,7.0046,6.9969,7.8546,8.3116,8.0898
FMR1,8.6813,8.7759,8.5911,8.9607,8.8745,8.8458
FN1,18.9422,18.8693,18.8937,18.3914,18.4697,18.1782
FN3K,6.2817,5.7009,5.8585,6.2928,6.0564,5.9334
FN3KRP,8.448,8.5593,8.5481,7.1298,7.2192,7.3853
FNBP1,9.4782,9.3661,9.4569,9.4494,9.5303,9.491
FNBP1L,8.9272,9.038,8.9398,8.7418,9.0238,8.9181
FNBP4,9.3064,9.4268,9.2598,9.6688,9.6779,9.6371
FNDC1,4.9197,4.4952,4.9947,5.5063,5.2879,5.1952
FNDC10,7.3474,7.4176,7.3981,7.7937,7.8005,7.5387
FNDC11,3.5242,3.0644,3.206,3.2195,3.7525,3.604
FNDC3A,10.9043,10.9299,10.8791,10.5766,10.5694,10.5944
FNDC3B,12.2223,12.2256,12.191,12.1303,12.0985,12.102
FNDC4,8.3792,8.4953,8.3543,8.2366,8.3372,8.306
FNDC5,3.5242,3.0644,2.904,3.7619,3.4107,3.0143
FNIP1,9.4629,9.4038,9.3435,10.3129,10.2482,10.2923
FNIP2,8.716,8.7542,8.7888,8.3861,8.2767,8.253
FNTA,9.5474,9.5642,9.6192,9.7967,9.8873,9.7858
FNTB,8.4736,8.269,8.3504,8.0174,7.9845,7.8145
FOCAD,10.3986,10.389,10.4393,9.1208,9.2314,9.0943
FOLR2,7.6556,7.2724,7.4276,7.8874,7.8897,7.5946
FOS,4.9781,4.9673,5.3432,6.149,6.4652,6.4056
FOSB,4.3406,4.6908,4.1652,5.9149,6.0768,6.6122
FOSL1,11.581,11.6441,11.717,11.3334,11.2988,11.3534
FOSL2,11.0295,10.9776,11.0495,9.0874,9.1544,8.7963
FOXC1,8.422,8.4465,8.5278,9.1125,9.1302,9.2435
FOXC2,8.0657,8.269,8.3271,7.7937,7.8723,7.7449
FOXD1,10.6574,10.7759,10.8583,10.892,10.8077,10.8663
FOXD2,3.9314,4.0956,4.6387,3.8708,4.1872,4.0214
FOXD4,2,2.348,2.5217,3.972,2.7747,3.2797
FOXF1,11.3307,11.2461,11.2304,12.3742,12.4596,12.526
FOXF2,8.324,8.4644,8.4145,9.1208,9.1179,9.2551
FOXJ2,9.3036,9.28,9.3082,8.976,9.0576,9.0506
FOXJ3,9.5784,9.6193,9.5285,9.7422,9.8025,9.7778
FOXK1,10.6685,10.7349,10.6291,10.8485,10.7493,10.7481
FOXK2,9.8682,9.8954,10.0175,10.1524,10.005,10.1253
FOXL1,10.8368,10.9063,10.9571,11.3417,11.361,11.3399
FOXL2,3.3581,3.5409,3.4556,5.3269,4.8401,5.7043
FOXL2NB,3.5242,3.6702,3.938,4.3928,4.6892,4.2239
FOXM1,10.068,10.1535,10.25,7.2251,7.3838,6.991
FOXN2,7.9537,8.0005,8.2466,7.5537,7.6246,7.6659
FOXO1,3.3581,2.8627,2.5217,3.7619,3.9423,3.8686
FOXO3,10.4434,10.552,10.4926,10.1778,10.2289,10.1555
FOXO4,6.7691,6.58,6.7271,7.6787,7.679,7.7394
FOXP1,10.6574,10.7285,10.6362,10.4918,10.6659,10.5298
FOXP2,6.1608,5.789,5.963,5.7537,5.9718,5.7267
FOXP4,9.315,9.2337,9.4134,9.3163,9.3154,9.3411
FOXQ1,2.7008,2.348,3.0629,5.5063,5.1406,4.7898
FOXRED1,7.5727,7.6781,7.6567,6.9921,7.1439,7.2371
FOXRED2,7.8083,7.9568,7.9741,8.2517,8.1086,8.3926
FPGS,9.722,9.595,9.7269,9.6092,9.491,9.7315
FPGT,8.0316,7.9441,7.9641,7.3337,7.5608,7.4607
FPGT-TNNI3K,4.2487,4.6285,4.4213,3.5161,3.5338,3.3961
FRA10AC1,8.4532,8.4192,8.2753,7.8744,8.2044,8.037
FRAS1,2.7008,3.3989,2.7255,3.8708,3.5338,3.2797
FRAT1,4.8588,4.4237,5.1083,5.9149,6.0357,6.1311
FRAT2,6.1858,6.2276,6.0975,7.4954,7.4082,7.5324
FREM1,5.0343,3.3989,5.3432,5.4372,3.7525,4.2239
FRG1,7.4335,7.5662,7.4637,7.5537,7.6384,7.5196
FRG1BP,7.7254,7.8449,7.7933,8.5587,8.4587,8.4543
FRG2B,8.567,8.5467,8.3922,8.9851,8.8687,8.8762
FRK,7.5727,7.6072,7.0261,7.2455,7.6106,7.3993
FRMD1,2.3925,2.6282,6.1338,2.6149,2.7747,4.1595
FRMD4A,11.0962,11.0115,10.9734,11.7923,11.7654,11.7999
FRMD5,7.5915,7.8787,7.7704,6.5761,6.9694,6.29
FRMD6,13.2094,13.3028,13.2382,12.922,13.1569,12.9816
FRMD8,9.4267,9.4917,9.439,10.6746,10.5979,10.688
FRMPD3,3.808,3.8985,3.6682,2.34,2.5596,2.2678
FRMPD4,5.5007,5.2415,5.6739,5.1654,5.4531,5.3475
FRRS1,6.0562,6.0725,6.4246,5.1654,5.2525,5.0954
FRRS1L,3.3581,3.7889,3.7639,3.0447,3.8505,3.3961
FRS2,9.1659,9.4562,9.2822,9.0386,9.1154,8.973
FRY,9.0171,8.9642,8.9801,10.3592,10.2036,10.2696
FRYL,10.1671,10.1157,10.0126,10.1156,10.0953,10.1211
FRZB,5.2863,5.399,5.5718,6.7139,7.2375,7.0275
FSBP,4.0451,2,3.7639,2.6149,2.5596,2
FSCN1,13.0948,13.162,13.1969,12.8539,12.8508,12.8425
FSCN2,3.6731,4.3484,4.4213,3.3754,4.0287,3.5038
FSD1,7.4948,7.6548,7.9336,7.4869,7.0947,7.2293
FSD1L,6.3716,6.2064,6.3341,6.4236,7.0124,6.7498
FSD2,4.2487,4.3484,4.5341,4.3179,4.4599,4.4015
FSIP1,4.1505,3.8985,3.8536,4.2388,4.1872,4.3447
FSIP2,6.9257,7.0995,6.5236,6.6543,6.9363,6.9629
FST,11.7957,11.9171,11.9848,12.1744,12.2213,12.2613
FSTL1,14.8848,14.8573,14.8493,14.8297,14.9125,14.8445
FSTL3,10.5876,10.6707,10.7581,9.8706,9.8343,9.7315
FTCDNL1,6.5166,6.6908,7.5534,7.5939,7.8188,7.8557
FTH1,15.1031,14.9978,15.0305,15.3833,15.3076,15.3467
FTL,15.1861,15.1424,15.1088,15.8525,15.7443,15.8224
FTO,10.0167,10.0295,9.9656,9.2218,9.3639,9.22
FTSJ1,9.3949,9.3897,9.5819,8.6945,8.7145,8.7006
FTSJ3,10.3483,10.2931,10.3641,10.4876,10.4187,10.4309
FUBP1,10.5969,10.6513,10.7265,10.3226,10.3343,10.297
FUBP3,10.5615,10.5029,10.5757,9.9565,9.9659,9.9023
FUCA1,6.3273,6.0957,6.482,7.4523,7.44,7.3993
FUCA2,10.404,10.58,10.6195,10.6567,10.618,10.7274
FUNDC2,8.9048,8.7795,8.7859,9.2573,9.1805,9.2061
FUOM,6.6484,6.8494,6.8629,6.9305,6.7456,6.5507
FURIN,11.6964,11.681,11.7647,12.5655,12.4545,12.517
FUS,12.1802,12.2181,12.1964,11.3149,11.3867,11.2711
FUT1,3.5242,3.3989,2.904,3.0447,4.0287,3.7856
FUT10,7.1456,7.4268,7.3372,7.2149,7.3168,6.7498
FUT11,8.8628,8.9162,8.9139,9.9014,9.6355,9.88
FUT2,4.1505,4.6285,4.6387,4.7181,4.7413,4.2239
FUT4,7.256,7.454,7.4708,7.5455,7.2733,7.5638
FUT8,9.295,9.385,9.4335,9.3378,9.3927,9.3663
FUZ,6.6484,6.7795,6.8079,7.2656,6.7456,6.9439
FXN,7.4018,7.3323,7.5865,6.7571,6.6937,6.9629
FXR1,11.2224,11.1406,11.1213,11.1109,11.1358,11.1379
FXR2,10.2495,10.3783,10.3698,10.5369,10.4425,10.5146
FXYD1,3.808,3.3989,3.3362,2.6149,2.7747,3.1531
FXYD5,10.8901,10.821,10.9076,10.7007,10.6516,10.6823
FXYD6,2.9547,3.0644,2.7255,3.2195,3.6473,4.0921
FYB2,3.808,2.8627,3.4556,3.2195,3.6473,3.0143
FYCO1,10.8099,10.7524,10.8122,10.7451,10.718,10.7134
FYN,8.9711,8.9516,8.9321,8.5988,8.7047,8.7006
FYTTD1,10.7293,10.8563,10.7449,9.993,10.1335,10.0661
FZD1,9.3623,9.4038,9.3892,9.9915,9.9215,9.972
FZD2,10.4106,10.2562,10.2877,9.1854,9.1758,8.9446
FZD3,3.3581,2.8627,3.0629,4.3179,4.1101,4.0921
FZD4,8.1883,8.0548,7.9891,8.4134,8.3498,8.1979
FZD5,3.808,3.2413,3.206,3.7619,4.5791,4.3447
FZD6,11.3695,11.307,11.3363,11.4047,11.5328,11.3758
FZD7,11.6866,11.7291,11.7798,11.3185,11.4211,11.3257
FZD8,8.307,8.2843,8.4291,10.2438,10.1955,10.2998
FZD9,5.6519,5.3612,5.4333,5.4372,5.5142,5.562
FZR1,9.8031,9.8653,9.998,9.4969,9.5487,9.5487
G0S2,3.9314,3.0644,2.7255,5.3269,5.2161,5.7487
G2E3,8.9048,8.8698,8.8823,8.5628,8.753,8.7118
G3BP2,12.0505,12.0899,12.0371,12.51,12.502,12.5108
G6PC2,7.1583,7.0995,7.3527,7.5123,7.6036,7.6543
G6PC3,10.0814,10.1043,10.1462,10.7699,10.6735,10.6915
G6PD,12.0986,11.9982,12.023,12.3571,12.2695,12.3492
GAA,9.4135,9.3274,9.3911,10.2273,10.2312,10.2494
GAB1,7.7839,7.838,7.8759,8.7772,8.9484,8.8787
GAB2,8.3013,8.4689,8.2258,8.6833,8.8332,8.7062
GAB3,5.722,5.1558,5.3432,4.7181,4.6352,4.5088
GABARAP,11.5128,11.5101,11.4222,10.9497,11.0201,10.9662
GABARAPL2,9.8171,9.805,9.7922,10.2067,10.1708,10.1607
GABBR1,6.6839,6.9923,7.0548,6.3875,6.4019,7.4337
GABBR2,10.2074,10.3677,10.3999,10.8936,10.8183,10.9159
GABPA,9.2863,9.2596,9.2329,9.8341,9.8403,9.9495
GABPB2,7.3024,7.5495,7.6753,7.9131,7.7506,7.7934
GABRA2,6.2817,6.442,6.3951,10.0258,9.8388,10.4419
GABRA4,3.9314,4.0956,3.938,5.8366,5.7097,6.0085
GABRA5,5.4187,5.4718,5.1443,3.8708,3.8505,3.5038
GABRB1,6.6484,6.46,6.4246,6.9179,7.0542,7.1651
GABRB3,3.5242,3.0644,3.938,4.7753,4.33,4.3447
GABRE,4.427,3.6702,4.0178,3.8708,3.9423,3.8686
GABRP,4.2487,4.3484,4.2336,3.8708,4.2603,3.947
GAD1,9.8311,9.8449,9.7765,9.7583,9.5758,9.7021
GADD45A,9.9653,9.9742,9.9794,9.5054,9.5578,9.4795
GADD45B,8.7074,8.706,8.7802,8.0174,7.8781,7.9775
GADD45G,3.1705,3.3989,3.938,2.8457,3.276,3.947
GADD45GIP1,10.1482,10.1029,10.1395,9.9688,9.8669,9.7751
GADL1,3.3581,4.0956,3.8536,4.1552,4.1872,4.0921
GAK,10.5142,10.5159,10.5005,10.8952,10.813,10.8638
GAL,7.3024,7.1993,7.4708,8.6455,8.3911,8.7118
GAL3ST1,9.5995,9.1993,8.9576,9.5734,9.1399,9.6503
GAL3ST4,6.9981,6.8765,6.895,7.1836,7.0746,7.0094
GALC,8.7289,8.5964,8.6105,9.0703,9.0186,9.1678
GALE,8.324,8.2893,8.2794,8.0754,7.8664,7.93
GALK1,8.0038,7.872,8.1303,7.5039,7.7378,7.5576
GALK2,7.8942,7.8311,7.954,8.081,8.1428,8.1281
GALM,8.237,8.2276,8.2132,8.1474,8.0886,7.9914
GALNS,9.5948,9.4337,9.5671,9.7242,9.5687,9.5392
GALNT1,10.8719,10.9088,10.9552,12.4005,12.331,12.5158
GALNT10,12.2018,12.2151,12.1878,12.2172,12.3166,12.1535
GALNT11,9.0717,9.2073,9.06,9.5325,9.4229,9.5643
GALNT12,5.722,5.399,5.4039,4.7181,4.6352,4.7898
GALNT15,8.1507,8.1632,8.1393,7.4697,7.6856,7.3923
GALNT16,6.1094,6.3484,6.4679,5.5063,5.7097,5.5369
GALNT18,7.5727,7.4084,7.5058,8.0055,7.7569,8.0854
GALNT2,13.0231,12.9682,13.0394,12.4458,12.4758,12.3975
GALNT3,6.7525,6.5298,6.6789,5.122,5.0194,4.7466
GALNT4,8.0177,8.2741,8.2425,8.976,8.9232,8.6863
GALNT5,12.2336,12.2802,12.2477,12.2443,12.3818,12.0972
GALNT6,9.8566,9.9085,10.0114,7.9257,8.2182,7.9492
GALNT7,10.1966,10.2065,10.2006,9.0151,9.0956,8.9351
GALNT9,4.0451,4.0956,3.938,4.1552,4.1872,4.3447
GALR1,3.1705,3.2413,3.206,3.3754,3.6473,3.6977
GALR2,2.9547,3.5409,2.7255,3.7619,3.5338,3.3961
GALT,7.067,7.1558,6.8737,6.7139,7.0438,6.8754
GAMT,8.7625,8.7285,8.6765,9.0151,9.0447,9.0304
GAN,7.8636,7.9118,7.6936,8.0582,8.138,7.9106
GANAB,13.4441,13.3984,13.4459,13.4726,13.4349,13.453
GANC,7.6285,7.892,7.8434,7.7302,7.9682,7.7116
GAP43,4.2487,4.0004,4.1652,5.9892,5.7611,5.813
GAPDH,16.1447,16.1242,16.1409,15.6918,15.7045,15.6921
GAPDHS,3.9314,4.1849,4.4788,4.5318,4.6892,4.5088
GAR1,8.3127,8.4238,8.0136,7.9814,8.0427,8.0724
GAREM1,6.4355,6.4053,6.2206,8.3861,8.2455,8.8686
GAREM2,6.4145,6.141,6.2374,5.6658,5.6565,5.9526
GARNL3,4.7287,4.6908,4.6387,3.3754,4.0287,4.0921
GARS1,12.8381,12.8055,12.7943,11.8611,11.9864,11.7859
GART,10.093,10.1535,10.1373,9.8657,9.8844,9.8949
GAS1,5.8835,6.1185,5.8367,4.0665,4.4599,3.6977
GAS2,3.3581,2.8627,3.4556,3.3754,3.4107,3.947
GAS2L3,8.307,8.4329,8.4544,6.8263,6.8559,6.6361
GAS6,13.733,13.6618,13.7364,12.4138,12.5536,12.2905
GAS7,8.6502,8.7173,8.6642,8.5547,8.5381,8.5199
GAS8,7.734,7.445,7.4129,7.9631,7.9845,8.1069
GASK1B,8.3408,8.2588,8.1393,8.2109,8.4352,8.0636
GATA2,7.7169,7.7085,7.6316,7.1188,7.1244,7.3057
GATA3,2.3925,2.8627,3.4556,3.6442,4.2603,4.0214
GATA6,7.8558,7.789,8.0136,6.7852,7.0542,6.7822
GATAD1,8.9272,8.9452,8.9423,9.1318,9.1423,9.1071
GATAD2B,8.2489,8.2741,8.5346,8.5949,7.1915,8.3318
GATB,7.8243,7.7675,7.8865,7.4078,7.3756,7.5067
GATC,9.3841,9.454,9.3948,9.0646,9.0447,9.1921
GATD1,9.9101,10.0036,9.8533,9.788,9.7918,9.8188
GATD3A,4.427,5.5745,5.4039,5.4014,5.6012,5.4588
GATD3B,9.5498,9.3803,9.3102,9.4712,9.574,9.4427
GATM,5.7558,5.4359,5.6739,5.0773,5.0609,5.2885
GBA,10.0562,10.0563,10.1878,10.8284,10.6701,10.8156
GBA2,9.8051,9.7585,9.7794,10.1239,10.0288,10.142
GBE1,10.6257,10.6015,10.6219,10.2501,10.2727,10.2475
GBF1,11.847,11.8164,11.8411,11.536,11.5095,11.4487
GBGT1,5.0883,4.4952,5.1083,5.4722,5.0194,5.2885
GBP1,10.1046,10.2703,10.1953,7.8075,8.2634,7.8353
GBP2,7.1456,7.2622,7.4637,4.7753,5.3892,5.1295
GBP3,9.4241,9.3991,9.3627,9.3018,9.4544,9.3228
GBP4,4.3406,3.6702,4.2336,4.3179,4.5791,3.8686
GBP5,3.5242,3.2413,3.8536,3.7619,3.276,3.0143
GCA,4.3406,4.6908,4.2989,3.8708,3.7525,4.0214
GCAT,7.9825,7.7457,7.994,8.1201,8.1331,8.1407
GCC1,9.2274,9.032,9.138,9.1749,9.055,9.0304
GCC2,9.8988,9.8225,9.8175,10.4886,10.5739,10.5875
GCDH,7.6996,7.753,7.6252,7.3146,7.5966,7.4405
GCFC2,8.1055,8.2893,7.9691,7.4078,7.5895,7.3853
GCH1,3.9314,4.3484,4.7363,4.9835,4.5791,5.1295
GCHFR,3.9314,3.5409,3.6682,2.6149,2.7747,2
GCLC,9.0549,9.0995,9.129,10.3498,10.4726,10.2988
GCLM,9.1846,9.21,9.0926,8.2467,8.3498,8.1778
GCN1,12.2098,12.1775,12.2943,11.7948,11.7942,11.7515
GCNA,4.7287,3.5409,4.4788,4.9835,5.0609,4.6561
GCNT1,7.6556,7.4718,7.4989,5.2882,5.4215,5.1952
GCNT2,6.0562,6.269,6.3184,6.7571,6.9024,7.1975
GCNT3,3.3581,4.1849,3.4556,2.8457,3.4107,4.0214
GCNT4,5.7888,5.8986,5.7459,5.6658,5.7861,5.4317
GCSAM,3.808,3.8985,4.0934,2.8457,3.8505,3.947
GCSH,8.5284,8.5213,8.4145,7.7374,7.8005,7.9396
GDAP1,5.7558,5.9757,5.6238,5.0773,5.1406,4.9507
GDAP2,8.4324,8.4374,8.3466,9.1907,9.0754,9.182
GDE1,10.6905,10.7041,10.6488,11.3558,11.2999,11.3022
GDF1,4.9197,5.1109,4.5874,5.3269,4.8401,5.1295
GDF10,3.1705,3.0644,3.5658,3.972,4.1872,4.2856
GDF11,9.7433,9.7783,9.7432,9.9456,9.861,9.959
GDF15,9.1373,8.8832,8.8029,13.2832,12.9586,13.2146
GDF5,8.5574,8.517,8.5278,7.016,7.7249,6.8854
GDF5-AS1,3.6731,3.2413,3.7639,3.0447,3.5338,2.6888
GDF6,7.4542,7.4982,7.0921,7.8744,8.1184,7.7394
GDF7,3.1705,2.6282,3.0629,3.8708,3.8505,3.2797
GDI1,11.7701,11.6612,11.8349,11.9537,11.905,11.9677
GDI2,12.3974,12.3931,12.3831,11.2857,11.3289,11.23
GDNF,5.6156,5.7009,6.0791,9.3187,8.9812,9.1881
GDPD1,4.5858,4.6285,5.1443,6.527,6.1168,6.4601
GDPD3,3.3581,3.6702,3.6682,2.8457,2.9618,3.7856
GDPD5,7.4439,7.4268,7.6875,7.0853,7.2644,6.9535
GDPGP1,4.7287,5.399,5.1443,5.0312,5.6291,5.5867
GEM,9.024,8.7173,8.7129,10.1184,9.8328,10.0716
GEMIN2,6.3496,6.0489,6.3495,5.8893,5.9934,6.0446
GEMIN4,9.1049,8.9547,8.9851,8.4533,8.5307,8.6575
GEMIN5,9.3093,9.2699,9.2983,8.5006,8.5196,8.4543
GEMIN6,7.1456,7.3517,7.3372,7.2455,6.7709,7.2526
GEMIN7,8.1507,8.1904,8.0986,7.3337,7.2996,7.3351
GEMIN8,7.1957,7.1336,7.1901,7.1407,7.3082,7.2832
GEN1,7.6376,7.9757,7.8102,7.5939,7.652,7.5638
GET1,9.0616,9.0016,9.0073,9.2773,9.2872,9.2647
GET3,10.0062,10.074,10.0236,10.3214,10.1978,10.2417
GET4,8.9457,8.9861,8.95,9.4049,9.3346,9.4137
GFAP,3.3581,3.0644,2.5217,3.0447,3.4107,3.7856
GFER,8.4787,8.4099,8.4828,8.7911,8.4587,8.7286
GFM1,9.6676,9.6568,9.712,9.7296,9.8025,9.7562
GFM2,9.5058,9.5198,9.5302,9.2993,9.2629,9.2931
GFOD1,6.9108,7.21,6.895,6.6992,6.5109,6.4331
GFOD2,8.8628,8.9674,9.053,9.4004,9.3722,9.4695
GFPT1,12.0029,11.9509,11.9356,11.6377,11.7081,11.6512
GFPT2,9.5425,9.6646,9.608,10.4747,10.2571,10.5274
GFRA1,8.9566,8.8832,8.7249,6.7852,6.8909,6.7498
GFUS,8.8433,8.8495,8.8662,8.6379,8.7177,8.631
GGA1,9.5995,9.6411,9.5471,9.7386,9.7622,9.685
GGA2,9.1659,9.2047,9.2413,8.306,8.3029,8.253
GGA3,9.2572,9.1251,9.2619,8.1474,8.0836,8.1155
GGACT,5.9434,5.9757,5.6739,4.1552,4.0287,4.7021
GGCT,8.5999,8.4555,8.3884,8.1848,8.1331,8.1818
GGCX,10.4805,10.3772,10.4662,10.0302,9.9144,9.9195
GGH,8.7583,8.8832,8.5976,7.5455,7.6106,7.6425
GGN,4.3406,4.9673,5.0714,4.7181,5.0194,5.1952
GGNBP2,9.0275,8.942,8.9702,9.0732,9.0881,9.077
GGPS1,8.6636,8.7651,8.4863,8.7346,8.7562,8.6487
GGT1,5.6156,5.7309,5.6238,5.9649,6.1747,6.0085
GGT5,5.4603,5.2825,5.6739,6.6694,6.8794,7.1319
GGT7,8.6547,8.6005,8.6948,8.9042,8.7467,8.8812
GGTLC3,6.7186,6.8219,6.1158,6.369,6.7957,5.6815
GHDC,6.9981,6.863,7.0548,7.1623,7.2644,7.2135
GHITM,11.3585,11.3365,11.3633,11.4272,11.4191,11.4517
GHR,6.0288,5.6072,5.8367,4.3179,4.33,4.2856
GID4,8.3352,8.0957,8.1032,8.7631,8.5816,8.6161
GIGYF2,10.4805,10.3653,10.3332,10.5676,10.5153,10.6305
GIN1,6.2104,6.2064,6.2374,6.1051,6.0768,5.8542
GINM1,9.8969,9.8363,9.8077,9.9142,9.9215,9.9472
GINS1,7.1709,7.3897,7.4203,5.1654,5.3892,4.9883
GINS2,7.5632,7.4807,7.7472,5.0312,5.3225,5.1952
GINS3,6.1608,6.4777,6.2703,5.0312,5.3225,5.1952
GINS4,8.8195,8.8392,8.9346,7.2656,7.0847,7.1975
GIPC1,11.2374,11.2564,11.2247,10.6055,10.6388,10.6058
GIPC2,4.427,4.3484,4.0934,3.0447,2.7747,3.5038
GIPR,4.0451,3.7889,3.938,4.7181,4.1872,3.1531
GIT1,9.6362,9.647,9.6955,9.8624,9.8684,9.8369
GIT2,10.5957,10.6226,10.5683,10.117,10.1396,9.9836
GJA1,12.4596,12.4312,12.452,13.4994,13.4863,13.6582
GJA3,7.3138,7.1777,7.2818,6.527,6.6804,6.9535
GJB2,3.6731,3.0644,3.206,3.8708,3.9423,4.3447
GJB6,5.5007,5.872,5.2799,5.725,5.8585,5.8337
GJC1,10.224,10.3056,10.2786,9.0817,9.2828,9.1637
GJC2,5.4603,5.2825,5.2799,5.5723,5.1406,4.6561
GJD3,5.6519,5.4718,5.3119,6.4589,6.1363,6.5381
GK,8.8354,8.8184,8.8743,9.8206,9.7303,10.0606
GK5,8.567,8.4997,8.44,8.4793,8.6547,8.4409
GKAP1,4.0451,4.6908,4.1652,3.5161,3.6473,3.8686
GLA,8.6367,8.6522,8.5312,9.8918,9.9397,10.0249
GLB1,10.3757,10.3653,10.3057,11.034,10.9465,11.0056
GLB1L,6.6303,6.6126,6.4099,6.7139,6.667,6.6478
GLB1L3,3.6731,3.8985,3.4556,3.2195,4.0287,4.3447
GLCCI1,8.0589,8.0249,7.9233,8.731,8.6134,8.601
GLCE,9.9617,10.0681,10.0236,10.1659,10.1732,10.4103
GLDC,2.3925,3.6702,3.0629,4.2388,4.1101,3.6977
GLDN,4.5858,3.3989,5.0336,2.8457,5.5438,2
GLE1,8.9457,8.9705,9.0121,8.6796,8.5923,8.6662
GLG1,12.5619,12.4744,12.5212,12.5451,12.5674,12.5023
GLI1,5.8211,5.9505,5.6739,3.8708,4.33,3.0143
GLI2,9.5304,9.6743,9.6879,9.3139,9.1615,9.2101
GLI3,8.3738,8.4192,8.4291,8.4044,8.25,8.3391
GLI4,6.6484,6.8357,6.7271,7.3146,7.2555,7.1814
GLIPR1,12.7418,12.8249,12.827,12.7246,12.8156,12.8306
GLIPR1L2,3.1705,3.0644,2.904,3.6442,4.1101,3.1531
GLIPR2,9.6134,9.5704,9.5638,9.1042,9.2894,9.3357
GLIS1,5.9138,5.7309,5.9012,5.8095,6.2121,5.914
GLIS2,8.0657,7.1668,7.8046,8.0233,8.3329,8.028
GLIS3,8.7331,8.8009,8.6486,8.6945,8.8687,8.8016
GLMN,7.067,7.088,7.0736,7.3337,7.4001,7.4473
GLMP,9.4908,9.4895,9.501,10.1142,10.0535,10.1337
GLO1,10.8249,10.8907,10.8549,10.2079,10.3248,10.2629
GLOD4,9.1277,9.2901,9.1819,9.3163,9.2383,9.2551
GLP2R,2.3925,2.6282,3.0629,3.3754,2.5596,3.8686
GLRB,6.8651,6.8898,6.9468,6.9921,6.8559,7.0893
GLRX,10.3483,10.3795,10.2355,9.9885,10.1028,10.0317
GLRX2,7.8713,7.8242,7.5601,7.7374,7.7757,7.6946
GLRX3,10.3386,10.3351,10.3688,10.3237,10.2771,10.2988
GLS,12.0273,12.0946,12.0476,11.3441,11.3443,11.3646
GLT8D1,10.015,9.872,9.9027,9.9518,10.005,9.8974
GLT8D2,8.9782,8.9291,8.8308,8.4401,8.6342,8.5422
GLTP,9.9324,10.0608,10.0163,9.4117,9.4446,9.4067
GLTPD2,3.3581,3.8985,3.4556,3.972,3.7525,4.0921
GLUD1,11.5091,11.5085,11.4779,11.3785,11.3688,11.3244
GLUL,10.3593,10.2588,10.3593,10.3812,10.2694,10.3726
GLYAT,2.9547,3.2413,2.7255,3.8708,4.1101,4.0214
GLYCTK,6.2345,6.0249,6.1692,6.2124,5.6834,6.1806
GLYR1,11.0008,11.0206,11.0608,10.9705,10.8791,10.8517
GM2A,9.2601,9.3541,9.2802,9.1615,9.2405,9.0726
GMCL1,8.0924,8.1185,8.0472,8.9577,8.7656,8.8711
GMDS,7.848,8.0249,8.0329,7.3896,7.4001,7.3351
GMEB1,8.0924,8.3241,8.3619,8.7238,8.7688,8.8483
GMEB2,8.8115,8.6126,8.7308,8.4044,8.1668,8.3715
GMFB,11.1559,11.206,11.152,10.0535,10.1565,10.1316
GMFG,3.1705,3.3989,3.3362,4.3179,4.2603,4.5596
GMIP,8.4787,8.3629,8.3074,8.2315,8.241,8.2798
GMNC,3.9314,3.7889,4.0934,3.0447,3.276,3.0143
GMNN,7.6822,7.9377,7.8434,6.2124,6.418,6.5254
GMPPA,9.8251,9.7801,9.9158,9.5449,9.6712,9.441
GMPPB,9.3733,9.4741,9.6047,9.4863,9.285,9.3265
GMPR,6.8651,7.0764,7.0453,5.9892,6.2304,6.1142
GMPR2,9.5618,9.3469,9.5131,9.4494,9.4486,9.384
GMPS,10.1078,10.2639,10.2323,9.6725,9.7431,9.7204
GNA11,11.0078,11.0402,11.1381,10.5584,10.5828,10.5242
GNA12,11.4998,11.5516,11.5421,10.6557,10.6405,10.5456
GNA13,10.2119,10.3278,10.2877,10.8741,10.9651,11.0328
GNAI1,9.3458,9.2901,9.357,10.8782,10.9043,10.9667
GNAI2,13.2871,13.2651,13.2987,13.0538,13.0445,13.0256
GNAI3,11.4549,11.4657,11.4341,11.122,11.2288,11.1618
GNAL,4.0451,4.4237,3.8536,4.5318,4.7915,5.5113
GNAQ,10.3358,10.4088,10.3564,10.1156,10.2482,10.1719
GNAS,13.9087,13.8456,13.9356,14.0342,14.0378,14.0646
GNAZ,4.2487,4.8078,4.8712,3.5161,3.4107,3.3961
GNB1,13.2623,13.3078,13.3509,13.3384,13.3494,13.35
GNB1L,6.5746,6.6286,6.4392,6.6543,6.4496,6.4194
GNB2,11.7191,11.7707,11.8141,11.818,11.7405,11.8344
GNB3,5.3318,5.5069,5.649,5.2882,5.1013,5.0954
GNB4,10.8593,10.9877,10.8891,10.738,10.855,10.8189
GNB5,8.3408,8.451,8.3922,8.1201,8.25,8.2491
GNE,9.1939,9.2047,9.2267,9.3187,9.3003,9.3663
GNG10,9.9743,10.1521,10.1,10.1565,10.2538,10.2417
GNG11,9.8836,9.8921,9.7822,11.9369,11.7904,12.0807
GNG12,12.5818,12.6739,12.6431,11.9232,12.0128,11.9668
GNG2,9.4241,9.4495,9.2701,10.7813,10.8446,10.982
GNG4,3.1705,4.1849,3.6682,3.6442,3.5338,3.8686
GNG5,10.6607,10.7201,10.7243,11.1165,11.0115,11.1771
GNG7,4.3406,4.2689,4.0178,4.5318,4.3964,4.2239
GNL1,8.6681,8.6522,8.6979,8.5988,8.5636,8.7533
GNL2,10.1749,10.3105,10.2745,10.0563,10.1262,10.0955
GNL3,10.3771,10.3724,10.2145,10.2092,10.3119,10.2181
GNL3L,8.448,8.5509,8.6137,8.3998,8.0936,8.3097
GNPAT,9.3623,9.4337,9.4244,9.3752,9.491,9.3875
GNPDA1,9.3064,9.2073,9.1557,9.4712,9.3367,9.4795
GNPDA2,8.3519,8.442,8.4328,8.9912,8.9893,8.8985
GNPNAT1,10.7197,10.7759,10.6859,10.2221,10.2232,10.1709
GNPTAB,10.5043,10.4431,10.4174,10.4993,10.5236,10.4318
GNPTG,9.2835,9.1364,9.1402,9.7151,9.7092,9.7507
GNRH1,4.7287,4.4952,3.5658,4.7753,4.7413,4.3447
GNS,11.9192,11.9171,11.8869,12.6661,12.6319,12.6692
GOLGA1,8.8897,8.6325,8.6765,8.6455,8.6682,8.5765
GOLGA2,11.3188,11.2442,11.3153,11.2826,11.2836,11.3147
GOLGA3,11.9294,11.9824,11.9903,11.9602,11.9705,11.9401
GOLGA4,12.0539,11.9053,11.9467,12.5195,12.5093,12.4551
GOLGA5,10.1434,10.1284,10.1205,9.6517,9.7948,9.6964
GOLGA6L4,6.1094,5.4718,5.649,6.8263,6.5981,6.6361
GOLGA6L9,5.4187,5.1109,4.7827,2.6149,4.5791,3.947
GOLGA7,9.7412,9.7908,9.8063,10.2001,10.1802,10.2397
GOLGA8A,7.5147,7.4807,7.7647,8.5341,8.6134,8.6633
GOLGA8B,7.5915,7.21,7.1464,8.2914,8.3073,8.1407
GOLGA8N,6.1858,6.1849,5.4333,5.5063,5.5438,5.0249
GOLGB1,11.4986,11.2832,11.2834,11.4449,11.5898,11.3655
GOLIM4,11.5956,11.5611,11.6209,10.896,10.9479,10.9201
GOLM1,10.6143,10.5893,10.6283,10.5214,10.5585,10.5226
GOLM2,11.4702,11.468,11.4089,11.5189,11.5611,11.5484
GOLPH3,10.7753,10.8297,10.7847,10.8855,10.9065,10.9388
GOLT1B,10.8476,10.7551,10.7435,11.3681,11.3969,11.3664
GON4L,9.8912,9.872,9.8355,9.9549,9.9659,9.946
GON7,5.5783,5.6704,5.518,6.0827,5.9499,5.8744
GOPC,10.408,10.3545,10.4017,10.6671,10.7985,10.7488
GORAB,7.7592,7.647,7.6252,7.3337,7.4162,7.3205
GORASP1,9.6984,9.7085,9.7329,9.3706,9.4089,9.3928
GORASP2,11.2648,11.248,11.2849,11.1047,11.1635,11.0853
GOSR1,9.643,9.647,9.5885,10.0419,9.9563,9.9696
GOSR2,10.0664,10.0234,10.1057,9.9596,9.8815,9.8031
GOT1,9.7369,9.5537,9.7255,8.6683,8.775,8.5888
GOT2,10.868,10.8469,10.8911,10.7407,10.7714,10.8123
GP1BB,2,3.0644,5.0336,4.464,2,5.6815
GPAA1,10.6839,10.6513,10.6775,10.8063,10.671,10.7412
GPALPP1,8.7913,8.6678,8.5244,8.5628,8.708,8.6399
GPAM,8.3846,8.1957,8.1832,7.0395,7.0334,7.0893
GPANK1,4.5858,4.2689,4.9136,4.3928,4.4599,4.0921
GPAT3,6.3716,6.1849,6.4246,7.3146,7.1439,7.5196
GPAT4,10.9099,10.8452,10.9193,11.5376,11.5015,11.5334
GPATCH1,7.3363,6.9674,7.164,6.527,6.7583,6.3916
GPATCH11,8.2249,8.3043,8.3193,8.4577,8.354,8.4375
GPATCH2,7.9682,7.9313,7.9284,8.0923,7.8487,8.1155
GPATCH2L,9.9707,10.0385,10.0053,10.5786,10.6388,10.5867
GPATCH3,7.256,7.1886,7.4349,7.701,7.7569,7.6601
GPATCH4,9.3541,9.4607,9.4623,8.9359,8.8599,8.9518
GPATCH8,10.0562,10.0113,10.0511,9.9596,9.9957,10.0562
GPBP1,9.8566,9.716,9.7255,9.9503,9.9646,9.9555
GPBP1L1,9.9526,9.9281,10.0236,9.518,9.5524,9.5935
GPC2,5.7558,5.4359,5.963,6.5436,6.2485,6.9723
GPC4,7.256,6.9799,7.1375,8.5749,8.8421,8.634
GPC5,4.0451,3.8985,3.3362,3.6442,3.276,4.0214
GPCPD1,8.2429,8.2011,8.2713,9.4927,9.5248,9.4154
GPD2,10.3004,10.225,10.226,10.9357,10.8077,11.0091
GPER1,6.4766,6.5467,6.5099,5.8095,5.8819,5.7705
GPHN,7.4542,7.3126,7.3604,6.6079,6.7199,6.6001
GPI,11.9234,11.9804,12.0008,11.1137,11.1008,11.0267
GPKOW,8.099,8.3093,8.1961,7.9631,7.9952,7.9106
GPLD1,4.2487,4.4952,4.7363,3.7619,4.1872,4.6087
GPM6B,6.4766,6.0489,6.3025,6.6543,6.7833,6.8244
GPN1,9.3458,9.4199,9.4299,8.1901,8.3116,8.2139
GPN2,9.1815,9.2363,9.138,9.1097,9.1204,9.1114
GPN3,7.9537,7.9118,7.8046,8.0055,8.1477,8.0724
GPNMB,5.0883,5.0646,5.3119,5.4014,5.2161,5.4042
GPR1,5.6156,5.1558,4.9547,4.464,4.0287,2.6888
GPR107,11.2523,11.2584,11.2273,10.5234,10.6567,10.4992
GPR108,9.3007,9.2775,9.326,9.6782,9.6492,9.6297
GPR135,6.7014,6.2064,6.496,5.8095,6.3357,5.7487
GPR137,8.8628,8.8009,8.7687,9.5011,9.3845,9.5056
GPR137B,8.3013,8.2223,8.2713,9.2847,9.1423,9.3192
GPR137C,6.1608,6.2484,5.792,6.0131,6.3856,6.5254
GPR146,2.3925,3.8985,4.0934,4.5967,4.33,4.1595
GPR150,2.7008,3.0644,2.904,4.0665,2.9618,3.0143
GPR153,7.5915,7.4895,7.6814,7.529,7.679,7.5946
GPR155,8.1055,7.892,7.6442,7.0853,7.5017,7.3496
GPR157,7.6645,7.5495,7.5601,6.9052,6.7833,6.6941
GPR161,8.9675,9.0822,9.053,9.3636,9.5758,9.5565
GPR162,6.2345,5.9505,6.1865,6.8397,6.8794,6.6941
GPR173,6.8495,6.329,6.5507,7.6176,7.5752,7.3782
GPR176,11.9736,11.9781,11.9748,9.6725,9.9299,9.7092
GPR179,3.6731,3.3989,3.6682,3.5161,3.7525,3.6977
GPR180,9.4371,9.5241,9.3279,8.4836,8.56,8.5517
GPR20,3.808,3.5409,3.3362,2.6149,2.5596,2.8607
GPR3,5.6874,6.0957,6.1338,6.6235,6.5258,6.5879
GPR35,3.5242,3.5409,2.7255,4.0665,3.7525,3.3961
GPR37,8.9925,9.0735,9.0291,9.9062,9.88,9.9941
GPR63,6.0009,5.8449,5.6739,5.5397,5.8819,5.8944
GPR68,5.0883,5.1109,5.7459,6.1916,6.2485,6.3049
GPR75,4.9197,4.9673,4.3614,5.2882,5.1789,4.7466
GPR83,3.6731,4.0004,3.8536,4.1552,3.276,3.2797
GPR85,5.8211,5.8172,5.5452,5.8366,5.7097,5.4317
GPR89A,8.5478,8.58,8.5614,8.3815,8.4153,8.41
GPRASP1,6.2583,6.329,6.2037,5.9401,5.9934,6.0266
GPRASP2,8.5953,8.4909,8.4472,7.8809,7.9351,8.0006
GPRC5A,10.245,10.0295,10.0722,9.1097,9.2062,8.9399
GPRC5B,8.231,8.1957,8.1437,7.586,7.782,7.5638
GPRIN1,8.4685,8.4866,8.538,8.3677,8.2811,8.2911
GPS1,10.743,10.8297,10.8101,10.5595,10.5264,10.5527
GPS2,8.6813,8.8044,8.7802,9.021,9.0473,8.987
GPSM1,11.0034,10.9931,11.0256,10.997,11.0706,11.025
GPSM2,8.4736,8.58,8.521,6.9431,7.2192,6.6478
GPSM3,4.9781,4.863,4.9547,4.8831,4.887,4.7898
GPT,2,2.6282,3.3362,4.1552,3.6473,3.3961
GPT2,9.9544,9.7383,9.7936,8.8686,8.9288,8.7884
GPX1,11.5464,11.5353,11.556,11.5762,11.4106,11.535
GPX3,6.0562,5.9757,5.983,6.6844,6.5696,6.6826
GPX4,11.5141,11.4917,11.4832,11.8052,11.7004,11.7385
GPX7,5.2393,5.6704,5.4903,4.9342,5.5728,5.0606
GPX8,11.8485,11.8887,11.838,11.2851,11.3553,11.2142
GRAMD1A,9.7848,9.7493,9.7679,10.4164,10.3533,10.5242
GRAMD1B,9.4883,10.1645,9.8314,8.3537,8.7875,8.791
GRAMD1C,6.0288,6.2064,6.1516,6.5599,6.5696,7.115
GRAMD2B,8.5038,8.5551,8.4722,7.3432,7.4865,7.4132
GRAMD4,7.6376,7.3803,7.5733,8.1848,8.1086,8.1323
GRB10,9.2153,9.0138,9.0243,9.3682,9.1969,9.4137
GRB2,11.1957,11.2952,11.3256,11.5005,11.4399,11.4882
GREB1,4.1505,3.2413,3.4556,4.8302,5.0194,4.8317
GREM1,11.8228,11.7711,11.7218,12.0526,12.1183,12.0295
GREM2,8.7118,9.0588,8.9321,8.973,8.8332,8.9423
GRHPR,10.4893,10.3043,10.3593,10.1156,10.1201,10.1019
GRIA1,4.0451,3.7889,4.4213,3.6442,3.1274,3.0143
GRIA4,4.7287,4.8078,4.8276,9.3472,9.3493,9.3752
GRID2IP,2,2,2,2,2,4.0214
GRIK1,2.7008,3.3989,2.904,3.7619,3.4107,4.1595
GRIK2,8.1696,8.3339,8.2342,8.3157,8.5307,8.1737
GRIK4,4.7287,4.6285,4.2989,6.4236,5.9718,6.0623
GRIN2A,2.3925,2.348,2.7255,4.1552,3.1274,3.1531
GRIN2D,3.5242,3.7889,3.6682,3.8708,4.2603,4.1595
GRIN3B,5.5007,5.0646,5.0714,5.6041,5.7611,5.7705
GRINA,11.5596,11.5166,11.6352,12.4051,12.3352,12.4301
GRIP2,2.9547,2.8627,3.3362,2.34,3.5338,3.6977
GRIPAP1,9.6853,9.4585,9.3142,9.6267,9.6862,9.4844
GRK2,9.8171,9.5683,9.8133,10.1443,10.1028,10.3156
GRK3,6.9981,6.7795,6.9771,6.8794,7.2192,7.1733
GRK4,6.4968,6.8765,6.0791,6.8794,6.8677,6.7278
GRK5,9.4958,9.4895,9.3911,10.5776,10.5338,10.6223
GRK6,9.4757,9.522,9.5737,9.3636,9.2518,9.4223
GRM2,2.3925,2.6282,2.5217,3.7619,2.7747,2.8607
GRM4,3.1705,2.6282,2,3.972,3.4107,4.4561
GRM6,3.3581,3.6702,3.6682,4.2388,3.7525,3.604
GRN,11.9487,11.8682,11.9869,12.3716,12.2753,12.3844
GRPEL1,9.3263,9.1668,9.2639,9.227,9.1805,9.332
GRPEL2,8.4988,8.2329,8.2834,7.3805,7.4082,7.3711
GRPR,7.2794,7.2926,7.0829,4.7181,4.3964,4.7466
GRSF1,11.2692,11.3365,11.3451,11.0772,11.1611,11.1561
GRTP1,4.2487,4.4237,4.2336,4.5967,4.1872,4.3447
GRWD1,9.6385,9.6253,9.5787,9.4647,9.3472,9.4102
GSAP,6.2817,6.0005,5.9221,5.5063,4.887,5.3761
GSDMB,6.8338,6.4237,6.496,6.9052,6.6122,6.5507
GSDMD,6.7856,6.269,6.4392,6.3123,6.0564,6.2285
GSDME,9.7348,9.6529,9.6664,9.2011,9.2762,9.1921
GSE1,9.9868,9.9118,9.9248,9.2993,9.2337,9.1981
GSG1,8.307,8.2792,8.2216,7.8938,7.9627,8.1197
GSK3A,10.0664,10.0444,10.2323,9.8036,9.7415,9.8875
GSK3B,10.4317,10.4678,10.4183,10.9644,10.9699,10.9478
GSKIP,8.5186,8.6522,8.6105,9.309,9.1946,9.2298
GSN,12.4755,12.4742,12.4883,12.2722,12.2898,12.2065
GSPT1,12.0121,12.0343,12.0508,11.7286,11.7333,11.7357
GSPT2,8.307,8.2118,8.3996,8.7129,8.8774,8.783
GSR,10.0392,10.0067,10.1528,10.8444,10.8386,10.9703
GSS,9.6407,9.6781,9.7388,9.3114,9.4089,9.3062
GSTA4,7.9896,8.0548,7.9284,7.7868,7.8248,7.7612
GSTCD,7.8942,8.1957,8.0281,7.1407,6.9694,7.0094
GSTK1,9.557,9.5326,9.4712,9.5222,9.4834,9.5751
GSTM2,9.1877,9.0588,9.0553,8.6758,8.8391,8.6633
GSTM3,9.0031,9.0764,9.0435,8.8978,9.2629,9.09
GSTM5,3.6731,4.0004,4.3614,3.2195,3.9423,3.6977
GSTO1,11.1183,11.2311,11.1173,11.4646,11.4869,11.4449
GSTO2,6.4145,6.5126,6.5236,7.3242,7.3254,7.6601
GSTP1,12.1431,12.0769,12.0845,11.7892,11.8152,11.7823
GSTT2B,8.4061,8.0783,8.4071,8.2467,8.3456,8.3097
GSTZ1,6.6119,6.7505,6.6911,6.6844,6.8079,6.8035
GTDC1,7.6285,8.0429,7.8597,7.3619,7.5242,7.3711
GTF2A1,9.8566,9.9264,9.9326,9.5774,9.5758,9.6605
GTF2A1L,2,2.6282,2.5217,2.34,2.3068,3.6977
GTF2A2,9.3705,9.3732,9.3798,9.4516,9.4872,9.4171
GTF2B,8.2956,8.4146,8.3271,8.8151,8.8687,8.799
GTF2E1,7.5536,7.4895,7.5799,8.1201,8.181,7.9492
GTF2E2,9.3513,9.3897,9.3873,9.547,9.5136,9.5024
GTF2F1,10.5699,10.6236,10.6682,10.7344,10.6499,10.6452
GTF2F2,9.4449,9.4982,9.3854,9.3981,9.4427,9.4695
GTF2H1,9.8291,9.8259,9.7808,10.0707,10.0064,10.0529
GTF2H2,7.8866,8.1686,8.1348,8.0466,8.0684,8.2911
GTF2H2C_2,6.7691,7.0529,6.8629,7.2952,6.3187,6.5756
GTF2H3,9.1277,9.0851,9.2034,8.0867,8.209,7.9868
GTF2H4,6.1353,6.0957,6.0222,6.2329,6.0969,6.1806
GTF2H5,8.7831,8.7579,8.6423,8.7238,8.5344,8.601
GTF2IRD1,8.4583,8.4997,8.6169,8.6494,8.6882,8.7118
GTF2IRD2,6.7186,6.3484,6.254,6.5921,6.4652,6.1643
GTF2IRD2B,7.9537,7.7457,7.6188,7.7937,7.8546,8.276
GTF3A,9.7306,9.8954,9.8573,8.9699,8.8948,8.8534
GTF3C1,11.4632,11.4944,11.5684,11.5917,11.5425,11.5997
GTF3C2,9.8682,10.0204,9.9326,10.2079,10.099,10.1709
GTF3C3,8.953,8.9031,8.9269,8.7418,9.0369,8.7533
GTF3C4,9.8488,9.8568,9.8063,10.1059,10.1152,10.0705
GTF3C5,9.468,9.463,9.5234,9.2372,9.1946,9.1575
GTF3C6,9.4527,9.5725,9.5488,9.8206,9.8492,10.0451
GTPBP1,9.8251,9.9183,9.8396,9.2473,9.3493,9.2532
GTPBP10,8.3519,8.3581,8.331,8.2366,8.1573,8.1155
GTPBP3,7.3694,7.1993,7.4849,7.0626,6.9474,7.0094
GTPBP4,10.6039,10.7867,10.7398,10.2375,10.1755,10.1801
GTPBP6,9.2243,9.2259,9.3741,9.2167,9.2223,9.2818
GTPBP8,7.8163,7.7309,7.7933,6.6079,6.4339,6.6478
GTSE1,8.4736,8.6045,8.7659,5.3269,5.7861,5.9714
GUCA1B,3.1705,3.5409,3.3362,3.6442,3.6473,4.0214
GUCD1,10.3865,10.2792,10.3915,10.4779,10.4117,10.4318
GUCY1A2,2.3925,2.6282,2.2843,3.0447,4.1101,3.0143
GUCY1B1,5.5783,5.0168,4.9547,4.1552,4.1101,3.8686
GUF1,8.9925,9.0168,9.0097,8.8488,8.8481,8.9084
GUK1,11.2449,11.2193,11.211,11.2509,11.2514,11.2093
GULP1,9.1277,8.8932,9.0647,9.7314,9.5776,9.7259
GUSB,8.3519,8.3913,8.4108,8.3723,8.4626,8.4644
GVQW3,5.3759,5.1558,4.8276,5.3646,5.3892,4.8725
GXYLT1,9.6765,9.7566,9.7358,10.2131,10.3407,10.1862
GXYLT2,7.8558,7.7603,7.606,6.3504,6.418,6.3775
GYG1,10.4277,10.492,10.4411,10.1087,10.2482,10.1094
GYG2,7.7083,7.5991,7.7117,7.0966,7.5463,7.4337
GYPC,9.4883,9.4337,9.3416,9.4026,9.2916,9.3375
GYPE,3.5242,3.3989,3.4556,3.3754,3.5338,3.947
GYS1,10.6685,10.6985,10.7725,10.3569,10.2289,10.3174
GZF1,8.7118,8.4822,8.4364,7.9131,8.0582,7.9868
H1-0,9.7027,9.7216,9.7794,9.6092,9.6389,9.6297
H1-10,9.4501,9.6153,9.7255,9.4384,9.5542,9.5751
H1-2,8.1821,8.0957,8.2508,8.3907,8.4392,8.2722
H2AC11,3.3581,4.2689,4.2989,4.8302,4.5208,4.0214
H2AC19,8.0177,8.3339,7.9489,8.7772,6.6535,8.7006
H2AC4,3.3581,3.3989,3.8536,4.5318,3.276,4.2856
H2AC6,9.7537,9.7801,9.6985,10.7708,10.7978,10.7792
H2AC7,4.2487,4.6285,4.5341,4.5967,4.0287,4.0921
H2AJ,8.3127,8.5635,8.5175,8.2161,8.2767,8.1155
H2AW,5.4187,5.3224,5.3432,6.2329,6.3856,6.7388
H2AX,10.0237,10.1618,10.2987,8.9202,9.108,9.1135
H2AZ1,11.7105,11.8741,11.8363,11.058,11.0668,11.0165
H2AZ2,10.429,10.5362,10.5237,10.1752,10.2582,10.2201
H2BC11,5.3318,5.1993,5.4903,6.3504,6.4958,6.4331
H2BC12,9.3733,9.2622,9.2741,9.1318,9.2428,8.9351
H2BC15,5.1404,4.4952,4.9136,5.0773,4.9325,4.6561
H2BC21,8.3408,8.5298,8.5581,10.2489,10.1457,10.1284
H2BC4,6.9981,6.8765,7.0067,7.3712,7.3674,7.2135
H2BC5,6.8338,6.8357,6.6416,8.3109,8.0785,8.0592
H2BC8,5.1404,5.1993,4.9947,5.6041,5.7611,5.7705
H2BC9,3.5242,3.8985,2.904,2.34,2.7747,2
H2BS1,7.2441,7.0289,6.8844,6.9305,7.1439,7.0719
H2BU1,2.9547,3.0644,3.206,3.3754,3.4107,4.0921
H2BW2,3.808,3.2413,3.5658,3.2195,3.1274,3.0143
H3-3A,11.3857,11.4911,11.4139,11.9196,12.0002,12.0244
H3-3B,12.2128,12.3587,12.3471,12.7155,12.7587,12.8659
H3C10,4.8588,4.6285,4.8276,5.1654,4.4599,4.3447
H3C13,4.5858,4.5634,4.4788,4.3179,4.0287,4.3447
H3C15,4.5858,4.5634,4.4788,4.3179,4.0287,4.3447
H3C6,3.3581,4.0004,3.4556,3.0447,4.0287,3.604
H4-16,3.3581,3.7889,3.4556,3.8708,3.5338,3.947
H4C11,3.9314,4.4952,4.2336,4.9342,4.6352,5.0954
H4C14,7.0804,7.454,7.4919,6.8923,7.3082,6.6941
H4C15,6.6663,6.3866,5.7691,6.6844,6.4652,6.5632
H4C5,2.7008,2.8627,3.3362,3.6442,3.7525,3.1531
H4C9,5.7558,5.6072,5.3739,6.2532,6.3692,5.8744
H6PD,10.9285,10.9291,10.8778,10.4508,10.4716,10.4927
HABP4,8.9457,8.8495,8.9676,8.8253,8.8481,8.6806
HACD1,8.5333,8.4192,8.5003,7.3988,7.0644,6.9817
HACD2,9.9903,10.0036,10.1205,8.8049,8.8976,8.8121
HACD3,11.128,11.1886,11.1553,10.9962,10.9678,11.0283
HACD4,6.4968,6.5467,6.6789,5.5063,5.3225,5.1295
HACE1,7.939,7.9505,8.0377,8.9138,9.0956,9.0169
HACL1,7.1957,7.5828,7.6691,7.9814,8.0886,8.037
HADH,8.2189,8.1129,8.1745,7.3049,7.6106,7.2055
HADHA,11.2924,11.2838,11.2717,11.2584,11.3032,11.2398
HADHB,10.8593,10.9412,10.8745,11.1944,11.2576,11.2639
HAGH,8.6901,8.6522,8.7219,8.7596,8.6203,8.4677
HAGHL,6.5555,6.5126,6.7623,6.98,7.1631,7.0807
HAND2,3.5242,4.6285,3.7639,4.3928,3.8505,3.2797
HAP1,4.427,4.3484,3.3362,5.2882,5.5142,5.914
HAPLN4,4.3406,3.5409,3.7639,4.3179,4.9325,4.9883
HARBI1,5.9434,5.5745,6.3025,6.4934,6.3526,6.29
HARS1,10.8169,10.9088,10.8691,10.5203,10.5096,10.4301
HARS2,8.7831,8.8597,8.8716,8.9042,9.0186,8.966
HAS2,10.0963,10.2355,10.2877,9.0986,9.0447,9.0372
HAS3,4.2487,4.9161,4.8276,4.2388,4.5791,4.0214
HASPIN,6.1858,6.4777,6.3801,5.2075,4.8401,4.8725
HAT1,9.1341,9.3803,9.2077,8.917,8.8861,8.9589
HAUS1,7.7508,7.8242,7.9741,7.9569,7.782,7.9348
HAUS2,8.6046,8.6483,8.7916,8.4134,8.2365,8.3318
HAUS3,7.5048,7.6152,7.5799,7.4869,7.4865,7.6425
HAUS4,6.9696,7.0409,7.1104,6.369,6.4806,6.6826
HAUS5,7.1833,7.1447,7.4129,6.1272,6.4958,6.0623
HAUS6,9.1721,9.2952,9.2225,8.4044,8.3665,8.3821
HAUS7,7.1328,7.3613,7.4276,6.4057,6.0147,6.3344
HAUS8,7.2909,7.0647,7.1901,5.7819,5.3892,5.4317
HAVCR2,2.3925,3.2413,2.5217,3.3754,3.7525,3.604
HAX1,10.0357,10.0219,10.0017,9.735,9.6611,9.6721
HBEGF,9.4267,9.413,9.4371,7.6712,7.9952,7.4674
HBP1,9.8191,9.7048,9.7822,10.6035,10.5952,10.6371
HBS1L,10.2918,10.3795,10.4017,10.0563,10.0535,10.0033
HCAR1,4.9197,3.8985,4.0934,3.7619,3.7525,4.3447
HCCS,8.9782,8.9194,8.9576,8.8849,8.8211,8.8278
HCFC1,11.0157,11.0661,11.1291,11.2204,11.1138,11.2063
HCFC1R1,8.1121,8.1072,8.2713,8.2212,8.1621,7.7172
HCFC2,8.8354,8.8392,8.7916,8.2109,8.2228,8.1323
HCG27,4.427,4.3484,4.8712,4.5967,3.5338,4.2239
HCK,6.4355,6.2893,5.7223,5.3269,6.3015,5.3475
HCLS1,2.9547,3.7889,3.0629,2.6149,2.5596,2.2678
HCN3,4.2487,4.0956,4.5874,5.0773,5.2879,5.4853
HDAC1,10.6574,10.6146,10.6472,10.8335,10.7398,10.7906
HDAC10,7.6996,7.7383,7.8324,7.6097,7.7695,7.4405
HDAC11,7.6645,7.6312,7.593,7.1941,7.2375,7.4269
HDAC2,11.1432,11.1933,11.1864,11.5282,11.4935,11.5555
HDAC3,9.5901,9.6991,9.6555,9.4948,9.6217,9.592
HDAC4,7.734,7.4718,7.5264,7.4523,7.21,7.2832
HDAC5,10.0306,10.0385,10.0885,10.7335,10.5917,10.7148
HDAC6,8.4787,8.2741,8.5648,8.2467,8.0582,8.1197
HDAC7,10.8149,10.8331,10.8771,10.991,11.0814,11.0939
HDAC8,7.8558,7.753,7.7989,7.6936,7.6384,7.6128
HDAC9,8.0385,7.7819,7.9024,6.4763,6.4496,6.6361
HDDC2,9.1114,9.0199,9.1689,7.173,7.3168,7.3496
HDDC3,6.4562,6.6126,6.5903,5.0773,5.1789,5.1952
HDGF,11.8411,11.9244,11.9132,11.8474,11.8038,11.8619
HDGFL2,11.0804,11.0069,10.9646,10.9751,10.9692,10.965
HDGFL3,10.0798,10.2665,10.207,10.2375,10.3001,10.3457
HDHD2,8.5087,8.5759,8.5846,7.8346,7.9517,7.8809
HDHD3,6.1353,6.0249,5.963,5.8632,5.3892,5.9714
HDHD5,8.2429,8.2381,8.3543,8.3443,8.138,8.1614
HDLBP,14.6771,14.6342,14.6635,14.4042,14.4014,14.3471
HEATR1,10.4703,10.4789,10.4311,10.3057,10.3087,10.3211
HEATR3,8.8667,9.029,8.9702,8.1201,8.0582,8.149
HEATR5A,10.3076,10.2562,10.2197,10.1375,10.056,9.9883
HEATR5B,9.169,9.0199,9.1109,8.8321,8.7967,8.8787
HEATR6,8.5953,8.5298,8.7129,7.9445,7.9627,8.037
HEBP1,9.3291,9.3565,9.2842,9.0062,8.926,8.799
HECA,8.0247,7.8242,7.9591,9.5612,9.5758,9.5736
HECTD1,11.8367,11.772,11.7012,11.7897,11.8084,11.7992
HECTD2,8.1443,8.1072,8.0087,8.2005,8.5709,8.3856
HECTD3,9.9435,9.9361,10.1057,9.3448,9.3988,9.3574
HECTD4,10.0596,10.0783,9.93,10.6074,10.4936,10.4419
HECW1,4.659,4.9161,5.1794,4.1552,5.0194,4.6087
HECW2,7.1833,7.1447,6.987,6.5599,6.7068,6.3344
HELB,6.4145,6.5467,6.0414,6.1704,6.2121,6.1142
HELLS,7.6466,7.7603,7.7989,6.3875,6.8079,6.3775
HELQ,7.0937,7.0046,7.1285,7.3526,7.1821,7.0455
HELZ,9.9617,9.8585,9.7225,9.1562,8.9731,9.0483
HELZ2,8.9854,9.0199,9.1446,9.4273,9.3197,9.5345
HEMK1,8.1507,8.1129,8.1077,8.1035,8.0006,7.8506
HENMT1,3.808,4.0004,4.0934,3.7619,4.1101,4.0921
HEPH,9.2979,9.3613,9.4097,10.3498,10.3761,10.4042
HEPHL1,2.9547,3.8985,3.206,2.6149,2.7747,2.6888
HERC1,10.5981,10.6678,10.4689,10.7673,10.6676,10.5329
HERC2,10.612,10.6156,10.4795,10.7682,10.7862,10.8745
HERC4,11.4309,11.463,11.5332,11.0097,11.0082,11.1468
HERC5,3.5242,3.8985,3.7639,4.1552,4.33,4.4015
HERC6,4.8588,4.7505,4.5874,5.8893,5.9499,6.0266
HERPUD1,10.488,10.4888,10.528,10.6633,10.6023,10.6555
HERPUD2,8.5478,8.5759,8.5714,9.024,9.0906,9.1157
HES1,5.5783,4.9673,5.0714,7.8678,7.8066,7.8557
HES2,2.3925,2.6282,3.206,3.6442,3.9423,3.6977
HES4,5.5007,5.4718,5.792,7.5618,7.4557,7.5946
HES6,5.0883,4.2689,4.9136,5.7537,5.7097,5.7919
HES7,3.808,4.0004,4.2989,5.1654,5.3892,5.611
HEXA,10.0579,10.1157,10.0988,11.2152,11.1076,11.171
HEXB,11.2714,11.2093,11.2094,11.9583,11.8663,11.9043
HEXD,6.3496,5.8986,6.4099,6.6694,6.7456,6.9817
HEXIM1,9.5522,9.5663,9.5302,9.8172,9.6795,9.7832
HEXIM2,5.5007,5.5069,5.3739,4.7753,4.6352,4.7021
HEY1,5.3318,5.6072,5.649,8.1146,7.8839,8.0724
HEYL,2,2.348,2.5217,3.972,4.2603,4.0214
HFE,7.7675,7.8242,7.8489,7.4346,7.3423,7.0807
HFM1,7.9464,8.3677,8.2258,5.725,5.8585,5.6815
HGF,11.1748,11.2186,11.1464,11.3779,11.3268,11.5527
HGH1,8.6813,8.6794,8.7367,8.3348,8.053,8.2019
HGS,11.039,11.0297,11.1162,10.9419,10.9658,11.0373
HGSNAT,10.9258,10.9324,10.9193,11.3767,11.3172,11.3824
HHAT,5.9138,6.0489,5.9012,6.4414,6.6261,6.3197
HHEX,7.7508,7.789,7.606,6.639,6.6122,6.3197
HHIP,7.9317,8.0957,7.9284,7.1941,7.4321,6.7607
HHIPL1,5.9138,5.5411,5.6983,5.6957,5.6834,5.7487
HHLA1,4.659,4.863,4.4213,5.0773,4.7915,4.8725
HHLA3,6.7356,7.0647,6.8844,6.8127,6.7957,7.0365
HIBADH,9.0171,8.9954,9.0146,9.093,9.0931,9.0813
HIBCH,7.9896,8.2223,7.9691,8.1953,8.1573,8.068
HIC1,9.7199,9.8032,9.6679,10.9636,11.0089,11.0684
HIC2,7.3585,7.2622,6.957,7.5373,7.4321,7.3351
HID1,3.9314,4.3484,4.0934,3.972,4.1872,4.0921
HIF1A,13.2896,13.3103,13.3148,13.9219,13.8828,14.0239
HIF1AN,10.6349,10.6861,10.5708,9.5754,9.4834,9.4015
HIF3A,3.5242,4.3484,3.938,4.3928,4.1101,4.5596
HIGD1A,10.6751,10.7991,10.7847,10.2788,10.4375,10.2533
HIGD2A,8.8195,8.9452,8.9243,9.3636,9.3866,9.4067
HIKESHI,8.5478,8.706,8.5614,8.6028,8.7177,8.6191
HILPDA,7.3251,7.0289,7.0736,7.1407,6.9803,7.0455
HINFP,7.6193,7.3225,7.6124,7.8346,7.7632,7.7987
HINT1,11.0399,10.9307,10.9386,11.1553,11.1671,11.1089
HINT2,6.8805,6.9799,6.8079,6.0599,6.1747,5.8542
HINT3,8.4888,8.7173,8.658,9.4206,9.366,9.4342
HIP1,10.1781,10.2805,10.1726,10.6113,10.5199,10.6577
HIPK1,10.1046,10.0971,10.0041,10.3261,10.2705,10.2772
HIPK2,12.1551,12.2293,11.9291,13.3218,13.1896,13.1632
HIPK3,10.0748,10.2157,10.134,11.2931,11.2945,11.3248
HIPK4,3.3581,3.6702,2.904,3.6442,4.3964,3.7856
HIRA,9.7327,9.7142,9.7549,9.7984,9.7174,9.8586
HIRIP3,7.1709,7.445,7.3527,6.2532,6.1935,6.3049
HIVEP1,9.2542,9.2337,9.2055,9.227,9.3089,9.2416
HIVEP2,9.4983,9.522,9.3948,10.0065,9.9836,10.0362
HIVEP3,7.8401,7.7961,7.6875,6.8397,6.8079,6.6711
HJURP,8.7708,8.9674,8.9243,6.2732,6.5552,6.2285
HK1,11.7356,11.6891,11.7795,11.4872,11.4468,11.5029
HK2,9.4267,9.5262,9.5148,11.4575,11.3026,11.4659
HLA-B,10.8447,10.7079,10.7689,10.879,10.8972,10.8011
HLA-C,5.7558,6.0005,5.963,6.3123,6.0564,6.1142
HLA-DPB1,3.5242,3.5409,3.5658,3.5161,2,3.7856
HLA-DQA1,4.2487,4.0004,3.206,4.464,4.1872,4.1595
HLA-DQB2,2,5.1558,2.5217,2,2.5596,3.0143
HLA-E,9.8507,9.7837,9.8021,10.4972,10.487,10.5667
HLCS,8.9493,8.9063,8.8473,8.5829,8.7371,8.6977
HLF,3.1705,3.3989,2.7255,3.2195,2.9618,3.7856
HLTF,9.4858,9.4785,9.5027,8.5949,9.2674,9.1657
HLX,7.0535,6.7359,6.9263,6.5436,6.667,6.5126
HM13,11.85,11.7666,11.8263,12.2175,12.1251,12.2152
HMBOX1,7.6376,7.5579,7.5467,7.6018,7.7119,7.6366
HMBS,7.7921,7.9882,7.9691,7.016,7.1146,7.0543
HMCES,8.5137,8.7759,8.5447,8.7055,8.6479,8.6131
HMCN1,9.8311,9.9473,9.7343,11.9641,11.819,11.8418
HMG20A,9.1846,9.1447,9.2434,9.0092,8.9785,9.0214
HMG20B,9.7199,9.8207,9.8147,10.0154,9.9341,10.0158
HMGA1,14.3162,14.3263,14.4173,14.0847,13.9647,14.0297
HMGA2,13.2923,13.3394,13.3394,14.0247,13.9272,14.0154
HMGB1,12.1852,12.2423,12.2456,11.6901,11.7619,11.8412
HMGB2,10.0731,10.1931,10.1573,8.2212,8.4548,8.3134
HMGB3,9.0309,9.2851,9.2267,8.9515,9.1277,8.9754
HMGCL,8.3352,8.4006,8.6201,7.6862,7.8127,7.5638
HMGCR,10.1966,10.1214,10.0605,10.7629,10.6014,10.8018
HMGCS1,9.4397,9.3126,9.3416,10.3451,10.2346,10.4215
HMGN1,11.6049,11.6573,11.6403,11.5524,11.5809,11.527
HMGN2,11.9013,11.9473,11.9537,11.435,11.4414,11.385
HMGN3,8.0589,8.1957,8.1077,7.6787,7.4712,7.3131
HMGN4,9.2453,9.385,9.3318,9.9703,9.8829,9.9567
HMGN5,5.9434,5.6391,5.792,6.1051,6.0147,5.8542
HMGXB3,10.3566,10.4408,10.3381,10.7926,10.6951,10.7322
HMGXB4,9.1277,9.3126,9.3043,8.687,8.775,8.6633
HMMR,8.5999,8.7651,8.7572,5.122,5.8585,5.4588
HMOX1,8.0108,7.8854,7.9438,7.8006,7.9952,7.8404
HMOX2,8.8315,8.721,8.7774,8.3584,8.3029,8.2798
HNF1B,2.9547,3.7889,3.4556,2.34,2,2.2678
HNMT,6.8805,6.7651,6.6789,5.6041,5.6834,5.5113
HNRNPA0,11.2049,11.206,11.2236,11.3364,11.3724,11.3934
HNRNPA1,13.4148,13.5024,13.4544,12.576,12.689,12.5834
HNRNPA1L2,6.2345,5.872,6.0975,5.8632,5.5438,5.227
HNRNPA2B1,13.331,13.3438,13.3091,12.9556,13.0003,12.9914
HNRNPA3,12.4847,12.5205,12.5274,12.3725,12.3941,12.396
HNRNPAB,11.4574,11.5316,11.5002,10.5605,10.6075,10.5714
HNRNPC,12.8601,12.9609,12.8532,12.575,12.4676,12.5732
HNRNPD,11.3131,11.3438,11.3024,10.8782,10.9848,10.9609
HNRNPDL,11.174,11.2093,11.2205,11.0478,11.2081,11.0645
HNRNPF,11.163,11.2291,11.2247,11.4813,11.4226,11.513
HNRNPH1,12.0316,12.023,12.0626,11.2113,11.3247,11.2909
HNRNPH2,10.5277,10.4533,10.5288,10.8741,10.8986,10.8638
HNRNPH3,11.0696,11.0873,11.0406,10.1524,10.3162,10.2857
HNRNPK,13.2356,13.3061,13.2917,13.0966,13.1459,13.1339
HNRNPL,11.961,11.9576,11.9704,11.7966,11.7725,11.8078
HNRNPLL,9.8071,9.7979,9.8161,9.7671,9.7763,9.8974
HNRNPM,11.9713,11.9913,12.0151,11.6085,11.6039,11.6028
HNRNPR,11.3837,11.441,11.3921,10.3498,10.4415,10.4051
HNRNPU,12.857,12.8607,12.8604,12.7975,12.8256,12.8529
HNRNPUL1,12.1125,12.1372,12.2132,11.3161,11.4085,11.3802
HNRNPUL2,11.1175,11.1287,11.1286,10.4704,10.4187,10.3779
HNRNPUL2-BSCL2,10.725,10.5811,10.6535,10.6414,10.6727,10.7022
HOATZ,3.3581,3.7889,3.5658,4.0665,4.0287,3.5038
HOMER1,7.734,8.0607,7.9284,8.2618,8.3747,8.3097
HOMER2,4.9781,4.6285,5.2799,4.9835,4.7915,4.2856
HOMER3,10.145,10.1466,10.1362,10.2362,10.2694,10.3385
HOMEZ,7.5915,7.2926,7.5196,6.4057,6.3692,6.4331
HOOK2,7.3474,7.1223,7.2325,7.3619,7.2733,7.3711
HOOK3,10.34,10.6355,10.451,10.2899,10.4006,10.3788
HOPX,7.6376,8.3581,6.9468,7.5373,4.1101,7.6543
HORMAD2,7.4018,7.5745,7.5196,6.9555,2.7747,6.9344
HOXA1,4.7287,4.7505,4.6883,3.3754,3.5338,3.604
HOXA10,2.7008,2.6282,3.0629,3.6442,3.8505,3.2797
HOXA2,5.2393,5.2415,4.9547,4.2388,3.9423,3.604
HOXA3,6.7856,7.1447,7.0829,6.3504,6.6122,6.6595
HOXA4,6.1094,5.9248,5.983,4.1552,4.3964,4.0214
HOXA5,7.9464,7.8517,7.9438,5.2484,5.3892,5.4042
HOXA6,4.0451,4.1849,4.0178,2.34,3.9423,3.2797
HOXA7,5.5007,5.6072,5.5718,5.725,5.9276,5.914
HOXB2,9.3623,9.3708,9.501,9.5673,9.6611,9.6011
HOXB3,10.1624,10.2511,10.1824,8.687,9.1253,8.6487
HOXB4,7.7254,7.6548,7.5332,7.6712,7.6856,7.7503
HOXB5,9.6831,9.6568,9.7358,9.2498,9.2894,9.2551
HOXB6,9.3121,9.2545,9.2454,9.4296,9.4209,9.4612
HOXB7,7.6285,7.5662,7.5127,8.2212,7.9406,8.1112
HOXB8,6.4145,6.1631,6.0414,6.3314,6.2121,6.2596
HOXC4,3.3581,3.7889,2.904,3.2195,3.5338,3.1531
HOXC6,3.6731,4.0004,4.2336,3.972,3.8505,2.6888
HOXC8,5.2393,5.4359,5.4903,4.3179,4.7915,3.8686
HOXC9,2.3925,2.8627,3.4556,4.2388,3.1274,3.2797
HP1BP3,11.4322,11.5751,11.4898,11.5682,11.6616,11.6066
HPCAL1,9.3541,9.3052,9.3836,10.1003,9.8403,10.1179
HPDL,3.5242,3.7889,3.6682,2.34,3.9423,3.0143
HPF1,7.8401,7.9248,7.7236,6.8127,7.3591,7.3205
HPR,2,2,3.938,2,2,2
HPS1,9.7827,9.9036,9.7936,9.7206,9.6286,9.6922
HPS3,8.9711,8.8597,8.9191,8.6982,8.6134,8.7146
HPS4,8.3792,8.3388,8.4508,7.8744,7.6315,7.6068
HPS5,9.1627,9.2901,9.1335,8.6683,8.8976,8.6949
HPS6,8.9602,8.9096,8.9061,8.5668,8.478,8.4375
HPX,3.3581,3.0644,3.4556,4.3179,4.5208,3.5038
HR,6.9108,6.7938,6.7853,5.7537,5.5728,5.7267
HRAS,8.5235,8.4689,8.4722,8.6683,8.3747,8.5263
HRCT1,4.0451,4.9673,4.9947,3.5161,4.1101,3.5038
HRH1,8.5906,8.4238,8.3884,7.5939,7.5608,7.1319
HROB,6.3273,5.7009,5.9012,4.8831,5.1406,5.4588
HS1BP3,8.5953,8.46,8.5312,8.9138,8.775,8.7174
HS2ST1,10.0271,10.1632,10.0988,10.2285,10.1708,10.2062
HS3ST3A1,7.6556,7.7309,7.7177,8.1311,7.9351,8.1532
HS3ST3B1,7.8636,7.9695,7.7236,8.1366,8.0218,8.1069
HS3ST5,8.5765,8.5551,8.4034,9.0002,8.9005,8.8936
HS6ST1,10.4779,10.4964,10.4474,11.1983,11.1795,11.2088
HSBP1,10.7835,10.8375,10.7667,10.9191,10.9403,10.9591
HSBP1L1,7.4439,7.5155,7.3831,8.1311,7.9845,8.1281
HSCB,7.256,7.3803,7.164,6.8263,6.8201,6.7607
HSD11B1L,6.1608,6.3484,6.3341,7.5039,7.2555,7.2982
HSD17B1,8.4736,8.3485,8.5141,9.1014,8.7936,9.105
HSD17B10,9.5713,9.5704,9.6771,9.1801,9.1734,9.2931
HSD17B11,7.9243,8.1072,8.0136,8.9942,8.9511,9.0638
HSD17B12,10.3232,10.3569,10.2572,10.3904,10.4207,10.4077
HSD17B14,4.9781,5.0646,5.2799,6.149,5.9049,5.8337
HSD17B2,4.9197,4.8078,5.3119,8.1742,8.0735,8.3427
HSD17B4,10.3076,10.288,10.2745,10.1087,10.1028,10.0328
HSD17B6,3.9314,4.4237,4.0178,3.3754,3.5338,3.6977
HSD3B1,2,2.6282,2,3.6442,3.4107,3.8686
HSD3B2,2.3925,2.348,2.5217,4.2388,3.8505,3.6977
HSD3B7,7.0261,7.1668,7.0829,7.1298,7.2465,6.9817
HSDL1,8.8628,8.7506,8.5481,9.1153,9.1399,9.1367
HSDL2,9.3513,9.5112,9.4408,8.6833,8.6782,8.5858
HSF1,10.4264,10.288,10.3933,10.1045,10.065,10.103
HSF2,7.6645,7.6781,7.8158,7.7374,7.8487,7.8093
HSF2BP,4.427,4.7505,4.2336,4.5318,3.9423,4.4015
HSF4,2.7008,2.8627,3.206,3.8708,3.5338,3.8686
HSFX1,3.5242,2.8627,3.3362,3.7619,3.5338,2.6888
HSP90AA1,14.4065,14.3861,14.4396,14.0416,13.9716,14.0623
HSP90AB1,14.2127,14.2014,14.2387,13.9587,13.9348,13.9475
HSP90B1,14.1981,14.0784,14.1434,14.2604,14.2369,14.2057
HSPA12A,9.2835,9.2622,9.4905,8.2767,8.2455,8.2375
HSPA13,10.4473,10.5882,10.5048,10.5584,10.5819,10.6297
HSPA14,9.4423,9.5474,9.5165,9.8772,9.7856,9.9207
HSPA1B,2,2,4.5341,2,2,2
HSPA2,8.0177,7.9944,8.0801,9.4777,9.4348,9.569
HSPA4,12.1279,12.1745,12.1557,11.6516,11.6834,11.6416
HSPA4L,7.6101,7.7675,7.7472,8.1201,8.0582,8.0854
HSPA5,14.4879,14.4151,14.4648,14.7563,14.6358,14.7061
HSPA8,14.8176,14.8342,14.8577,14.7555,14.6646,14.7513
HSPA9,12.3077,12.2827,12.3062,11.5853,11.6822,11.6208
HSPB1,13.1228,13.0536,13.1248,12.3287,12.4208,12.2952
HSPB11,7.544,7.6312,7.5332,7.7445,7.9572,7.8197
HSPB2,3.808,3.7889,3.8536,2,3.5338,2.6888
HSPB6,11.9261,11.7926,11.9298,11.5662,11.5778,11.3525
HSPB7,6.0288,5.5745,6.0604,4.5967,4.6892,4.2856
HSPB8,9.0031,8.8798,8.995,7.5039,7.5752,7.5762
HSPBAP1,5.7558,5.6704,5.7459,6.5436,6.0969,6.1806
HSPBP1,9.2061,9.1696,9.0926,9.0845,9.0602,9.1135
HSPD1,12.5211,12.4686,12.5178,12.3299,12.2307,12.2415
HSPE1,10.0914,10.1057,9.9893,10.442,10.2804,10.4129
HSPE1-MOB4,7.8083,7.8172,7.4565,7.2755,7.7757,7.6946
HSPG2,13.8012,13.7183,13.8688,13.3285,13.246,13.2717
HSPH1,11.5691,11.5532,11.5643,12.3963,12.2736,12.4235
HTATIP2,8.3184,8.2329,8.1658,8.3396,8.3498,8.5327
HTATSF1,9.8409,9.8987,9.8147,9.8408,9.9299,9.8305
HTD2,5.8211,6.2064,6.3025,6.0131,6.6399,6.5254
HTN1,3.808,4.0956,4.0934,4.3179,4.8401,4.6561
HTR1D,2.9547,3.0644,3.206,3.3754,3.7525,3.7856
HTR2B,4.9197,4.8078,4.4213,4.2388,4.3964,3.8686
HTR7,6.0288,5.872,5.8585,7.7156,7.3082,7.8608
HTRA1,10.8059,10.6966,10.7703,11.818,11.6759,11.8325
HTRA2,8.0724,8.2381,8.2132,8.2816,8.209,8.3679
HTRA3,7.7424,7.591,7.6567,7.8612,7.7184,7.7666
HTRA4,3.808,4.0004,3.6682,3.972,3.7525,3.5038
HTT,11.1272,11.1987,11.025,11.3197,11.295,11.1948
HUNK,6.6663,6.58,6.6911,5.9892,6.0768,5.8542
HUS1,8.0316,8.0607,8.1258,7.7588,7.5824,7.7394
HUWE1,12.8725,12.8723,12.7317,12.8406,12.7118,12.7001
HVCN1,4.0451,4.3484,3.5658,2.8457,3.7525,3.6977
HYAL2,9.8585,9.8032,9.9261,10.3915,10.3375,10.4232
HYAL3,6.4766,6.442,6.8302,6.8663,6.6535,6.845
HYDIN,3.6731,4.0004,2.7255,2.6149,3.6473,3.6977
HYI,8.3296,8.3724,8.1918,8.035,7.8605,7.8557
HYKK,4.9781,5.399,5.4903,4.464,4.7915,4.4561
HYLS1,6.7856,6.6908,6.7738,5.4372,5.7611,5.7919
HYOU1,11.3735,11.2832,11.2959,11.9299,11.8307,11.928
HYPK,5.8211,4.863,5.5452,5.4372,5.4215,5.2581
IAH1,9.065,8.9892,8.9449,8.8849,8.7562,8.723
IARS1,12.8911,12.8221,12.827,12.6708,12.7464,12.6488
IARS2,11.0034,11.058,11.0905,11.0089,11.0384,11.0563
IBA57,7.3585,7.6548,7.6936,7.9995,7.9627,8.0144
IBTK,10.571,10.5656,10.5203,10.5995,10.787,10.6073
ICA1,4.0451,4.0004,4.2336,5.3646,5.7861,4.3447
ICA1L,6.2583,6.5964,6.3495,6.4763,6.1557,6.4194
ICAM1,9.3623,9.2493,9.2903,6.9305,6.7583,7.0094
ICAM2,3.5242,3.3989,3.7639,3.7619,3.5338,4.1595
ICAM3,7.5343,7.591,7.5601,7.9131,7.9125,7.6946
ICAM4,3.3581,4.3484,3.7639,4.7181,4.9766,4.7466
ICAM5,8.284,8.0957,8.2672,8.5988,8.5121,8.6835
ICE1,10.0167,10.0885,10.1114,9.7724,9.8223,9.7218
ICE2,8.7954,8.7173,8.7831,8.5383,8.6749,8.5359
ICMT,11.421,11.3909,11.4195,11.0565,11.0115,11.0073
ICOSLG,4.9197,4.2689,4.9947,7.8809,7.568,7.6128
ID1,8.9675,8.8597,8.885,10.2825,10.089,10.3403
ID2,10.0764,9.9521,10.1373,9.2295,9.3514,9.2761
ID3,9.5618,9.5537,9.5901,10.4354,10.3258,10.4878
ID4,6.2104,6.1185,6.1338,7.2455,7.1821,7.2293
IDE,9.7848,9.7711,9.8161,9.9094,10.142,10.0462
IDH1,10.137,10.159,10.0781,10.5098,10.5549,10.5353
IDH2,10.0831,10.0608,10.2531,9.7314,9.8537,9.6326
IDH3A,9.4527,9.5642,9.5754,9.3706,9.4209,9.4579
IDH3B,9.652,9.7512,9.6445,9.5305,9.5723,9.6297
IDH3G,9.6294,9.5683,9.7075,9.5754,9.6829,9.589
IDI1,9.5901,9.6431,9.5504,10.651,10.6154,10.719
IDNK,4.0451,4.3484,4.0934,3.2195,3.5338,3.1531
IDS,10.8748,10.8973,10.8371,11.1411,11.115,11.1269
IDUA,7.6734,7.6858,7.8046,8.8083,8.6064,8.6575
IER2,9.8566,9.9425,9.9377,10.5776,10.5594,10.5683
IER3,2,2,2,3.3754,2,3.7856
IER5,9.9868,10.0204,10.0629,9.8308,9.6762,9.6011
IER5L,8.7542,8.4192,8.4255,9.4884,9.2872,9.4085
IFFO1,8.9782,8.8392,8.8141,9.2822,9.0704,9.2666
IFI16,10.3879,10.3351,10.3225,10.1239,10.1335,10.0976
IFI27L1,6.3047,6.1631,6.1516,6.2124,6.3692,6.0798
IFI27L2,8.2067,8.037,8.1526,7.7374,7.8368,7.7666
IFI35,6.2817,6.141,5.963,5.9401,5.9718,6.3049
IFI44,4.7287,4.9673,4.7827,3.6442,4.6892,4.0214
IFI44L,3.9314,3.5409,4.0934,2.6149,3.1274,2.6888
IFI6,6.6663,6.9291,6.9771,6.9431,8.1525,6.9535
IFIH1,5.2393,5.1558,5.0714,4.7181,5.3892,4.7898
IFIT1,5.8835,5.9505,5.983,5.2075,4.9325,5.1952
IFIT2,6.3273,5.6391,6.1158,5.0773,5.3892,5.0954
IFIT3,7.0398,6.9674,7.0921,7.2455,7.2192,7.1895
IFIT5,8.5999,8.329,8.5037,7.8075,8.0006,8.0414
IFITM1,7.3024,7.4895,7.5264,8.6945,8.8832,8.8432
IFITM10,5.3759,5.1109,4.8712,6.6844,6.1363,6.4866
IFITM2,9.7745,9.7819,9.8935,9.76,9.8238,9.7778
IFITM3,11.5054,11.4078,11.4413,11.8981,11.9395,11.8306
IFNAR1,10.309,10.4099,10.3096,10.217,10.1589,10.2848
IFNAR2,8.0108,8.1577,8.0281,8.1636,8.2855,8.3643
IFNE,4.9781,4.1849,4.5874,5.1654,5.2525,5.2581
IFNGR1,8.8744,8.7359,8.6979,8.7702,8.6342,8.6691
IFNGR2,8.4583,8.7396,8.7009,8.0979,8.2455,8.2491
IFRD1,9.5736,9.5047,9.5437,9.4755,9.3409,9.5249
IFRD2,9.9471,9.9425,9.8868,9.3139,9.3218,9.3734
IFT122,8.5235,8.269,8.5447,8.5175,8.4273,8.3856
IFT172,8.1507,8.2011,8.1918,7.9194,7.8005,8.0098
IFT20,9.0136,9.1053,8.9398,9.3306,9.2981,9.2121
IFT22,7.9537,7.9505,8.1213,8.1848,7.8368,8.0984
IFT27,8.3408,8.2329,8.3388,8.8421,8.9428,8.901
IFT43,7.256,7.3613,7.3216,7.5939,7.4941,7.4674
IFT46,8.5284,8.2171,8.2915,7.7083,7.8066,7.6946
IFT52,8.7331,8.7506,8.7716,8.8117,8.9649,8.9683
IFT74,7.4948,7.5069,7.54,7.7374,7.8368,7.7881
IFT80,8.6769,8.6755,8.6548,8.6908,8.7656,8.6892
IFT81,7.8636,7.9248,7.9387,7.6253,8.0165,7.9057
IFT88,7.6734,7.7309,7.6252,7.578,7.7757,7.7172
IFTAP,7.0937,6.8494,6.9159,6.8923,6.7957,6.9052
IGBP1,9.4423,9.4473,9.4023,9.5973,9.62,9.4795
IGDCC4,8.1379,7.9441,7.9284,8.0291,7.9351,7.8709
IGF1,4.1505,4.1849,3.4556,3.5161,3.7525,3.3961
IGF1R,10.4053,10.3772,10.2271,9.9456,10.0547,9.8825
IGF2,8.942,8.9547,8.8169,10.6765,10.4851,10.5875
IGF2BP1,10.4868,10.5137,10.3487,11.0794,10.9868,11.0345
IGF2BP2,11.2072,11.2278,11.2252,10.9651,10.9403,10.9171
IGF2BP3,11.5898,11.5807,11.5759,11.734,11.7057,11.7145
IGF2R,13.1305,13.0837,13.0297,13.7884,13.6628,13.7451
IGFBP2,10.766,10.6156,10.7026,11.0074,11.0572,10.9122
IGFBP3,12.3412,12.3895,12.4658,10.1045,10.4365,10.0158
IGFBP4,14.8371,14.8169,14.8517,15.4982,15.491,15.4488
IGFBP5,17.0092,16.9595,16.9127,18.2608,18.173,18.2477
IGFBP6,10.3852,10.3376,10.2725,10.3743,10.4117,10.3762
IGFBP7,12.4256,12.3388,12.3703,12.8905,12.8877,12.8007
IGFL4,3.6731,3.8985,3.4556,3.7619,3.1274,4.0921
IGFLR1,4.1505,2.8627,4.2336,3.972,3.7525,3.7856
IGHMBP2,8.3846,8.3677,8.4968,8.4577,8.3201,8.4776
IGIP,7.0398,6.6444,6.3951,6.149,5.9049,5.8944
IGSF10,4.1505,3.6702,4.3614,4.8302,5.1789,5.1952
IGSF11,8.422,8.5551,8.8141,7.7729,8.721,9.1534
IGSF3,4.5858,3.8985,2,3.6442,2,3.6977
IGSF6,3.1705,3.2413,2.7255,3.8708,3.9423,3.604
IGSF8,8.7203,8.7285,8.6704,9.5894,9.4189,9.6072
IGSF9,2,2.348,2.2843,2,2.5596,4.0921
IK,10.4792,10.5213,10.4891,10.3202,10.2582,10.3146
IKBIP,11.3978,11.3968,11.3295,11.3785,11.4507,11.2787
IKBKB,9.5107,9.4268,9.5217,10.3697,10.1348,10.3601
IKBKE,8.779,8.8288,8.828,8.2212,8.3116,8.3786
IKBKG,9.1373,9.413,9.3181,9.4026,9.2585,9.4427
IKZF2,7.2909,7.4359,7.2408,6.0131,6.418,5.8744
IKZF3,4.5086,4.6285,4.5341,5.122,5.1406,5.3183
IKZF4,7.6466,7.2724,7.5058,7.529,7.6856,7.526
IKZF5,7.9243,7.7457,7.8379,7.7445,7.5463,7.7394
IL10RB,8.5859,8.721,8.6328,8.6067,8.6134,8.6835
IL11,9.1405,9.0967,9.1862,11.6939,11.4763,11.9262
IL11RA,7.3585,7.2622,7.3756,7.1188,7.4635,7.4062
IL12A,6.9839,7.0046,6.7738,6.3504,6.3015,6.5126
IL12RB1,3.5242,3.8985,3.206,4.0665,3.5338,3.5038
IL13RA1,10.6718,10.7813,10.6798,11.1519,11.151,11.1369
IL13RA2,3.9314,3.2413,4.7363,5.8366,5.0194,5.5369
IL15,6.7356,6.3676,6.5507,5.9649,5.9718,5.9901
IL15RA,6.5362,6.5635,6.8521,7.9935,7.8248,8.0592
IL16,5.722,4.2689,5.4621,4.5318,4.7915,3.947
IL17D,6.9551,6.8898,6.5903,6.5761,6.8441,6.8035
IL17RA,9.9562,10.1114,10.0065,10.0433,10.1299,10.1892
IL17RB,5.4187,4.5634,4.9947,4.9342,5.1013,5.3183
IL17RC,8.448,8.534,8.5413,8.749,8.6307,8.6161
IL17RD,7.1199,7.3991,7.1375,6.4589,6.7199,6.5126
IL18BP,5.5783,6.0957,6.2374,6.2732,5.6012,6.4331
IL18R1,4.2487,4.4237,4.2336,6.7712,6.1557,7.2982
IL1A,4.0451,3.0644,3.5658,5.8893,5.4215,5.7919
IL1B,4.7287,4.9673,4.7827,9.1097,8.8976,9.377
IL1R1,9.8546,9.819,9.8217,11.9097,11.6532,12.1756
IL1RAP,7.5245,7.4084,7.4276,8.9791,8.8861,8.8837
IL1RAPL1,5.7888,5.9248,6.0604,6.7285,6.9251,6.7822
IL1RL1,4.5086,4.6285,4.3614,4.3179,4.5208,4.5088
IL1RL2,2.3925,2.6282,2.7255,3.8708,3.4107,3.947
IL20RB,3.808,3.8985,4.0934,2.8457,3.276,3.5038
IL21R,5.6156,5.3224,5.598,7.8143,7.1821,7.7283
IL24,2,2.348,2,5.8095,5.2879,6.1311
IL27RA,7.3363,7.5828,7.345,7.2455,6.8677,6.9439
IL2RB,3.6731,3.8985,5.4333,3.7619,3.7525,6.4996
IL31RA,5.8211,5.5069,5.4333,4.7753,4.7915,4.8725
IL32,8.5765,8.451,8.5003,6.6844,6.7957,6.4331
IL33,3.3581,3.6702,2.904,3.972,4.33,4.1595
IL34,4.2487,3.3989,3.7639,2,2,2.4936
IL3RA,3.9314,3.6702,3.4556,4.7753,4.33,4.5088
IL4R,9.4082,9.5474,9.2802,11.2845,11.1298,11.396
IL6,6.8495,7.0289,7.0261,9.1042,9.0369,9.1135
IL6R,7.1957,7.0289,7.3294,7.0626,6.9251,7.0893
IL6ST,14.2584,14.2586,14.2554,13.5247,13.5999,13.6073
IL7R,11.0295,11.0931,11.0777,10.5716,10.5979,10.6163
ILF2,11.5614,11.5838,11.5726,11.2389,11.3443,11.2772
ILF3,12.3529,12.2965,12.3581,11.7879,11.8352,11.8418
ILK,12.1141,12.0655,12.1214,11.6989,11.7453,11.6983
ILKAP,8.3408,8.2536,8.3809,8.2264,8.1668,8.0548
ILRUN,10.9705,10.9436,10.9859,11.5173,11.4987,11.5338
ILVBL,9.5831,9.5262,9.5521,9.5387,9.6234,9.6385
IMMP1L,6.3047,6.1849,6.2865,6.4057,5.9276,5.8542
IMMP2L,5.2393,5.399,5.5452,5.3269,5.6834,5.4853
IMMT,10.6383,10.688,10.7718,10.2092,10.2048,10.1083
IMP3,9.2092,9.1053,9.0411,9.4406,9.4872,9.4926
IMP4,9.795,9.8311,9.8855,9.7494,9.6025,9.7218
IMPA1,8.39,8.5551,8.2915,8.9638,9.0053,9.0146
IMPA2,6.5746,6.706,6.8521,5.5063,5.7861,5.914
IMPACT,9.0275,9.1138,9.1601,8.9359,9.0881,8.9181
IMPDH1,10.9033,10.9372,11.0135,10.2935,10.3564,10.3367
IMPDH2,10.7897,10.7651,10.8542,10.3858,10.3205,10.3072
IMPG2,3.5242,4.0956,3.7639,4.5318,4.33,3.947
INA,8.2067,8.1014,8.1658,7.8346,7.9572,7.9008
INAFM1,7.4542,7.4807,7.4989,8.035,8.027,8.0854
INAVA,3.1705,3.3989,4.0934,3.3754,2.9618,4.8317
INCA1,5.1907,5.0646,5.518,5.0773,5.2161,4.9507
INCENP,9.1815,9.3803,9.48,8.1795,8.1331,8.1778
INF2,11.3619,11.3469,11.3912,11.063,10.9962,11.0607
ING1,7.5048,7.6072,7.3831,8.5383,8.5046,8.607
ING2,6.9551,7.0529,6.9468,6.1916,6.5696,6.3916
ING3,7.2441,7.0995,7.3527,7.3146,7.1726,7.2907
ING4,7.7254,7.591,7.5995,8.4922,8.5958,8.3643
ING5,7.8866,7.6858,7.54,7.8546,7.7882,7.8249
INHBA,12.1926,12.263,12.25,13.6139,13.5388,13.7074
INHBE,6.3496,6.0489,6.1158,2.6149,3.5338,3.2797
INIP,8.7031,8.7867,8.828,8.142,8.2986,8.1532
INKA1,4.9197,4.9673,5.2799,4.3179,4.6892,4.4015
INKA2,8.2189,8.0725,8.0472,8.6107,8.4193,8.3961
INMT-MINDY4,3.5242,2,2.5217,3.5161,2,3.8686
INO80,9.4188,9.5432,9.4426,8.7807,8.926,8.8381
INO80B,7.1833,7.1223,6.9366,7.1836,7.023,7.0719
INO80B-WBP1,6.9405,5.6072,6.1516,6.4934,6.6937,6.6361
INO80C,6.8651,6.8494,6.8629,7.6253,7.568,7.7003
INO80D,7.939,7.6072,7.6188,8.4223,8.3623,8.2683
INO80E,9.1049,8.9674,9.1535,9.1208,9.1154,9.2551
INPP1,8.4008,8.329,8.2549,8.9669,8.8745,8.9035
INPP4A,9.0412,9.088,8.9676,9.1208,9.22,9.2081
INPP4B,7.3911,7.5579,7.4129,8.3815,8.3414,8.5673
INPP5A,9.5033,9.6032,9.5096,9.4494,9.6389,9.5935
INPP5B,8.1759,8.1129,8.1614,7.8211,7.8308,7.8301
INPP5D,3.1705,3.5409,3.5658,4.8831,4.2603,4.9121
INPP5E,8.0857,7.9632,8.0894,8.3953,8.25,8.4442
INPP5J,5.0343,4.4237,4.9136,3.8708,3.8505,4.0214
INPP5K,8.5478,8.504,8.3922,9.7169,9.7271,9.7751
INPPL1,11.4407,11.3979,11.4268,11.9986,11.9705,12.0224
INSC,5.1907,4.6908,4.9947,9.1208,8.9344,9.3006
INSIG1,9.1501,9.3151,9.2782,11.8319,11.6604,12.0008
INSIG2,8.0247,7.9882,7.9181,8.1474,8.1234,8.1778
INSR,7.6556,7.6152,7.4349,6.7428,6.7957,6.6122
INSYN1,3.3581,3.7889,4.0934,4.5967,4.887,4.5596
INSYN2A,3.1705,4.4237,3.938,4.6587,4.33,4.9883
INSYN2B,7.1709,7.111,7.2325,7.8279,7.6315,8.0144
INTS1,11.3551,11.3138,11.4602,11.5036,11.4399,11.4968
INTS10,9.5107,9.5971,9.577,9.7242,9.6728,9.6459
INTS11,10.0881,9.9377,10.0296,9.9331,9.7447,9.7818
INTS12,8.1883,8.2792,8.2955,8.0055,8.0785,8.028
INTS13,8.6321,8.7795,8.7189,8.3205,8.3829,8.3464
INTS14,8.8973,8.7831,8.7367,8.306,8.3911,8.253
INTS2,7.7757,7.7457,7.8379,7.6862,7.6315,7.7116
INTS3,9.1082,9.1081,9.1948,8.8219,8.812,8.8711
INTS5,8.8782,8.8798,8.9087,9.333,9.3346,9.4154
INTS6,9.3922,9.4763,9.473,9.3566,9.2652,9.2987
INTS6L,6.5166,6.329,6.564,6.6844,6.6122,6.5381
INTS7,8.3184,8.2433,8.259,7.3712,7.5536,7.5387
INTS8,9.1309,9.0647,9.1884,8.6608,8.7467,8.6369
INTS9,7.7508,7.7675,7.7531,7.6253,7.4082,7.6601
INVS,8.2489,8.1686,8.1348,7.7517,7.4712,7.6484
IP6K1,9.9671,9.9345,9.9906,10.4243,10.2957,10.3547
IP6K2,9.8721,9.8259,9.7851,10.3847,10.4385,10.4487
IPMK,7.1199,7.1336,6.8302,8.2109,8.4971,8.5673
IPO11,9.0378,8.8765,8.9777,7.3337,7.3507,7.0893
IPO13,9.7005,9.5155,9.7851,9.7278,9.6147,9.7077
IPO4,10.2435,10.1312,10.3792,9.4472,9.3577,9.3192
IPO5,12.4157,12.4589,12.4835,11.7113,11.7453,11.6859
IPO7,12.1578,12.1883,12.1677,12.0981,12.1479,12.1261
IPO8,10.2316,10.2931,10.2857,10.2041,10.2594,10.1902
IPO9,10.7335,10.834,10.808,10.7253,10.6967,10.6837
IPP,8.0657,7.8585,8.0986,7.6485,7.7119,7.4269
IPPK,8.3792,8.2329,8.3619,8.0697,8.3372,8.149
IQCA1L,9.4604,9.4851,9.5027,7.7799,8.8211,8.1818
IQCB1,7.8163,7.8854,7.8046,7.4869,7.6246,7.6717
IQCC,4.659,5.5745,5.3432,4.7181,4.7413,4.7466
IQCE,9.0616,9.1805,9.1732,8.7561,8.8271,8.783
IQCG,6.1353,6.1631,6.2865,6.5599,6.1747,6.3049
IQCH,4.3406,4.1849,4.4788,4.8831,4.4599,4.9507
IQCK,5.9724,6.1631,6.1692,4.9835,4.5791,4.9121
IQCN,2.9547,4.0004,4.3614,4.7753,4.6352,4.7898
IQGAP1,13.2291,13.2107,13.2284,12.631,12.6491,12.5931
IQGAP2,4.7952,4.4237,4.2336,6.7712,6.6261,6.814
IQGAP3,9.0481,9.1913,9.3221,6.369,6.5981,6.3775
IQSEC1,9.3705,9.4427,9.4587,8.9669,9.1829,9.0214
IQSEC2,8.4838,8.5593,8.4793,8.5547,8.478,8.4341
IQSEC3,3.9314,3.2413,3.4556,4.7753,4.1101,4.2856
IQUB,2.7008,2.6282,3.0629,4.3928,3.276,3.604
IRAG1,10.0996,10.2224,10.009,8.8421,9.2938,8.7424
IRAK1,11.6778,11.6362,11.727,11.4182,11.3542,11.4194
IRAK1BP1,5.8835,5.7009,5.6238,5.5723,5.4839,5.0606
IRAK2,7.7757,7.7961,7.6996,8.5091,8.3414,8.5796
IRAK3,5.2863,5.4359,5.7459,5.4014,5.0609,5.4317
IRAK4,9.2777,9.4153,9.3911,8.9265,9.0369,8.8147
IREB2,10.1982,10.2368,10.1148,10.6905,10.7557,10.7886
IRF1,8.4167,8.6045,8.7159,10.0919,9.8507,10.1168
IRF1-AS1,5.4187,5.0646,4.8276,6.4414,6.584,6.4331
IRF2,7.9754,8.0189,8.0567,8.0867,7.9351,8.1027
IRF2BP1,8.5038,8.4822,8.6548,8.6945,8.641,8.7062
IRF2BP2,10.4588,10.4986,10.5143,10.4693,10.5246,10.447
IRF2BPL,10.3798,10.434,10.4865,11.1931,11.173,11.2715
IRF3,9.2921,9.2699,9.1776,9.735,9.7964,9.7425
IRF7,2,6.0005,2.5217,4.9342,2.9618,5.1627
IRF9,8.0316,7.6391,7.9233,7.8075,7.652,7.8249
IRGQ,9.2243,9.194,9.1754,10.9947,10.6752,10.9244
IRS2,8.231,8.2011,8.2631,9.2422,9.108,9.1071
IRX2,3.808,4.4237,4.7363,4.1552,4.6352,4.6087
IRX4,8.237,8.6005,8.4898,8.6417,8.9091,8.8381
ISCA1,8.422,8.442,8.4898,9.0817,9.0369,9.1554
ISCA2,7.7169,7.6704,7.6442,7.7229,7.5017,7.6188
ISCU,9.7704,9.6685,9.6633,10.2714,10.3792,10.3556
ISG15,8.3184,8.3581,8.4687,8.6758,8.7242,8.5038
ISG20,4.2487,3.5409,4.3614,4.8302,4.9766,4.9507
ISG20L2,9.2892,9.2337,9.1732,8.9042,9.0212,8.9963
ISL2,4.7952,4.2689,4.2989,4.1552,4.1872,4.6087
ISLR,2.3925,3.2413,3.7639,3.0447,3.276,3.2797
ISOC1,7.5536,7.4359,7.3907,7.2556,7.1631,7.3568
ISOC2,9.5498,9.5047,9.537,9.665,9.6025,9.7148
IST1,10.5216,10.5018,10.5616,10.5786,10.6049,10.5472
ISY1,8.6184,8.8079,8.5346,8.8521,8.8803,8.709
ISY1-RAB43,9.6339,9.445,9.6477,9.8624,9.4853,10.065
ISYNA1,7.3694,7.5069,7.3372,8.2816,8.1331,8.1281
ITCH,10.5374,10.5018,10.597,10.7848,10.7893,10.8292
ITFG1,10.3798,10.4169,10.3868,11.0022,11.0693,10.9814
ITFG2,7.8713,7.8585,7.7933,7.2656,7.1726,7.3278
ITGA1,11.6142,11.5522,11.5269,12.1347,12.2353,12.1674
ITGA10,5.722,6.2276,6.1692,6.8127,6.6261,6.6711
ITGA11,10.5758,10.4065,10.4848,11.7218,11.6726,11.7191
ITGA3,12.7908,12.7583,12.8878,12.8244,12.8423,12.7818
ITGA4,9.6317,9.6352,9.7255,8.798,8.7307,8.692
ITGA5,14.1985,14.162,14.2584,13.924,13.8245,13.8862
ITGA6,12.0108,11.9816,12.1038,10.7099,10.681,10.6438
ITGA7,9.0717,8.9194,9.1041,8.349,8.4703,8.4307
ITGA8,5.6156,5.6072,4.9947,8.363,8.0582,8.3134
ITGA9,4.3406,4.0004,4.4788,4.0665,4.1101,4.2239
ITGAD,2.9547,2.8627,3.0629,3.7619,3.1274,2.4936
ITGAE,8.1883,8.1957,8.3153,7.9875,7.9899,8.0414
ITGAV,12.7077,12.6954,12.7249,12.8318,12.8699,12.895
ITGAX,3.808,3.3989,3.3362,3.6442,3.6473,3.7856
ITGB1,16.1644,16.1475,16.1514,15.6435,15.7725,15.6773
ITGB1BP1,10.3959,10.3581,10.4275,10.005,9.9646,9.9895
ITGB1BP2,4.0451,3.3989,3.206,2,2.5596,2.6888
ITGB2,6.4968,5.872,6.3025,6.799,6.8201,7.0002
ITGB3,9.6632,9.8653,9.6617,9.8641,9.7415,9.9424
ITGB3BP,6.7525,6.942,6.7271,6.1272,6.1557,5.5867
ITGB5,12.2388,12.222,12.1927,13.0706,12.9806,13.0312
ITGB6,6.7186,7.454,6.9671,7.0278,7.3756,6.845
ITGB8,8.1759,7.8172,7.6442,6.7428,7.2284,6.7822
ITGBL1,9.8969,9.7801,9.8244,8.6646,8.8332,8.5359
ITIH3,2.3925,3.5409,3.8536,2.8457,3.1274,3.2797
ITIH5,5.0343,5.0168,4.7363,5.2484,4.2603,4.7898
ITK,4.1505,3.2413,3.7639,4.6587,5.0609,4.7898
ITM2B,11.4164,11.4917,11.4673,12.255,12.2267,12.2197
ITM2C,11.9331,11.8829,11.9011,12.2253,12.2046,12.2278
ITPA,8.9457,9.1251,9.06,9.3139,9.2607,9.5072
ITPK1,7.8558,7.8311,7.8651,7.2354,7.2644,7.1733
ITPKA,6.083,6.1849,6.1865,6.2124,6.1168,5.8744
ITPKB,7.6193,7.6391,7.7762,7.461,7.5536,7.6307
ITPKC,8.6276,8.2993,8.5878,9.1588,9.0576,9.1637
ITPR1,7.3694,7.2826,7.164,7.0395,6.8559,6.915
ITPR2,8.1696,8.2893,7.8918,8.0466,7.8066,7.7449
ITPR3,8.2956,8.4777,8.6517,7.9935,7.8605,8.0189
ITPRID2,12.529,12.5956,12.5889,12.4883,12.5559,12.4668
ITPRIP,10.0881,10.3545,10.2947,10.9443,10.8401,10.946
ITPRIPL1,4.5858,4.4237,4.2336,3.7619,3.276,3.3961
ITPRIPL2,10.8593,11.1244,10.8323,11.6159,11.5277,11.646
ITSN1,10.5411,10.4521,10.3254,9.9657,10.1238,9.9555
ITSN2,9.2835,9.28,9.357,8.9699,8.9344,8.901
IVD,10.1127,10.0622,10.0664,8.9972,9.0027,8.9133
IVNS1ABP,9.5948,9.5495,9.5721,9.9596,10.0802,10.0529
IWS1,10.1765,10.0489,10.1802,10.1551,10.1838,10.2446
IZUMO4,4.659,4.2689,4.7363,4.464,4.9325,4.6087
JADE1,9.6498,9.4107,9.5285,7.8874,8.0836,7.8145
JADE2,9.5831,9.5369,9.6287,9.5934,9.3701,9.4728
JADE3,7.2794,7.2724,7.1814,8.1146,7.9295,8.0854
JAG1,9.6111,9.3076,9.3512,10.2862,10.005,10.0976
JAG2,4.7287,4.4952,5.2799,4.3928,4.9766,4.0921
JAGN1,8.6547,8.4866,8.6704,8.5869,8.6614,8.6691
JAK1,12.1747,12.1768,12.2023,12.3512,12.3661,12.4088
JAK2,8.0385,7.9568,8.0755,8.3815,8.6581,8.5735
JAK3,4.8588,4.6908,4.8276,4.7753,5.2161,4.8317
JAKMIP3,3.808,3.0644,3.3362,3.0447,3.5338,3.2797
JAM2,7.2441,7.3126,7.2655,7.9753,7.652,7.7558
JAM3,10.8671,10.884,10.9628,9.1775,9.2938,9.2161
JARID2,8.8472,8.7615,8.8197,10.0635,9.8162,10.1493
JAZF1,8.953,9.041,8.8982,7.6097,7.8368,7.454
JCAD,11.8558,11.9982,11.8465,11.5611,11.6688,11.5057
JDP2,9.5522,9.3469,9.3102,8.0524,8.2274,7.9681
JHY,5.2393,5.7309,5.5452,4.5318,4.7915,4.4561
JKAMP,9.7704,9.85,9.8189,10.1884,10.1445,10.2648
JMJD1C,10.0202,9.7383,9.7505,10.6905,10.6617,10.629
JMJD4,8.5186,8.4465,8.6169,8.3815,8.2723,8.2911
JMJD6,9.2031,9.218,9.2161,9.0328,9.1969,9.1678
JMJD7,5.4187,5.6072,5.7223,5.2075,4.5791,5.6349
JMJD8,9.4858,9.6092,9.5148,9.6593,9.5023,9.6027
JMY,8.448,8.3819,8.1789,9.2011,9.2016,9.2338
JOSD1,9.8051,9.7997,9.9223,10.2676,10.3173,10.3744
JOSD2,8.8315,8.7396,8.7159,8.363,8.3159,8.4842
JPH2,4.5858,5.2415,5.0336,2.8457,3.8505,3.3961
JPT1,11.2156,11.2013,11.2839,10.2028,10.2403,10.2446
JPT2,10.7917,10.7723,10.7775,9.2673,9.2629,9.1595
JRK,8.8075,8.7285,8.5747,8.4134,8.56,8.5006
JRKL,8.284,8.0489,8.0233,7.9814,7.9682,7.8506
JTB,10.4343,10.5223,10.3952,10.4486,10.5503,10.5049
JUN,11.5727,11.302,11.4149,10.9962,11.2413,11.0362
JUNB,9.2512,9.2311,9.3221,10.4198,10.3322,10.5519
JUND,9.8271,9.8172,9.8935,10.5286,10.6456,10.6088
JUP,10.5758,10.5029,10.5888,12.1604,12.0098,12.134
KALRN,8.2548,8.1741,8.3035,9.4406,9.4109,9.384
KANK1,9.5353,9.4807,9.5353,8.4836,8.5709,8.5673
KANK2,11.6014,11.5843,11.6462,11.6266,11.6663,11.6512
KANK3,2,2.348,2.5217,3.7619,3.5338,2.6888
KANSL1L,6.7525,6.4953,6.496,7.6561,7.7378,8.0325
KANSL2,8.3463,8.3192,8.3193,8.6379,8.4895,8.6892
KANSL3,10.0528,9.9313,10.1046,9.389,9.4189,9.4376
KAT14,7.9825,7.8854,7.9641,7.7374,7.6588,7.7612
KAT2A,8.7625,8.7469,8.8057,8.5628,8.4153,8.5704
KAT2B,7.6101,7.647,7.7117,6.5436,6.6399,6.3344
KAT5,8.3684,8.5635,8.6041,8.9106,8.7014,8.8016
KAT6A,10.2074,10.127,10.1317,10.052,9.9903,10.054
KAT6B,8.6857,8.8114,8.6455,8.8488,8.8687,8.9254
KAT7,9.3319,9.4314,9.4189,9.3163,9.1922,9.295
KAT8,7.6996,7.8032,7.8759,7.7302,7.7632,7.6946
KATNA1,7.8002,7.9882,8.0087,7.3805,7.5389,7.4473
KATNAL1,9.8798,9.9003,9.9556,9.3913,9.3968,9.4595
KATNAL2,4.9197,4.6285,4.9136,4.8302,5.0609,4.6561
KATNB1,8.5235,8.4146,8.7189,8.862,8.7047,8.7723
KATNBL1,8.7872,8.8495,8.8391,9.3752,9.3577,9.4991
KATNIP,8.942,8.687,8.9474,8.7382,8.5084,8.6399
KAZALD1,7.7424,7.753,7.6188,7.2251,7.3254,7.3351
KAZN,8.422,8.269,8.458,7.8612,7.7569,7.7612
KBTBD11,3.5242,3.0644,2.904,3.7619,3.7525,3.7856
KBTBD2,9.1501,9.1475,9.0339,9.6287,9.5972,9.6649
KBTBD3,4.7952,4.9673,5.2472,5.122,4.887,5.0954
KBTBD4,8.4988,8.1904,8.4291,8.3348,8.3829,8.2911
KBTBD7,7.4746,7.4359,7.4276,8.2264,7.8308,8.1069
KBTBD8,6.1353,6.0249,6.2206,7.529,7.6315,7.8557
KCMF1,10.1843,10.2855,10.2113,9.6782,9.7076,9.6993
KCNA3,4.0451,3.8985,3.7639,3.3754,2.7747,2.2678
KCNA7,3.3581,3.7889,3.5658,3.5161,3.4107,3.2797
KCNAB1,4.3406,5.4718,4.8712,3.3754,4.3964,4.2856
KCNAB2,7.067,6.8357,7.1901,7.2755,7.4865,7.3057
KCNAB3,5.4187,5.1993,5.2137,4.9835,4.6352,4.8725
KCNC1,3.5242,3.2413,3.4556,4.2388,4.33,4.4015
KCNC3,3.1705,3.3989,2.904,4.3928,3.5338,3.6977
KCNC4,7.1456,7.21,7.2408,7.0626,7.1047,6.8854
KCND1,5.9138,5.4359,6.3184,4.3928,5.2525,4.7466
KCND2,3.6731,3.2413,3.0629,7.4258,7.4635,7.4132
KCND3,3.808,3.8985,3.6682,3.0447,3.276,3.2797
KCNE1,4.659,4.4952,4.8276,4.3179,4.9325,4.7466
KCNE4,6.7525,7.0046,7.0548,9.1749,9.1179,9.3411
KCNF1,6.5166,6.6444,6.7623,8.9074,8.6915,8.901
KCNG1,9.7242,9.6819,9.7299,9.7332,9.5936,9.6605
KCNG2,3.5242,3.2413,3.206,3.972,3.8505,3.1531
KCNH1,6.0288,5.789,5.7459,5.1654,5.2161,4.8725
KCNH2,5.8526,6.0489,5.8145,4.2388,4.2603,3.2797
KCNH5,2.9547,2.6282,3.3362,5.5723,5.9276,5.8337
KCNH6,3.1705,3.6702,3.3362,5.9892,5.8106,5.7043
KCNIP3,5.9138,6.0725,6.2374,5.9401,5.6834,5.2581
KCNIP4,5.0343,4.6285,4.9136,4.8302,5.3562,4.9883
KCNJ10,2.9547,3.2413,2.5217,3.7619,2.9618,2.8607
KCNJ12,3.6731,3.7889,3.938,3.6442,4.0287,3.3961
KCNJ14,5.0883,5.1109,4.7363,5.4014,5.4531,5.4853
KCNJ15,4.5086,3.3989,3.938,5.8632,5.7356,6.1311
KCNJ2,8.0038,7.9632,7.9741,7.9692,7.9011,7.6946
KCNJ5,4.0451,4.0956,3.3362,3.7619,3.6473,3.2797
KCNJ6,4.8588,4.4237,4.2336,6.3314,6.1168,6.0798
KCNJ8,6.8338,6.6126,7.0165,4.5318,3.9423,4.2239
KCNK1,5.0883,4.1849,5.0714,5.0773,5.3562,5.0249
KCNK2,9.3007,9.3637,9.4835,7.7083,7.8897,7.6248
KCNK3,2.9547,3.7889,3.3362,3.0447,3.276,3.1531
KCNK6,8.953,9.0793,8.9975,8.9972,9.152,8.8636
KCNMA1,11.2917,11.297,11.3261,11.2357,11.0417,11.2466
KCNMB1,3.3581,3.6702,3.6682,4.1552,4.1101,3.5038
KCNMB3,3.5242,3.2413,3.938,3.6442,4.2603,3.5038
KCNMB4,5.54,5.2415,5.3432,5.5397,5.8348,5.8337
KCNN2,8.4114,8.4733,8.2631,9.0675,8.8421,8.5391
KCNN4,4.7287,5.1109,4.5874,2.8457,2.7747,3.3961
KCNQ2,5.3759,4.0956,5.2799,4.7181,3.1274,4.9121
KCNQ5,7.1199,7.2826,7.5865,5.725,5.7097,5.914
KCNRG,2,3.5409,3.0629,3.972,2.9618,3.2797
KCNS2,2.7008,2.6282,2,3.6442,4.0287,3.8686
KCNS3,6.4562,6.0725,6.4536,5.6658,5.9934,6.0266
KCNT1,4.427,5.6391,4.8276,6.3123,3.6473,5.7919
KCNT2,5.4603,4.6285,4.6883,3.3754,3.6473,3.604
KCP,3.6731,2.348,3.938,3.5161,3.7525,3.6977
KCTD1,6.6839,6.6908,6.5236,6.8127,7.1726,6.8754
KCTD10,10.9964,11.0432,10.9982,9.941,10.0496,9.9424
KCTD11,8.9782,8.8965,9.0482,8.8354,8.7371,8.8329
KCTD12,8.8744,8.9705,9.0949,7.932,8.0633,7.804
KCTD13,7.879,7.7961,7.7933,9.1399,8.9005,9.1513
KCTD14,4.3406,3.5409,2.904,3.2195,3.8505,4.1595
KCTD16,5.3318,5.5069,5.2799,3.6442,4.6352,3.8686
KCTD17,9.1341,9.1805,9.2537,9.1069,8.9973,9.1071
KCTD18,7.7592,7.8242,7.8812,7.8075,7.9406,7.8659
KCTD2,9.263,9.3076,9.3279,9.5284,9.4699,9.4695
KCTD20,11.3237,11.3469,11.3118,10.8692,10.9706,10.8788
KCTD21,8.9493,8.7359,8.85,8.4357,8.1621,8.1818
KCTD3,9.8546,10.0158,9.9644,9.6345,9.7622,9.7049
KCTD4,4.5858,4.6285,4.2336,2.34,2,2.4936
KCTD6,6.3047,6.5298,6.6911,6.1051,6.1935,6.0266
KCTD8,2.7008,2,2.904,4.464,4.5208,4.4015
KCTD9,10.3959,10.5051,10.522,10.3226,10.46,10.4419
KDELR2,13.2109,13.2073,13.2212,13.1952,13.2481,13.1631
KDELR3,11.3384,11.328,11.3192,10.8072,10.8401,10.7405
KDM1A,10.7927,10.8009,10.7981,11.085,11.0945,11.0847
KDM1B,8.623,8.6325,8.578,7.8075,7.9517,7.7881
KDM2A,10.9005,10.7705,10.8226,10.8879,10.6901,10.837
KDM2B,9.1437,9.0016,9.0671,8.6945,8.809,8.8711
KDM3A,8.9818,9.0735,9.0194,9.3114,9.4089,9.2969
KDM3B,10.3302,10.2184,10.1606,10.1765,10.0599,10.0705
KDM4A,10.1765,10.0899,10.1395,10.0905,10.0777,10.103
KDM4B,10.0647,10.0696,10.0296,10.2092,10.1323,10.1821
KDM4C,8.1759,8.1298,8.1875,8.0979,8.2545,8.0189
KDM4D,4.2487,4.0004,4.1652,3.3754,3.7525,3.1531
KDM5A,10.3784,10.3143,10.2967,10.1031,10.1003,10.0294
KDM5B,11.128,11.0206,10.9859,11.2216,11.2786,11.2601
KDM5C,11.5042,11.5161,11.502,11.6975,11.6967,11.7607
KDM6A,8.4008,8.5083,8.4863,9.0092,8.9731,9.0986
KDM6B,9.0818,8.7022,8.7278,10.8936,10.7628,10.9316
KDM7A,7.1583,6.942,6.957,8.5709,8.5923,8.692
KDM8,5.7558,6.0489,6.0604,6.2732,6.1935,6.0085
KDR,2.3925,2,2.2843,8.5383,7.8005,8.5827
KDSR,10.034,10.0812,10.0114,11.3233,11.2316,11.3073
KEAP1,9.8893,9.8432,9.9184,10.1988,10.172,10.2012
KHDC1,5.8835,5.6072,5.9012,5.6957,6.1557,5.7267
KHDC4,8.6725,8.6483,8.5072,8.9515,8.7688,8.7062
KHDRBS1,11.306,11.3475,11.3685,11.1566,11.1461,11.1725
KHDRBS3,8.0657,8.0607,7.954,7.3049,7.2821,7.3424
KHK,3.808,3.5409,3.938,4.3179,3.1274,4.2239
KHNYN,10.116,10.0128,10.0487,10.8535,10.7588,10.9412
KHSRP,11.692,11.7494,11.7755,11.5437,11.5081,11.4886
KIAA0100,12.3198,12.3226,12.3045,12.3053,12.2887,12.314
KIAA0232,9.9101,9.9679,9.9184,10.5786,10.5078,10.5913
KIAA0319,8.4324,3.5409,3.6682,6.2928,3.8505,4.3447
KIAA0319L,10.5651,10.5572,10.5575,11.0765,11.0069,11.021
KIAA0408,6.4355,6.1631,5.9221,5.9149,5.8106,6.4056
KIAA0513,9.4629,9.385,9.48,8.3953,8.4033,8.3891
KIAA0586,8.6412,8.721,8.5481,8.6224,8.6376,8.471
KIAA0753,8.6813,8.4099,8.6328,9.0032,8.809,8.8329
KIAA0825,5.3759,5.6072,5.2472,5.725,5.7097,5.2885
KIAA0895,4.5086,3.5409,3.5658,2.34,3.4107,3.1531
KIAA0895L,7.7083,7.6934,7.6753,8.9138,8.7782,8.8252
KIAA0930,10.3455,10.4555,10.4229,11.4261,11.331,11.4275
KIAA1109,11.0278,10.7849,10.8392,11.2955,11.2852,11.3059
KIAA1143,8.1251,8.2171,8.1482,7.8809,8.1135,7.9587
KIAA1191,11.311,11.2895,11.359,11.554,11.5379,11.6099
KIAA1217,8.0924,8.1741,8.0184,7.9383,7.9791,7.6484
KIAA1328,8.2666,8.2171,8.1832,8.2264,8.2899,8.2911
KIAA1522,8.2128,8.185,8.2874,6.4763,6.3526,6.4466
KIAA1549,9.0344,9.0588,9.0972,8.7525,8.5009,8.5006
KIAA1549L,9.1309,9.2648,9.2639,8.6146,8.5528,8.5548
KIAA1586,7.7083,7.7085,7.4565,7.5455,7.6723,7.6601
KIAA1614,6.5934,6.6286,6.5099,6.6079,6.3526,6.5632
KIAA1671,3.3581,4.0004,4.0178,4.1552,3.7525,3.6977
KIAA1755,7.7083,7.6626,7.7236,8.1256,8.1763,8.0414
KIAA1841,7.4018,7.4268,7.3981,6.9179,6.8321,7.0807
KIAA1958,5.0343,5.6072,5.1083,4.5967,4.9766,4.2856
KIAA2012,4.5858,4.0956,4.2336,4.2388,4.6892,3.7856
KIAA2013,10.5167,10.4306,10.5699,10.6746,10.581,10.5628
KIDINS220,11.067,11.0206,10.9564,11.5042,11.483,11.4911
KIF11,9.5498,9.7104,9.6725,6.9921,7.1439,7.2756
KIF13A,10.7835,10.834,10.7398,10.8535,10.9129,10.8351
KIF13B,9.315,9.4176,9.3102,8.939,8.9812,8.7615
KIF14,8.4787,8.4997,8.636,6.2532,6.2664,6.0446
KIF15,6.6663,6.6126,6.8412,3.972,4.0287,4.1595
KIF16B,8.1759,8.3043,8.3543,7.8211,8.0735,7.6601
KIF17,6.9551,6.9547,6.895,5.6957,5.6565,5.9334
KIF18A,7.879,8.0841,8.1123,6.2732,6.3187,6.1643
KIF18B,8.0385,8.2064,8.2383,5.4372,5.5438,5.6584
KIF1A,3.3581,2.6282,2.2843,3.7619,3.276,4.1595
KIF1C,12.1817,12.1867,12.2224,11.8141,11.79,11.7819
KIF20A,9.9868,10.1256,10.1964,6.8663,6.9803,6.5381
KIF20B,9.0136,9.1832,9.2182,6.6694,6.8321,6.6361
KIF21A,4.7952,4.2689,4.6387,3.6442,4.2603,3.947
KIF21B,4.7952,4.5634,4.5341,6.5436,6.1935,6.7607
KIF22,8.9995,9.1081,9.1841,7.1623,7.2008,7.2449
KIF23,9.837,10.0489,10.1034,7.5039,7.7054,7.7612
KIF24,5.9434,6.4953,6.6789,4.5967,4.3964,4.9883
KIF26B,7.0937,7.6548,6.8079,7.0041,7.4479,7.0719
KIF27,5.4187,5.5411,5.5718,5.6658,5.8585,6.1968
KIF2A,9.4858,9.6253,9.6694,9.0732,9.1544,9.2279
KIF2C,9.095,9.3027,9.2721,6.6079,6.9138,6.6361
KIF3A,8.3352,8.4053,8.4933,8.8882,8.9703,9.1718
KIF3B,10.7504,10.7285,10.6378,11.264,11.2536,11.2388
KIF3C,9.8855,9.999,9.9881,10.3309,10.256,10.3529
KIF4A,9.0684,9.2571,9.2225,5.7819,6.418,5.7705
KIF5A,3.808,3.8985,4.4213,2.8457,3.1274,3.604
KIF5B,12.5818,12.6498,12.6496,11.2814,11.3974,11.3244
KIF5C,3.1705,3.0644,3.3362,3.3754,3.8505,4.0921
KIF6,4.3406,4.1849,4.0178,3.7619,4.1101,4.1595
KIF7,8.7954,8.721,8.7337,8.1689,8.259,8.2059
KIF9,5.8211,5.9248,5.88,5.9892,5.8106,5.611
KIFAP3,8.5953,8.4909,8.5037,8.8817,8.9893,8.8711
KIFBP,10.1749,10.1014,10.1942,9.9503,9.8959,9.8775
KIFC1,8.0924,8.4006,8.3543,5.725,6.0564,5.9334
KIFC2,6.8018,6.6755,6.9263,7.2755,7.44,7.2982
KIFC3,10.3372,10.3253,10.3185,10.3333,10.4036,10.4453
KIN,7.5821,7.6072,7.8434,7.6712,7.8723,7.6543
KIR3DX1,3.9314,3.2413,3.5658,2,2.9618,2
KIRREL1,12.2087,12.2572,12.2266,12.6955,12.6867,12.6789
KIRREL3,8.1759,8.1741,8.2955,6.7285,6.7957,6.4996
KISS1,5.4187,5.7602,5.983,4.8831,4.8401,4.9121
KIT,8.0791,8.0841,7.994,7.4523,7.8723,7.2135
KITLG,10.6563,10.6503,10.6612,11.6559,11.7923,11.7131
KIZ,7.4335,7.2826,7.2573,6.98,7.3507,7.1403
KLB,3.1705,3.7889,2.904,3.0447,2.9618,2.2678
KLC1,11.3701,11.4188,11.4149,11.3911,11.4778,11.4297
KLC2,9.9743,9.9167,10.0746,10.6074,10.5181,10.7029
KLC3,3.5242,3.3989,3.6682,3.0447,3.6473,3.7856
KLC4,7.8083,7.7085,7.8214,7.4078,7.3756,7.4473
KLF10,10.0897,10.0885,10.0151,9.8542,9.9646,9.8986
KLF11,6.1858,6.3676,6.5099,7.2354,7.3082,7.0807
KLF12,9.8468,9.872,9.8614,9.6287,9.6577,9.5996
KLF13,9.6676,9.8466,9.7894,10.5595,10.5311,10.544
KLF15,3.3581,3.2413,2.904,3.6442,2.5596,3.7856
KLF16,9.4527,9.4427,9.3589,9.4094,9.4872,9.3998
KLF2,7.4847,7.9632,8.0038,8.035,8.447,8.2336
KLF3,9.6587,9.5889,9.5571,10.0549,10.1127,10.1514
KLF4,7.5727,7.1777,7.2491,8.035,8.0836,8.0325
KLF5,7.423,7.3991,7.3058,6.6543,6.5552,6.6826
KLF6,11.3482,11.7005,11.7008,10.9605,11.3625,11.1628
KLF7,9.8836,9.8242,9.6633,10.1752,10.2493,10.14
KLF9,7.8002,7.8787,7.9024,9.5159,9.5192,9.8031
KLHDC1,4.5858,4.5634,4.3614,4.5318,4.5791,4.5596
KLHDC10,9.8759,9.9377,9.8868,10.1073,10.1577,10.0976
KLHDC2,8.8897,8.846,8.877,8.9851,9.1899,9.1178
KLHDC3,10.3441,10.3995,10.3506,10.6104,10.705,10.7106
KLHDC4,9.9269,9.8483,9.9467,9.6287,9.4948,9.5798
KLHL11,6.1608,6.0957,6.0027,6.369,6.0147,5.9901
KLHL12,8.9675,8.8932,8.9876,8.6833,8.7047,8.6221
KLHL13,7.1068,7.2622,7.0829,6.2329,6.1747,6.0085
KLHL15,7.4746,7.5069,7.54,7.3712,7.6036,7.454
KLHL17,7.4018,7.5326,7.4565,8.081,8.0218,8.2873
KLHL18,9.4807,9.4562,9.5217,9.2548,9.1805,9.2318
KLHL2,8.2666,8.2993,8.2631,8.3157,8.4153,8.3786
KLHL20,9.0066,8.8323,8.9901,9.2193,9.083,9.0259
KLHL21,10.6143,10.5841,10.6851,11.5152,11.2742,11.4288
KLHL22,8.3738,8.3192,8.3996,7.9995,8.2182,7.8859
KLHL23,5.7558,6.1185,5.792,5.8095,5.8348,5.5867
KLHL25,7.1709,7.3225,7.1375,6.8794,6.7833,6.991
KLHL26,7.0122,7.1223,7.164,7.3337,7.0644,7.4201
KLHL28,7.1709,7.1886,7.4203,8.9942,8.9119,8.8861
KLHL29,8.3792,8.2993,8.2995,8.6833,8.708,8.8147
KLHL3,5.6156,5.8986,5.4903,5.122,5.0194,4.8317
KLHL35,4.9197,4.863,4.8712,4.5967,5.0194,4.5596
KLHL36,10.2043,10.1535,10.1418,9.7915,9.7287,9.719
KLHL38,3.3581,3.8985,3.7639,3.0447,3.276,2.8607
KLHL4,5.5007,5.7009,5.9427,3.7619,3.276,3.3961
KLHL42,9.6018,9.4939,9.5353,9.1153,9.1969,9.1346
KLHL5,11.4354,11.4101,11.3633,12.4408,12.3039,12.5557
KLHL6,3.3581,4.3484,4.1652,4.5318,4.6352,4.5088
KLHL7,9.7348,9.753,9.6848,10.4309,10.3965,10.5409
KLHL8,8.3296,8.5213,8.4616,8.3584,8.3498,8.375
KLHL9,10.2759,10.3497,10.2479,10.5554,10.5846,10.5798
KLK3,2,2,2,2,2,5.2885
KLLN,4.659,4.4237,4.8276,5.0312,5.0609,5.4042
KLRD1,5.1404,5.1558,5.4903,5.2075,5.9276,5.4588
KLRG1,4.1505,3.8985,3.938,3.7619,3.276,3.947
KMT2A,10.2817,10.3724,9.9869,9.7863,9.5669,9.4393
KMT2B,9.6542,9.4314,9.577,9.646,9.4853,9.6605
KMT2C,10.0798,10.0067,9.6382,9.7296,9.4466,9.3302
KMT2D,11.144,11.1627,10.9896,11.1566,10.8972,10.9738
KMT2E,10.1354,10.0279,10.0248,10.5214,10.5908,10.6253
KMT5A,9.7766,9.8466,9.7751,7.3896,7.3254,7.3923
KMT5B,9.0344,8.8898,9.0811,9.3282,9.3282,9.257
KMT5C,6.2583,5.6391,5.8367,6.4236,6.4652,6.5507
KNDC1,5.8526,6.0957,6.4246,6.0367,5.5728,5.813
KNL1,9.0549,9.2047,9.0903,6.1051,6.3856,6.0085
KNOP1,8.7994,8.6365,8.6918,8.687,8.5636,8.7506
KNSTRN,9.1341,9.1475,9.1579,8.1366,8.2228,8.375
KNTC1,8.3352,8.4465,8.4181,6.8923,7.392,7.268
KPNA1,10.7835,10.8097,10.7775,9.6536,9.6628,9.6721
KPNA2,11.8886,11.9365,12.0188,10.2899,10.4257,10.3063
KPNA4,11.5165,11.5305,11.5033,11.078,11.154,11.0993
KPNA5,7.4645,7.3613,7.3907,7.8938,7.8723,7.9539
KPNA6,11.3356,11.4297,11.3451,11.7603,11.6859,11.7135
KPNB1,13.1192,13.1625,13.1323,12.266,12.3185,12.2128
KPTN,6.6484,6.706,6.629,6.6079,6.4806,6.7278
KRAS,9.739,9.8466,9.8505,9.958,10.0624,9.9848
KRBA1,7.1833,7.1336,7.1727,7.2656,7.1439,7.2982
KRBA2,4.427,5.1558,5.2799,5.6041,5.3892,5.7043
KRBOX1,4.427,4.863,4.0934,3.6442,4.33,3.6977
KRCC1,8.779,8.9162,8.7308,8.6683,8.5418,8.6221
KREMEN1,8.567,8.5676,8.5747,8.363,8.2679,8.3245
KRI1,8.422,8.4733,8.5037,8.7274,8.6134,8.7174
KRIT1,8.716,8.6794,8.6642,8.53,8.4548,8.561
KRR1,9.3895,9.4585,9.5131,11.4121,11.3677,11.3929
KRT15,6.1608,5.789,6.254,3.5161,4.1872,3.604
KRT17,4.1505,3.8985,3.206,4.1552,4.33,4.3447
KRT18,11.1416,11.0506,11.1139,10.7646,10.8828,10.6155
KRT19,5.7558,5.5745,5.4903,4.0665,3.6473,3.3961
KRT3,4.5858,4.4952,4.5341,4.3928,4.887,4.8725
KRT34,4.659,4.9673,5.4039,2,2,2
KRT7,4.1505,5.0168,4.4213,6.6992,6.418,7.098
KRT8,8.4787,8.4777,8.3035,7.9257,8.1234,7.9634
KRT80,6.8338,6.5298,6.4536,5.122,5.1013,4.9121
KRTAP1-5,8.0108,7.9632,7.9891,5.8632,6.2121,5.8744
KRTAP2-3,7.2677,7.7819,7.7177,4.5967,5.3562,4.7466
KRTAP2-4,4.0451,4.0004,3.938,2,2,2.2678
KRTAP3-3,8.1821,8.1466,7.6629,8.9421,8.4352,8.8043
KRTCAP2,9.3263,9.3517,9.266,9.5592,9.5651,9.5455
KSR1,9.5498,9.4895,9.5454,9.2141,9.4699,9.3375
KTI12,7.9168,7.7309,7.9233,8.0979,8.2942,8.2297
KTN1,12.214,12.148,12.1702,12.8773,12.8381,12.8726
KXD1,10.4627,10.4203,10.4909,10.4354,10.3141,10.4086
KYAT1,6.8338,6.7651,7.0067,6.0827,6.0768,6.2748
KYAT3,8.4736,8.5551,8.5514,8.2568,8.1951,8.3023
KYNU,7.0261,6.9161,6.9366,9.4712,9.3303,9.7007
L1CAM,7.7083,7.9118,7.9841,6.5103,6.5696,6.5879
L2HGDH,7.1328,7.5411,7.1727,6.7285,7.0124,7.0275
L3HYPDH,8.3127,8.2588,8.23,7.4523,7.9736,7.5762
L3MBTL1,5.4187,5.0168,4.4213,5.122,5.3225,4.9883
L3MBTL2,9.266,9.1993,9.1623,9.2037,9.1179,9.1388
L3MBTL3,8.422,8.2588,8.3581,9.2797,9.3303,9.218
LACC1,7.6822,7.6548,7.5995,9.1208,9.0931,9.2931
LACTB,9.8131,9.872,9.7979,9.2773,9.4368,9.1921
LACTB2,7.1957,7.3991,7.2655,7.0626,7.0018,7.0719
LAD1,5.2393,5.2825,5.0336,5.5063,5.8819,6.0623
LAGE3,6.083,6.1631,6.0975,6.6992,6.4019,6.6242
LAMA1,10.4779,10.4215,10.3458,10.8839,10.852,10.8143
LAMA2,9.6271,9.5642,9.4353,10.7629,10.589,10.7398
LAMA3,5.8211,5.7009,5.792,6.1916,6.2121,6.0266
LAMA4,11.5851,11.459,11.4548,11.8022,11.9206,11.7375
LAMA5,9.8566,9.649,9.8049,10.6269,10.4493,10.6664
LAMB1,13.2807,13.1737,13.2128,14.2207,14.3001,14.2231
LAMB2,12.6758,12.5129,12.6482,12.6853,12.6067,12.6294
LAMB3,6.3273,5.5745,6.2037,5.3269,5.1013,5.1952
LAMB4,3.6731,3.5409,3.4556,3.5161,3.5338,4.7898
LAMC1,14.3726,14.3612,14.3607,13.5666,13.5805,13.5333
LAMC2,8.2429,8.329,8.4616,8.2315,8.2365,8.1532
LAMP1,12.7949,12.7931,12.8225,13.4048,13.3275,13.3332
LAMP2,11.6578,11.7095,11.6501,12.1547,12.1321,12.1411
LAMTOR1,10.2346,10.1863,10.3185,10.7629,10.6336,10.6686
LAMTOR2,8.4377,8.4644,8.3884,8.862,8.6849,8.7723
LAMTOR3,8.7373,8.7867,8.7099,9.2037,9.2428,9.1637
LAMTOR4,8.75,8.8529,8.7249,9.0589,8.8451,8.9133
LAMTOR5,9.4858,9.4851,9.473,9.9189,9.9536,9.9304
LANCL1,9.5474,9.7048,9.6208,8.2005,8.4233,8.1614
LANCL2,8.324,8.3485,8.2995,8.1091,8.0633,8.3572
LAPTM4A,12.2779,12.2821,12.2542,13.0507,13.0166,13.1213
LARGE1,8.855,8.7359,8.6857,9.3935,9.2828,9.3752
LARP1,12.3373,12.3327,12.3408,12.3635,12.3453,12.3029
LARP1B,8.3352,8.4238,8.44,8.1742,8.2986,8.1737
LARP4,10.4931,10.47,10.3905,11.0822,10.9361,11.1322
LARP4B,10.34,10.3724,10.3707,9.7984,9.8253,9.7259
LARP6,10.7143,10.6434,10.6904,10.2311,10.2001,10.1389
LARP7,8.9854,8.9129,8.9398,8.976,9.0133,8.947
LARS1,11.1575,11.0647,11.119,10.5338,10.6232,10.5
LARS2,9.5665,9.5558,9.5521,9.3752,9.3493,9.4461
LAS1L,8.8667,8.9861,8.9999,8.8151,8.889,8.6516
LASP1,13.8652,13.8731,13.9126,13.1608,13.1925,13.1096
LAT2,5.2393,4.9161,4.1652,5.3646,5.2879,5.0249
LATS1,9.1309,9.1723,9.0097,9.1535,9.1471,9.1921
LATS2,10.4931,10.5923,10.5297,10.6988,10.718,10.7576
LAX1,3.808,3.3989,3.0629,3.7619,3.7525,3.2797
LBH,11.8804,11.9687,11.9145,9.2599,9.9116,9.2931
LBHD1,5.3318,5.3612,5.6983,5.8095,5.9049,5.7487
LBX2,8.4428,8.5676,8.5846,8.2717,8.3665,8.3572
LCA5,6.8179,6.903,6.6541,7.3526,7.2555,7.2756
LCA5L,4.2487,3.7889,3.938,4.3928,3.4107,4.4015
LCE2A,3.9314,3.2413,3.6682,3.8708,2.7747,3.947
LCMT2,7.6466,7.4084,7.3981,7.3619,7.2192,7.6128
LCOR,8.7246,8.8563,8.8363,9.1235,9.1687,9.0616
LCORL,7.3803,7.1993,7.5865,8.0923,8.1086,8.1027
LCTL,6.9108,6.8898,6.9366,4.464,4.33,4.1595
LDAH,8.3792,8.396,8.5413,8.5465,8.4113,8.4204
LDB1,10.0864,10.0474,10.1395,10.7053,10.7342,10.7232
LDB2,8.284,8.1185,8.3734,7.8612,8.0582,7.7881
LDB3,5.2863,5.2415,5.2137,3.3754,4.1101,3.7856
LDHA,13.6959,13.7484,13.7498,12.7084,12.7486,12.6837
LDHB,12.6261,12.6183,12.5731,12.3258,12.336,12.3541
LDLR,10.9741,10.9923,11.1094,10.952,10.743,10.8882
LDLRAD2,3.808,3.5409,3.3362,2.8457,4.0287,3.5038
LDLRAD3,7.848,7.838,7.9489,7.4078,7.2996,7.364
LDLRAP1,8.5859,8.3866,8.4687,8.5628,8.6376,8.4875
LDOC1,10.1322,9.9757,10.1406,10.3117,10.329,10.1679
LEAP2,3.808,3.3989,3.4556,3.7619,3.1274,3.0143
LEF1,4.9197,4.863,4.8712,8.4922,8.209,8.631
LEMD1,6.8018,6.903,6.2703,6.527,6.5696,6.5632
LEMD2,9.7848,9.6972,9.7865,9.9642,9.9299,9.934
LEMD3,9.0309,9.175,9.2055,9.4251,9.4891,9.5072
LENG8,7.256,7.21,7.4056,7.6936,7.5966,8.0724
LEO1,8.9925,9.1364,8.8418,9.0675,9.2629,9.105
LEPR,7.3363,7.445,7.606,7.4078,7.5017,7.4937
LEPROT,10.7367,10.7633,10.7581,11.2414,11.2276,11.2805
LEPROTL1,9.3868,9.4314,9.4641,10.0506,10.0752,10.0384
LETM1,10.3386,10.3972,10.3583,10.3237,10.2425,10.3788
LETM2,6.2345,6.2276,6.2865,6.7285,6.8201,6.6595
LETMD1,8.0924,8.1242,8.1658,8.5668,8.5159,8.3961
LFNG,5.5007,5.5069,5.4903,4.9342,4.9766,4.8725
LGALS1,14.5837,14.5073,14.5335,13.9,13.9279,13.7987
LGALS3,11.0484,11.0931,11.0086,10.9766,11.0738,11.0629
LGALS4,2.9547,3.8985,3.4556,3.3754,3.9423,3.6977
LGALS8,9.7092,9.6411,9.6725,9.9657,9.9984,10.035
LGALS9,5.54,5.0168,4.9547,6.7712,6.7456,6.7822
LGALSL,5.2393,5.5069,5.1083,5.122,4.6352,4.6087
LGMN,8.6367,8.6832,8.763,8.9202,9.108,9.0146
LGR4,8.2429,8.3192,8.4291,8.7737,8.8861,8.775
LGR5,5.3759,4.863,3.5658,5.7537,5.4531,5.5369
LGR6,10.9981,10.8622,10.9199,10.8928,10.2826,10.8638
LHFPL2,9.3623,9.5241,9.376,10.1403,10.2255,10.1263
LHFPL5,4.0451,4.3484,3.938,4.5967,3.7525,4.0921
LHFPL6,9.6018,9.5348,9.4462,10.2664,10.1885,10.1962
LHPP,5.5783,5.6391,5.4039,5.5063,5.4839,5.7267
LHX4,4.9197,5.1558,4.5874,5.0312,5.1789,5.6584
LIAS,6.4562,6.329,6.2037,6.0367,6.0147,6.29
LIF,10.6916,10.47,10.3849,11.7425,11.6404,11.7563
LIFR,9.4655,9.5047,9.4371,8.9821,9.0754,9.0835
LIG1,8.5478,8.6678,8.877,7.9194,7.9899,7.8249
LIG3,9.1501,9.3347,9.2454,8.9106,8.753,8.7857
LIG4,8.5478,8.6794,8.4863,8.976,8.9893,8.966
LILRA2,6.3932,6.329,6.3025,6.7139,6.4019,6.7715
LIMA1,11.7303,11.6558,11.6684,10.0535,10.2749,10.0562
LIMCH1,5.2863,5.7602,5.1083,6.5103,6.4496,6.5381
LIMD1,10.663,10.7786,10.6211,10.5615,10.5899,10.3911
LIMD2,7.8636,7.8242,8.0087,7.173,7.0644,7.3782
LIME1,4.9197,5.0168,5.0714,5.3269,5.8585,5.9901
LIMK1,10.8039,10.7597,10.8731,10.9474,10.7916,10.8606
LIMK2,8.8973,8.8998,8.8929,8.7202,8.9539,8.8762
LIMS2,8.8821,8.9063,9.0339,6.7428,7.0644,6.7166
LIMS3,6.7856,6.66,6.9671,7.5455,7.1821,7.5576
LIMS4,5.9434,6.0725,5.3119,6.0827,5.9499,5.5867
LIN52,7.3363,7.3225,7.4129,6.7139,6.7068,6.5126
LIN7A,8.8589,8.7938,9.0219,7.2755,7.6106,7.3205
LIN7B,6.083,6.0249,6.0414,6.149,6.0357,6.1643
LIN7C,9.2031,9.3968,9.2516,9.5305,9.4149,9.4778
LIN9,6.1858,6.6286,6.4679,5.2484,5.6565,5.3475
LINC02693,10.1144,9.9882,9.8868,9.5774,9.4348,9.4877
LINS1,6.7856,6.903,6.9055,6.5436,6.6399,6.6478
LIPA,9.6271,9.6665,9.7432,9.7386,9.7141,9.7287
LIPE,5.6519,5.9248,5.8585,5.2484,5.0609,5.3761
LIPG,4.9781,5.2415,5.6983,6.1272,6.1557,6.3197
LIPH,5.2863,5.3224,5.4333,3.3754,4.2603,3.604
LIPT1,5.2393,5.0168,5.4039,5.4014,4.9325,5.4588
LIPT2,3.1705,3.8985,4.0934,4.0665,3.7525,4.2239
LITAF,11.1118,11.0573,11.0268,10.9239,10.9617,10.8543
LIX1L,9.6407,9.7765,9.6694,10.3202,10.3269,10.4155
LLGL1,10.2058,10.2754,10.3745,10.2001,10.1201,10.2082
LLGL2,3.6731,3.2413,3.3362,3.5161,3.8505,3.947
LLPH,9.2979,9.4014,9.2963,8.1795,8.0427,8.0592
LMAN1,12.5041,12.5428,12.5681,12.3026,12.3816,12.3251
LMAN2,11.132,11.0506,11.1054,11.3911,11.35,11.3597
LMAN2L,9.0751,9.0647,8.9826,8.7911,8.7782,8.799
LMBR1,9.4241,9.4719,9.4408,9.4604,9.534,9.6132
LMBR1L,9.095,8.9923,9.0811,9.8036,9.6526,9.7603
LMBRD1,8.4008,8.5255,8.4508,8.0174,7.9182,7.9539
LMBRD2,8.4988,8.6246,8.6328,7.9631,8.2455,8.3318
LMCD1,8.0038,7.8787,7.8759,6.6844,6.9694,6.6941
LMF1,7.879,7.8787,7.8102,8.3109,8.2679,8.4941
LMF2,10.9146,10.9412,11.0436,10.2028,10.2255,10.1811
LMLN,7.7757,7.5069,7.6188,7.932,7.9845,7.8404
LMNA,13.8562,13.8349,13.8985,13.1799,13.2006,13.1423
LMNB1,9.5353,9.6529,9.6894,7.3146,7.5017,7.0719
LMNB2,11.6494,11.6387,11.7399,10.4519,10.4117,10.4155
LMNTD1,4.427,4.2689,4.3614,2.34,2.5596,2.6888
LMO2,2,2,2,3.5161,4.5208,3.7856
LMO4,9.9707,10.0608,9.953,9.1318,9.2981,9.2021
LMO7,13.002,13.002,13.0119,11.5907,11.6905,11.513
LMOD1,10.577,10.5029,10.4804,7.5618,8.1036,7.364
LMTK2,8.8744,8.7542,8.7484,9.024,8.9176,9.055
LMTK3,4.5858,4.1849,4.8712,3.7619,4.3964,4.3447
LNP1,5.2863,4.9161,5.2472,4.1552,4.4599,3.947
LNPEP,9.2334,9.2648,9.1991,9.6725,9.6372,9.5424
LNPK,10.1144,10.1809,10.1551,8.5949,8.7274,8.634
LNX1,5.7558,5.1558,4.8712,6.4589,6.5258,6.5756
LNX2,7.4847,7.4268,7.4919,8.1091,8.0059,8.2375
LONP1,10.8719,10.7098,10.8542,10.2862,10.3055,10.2638
LONP2,10.8748,10.9444,10.9115,10.8798,10.9228,10.8612
LONRF1,6.9839,7.0168,6.7271,7.4869,7.3591,7.4062
LONRF2,5.0343,5.2415,4.9547,4.3928,4.7413,4.7898
LOX,14.6612,14.6599,14.6828,13.4738,13.7156,13.401
LOXL1,11.5927,11.6573,11.7901,10.9659,11.0597,10.8631
LOXL2,14.2544,14.2194,14.2815,14.3802,14.392,14.3847
LOXL3,8.6901,8.6325,8.636,8.7165,8.7813,8.7506
LOXL4,9.4706,9.0588,9.324,7.3988,7.2644,7.1319
LPAR1,12.3533,12.3816,12.3819,12.3347,12.4548,12.4433
LPAR2,5.5783,4.9161,5.3739,6.1704,5.7356,6.0085
LPAR6,5.6156,4.7505,5.8585,6.8531,6.9138,7.0185
LPCAT1,9.9082,9.5579,9.8775,10.1416,9.719,10.0136
LPCAT2,9.2213,9.1336,9.1557,8.6683,8.721,8.625
LPCAT3,8.237,8.2843,8.2995,9.3401,9.2292,9.4325
LPCAT4,8.5186,8.4238,8.5943,8.1474,8.0165,8.1407
LPGAT1,9.8836,10.0067,9.8748,9.981,10.125,10.104
LPIN1,10.0477,10.074,10.0699,10.0065,9.9687,10.017
LPIN2,10.0409,10.2498,10.1802,11.0245,11.0247,11.139
LPIN3,6.3047,6.141,6.0791,5.9892,5.8348,5.4042
LPP,11.879,11.9293,11.6513,11.2547,11.3231,11.1551
LRATD1,4.3406,4.863,4.8712,7.173,7.0542,7.2293
LRATD2,4.427,4.0956,4.4788,3.972,3.8505,3.6977
LRBA,9.7496,9.6529,9.4975,9.1508,9.2916,9.0791
LRCH1,8.7246,8.7902,8.658,8.9669,8.9649,8.9035
LRCH2,8.5137,8.4733,8.4034,8.7129,8.6882,8.8661
LRCH3,9.6407,9.6781,9.6787,9.7688,9.7174,9.7507
LRCH4,9.6542,9.5537,9.6802,9.911,9.9728,10.0328
LRFN1,4.2487,4.6285,4.8712,3.2195,3.8505,3.1531
LRFN3,7.9754,8.0607,8.1393,7.9814,7.9845,7.9444
LRFN4,9.2153,9.088,9.3082,9.3775,9.324,9.3963
LRFN5,6.2817,6.4237,6.5099,7.5939,7.3756,7.6007
LRIF1,8.2067,8.185,8.1526,8.1091,8.0582,8.0854
LRIG1,9.8893,9.897,9.9248,9.1669,9.1852,9.2259
LRIG2,8.5382,8.2381,8.1032,8.687,8.5455,8.4677
LRIG3,8.4685,8.4822,8.4793,8.3157,8.4033,8.4409
LRMDA,4.3406,4.0004,3.938,5.2484,4.6892,5.0606
LRP1,14.9393,14.8187,14.8887,14.5532,14.4857,14.4872
LRP10,12.7674,12.7317,12.8498,13.0261,13.0123,13.0031
LRP11,10.8486,10.8656,10.8583,11.2653,11.1564,11.1248
LRP12,10.1046,10.1741,10.2592,9.8053,9.7716,9.9352
LRP1B,3.5242,3.7889,2.2843,6.1916,5.7861,6.2441
LRP2BP,4.5858,4.9161,3.938,4.8302,4.7413,4.5596
LRP3,9.557,9.5305,9.616,9.9456,10.0431,10.0507
LRP4,8.7118,8.5255,8.6765,9.9046,9.6779,9.9388
LRP5,9.8759,9.7383,9.7722,9.8739,9.759,9.7991
LRP5L,6.1094,5.789,6.1692,6.0599,5.6834,6.0623
LRP6,9.4214,9.2127,9.2246,9.8291,9.719,9.64
LRP8,8.1121,8.1957,8.1168,7.7588,7.4712,7.8145
LRPAP1,10.9696,10.8882,10.9703,11.4909,11.428,11.4142
LRPPRC,11.0535,11.0829,11.119,11.3441,11.3558,11.4327
LRRC1,7.3138,7.2724,7.5058,7.7937,8.053,7.7172
LRRC14,9.0884,9.0469,9.0741,8.8686,8.8421,8.9351
LRRC15,9.1908,9.3225,9.428,7.6712,7.7314,7.6659
LRRC17,12.6287,12.6897,12.64,12.3736,12.526,12.3212
LRRC2,7.8713,7.8311,7.5467,6.639,6.8201,6.6122
LRRC20,7.1957,7.1223,7.0067,5.9401,6.3187,6.0266
LRRC23,6.4968,6.0489,5.8145,6.1051,5.8348,6.1806
LRRC24,3.3581,2,3.5658,3.6442,3.9423,3.0143
LRRC27,6.5362,6.7651,6.3951,7.0395,7.1915,6.9052
LRRC28,7.2201,7.3708,7.1104,7.074,6.7957,7.0543
LRRC29,4.9781,5.0168,5.1443,4.9835,5.4531,5.1952
LRRC3,5.3759,5.3612,5.2137,6.2532,6.284,6.1643
LRRC32,8.4324,8.3533,8.5175,8.4044,8.7562,8.3134
LRRC34,4.5086,4.6908,4.3614,4.1552,4.6352,4.8725
LRRC37A,4.5858,4.9673,4.8276,3.0447,4.5791,4.5088
LRRC37A2,8.4167,8.4006,8.2549,7.6936,7.8248,7.5387
LRRC37A3,6.9257,7.0046,6.7507,6.6844,6.3015,6.29
LRRC37B,6.5362,6.9923,6.5507,6.527,6.584,6.4331
LRRC3B,2.7008,2,3.5658,3.7619,2.7747,2
LRRC4,4.1505,4.6908,4.9136,4.5318,4.6892,4.5088
LRRC40,8.5333,8.4997,8.3734,8.5789,8.4933,8.5006
LRRC41,11.1247,11.0967,11.1635,11.0464,11.1014,11.0612
LRRC42,9.1908,9.2673,9.2413,8.8219,8.9204,8.7369
LRRC45,7.5343,7.3897,7.4565,7.2556,7.3507,7.2371
LRRC46,3.6731,3.2413,3.8536,3.972,4.6352,3.6977
LRRC49,7.0122,7.3897,7.1986,7.4523,7.568,7.6068
LRRC56,3.9314,2,2,3.5161,3.8505,3.947
LRRC57,8.5812,8.5383,8.6517,9.0646,8.9034,9.0682
LRRC58,9.7027,9.649,9.712,9.3519,9.4149,9.5121
LRRC59,12.6739,12.7236,12.7792,11.2344,11.3268,11.1566
LRRC66,2.7008,2.8627,2.904,4.2388,3.6473,3.947
LRRC69,2,3.5409,2.5217,3.5161,3.6473,3.7856
LRRC7,3.3581,4.0956,4.0178,3.6442,3.7525,3.604
LRRC73,3.9314,4.1849,4.1652,5.4372,5.4531,5.1295
LRRC74B,3.5242,3.2413,3.0629,3.5161,4.4599,2.8607
LRRC75A,10.674,10.7154,10.6889,10.404,10.3616,10.4495
LRRC75B,5.6156,5.5411,5.2799,5.4014,5.3562,5.5867
LRRC8A,11.3918,11.3649,11.4845,11.6188,11.5693,11.6887
LRRC8B,5.5007,5.6072,5.598,6.0599,6.2664,5.9334
LRRC8C,9.6587,9.8619,9.8519,11.0369,10.9875,11.1857
LRRC8D,9.5008,9.5305,9.4783,8.8978,8.8332,9.0032
LRRC8E,7.5048,7.5579,7.4919,7.0966,7.1146,7.0543
LRRCC1,6.4562,6.1849,6.482,5.8893,6.3187,6.1806
LRRFIP1,11.291,11.3292,11.2702,10.54,10.5485,10.4861
LRRFIP2,9.9921,9.9804,10.0053,9.4625,9.2981,9.3574
LRRIQ1,2.7008,3.3989,3.3362,3.6442,3.5338,3.947
LRRIQ3,5.5007,4.2689,4.9947,4.8831,4.7413,4.3447
LRRK1,9.0917,9.038,8.9217,9.0845,9.0053,9.0416
LRRK2,5.3759,5.2415,5.0714,4.9835,4.8401,5.4853
LRRN3,9.5082,9.496,9.5454,10.1389,10.3417,10.1493
LRRN4CL,4.5858,4.4237,4.5874,4.1552,3.5338,4.6561
LRRTM2,5.2393,4.9161,4.6387,4.6587,4.5208,4.7466
LRRTM4,4.0451,3.5409,3.7639,3.8708,3.7525,4.0214
LRTOMT,6.3496,6.141,5.9427,5.9892,5.9499,5.7487
LRWD1,9.2122,9.2285,9.2963,9.5054,9.4427,9.6562
LSAMP,8.5284,8.4822,8.4758,8.6532,8.812,8.8509
LSG1,9.6248,9.6509,9.6047,9.5834,9.5812,9.6177
LSM1,9.1908,9.2363,9.088,9.0986,9.0602,9.0813
LSM10,8.7074,8.5593,8.7099,8.8784,8.7112,8.7341
LSM11,7.4124,7.5411,7.3058,7.7729,7.7882,7.7666
LSM12,9.9361,10.087,10.1125,10.2234,10.199,10.1932
LSM14A,4.5858,3.7889,4.2336,5.6353,2,3.2797
LSM14B,9.263,9.342,9.3531,9.0002,8.9176,8.8329
LSM2,5.4187,5.5411,5.518,5.3269,5.2879,5.2581
LSM4,10.116,10.0971,10.092,9.8138,9.7271,9.8599
LSM5,8.2067,8.2329,8.0848,7.9067,7.9572,7.8557
LSM6,6.9696,6.7505,7.0165,6.6844,6.6261,6.6941
LSM7,9.0344,8.9356,8.9576,8.8219,8.812,8.791
LSM8,7.9825,8.0607,8.1032,8.2667,8.3581,8.3208
LSMEM1,2.9547,3.2413,2.7255,3.7619,4.0287,3.947
LSP1,3.9314,3.0644,3.4556,3.7619,2.9618,3.0143
LSR,4.9197,4.9161,5.1794,5.2484,4.7915,4.6087
LTA4H,9.6853,9.5848,9.6679,9.5592,9.5432,9.5137
LTB4R,4.3406,3.8985,4.2989,5.5397,5.5142,5.611
LTB4R2,3.808,4.4237,4.2336,4.5967,5.0194,5.0249
LTBP1,14.091,14.02,14.074,13.4425,13.4552,13.4319
LTBP2,13.6736,13.582,13.7005,13.0756,13.1203,12.9779
LTBP3,11.2277,11.1074,11.2579,11.5742,11.5969,11.5262
LTBP4,10.3218,10.1823,10.3166,10.8708,10.8416,10.8517
LTBR,10.7346,10.6746,10.815,10.2996,10.1814,10.26
LTF,3.6731,3.5409,3.8536,4.3179,4.1101,4.2239
LTK,3.6731,4.0004,3.7639,3.6442,3.8505,4.2239
LTN1,9.9045,9.9216,9.8341,9.0473,9.2405,9.1698
LTO1,8.2607,8.1632,8.2258,8.2366,8.2044,8.1696
LTV1,9.0447,9.0735,9.1579,9.1669,9.0602,9.0416
LUC7L,8.9011,8.9452,8.9525,9.021,9.1179,9.3173
LUC7L2,9.8409,9.7908,9.7722,10.217,10.166,10.1841
LUC7L3,10.1029,9.9866,10.1114,10.3522,10.3501,10.3691
LUM,9.9957,9.9944,9.9416,10.1211,10.3162,10.26
LURAP1,4.659,5.1109,4.8712,3.7619,3.276,4.0214
LURAP1L,8.3184,8.185,8.157,9.0415,8.94,9.1178
LUZP2,5.9138,6.706,6.6033,6.7428,7.3082,6.6826
LXN,8.8589,8.8664,8.7659,8.3396,8.6547,8.2607
LY6E,10.1176,10.1284,10.1429,10.2514,10.2968,10.1658
LY6G5B,4.9781,5.0646,5.2799,4.6587,3.8505,4.8725
LY6G5C,7.5343,7.3991,7.6188,7.4954,7.4162,7.4607
LY6G6E,6.2817,6.1185,6.1338,6.6079,6.7328,6.6361
LY6K,5.9138,6.0725,6.1158,5.1654,5.4839,5.2581
LY96,6.7014,6.6755,6.7623,6.7712,6.9585,6.7607
LYAR,8.0177,7.9183,8.0184,7.2854,7.0947,7.3923
LYL1,2.9547,2.8627,3.0629,4.0665,3.6473,3.7856
LYN,7.2909,7.2724,7.3058,6.98,7.21,7.115
LYNX1,6.9257,6.5964,6.6033,7.7302,7.7506,7.5003
LYPD1,10.4703,10.5362,10.4953,11.6439,11.5805,11.6301
LYPD3,3.5242,3.8985,4.0934,5.5397,5.4531,5.7267
LYPD5,3.6731,3.8985,3.8536,3.6442,3.8505,3.604
LYPD6,3.808,4.2689,4.4788,2.6149,3.5338,3.2797
LYPLA1,9.839,10.037,9.9644,10.2763,10.3301,10.3973
LYPLA2,10.0323,10.0489,10.1103,11.0164,10.9114,11.0317
LYPLAL1,7.3363,7.1223,7.2573,7.1836,7.1244,6.8244
LYRM1,7.8713,7.9118,7.7117,7.1623,7.3082,7.3424
LYRM2,9.266,9.3274,9.2822,9.3798,9.4776,9.5056
LYRM4,8.0924,8.2741,8.1258,7.7229,7.9845,7.8909
LYRM7,8.8667,8.6126,8.6734,7.8809,7.9351,8.0503
LYRM9,5.2393,5.1993,5.5452,5.1654,5.3225,4.9507
LYSMD1,6.8651,7.0046,6.957,7.4869,7.6384,7.6832
LYSMD2,7.0804,6.8219,6.895,6.1272,6.1747,5.9714
LYSMD3,9.5498,9.454,9.6047,9.9158,9.7731,9.6836
LYSMD4,6.6303,6.6126,6.6416,5.8893,5.9049,6.0085
LYST,8.1251,8.1466,8.0614,8.7418,8.753,8.607
LZTFL1,8.1443,8.1298,7.994,7.7799,8.0323,7.8353
LZTS1,8.4787,8.3485,8.44,8.6982,8.7467,8.3856
LZTS2,10.6349,10.6276,10.5263,10.4617,10.3258,10.4016
LZTS3,7.1456,7.1993,7.2157,6.9921,6.667,6.5632
M6PR,11.0595,11.0222,11.0068,11.4618,11.3918,11.4529
MAB21L2,7.7757,7.5155,7.7933,5.2484,5.3892,4.4015
MAB21L3,6.0562,6.442,6.3025,5.9892,6.4958,6.4601
MACC1,3.5242,5.3612,3.3362,3.972,5.1406,3.0143
MACF1,13.3254,13.3566,12.9813,13.5277,13.5069,13.2969
MACIR,8.1883,8.3241,8.3193,7.0041,7.0542,7.2603
MACO1,9.0717,9.0138,9.06,9.3935,9.4269,9.4325
MACROD1,5.8835,5.9248,5.2799,5.2484,5.7356,5.227
MACROD2,3.6731,3.8985,4.1652,4.5318,3.9423,4.5596
MACROH2A1,11.0628,11.1434,11.1613,11.6846,11.6489,11.6951
MACROH2A2,8.284,8.3724,8.2216,8.3584,8.1477,8.4272
MAD1L1,9.1179,9.1723,9.2161,9.129,9.2269,9.2141
MAD2L1,8.8433,9.0851,8.9801,7.2455,7.4321,7.4405
MAD2L1BP,8.1379,8.2741,8.1961,8.1582,8.1036,8.1818
MAD2L2,8.39,8.4146,8.6008,8.1795,8.0785,8.2059
MADCAM1,5.3759,4.863,5.5452,4.464,6.1935,5.0606
MAEA,10.242,10.2407,10.2313,10.065,10.1164,10.1211
MAF1,10.3634,10.4099,10.2847,11.0015,10.8379,10.9526
MAFB,2.9547,2.6282,2.7255,4.3928,4.33,4.0921
MAFF,9.4578,9.6132,9.6817,10.6765,10.6005,10.6364
MAFG,9.6271,9.56,9.6414,11.1295,11.0201,11.1364
MAFIP,3.808,4.4237,3.938,4.5967,4.5208,4.0214
MAFK,9.7929,9.7621,9.7664,11.0149,10.9178,11.0815
MAGEA10,2.7008,3.8985,3.7639,3.3754,2.5596,2.8607
MAGED1,13.533,13.5248,13.5652,13.5627,13.5988,13.5048
MAGED2,12.4028,12.3357,12.3864,12.3559,12.3836,12.314
MAGED4B,10.7473,10.11,10.2674,11.3215,11.2564,11.076
MAGEE1,5.9724,6.0005,6.1516,5.4722,5.4215,5.8542
MAGEF1,8.4888,8.6246,8.5548,9.0531,8.9947,8.9847
MAGEH1,8.5859,8.5213,8.4616,9.1481,9.1687,9.0327
MAGEL2,4.8588,5.3224,5.2472,6.2532,6.0969,5.9334
MAGI1,9.7558,9.5432,9.5268,9.3354,9.2674,9.1961
MAGI3,7.8866,8.0725,8.0848,7.2149,7.4557,7.4201
MAGOH,8.1443,8.1632,8.0661,7.9631,7.8188,7.8455
MAGT1,10.9396,10.9846,10.9976,10.465,10.6232,10.5574
MAIP1,7.879,7.8102,7.8434,7.7937,7.5092,7.3853
MAK16,9.1309,9.2073,9.1402,9.3636,9.3681,9.4119
MAL2,2.7008,2.6282,2.2843,3.3754,3.8505,4.0214
MALL,6.2104,6.2484,6.2206,4.1552,4.5208,4.3447
MALSU1,8.9161,8.8426,8.9139,9.445,9.285,9.3663
MALT1,8.8667,8.9096,8.8823,8.8185,9.0027,8.8147
MAMDC2,8.0038,7.8242,8.1393,5.2075,5.1406,5.4042
MAMDC4,5.7558,5.0646,5.4903,5.4722,5.3892,5.0249
MAML1,9.5058,9.5807,9.4923,9.903,9.7447,9.8017
MAML2,9.6111,9.7512,9.6586,9.6189,9.8071,9.6779
MAML3,7.3911,7.5579,7.5865,8.3396,8.4113,8.5327
MAMLD1,8.1186,8.2792,8.3581,5.7819,5.8819,5.9714
MAMSTR,5.0883,4.7505,5.0336,4.5318,3.8505,3.604
MAN1A1,9.7092,9.716,9.718,10.4142,10.2482,10.4604
MAN1A2,10.9369,10.9783,10.9264,11.2357,11.3724,11.3294
MAN1B1,10.6905,10.6345,10.7138,10.7308,10.6558,10.705
MAN1C1,8.4988,8.3581,8.3581,9.0357,9.0265,8.861
MAN2A1,11.6539,11.6263,11.6161,12.7617,12.7382,12.88
MAN2A2,9.8931,9.8137,9.9543,10.1239,10.0275,10.0738
MAN2B1,10.3648,10.2184,10.3146,10.831,10.7509,10.9292
MAN2B2,11.0364,10.99,11.0316,11.3859,11.3145,11.3986
MAN2C1,8.7289,8.6365,8.7308,8.634,8.6307,8.7006
MANBA,9.3541,9.2622,9.1991,10.9505,10.7604,10.9767
MANBAL,9.5449,9.5991,9.6047,9.7706,9.6712,9.8004
MANEA,8.284,8.4733,8.3847,8.2366,8.25,8.3355
MANF,10.1241,10.1043,10.0582,11.2178,11.0339,11.1771
MANSC1,5.6156,5.8449,5.963,6.1272,6.2485,5.9526
MAOA,3.1705,4.0956,3.8536,2.6149,2.3068,2.6888
MAOB,2.9547,3.5409,3.8536,2.6149,3.1274,3.1531
MAP10,5.722,5.399,5.4903,5.0773,5.1013,5.4317
MAP1A,13.7136,13.6749,13.7139,13.1209,13.1061,13.0342
MAP1B,13.5048,13.5889,13.4228,13.3021,13.3501,13.3016
MAP1LC3A,8.3684,8.1185,8.1918,8.475,8.578,8.4908
MAP1LC3B,11.3349,11.3444,11.3402,11.6563,11.7049,11.6219
MAP1S,9.4188,9.4829,9.6367,9.8019,9.6475,9.7778
MAP2,4.427,4.8078,4.8712,4.3179,4.7915,4.8317
MAP2K1,10.3427,10.3448,10.4411,10.0834,10.079,10.1493
MAP2K2,11.3509,11.3679,11.4222,11.662,11.5575,11.6268
MAP2K3,11.0493,11.0492,11.1201,10.7813,10.7245,10.8182
MAP2K4,9.6294,9.7837,9.6445,9.9174,9.8829,9.9614
MAP2K5,7.6996,7.8032,7.6875,8.0979,8.0165,8.0592
MAP2K7,8.9602,9.1251,9.0624,9.1481,9.2428,9.2318
MAP3K1,7.8713,7.7819,7.8918,7.4435,7.5092,7.6946
MAP3K10,8.2067,8.2433,8.2174,8.8014,8.7177,8.8458
MAP3K11,10.3662,10.4018,10.4147,10.3755,10.3965,10.5049
MAP3K12,8.6901,8.6286,8.8253,9.8223,9.6928,9.7548
MAP3K13,8.1379,8.2223,8.0472,7.9445,8.1477,8.1655
MAP3K14,7.9168,7.5579,7.5127,5.6957,5.7097,5.7043
MAP3K15,2.3925,2.8627,3.3362,3.7619,2.9618,3.7856
MAP3K2,9.6407,9.6509,9.5538,10.2923,10.2209,10.3999
MAP3K20,11.8704,12.0604,11.9067,11.3529,11.3485,11.2895
MAP3K21,3.3581,3.0644,3.0629,3.2195,3.8505,3.3961
MAP3K3,9.4782,9.5004,9.6047,9.824,9.784,9.807
MAP3K4,8.8511,8.6755,8.6888,9.6248,9.3619,9.6057
MAP3K5,9.7135,9.7548,9.6586,10.358,10.2968,10.5186
MAP3K6,8.6636,8.5467,8.6548,8.2816,8.3456,8.3572
MAP3K7,10.3593,10.2524,10.252,10.2001,10.1152,10.1535
MAP3K7CL,8.9818,9.1447,8.9676,7.6936,7.8428,7.4473
MAP3K8,3.9314,3.8985,4.0934,5.2075,4.9766,5.2581
MAP3K9,5.2863,5.2415,5.598,4.9342,5.3892,5.562
MAP4,13.7078,13.7197,13.7518,13.3306,13.4004,13.3293
MAP4K1,2.7008,3.3989,3.3362,3.7619,2.7747,3.1531
MAP4K2,8.5527,8.4374,8.4758,7.7517,7.9682,8.0006
MAP4K4,13.3765,13.4042,13.4026,13.9395,13.9142,13.9417
MAP4K5,10.8427,10.8314,10.8871,10.9804,11.1528,11.1179
MAP6,6.5362,6.46,6.4099,6.6992,6.418,6.4866
MAP6D1,6.3496,6.0957,6.0222,4.9835,5.4839,5.2581
MAP7,4.3406,4.5634,4.6387,5.8366,5.7861,5.813
MAP7D1,12.2125,12.1683,12.2485,12.2768,12.2069,12.241
MAP7D3,9.1752,9.3126,9.1177,8.3157,8.4703,8.2948
MAP9,8.5527,8.58,8.5878,8.6455,8.708,8.775
MAPK1,11.5822,11.6568,11.6645,11.4662,11.434,11.4479
MAPK11,7.848,8.0899,8.094,8.1311,8.1573,8.2683
MAPK12,9.2183,9.2493,9.2923,9.6422,9.508,9.5424
MAPK13,7.0535,7.3517,7.1552,8.142,8.1234,8.1573
MAPK14,10.1608,10.0899,10.0534,10.0749,10.1299,10.1083
MAPK3,10.0306,10.1143,10.1834,9.8525,9.9088,9.8523
MAPK6,10.697,10.8426,10.7904,11.4952,11.5379,11.5597
MAPK7,8.8859,8.9516,9.0146,9.1318,9.0343,9.0214
MAPK8,8.9346,9.0909,9.1579,9.6383,9.6762,9.748
MAPK8IP1,8.4272,8.4555,8.3996,8.4964,8.3581,8.4409
MAPK8IP2,4.2487,3.2413,4.2989,4.0665,3.5338,3.604
MAPK8IP3,9.6271,9.5787,9.5268,9.7494,9.8025,9.9134
MAPK9,9.5181,9.5869,9.5638,9.5794,9.6845,9.6893
MAPKAP1,10.9937,10.942,10.929,10.994,11.0629,11.0193
MAPKAPK2,11.0829,11.16,11.1425,11.6649,11.6123,11.6512
MAPKAPK3,9.1212,9.3803,9.1268,8.8388,8.7906,8.7857
MAPKAPK5,8.9493,8.9162,9.0219,9.3798,9.366,9.3893
MAPKBP1,9.4908,9.5558,9.6031,9.4384,9.4348,9.4376
MAPRE1,11.8233,11.8458,11.8594,11.0822,11.1766,11.082
MAPRE2,9.5641,9.496,9.4712,8.8587,9.0395,8.9133
MAPRE3,8.7331,8.7687,8.8253,8.8321,8.9539,8.8226
MARCHF10,2.9547,3.7889,3.4556,2.6149,2.5596,2.6888
MARCHF2,8.1315,8.3339,8.2132,8.1636,8.0427,8.2019
MARCHF3,6.9839,7.0529,7.2408,6.1272,6.0969,6.1311
MARCHF4,10.2554,10.3229,10.3717,8.9138,9.1277,8.8534
MARCHF5,9.7306,9.742,9.7045,10.0419,10.0522,10.0771
MARCHF6,10.9387,10.9791,10.9921,10.841,10.9807,10.8719
MARCHF7,10.645,10.8597,10.859,10.5595,10.8439,10.7412
MARCHF8,8.8195,8.6483,8.9113,9.056,8.9566,9.0638
MARCHF9,6.6663,6.8357,6.9771,7.3146,7.4479,7.5946
MARCKS,12.1906,12.2404,12.2862,10.3008,10.4503,10.228
MARCKSL1,11.5066,11.5209,11.5746,12.3296,12.2333,12.3413
MARF1,9.1309,8.6444,8.636,8.8321,8.6682,8.7174
MARK3,10.7514,10.6851,10.7383,10.7909,10.8565,10.8117
MARK4,10.0528,9.9281,10.0451,10.1073,10.0978,10.1586
MARS1,11.7885,11.7226,11.7709,11.0171,11.0365,11.0261
MARS2,7.2909,6.4953,6.9159,8.0582,7.6384,7.93
MARVELD1,11.211,11.312,11.3236,11.4727,11.3969,11.4108
MARVELD3,3.3581,2.8627,3.6682,4.0665,3.5338,3.6977
MASP1,8.543,8.1577,8.2383,7.4168,7.7882,7.5762
MASP2,4.2487,4.6285,4.4788,4.1552,4.2603,3.947
MAST1,3.808,3.6702,4.2989,4.3928,4.0287,4.2856
MAST2,10.2961,10.2626,10.2927,9.5653,9.6543,9.569
MAST3,7.8243,7.872,7.8971,7.8413,7.9238,7.9775
MAST4,9.1244,9.0705,9.053,8.5091,8.4193,8.4066
MASTL,7.879,7.8517,8.0425,7.1623,7.5463,7.2756
MAT2A,11.3797,11.2213,11.2894,11.555,11.4835,11.5515
MAT2B,10.0764,10.0219,9.9656,10.4563,10.5458,10.4754
MATN1,4.0451,3.3989,3.3362,3.0447,3.6473,3.7856
MATN2,8.9383,8.9356,8.9801,8.1528,8.053,8.0414
MATN3,6.7691,7.1558,7.0165,6.8263,6.7456,7.0094
MATR3,11.8938,11.8808,11.9451,12.0957,12.1605,12.0831
MAU2,9.7662,9.7639,9.7922,10.0272,10.005,10.1189
MAVS,11.5264,11.4308,11.4606,11.137,11.0082,11.0755
MAX,9.266,9.2206,9.2204,9.9142,9.7948,9.8472
MAZ,11.296,11.2661,11.2712,11.3657,11.2726,11.3151
MB21D2,8.1507,8.3866,8.2466,6.6543,6.8441,6.2127
MBD1,9.799,9.8754,9.8654,9.9014,9.8713,9.9207
MBD2,9.4604,9.4696,9.5605,8.9202,9.1567,9.0214
MBD3,10.6269,10.5841,10.6682,10.7025,10.6258,10.6215
MBD4,8.5765,8.5509,8.8253,9.118,9.2223,9.1698
MBD5,8.3792,8.4953,8.4544,8.9821,9.108,8.9986
MBD6,8.9782,8.9031,8.9398,9.2037,9.0653,9.178
MBIP,7.7921,7.9882,7.5127,7.0278,7.5463,7.474
MBLAC1,4.427,4.863,5.2799,5.9401,5.7861,5.7919
MBNL1,11.9954,12.1669,12.1349,11.5677,11.6331,11.626
MBNL2,10.8159,10.7359,10.7739,10.4052,10.4658,10.3903
MBNL3,5.4603,7.8242,7.994,4.7753,6.0969,5.8542
MBOAT1,4.427,4.6908,4.7827,3.2195,3.5338,4.0214
MBOAT2,9.7433,9.7383,9.6924,9.1695,9.0265,9.352
MBOAT7,10.8239,10.6552,10.5896,11.2875,11.1485,11.248
MBP,5.1907,5.399,5.3432,5.3646,5.4531,4.8725
MBTD1,7.2079,7.0647,7.1814,7.6712,7.5242,7.4674
MBTPS1,11.591,11.522,11.523,9.665,9.6389,9.7021
MBTPS2,9.6087,9.5348,9.6303,9.7565,9.864,9.8687
MC1R,6.8338,6.8898,6.9468,7.1407,7.3168,7.2055
MCAM,11.3279,11.3833,11.4093,9.7984,9.8625,9.7356
MCAT,7.5048,7.5579,7.3907,7.4523,7.21,7.2214
MCC,9.2747,9.1081,9.1797,11.0457,11.0267,11.0306
MCCC1,8.2607,8.1466,8.1526,8.3815,8.3159,8.4577
MCCC2,8.6636,8.7867,8.8635,8.8719,8.9428,8.9636
MCEE,6.6839,6.3093,6.4099,6.2329,6.1363,5.813
MCF2L2,4.8588,4.4952,4.9136,4.5967,4.7915,4.6087
MCFD2,13.1753,13.1515,13.1545,12.1896,12.2539,12.1623
MCHR1,3.5242,3.6702,4.0934,2.6149,2.5596,2.6888
MCM10,7.5915,7.5579,7.6252,5.2882,5.3225,4.9507
MCM2,9.0751,9.1805,9.2182,7.2755,7.6246,7.1814
MCM3,9.5082,9.6352,9.7607,8.4922,8.5887,8.5485
MCM3AP,11.0954,11.0161,11.0991,11.2634,11.2497,11.2634
MCM4,9.9562,10.0899,10.0687,9.3566,9.4129,9.3609
MCM5,9.2979,9.496,9.5504,6.8794,7.2996,6.845
MCM6,9.2,9.2927,9.3911,7.1941,7.4321,7.0719
MCM7,10.5338,10.5255,10.6267,9.5993,9.5061,9.712
MCM8,8.0589,8.2893,8.3696,7.3242,7.6922,7.4607
MCMBP,9.6962,9.7346,9.8203,9.4296,9.4505,9.536
MCMDC2,5.54,6.0005,5.4903,5.4014,5.6012,5.7705
MCOLN1,8.7118,8.6947,8.6423,9.9794,9.719,9.9388
MCOLN2,4.427,4.1849,3.6682,3.8708,3.6473,4.0921
MCOLN3,2.3925,2.8627,3.206,3.7619,2.3068,3.3961
MCPH1,8.157,8.3043,8.3504,8.2767,8.3116,8.3996
MCRIP1,10.299,10.3229,10.4402,10.7469,10.6967,10.683
MCRIP2,7.3138,7.2622,7.3907,7.2854,7.1146,7.3057
MCRS1,9.6918,9.6529,9.6909,9.5714,9.6269,9.5104
MCTP1,4.2487,3.8985,3.4556,7.5207,7.0334,7.7003
MCTP2,7.3024,7.0289,6.957,8.8219,8.5455,8.7396
MCTS1,8.8935,8.8495,8.8391,8.6758,8.5958,8.6863
MCU,9.3007,9.3151,9.3003,9.2797,9.3409,9.295
MCUB,7.5147,7.5495,7.54,6.0827,6.0147,6.29
MCUR1,8.8115,8.846,8.877,8.4879,8.4313,8.5231
MDC1,3.808,7.342,4.0178,6.527,6.418,6.4466
MDFIC,10.0897,10.2639,10.0629,10.8928,10.8675,11.0108
MDGA1,8.8075,8.942,8.9321,9.4318,9.2314,9.2318
MDH1,10.6938,10.7303,10.731,10.8377,10.8446,10.8234
MDH1B,2.9547,3.7889,4.1652,2.8457,3.8505,3.8686
MDH2,11.664,11.5647,11.6757,11.458,11.5001,11.4411
MDK,9.8605,9.8737,9.8882,10.7585,10.7493,10.7113
MDM1,6.5166,6.4777,6.5903,6.1272,6.5406,6.1311
MDM2,11.3082,11.2153,11.1179,10.7769,10.8697,10.7474
MDM4,8.0385,8.2588,8.0708,7.9995,8.053,8.0724
MDN1,10.3524,10.518,10.1418,9.9991,9.9088,9.8253
MDP1,6.0288,5.8449,6.0027,6.1051,6.2121,5.7487
ME1,10.5531,10.5234,10.4248,10.6453,10.5739,10.6794
ME2,9.3976,9.4084,9.3985,8.6721,8.6981,8.7857
ME3,6.6484,6.5126,6.3801,6.4236,6.6261,6.5632
MEA1,9.7621,9.8294,9.8396,9.93,9.7351,9.8004
MEAF6,9.5082,9.5579,9.473,9.8966,9.7948,9.8863
MEAK7,10.1466,10.2678,10.3126,9.8492,9.8298,9.8044
MECOM,8.5574,8.4689,8.4898,8.0697,8.0986,8.1573
MECP2,9.8091,9.7944,9.7461,10.1765,10.1432,10.1073
MECR,7.8942,7.753,7.7876,7.4954,7.6922,7.6307
MED1,10.245,10.3081,10.433,9.895,9.9341,9.9941
MED10,8.9235,9.0822,9.0121,8.6646,8.809,8.8121
MED11,7.256,6.9547,6.6416,6.9555,6.7957,7.0455
MED12,9.7827,9.7837,9.8451,10.1266,10.0726,10.0507
MED12L,3.5242,3.6702,3.938,5.2484,5.5728,5.562
MED13,10.4893,10.3253,10.3067,10.8242,10.7683,10.7919
MED13L,10.6861,10.8228,10.6589,10.7135,10.8513,10.7859
MED14,9.895,9.9505,9.8789,9.3187,9.3722,9.2742
MED15,10.9839,10.9202,11.1025,10.6605,10.5943,10.555
MED16,9.7642,9.6685,9.7402,8.4268,8.6342,8.6221
MED17,9.1532,9.0938,9.1491,9.7741,9.656,9.6793
MED18,7.9896,7.8311,7.8705,8.2264,8.2044,8.3355
MED19,7.9168,8.0067,7.9076,7.5939,7.679,7.6068
MED20,8.6276,8.7098,8.7249,8.6683,8.7562,8.6949
MED21,8.6813,8.7135,8.5037,8.2517,8.1184,8.0414
MED22,8.4888,8.4192,8.4898,8.0979,7.9517,8.0144
MED23,9.4135,9.3685,9.4659,9.8138,9.7856,9.7548
MED24,9.8663,9.9085,9.9492,9.9472,9.8537,9.8788
MED25,9.065,9.0938,9.2475,8.6028,8.5307,8.6428
MED26,7.8713,7.6548,7.5196,7.9257,7.7249,7.3853
MED27,8.7994,8.8219,8.8635,8.5869,8.5307,8.5454
MED28,9.5206,9.454,9.4835,10.3285,10.2782,10.2942
MED29,9.4833,9.5091,9.428,9.9174,9.893,9.8637
MED30,6.0288,5.7309,5.8145,5.7819,5.6012,5.562
MED31,7.8083,7.8242,7.7472,8.1366,7.9182,7.9681
MED4,8.6813,8.7432,8.6796,8.4707,8.641,8.6604
MED6,8.0857,8.0725,8.23,7.9935,8.0886,8.1069
MED7,7.256,7.3708,7.4849,7.3896,7.1342,7.3351
MED8,9.9797,10.0128,10.0065,9.5222,9.6147,9.4495
MED9,7.7757,7.3991,7.5601,7.2854,7.3838,7.6188
MEDAG,5.4603,5.2825,5.4039,7.4523,7.6315,7.6659
MEF2A,9.6565,9.716,9.6924,8.462,8.354,8.4644
MEF2B,4.427,3.2413,3.206,5.5723,3.5338,3.3961
MEF2C,8.6092,8.4555,8.4933,8.3348,8.4352,8.0898
MEF2D,10.0947,10.1673,10.1328,10.952,10.9548,11.0396
MEFV,3.5242,4.0004,3.0629,2.8457,2.9618,3.5038
MEGF6,6.8179,6.7505,7.0357,7.2045,7.1631,7.1403
MEGF8,10.9332,10.7732,10.9283,11.71,11.651,11.6309
MEGF9,9.1784,9.1503,9.0387,9.7404,9.801,9.8188
MEI1,4.7287,4.4237,4.7827,4.464,5.3225,5.611
MEIKIN,11.9098,11.9652,11.9748,11.4575,11.4507,11.4584
MEIOC,5.0883,5.5069,5.4621,4.9835,5.6834,4.9507
MEIS1,10.2947,10.0986,10.0711,10.1685,10.3087,10.2092
MEIS2,9.5784,9.6112,9.4765,7.7445,7.9069,7.5196
MEIS3,9.5618,9.647,9.6508,10.1184,10.1065,10.1431
MELK,8.8195,8.8998,8.9061,5.8366,6.7583,6.1142
MELTF,4.7287,4.1849,5.0336,4.2388,3.9423,4.4561
MEMO1,9.3291,9.5326,9.4992,9.5953,9.5285,9.5249
MEN1,9.1469,9.1475,9.2329,7.7729,7.7314,7.5701
MEPCE,9.1784,9.202,9.2475,9.6856,9.5155,9.7063
MERTK,3.9314,4.4237,4.6883,4.1552,4.5791,4.2239
MESD,10.0409,10.0249,10.1205,10.0346,10.099,9.9998
MEST,12.1084,12.1079,12.0989,9.7041,9.948,9.3099
MET,10.4893,10.5457,10.5134,9.0386,9.1179,9.1881
METAP1,9.7724,9.7997,9.9001,9.469,9.5451,9.5439
METAP1D,6.5555,6.141,6.4099,5.6041,5.6565,5.7919
METAP2,10.8229,10.7497,10.8066,10.7943,10.9541,10.7866
METRN,8.5953,8.5467,8.4898,9.056,8.7307,8.9035
METRNL,7.7424,7.6072,8.0567,8.363,8.2455,8.2607
METTL1,7.4948,7.5155,7.5534,7.1516,7.0746,7.0893
METTL14,8.2067,8.185,8.0708,8.1901,8.259,8.253
METTL15,8.5137,8.6325,8.4863,7.8413,8.0165,7.8455
METTL16,9.3596,9.454,9.5079,9.4139,9.3132,9.5072
METTL17,8.1315,8.1957,8.2631,8.1953,8.1525,8.1939
METTL18,5.722,5.8986,5.9012,5.725,5.3892,5.611
METTL21A,7.9018,7.9248,8.1789,8.363,8.2274,8.5579
METTL22,8.7203,8.5255,8.6888,8.8784,8.809,8.82
METTL23,7.9317,8.0005,7.8971,8.2568,8.1477,8.1939
METTL25,6.0562,6.2276,6.1338,6.6235,6.3015,6.6361
METTL26,9.1969,9.1696,9.1064,9.2115,9.0395,9.143
METTL27,4.7952,4.9673,5.0336,3.6442,3.1274,3.8686
METTL2B,9.1752,9.1195,9.1645,8.657,8.6376,8.5391
METTL4,7.3363,7.2206,7.3058,7.4954,7.3339,7.7503
METTL5,8.2249,8.4644,8.3427,7.3805,7.6036,7.4062
METTL6,7.6101,7.5326,7.6814,7.8075,7.8664,7.6659
METTL7A,7.0937,6.9547,7.0165,5.9649,5.7861,6.1142
METTL7B,4.2487,4.4237,4.5874,3.5161,2.3068,3.5038
METTL8,8.1315,8.0067,8.052,7.8346,7.9406,7.6543
METTL9,10.577,10.6727,10.6059,10.9728,10.9043,10.931
MEX3A,9.0983,8.9674,8.9061,10.5956,10.4464,10.6858
MEX3B,8.3408,8.2381,8.0329,8.5049,8.3201,8.149
MEX3C,9.9007,9.8653,9.8802,9.6819,9.6095,9.5721
MEX3D,9.3178,9.3225,9.324,10.1524,10.005,10.089
MFAP2,7.6822,7.5241,7.4276,9.3821,9.4189,9.4844
MFAP3,8.8195,8.8898,8.7543,9.0874,9.2154,9.1616
MFAP3L,4.2487,4.2689,3.206,4.1552,4.33,4.6561
MFAP4,10.6551,10.492,10.6067,10.3261,10.3354,10.3592
MFAP5,3.5242,4.3484,3.7639,4.3179,4.1872,3.7856
MFF,9.5948,9.6915,9.6287,9.8475,9.8223,9.8687
MFGE8,13.9176,13.8464,13.9098,14.2186,14.2109,14.1243
MFHAS1,8.5906,8.7902,8.7659,10.1857,9.9383,10.1389
MFN1,9.8071,9.7675,9.7299,9.4625,9.6252,9.5329
MFN2,11.2953,11.3583,11.4005,11.1411,11.131,11.0656
MFNG,4.5858,4.6285,4.9547,4.464,4.6352,4.6561
MFSD1,10.4805,10.4363,10.4036,10.7514,10.6499,10.7064
MFSD10,10.1241,10.1563,10.1584,10.2362,10.2071,10.2062
MFSD11,8.3352,8.534,8.4863,8.8946,9.0421,9.0704
MFSD12,10.1078,10.1029,10.1845,10.6192,10.5996,10.6808
MFSD13A,4.8588,5.0646,5.1794,4.6587,5.2525,5.1952
MFSD14A,9.4449,9.593,9.616,10.1321,10.1372,10.2913
MFSD14B,10.1889,10.2237,10.2344,9.7278,9.8208,9.7176
MFSD14C,5.2863,5.6072,5.649,5.8893,5.4215,5.0954
MFSD2A,7.0398,7.2622,7.1986,6.2732,6.5258,6.5507
MFSD2B,2.7008,4.0004,3.5658,3.6442,3.5338,3.604
MFSD3,7.256,7.1886,7.2241,7.5207,7.4162,7.3711
MFSD4A,2.7008,3.2413,3.0629,3.972,3.7525,4.6087
MFSD4B,7.6822,7.4807,7.4494,8.0582,7.7314,8.1737
MFSD6,8.0453,8.0128,8.1213,7.9569,7.9069,7.9728
MFSD8,7.4542,7.5155,7.54,7.8279,7.8839,7.7338
MFSD9,7.0261,6.8765,6.6541,7.5123,7.6106,7.6717
MGA,9.5807,9.3372,9.406,9.7494,9.613,9.5721
MGAT1,11.8298,11.8453,11.8793,11.8416,11.8841,11.8238
MGAT2,10.6212,10.6434,10.728,10.5523,10.5394,10.4521
MGAT3,5.8211,6.0489,5.7459,5.2484,4.5208,4.7898
MGAT4A,2.7008,2.348,2.2843,3.8708,2.9618,3.7856
MGAT4B,11.9238,11.822,11.8866,12.6755,12.5791,12.6548
MGAT4C,4.5858,5.5411,4.1652,4.9342,5.1789,4.0921
MGAT5,12.0178,12.0816,12.0641,12.8412,12.731,12.7319
MGAT5B,5.54,5.5411,5.6238,5.725,5.7861,5.8744
MGLL,11.8971,12.0136,12.0482,9.7967,9.9411,9.7697
MGME1,8.0589,8.3436,8.2004,8.1256,8.138,8.1069
MGMT,7.5821,7.716,7.5601,7.5699,7.8308,7.6946
MGP,5.6519,5.789,5.7223,5.4722,5.4531,5.562
MGRN1,10.6189,10.7107,10.7131,11.2287,11.1304,11.1545
MGST1,11.2344,11.2648,11.1992,11.7186,11.6675,11.8267
MGST2,6.4968,6.3093,6.2206,6.6079,6.6122,6.6941
MGST3,9.799,9.7104,9.7851,9.9142,9.8193,9.8536
MIA2,8.231,8.2433,8.1832,9.1235,9.0317,9.0394
MIA3,10.628,10.4997,10.5297,10.1738,10.2346,10.2319
MIB1,10.6785,10.6909,10.6187,11.2075,11.2413,11.3285
MIB2,9.468,9.3565,9.4552,9.8442,9.8208,9.8875
MICA,9.7178,9.6352,9.616,10.117,10.1028,9.9424
MICAL1,10.1905,10.2091,10.2469,10.1197,10.136,10.1274
MICAL2,13.7172,13.7717,13.7163,13.249,13.295,13.2431
MICAL3,9.8091,9.872,9.9454,9.2993,9.254,9.2551
MICALL1,10.3662,10.3901,10.4573,9.941,9.7239,9.9182
MICALL2,8.5717,8.5718,8.7249,8.8751,8.9758,8.98
MICB,6.4766,5.789,5.8585,6.1916,6.3692,6.2285
MICOS10,9.6962,9.7328,9.6602,9.2422,9.3556,9.3893
MICOS10-NBL1,2,4.9161,2,4.0665,5.2161,5.9526
MICOS13,8.8628,8.9031,8.9113,8.7165,8.7435,8.6191
MICU1,10.068,10.0841,10.0523,10.5297,10.5522,10.6379
MICU2,9.3347,9.2285,9.2371,9.3659,9.1375,9.2474
MICU3,8.6046,8.5759,8.5846,9.1263,9.274,9.1135
MID1,9.5181,9.4763,9.4835,9.2797,9.1544,9.2742
MID1IP1,9.1501,9.1308,9.1711,8.9546,8.8271,8.7669
MID2,5.0343,5.5069,4.6883,5.2484,5.3562,5.4317
MIDEAS,9.5498,9.4245,9.657,8.7454,8.8976,8.7341
MIDN,10.2391,10.0608,10.0839,11.3733,11.2808,11.409
MIEF2,7.7839,7.7961,7.7057,7.7445,7.6988,7.6484
MIEN1,8.8195,8.9642,8.7129,9.1014,8.926,9.0439
MIER1,9.2747,9.2596,9.2161,9.9237,9.8551,10.0192
MIER2,9.4731,9.4038,9.5588,9.617,9.6762,9.6488
MIER3,8.4583,8.2329,8.2425,9.1345,9.1055,9.1199
MIF,10.455,10.4465,10.3764,10.2935,10.1814,10.2397
MIF4GD,6.0009,5.8986,6.1516,5.2484,5.9718,5.7705
MIGA1,9.4293,9.4199,9.3873,9.8425,9.801,9.7965
MIGA2,9.0309,9.1053,9.1446,9.499,9.4699,9.5392
MIIP,7.7424,7.5326,7.7296,7.1188,7.2555,7.1651
MILR1,3.3581,2.6282,3.3362,4.3928,5.2525,3.947
MINAR1,6.0562,6.0249,5.7459,5.6957,5.9934,5.9526
MINDY1,7.1199,7.2826,7.2241,6.6844,6.6122,6.7498
MINDY2,9.7049,9.8653,9.8654,9.5387,9.7415,9.5439
MINDY3,9.0066,8.9162,8.9727,9.309,9.3261,9.3192
MINDY4,6.3496,6.3093,6.4392,6.9555,6.7957,7.0455
MINK1,10.9033,10.8898,10.9514,11.34,11.3432,11.3938
MINPP1,9.5206,9.3565,9.3779,10.1128,9.97,10.1452
MIOS,8.1759,8.329,8.1658,7.4346,7.6922,7.7227
MIPEP,8.4324,8.534,8.5312,8.7772,8.8302,8.709
MIPOL1,8.6901,8.4866,8.5714,8.7702,8.8481,8.8252
MIR1915HG,6.6484,6.3484,6.4099,5.5723,5.4839,5.4588
MIR9-1HG,3.5242,4.0956,3.5658,3.972,3.7525,4.1595
MIS12,7.8163,8.037,7.7414,8.2109,8.1283,8.2873
MIS18A,7.3585,7.2415,7.3981,6.4589,6.4496,6.4466
MIS18BP1,8.3574,8.3629,8.4255,7.5699,7.5895,7.5514
MISP3,4.2487,4.0004,3.0629,3.0447,3.4107,3.2797
MITD1,7.5245,7.4807,7.4565,7.4697,7.4082,7.6007
MITF,8.4428,8.2993,8.3114,7.5618,7.7882,7.7666
MIX23,7.423,7.3027,7.2573,6.8923,6.7456,6.915
MKI67,11.6511,11.8246,11.7147,8.53,8.753,8.3786
MKKS,8.8935,8.8998,8.9139,8.976,8.8976,8.8226
MKLN1,10.3675,10.3266,10.2448,10.7646,10.7831,10.7906
MKNK1,8.3792,8.2943,8.3427,8.53,8.6064,8.4272
MKNK2,9.6248,9.5241,9.6063,8.9359,8.9372,8.8985
MKRN1,10.4317,10.2956,10.3057,10.7235,10.7753,10.7295
MKRN2,9.7156,9.7383,9.8478,8.3907,8.5528,8.3961
MKS1,6.7856,6.7795,6.3951,6.0599,6.1747,6.1311
MKX,3.808,3.6702,3.4556,3.0447,3.5338,2.8607
MLC1,3.9314,2.6282,4.0178,3.3754,3.8505,4.5088
MLEC,12.2629,12.2439,12.2229,11.8235,11.8034,11.7239
MLF1,6.0009,6.46,5.8585,6.3504,6.3015,5.9714
MLF2,12.0195,12.0903,12.0732,12.1429,12.1551,12.1923
MLH1,9.169,9.1138,9.2578,8.4489,8.4665,8.276
MLKL,6.9108,6.9674,6.8844,6.7139,6.8321,6.7715
MLLT1,10.5591,10.6236,10.633,10.7673,10.6379,10.7712
MLLT11,10.5579,10.6015,10.5449,11.7775,11.6726,11.8335
MLLT3,8.6502,8.4733,8.5681,8.5668,8.5852,8.4941
MLLT6,8.4938,8.4866,8.6105,8.2568,8.3498,8.3391
MLPH,9.5546,8.9799,9.0267,9.6402,9.5229,9.8109
MLX,9.6018,9.6372,9.6817,9.9855,9.759,9.851
MLXIP,9.1815,9.2442,9.3873,8.5465,8.5564,8.4577
MLYCD,7.4847,7.3126,7.4637,7.2149,7.2733,7.1895
MMAA,7.1199,7.0529,7.1195,7.2755,7.1915,7.2371
MMAB,7.0937,7.2415,7.3216,6.9179,7.3756,7.0185
MMACHC,7.0937,7.1993,7.1285,6.1916,6.3357,6.3916
MMADHC,10.7577,10.8306,10.7235,11.2647,11.2847,11.3147
MMD,7.848,7.5326,7.6629,8.9042,8.8151,9.1492
MME,8.5859,8.6601,8.6734,11.4553,11.3241,11.6219
MMGT1,9.4214,9.6092,9.4605,9.4755,9.4028,9.491
MMP1,12.8679,12.8271,12.9148,14.2977,14.0536,14.4452
MMP10,3.5242,4.4237,3.7639,6.8794,6.4652,7.2526
MMP11,5.2393,4.9161,5.2799,6.9431,6.8441,6.7054
MMP12,2.3925,3.3989,3.4556,3.5161,3.276,4.5596
MMP14,13.8482,13.8581,13.8754,15.0184,14.8812,14.978
MMP15,6.3047,6.2484,6.1158,9.5993,9.2585,9.4359
MMP16,9.3596,9.3541,9.3161,10.6201,10.5476,10.6758
MMP17,7.1709,7.0289,7.0921,7.7302,7.5895,7.5946
MMP19,8.284,8.2993,8.3734,8.2109,8.2228,7.9868
MMP2,13.567,13.4828,13.5379,14.137,14.0893,14.1781
MMP23B,4.3406,4.863,4.2989,3.6442,4.0287,4.5088
MMP24,8.3846,8.4465,8.3922,8.7807,8.812,8.8534
MMP25,4.2487,4.2689,4.4788,4.0665,4.5208,4.7021
MMP28,4.9197,4.6285,4.9136,3.0447,3.5338,2.4936
MMP3,6.1858,6.6755,6.3801,10.2183,9.6355,10.5032
MMRN2,4.2487,4.6285,4.7363,4.0665,4.4599,3.6977
MMS19,10.4251,10.3641,10.451,9.984,10.0288,10.0226
MMS22L,7.7254,7.838,7.6936,6.9052,7.0438,6.814
MMUT,8.9493,8.9162,8.85,8.9972,9.083,8.994
MN1,6.8805,6.46,6.2703,6.7285,6.6399,6.6478
MNAT1,8.5622,8.7285,8.5911,8.5383,8.4193,8.4031
MND1,4.9197,4.9161,4.9136,3.6442,3.276,2.4936
MNT,9.0583,8.983,9.0741,9.744,9.7902,9.7684
MOAP1,7.2201,7.1886,7.3372,7.8413,7.8248,7.9539
MOB1A,10.9687,11.0454,10.9982,11.2721,11.3348,11.3417
MOB1B,10.0009,9.9975,9.9132,10.4486,10.5311,10.5361
MOB2,8.2006,8.0548,8.2089,8.6982,8.6782,8.7202
MOB3A,9.3705,9.4719,9.6208,9.7759,9.5812,9.6736
MOB3C,7.6376,7.3323,7.2072,7.1516,7.2284,7.4132
MOB4,9.4908,9.6819,9.6664,9.0732,9.0473,9.0282
MOCOS,6.7691,6.8765,6.2865,5.3646,5.6834,5.4317
MOCS1,7.9317,7.892,7.9489,7.173,7.2733,7.2293
MOCS2,9.3064,9.2545,9.214,9.1642,9.2405,9.1921
MOCS3,7.6193,7.7819,7.8543,7.8279,7.6106,7.9539
MOGAT3,4.427,4.0956,3.7639,3.2195,3.5338,3.8686
MOGS,10.5289,10.5116,10.6488,10.6269,10.532,10.5535
MOK,7.7424,7.8102,7.7236,7.0626,7.023,7.1065
MON1A,7.8713,8.1185,7.9989,7.6331,7.6856,7.8145
MON1B,9.3458,9.3027,9.4353,8.9421,8.9147,8.9327
MON2,10.0237,10.0325,10.085,9.9378,10.047,9.9158
MORC2,10.0306,9.8887,9.8478,10.4142,10.4247,10.4103
MORC3,9.2921,9.2519,9.3512,8.5668,8.809,8.7006
MORC4,10.5018,10.418,10.4627,9.8019,9.9755,9.643
MORF4L1,12.6511,12.6782,12.6551,12.776,12.8488,12.8328
MORF4L2,12.3792,12.3895,12.3882,12.102,12.2135,12.1799
MORN1,5.1907,6.0005,5.6739,5.6957,5.6834,6.0623
MORN2,6.7186,6.9674,6.8079,6.799,6.9585,7.0185
MORN3,3.9314,4.0004,3.938,4.1552,4.1872,3.8686
MORN4,6.9981,7.0529,6.9366,7.4435,7.5092,7.5514
MOSMO,8.4787,8.6444,8.5175,9.7828,9.6594,9.7978
MOSPD2,8.5186,8.5083,8.4863,7.932,7.7695,7.7666
MOSPD3,7.5632,7.6312,7.7057,8.1474,8.1857,8.2835
MOV10,9.9045,9.8449,9.9377,8.2005,8.1234,8.0941
MOV10L1,6.9551,7.0647,6.9969,8.3723,8.1857,8.3245
MOXD1,8.7373,8.6794,8.6734,8.4313,8.5344,8.3134
MPC1,7.7839,7.9183,7.7762,8.0639,7.6988,7.9348
MPC2,9.9921,10.1057,10.092,9.9915,10.0966,9.9743
MPDU1,9.694,9.6646,9.6741,9.3542,9.2981,9.3893
MPDZ,10.1095,10.0652,9.9158,10.1936,10.1078,10.1504
MPG,10.0027,9.9975,9.9992,10.3214,10.2859,10.2885
MPHOSPH10,9.2512,9.3637,9.1991,9.3981,9.3886,9.4171
MPHOSPH6,8.3954,8.3436,8.3884,10.0778,9.9536,10.2677
MPHOSPH9,8.3463,8.0783,8.1437,7.9445,8.0582,8.1239
MPND,6.7014,6.8219,6.895,6.7712,6.9138,6.7822
MPP1,9.2747,9.1392,9.138,8.0923,8.1668,8.2375
MPP2,6.5746,6.3484,6.5507,5.4372,5.7097,5.562
MPP3,6.083,6.0725,6.0975,5.9401,5.6565,6.0446
MPP5,10.3825,10.2918,10.3458,9.6441,9.77,9.7398
MPP6,8.1443,8.3533,8.3996,7.5537,7.7442,7.7394
MPP7,5.0343,4.863,4.9947,3.0447,3.276,3.7856
MPPE1,7.5915,7.7235,7.7762,8.2366,8.1331,8.1239
MPPED2,3.808,3.6702,3.5658,3.7619,3.4107,3.2797
MPRIP,12.5777,12.6373,12.6998,12.6181,12.635,12.5689
MPST,9.6064,9.6646,9.5934,9.617,9.5542,9.6444
MPV17,9.2689,9.2467,9.1491,9.2573,9.1639,9.2081
MPV17L,5.9138,2,4.6883,6.1051,5.7356,4.6087
MPV17L2,8.2548,8.3724,8.2631,7.4078,7.0438,7.2449
MPZL1,11.8876,11.9272,11.9233,11.1247,11.0807,11.0267
MPZL3,4.7287,4.863,4.4213,3.8708,4.887,4.0921
MR1,6.9981,6.8219,6.6033,6.3123,6.1363,5.914
MRAS,10.3104,10.3105,10.3264,9.6033,9.6407,9.64
MRC2,13.413,13.3055,13.4293,13.9118,13.8574,13.9678
MRE11,8.1379,8.5083,8.2874,7.6176,7.652,7.474
MREG,6.2104,6.1631,6.6162,5.0773,5.2161,4.9883
MRFAP1,12.3208,12.3152,12.3481,12.5158,12.4625,12.5298
MRFAP1L1,9.1147,9.4314,9.3873,9.6986,9.7871,9.824
MRGBP,8.6547,8.7759,8.7973,8.9515,8.7274,8.82
MRGPRF,9.6339,9.6626,9.7432,8.3907,8.5307,8.4341
MRGPRX3,3.1705,3.2413,3.206,3.7619,2.7747,3.3961
MRLN,6.3047,5.6391,5.792,4.6587,5.6291,4.9121
MRM2,8.7749,8.7579,8.7745,8.7382,8.7274,8.7118
MRM3,7.2909,7.5495,7.4422,7.5123,7.4712,7.5451
MRNIP,7.8636,7.591,7.7057,8.4044,8.2545,8.2099
MROH1,8.9818,8.9923,8.8308,9.4798,9.4795,9.5233
MROH2A,2,2,5.3119,2,2,2.2678
MROH6,4.2487,3.7889,3.8536,5.1654,5.2525,5.1952
MROH7,2.7008,3.2413,3.6682,2.6149,3.1274,4.0921
MROH7-TTC4,2.3925,4.9161,3.4556,5.0773,3.4107,3.3961
MROH8,4.5086,4.2689,4.2989,3.0447,3.276,3.6977
MRPL1,8.2006,8.0957,8.1918,7.1941,7.4321,7.3993
MRPL10,9.2122,9.0046,9.0097,8.9546,8.8803,8.8787
MRPL11,8.7458,8.8932,8.7219,8.3253,8.1668,8.2218
MRPL12,9.707,9.7961,9.8708,9.5934,9.4486,9.5088
MRPL13,8.5765,8.7579,8.6265,8.1091,8.2767,8.2948
MRPL14,9.0171,8.9799,9.0363,8.7202,8.6203,8.6458
MRPL15,9.2921,9.2596,9.268,9.3139,9.2223,9.2987
MRPL16,8.6636,8.6832,8.7337,8.5133,8.3992,8.4066
MRPL17,9.8546,9.8887,9.9132,9.5894,9.5505,9.5518
MRPL18,9.1501,9.1777,9.1927,9.2089,9.0317,9.1283
MRPL19,9.4371,9.6092,9.3512,9.2498,9.2563,9.2474
MRPL2,8.2956,8.1354,8.1437,7.7729,7.9011,7.7116
MRPL20,9.6294,9.6743,9.5621,9.5138,9.4486,9.4745
MRPL21,8.0924,8.0429,8.23,8.1474,8.0986,7.996
MRPL22,8.0385,8.0783,8.1123,7.9935,8.1234,7.9057
MRPL23,8.099,7.8987,7.9989,7.6485,7.5389,7.4201
MRPL24,9.0378,9.035,9.0411,8.3723,8.5744,8.4307
MRPL27,9.0309,9.0851,9.12,8.9821,8.9621,8.901
MRPL28,10.0748,10.0204,9.9869,9.8755,9.8238,9.9158
MRPL3,10.3892,10.5073,10.3961,10.2001,10.1481,10.1892
MRPL32,8.8315,8.9227,8.8956,8.901,8.9973,8.9423
MRPL33,8.7749,8.7542,8.7337,8.7055,8.5455,8.4135
MRPL34,8.3296,8.2741,8.3466,8.7911,8.7562,8.8043
MRPL35,9.0751,9.0909,9.0097,9.0902,9.1228,9.1921
MRPL36,9.0031,9.035,8.9525,9.6033,9.5248,9.4478
MRPL37,10.4066,10.5127,10.4671,10.0287,10.056,10.0147
MRPL38,8.8897,9.0588,9.1018,8.9074,8.6445,8.8432
MRPL39,7.9682,8.329,8.052,7.8809,7.7632,7.8958
MRPL4,9.4371,9.6092,9.6224,9.1615,9.1447,9.257
MRPL40,8.3519,8.4053,8.2631,8.0291,8.0112,8.1112
MRPL41,9.1244,8.9096,9.0995,9.3042,9.1591,9.1698
MRPL42,9.4833,9.6431,9.4659,9.8172,9.8887,9.9195
MRPL43,9.576,9.5155,9.5165,9.2797,9.2806,9.2259
MRPL45,5.8526,6.5467,6.0222,6.1704,6.5258,6.5632
MRPL46,7.8322,7.6548,7.8812,7.1941,6.8794,7.0632
MRPL48,7.5048,7.647,7.6753,7.4258,7.392,7.3568
MRPL49,9.6632,9.5725,9.712,9.7386,9.7543,9.7384
MRPL50,8.1821,8.2381,8.1032,8.2568,8.3116,8.4375
MRPL51,10.0764,10.0856,10.057,9.93,9.8742,9.9731
MRPL52,9.5008,9.56,9.5754,9.2624,9.1447,9.2818
MRPL53,8.0108,7.9632,7.9641,7.9194,7.8723,8.1323
MRPL54,8.3463,8.2792,8.44,8.3205,8.3414,8.1573
MRPL55,7.8866,7.9377,8.0894,8.0114,8.0633,7.9057
MRPL57,8.6502,8.7506,8.7513,8.5789,8.5923,8.634
MRPL58,8.0724,7.872,7.8759,7.8413,7.6588,7.6188
MRPL9,9.2806,9.2977,9.3416,8.2416,8.2899,8.2491
MRPS10,9.6407,9.6568,9.6256,9.6209,9.8403,9.8382
MRPS11,8.8782,8.9356,8.9576,9.0357,8.8861,8.7937
MRPS12,8.7954,8.7396,8.7249,8.8049,8.5958,8.7118
MRPS14,8.0791,8.2741,8.1832,7.2556,7.3674,7.2907
MRPS15,9.6203,9.593,9.5721,9.5612,9.5542,9.569
MRPS16,9.8836,9.9663,10.0163,10.0778,10.1408,10.1337
MRPS17,7.5245,7.8242,7.8489,7.2755,7.3254,7.3057
MRPS18A,8.3954,8.4006,8.3809,7.7374,7.9069,7.6889
MRPS18B,6.2345,6.3866,6.3025,6.2329,6.1168,6.1806
MRPS18C,8.1945,8.3772,8.2672,8.3396,8.2811,8.2722
MRPS2,9.3121,9.2826,9.3435,9.3354,9.113,9.2377
MRPS21,8.9782,9.1723,9.1064,9.4406,9.2563,9.4102
MRPS22,8.9198,8.9324,8.8418,8.8117,8.8421,8.7669
MRPS23,8.9746,9.2363,9.2639,8.9359,8.9316,9.0009
MRPS24,9.8546,9.805,9.8492,9.4863,9.3451,9.5072
MRPS25,8.7031,8.7687,8.763,9.0032,9,8.9636
MRPS26,8.1945,8.3485,8.2132,8.4401,8.2811,8.2178
MRPS27,9.7412,9.7346,9.8063,8.4489,8.6648,8.5263
MRPS28,7.7083,7.872,7.4919,7.3805,7.5316,7.5324
MRPS30,8.5038,8.6365,8.6328,8.3109,8.4548,8.5391
MRPS31,7.1199,7.3027,7.4129,6.9921,7.2644,7.115
MRPS33,8.0589,8.0249,7.9233,7.8413,7.8368,7.8353
MRPS34,9.9082,9.805,9.709,9.6111,9.5061,9.7007
MRPS35,9.6498,9.789,9.6096,9.3636,9.343,9.18
MRPS36,7.8322,7.7457,7.6996,8.1201,8.0735,8.1365
MRPS5,9.266,9.2952,9.3082,9.2011,9.1055,9.3465
MRPS6,8.4377,8.687,8.6392,9.617,9.5758,9.7684
MRPS7,9.4983,9.3517,9.3817,9.2624,9.0805,9.1178
MRPS9,8.307,8.3866,8.3959,7.7374,7.7442,7.5885
MRRF,8.0038,8.1521,7.9691,7.6787,7.9011,7.9057
MRS2,8.6046,8.7285,8.4898,8.2568,8.3829,8.276
MRTFB,9.065,9.0046,9.1623,8.9359,9.2762,9.066
MRTO4,9.7178,9.7837,9.841,9.1097,9.1055,9.218
MS4A4E,3.808,3.8985,3.4556,3.972,4.3964,3.5038
MS4A6A,2,2.8627,2.904,3.6442,3.276,4.2856
MS4A8,3.5242,3.2413,4.1652,3.0447,2,2
MSANTD2,7.2201,6.7505,6.9468,7.3049,7.2996,7.3278
MSANTD3,10.3757,10.4844,10.4918,9.9976,9.9984,10.0283
MSANTD3-TMEFF1,7.5727,7.872,7.4276,7.4523,7.6723,7.5387
MSANTD4,8.8859,8.8965,8.8527,9.5096,9.4249,9.4376
MSC,8.231,8.3388,8.331,9.4318,9.2784,9.589
MSH2,8.7203,8.7247,8.7129,8.2816,8.3244,8.149
MSH3,8.543,8.7687,8.7337,7.9067,7.9351,8.1239
MSH5,3.6731,4.0004,4.2989,3.6442,3.6473,3.947
MSH6,9.9101,9.8619,9.9794,9.2473,9.3701,9.2338
MSI2,9.1846,9.3076,9.0718,9.3282,9.4699,9.2987
MSL1,10.4304,10.3689,10.4813,10.5655,10.4177,10.5417
MSL2,8.1379,7.872,7.994,7.6637,7.5752,7.5387
MSL3,8.6769,8.5467,8.6704,8.5506,8.5636,8.5827
MSMO1,9.8449,10.0005,9.9027,10.7629,10.6617,10.8215
MSN,14.5561,14.5878,14.6368,13.5541,13.5843,13.5524
MSR1,3.9314,4.0004,4.4788,3.6442,4.33,4.5596
MSRA,7.8002,8.1014,7.8812,7.9257,8.1668,8.0414
MSRB1,8.1251,8.2536,8.0425,8.3253,8.2767,8.2722
MSRB2,7.6822,7.591,7.3831,7.2354,7.2008,7.0543
MSRB3,11.097,11.0077,11.0286,10.2196,10.3459,10.1514
MSS51,4.3406,4.0004,3.7639,5.0773,4.4599,4.9121
MST1,4.9781,4.6908,4.3614,5.8366,5.7097,5.9714
MSTO1,9.2835,9.3968,9.5571,8.4793,8.5084,8.4842
MSX1,6.3496,6.6444,6.3951,6.5921,6.6399,6.915
MSX2,6.5362,6.3676,6.3184,7.3432,7.3339,7.3923
MT1E,10.5068,10.5351,10.4786,11.0587,10.9256,11.0923
MT1F,3.3581,2.6282,2.5217,4.3179,3.7525,4.4015
MT1X,7.4439,7.5991,7.3137,9.547,9.3197,9.5376
MT2A,13.7162,13.8034,13.7557,14.197,14.0383,14.1937
MTA1,9.8663,9.8517,9.9831,9.8706,9.8581,9.8937
MTA2,10.8466,10.9931,10.8997,10.8063,10.8799,10.8738
MTA3,8.942,8.9579,8.8581,7.8612,8.3992,8.1407
MTAP,9.7807,9.8687,9.7534,10.4029,10.256,10.3999
MTARC1,3.3581,3.2413,4.2336,3.6442,4.1101,3.7856
MTARC2,5.0883,4.5634,4.8276,4.2388,3.9423,4.2239
MT-ATP6,15.7934,15.7717,15.83,16.041,15.9356,15.9801
MT-ATP8,13.507,13.5726,13.449,13.7105,13.5938,13.6784
MTBP,6.2104,6.1631,5.88,5.3646,5.0609,4.7021
MTCH1,12.4347,12.4586,12.4705,12.3536,12.3257,12.3136
MTCH2,10.7314,10.834,10.7631,10.5161,10.5125,10.5041
MTCL1,10.697,10.6639,10.6682,9.6744,9.8815,9.6311
MT-CO1,17.3218,17.3323,17.3782,17.5306,17.5085,17.607
MT-CO2,15.9259,16.044,16.0637,16.1087,16.0128,16.1121
MT-CO3,15.9015,16.0012,15.9714,16.1492,16.1184,16.1875
MTCP1,5.0883,5.1993,5.5718,5.4014,5.3562,4.9883
MT-CYB,14.8648,14.8725,14.9666,15.2816,15.219,15.3158
MTDH,11.6078,11.7071,11.6528,11.5616,11.58,11.6264
MTERF1,7.1456,7.2724,7.0736,7.0626,7.0334,7.1895
MTERF3,7.1709,7.111,6.9771,7.0853,7.1244,7.2907
MTERF4,8.5137,8.2223,8.5346,8.5628,8.5636,8.5485
MTF1,8.9675,9.0909,9.0857,9.8558,9.6286,9.719
MTF2,7.8401,8.2064,8.1168,8.8521,8.7719,8.8686
MTFMT,7.6466,7.9632,7.6936,7.2251,7.0018,7.364
MTFP1,6.9257,7.0764,6.7032,6.7852,6.1168,6.6595
MTFR1,9.0309,9.1308,9.12,9.2624,9.3493,9.2318
MTFR1L,9.9361,9.7944,9.9145,9.8558,9.8945,9.8725
MTFR2,7.5048,7.6781,7.4919,7.3619,7.3838,7.4674
MTG1,8.6681,8.863,8.6265,8.4401,8.4431,8.5735
MTG2,8.6769,8.4465,8.4472,8.5587,8.5196,8.6369
MTHFD1,10.2686,10.4088,10.3896,9.6325,9.62,9.6267
MTHFD1L,10.5911,10.451,10.5348,9.9331,9.9917,9.8369
MTHFD2,11.6455,11.5474,11.5007,9.5551,9.7794,9.4528
MTHFR,8.5235,8.3581,8.4863,8.8083,8.6948,8.7723
MTHFS,5.0343,5.2825,5.1443,4.8831,4.2603,4.7466
MTHFSD,7.5727,7.3517,7.5799,7.461,7.5092,7.4062
MTIF2,8.9198,8.7579,8.885,8.5789,8.7242,8.6835
MTIF3,8.448,8.4555,8.3658,8.6146,8.5084,8.6604
MTLN,6.3273,6.3866,6.3341,6.2732,6.5109,6.3197
MTM1,7.6909,7.4084,7.6124,7.5699,7.6036,7.4937
MTMR1,9.5641,9.4562,9.542,8.2618,8.5233,8.4135
MTMR10,8.8973,8.9388,8.9398,8.3998,8.527,8.598
MTMR11,7.0937,7.4895,7.2898,7.5039,7.4479,7.4872
MTMR12,9.3007,9.3685,9.3416,9.3425,9.4089,9.321
MTMR2,10.5228,10.5478,10.5194,10.7153,10.735,10.6518
MTMR3,9.8488,9.8619,9.9593,10.1752,10.2771,10.2677
MTMR4,9.2394,9.0793,9.2578,8.9202,8.8421,8.7804
MTMR6,10.1225,10.2011,10.2281,10.1805,10.1943,10.1699
MTMR7,4.9197,4.7505,4.8276,5.4014,5.2161,4.7898
MTMR9,9.169,9.3101,9.1313,8.4922,8.6238,8.4743
MT-ND1,14.4205,14.6161,14.6857,14.6639,14.7541,14.7775
MT-ND2,14.6992,14.8319,14.919,14.9059,14.9072,14.9363
MT-ND3,12.3697,12.4597,12.367,12.6232,12.5777,12.6292
MT-ND4,16.5676,16.4942,16.594,16.7739,16.675,16.7606
MT-ND4L,13.6374,13.5464,13.6729,13.7626,13.6977,13.7358
MT-ND5,15.4991,15.4109,15.4737,15.7757,15.6913,15.7521
MT-ND6,13.9825,13.8866,13.8733,14.3526,14.2457,14.2867
MTO1,8.4583,8.5841,8.5003,8.3348,8.3992,8.2986
MTOR,10.766,10.7705,10.7602,10.7874,10.7172,10.7315
MTPAP,8.1507,7.9944,8.2508,8.4577,8.138,8.3608
MTPN,12.4907,12.5811,12.5909,12.2998,12.3326,12.3052
MTR,9.7868,9.7179,9.5268,9.5387,9.6961,9.4629
MTRES1,7.256,7.5991,7.4056,7.4078,7.4865,7.364
MTREX,10.3593,10.4521,10.3641,10.4287,10.3935,10.3981
MTRF1,6.3496,6.3676,6.1865,6.5761,6.5552,6.6478
MTRF1L,9.6587,9.8207,9.7165,10.3297,10.1648,10.3385
MTRNR2L1,11.2874,11.5838,11.5556,11.8606,11.8762,12.0105
MTRNR2L10,5.0343,5.9248,6.3184,6.3504,6.4958,7.1235
MTRNR2L11,5.4187,6.141,7.7414,6.1704,6.4806,8.0459
MTRNR2L12,15.2277,15.3582,15.3502,15.8498,15.749,15.9377
MTRNR2L4,6.1094,6.4053,6.0975,6.5761,6.4652,6.6478
MTRNR2L6,8.5087,9.5869,8.8581,9.1042,9.1992,9.3574
MTRNR2L8,13.074,13.1911,13.2089,13.6877,13.6377,13.7675
MTRR,9.0784,9.1531,9.0387,8.8817,8.6882,8.7777
MTSS1,6.5746,6.269,6.2206,6.9179,6.7709,6.8953
MTSS2,10.7948,10.6975,10.9186,11.4856,11.4507,11.498
MTURN,7.9168,7.892,7.5733,8.4401,8.7307,8.7174
MTUS1,7.3911,7.088,6.9159,8.2366,8.3706,8.3427
MTUS2,3.5242,4.0956,2,3.0447,3.276,3.3961
MTX1,9.4319,9.3565,9.3967,9.9764,9.8654,9.8925
MTX2,8.5574,8.5964,8.4758,8.6646,8.5121,8.5548
MTX3,8.7289,8.8597,8.4898,8.0754,8.1086,8.1281
MUC1,6.0562,5.5411,6.2037,5.6957,5.7356,5.9526
MUC12,5.0883,5.3224,5.4333,5.8893,5.7611,5.8944
MUL1,9.2806,9.175,9.3892,9.4139,9.2131,9.4342
MUS81,8.716,8.9162,8.9676,8.9912,8.8059,9.0032
MUTYH,7.2079,6.8079,6.7623,7.5455,7.1047,7.3424
MVB12A,8.422,8.5467,8.5747,8.5628,8.4933,8.4908
MVB12B,7.0398,7.1886,7.1814,7.9692,7.8897,7.9396
MVD,9.3093,9.3151,9.2741,9.5096,9.2585,9.491
MVK,7.4542,7.5411,7.6379,7.4523,7.3082,7.5824
MVP,12.5488,12.5627,12.5897,12.089,12.0664,12.079
MX1,5.5783,5.2415,6.0604,5.6957,5.7356,5.6584
MX2,5.2393,5.0646,5.0714,5.0773,4.7413,4.9883
MXD1,8.0038,7.9944,7.8597,7.7517,7.8839,7.9492
MXD3,8.0791,8.0841,7.9989,7.1188,7.1439,6.915
MXD4,11.0611,11.0092,11.043,11.3669,11.3443,11.3403
MXI1,7.3911,7.3803,7.1375,7.7588,7.7943,7.5885
MXRA5,7.7592,7.7961,7.5127,11.0186,10.8092,10.9226
MXRA7,12.2555,12.2511,12.2526,12.0999,12.1994,12.082
MXRA8,12.1914,12.1291,12.2211,12.6862,12.6754,12.7191
MYADM,11.9767,12.0264,12.0544,11.6319,11.627,11.6994
MYB,2.3925,3.7889,2.7255,2.34,2.7747,2.6888
MYBBP1A,10.5447,10.5923,10.722,10.338,10.2571,10.3946
MYBL1,9.6203,9.6153,9.6817,7.6253,8.0479,7.6484
MYBL2,8.8472,9.0108,9.1223,5.8095,6.1935,5.7267
MYC,9.7642,9.7272,9.7563,9.8223,9.9687,9.9316
MYCBP,8.6457,8.6206,8.7945,7.8809,7.7442,7.7449
MYCBP2,10.8651,10.8375,10.6171,10.8452,10.8689,10.7563
MYCBPAP,3.5242,3.8985,3.3362,3.8708,4.2603,3.6977
MYCL,3.6731,4.0004,3.938,3.972,3.8505,4.5596
MYCT1,3.9314,4.3484,3.8536,2.6149,2.7747,2.4936
MYD88,9.4933,9.4427,9.4587,10.0778,10.0327,10.1638
MYEF2,8.2607,8.4909,8.2047,7.4523,7.5092,7.6188
MYEOV,6.7691,7.0168,7.0357,5.6957,5.4215,5.7043
MYG1,8.7913,8.8765,8.9295,8.5383,8.5121,8.5359
MYH10,11.7592,11.736,11.7281,10.5472,10.6893,10.4025
MYH11,5.2393,5.5069,5.2472,5.0773,4.9766,4.5596
MYH15,4.9781,4.4237,4.5341,3.2195,2.7747,3.1531
MYH3,4.0451,4.0956,4.0178,3.7619,3.5338,4.0921
MYH7B,3.6731,4.0956,4.0934,3.6442,3.7525,3.5038
MYH9,15.8965,15.8448,15.9203,14.6178,14.7523,14.6068
MYL12A,12.4631,12.5831,12.5342,12.2383,12.3479,12.2451
MYL12B,12.5619,12.6005,12.5921,12.2787,12.2999,12.2412
MYL5,6.6839,6.66,6.3341,6.5103,6.667,6.1478
MYL6,14.1288,14.1436,14.1148,13.7357,13.7793,13.7534
MYL6B,9.7496,9.7254,9.718,9.9441,9.9045,9.9941
MYL9,14.0464,14.0113,14.0961,12.95,13.103,12.8522
MYLK,14.2639,14.2242,14.2354,13.4826,13.5313,13.4254
MYLK3,5.3759,5.5745,5.3119,5.6957,5.6565,5.5113
MYLK4,3.5242,4.0004,3.7639,3.7619,4.0287,3.604
MYNN,8.4377,8.3677,8.4828,8.3157,8.3244,8.2139
MYO10,12.8657,12.8771,12.8765,13.0187,13.0079,13.0184
MYO15A,4.0451,3.2413,3.206,3.3754,3.276,2.6888
MYO15B,5.0883,4.0004,5.3119,5.4372,4.9766,4.7898
MYO18A,10.8139,10.6823,10.8017,9.6248,9.6779,9.6192
MYO19,8.1251,8.1014,8.1918,7.7229,7.6723,7.7059
MYO1B,11.744,11.7272,11.7791,11.3739,11.614,11.5053
MYO1C,12.9726,12.9613,13.029,12.1978,12.2063,12.196
MYO1D,5.9138,5.4359,5.649,6.9179,7.2008,7.4132
MYO1E,9.8605,9.8937,9.8842,9.0357,9.2246,9.01
MYO1F,4.427,4.0956,3.8536,5.5063,5.0609,5.4317
MYO1G,3.5242,3.5409,3.7639,3.7619,3.4107,3.1531
MYO5A,11.2057,11.2285,11.137,10.6519,10.7877,10.6758
MYO6,9.7807,9.8032,9.8063,10.79,10.7277,10.7972
MYO7A,3.9314,3.8985,4.0934,4.7753,4.9766,4.4015
MYO9A,9.6134,9.647,9.6272,9.6402,9.7543,9.4745
MYO9B,12.0824,12.1298,12.2164,11.8779,11.883,11.8676
MYOCD,9.1532,9.111,9.0811,7.529,7.8897,7.6366
MYOF,13.9931,14.0017,13.9837,13.2631,13.4022,13.1462
MYOM3,3.9314,4.0956,3.206,3.972,3.6473,4.0214
MYORG,6.9696,7.2622,7.2491,6.5599,6.8441,6.5254
MYOZ2,3.9314,3.2413,3.0629,2.34,2.7747,2.2678
MYPN,8.4583,8.5467,8.6888,5.8893,5.8819,6.2748
MYPOP,6.9981,7.0168,7.0642,7.5207,7.568,7.3496
MYRF,7.2677,7.3027,7.4637,6.0827,6.1168,6.2441
MYSM1,9.0205,9.0499,8.9217,9.3752,9.4602,9.224
MZF1,7.4439,7.3517,7.5601,8.1528,7.6588,8.0459
MZT1,8.7074,8.7432,8.9346,7.3146,7.7054,7.4937
MZT2A,8.716,8.706,8.6517,8.0291,8.1234,8.1027
MZT2B,10.1306,10.1086,10.1704,9.6893,9.6543,9.7287
N4BP1,9.4933,9.6011,9.5437,9.3519,9.4891,9.4991
N4BP2,6.8018,7.0529,6.8302,6.2928,6.3357,6.1643
N4BP2L1,3.6731,2.8627,3.4556,4.7181,4.9325,4.1595
N4BP2L2,9.4188,9.4314,9.3318,9.4669,9.5414,9.4102
N6AMT1,7.8163,7.4268,7.3756,7.5537,7.3423,7.4872
NAA10,10.2613,10.1242,10.1824,9.9425,9.9809,9.9483
NAA15,10.6585,10.7238,10.6721,9.7169,9.8433,9.7439
NAA16,7.4542,7.2206,7.4565,7.6936,7.5895,7.6889
NAA20,9.4162,9.5112,9.3929,9.0444,9.2108,9.1325
NAA25,9.6475,9.6646,9.6096,9.1642,9.2696,9.1346
NAA30,9.3291,9.3944,9.3474,9.6707,9.7335,9.8713
NAA35,8.7246,8.6985,8.7572,8.5909,8.6581,8.7313
NAA38,8.4938,8.4238,8.5514,8.3012,8.3952,8.3245
NAA50,11.4581,11.559,11.4263,11.5355,11.5643,11.5975
NAA60,9.5181,9.4176,9.5454,9.8723,9.8388,9.9085
NAA80,6.5934,6.3484,6.2374,5.5397,5.9718,5.5867
NAAA,8.3846,8.3724,8.3114,7.4078,7.7695,7.6366
NAALAD2,3.5242,3.5409,3.206,3.7619,4.0287,3.6977
NAALADL1,4.0451,3.6702,3.206,3.6442,2.7747,2.8607
NAALADL2,8.6457,8.7506,8.7159,7.3526,7.4162,7.3424
NAB1,9.1405,9.029,8.9925,8.8421,9.0133,9.0123
NAB2,9.9453,9.7309,9.6787,10.5676,10.347,10.482
NABP1,11.3516,11.1838,11.1982,11.1846,11.2133,11.2329
NABP2,9.0717,9.0764,9.0219,9.1454,9.1399,9.182
NACA,12.5897,12.5974,12.524,12.5876,12.567,12.5578
NACAD,8.448,8.2588,8.3349,7.2952,7.4635,7.4201
NACC1,11.7345,11.7562,11.7887,11.7674,11.7381,11.7776
NACC2,10.6773,10.6669,10.7183,11.2771,11.2858,11.2393
NADK,10.1966,10.1877,10.3175,10.2273,10.2782,10.1882
NADK2,8.448,8.451,8.3388,8.3109,8.4193,8.2453
NADSYN1,9.6041,9.5991,9.5217,9.6111,9.5303,9.5951
NAF1,7.6008,7.5828,7.6629,7.5455,7.3674,7.6188
NAGA,9.3705,9.4199,9.357,8.8185,8.8029,8.9133
NAGK,10.0271,9.9069,10.0392,9.549,9.606,9.4645
NAGLU,9.3486,9.2442,9.3221,9.8739,9.9687,9.8912
NAGPA,7.8713,8.0067,8.0281,8.3301,8.1857,8.1818
NAGS,3.9314,3.7889,3.8536,4.3928,4.2603,4.3447
NAIF1,7.7592,7.5411,7.5667,7.4435,7.2644,7.4473
NAIP,4.8588,4.1849,3.4556,3.972,5.8348,5.6584
NALCN,8.5622,8.451,8.6611,7.6787,7.8368,7.474
NAMPT,9.7049,9.7365,9.6287,11.43,11.2012,11.5298
NANOG,3.1705,3.2413,3.5658,3.0447,3.7525,3.2797
NANOGP8,3.6731,4.0004,4.0178,4.9835,4.1101,4.3447
NANOS1,4.1505,3.5409,3.3362,3.0447,2.9618,3.5038
NANOS3,3.1705,3.3989,3.7639,3.2195,3.6473,3.2797
NANP,7.7675,7.7309,7.8865,8.0174,7.9462,7.8809
NANS,10.3986,10.3677,10.3961,9.0502,9.1992,9.0572
NAP1L1,12.6276,12.6178,12.5931,12.5345,12.6045,12.5952
NAP1L3,7.1709,7.2415,7.3831,7.0626,7.0438,7.0807
NAP1L4,9.5377,9.9248,9.7794,9.9703,10.0522,10.1295
NAP1L5,8.1379,8.1521,8.1077,7.4168,7.679,7.5451
NAPA,10.7525,10.7606,10.7689,9.4647,9.4929,9.4827
NAPB,7.0937,7.111,7.1814,7.5373,7.7569,7.6717
NAPEPLD,6.8018,6.706,6.629,6.4763,6.1747,6.4601
NAPG,8.7625,8.9324,8.8903,8.5341,8.4392,8.4031
NAPRT,5.6874,5.7602,5.6238,6.5761,6.6261,6.3197
NARF,9.0515,9.0967,9.0671,10.1142,10.0301,10.1668
NARS1,11.7366,11.7484,11.6872,11.4989,11.5319,11.4992
NARS2,7.8163,7.4718,7.4203,7.4697,7.4162,7.6007
NASP,9.9903,10.1143,10.0977,9.6875,9.7543,9.8149
NAT1,5.9724,6.1631,5.9012,5.6957,5.3892,5.7705
NAT10,10.2875,10.3229,10.207,9.6574,9.8566,10.0584
NAT14,8.7625,8.7098,8.85,9.5814,9.4486,9.5056
NAT16,4.3406,5.1109,5.1794,5.2075,4.9325,5.0606
NAT8L,2.9547,3.5409,2.904,5.122,4.7413,4.3447
NATD1,8.099,8.0005,8.1032,7.8143,7.8188,7.8249
NAV1,12.2757,12.4134,12.2677,12.7182,12.7154,12.6617
NAV2,10.1046,10.0652,10.0617,7.932,7.7054,7.6484
NAV3,10.9258,10.9316,10.865,10.5276,10.4716,10.5867
NAXD,9.2092,9.1777,9.1313,9.333,9.3068,9.3025
NAXE,8.7373,8.5759,8.7888,8.6646,8.6203,8.6575
NBAS,10.7025,10.6513,10.6155,10.24,10.2749,10.0771
NBEA,6.5362,6.6755,6.4392,6.8663,7.0438,7.3424
NBEAL1,9.2334,9.2389,9.0718,9.7133,9.7027,9.6547
NBEAL2,7.4124,7.4268,7.3831,6.6079,6.667,6.8348
NBL1,10.273,10.2843,10.2592,9.8155,9.8328,9.6252
NBPF1,9.8644,9.8449,9.8987,9.706,9.7794,9.737
NBPF10,8.7289,8.8495,8.2425,7.9935,7.9572,7.7881
NBPF11,7.1068,7.6072,7.4989,7.5939,7.6176,7.7558
NBPF12,8.3296,8.2536,8.0614,8.5829,8.5744,8.3679
NBPF14,10.0664,10.2968,9.8789,9.3496,9.5524,9.2081
NBPF15,9.912,9.8821,9.8748,10.1156,10.1176,10.1932
NBPF19,9.1373,9.4176,8.9113,9.3282,9.2828,9.1698
NBPF20,8.8973,8.9162,8.1832,8.8421,8.9703,8.6101
NBPF26,8.2898,8.0548,8.1526,7.701,7.7882,7.5132
NBPF3,8.2548,8.3192,8.157,8.1146,8.3952,8.2607
NBPF9,10.1561,10.1326,10.0487,10.2311,10.185,10.2923
NBR1,11.519,11.5004,11.4548,11.7304,11.7134,11.734
NCALD,3.3581,3.5409,2.5217,4.0665,3.276,3.2797
NCAM1,3.9314,3.6702,3.7639,3.8708,3.9423,3.8686
NCAM2,7.6996,7.5241,7.4056,6.4236,6.6804,6.2285
NCAPD2,10.87,10.8435,11.0013,9.6033,9.6695,9.6132
NCAPD3,9.4958,9.4939,9.5901,8.0923,8.2365,8.0098
NCAPG,9.4345,9.5284,9.5852,6.799,7.0644,6.4996
NCAPG2,9.3402,9.5432,9.5319,7.0966,7.2909,7.0455
NCAPH,7.939,8.2433,8.259,5.122,5.5438,4.9121
NCAPH2,9.0171,9.0046,9.1245,8.1636,8.0886,8.1655
NCBP1,10.2933,10.2601,10.2917,10.1632,10.2357,10.1862
NCBP2,10.5793,10.5551,10.5839,11.042,11.0076,11.0711
NCBP2AS2,7.2201,7.4895,7.3831,8.0524,7.9627,8.2139
NCBP3,9.7868,9.5766,9.5983,10.0199,9.8433,9.9134
NCCRP1,3.3581,3.0644,3.8536,3.2195,3.7525,3.0143
NCDN,10.3703,10.426,10.4357,10.9977,10.7091,10.8782
NCEH1,10.3358,10.4111,10.4573,8.634,8.7177,8.5858
NCF2,4.7952,5.5745,5.2472,4.5318,4.5208,4.7021
NCK1,8.8667,8.7322,8.7543,9.0703,8.9866,9.0123
NCK2,9.0378,8.9737,9.1087,9.7828,9.6252,9.7765
NCKAP1,12.3708,12.3587,12.4195,12.2399,12.2766,12.2775
NCKAP5,8.5038,8.6444,8.5846,9.7115,9.7092,9.8149
NCKAP5L,10.1966,10.1298,10.134,9.1208,9.1615,9.0835
NCKIPSD,8.6681,8.7542,8.8225,8.1146,8.0836,8.1573
NCL,13.2986,13.3052,13.2998,13.1259,13.1152,13.0724
NCLN,11.4005,11.3833,11.4249,11.4216,11.3594,11.3934
NCMAP,2.7008,2.8627,3.7639,2.34,3.6473,3.604
NCOA1,8.8744,8.9324,9.0219,8.8388,8.9511,8.7937
NCOA2,9.1627,9.1886,9.0624,8.7055,8.7593,8.7286
NCOA3,10.1936,10.1673,10.1216,11.1026,11.0049,11.0424
NCOA5,9.4527,9.32,9.2371,9.129,9.113,9.1921
NCOA6,9.8702,9.85,9.8882,9.2945,9.1204,9.3118
NCOA7,9.0515,8.7867,8.7039,9.3235,9.4872,9.4762
NCOR1,11.5554,11.6253,11.5371,11.2287,11.2592,11.2533
NCOR2,12.2504,12.2407,12.291,11.9342,11.9423,11.904
NCR3LG1,6.8338,7.1558,7.0165,8.0582,7.8308,7.8958
NCS1,11.3783,11.4078,11.4093,10.9536,10.9072,10.94
NCSTN,11.5116,11.4763,11.5568,11.9069,11.9046,11.8953
NDC1,9.3541,9.6213,9.5588,7.7937,7.8664,7.8859
NDC80,7.9967,8.2639,8.0801,5.6041,5.7611,5.2581
NDE1,7.7508,7.7457,7.8269,6.3314,6.6261,6.3344
NDEL1,10.4817,10.578,10.588,10.2362,10.3226,10.2781
NDFIP1,10.4434,10.553,10.5074,10.769,10.735,10.7765
NDFIP2,9.9045,9.8619,9.8974,9.9825,9.9439,10.0406
NDN,9.3814,9.3347,9.4226,9.993,9.9944,9.9975
NDOR1,7.423,7.7603,7.7704,7.8143,7.6246,7.8301
NDP,3.808,3.7889,3.6682,4.0665,3.7525,3.947
NDRG1,9.8251,9.8954,9.856,9.7004,9.6543,9.6532
NDRG2,4.0451,3.7889,3.938,3.5161,4.1101,3.3961
NDRG3,9.6765,9.6153,9.6492,9.0986,9.2473,9.1941
NDRG4,7.9754,7.9183,7.9691,8.8388,8.7499,8.9707
NDST1,12.7112,12.7458,12.7769,12.25,12.3166,12.1993
NDST2,8.5812,8.4953,8.7308,9.2167,9.0473,9.1178
NDST3,4.2487,3.5409,3.938,3.5161,2.9618,3.604
NDUFA1,9.4807,9.6665,9.4299,9.5714,9.4169,9.6147
NDUFA10,9.3007,9.2127,9.3082,8.8049,9.0421,8.966
NDUFA11,10.2774,10.2956,10.3156,10.2813,10.1814,10.2092
NDUFA12,8.6944,8.7135,8.521,8.0466,8.2986,8.0941
NDUFA13,10.3316,10.3105,10.3802,10.669,10.5881,10.5798
NDUFA2,8.4888,8.6365,8.5447,8.8488,8.775,8.6777
NDUFA3,5.3318,4.5634,5.3432,5.0312,5.1789,4.8725
NDUFA4,10.8309,10.8782,10.7953,10.465,10.5255,10.3717
NDUFA4L2,5.2863,4.5634,4.7827,4.0665,4.33,4.1595
NDUFA5,9.0851,9.088,8.9139,9.5429,9.5614,9.5981
NDUFA7,8.0857,8.1354,8.052,7.529,7.3674,7.3496
NDUFA8,9.0884,9.1081,9.0903,9.3496,9.2108,9.2837
NDUFA9,9.3206,9.6372,9.6335,9.6189,9.606,9.5424
NDUFAB1,9.3705,9.3589,9.3531,9.4406,9.343,9.3893
NDUFAF1,8.1055,7.9505,7.9791,8.3815,8.3372,8.4135
NDUFAF3,9.3976,9.413,9.3798,9.0646,9.1228,9.0638
NDUFAF4,7.6376,7.9248,7.5733,8.1474,7.9736,8.276
NDUFAF5,7.067,7.0647,7.164,7.2952,7.2644,7.268
NDUFAF6,6.7014,6.7359,6.7032,6.6543,6.8079,6.4996
NDUFAF7,7.3251,7.3803,7.3756,7.1516,7.2008,7.268
NDUFAF8,8.7289,8.6832,8.7774,8.7807,8.8029,8.82
NDUFB1,8.4377,8.3819,8.4722,8.3907,8.1857,8.1532
NDUFB10,9.5948,9.6972,9.6848,10.0621,9.8786,9.9316
NDUFB11,9.6475,9.445,9.5787,9.6912,9.656,9.5408
NDUFB2,9.6453,9.593,9.6256,9.5222,9.583,9.4795
NDUFB3,8.8821,8.9194,8.8363,8.8354,8.7274,8.561
NDUFB4,9.4655,9.5725,9.4888,10.0535,10.0157,10.0781
NDUFB5,9.2304,9.2206,9.1601,9.1069,9.1471,8.9777
NDUFB6,8.9995,9.0046,8.9087,9.024,9.1253,8.9518
NDUFB7,9.4782,9.2571,9.4189,9.3519,9.2131,9.1554
NDUFB8,9.938,9.9393,9.9744,10.0125,9.9201,9.9328
NDUFB9,9.8091,9.8207,9.8396,9.8918,9.7447,9.8214
NDUFC1,8.7373,8.7687,8.5614,8.2467,8.3159,8.149
NDUFC2,10.0714,10.1452,10.0873,10.1936,10.1885,10.2667
NDUFS1,11.1575,11.1913,11.1286,11.1261,11.0738,11.034
NDUFS2,10.218,10.2549,10.2786,10.3766,10.2924,10.3082
NDUFS3,9.3121,9.1364,9.2098,9.4229,9.2563,9.3875
NDUFS5,11.0218,11.0365,10.9933,11.2709,11.2945,11.2266
NDUFS6,9.4267,9.4245,9.3967,9.5934,9.4544,9.3645
NDUFS7,9.1908,9.1886,9.1064,9.0298,8.8599,9.0372
NDUFS8,9.7807,9.8067,9.8789,9.5531,9.4718,9.5185
NDUFV1,10.2745,10.2407,10.3303,10.3534,10.2749,10.2866
NDUFV2,9.9324,9.9975,10.0308,10.3357,10.2278,10.3412
NDUFV3,9.7113,9.7747,9.7765,9.6688,9.6895,9.6707
NEB,3.6731,3.0644,3.6682,3.8708,4.5208,4.0921
NECAB1,5.2393,5.5411,5.3432,4.3928,4.7915,4.6087
NECAB3,7.939,7.9248,8.0472,6.9431,7.0438,6.8244
NECAP1,9.2979,9.2977,9.3551,9.3752,9.366,9.2856
NECAP2,10.5252,10.4964,10.5117,10.4595,10.4167,10.4258
NECTIN1,7.9093,7.8517,7.9891,8.6146,8.5887,8.6458
NECTIN2,11.4138,11.3696,11.4539,11.1377,11.1169,11.1078
NECTIN3,11.2611,11.3262,11.3261,9.9642,10.1457,9.9352
NECTIN4,2.9547,3.0644,2.5217,4.0665,2.7747,3.2797
NEDD1,8.5953,8.7687,8.7367,8.1201,8.3498,8.1859
NEDD4,11.148,11.2199,11.1381,11.0471,11.131,11.0479
NEDD4L,8.0385,7.8987,8.2089,7.3242,7.4941,7.4062
NEDD8,10.7346,10.7911,10.7018,10.7117,10.6727,10.6438
NEDD8-MDP1,2.9547,3.6702,3.4556,3.7619,3.9423,4.2239
NEDD9,8.9711,8.9452,8.9269,7.9507,8.3623,8.1899
NEFH,6.5362,6.329,6.4099,5.6041,5.7356,5.9714
NEFL,3.1705,3.2413,3.3362,4.1552,4.6352,4.5596
NEFM,5.8526,5.3612,5.649,6.4057,5.6565,6.1643
NEGR1,9.9269,9.8551,9.856,9.1881,9.3472,9.2416
NEIL1,5.0883,4.9161,4.7827,5.5063,5.4531,5.227
NEIL2,8.1821,8.2792,8.2216,7.3805,7.5824,7.4937
NEIL3,5.7888,6.5126,6.0414,3.6442,4.0287,3.2797
NEK1,8.5574,8.5841,8.6392,8.2914,8.3788,8.3856
NEK10,5.9138,6.0249,5.963,7.8678,7.8954,7.9868
NEK11,8.5999,8.4689,8.5244,8.4089,8.5159,8.4341
NEK2,7.9967,7.872,7.954,4.7753,5.1406,4.7898
NEK3,6.0288,6.5964,6.5099,5.9892,6.0768,6.1142
NEK4,8.4272,8.4644,8.4291,7.6712,7.8781,7.8809
NEK5,3.6731,4.0956,4.0178,3.2195,4.1101,4.0214
NEK6,11.1472,11.1294,11.1008,10.7071,10.6701,10.6686
NEK7,11.3195,11.3774,11.4231,11.1431,11.2847,11.1938
NEK8,5.3318,5.2825,5.2799,6.1704,5.6834,6.0085
NEK9,10.3662,10.3629,10.3783,10.3428,10.3595,10.2904
NELFB,10.215,10.1214,10.1506,10.3249,10.2391,10.3054
NELFCD,9.8111,9.8242,9.8327,8.5091,8.5491,8.628
NELFE,7.6193,8.0607,7.8489,8.0923,7.2821,7.6425
NELL2,4.9197,2,2.5217,5.5723,4.2603,5.4853
NEMP1,8.8195,8.8563,8.9851,8.8287,8.7499,8.8147
NEMP2,6.0562,5.9248,5.7691,4.8302,4.9325,5.3475
NENF,8.7203,8.6206,8.6826,8.7876,8.809,8.7561
NEPRO,9.2394,9.1024,9.0048,9.2573,9.1969,9.2818
NES,12.8669,12.9368,12.9015,12.2484,12.2463,12.1943
NET1,9.1373,9.0558,9.1223,7.4523,7.6723,7.3568
NETO1,4.5086,3.7889,4.2989,5.3269,5.2879,5.7043
NETO2,10.2119,10.2157,10.3458,10.1101,10.2881,10.0339
NEU1,7.0535,6.9547,6.9771,8.3815,8.1428,8.3608
NEU3,7.8866,7.9313,7.9387,7.3619,7.4557,7.3205
NEURL1,4.0451,3.3989,4.5341,3.8708,3.7525,3.947
NEURL1B,7.4746,7.4895,7.6124,5.3646,5.4839,5.1627
NEURL2,3.3581,3.5409,4.2336,5.1654,3.8505,4.5596
NEURL4,8.8744,8.7469,8.95,9.3729,9.2062,9.2259
NEXN,11.1756,11.1209,11.1065,10.9574,11.0527,10.9472
NF1,11.0244,11.0199,10.7896,11.1095,11.1623,11.0711
NF2,11.2567,11.4038,11.3761,10.4801,10.5639,10.4959
NFASC,6.5555,6.7359,6.5099,5.2484,5.1013,5.4588
NFAT5,10.6016,10.7396,10.5591,11.0637,11.1358,11.1201
NFATC1,6.4562,6.442,6.4099,6.7139,7.0542,6.991
NFATC2,5.722,5.8172,5.5718,8.5668,8.5344,8.4577
NFATC2IP,9.1815,9.2206,9.2309,9.5284,9.4149,9.3716
NFATC3,9.2572,9.128,9.2246,9.7133,9.7174,9.685
NFATC4,9.4241,9.2977,9.3741,10.1321,10.136,10.1892
NFE2L1,12.7004,12.5885,12.6349,12.8364,12.7364,12.7378
NFE2L2,10.7671,10.7723,10.7011,11.1859,11.2029,11.2533
NFE2L3,10.0062,10.0204,10.0368,8.917,9.1006,8.8812
NFIA,6.1094,5.7602,5.6739,4.5318,4.0287,4.2239
NFIB,6.2104,6.2484,6.1865,4.5967,4.2603,3.1531
NFIC,11.7778,11.812,11.7916,11.3322,11.322,11.231
NFIL3,9.1212,9.2775,9.1245,9.8375,9.9229,9.8788
NFIX,11.7628,11.8251,11.8162,10.7743,10.8849,10.6555
NFKB1,9.2512,9.21,9.1623,9.3958,9.3197,9.4154
NFKB2,9.707,9.6391,9.7607,9.4516,9.3556,9.5137
NFKBIA,9.1212,8.9452,9.0097,8.9202,8.527,8.9181
NFKBIB,8.4685,8.3043,8.3388,8.7842,8.6547,8.8174
NFKBID,4.5858,5.0168,4.9947,5.0312,5.3225,5.3475
NFKBIE,8.6502,8.6085,8.5244,8.6455,8.4233,8.6101
NFKBIZ,8.0521,8.1577,8.23,9.99,9.9809,10.2581
NFRKB,8.7666,8.8832,8.8608,8.7525,8.9511,8.8861
NFS1,8.5812,8.504,8.5878,8.1366,8.3372,8.1069
NFU1,8.5574,8.6832,8.6423,8.5789,8.6273,8.4743
NFX1,9.5206,9.5642,9.5437,9.3018,9.3346,9.1262
NFXL1,8.0177,8.0957,7.9591,7.2854,7.392,7.3496
NFYA,9.5618,9.4982,9.4134,9.5138,9.4289,9.6893
NFYB,8.4736,8.4006,8.4108,8.0174,8.0479,7.9821
NFYC,8.8155,8.8288,8.9752,8.7911,8.809,8.861
NGDN,7.8942,7.8854,8.1482,7.8143,7.8248,7.7558
NGEF,3.808,3.7889,4.2336,4.0665,4.1101,4.4561
NGF,5.5007,5.399,5.4621,3.7619,4.0287,4.0214
NGLY1,8.4324,8.5298,8.4651,8.1091,8.4819,8.3097
NGRN,11.045,10.9452,10.9877,10.896,10.8054,10.8318
NHEJ1,7.4335,7.4629,7.4494,7.1516,7.2555,7.1065
NHLRC1,4.427,4.6908,4.6883,4.3179,3.5338,4.3447
NHLRC2,8.8195,8.7432,8.7308,8.6982,8.7307,8.8226
NHLRC3,6.3496,6.3866,6.1865,6.7852,6.8441,6.6242
NHLRC4,4.3406,4.1849,4.2336,5.2484,5.5728,5.1952
NHP2,9.8566,9.8155,9.7779,9.6593,9.6372,9.6057
NHS,6.2345,6.2893,6.0791,6.4934,6.4652,6.5507
NHSL1,7.5915,7.6858,7.7989,7.701,7.5167,7.6366
NHSL2,7.0261,7.1336,6.6666,6.2928,6.8909,6.814
NIBAN1,9.9689,9.9804,9.953,8.0408,8.2723,7.7828
NIBAN2,13.5607,13.5518,13.6409,13.5367,13.5134,13.5125
NIBAN3,5.6519,5.5411,4.8712,5.3269,5.3892,5.2581
NICN1,7.4542,7.2415,7.3981,7.3146,7.2733,7.5451
NID1,11.9145,11.8032,11.9005,12.4548,12.4168,12.5298
NID2,13.0797,12.9754,13.0692,13.9346,13.8312,13.9883
NIF3L1,7.8243,7.9118,7.8918,7.6712,7.7249,7.5003
NIFK,9.2718,9.3225,9.3416,9.2346,9.0729,9.2647
NIM1K,4.5086,4.4952,3.7639,2.8457,2.9618,3.3961
NIN,11.2125,11.2506,11.1874,11.003,11.054,10.8999
NINJ1,8.9889,8.8426,8.8876,9.0958,9.0931,9.2279
NINJ2,3.1705,2.348,2.7255,3.2195,3.7525,2.6888
NINL,7.3251,7.0409,7.3058,7.9194,8.0936,8.1069
NIP7,8.8472,8.942,8.8527,8.6532,8.6882,8.7006
NIPA1,8.6769,8.6562,8.6948,8.3815,8.4626,8.4644
NIPA2,10.5228,10.5223,10.468,10.4993,10.4658,10.5146
NIPAL1,4.427,4.2689,4.5341,4.9835,5.3225,5.4588
NIPAL2,7.4439,7.5069,7.1552,7.586,7.6856,7.6717
NIPAL3,11.2397,11.3014,11.3158,11.078,11.0565,10.9626
NIPAL4,3.808,3.7889,4.1652,2.6149,2.7747,2.4936
NIPBL,10.3076,10.2131,10.1384,10.6988,10.7541,10.7148
NIPSNAP1,10.1997,10.0928,10.1617,7.9194,8.0006,7.9057
NIPSNAP2,9.4029,9.413,9.3836,8.4533,8.5455,8.3318
NIPSNAP3A,8.5765,8.6522,8.5943,8.0114,8.2634,8.1532
NISCH,10.8554,10.7624,10.8542,11.0708,11.0267,11.0323
NIT1,7.7757,7.8032,7.8865,7.6862,7.6922,7.7283
NIT2,8.4324,8.6562,8.3193,8.1146,8.241,8.2722
NKAP,8.422,8.2943,8.3153,8.6417,8.7339,8.7286
NKAPD1,9.1309,9.0558,9.1357,8.9669,8.9147,9.0055
NKD1,2,2.8627,2,3.7619,4.0287,3.947
NKIRAS1,7.7424,7.6626,7.8918,7.4346,7.6452,7.526
NKIRAS2,10.2613,10.2024,10.2582,10.6025,10.5031,10.5791
NKRF,7.5727,7.5495,7.6629,7.9194,7.8723,8.149
NKTR,9.7433,9.6839,9.6492,9.869,10.0157,9.875
NKX3-1,6.8495,6.9161,6.9159,8.1474,7.9238,8.3208
NLE1,8.4685,8.4953,8.458,7.4258,7.3254,7.4607
NLGN1,6.3932,6.329,6.0791,6.5761,6.9694,6.4996
NLGN2,10.7825,10.688,10.8017,11.2178,11.1889,11.231
NLGN3,3.5242,2.8627,3.206,3.3754,3.7525,4.0214
NLK,8.7373,8.5676,8.6328,8.5909,8.7403,8.6835
NLN,9.839,9.9521,9.998,8.917,9.0395,9.0986
NLRC3,3.1705,3.7889,2.904,4.3179,4.6352,4.2239
NLRC4,3.3581,3.2413,3.4556,3.2195,3.7525,3.8686
NLRC5,8.0657,8.2588,8.0661,8.2667,8.0936,8.1281
NLRP1,11.9196,11.8929,11.9692,11.9192,12.0328,11.8533
NLRP10,5.0343,4.7505,4.9547,2.8457,2.9618,2.4936
NLRX1,7.3911,7.4895,7.4708,6.7428,6.8677,6.7607
NMB,5.1907,5.6704,5.9427,6.149,6.0564,6.0798
NMD3,10.3662,10.3772,10.2806,10.5431,10.6206,10.5409
NME1,11.0679,11.0237,11.0736,10.1059,10.3375,10.2791
NME2,12.386,12.3112,12.3132,11.9598,11.9216,11.9431
NME4,11.4587,11.5171,11.4167,10.8765,10.7939,10.7134
NME5,3.808,2.8627,3.206,2.8457,3.4107,3.2797
NME6,7.7254,7.701,7.6567,7.4078,7.4001,7.3278
NME7,8.0108,8.0899,7.9891,8.2212,8.1951,8.2986
NMI,6.7356,6.8357,6.7032,6.0367,6.1747,6.1311
NMNAT1,8.2782,8.2588,8.3466,8.0408,8.1573,7.9587
NMNAT2,5.2393,5.2415,5.518,5.5723,4.5208,5.227
NMRAL1,7.2321,6.9291,6.895,7.0395,6.9474,6.991
NMRK1,6.4766,6.2893,6.1692,5.8632,5.9499,5.7487
NMT1,11.3551,11.3821,11.4295,10.796,10.7737,10.7712
NMT2,8.8075,8.9642,8.8141,8.1528,8.2274,8.1239
NNAT,6.0288,5.3224,5.8145,6.9431,6.7328,7.0719
NNMT,9.3319,9.1805,8.9876,7.2556,7.3756,6.8953
NNT,10.5374,10.5903,10.5782,10.2311,10.3647,10.2743
NOA1,8.6046,8.4283,8.5037,9.1454,9.2762,9.3627
NOB1,9.2092,9.1531,9.3122,9.3448,9.3514,9.398
NOC2L,11.1536,11.1273,11.1723,10.4993,10.4513,10.4386
NOC3L,8.8897,9.0967,8.955,8.0408,8.0479,7.9252
NOC4L,8.3408,8.3485,8.2425,8.1256,8.0165,8.068
NOCT,8.1315,7.8311,7.8046,7.3712,7.2996,7.3057
NOD1,6.4145,6.2064,6.5099,5.6658,5.1013,5.2581
NOG,6.7856,6.8357,7.0261,5.6041,5.3892,5.7267
NOL10,9.523,9.4199,9.2496,9.1097,9.0395,9.0616
NOL11,9.6362,9.6112,9.5836,9.1933,9.2383,9.2377
NOL12,7.3363,7.3708,7.3907,7.1298,6.7709,7.0094
NOL3,6.9108,6.9291,6.7507,6.799,7.0124,6.7278
NOL4L,9.0818,9.1613,9.1491,9.0531,8.9893,8.9893
NOL6,11.006,11.0477,11.1319,10.5318,10.6198,10.5511
NOL7,9.7049,9.7475,9.7314,9.5138,9.5524,9.4579
NOL8,8.9818,8.9954,9.0291,9.1153,9.0653,9.0616
NOL9,8.8628,9.038,8.9139,8.4922,8.2365,8.4031
NOLC1,10.5651,10.4689,10.5382,9.7863,9.6338,9.7049
NOM1,8.9198,9.038,8.9576,8.9359,8.8421,8.6633
NOMO1,12.0762,12.04,12.0796,12.3725,12.3976,12.3932
NOMO3,4.7952,4.863,5.2799,6.3314,3.7525,5.1295
NONO,12.5839,12.5759,12.6455,12.8771,12.8541,12.8901
NOP10,9.9063,9.8534,9.8722,10.2601,10.2312,10.2895
NOP16,8.3954,8.6005,8.5278,8.5133,8.2811,8.5735
NOP2,9.6385,9.5305,9.6063,9.129,9.1471,9.1901
NOP53,10.0271,9.9851,9.8272,10.3755,10.3087,10.3815
NOP56,10.6337,10.6698,10.6988,10.4639,10.5115,10.6223
NOP58,9.8912,10.0928,9.9223,9.5408,9.5812,9.6222
NOP9,9.9761,10.0957,10.0041,10.3685,10.2594,10.3312
NOS1,3.808,3.7889,3.6682,3.5161,4.0287,4.0214
NOS1AP,2.3925,3.2413,3.0629,4.9835,4.8401,4.4015
NOSIP,9.3678,9.2724,9.326,9.4004,9.4269,9.3946
NOSTRIN,2,3.6702,2.904,4.3928,5.0609,3.604
NOTCH1,9.7092,9.5516,9.8105,10.7567,10.5503,10.7288
NOTCH2,12.5533,12.5852,12.4979,11.1753,11.2305,11.1561
NOTCH2NLA,8.543,8.6405,8.4687,7.4697,7.568,7.4132
NOTCH3,11.7281,11.6387,11.8032,11.8361,11.8743,11.7695
NOVA1,6.0288,6.0489,5.6983,5.6041,5.6291,5.6584
NOVA2,2.9547,3.3989,2.904,3.6442,3.4107,3.947
NOX5,3.1705,2.8627,3.6682,2.8457,4.0287,3.5038
NPAP1,2.9547,3.2413,4.0178,2.8457,3.6473,3.0143
NPAS2,8.996,8.9547,9.0694,7.848,7.9462,7.7003
NPAS3,2.3925,2,2.2843,4.0665,4.1101,4.5088
NPAT,8.0521,8.1957,8.1303,8.9296,8.7998,8.7286
NPB,2,3.3989,3.4556,3.3754,2.9618,3.7856
NPC1,9.2718,9.1723,9.2701,11.6285,11.314,11.7316
NPC2,10.0798,10.11,10.0873,11.2634,11.207,11.231
NPDC1,10.1734,10.1057,10.1159,10.5625,10.5181,10.4163
NPEPL1,8.1759,8.2223,8.2915,7.8546,7.9952,8.0006
NPEPPS,11.3742,11.3353,11.2999,11.6506,11.6967,11.7096
NPFFR1,4.0451,4.7505,4.1652,4.3928,4.2603,4.2239
NPHP1,5.2863,5.1109,5.2472,5.4372,5.4531,4.8725
NPHP3,9.1532,9.1081,9.0903,8.8882,8.9428,8.5949
NPHP3-ACAD11,6.3716,6.141,6.8302,6.4057,5.5728,6.6361
NPHP4,7.423,7.3323,7.593,8.3205,8.0936,8.2645
NPIPA1,9.1212,8.9096,9.448,9.0298,9.1006,9.2799
NPIPA5,3.5242,4.0956,3.7639,4.0665,3.8505,2.6888
NPIPA8,5.6519,5.8986,5.9221,6.0131,6.0147,5.2885
NPIPA9,7.734,7.6626,7.7933,7.0278,7.7882,7.0893
NPIPB11,4.659,5.4359,4.6883,6.149,5.9049,5.9714
NPIPB13,4.3406,5.0168,3.5658,5.2484,4.1872,5.0954
NPIPB15,4.5858,4.5634,5.1443,4.8302,5.0609,5.227
NPIPB2,4.7952,4.2689,4.2989,5.1654,4.887,5.1952
NPIPB3,7.9967,7.3613,7.8651,8.0291,8.1135,7.7828
NPIPB4,6.5166,6.4953,6.1692,6.4057,6.9911,6.4734
NPIPB6,2.7008,2,2.7255,3.2195,3.8505,3.7856
NPL,3.6731,2.8627,3.206,3.8708,4.2603,3.947
NPLOC4,11.5325,11.6158,11.6272,11.5126,11.524,11.5445
NPM1,13.6916,13.7616,13.6972,13.5722,13.5866,13.5506
NPM3,8.6276,8.4822,8.6423,7.7658,7.679,7.6543
NPPC,3.5242,4.4952,4.1652,6.4057,5.9276,6.3197
NPR3,8.4988,8.6639,8.6265,8.306,8.3992,8.1979
NPRL2,7.4542,7.342,7.3756,7.074,7.1244,7.0632
NPRL3,9.694,9.6213,9.7402,9.2115,9.3346,9.3787
NPTN,12.0095,11.9948,12.0318,12.0326,12.0204,12.0222
NPTX1,12.4094,12.3321,12.4432,14.2179,13.9709,14.2063
NPTXR,8.3519,8.4689,8.3771,8.6224,8.4819,8.5391
NPW,4.1505,4.0956,4.7363,4.6587,4.4599,4.2239
NQO1,11.9437,11.8945,11.8709,11.6929,11.711,11.8179
NQO2,8.9675,8.8832,8.7426,8.4922,8.2899,8.5263
NR1D1,7.8866,7.9183,8.0087,8.3584,8.2855,8.4204
NR1D2,9.8111,9.9425,10.0175,10.3129,10.3833,10.4258
NR1H2,9.9617,10.0204,9.9492,10.6055,10.5667,10.744
NR1H3,6.4145,6.442,6.2374,6.1272,6.3187,5.9714
NR1I3,6.9108,6.9674,6.9468,8.3109,8.0986,8.2835
NR2C1,7.7921,7.6704,7.8543,7.9445,8.0165,8.1155
NR2C2,9.799,9.7657,9.5704,9.99,9.9984,10.0484
NR2C2AP,6.3047,6.3866,6.4099,6.0599,5.5142,6.1311
NR2E1,2.9547,2.6282,2.5217,3.0447,3.9423,3.0143
NR2F1,10.9024,10.8956,10.9399,11.1997,11.1677,11.2349
NR2F2,11.9941,11.9975,12.0831,11.2471,11.408,11.3105
NR2F6,9.5377,9.445,9.5966,9.8869,9.6978,9.7148
NR3C1,10.709,10.7714,10.7911,11.1733,11.0801,11.1907
NR3C2,7.2441,7.3126,7.2408,5.725,5.5142,5.4042
NR4A1,6.3047,6.8219,6.6162,8.4401,8.5744,8.7286
NR4A2,5.7888,6.141,6.1865,10.2387,10.1589,10.4352
NR4A3,5.1404,5.1993,5.3119,7.5455,7.5242,7.5003
NR5A2,3.5242,3.6702,3.3362,5.2484,4.9325,5.3183
NRAS,11.1583,11.1709,11.1674,11.1137,11.1848,11.1582
NRBF2,9.1049,9.1503,9.1335,9.2422,9.1876,9.1093
NRBP1,11.4529,11.4342,11.4845,11.6458,11.6536,11.6092
NRCAM,4.9197,4.7505,5.1443,4.3179,4.3964,5.7267
NRDC,11.9587,11.98,12.0017,11.951,12.0008,11.9826
NRDE2,7.9537,7.6233,7.8759,7.9631,7.9627,7.8506
NREP,11.921,11.8645,11.8675,11.9767,12.2594,11.9747
NRF1,7.3024,7.6704,7.8971,7.6408,7.4242,7.5824
NRG1,9.1244,9.1053,9.1819,11.7479,11.4849,11.8742
NRGN,7.8163,7.9568,8.0472,7.1941,6.9803,7.1065
NRIP1,10.0731,10.2289,10.1671,8.9484,9.1969,9.1325
NRIP2,4.5086,4.3484,4.8712,4.3179,3.8505,3.947
NRIP3,9.0818,9.1558,9.1109,8.6833,8.7593,8.8069
NRK,8.5137,8.4997,8.5244,6.98,7.0746,6.9723
NRL,3.808,2.8627,3.8536,4.0665,4.1101,3.604
NRM,5.1907,5.2825,5.2799,4.5318,4.2603,4.4015
NRP1,12.8911,12.9127,12.9458,12.3101,12.3136,12.2673
NRP2,10.7378,10.6236,10.6338,10.4876,10.6893,10.4077
NRROS,3.808,4.3484,3.6682,5.8632,5.6565,5.7043
NRSN1,5.3318,5.8172,5.3119,5.1654,4.887,5.3475
NRSN2,9.707,9.6549,9.7269,9.056,8.9539,9.0964
NRXN3,8.8235,9.035,8.9008,6.4934,7.2909,6.7388
NSA2,9.8468,9.7783,9.7894,9.7494,9.7383,9.7643
NSD1,10.5191,10.5994,10.4384,10.1294,10.0327,9.9267
NSD2,10.9542,11.0335,11.0478,9.2448,9.1899,9.0282
NSD3,10.2976,10.426,10.2756,11.1892,11.1144,11.153
NSDHL,8.8315,8.5718,8.7396,9.1125,9.1423,9.2101
NSF,9.7889,9.8225,9.921,9.2346,9.4129,9.3043
NSFL1C,10.1176,10.1686,10.1517,9.9221,9.9425,9.8497
NSG1,5.4187,5.7009,5.6739,7.7588,7.4635,7.8909
NSL1,8.5478,8.5383,8.4508,8.2366,8.2365,8.2178
NSMAF,9.523,9.5663,9.6128,9.8223,9.7856,9.865
NSMCE2,7.7169,7.7085,7.5667,8.0233,8.0006,8.1239
NSMCE3,7.4439,7.5155,7.5601,7.2354,7.1439,7.1733
NSMCE4A,7.2794,7.5828,7.6629,7.2149,7.0746,7.2982
NSRP1,9.1969,9.142,9.2496,9.4318,9.3451,9.2474
NSUN2,10.4691,10.504,10.5143,9.3682,9.5414,9.4461
NSUN3,6.9108,6.5964,6.6789,7.6712,7.2192,7.5638
NSUN4,8.237,8.0128,8.0708,8.4445,8.5344,8.5765
NSUN5,7.7757,7.8787,7.7236,7.8678,7.9182,7.8759
NSUN6,6.4766,6.46,6.2703,6.1916,6.284,6.1142
NT5C,7.7675,7.7309,7.7057,7.6018,7.5316,7.7666
NT5C2,10.6641,10.7051,10.6401,9.9703,9.9397,9.9424
NT5C3A,7.9243,8.031,8.0281,8.5424,8.5564,8.604
NT5C3B,9.1784,9.2232,9.2119,9.2011,9.1922,9.1534
NT5DC1,8.1507,8.4909,8.23,8.0291,8.2767,8.2336
NT5DC2,11.8357,11.8534,11.8682,11.2319,11.2179,11.1725
NT5DC3,8.5717,8.7902,8.7543,7.4435,7.5017,7.4132
NT5E,13.8434,13.8438,13.8889,12.6358,12.6476,12.7375
NTAN1,8.6813,8.4555,8.4218,8.6107,8.5121,8.634
NTAQ1,6.9257,6.903,6.7152,6.4414,6.4652,6.29
NTF3,7.7757,7.8987,7.7472,6.2329,6.667,6.2127
NTHL1,7.1456,6.8898,7.1727,6.4414,6.6122,6.8654
NTM,9.9416,9.92,9.9416,9.3542,9.3388,9.2723
NTMT1,9.6018,9.6934,9.643,9.2797,9.3346,9.2493
NTN1,3.808,4.0004,3.4556,5.4372,4.9766,5.0954
NTN3,3.9314,3.6702,3.3362,2,2.3068,2.6888
NTN4,9.6765,9.6839,9.7751,9.3472,9.7415,9.321
NTNG1,6.1858,6.3484,6.629,4.9835,4.887,4.9507
NTNG2,6.0562,6.2276,6.3801,7.3805,7.3082,7.3424
NTPCR,8.1315,8.1242,8.3232,8.3348,8.1621,8.2019
NTRK3,3.1705,3.7889,3.7639,2.8457,3.1274,3.3961
NTSR1,8.2249,8.3772,8.5072,8.2914,7.9238,8.4941
NUAK1,9.295,9.3897,9.357,8.7561,8.6479,8.5167
NUAK2,8.7831,8.4644,8.7219,7.8809,7.7378,7.6601
NUB1,9.5878,9.647,9.5217,9.4538,9.3111,9.4291
NUBP1,7.5821,7.753,7.5467,7.7588,7.8839,7.6128
NUBP2,9.1373,9.0676,9.2204,9.3798,9.2981,9.3081
NUBPL,7.9243,7.7819,7.8759,7.3805,7.3339,7.6775
NUCB1,11.9335,11.8389,11.9496,12.2974,12.2725,12.2886
NUCB2,10.6818,10.6454,10.7183,10.0184,10.1481,9.9519
NUCKS1,12.4571,12.5559,12.4925,12.1058,12.167,12.1137
NUDC,10.9183,10.8288,10.815,10.4376,10.4405,10.5337
NUDCD1,9.0983,9.3052,9.1862,8.8849,9.0265,8.861
NUDCD2,7.9243,8.1072,8.0329,7.9445,8.0218,7.9681
NUDCD3,10.488,10.4374,10.4883,10.3995,10.3823,10.4613
NUDT1,7.8002,7.8102,7.8158,6.7571,7.0018,6.7929
NUDT10,4.659,4.2689,3.6682,4.2388,3.7525,3.6977
NUDT11,7.9093,8.0957,7.9489,7.9753,8.1525,7.9681
NUDT12,7.0937,6.9799,7.0067,6.3875,6.7456,6.5756
NUDT13,4.9197,5.789,5.4333,4.9342,4.7413,4.5088
NUDT14,6.8018,6.3484,6.6416,7.701,7.4001,7.7283
NUDT15,8.6138,8.5759,8.6041,7.9631,8.0936,8.0724
NUDT16,9.5107,9.5177,9.4587,9.4229,9.5061,9.4015
NUDT16L1,8.8195,8.8563,8.8253,8.7019,8.5923,8.607
NUDT17,4.9197,4.0956,3.938,4.0665,3.7525,3.6977
NUDT18,6.9696,7.0995,7.2072,6.8263,6.6261,6.8552
NUDT19,7.7424,7.8172,7.7647,8.0233,8.1998,7.9821
NUDT2,7.8636,7.8854,7.8102,7.8612,7.8781,7.8353
NUDT21,10.5687,10.6552,10.5516,10.3847,10.4385,10.4428
NUDT22,8.4272,8.3142,8.5141,8.8946,8.6682,8.7669
NUDT3,10.4317,10.6096,10.3698,10.5359,10.5747,10.4326
NUDT4,10.9515,11.0829,11.0111,11.3459,11.3631,11.3087
NUDT5,9.557,9.5198,9.48,9.5033,9.4967,9.5249
NUDT7,5.3759,4.7505,4.9136,4.6587,4.5791,4.3447
NUDT8,4.3406,4.6285,4.7827,4.7181,4.6352,4.7021
NUDT9,8.6725,8.6005,8.6673,8.9882,9.0369,9.0704
NUF2,7.7839,7.9441,8.0184,5.1654,5.3225,5.1952
NUFIP2,11.0476,11.0077,10.8657,11.2795,11.211,11.2275
NUMA1,11.6567,11.5485,11.678,12.1398,12.0992,12.0839
NUMB,10.9248,10.997,11.0328,11.0765,10.9624,11.082
NUMBL,9.7642,9.7512,9.7476,9.8525,9.8117,9.9207
NUP107,9.0344,9.0938,9.0121,8.6185,8.753,8.7479
NUP133,9.6962,9.7493,9.7592,9.8837,9.9299,9.7589
NUP153,10.3675,10.4215,10.3352,10.3117,10.3606,10.3762
NUP155,9.2921,9.3708,9.376,8.749,8.8919,8.8407
NUP160,9.5736,9.6153,9.703,9.617,9.7495,9.6634
NUP188,10.9795,11.0625,11.0286,10.82,10.7293,10.7357
NUP205,10.4563,10.47,10.5314,9.6345,9.7287,9.7951
NUP210,3.808,4.1849,4.5341,3.2195,3.9423,4.0214
NUP214,10.0697,10.0113,10.0126,9.7984,9.6862,9.7021
NUP35,7.1957,7.4084,7.1552,6.7852,6.4958,6.8552
NUP37,8.099,8.2639,8.1658,7.7083,7.6723,7.4201
NUP42,7.6285,8.0128,8.0472,7.848,7.9351,7.9634
NUP43,9.095,9.0764,9.1579,8.5049,8.4703,8.3715
NUP50,10.2759,10.2981,10.3478,10.7505,10.7643,10.7712
NUP54,8.7625,8.8865,8.6734,8.5217,8.5418,8.3821
NUP58,10.0579,10.1072,10.0769,10.0735,10.1529,10.2562
NUP62,10.1062,10.1727,10.2017,9.4296,9.4169,9.4444
NUP85,8.4988,8.7506,8.7039,8.3109,8.2811,8.3134
NUP88,9.618,9.6272,9.6694,9.1881,9.2269,9.2609
NUP93,9.8778,9.838,9.9906,9.5814,9.4853,9.4679
NUP98,11.152,11.2093,11.1939,11.1465,11.1546,11.0777
NUPR1,9.7642,9.6991,9.4888,9.5054,9.606,9.2818
NUS1,10.7958,10.7991,10.7818,10.5564,10.6934,10.6591
NUSAP1,9.0549,9.2775,9.2098,6.2732,6.4019,6.2127
NUTF2,10.7165,10.7786,10.8059,10.7496,10.7588,10.6401
NUTM2A,4.9197,4.9673,3.6682,3.3754,4.0287,4.2239
NUTM2B,3.3581,4.0956,4.5874,4.3928,3.8505,3.3961
NUTM2D,5.2863,5.1993,5.1443,4.8831,4.2603,4.9121
NUTM2G,4.1505,3.5409,3.8536,3.7619,3.6473,3.8686
NVL,8.1759,8.141,8.2425,7.8413,7.8368,7.7558
NXF1,9.8798,9.8483,9.9248,10.0749,10.0726,10.1083
NXN,11.062,10.9931,11.0111,10.5441,10.691,10.3448
NXNL2,5.9724,6.0005,6.0414,5.6353,5.6012,5.813
NXPE3,10.3852,10.3278,10.3293,9.7776,9.8522,9.7148
NXT1,6.9696,7.1777,7.0736,7.3432,7.0438,7.115
NXT2,5.8526,6.329,6.4246,6.3123,6.3856,6.3197
NYAP1,14.7161,14.6757,14.6772,14.9319,15.0229,14.9453
NYNRIN,9.0378,8.9954,9.1268,9.2321,9.1687,9.1241
OAF,10.098,10.1438,10.2654,10.7664,10.5703,10.7364
OARD1,7.1328,7.1993,7.0642,7.3337,7.5752,7.5196
OAS3,7.8243,7.7085,7.7296,5.7819,6.0768,6.3489
OAZ1,12.9713,12.9565,12.9281,12.825,12.7547,12.8071
OAZ2,10.4931,10.5116,10.5432,11.0623,11.1039,11.0815
OAZ3,5.2393,5.8449,5.9427,5.9892,5.3562,5.8744
OBI1,8.0385,8.0429,7.7177,7.7799,7.7943,7.9203
OBSCN,9.0378,8.9096,8.7716,9.7915,9.5248,9.8044
OBSCN-AS1,3.808,3.7889,4.0178,5.4014,4.7413,4.9883
OBSL1,9.5206,9.3827,9.487,9.706,9.6644,9.8136
OCEL1,5.9138,6.141,5.983,7.074,7.1631,6.991
OCIAD1,10.5179,10.4942,10.4874,10.9497,10.9678,10.9785
OCIAD2,7.2677,7.4982,7.4708,7.2251,7.2909,7.5946
OCLN,4.2487,4.6908,3.8536,4.1552,4.3964,4.7021
OCRL,10.2225,10.2104,10.1462,10.0919,10.142,10.0272
ODAD2,4.1505,3.8985,3.6682,3.0447,2.5596,3.1531
ODAD4,3.1705,3.2413,3.4556,3.972,3.1274,3.2797
ODC1,11.1512,11.2272,11.2722,12.1269,11.9803,12.1502
ODF2,9.9471,9.9757,10.0816,9.0002,9.1922,9.0813
ODF2L,8.8897,8.7973,8.7219,9.1454,9.0906,9.1029
ODR4,8.1759,8.0005,8.0281,8.6224,8.5709,8.5167
OFCC1,2.7008,3.0644,4.4788,3.5161,3.1274,4.2856
OFD1,7.6466,7.6858,7.6753,7.7229,7.8897,7.5885
OGA,11.039,11.038,11.0478,11.4786,11.4614,11.4617
OGDH,10.8299,10.8149,10.9283,10.1294,10.1908,10.1902
OGFOD1,10.3838,10.4283,10.4501,10.2209,10.1625,10.1617
OGFOD3,9.1179,8.9985,9.1469,9.3913,9.2062,9.3591
OGFR,9.9324,9.9726,9.9644,9.7529,9.606,9.6865
OGFRL1,10.0254,10.1727,10.1362,11.0921,11.0845,11.3646
OGG1,8.0657,8.0607,7.9691,7.5939,7.5966,7.7828
OGT,10.8853,10.6146,10.7559,10.904,10.9774,10.8938
OIP5,5.722,5.9757,6.2206,2.8457,3.4107,2.6888
OLA1,10.245,10.1917,10.1649,9.4494,9.5776,9.4393
OLFM1,4.1505,4.0956,4.3614,4.0665,4.6892,3.8686
OLFM2,7.7083,7.3897,7.7472,10.4464,10.4326,10.5821
OLFML2A,8.5765,8.5383,8.5878,8.6417,8.6614,8.4476
OLFML2B,5.3759,5.4718,5.4333,6.0131,6.284,5.611
OLFML3,9.9471,9.9003,9.9171,9.8508,9.77,9.8017
OLIG1,3.6731,2,2.904,4.1552,3.4107,3.7856
OLR1,8.0589,8.2588,8.1526,6.3123,6.6937,6.1643
OMA1,6.8018,6.2893,6.3801,6.5103,6.6122,6.4331
ONECUT3,3.3581,3.6702,3.4556,4.6587,4.1872,3.8686
OPA1,10.4767,10.5635,10.5823,9.7386,9.9229,9.851
OPA3,9.4883,9.454,9.4299,9.7004,9.7367,9.7832
OPCML,4.0451,4.0956,4.7827,3.7619,4.1101,4.0214
OPHN1,8.3684,8.1354,8.2089,8.3205,8.4587,8.2218
OPLAH,5.54,5.5745,5.8145,5.0312,5.1406,5.3183
OPN1SW,6.0562,6.2484,6.3495,5.8893,6.1168,6.1806
OPN3,8.5527,8.4146,8.3809,8.7346,8.7562,8.6575
OPRD1,4.1505,4.3484,4.0934,3.6442,4.0287,3.6977
OPRL1,3.6731,3.3989,4.9547,4.1552,3.6473,4.1595
OPTN,11.3328,11.214,11.1842,10.7217,10.7501,10.7162
OR1J2,2.3925,2,2,3.8708,4.0287,4.0214
OR1J4,2,2,2,3.972,4.33,4.2239
OR2C3,7.7254,7.6233,7.4989,8.2667,8.3498,8.3245
OR51E2,4.2487,4.5634,4.2989,2.8457,3.5338,3.1531
OR7D2,2.9547,3.2413,3.6682,2.8457,3.9423,4.0921
OR8H2,2,2,2.904,2.8457,4.33,7.3568
ORAI1,8.6046,8.6126,8.5514,8.5789,8.4703,8.723
ORAI2,10.7764,10.8656,10.7882,11.4019,11.2759,11.4177
ORAI3,8.0108,8.0957,7.8865,9.3018,9.0159,9.2081
ORC1,6.7691,6.8219,6.987,4.6587,4.8401,4.4015
ORC2,8.3684,8.1521,8.2174,8.1201,8.2723,8.2019
ORC3,8.7118,8.846,8.8554,8.4836,8.5887,8.375
ORC4,8.6813,8.7831,8.7308,8.9791,8.9316,8.9963
ORC5,8.5333,8.4644,8.7009,8.2816,7.8368,8.0898
ORC6,7.9317,8.0128,7.8158,6.8923,7.4712,6.9723
ORMDL1,8.9086,8.7469,8.6857,9.0444,9.0754,9.1071
ORMDL2,8.1379,8.2064,8.3847,8.306,8.1234,8.3856
ORMDL3,10.1497,10.1043,10.207,10.1457,10.1943,10.1483
OS9,11.7742,11.7698,11.7901,12.2579,12.2187,12.2285
OSBP,10.6039,10.5872,10.5757,10.4442,10.4385,10.3894
OSBP2,5.9724,6.3676,6.3951,5.4014,5.7611,5.8337
OSBPL10,7.9537,7.982,7.7876,8.1528,8.053,8.1323
OSBPL11,8.6092,8.687,8.7099,8.4577,8.5046,8.5295
OSBPL1A,9.8931,9.9616,9.9001,10.0375,10.001,10.0136
OSBPL2,9.4241,9.3661,9.3684,9.5117,9.5414,9.4154
OSBPL3,10.1513,10.159,10.2323,10.2751,10.3915,10.2387
OSBPL5,9.6018,9.4719,9.4516,9.499,9.3493,9.4762
OSBPL6,7.734,7.7675,8.0755,8.4577,8.3498,8.4842
OSBPL7,6.2104,6.0489,6.4099,5.6041,5.3562,5.3183
OSBPL8,11.1591,11.2173,11.1739,12.6821,12.6729,12.8737
OSBPL9,9.9707,9.8137,9.8396,9.6744,9.7902,9.5996
OSCAR,3.1705,2,2.7255,2,2,3.947
OSCP1,6.3932,6.329,6.3341,7.074,6.7199,6.9629
OSER1,8.7542,8.7831,8.7308,8.2366,8.2365,8.4272
OSGEP,7.4645,7.342,7.3831,7.3049,7.4557,7.2907
OSGEPL1,6.3047,6.5126,6.3025,6.3504,6.3357,6.3197
OSGIN1,7.5048,7.3708,7.5058,8.1311,8.0735,8.2491
OSGIN2,8.2128,8.2118,8.3074,8.6945,8.6581,8.966
OSMR,11.6009,11.5766,11.5589,12.6545,12.5233,12.7236
OSR1,8.942,8.8731,9.0811,6.3875,6.7068,6.4601
OSR2,4.8588,5.5411,5.4621,7.2251,7.0644,7.0543
OST4,11.051,11.101,11.0244,10.4287,10.4056,10.3929
OSTC,11.163,11.1811,11.1891,10.2551,10.3823,10.2923
OSTF1,8.9123,9.0229,8.9676,8.7631,8.7875,8.8329
OSTM1,10.3838,10.2906,10.2427,10.2324,10.287,10.3903
OSTN,3.3581,4.4952,3.938,4.1552,4.33,3.6977
OTOA,2.3925,2.8627,2.5217,3.5161,2.9618,3.8686
OTUB2,6.6663,6.3866,6.5236,6.369,6.5109,6.7929
OTUD1,6.5934,6.1849,6.0975,6.9179,6.8441,6.7607
OTUD3,7.8942,8.141,7.8269,8.0408,7.9682,7.8958
OTUD4,10.0426,10.127,10.0862,9.9126,10.0117,10.0749
OTUD5,10.3662,10.3118,10.3641,10.4265,10.532,10.5298
OTUD6B,8.1633,8.3093,8.23,6.4934,6.4806,6.6361
OTUD7B,9.4162,9.6332,9.487,9.6612,9.6338,9.7384
OTULIN,8.6276,8.8009,8.4968,8.6982,8.641,8.5858
OTULINL,3.1705,4.1849,3.6682,7.2854,6.8441,7.0543
OVCA2,8.5999,8.6717,8.6918,9.024,8.9232,9.0748
OVCH1,2.7008,2.6282,3.3362,4.1552,4.2603,4.2856
OVGP1,3.9314,3.2413,3.938,4.7181,4.6352,4.6561
OXA1L,10.2058,10.1863,10.1726,10.6453,10.5522,10.6215
OXCT1,9.3568,9.4473,9.4097,8.7667,8.8976,8.7669
OXLD1,7.0261,6.8494,7.0453,7.5939,7.3082,7.3782
OXNAD1,6.7691,6.6908,6.6789,6.149,6.5109,5.8944
OXR1,9.2806,9.0617,9.2013,9.7759,9.993,9.7425
OXSM,6.3716,6.3866,6.2703,5.7537,6.3187,5.7487
OXSR1,10.5399,10.5635,10.5683,10.1114,10.2425,10.2012
OXTR,10.0062,9.8207,9.9403,8.2366,8.5852,8.1407
P2RX4,7.3024,7.3027,7.0067,7.0853,7.0847,7.1403
P2RX5,6.7356,7.0529,7.1013,6.5921,6.7709,6.5507
P2RX5-TAX1BP3,5.7888,5.5069,5.4039,5.4722,5.4839,5.6584
P2RX6,4.9781,4.9673,4.6387,4.5318,4.33,4.0921
P2RX7,4.2487,4.5634,3.8536,3.5161,4.0287,2.6888
P2RY11,6.5362,6.0249,6.2037,7.0626,6.8441,6.7278
P2RY8,4.0451,3.3989,3.5658,3.7619,4.0287,4.0214
P3H1,12.0312,11.971,12.0568,12.5725,12.5447,12.5204
P3H2,11.7303,11.7305,11.7385,10.8419,10.877,10.813
P3H3,11.2895,11.2166,11.2979,11.2615,11.2259,11.2605
P3H4,10.7764,10.7414,10.7501,10.7682,10.581,10.602
P4HA1,11.7916,11.7263,11.7744,12.0512,12.1125,11.9615
P4HA2,11.7271,11.6829,11.7538,11.698,11.6549,11.5318
P4HA3,8.2128,8.2943,8.3771,8.9328,9.0317,9.0259
P4HB,14.6238,14.5786,14.618,14.4786,14.4865,14.475
P4HTM,8.1186,8.031,8.1482,8.6263,8.4033,8.607
PA2G4,11.3046,11.3595,11.3628,11.0015,10.9277,10.9644
PAAF1,7.7424,7.7819,7.7236,7.7658,7.5463,7.6832
PABIR1,8.2548,8.2792,8.3388,7.7729,7.6656,7.5762
PABIR2,8.8472,8.9516,8.8929,7.5939,7.652,7.8455
PABIR3,5.5783,5.5745,6.0604,6.0367,6.0768,6.2285
PABPC1,13.7517,13.67,13.701,13.2206,13.2658,13.2085
PABPC1L,6.7856,6.6755,6.987,7.3049,7.0644,7.098
PABPC4,11.9446,11.9789,11.9278,11.3996,11.4151,11.3221
PABPC4L,4.427,4.3484,4.4213,2.8457,2.7747,3.5038
PABPC5,4.9781,4.6908,4.6883,4.6587,4.8401,4.8725
PABPN1,10.4172,10.5127,10.3361,10.5533,10.5467,10.6408
PACC1,7.5915,7.5495,7.7762,8.657,8.5709,8.7396
PACRGL,6.9405,6.7359,6.8737,6.4236,6.6399,6.8854
PACS1,10.8008,10.7331,10.8254,9.8525,9.9327,9.6692
PACS2,9.6743,9.6332,9.7388,9.9915,9.997,10.0955
PACSIN2,10.5911,10.6146,10.6882,9.5633,9.6025,9.5313
PACSIN3,8.1759,8.0548,8.1437,6.7571,7.1146,7.0185
PAF1,10.093,10.0841,10.1238,9.9718,9.9863,10.054
PAFAH1B1,11.7783,11.8708,11.7651,11.6846,11.7857,11.6983
PAFAH1B2,11.0096,11.1038,11.1133,10.513,10.686,10.5542
PAFAH1B3,8.3184,8.2118,8.3349,8.6532,8.6307,8.7696
PAFAH2,8.1945,8.4909,8.458,8.0114,7.9572,7.9444
PAG1,8.6769,8.6794,8.6073,10.6153,10.5979,10.7141
PAGR1,8.3738,8.3339,8.3388,8.4577,8.5046,8.5263
PAICS,11.2917,11.3774,11.3704,10.3069,10.4784,10.3412
PAIP1,10.3648,10.3412,10.3915,10.6433,10.637,10.7232
PAIP2,9.835,9.8737,9.9856,10.0404,9.9159,10.0529
PAIP2B,3.9314,4.4952,4.0178,3.5161,3.7525,4.0214
PAK1,9.7909,9.7639,9.8974,8.363,8.641,8.3572
PAK1IP1,8.3296,8.534,8.4828,8.4179,8.3706,8.4476
PAK2,11.1857,11.2199,11.1641,11.6237,11.6404,11.7246
PAK3,10.5265,10.389,10.6227,9.1749,9.4661,9.3283
PAK4,9.5474,9.4314,9.5885,9.3752,9.3388,9.384
PALB2,7.4746,7.4718,7.4637,7.7374,7.7378,7.7987
PALD1,4.7287,4.0956,4.7363,5.2882,5.1406,5.2885
PALLD,13.0335,12.9871,12.9722,12.9337,13.146,12.9097
PALM,9.2183,9.1475,9.2983,9.5449,9.5705,9.6027
PALM2AKAP2,5.1404,4.9673,5.7459,6.6543,6.4496,6.3633
PALM3,4.7952,4.863,4.7363,3.2195,2.7747,3.1531
PAM,11.7977,11.6723,11.7487,11.485,11.5657,11.4841
PAM16,6.3496,6.7938,6.6911,6.1916,6.2304,6.5507
PAMR1,10.7409,10.7294,10.7696,11.8154,11.8612,11.8296
PAN2,6.7356,7.0046,7.0165,6.9305,7.0947,7.1403
PANK1,6.1608,6.2276,6.5372,7.0278,6.7833,7.0094
PANK2,9.2863,9.1392,9.2013,9.5914,9.5632,9.5874
PANK3,10.6177,10.5509,10.5348,11.6095,11.5947,11.7274
PANK4,3.808,3.5409,6.5236,8.2667,7.5242,6.3916
PANX1,10.4146,10.5223,10.4229,10.2664,10.1648,10.3119
PANX2,6.4562,6.5964,6.4246,6.7285,6.8909,6.7388
PAOX,5.6519,6.0489,5.9427,6.0827,6.0147,6.3916
PAPLN,4.7287,4.6908,5.0336,5.4014,5.3225,5.3761
PAPOLA,11.5264,11.5631,11.5581,11.2653,11.2168,11.2758
PAPOLG,7.848,7.3991,7.606,8.0923,8.1428,8.0325
PAPPA,12.0016,11.9417,11.6826,13.9226,13.8688,13.9092
PAPPA2,5.4187,4.6908,4.7363,3.2195,3.1274,2.8607
PAPSS1,10.289,10.3736,10.3574,10.1184,10.2059,10.0429
PAPSS2,11.8597,11.8045,11.8172,11.1295,11.2328,11.0255
PAQR3,8.623,8.9516,8.9474,9.5894,9.4008,9.6634
PAQR4,7.1068,7.2724,7.2491,6.4414,6.6261,6.6242
PAQR5,7.4439,7.2622,7.5534,9.2473,8.9232,9.4171
PAQR6,3.5242,3.0644,3.206,3.6442,3.7525,3.8686
PAQR7,9.0751,8.9861,8.9113,9.2218,9.1782,9.2647
PAQR8,6.5934,6.3866,6.5372,6.4589,6.5981,6.5381
PARD3,9.2747,9.2519,9.3318,9.7151,9.6945,9.7845
PARD6B,4.2487,4.6908,4.4788,6.2732,6.7328,6.7388
PARD6G,7.9537,7.9248,8.052,9.1097,9.0499,9.0943
PARG,9.065,9.1993,9.2741,9.333,9.4583,9.4745
PARK7,11.3564,11.3378,11.33,11.0406,11.0142,10.952
PARL,8.9309,9.1531,9.1132,9.1208,9.1829,8.994
PARM1,3.9314,4.1849,3.6682,5.7537,5.6834,5.8542
PARN,8.231,8.1014,8.1745,7.5537,7.679,7.6007
PARP1,10.8593,10.8061,10.8657,8.142,8.3372,8.253
PARP10,6.9257,6.8079,6.8302,7.0966,7.1439,7.1235
PARP11,7.2794,7.1336,6.9969,7.5939,7.6856,7.5946
PARP12,6.9839,6.7651,6.9263,6.5436,6.6399,6.4996
PARP14,9.0684,9.0967,8.8823,9.9158,9.9016,9.8925
PARP15,5.9434,5.7309,5.5718,6.3314,6.284,6.2596
PARP16,6.4355,6.5964,6.3649,5.1654,5.5142,5.4317
PARP2,7.7757,7.9441,8.0848,7.4697,7.4082,7.5946
PARP3,7.423,7.5495,7.6188,6.9678,7.0334,7.2603
PARP4,10.9759,10.8409,10.9539,11.0141,10.9235,11.0574
PARP6,7.6285,7.6626,7.7704,8.0867,8.2044,8.0898
PARP8,7.939,8.0489,7.9989,7.7374,7.7882,7.9008
PARP9,7.3585,7.2724,7.1464,6.4763,6.0357,6.2127
PARPBP,7.3585,7.591,7.4422,6.3504,6.4652,6.2127
PARS2,6.083,5.6072,6.0027,5.5397,5.1789,5.3183
PARVA,12.3013,12.3542,12.3447,11.5952,11.6905,11.5706
PARVB,9.3596,9.3298,9.2883,7.6331,7.679,7.5885
PASK,5.6519,5.9505,6.0027,7.1941,6.8909,7.0185
PATJ,6.4562,6.5298,6.3801,5.5723,5.7356,5.5113
PATL1,9.6018,9.701,9.712,8.9669,9.0653,8.8303
PATZ1,8.1507,7.8449,7.9387,8.0923,7.7943,7.9444
PAWR,9.8624,9.8363,9.9593,10.2362,10.2683,10.3294
PAX8,5.2863,5.3612,5.4333,5.3269,4.7915,4.9121
PAXBP1,8.4634,8.3533,8.4071,8.9546,9.0602,9.0704
PAXIP1,7.6822,7.9882,7.8759,7.6712,7.9125,7.8809
PAXX,7.2677,7.2519,7.4056,6.639,6.4806,6.3775
PBK,8.2724,8.6325,8.5548,5.4014,6.0768,5.7919
PBRM1,10.6416,10.7487,10.7131,11.1302,11.1473,11.153
PBX1,9.2835,9.2851,9.1313,8.9042,9.1782,8.7696
PBX2,8.6367,8.3192,8.2047,8.7346,8.6816,8.037
PBX3,8.2429,8.2893,8.2794,7.9383,8.1135,8.028
PBXIP1,10.4277,10.4018,10.3564,12.27,12.1174,12.2048
PC,8.9198,8.8288,8.9372,8.4268,8.478,8.3679
PCBD2,6.2345,6.66,6.5372,6.369,6.4806,6.2748
PCBP1,11.9691,11.9746,12.0239,11.6587,11.6266,11.6368
PCBP2,12.702,12.6625,12.7206,12.533,12.5737,12.5541
PCBP3,6.5555,6.7651,6.7623,6.4057,6.418,6.3775
PCBP4,10.3675,10.3545,10.4474,9.7386,9.7109,9.6474
PCCA,7.6376,7.4359,7.3831,7.7868,7.8368,7.8608
PCCB,8.8821,8.8664,8.9449,8.5424,8.4665,8.4973
PCDH1,5.0343,5.3612,5.4039,5.7537,5.6012,5.8542
PCDH10,7.9317,8.1795,8.1393,7.4258,7.568,7.5196
PCDH12,2.7008,2.8627,3.3362,3.5161,3.276,3.6977
PCDH15,4.2487,4.1849,4.5341,4.9835,4.887,7.5576
PCDH18,10.9387,10.7991,10.7804,11.5386,11.5867,11.4763
PCDH7,10.6518,10.5769,10.5856,8.9453,9.1375,8.9254
PCDHA10,4.5086,4.0004,4.2336,4.7181,3.8505,4.1595
PCDHA3,3.1705,3.2413,2.904,4.3179,3.6473,3.5038
PCDHA4,4.7952,4.863,4.7827,5.7537,5.2161,5.227
PCDHA7,3.1705,4.6285,3.0629,4.8831,4.7915,4.8317
PCDHAC1,6.9696,6.7505,6.6911,6.7852,6.1935,6.1478
PCDHB1,4.8588,5.0168,4.4788,4.8831,4.887,4.7021
PCDHB10,5.1404,4.4952,4.9547,6.3504,6.3187,6.7715
PCDHB11,2.9547,2.6282,3.6682,4.8831,4.9325,5.0249
PCDHB12,3.1705,3.7889,3.0629,4.2388,4.2603,5.0606
PCDHB13,5.7558,5.8986,6.0222,6.6992,6.9251,6.8854
PCDHB14,5.4187,5.8172,5.5452,6.7571,6.7833,6.9439
PCDHB15,4.659,5.0646,4.7363,6.4236,6.6261,6.5632
PCDHB16,5.3759,5.7309,6.1158,7.4346,7.0542,7.2449
PCDHB2,4.7952,5.0646,4.6387,7.1836,6.9474,7.2135
PCDHB3,2.9547,3.3989,2.904,4.5318,4.7915,4.5596
PCDHB5,3.808,4.9673,4.4213,5.8095,5.8348,5.7919
PCDHB6,4.2487,3.7889,4.6883,5.0312,4.9325,4.8725
PCDHB7,5.1404,4.7505,4.8712,6.6992,6.5258,6.3916
PCDHB8,3.1705,3.8985,3.4556,4.9835,4.9325,4.4561
PCDHB9,4.0451,4.3484,4.1652,5.6353,5.9276,5.7043
PCDHGA1,5.9434,6.2064,5.8367,6.5599,6.6399,6.9723
PCDHGA10,8.1315,7.982,8.1789,8.6067,8.7688,8.799
PCDHGA11,8.4888,8.8254,8.7513,8.9265,8.7274,8.8837
PCDHGA12,8.7203,8.8219,8.6041,8.9577,9.0525,8.994
PCDHGA2,7.939,7.9568,7.9641,8.5133,8.3244,8.4135
PCDHGA3,6.9257,7.2415,7.1814,8.0639,7.8127,7.7283
PCDHGA4,8.6547,8.8357,8.6486,9.4251,9.3197,9.3699
PCDHGA5,6.6303,6.8079,6.9671,7.6176,7.5752,7.8197
PCDHGA6,7.939,8.0489,8.0567,8.6224,8.4857,8.4272
PCDHGA7,7.9896,7.9568,8.2383,8.6455,8.56,8.5231
PCDHGA8,5.1404,5.8172,5.1083,5.4372,5.5142,5.8744
PCDHGA9,6.3716,6.2276,6.4246,6.5761,6.5552,6.6711
PCDHGB1,6.8179,6.9923,6.8521,8.2315,8.209,8.1939
PCDHGB2,6.9696,7.111,7.1375,8.5789,8.0633,8.375
PCDHGB3,7.4439,7.5745,7.2737,8.1201,7.7943,8.1112
PCDHGB4,9.095,8.9705,8.85,9.4428,9.4544,9.5185
PCDHGB5,10.6143,10.6444,10.7191,11.2458,11.2259,11.2344
PCDHGB6,5.9434,6.329,6.4099,7.2952,6.9474,7.3057
PCDHGB7,8.6367,8.5759,8.6486,9.4582,9.1591,9.4325
PCDHGC3,11.5042,11.3927,11.5543,11.5136,11.5854,11.5531
PCDHGC4,4.2487,4.3484,3.8536,4.0665,3.4107,3.7856
PCED1A,7.6193,7.7085,7.4919,7.6637,7.5092,7.6659
PCED1B,5.2863,5.0168,5.1083,4.9342,5.1013,5.0606
PCF11,9.0447,8.8009,8.9008,9.021,9.0317,9.0169
PCGF1,6.5362,6.4953,6.7853,7.6253,7.392,7.5003
PCGF2,8.284,8.3043,8.4034,8.7418,8.7593,8.783
PCGF3,10.1966,10.2131,10.225,10.9497,10.9058,10.931
PCGF5,9.3841,9.3685,9.3703,8.3537,8.4626,8.375
PCGF6,7.4948,7.445,7.4565,6.9921,7.0847,6.8854
PCID2,9.4082,9.3493,9.3854,9.1372,9.2016,9.1135
PCIF1,8.231,8.4374,8.331,8.2963,8.6064,8.4941
PCK2,9.4109,9.202,9.2537,7.2045,7.4082,7.0275
PCLAF,8.3127,8.3142,8.3388,5.9149,6.4958,5.9526
PCM1,10.8149,10.7135,10.692,11.2204,11.2929,11.2122
PCMT1,10.1997,10.3665,10.2786,9.7078,9.8208,9.7845
PCMTD1,8.9602,8.7831,8.8113,10.3984,10.2549,10.4077
PCMTD2,8.1821,8.0249,8.1032,8.6301,8.5993,8.4644
PCNA,10.1608,10.2626,10.2375,10.5224,10.4736,10.4386
PCNP,10.9804,11.041,10.9102,10.9811,11.0572,11.0727
PCNT,9.6565,9.6292,9.6802,9.4604,9.4872,9.3155
PCNX1,10.7866,10.8907,10.6667,11.2332,11.1736,11.1571
PCNX2,8.9048,8.8765,8.8689,9.4117,9.3303,9.4478
PCNX3,10.7598,10.7884,10.8461,11.1733,10.9787,11.1025
PCOLCE,12.1283,12.0456,12.0992,11.8721,11.9343,11.9027
PCOLCE2,4.2487,4.0004,4.2989,2.8457,3.276,3.1531
PCSK4,3.9314,3.7889,3.4556,3.7619,4.1101,3.7856
PCSK5,7.6822,7.647,7.6124,8.5133,8.7435,8.4941
PCSK6,9.739,9.7048,9.7765,10.0448,9.8507,9.8548
PCSK7,11.6302,11.6824,11.7329,11.0787,11.154,11.044
PCSK9,3.6731,3.6702,3.7639,4.5967,3.7525,4.0214
PCTP,7.7508,7.9441,7.8434,8.2315,8.3201,8.2414
PCYOX1,11.2611,11.3126,11.2773,10.952,11.0572,10.9987
PCYOX1L,8.231,8.2223,8.2342,6.6235,6.5406,6.4601
PCYT1A,11.4065,11.3962,11.3451,11.068,11.1298,11.0809
PCYT1B,3.3581,3.2413,2.7255,3.972,2,3.5038
PCYT2,9.837,9.7855,9.7708,10.0975,10.2837,10.0738
PDAP1,11.1795,11.1544,11.2024,10.8276,10.8251,10.8247
PDCD10,8.9782,9.0558,8.8308,9.3981,9.3367,9.4612
PDCD11,10.7036,10.6775,10.6904,10.4063,10.4375,10.4588
PDCD1LG2,9.2601,9.2416,9.2863,7.2656,7.5824,7.1403
PDCD2,9.4371,9.5177,9.5234,9.5953,9.5883,9.5534
PDCD2L,6.2104,6.0725,6.3184,5.6353,5.3225,6.1478
PDCD4,10.1386,10.0812,10.0017,9.9046,10.1139,9.8004
PDCD5,9.8271,10.0608,9.9352,9.434,9.4368,9.4325
PDCD6,10.1192,10.0754,10.0781,10.3927,10.4375,10.5
PDCD6IP,11.6347,11.6631,11.6711,11.6473,11.678,11.6182
PDCD7,8.1696,8.4465,8.2753,8.1795,8.0684,8.1532
PDCL,8.6046,8.7902,8.6328,9.4384,9.5155,9.5471
PDCL3,8.3954,8.2893,8.3771,8.3537,8.2455,8.2139
PDE10A,7.6101,7.5745,7.5058,7.7729,8.0218,7.9008
PDE11A,5.4603,5.2415,5.3432,4.8302,4.7413,4.9121
PDE12,9.4604,9.413,9.4004,9.1615,9.1228,9.105
PDE1A,3.1705,3.5409,2.5217,4.3179,3.6473,4.2856
PDE1C,9.4807,9.539,9.4992,9.2321,9.4718,9.4629
PDE3A,3.9314,3.5409,3.0629,5.725,5.9049,5.9334
PDE3B,5.7558,5.5411,5.5452,6.6543,6.3015,6.6711
PDE4A,8.422,8.4192,8.3543,8.1146,8.1573,7.9155
PDE4B,7.2909,7.3323,7.4203,8.1953,8.2274,8.5454
PDE4C,4.659,4.6285,4.9947,5.4014,5.5728,5.2581
PDE4D,6.6663,6.5635,6.4679,6.1916,6.4496,6.6242
PDE4DIP,11.0407,10.9854,10.9341,9.7547,9.8313,9.592
PDE5A,13.3027,13.2988,13.2184,13.2898,13.4669,13.2281
PDE6A,3.808,3.5409,3.4556,3.2195,3.6473,3.604
PDE6B,2.7008,3.0644,3.0629,3.2195,3.9423,3.0143
PDE6D,7.5245,7.7235,7.6442,8.0233,8.0006,8.0767
PDE7A,7.6193,7.5828,7.4637,6.8531,7.0847,7.0807
PDE7B,6.8651,7.0764,7.0357,7.0853,7.023,6.7929
PDE8A,9.5948,9.6588,9.5754,10.1403,10.0509,10.0317
PDE9A,5.7888,5.4718,5.963,6.4057,5.8819,6.0085
PDF,7.3138,7.5411,7.3756,6.9555,6.9585,7.1486
PDGFA,6.6663,6.442,6.5903,6.0599,6.0147,6.1643
PDGFB,3.6731,3.3989,3.0629,6.369,6.0768,6.2748
PDGFC,10.483,10.451,10.483,10.5046,10.7123,10.6613
PDGFD,7.1833,7.0764,7.3604,9.549,9.62,9.6518
PDGFRA,12.4708,12.4406,12.4826,13.124,13.1619,13.1944
PDGFRB,12.6686,12.5444,12.6763,14.0417,14.0145,13.9933
PDGFRL,8.7331,8.7973,8.7337,7.9814,8.1857,7.8909
PDHA1,9.925,9.9789,9.9441,9.3775,9.4661,9.2704
PDHB,10.1078,10.2024,10.1283,9.7653,9.784,9.7898
PDHX,9.557,9.591,9.5217,9.9718,9.9591,10.0033
PDIA3,13.4459,13.4056,13.4099,13.5943,13.5775,13.5193
PDIA5,9.4655,9.4851,9.577,9.5794,9.606,9.4942
PDIA6,13.1303,13.0606,13.077,13.1703,13.0615,13.0964
PDK1,9.4655,9.5991,9.5268,9.2372,9.4069,9.3375
PDK2,8.8897,8.9516,8.9801,9.309,9.3111,9.2628
PDK3,4.9781,4.6908,4.7363,4.5318,4.33,4.3447
PDK4,2.3925,2.348,2,7.6408,7.21,8.037
PDLIM1,11.7067,11.748,11.7709,11.2338,11.3605,11.2197
PDLIM2,10.9533,10.784,10.7617,9.9456,10.0236,9.7576
PDLIM3,7.0122,7.0764,7.0548,6.2329,5.9718,6.0266
PDLIM4,10.4304,10.518,10.5541,10.0419,10.0249,10.0124
PDLIM5,11.3384,11.4388,11.3029,9.6763,9.9243,9.7872
PDLIM7,11.9312,11.9671,12.0069,11.1753,11.2709,11.1679
PDP1,9.0684,9.1475,9.1402,9.1801,9.2872,9.2799
PDP2,8.5333,8.4374,8.3847,9.4273,9.3927,9.4877
PDPK1,10.5603,10.5372,10.6456,10.338,10.2289,10.3275
PDPN,5.5783,5.0646,5.0714,5.8366,6.0564,6.1311
PDPR,10.2256,10.2394,10.1057,10.2273,10.2013,10.2686
PDRG1,8.0657,8.185,8.0377,8.4179,8.4665,8.4375
PDS5A,10.766,10.7982,10.7617,10.746,10.7501,10.744
PDS5B,9.1815,9.28,9.1535,9.3981,9.4795,9.6087
PDSS1,6.8179,6.6755,6.8521,5.5063,5.7356,5.8744
PDSS2,8.2782,8.1632,8.3349,8.3677,8.2986,8.35
PDXDC1,11.1183,11.0916,11.169,11.3411,11.2463,11.2876
PDXK,11.2589,11.2775,11.3236,11.7595,11.6755,11.7281
PDXP,7.544,7.5155,7.6124,7.6253,7.7757,7.7283
PDZD11,9.2572,9.2977,9.2055,8.687,8.7998,8.7118
PDZD2,3.1705,3.5409,3.7639,4.7181,4.7413,4.6561
PDZD4,6.9839,7.0529,6.496,6.1916,7.1342,6.7715
PDZD7,4.2487,4.9161,4.6387,3.8708,4.1872,4.3447
PDZD8,9.9974,10.1917,10.1034,9.5242,9.7351,9.6879
PDZD9,7.1833,7.0764,7.0921,6.639,6.5109,6.5254
PDZK1,5.5783,5.8986,5.598,4.8831,5.1406,4.6087
PDZRN3,8.3684,8.2485,8.3193,7.461,7.8487,7.7449
PEA15,13.1678,13.1567,13.1947,12.4485,12.5237,12.3914
PEAK1,11.0518,11.2558,10.9245,11.4166,11.5025,11.3579
PEAK3,3.3581,3.3989,2.904,3.5161,4.0287,3.7856
PEAR1,9.7807,9.6568,9.9079,8.5869,8.7145,8.5006
PEBP1,11.3398,11.4032,11.4499,11.6329,11.6153,11.6869
PECAM1,3.1705,2.348,3.3362,3.2195,3.7525,3.2797
PECR,6.0562,5.9757,6.0222,5.2075,5.1013,5.1952
PEDS1,10.0062,10.0036,9.9869,10.738,10.6345,10.6908
PEDS1-UBE2V1,7.2441,7.7747,8.3581,8.8083,9.1055,9.1388
PEF1,9.5665,9.7402,9.7693,9.2141,9.0754,9.222
PEG10,10.3302,10.3167,10.2187,10.1101,9.9215,10.1514
PELI1,6.2817,5.8172,6.2865,7.7302,7.7506,7.4337
PELI2,7.6285,7.6072,7.4056,8.0923,7.9791,8.1281
PELI3,7.4335,7.1558,7.3831,7.578,7.3838,7.364
PELO,10.4486,10.5509,10.5083,10.5966,10.6413,10.665
PELP1,9.7868,9.6646,9.7621,9.3752,9.3743,9.4728
PEMT,8.4167,8.3677,8.3696,8.5341,8.527,8.5454
PENK,4.427,5.0168,4.6883,5.5723,5.3892,5.813
PEPD,9.9581,9.9134,9.8948,10.1294,10.0249,10.1295
PER1,7.8558,7.8987,7.8651,8.2057,8.0633,8.4031
PER2,6.9981,7.1777,6.9969,6.4589,6.4958,6.4331
PER3,7.8322,7.5745,7.6124,7.4258,7.3674,7.6366
PERM1,3.5242,4.0004,4.2989,4.6587,4.3964,4.4015
PERP,11.3871,11.378,11.4102,12.0135,11.9329,11.9858
PES1,10.5519,10.5614,10.5782,10.4886,10.4649,10.5097
PET117,6.7186,6.6286,6.8191,7.3337,7.0438,7.3424
PEX1,7.6734,7.872,7.8158,8.0174,8.1477,8.0941
PEX10,8.3792,8.2588,8.4364,8.0754,7.9406,8.1939
PEX11A,6.0288,5.9505,6.1516,4.464,5.1013,4.7466
PEX11B,8.8354,8.7795,8.8141,8.9942,9.0805,8.9108
PEX12,7.2794,6.7359,7.0067,6.1272,5.9934,5.8337
PEX13,9.0549,8.9861,8.9601,9.0817,9.0678,9.1304
PEX14,8.4736,8.451,8.3035,8.1474,8.3029,8.1281
PEX16,7.5915,7.5326,7.6442,7.9569,7.9517,7.9634
PEX19,10.0167,10.1452,10.0781,10.0154,10.0663,9.9649
PEX2,8.6592,8.7867,8.6423,8.0174,8.1668,8.1281
PEX26,10.1322,10.0754,10.1317,10.6064,10.4784,10.5636
PEX3,7.5536,7.591,7.6753,7.2354,7.2008,7.1486
PEX5,8.5622,8.6909,8.658,8.8455,8.7936,8.9254
PEX6,9.3841,9.342,9.1884,8.4964,8.3329,8.2948
PEX7,6.5746,6.2893,5.983,6.1704,6.284,6.4601
PFAS,9.4345,9.5348,9.4712,8.4445,8.4587,8.4272
PFDN1,10.4053,10.3665,10.3877,9.9611,10.0327,9.9895
PFDN4,8.2128,8.3436,8.157,8.5049,8.4431,8.35
PFDN5,11.2201,11.1933,11.0584,11.0544,11.052,10.9959
PFDN6,6.2104,6.3093,6.3341,6.2532,6.1747,6.1478
PFKFB2,5.9138,5.7009,5.792,6.369,6.5109,6.3344
PFKFB3,10.2803,10.1931,10.2448,11.416,11.3984,11.5278
PFKFB4,7.1957,7.1336,7.2491,7.2656,7.0438,7.0632
PFKL,11.1583,11.0887,11.1553,10.9636,10.9589,10.9153
PFKM,10.2346,10.1466,10.1867,10.3369,10.3173,10.3421
PFKP,12.4206,12.478,12.4844,11.6989,11.765,11.7648
PFN1,14.3121,14.2673,14.3099,13.9139,13.8707,13.8393
PFN2,12.0432,12.0747,12.0008,11.8532,11.9972,11.9107
PGAM5,9.2183,9.2416,9.2963,9.0121,9.1423,9.2454
PGAP1,8.099,8.1298,8.1482,7.2556,7.4557,7.3205
PGAP2,7.9243,7.716,7.6753,7.5699,7.44,7.1895
PGAP3,7.2794,7.4718,7.3216,7.0626,7.0334,7.1065
PGAP4,8.9638,8.9985,9.0024,8.6185,8.7467,8.6428
PGAP6,10.9893,10.976,11.0466,11.458,11.3796,11.4927
PGBD1,6.9257,7.0764,6.8737,6.639,6.1557,6.2127
PGBD2,5.6156,5.789,5.9427,6.3504,6.3357,6.4056
PGBD4,7.0261,6.9923,6.9159,6.4934,6.8677,7.0094
PGBD5,3.6731,3.5409,4.4213,4.5967,4.4599,4.6087
PGD,11.9275,11.9465,11.9252,12.0548,11.9894,12.1012
PGF,2.9547,3.6702,3.8536,4.5318,5.1406,4.6561
PGGHG,5.7888,6.329,6.1692,6.527,6.5981,6.5381
PGGT1B,8.4988,8.5841,8.6297,7.7729,8.0479,7.8709
PGK1,12.7865,12.8112,12.8019,12.1429,12.215,12.1129
PGLS,9.7242,9.6762,9.5966,9.7636,9.6025,9.7315
PGM1,9.8624,9.8821,9.8272,9.2089,9.2916,9.0682
PGM2,8.6367,8.8998,8.7426,8.2517,8.2136,8.0592
PGM2L1,8.5333,8.6717,8.658,11.113,11.0902,11.1142
PGM3,11.6251,11.6929,11.6364,10.952,11.102,10.8751
PGM5,8.3574,8.3866,8.3466,7.3049,7.4082,7.1569
PGP,8.3684,8.6085,8.6169,8.4134,8.1763,8.4341
PGPEP1,9.7621,9.6704,9.6802,10.3778,10.2694,10.3303
PGRMC1,10.5301,10.6474,10.5905,10.3557,10.4286,10.4051
PGRMC2,10.8089,10.8443,10.8268,11.1343,11.2379,11.1638
PGS1,8.7458,8.6678,8.7189,8.9851,8.8599,8.8636
PHACTR1,2.3925,3.3989,2.2843,2.6149,3.7525,3.604
PHACTR2,10.3497,10.4476,10.3497,11.1983,11.092,11.228
PHACTR4,10.1497,10.2943,10.3175,9.7618,9.9822,9.8162
PHAX,10.1874,10.0928,10.1451,9.8508,9.9285,9.9531
PHB,11.027,10.9993,11.0322,10.7271,10.681,10.693
PHB2,10.9248,11.01,11.0238,10.8568,10.9569,11.001
PHC1,8.6457,8.7022,8.7916,8.9484,9.0395,9.0032
PHC2,11.132,11.2265,11.1928,11.5535,11.5124,11.6137
PHC3,9.5132,9.6352,9.473,9.5934,9.5687,9.5201
PHETA1,7.939,7.9313,8.0087,9.2448,9.0576,9.3338
PHETA2,8.2189,8.1904,8.0894,7.7588,7.7249,7.5638
PHEX,3.9314,4.2689,3.938,4.5318,4.7413,5.1952
PHF1,4.1505,4.0956,4.4213,3.2195,4.3964,3.5038
PHF10,8.9383,8.7938,8.6796,9.3163,9.4209,9.2931
PHF11,7.5245,7.3991,7.4349,7.848,7.8781,7.6307
PHF12,9.0616,9.088,9.2119,9.4229,9.2696,9.2685
PHF13,9.1309,8.9194,8.995,9.0589,8.854,8.8509
PHF14,8.4838,8.4099,8.4758,9.1069,9.0956,9.1304
PHF19,9.5736,9.6568,9.715,8.081,8.1621,8.0854
PHF2,9.2601,9.2876,9.3551,9.5346,9.4872,9.4991
PHF20,9.8051,9.8568,9.9145,10.1936,10.2549,10.1912
PHF21A,9.4056,9.3274,9.3722,9.4162,9.4738,9.486
PHF23,9.9671,9.8277,9.7964,10.3858,10.2357,10.3502
PHF3,10.0289,9.9361,9.9287,9.9126,9.9563,9.9436
PHF5A,8.3408,8.3192,8.4108,8.2264,8.2136,8.2683
PHF6,9.2512,9.3372,9.376,8.687,8.56,8.6949
PHF7,4.7287,5.1558,4.8712,5.3269,4.9766,4.9121
PHF8,8.9123,8.7506,8.7159,8.8554,8.9091,8.7479
PHGDH,11.2186,11.013,11.0731,8.7807,9.0027,8.5231
PHIP,9.9797,9.9553,9.921,10.3949,10.5115,10.4638
PHKA1,7.9682,7.8242,7.8812,7.1298,7.1915,7.0543
PHKA2,7.7083,7.6858,7.9129,7.461,7.3254,7.5576
PHKB,10.1951,10.2197,10.1921,9.8019,9.8238,9.763
PHKG2,8.4428,8.2741,8.3922,8.363,8.3456,8.4031
PHLDA1,12.7695,12.677,12.6535,14.7277,14.6413,14.7964
PHLDA2,9.5206,9.5091,9.5403,9.6631,9.5155,9.6488
PHLDA3,10.9062,10.8297,10.9784,11.3287,11.2654,11.3151
PHLDB1,11.8411,11.8479,11.8686,12.443,12.3243,12.462
PHLDB2,9.3093,9.21,9.1557,7.7517,8.1998,7.6543
PHLDB3,7.0535,7.21,7.0829,8.6146,8.3623,8.5485
PHLPP1,7.2441,7.3126,7.368,8.0639,7.8487,7.8659
PHLPP2,9.2453,9.2363,9.2329,8.9042,9.0317,8.9824
PHOSPHO1,4.5086,4.0956,3.7639,3.5161,3.7525,3.947
PHOSPHO2,3.3581,3.3989,3.6682,4.0665,4.3964,3.5038
PHRF1,9.1596,9.0469,9.5251,9.0589,8.7967,8.7286
PHTF1,8.8235,8.7469,8.8635,9.6033,9.4505,9.7063
PHTF2,10.7357,10.846,10.7754,10.7235,10.8645,10.7698
PHYH,7.544,7.6548,7.4989,8.1742,8.053,8.0636
PHYHD1,5.8211,5.789,5.7223,5.4014,5.1789,5.3761
PHYHIP,3.6731,4.0004,4.2989,3.2195,3.1274,3.8686
PHYKPL,7.1328,7.2206,7.1552,7.5039,7.3674,7.4132
PI4K2B,9.1721,9.2571,9.0694,8.2568,8.527,8.1979
PI4KA,10.7598,10.8044,10.8178,11.1425,11.0049,11.0502
PI4KB,10.8891,10.9776,10.9896,10.4321,10.4454,10.3717
PIANP,7.8866,7.7457,7.9591,7.8211,7.9011,7.8659
PIAS1,9.1437,9.088,9.1948,8.8421,8.9232,8.8585
PIAS2,8.5333,8.7247,8.4828,8.6107,8.6273,8.5673
PIAS3,9.9725,9.9553,9.9856,10.2425,10.089,10.1083
PIAS4,8.4685,8.3866,8.6826,9.3187,9.1544,9.3663
PIBF1,9.1721,9.1558,9.1446,9.4139,9.4795,9.3118
PICALM,12.5379,12.6058,12.6275,11.9721,12.0319,11.9823
PICK1,7.3474,7.21,7.4565,7.6787,7.7119,7.3496
PID1,6.3932,6.46,5.983,5.9401,6.0564,6.1806
PIDD1,7.7508,7.3613,7.6629,8.8321,8.6648,8.6662
PIEZO1,12.848,12.8002,12.9407,12.2672,12.2219,12.2285
PIEZO2,10.251,10.2549,10.25,11.6061,11.5086,11.6099
PIF1,6.9405,6.9674,7.0642,5.6957,5.6291,5.6349
PIGA,6.7186,6.8357,6.629,6.7428,6.8677,6.7166
PIGB,7.3694,7.0995,7.2655,7.1298,7.2555,7.3993
PIGBOS1,6.2104,6.1185,5.7223,6.3504,6.3015,6.3197
PIGC,7.7839,7.7961,7.9691,7.8874,7.8546,7.8249
PIGF,8.4008,8.4555,8.3658,8.1901,8.1135,7.7338
PIGG,9.7306,9.593,9.6679,9.8902,9.8973,9.9195
PIGH,6.4145,6.6126,6.9366,6.9431,6.9138,6.7822
PIGK,9.5082,9.5848,9.4676,9.2993,9.3493,9.3591
PIGM,8.0724,8.1466,7.9336,7.7658,7.7184,7.6425
PIGN,9.0066,9.1531,9.1132,9.0502,8.8948,8.9893
PIGO,8.8821,8.9259,8.8823,8.9821,8.7998,8.947
PIGP,6.4968,6.3676,6.2374,6.5103,6.3526,6.4466
PIGQ,8.8275,8.7506,8.7249,9.1959,9.0906,9.1114
PIGR,3.1705,3.6702,3.0629,3.2195,3.7525,3.6977
PIGS,10.513,10.4203,10.5625,10.8072,10.8123,10.7162
PIGT,10.9024,10.821,10.9167,11.3095,11.243,11.3611
PIGU,8.1883,8.2639,8.3349,8.5049,8.4665,8.4842
PIGV,7.3138,7.2622,7.3981,7.1078,6.7709,6.915
PIGW,6.3932,6.6908,6.629,6.5761,6.7328,7.0185
PIGX,7.5727,7.5991,7.6442,8.1146,8.0582,8.1939
PIGZ,4.2487,4.4952,3.5658,4.3928,3.9423,4.0214
PIH1D2,3.3581,4.0004,3.206,3.0447,3.1274,2.6888
PIK3C2A,10.4993,10.329,10.3136,10.5756,10.7148,10.6548
PIK3C2B,6.8179,6.7795,6.9969,4.7181,5.5728,5.227
PIK3C3,9.6294,9.6568,9.5504,9.8837,9.9102,9.8813
PIK3CA,9.7909,9.8483,9.8035,10.4918,10.5236,10.6155
PIK3CB,8.9161,9.035,9.0972,10.0095,9.9059,10.054
PIK3CD,9.3949,9.5474,9.624,8.7946,9.0053,8.947
PIK3IP1,8.8589,8.58,8.7543,9.2773,9.4109,9.2685
PIK3R1,8.8315,8.9547,8.7069,8.1528,8.2899,8.2297
PIK3R2,11.1677,11.1627,11.2533,11.5473,11.4594,11.487
PIK3R3,9.3458,9.3126,9.3023,8.3157,8.4742,8.3715
PIK3R4,8.6769,8.7247,8.7802,9.1125,9.1055,9.0594
PIKFYVE,10.0254,9.8585,9.7549,10.2324,10.214,10.2191
PILRB,6.083,5.8449,5.7223,5.8632,6.1168,5.7487
PIM1,7.7675,7.9118,7.9591,6.0367,6.6804,6.29
PIM3,8.7031,8.6005,8.7249,9.4538,9.2872,9.6132
PIMREG,8.324,8.7173,8.7129,5.2882,5.8106,5.5867
PIN1,9.8071,9.7272,9.7808,9.4538,9.5451,9.5376
PIN4,8.0316,8.2792,8.2089,8.3012,8.3029,8.3996
PINK1,10.7917,10.7377,10.7161,10.5307,10.4658,10.5944
PINLYP,3.5242,5.6391,4.8712,4.8831,3.6473,5.227
PINX1,7.2321,7.0289,7.1195,6.5921,6.7833,6.8953
PIP4K2A,10.2759,10.1312,10.3322,10.0228,10.1637,9.662
PIP4K2B,9.9779,9.9569,10.0004,10.0947,10.0457,10.1274
PIP4K2C,8.8821,8.983,8.9035,9.2871,9.2959,9.405
PIP4P1,8.1443,8.141,8.1393,9.1208,9.0653,9.1451
PIP4P2,8.4787,8.5718,8.538,8.4044,8.4857,8.4135
PIP5K1A,10.636,10.7135,10.637,10.5936,10.6014,10.589
PIP5K1C,11.1336,11.1024,11.2299,11.6458,11.5675,11.6268
PIP5KL1,4.7287,5.0646,4.6883,4.464,4.2603,4.1595
PIR,7.1068,6.7795,6.9671,6.8531,6.8441,6.8854
PISD,9.3513,9.5026,9.5588,9.8291,9.801,9.9472
PITHD1,8.7666,9.0588,9.0949,8.7418,8.6547,8.5103
PITPNA,10.5374,10.6226,10.6386,10.6182,10.7309,10.7176
PITPNB,10.7176,10.7359,10.6456,10.3755,10.4503,10.3348
PITPNC1,7.8163,7.9183,8.052,9.434,9.1946,9.5024
PITPNM1,9.4056,9.3685,9.3512,10.7007,10.5412,10.7529
PITPNM2,8.3519,8.3093,8.3996,9.2244,9.2762,9.2551
PITPNM3,8.1379,8.1466,8.3847,8.1953,8.0886,8.3318
PITRM1,11.8033,11.748,11.9077,10.624,10.7533,10.6342
PITX1,10.4868,10.4122,10.4883,11.43,11.3411,11.3749
PITX2,6.3716,6.0005,6.3025,4.3179,4.6892,5.0249
PIWIL3,8.7583,8.4192,8.3114,8.4268,8.4548,8.5919
PIWIL4,3.9314,3.5409,3.7639,3.2195,3.1274,3.3961
PJA1,8.8433,8.7973,8.828,8.5465,8.5744,8.4476
PJA2,11.501,11.5236,11.5413,10.8774,11.0102,10.8625
PJVK,4.3406,3.6702,3.4556,4.5967,4.1101,4.8317
PKD1,11.6942,11.647,11.678,12.2437,12.1798,12.2437
PKD1L1,4.5858,4.0004,3.8536,2.6149,2.5596,2.6888
PKD2,10.4486,10.4909,10.5616,10.8208,10.8214,10.937
PKDCC,8.4838,8.4329,8.5175,6.7428,6.667,6.29
PKIA,8.284,8.3339,8.4108,8.8117,8.8832,8.9351
PKIB,5.3759,5.8449,5.8367,5.6353,6.0768,5.5113
PKIG,9.2092,9.2232,9.1711,10.3463,10.3668,10.4377
PKM,15.5532,15.5305,15.5643,15.4441,15.4002,15.4284
PKMYT1,7.3138,7.701,7.9387,4.7753,5.5142,5.227
PKN1,10.724,10.7524,10.7522,10.5676,10.5458,10.5186
PKN2,10.1322,10.071,10.1328,8.9638,9.1591,9.0594
PKNOX1,9.3036,9.2493,9.3043,9.3306,9.2629,9.3411
PKNOX2,6.3273,6.3093,6.0414,5.3646,5.5438,5.1295
PKP2,3.808,4.3484,4.5874,3.3754,3.1274,2.6888
PKP3,4.7287,5.0646,4.4788,3.2195,3.5338,3.0143
PKP4,9.4782,9.5453,9.5538,8.5133,8.6238,8.3679
PLA2G12A,8.8315,8.8832,8.8929,8.6945,8.7274,8.6892
PLA2G4A,5.9434,6.269,5.8367,8.8049,8.6547,9.0327
PLA2G4B,3.5242,4.3484,4.2336,3.5161,3.4107,3.5038
PLA2G4C,6.8338,6.942,6.6789,6.9179,6.7957,7.0094
PLA2G5,2.3925,2.6282,3.8536,2.8457,2.3068,2.2678
PLA2G6,5.4187,6.3676,6.0975,6.4057,6.0768,5.7043
PLA2R1,5.4187,5.3224,5.5718,5.7537,5.7356,5.9901
PLAA,9.9761,9.9409,9.9066,10.1699,10.329,10.2696
PLAAT3,5.2393,5.5069,5.1443,4.7753,5.0194,5.7267
PLAC8,3.6731,3.2413,3.0629,3.5161,3.5338,3.6977
PLAC9,6.8495,6.6444,6.4679,7.1836,6.9803,7.1319
PLAG1,8.2607,8.4644,8.3734,7.8006,7.6656,7.7828
PLAGL1,9.0031,8.9227,8.9346,9.1588,9.2518,9.3247
PLAGL2,8.8897,8.7902,8.85,8.9265,8.8391,8.861
PLAT,12.3833,12.3662,12.4298,14.4774,14.2598,14.4994
PLAU,13.5753,13.6479,13.6446,15.8972,15.6898,15.963
PLAUR,11.0295,11.1544,11.0596,11.2421,11.0814,11.2461
PLB1,4.2487,4.8078,4.7363,4.1552,4.0287,3.6977
PLBD1,2.3925,3.5409,3.5658,4.0665,2.3068,3.0143
PLBD2,11.6119,11.5766,11.6446,12.0113,11.9082,11.9211
PLCB1,9.2777,9.175,9.2883,9.1372,9.3804,9.1739
PLCB2,2.7008,3.8985,2.5217,2.8457,2.5596,2.6888
PLCB3,10.1062,10.0856,10.0439,10.0778,10.0209,10.1211
PLCB4,9.9957,9.9393,9.9893,10.0035,10.1432,10.0484
PLCD1,7.8002,7.8517,8.0087,8.0174,7.9845,8.0098
PLCD3,9.7348,9.7198,9.7563,9.6267,9.583,9.6162
PLCD4,6.3496,6.269,5.9427,6.0599,6.0768,5.9901
PLCE1,7.1583,7.5241,7.1375,6.1704,6.2664,6.1142
PLCG1,10.5922,10.5759,10.6612,11.0413,11.0069,11.1285
PLCH2,4.7952,4.7505,5.0336,4.3928,4.2603,4.4561
PLCL1,3.9314,3.8985,4.0934,4.0665,3.9423,4.3447
PLCL2,5.4603,5.7309,5.6983,5.6658,6.284,5.9526
PLCXD1,8.448,8.6166,8.6796,8.2264,8.1477,8.2798
PLCXD2,4.2487,4.0956,3.3362,3.2195,2.9618,2.8607
PLCXD3,3.5242,4.0956,3.3362,3.7619,2.7747,3.1531
PLD1,7.9168,7.9052,7.8324,8.2212,8.1857,8.0325
PLD2,8.4583,8.2639,8.4687,8.7525,8.7112,8.6835
PLD3,12.5155,12.4488,12.5146,13.1439,13.0615,13.1756
PLD6,5.0883,5.1109,5.2137,5.6353,5.3225,5.4317
PLEC,14.4633,14.4115,14.5255,13.8657,13.7995,13.8302
PLEK2,4.7952,4.6285,5.0714,4.9342,5.0194,5.0954
PLEKHA1,8.8433,8.7651,8.8029,8.0639,8.2365,7.8093
PLEKHA2,9.5689,9.4763,9.4975,7.9753,8.1668,7.9634
PLEKHA3,8.567,8.58,8.3427,9.2523,9.3619,9.384
PLEKHA4,9.3458,9.1805,9.1335,9.2723,9.2383,9.3192
PLEKHA5,8.4685,8.3043,8.2549,9.3729,9.3968,9.4795
PLEKHA6,9.2423,9.0705,9.2161,7.2854,7.6106,7.1235
PLEKHA8,8.4838,8.4146,8.3696,8.917,9.0729,9.0878
PLEKHB2,11.5572,11.6072,11.5522,11.8294,11.7988,11.8466
PLEKHF1,6.1858,6.1849,6.2206,6.9052,6.4339,6.4996
PLEKHF2,8.0247,8.3485,8.2004,7.6637,7.8839,7.8557
PLEKHG1,4.2487,4.3484,4.2336,5.6041,5.6291,5.6349
PLEKHG2,10.3033,10.2562,10.3371,10.5266,10.581,10.6148
PLEKHG3,6.5362,6.5298,6.7507,6.8531,6.5981,6.6242
PLEKHG4,7.9018,8.1129,7.9336,6.5436,6.5696,6.814
PLEKHG4B,6.2104,6.4237,6.3495,6.5761,6.8079,6.6941
PLEKHG5,8.2724,8.2993,8.3696,9.0874,9.0855,9.2704
PLEKHG6,3.3581,4.0004,3.7639,3.972,3.6473,3.3961
PLEKHH1,3.6731,3.0644,3.5658,3.7619,4.1101,3.604
PLEKHH2,6.7014,6.6126,6.7271,8.3348,8.241,8.2178
PLEKHH3,8.1251,8.2223,8.2631,8.0923,8.0785,8.2019
PLEKHJ1,9.6064,9.68,9.6648,9.7296,9.6372,9.695
PLEKHM1,8.5906,8.504,8.5107,8.3815,8.2942,8.3134
PLEKHM2,10.6495,10.6861,10.7295,10.9404,10.8791,10.9286
PLEKHM3,6.2583,6.66,6.4099,6.7428,6.5981,6.7388
PLEKHN1,5.0883,5.8449,6.0414,5.6658,5.7611,5.7919
PLEKHO1,10.2672,10.3327,10.2654,10.6015,10.6793,10.7357
PLEKHO2,9.8488,9.9118,9.8775,9.5874,9.5524,9.486
PLEKHS1,2.3925,2.6282,2.7255,3.7619,2.5596,2.6888
PLG,2.3925,2.8627,2.5217,2,3.7525,2.6888
PLGLB1,3.808,3.8985,4.3614,4.6587,4.7413,4.9121
PLGLB2,3.9314,4.0956,2,4.2388,4.2603,2
PLGRKT,7.1456,7.1336,7.1552,6.9678,6.8677,6.814
PLIN2,10.1466,10.1645,10.1758,10.2874,10.329,10.1586
PLIN3,12.4393,12.4769,12.513,12.0001,12.0154,11.9647
PLIN4,6.0562,5.6391,5.963,5.9892,5.8585,5.7919
PLIN5,3.6731,4.0956,4.0178,4.0665,4.1101,3.6977
PLK1,9.8721,10.0279,10.1974,6.6694,6.8909,6.7498
PLK2,10.8109,10.8832,10.8501,12.3374,12.3171,12.3431
PLK3,9.0136,9.0705,9.0363,9.7188,9.5723,9.6649
PLK4,7.4439,7.6152,7.8269,5.122,5.5728,5.3761
PLLP,7.067,7.1447,6.7507,6.527,6.4652,6.7498
PLN,2.9547,3.8985,3.0629,4.9835,4.33,4.5596
PLOD1,13.3437,13.2611,13.3366,13.444,13.4005,13.3605
PLOD2,12.7099,12.6098,12.6451,12.815,12.7603,12.8981
PLOD3,11.956,11.85,11.9848,12.3059,12.2645,12.2758
PLP1,2.7008,2.8627,3.3362,2,4.1872,2.8607
PLP2,10.2817,10.3315,10.4091,9.7494,9.7158,9.7231
PLPBP,9.1659,9.1167,9.1132,8.5506,8.5958,8.601
PLPP1,7.734,7.6391,7.7876,7.2149,7.1535,7.2055
PLPP2,6.0288,6.1185,6.2374,6.9179,6.9474,6.9344
PLPP4,3.6731,4.3484,4.1652,5.0312,4.5208,4.3447
PLPP5,8.6321,8.6005,8.5072,9.1508,9.0704,9.2259
PLPP6,7.5343,7.4176,7.5264,6.7571,6.7957,6.6122
PLPP7,4.5858,5.0168,5.1083,3.8708,4.2603,4.0214
PLPPR2,10.8535,10.7368,10.9709,10.9458,10.9403,10.982
PLPPR3,6.1353,5.789,5.8145,7.1623,7.0438,7.268
PLPPR4,7.4847,7.3225,7.3907,6.4057,6.584,5.914
PLRG1,10.1482,10.1382,10.1964,9.8706,9.8713,9.9987
PLS1,3.9314,4.8078,4.9547,4.0665,4.33,4.5088
PLS3,12.4825,12.4614,12.4569,10.7567,10.8667,10.6772
PLSCR1,7.2079,7.2415,7.2157,8.1901,8.2319,8.2683
PLSCR3,10.2774,10.2956,10.339,10.6877,10.6685,10.7357
PLSCR4,6.7186,6.46,6.5507,7.7156,7.7119,7.7059
PLTP,9.266,9.2363,9.2309,9.7332,9.7479,9.6678
PLXDC1,3.9314,3.3989,3.8536,3.972,4.2603,4.4015
PLXDC2,9.3178,9.2571,9.197,9.8558,9.8358,9.7898
PLXNA1,11.8728,11.8733,11.9657,11.7376,11.6506,11.7423
PLXNA2,6.8338,6.8494,7.1104,6.8663,6.7199,6.7822
PLXNA3,11.6567,11.595,11.6917,11.9021,11.8776,11.8717
PLXNB1,9.2863,9.3298,9.4712,11.0112,10.89,10.9732
PLXNB2,13.2778,13.1631,13.2536,13.9886,13.8684,13.9431
PLXNB3,7.7592,7.647,7.7762,7.9995,7.8605,7.9492
PLXNC1,5.1404,5.1558,4.7827,3.7619,4.3964,4.0214
PLXND1,11.2801,11.1723,11.3108,11.2223,11.1919,11.2801
PM20D2,8.0038,8.2536,8.1702,7.5207,7.568,7.6007
PMEL,3.6731,4.4237,4.4788,5.4372,5.6834,5.4317
PMEPA1,8.8394,8.6246,8.6704,9.8392,9.7543,9.9987
PMF1,8.1251,8.2276,8.0848,8.0291,8.0684,7.9775
PMF1-BGLAP,5.3318,5.3224,5.598,5.2075,5.1013,5.3475
PML,10.0426,9.9489,10.0499,9.7898,9.7558,9.7738
PMM1,9.8566,9.6685,9.7765,9.7915,9.7463,9.712
PMM2,9.7868,9.9361,9.9606,9.6949,9.7825,9.7411
PMP22,9.694,9.7104,9.6445,9.1069,9.1105,9.0146
PMPCB,9.5279,9.4917,9.4694,9.5612,9.5004,9.6042
PMS1,7.8002,7.7603,7.9233,7.6253,7.6106,7.6484
PMS2,7.5343,7.6233,7.4919,7.0041,7.023,7.1975
PMVK,8.307,8.3339,8.2132,7.461,7.6922,7.3993
PNISR,9.6498,9.5155,9.6771,9.9991,10.0024,10.0158
PNKD,8.9123,8.7938,8.9321,8.6455,8.5673,8.6458
PNKP,10.6314,10.4888,10.4546,10.3273,10.3512,9.9219
PNMA1,10.3906,10.4877,10.442,11.1793,11.0241,11.119
PNMA2,3.808,3.0644,3.0629,3.0447,3.276,3.604
PNMA6A,4.0451,3.0644,4.0178,4.0665,2.5596,3.6977
PNMA6E,5.2393,6.0725,6.0222,5.2882,6.0969,6.1643
PNMA6F,11.4131,11.4211,11.4204,10.3033,10.3226,10.3202
PNMA8A,5.722,5.4718,5.7223,4.7181,5.0609,4.6561
PNMA8B,4.0451,4.1849,3.8536,3.3754,2.3068,3.3961
PNN,10.2376,10.141,10.2302,9.93,10.0275,9.9637
PNO1,9.0917,9.128,9.0243,9.3401,9.3154,9.3645
PNP,8.5137,8.5083,8.658,8.6263,8.6238,8.8534
PNPLA1,7.1328,8.534,8.3996,7.0278,7.0644,5.9901
PNPLA2,10.3689,10.3302,10.4091,10.9048,10.9086,10.9454
PNPLA3,7.3138,7.2311,7.2157,7.3988,7.1631,7.4405
PNPLA4,6.8805,6.4053,6.6162,6.2532,6.1747,5.7267
PNPLA6,11.2765,11.1784,11.2615,11.5308,11.4364,11.4952
PNPLA7,5.2863,4.1849,4.7827,5.6041,5.7356,5.7705
PNPLA8,9.1596,9.0259,9.1064,9.5346,9.4776,9.5281
PNPO,8.3184,8.3093,8.2342,7.7588,7.4789,7.6366
PNPT1,9.0917,8.8254,8.9372,8.9233,8.9621,8.9327
PNRC1,8.8973,8.6985,8.8363,9.617,9.5578,9.6237
POC1A,7.5536,7.7603,7.6814,5.2484,6.0969,5.6349
POC1B,8.0724,8.1072,8.0329,8.8882,8.8391,8.8016
POC1B-GALNT4,5.4187,3.2413,5.7223,2,6.3692,6.8953
POC5,6.4562,6.5964,6.3951,6.2329,6.1557,6.0798
PODN,7.8713,7.5155,7.5601,8.0055,8.0582,7.8404
PODNL1,5.8526,5.6704,6.0027,5.4722,5.7097,5.5369
PODXL,7.5536,7.5662,7.8489,7.4954,7.5167,7.7394
PODXL2,6.0562,6.1631,6.5372,6.369,6.584,6.4466
POFUT1,11.006,11.0335,11.0525,10.9333,10.895,10.8788
POFUT2,11.2352,11.1879,11.2666,10.931,10.8498,10.8286
POGK,9.9526,9.9003,9.8161,9.0092,9.0395,8.9565
POGLUT1,8.8035,8.8932,8.8445,8.6608,8.7467,8.6516
POGLUT2,8.4938,8.4555,8.4436,9.0703,8.9973,9.0594
POGLUT3,10.5399,10.5593,10.6409,9.3496,9.5542,9.3173
POGZ,9.6787,9.56,9.4818,9.5367,9.5155,9.486
POLA1,7.6101,7.6312,7.9691,6.4414,6.4958,6.5254
POLA2,8.4377,8.6405,8.7802,7.3805,7.5167,7.5824
POLB,7.5915,7.6233,7.5799,8.7876,8.6882,8.8329
POLD1,7.9754,8.2536,8.331,7.0853,7.2192,7.115
POLD2,10.3358,10.2805,10.3116,9.6287,9.6628,9.6252
POLD3,7.6101,7.9183,7.7819,7.2556,7.4242,7.1975
POLD4,9.1147,9.3126,9.2055,10.0919,10.2094,10.1576
POLDIP2,10.8545,10.9022,10.9722,10.4497,10.4483,10.3637
POLDIP3,10.535,10.4352,10.4438,9.8308,9.7918,9.7507
POLE,9.263,9.4652,9.4641,8.475,8.5159,8.5071
POLE2,5.9724,6.1185,6.2374,4.0665,4.1872,3.947
POLE3,9.8091,9.9553,9.904,9.5138,9.491,9.5596
POLE4,8.543,8.6206,8.6008,8.6224,8.6376,8.6633
POLG,9.985,9.7979,9.9593,10.3498,10.0444,10.2734
POLG2,6.3496,6.0489,6.2374,5.8893,6.2485,5.6815
POLH,9.5328,9.3444,9.542,9.1454,9.0704,9.0726
POLI,7.5632,7.445,7.54,7.5373,7.8723,7.6188
POLK,8.9235,8.9892,8.885,8.6721,8.9428,8.9206
POLL,8.0453,8.2792,8.2258,7.8809,7.9572,7.9203
POLM,6.6119,6.6444,6.5099,6.5599,6.4958,6.7715
POLN,4.7952,4.4237,5.2137,5.2075,5.3225,5.4042
POLQ,7.5915,7.982,7.7989,5.2882,5.4531,4.7021
POLR1A,10.7629,10.7813,10.7361,10.7181,10.581,10.6518
POLR1B,8.6988,8.6206,8.8823,8.3348,8.2182,8.2645
POLR1C,8.1315,8.0607,8.1832,8.3861,8.3456,8.2911
POLR1D,9.7558,9.8225,9.6633,9.9734,9.9809,10.0204
POLR1E,9.0884,9.2851,9.1948,8.3109,8.4895,8.2948
POLR1F,8.6901,8.6755,8.8225,8.4707,8.5455,8.3572
POLR1G,7.9243,8.0189,7.7647,7.7868,7.5463,7.7338
POLR1H,4.2487,4.0956,4.2989,4.7181,4.7413,4.7021
POLR2A,12.0916,12.0298,12.0362,11.4656,11.3568,11.3417
POLR2B,11.1709,11.2939,11.3064,11.4121,11.5189,11.4882
POLR2C,10.3933,10.418,10.4742,10.3604,10.4276,10.4394
POLR2D,9.6385,9.5305,9.5918,9.3636,9.1615,9.2041
POLR2F,8.9675,8.983,8.9702,9.0675,9.1204,9.0813
POLR2G,9.0583,9.1613,9.088,9.2797,9.343,9.2416
POLR2H,8.3954,8.3093,8.3619,8.9106,8.7875,9.0032
POLR2I,7.7921,7.6934,7.7414,7.7658,7.7119,7.7774
POLR2J,9.3206,9.2416,9.3454,9.434,9.3132,9.4154
POLR2J2,4.7952,3.3989,4.0178,5.0312,4.1872,3.3961
POLR2J3,9.1244,9.2467,9.1313,9.2141,9.285,9.2001
POLR2K,8.5284,8.3192,8.5681,7.8546,7.8954,7.9775
POLR2L,11.188,11.1661,11.2294,11.1309,11.0462,11.0557
POLR2M,9.6831,9.7944,9.6602,9.2523,9.3261,9.2799
POLR3A,10.1749,10.1768,10.1317,9.8608,9.8343,9.7711
POLR3B,8.6988,8.6286,8.5648,7.8874,8.0112,7.8301
POLR3C,9.5377,9.5411,9.616,9.3775,9.4407,9.3805
POLR3D,9.8488,9.872,9.7269,10.2476,10.1908,10.2152
POLR3E,8.8155,8.8219,8.9826,8.7946,8.5958,8.6977
POLR3F,7.6996,7.7819,7.7589,8.0524,7.9295,8.1449
POLR3G,6.8018,6.8765,6.957,6.149,6.1747,6.2285
POLR3GL,8.0453,7.9882,8.0281,8.0174,7.8428,7.7172
POLR3H,10.5447,10.5882,10.5994,10.6529,10.6379,10.6908
POLR3K,7.8401,7.7309,7.8158,7.9995,7.7943,7.9775
POLRMT,9.343,9.4245,9.4623,9.129,9.1591,9.1388
POM121C,10.218,10.2011,10.2458,9.9472,9.9102,9.8175
POM121L7P,2,2.348,2.5217,3.5161,3.276,4.0214
POMGNT1,10.2918,10.2381,10.2776,10.4074,10.3833,10.4051
POMGNT2,7.7169,7.9632,7.9129,7.0966,7.2733,7.1895
POMK,6.5934,6.58,6.6033,7.1407,7.3756,7.2907
POMP,10.8239,10.9428,10.7868,10.6699,10.7221,10.7064
POMT1,9.5082,9.4268,9.6176,9.7368,9.7271,9.7872
POMT2,9.2092,9.2337,9.3122,9.93,9.7527,9.8949
POMZP3,5.722,5.3612,5.7691,5.9892,5.9934,6.0623
PON2,10.524,10.442,10.3905,9.9611,10.0547,10.0294
POP1,9.2243,9.3708,9.3684,8.6796,8.809,8.7451
POP4,8.6547,8.5882,8.6233,7.6637,7.4941,7.3568
POP5,7.4746,7.8032,7.7647,7.4697,7.5316,7.2603
POP7,8.3184,8.3913,8.4034,8.1742,8.1283,8.1859
POPDC3,8.2128,8.4374,8.2753,8.5709,8.2679,8.5827
POR,9.6111,9.4982,9.6924,10.1765,9.989,10.1668
PORCN,6.9108,7.0046,6.9055,7.2354,7.1915,7.3923
POSTN,11.7763,11.9281,11.8452,13.7396,13.9825,13.7253
POTEC,4.9781,4.1849,4.0934,4.5967,4.8401,4.8725
POTEE,10.9624,10.9776,11.1019,11.2016,11.2665,11.2634
POTEI,2.7008,2,3.7639,4.7753,3.9423,4.7466
POU2AF1,4.5858,4.0004,3.8536,4.3179,4.33,4.6087
POU2F1,6.9108,7.088,6.7271,7.4078,7.2555,7.115
POU2F2,8.8821,8.8044,8.6888,8.142,8.0785,8.3355
POU5F1,3.5242,3.8985,3.6682,3.5161,3.7525,3.3961
POU5F2,4.0451,3.6702,3.0629,4.0665,3.8505,3.8686
POU6F1,6.7856,6.4777,6.6789,6.0367,6.1557,6.2748
PPA1,10.4729,10.5831,10.5365,9.6228,9.7303,9.6072
PPA2,8.8315,8.9611,8.8308,9.0902,9.1031,9.184
PPAN,8.4938,8.4689,8.4108,8.2767,8.0986,8.1737
PPAN-P2RY11,4.2487,4.4952,4.9947,5.4372,6.0147,6.3916
PPARA,8.8511,8.8998,8.5614,8.9851,8.94,8.8069
PPARD,10.7462,10.7696,10.8426,10.746,10.6533,10.6844
PPARG,8.5622,8.7542,8.5481,8.1366,8.138,8.0325
PPARGC1A,3.3581,3.2413,3.3362,3.7619,4.0287,4.4561
PPARGC1B,5.1404,4.9673,4.9547,5.7537,5.8819,5.8337
PPAT,8.5953,8.7247,8.6328,8.0055,8.053,8.0414
PPCDC,6.7691,6.58,6.5099,6.369,6.4958,6.5126
PPCS,8.0589,7.7747,7.9024,8.2618,8.2545,8.3355
PPDPF,11.0746,11.1301,11.2899,10.8284,10.8645,10.7078
PPEF2,4.2487,4.7505,4.7363,4.3179,4.4599,5.1627
PPFIA1,10.2933,10.2652,10.2334,10.1936,10.1613,10.1862
PPFIA2,11.5458,11.6853,11.5396,11.9869,11.9046,12.1382
PPFIA3,4.427,5.0646,5.2137,5.6957,5.2879,5.3183
PPFIA4,4.3406,4.9673,4.1652,2.34,4.1872,3.3961
PPFIBP1,10.5399,10.6503,10.5831,11.2178,11.1889,11.1887
PPFIBP2,5.7888,6.0489,5.4621,5.6658,5.1013,5.4588
PPHLN1,9.5522,9.5889,9.5638,9.6072,9.5596,9.5024
PPIA,13.6643,13.6857,13.6778,13.4756,13.4736,13.4527
PPIAL4G,3.6731,4.0004,3.0629,3.5161,4.0287,3.947
PPIB,13.3843,13.3272,13.3392,13.6678,13.6202,13.6139
PPIC,9.5641,9.6372,9.4923,9.5222,9.6077,9.5721
PPID,8.8628,8.7285,8.9191,8.5829,8.5344,8.4644
PPIE,8.8935,8.9737,8.8391,8.6945,8.6203,8.634
PPIG,9.6962,9.7402,9.8341,9.7932,9.8298,9.8937
PPIH,7.6101,7.6934,7.6753,6.98,7.4321,6.7822
PPIL1,8.9493,9.1195,9.0339,8.2767,8.4113,8.2059
PPIL2,9.6087,9.4763,9.5654,9.3139,9.3535,9.4085
PPIL3,7.8713,7.6858,7.5332,6.9921,6.7709,6.915
PPIL4,9.1532,9.1167,9.017,8.9515,8.8421,8.9181
PPIL6,3.5242,2.6282,3.6682,3.972,3.1274,4.0214
PPIP5K1,9.5784,9.2826,9.6303,9.5096,9.7511,9.424
PPIP5K2,10.34,10.3581,10.2375,10.2413,10.2913,10.2417
PPL,5.1404,5.0646,4.7827,4.6587,4.5208,4.2856
PPM1A,9.3814,9.2311,9.2782,9.8392,9.8238,9.8561
PPM1B,9.2061,8.9923,9.0647,9.3472,9.4249,9.3228
PPM1D,8.3127,7.9882,8.0848,8.731,8.3414,8.6101
PPM1F,10.5922,10.5697,10.5905,10.0664,10.1432,10.1586
PPM1G,10.9396,10.8366,10.9115,10.6997,10.6818,10.6979
PPM1H,4.659,5.1109,4.4788,5.8095,5.8585,5.3475
PPM1J,4.2487,4.2689,4.2336,2.6149,3.6473,2.8607
PPM1K,7.6101,7.753,7.7414,7.8874,8.0684,7.6248
PPM1L,4.427,4.3484,4.6883,6.1916,6.3015,6.5126
PPM1M,8.1821,8.0899,7.9438,6.7852,7.0644,6.7054
PPM1N,3.1705,3.5409,3.206,4.1552,3.8505,3.1531
PPME1,10.2774,10.2652,10.3688,10.404,10.4365,10.3248
PPOX,6.8338,6.706,6.8302,7.1078,6.9803,6.9344
PPP1CA,11.1504,11.1993,11.1734,11.2973,11.3273,11.3664
PPP1CB,11.5857,11.559,11.5593,11.2931,11.3857,11.344
PPP1CC,10.8853,10.9846,10.9976,10.729,10.7931,10.7772
PPP1R10,7.5343,7.3323,7.3831,7.9507,7.6036,7.7987
PPP1R12A,11.1591,11.1892,11.2083,11.0267,11.0456,11.0079
PPP1R12B,8.3408,8.3724,8.157,7.7588,7.8781,7.7666
PPP1R12C,10.7014,10.6765,10.6472,11.0457,11.0082,11.1525
PPP1R13B,6.7186,6.7505,6.8302,5.5723,6.0357,5.9526
PPP1R13L,6.5166,6.5298,6.6666,5.5723,5.9276,5.6815
PPP1R14A,3.5242,4.4237,4.2989,4.5318,3.8505,3.604
PPP1R14B,11.4638,11.4977,11.529,11.4602,11.3796,11.4734
PPP1R15B,9.7475,9.9118,9.86,10.4736,10.5765,10.5944
PPP1R16A,8.4324,8.5255,8.4472,8.5006,8.4153,8.4941
PPP1R18,10.6212,10.2524,10.4804,11.254,10.9617,10.7336
PPP1R1C,3.3581,2.6282,4.0934,2.6149,3.5338,3.1531
PPP1R2,9.7263,9.5453,9.5621,9.7583,9.8713,9.9352
PPP1R21,8.0657,8.269,8.3466,8.035,8.1857,7.9057
PPP1R26,8.2067,8.1129,8.094,8.5506,8.5816,8.7669
PPP1R32,3.3581,3.2413,3.4556,3.0447,3.7525,3.2797
PPP1R35,7.0937,6.863,6.8521,7.3988,7.2192,7.098
PPP1R37,9.7433,9.5047,9.7314,9.6931,9.6628,9.6087
PPP1R3A,6.2345,6.2064,6.2037,6.9305,6.7199,6.9247
PPP1R3B,7.6645,7.6391,7.3831,7.4168,7.4162,7.3782
PPP1R3C,9.9814,9.8277,9.8546,8.4489,8.7719,8.0592
PPP1R3D,7.2677,6.903,7.1986,6.8127,6.6261,6.991
PPP1R3E,5.2393,5.5745,5.4903,5.4722,5.5728,5.3183
PPP1R3F,6.6484,6.6444,6.8521,6.9921,6.8677,7.0002
PPP1R3G,3.808,4.2689,4.0178,4.2388,3.6473,3.947
PPP1R7,10.0494,10.087,10.0004,9.9915,10.047,10.0406
PPP1R8,9.4371,9.4585,9.5885,8.7807,8.854,8.7615
PPP1R9A,4.5858,5.3612,5.3432,5.5397,4.9325,5.1295
PPP1R9B,10.9651,10.9104,10.9933,11.2634,11.2753,11.2744
PPP2CA,11.3722,11.4148,11.3949,10.7496,10.8979,10.7535
PPP2CB,10.7998,10.8512,10.7974,10.0491,10.0275,9.9987
PPP2R1A,12.4819,12.4797,12.5669,12.6576,12.6472,12.6523
PPP2R1B,9.5304,9.6253,9.4992,8.731,8.6715,8.4743
PPP2R2A,9.9635,10.0593,9.9719,10.1059,10.1469,10.2378
PPP2R2D,8.8782,8.7615,8.8336,8.8784,8.8976,8.8483
PPP2R3A,10.0477,10.0812,10.0617,8.5869,8.9566,8.7777
PPP2R3B,3.808,4.6285,4.3614,4.5318,3.9423,4.7466
PPP2R3C,8.8782,8.9516,8.8141,9.3282,9.3409,9.4528
PPP2R5A,8.9272,8.9705,9.0387,8.7807,8.8211,8.923
PPP2R5B,9.1939,9.3347,9.235,9.3306,9.3325,9.3574
PPP2R5C,10.584,10.6096,10.5856,10.4606,10.6049,10.5138
PPP2R5D,10.3386,10.3043,10.3106,10.036,9.9508,9.851
PPP2R5E,10.1687,10.2184,10.1451,10.0778,10.079,10.0573
PPP3CA,10.5687,10.7201,10.5633,10.3285,10.4266,10.3859
PPP3CB,10.455,10.4476,10.528,10.684,10.6609,10.6635
PPP3CC,8.324,8.2741,8.3349,8.1953,8.4665,8.3679
PPP3R1,10.4026,10.517,10.4137,10.8494,10.8394,10.8638
PPP4C,11.128,11.0705,11.1342,11.3657,11.2687,11.3114
PPP4R1,10.6085,10.579,10.6767,10.3557,10.374,10.4232
PPP4R2,10.273,10.2575,10.2187,10.1659,10.1589,10.2436
PPP4R3A,9.8624,9.9897,9.8546,9.4026,9.4328,9.398
PPP4R3B,10.2391,10.1382,10.0931,10.4029,10.3575,10.3072
PPP5C,9.8682,9.8534,9.9918,9.4734,9.5303,9.4612
PPP5D1,3.808,3.7889,3.206,4.1552,4.0287,3.6977
PPP6C,9.8171,9.9069,10.0017,10.2476,10.1978,10.2504
PPP6R1,11.3735,11.4416,11.4227,11.375,11.3326,11.3349
PPP6R2,10.4093,10.4386,10.5057,10.4387,10.4697,10.5361
PPP6R3,10.4066,10.403,10.4944,10.1831,10.2278,10.1902
PPT1,9.6676,9.6011,9.6633,9.2945,9.3025,9.4015
PPTC7,8.7872,8.8149,8.9165,8.6494,8.6513,8.6458
PPWD1,8.1055,7.892,7.9129,8.1091,7.9517,7.8809
PQBP1,9.2512,9.1668,9.2119,8.8653,8.7906,8.783
PRADC1,8.2548,8.4238,8.4968,7.7302,8.1135,7.9106
PRAF2,10.5167,10.4192,10.4266,10.8394,10.7469,10.8058
PRAG1,10.0323,9.9473,9.9732,10.1003,10.2059,10.0395
PRC1,10.584,10.6306,10.7153,7.3242,7.6452,7.5514
PRCC,9.912,9.902,9.9364,9.8257,9.8193,9.9304
PRCD,3.3581,3.2413,2.7255,3.7619,3.5338,3.604
PRCP,10.3879,10.3983,10.3811,10.2041,10.3823,10.2686
PRDM1,7.3474,7.5155,7.5667,10.117,10.3751,10.3655
PRDM10,7.7921,7.5745,7.7177,7.9194,7.9351,7.6946
PRDM11,7.0398,6.8494,6.7271,6.8127,6.8321,6.8854
PRDM14,3.5242,2.6282,3.206,3.6442,3.9423,3.7856
PRDM15,7.4124,7.2926,7.2157,7.5373,7.4865,7.4806
PRDM16,3.5242,3.3989,3.0629,4.1552,3.276,2.6888
PRDM2,9.2835,9.1696,9.1601,8.8421,8.775,8.7804
PRDM4,9.5157,9.4763,9.5787,9.5814,9.3493,9.5439
PRDM5,6.9551,6.9799,6.8521,6.4057,6.2485,6.0971
PRDM6,6.3716,5.6704,5.5718,4.5967,5.1406,4.4015
PRDM7,3.5242,4.1849,3.6682,3.0447,3.9423,3.7856
PRDM8,9.0616,9.2073,9.3201,7.7799,7.7314,7.7394
PRDX1,12.6446,12.607,12.5737,12.8395,12.8499,12.8715
PRDX2,11.0382,11.0357,11.0806,11.4705,11.4201,11.5106
PRDX3,11.3286,11.3384,11.3604,11.0651,11.1907,11.1488
PRDX4,10.7525,10.8426,10.7398,10.8343,10.8176,10.7603
PRDX5,11.0484,10.965,10.899,11.1465,11.211,11.1158
PRDX6,13.4655,13.4659,13.4033,13.393,13.5333,13.2532
PREB,9.8912,9.867,9.8049,10.1484,10.0599,10.1232
PRELID1,11.1709,11.1524,11.2035,10.5605,10.5558,10.5322
PRELID2,5.6156,5.9757,5.792,4.3928,4.1872,4.2239
PRELID3A,5.7888,5.6391,5.5452,4.6587,4.33,4.7898
PRELID3B,9.5425,9.5112,9.5901,7.848,7.9238,7.9252
PRELP,4.7287,4.4952,4.6387,4.6587,4.3964,4.5088
PREP,9.5522,9.5474,9.4992,9.4948,9.574,9.6663
PREPL,10.724,10.6698,10.6636,9.6248,9.6628,9.5581
PREX1,6.5166,5.9757,6.3184,6.799,6.0768,6.3489
PRG4,2.3925,3.3989,2.7255,3.972,3.7525,4.7466
PRICKLE1,9.5831,9.6509,9.706,7.6253,8.0479,7.3853
PRICKLE2,9.2718,9.1886,8.9975,9.3682,9.3598,9.3805
PRICKLE3,7.4542,6.9547,7.2325,7.5207,7.21,6.9629
PRIM1,5.7888,6.1185,5.8367,3.6442,4.1872,3.2797
PRIM2,8.4532,8.3866,8.4034,7.4523,7.2192,7.2832
PRKAA1,10.696,10.8097,10.7981,11.1793,11.2311,11.1771
PRKAB1,8.39,8.4644,8.2549,8.7418,8.6648,8.8043
PRKAB2,9.1082,9.1696,9.1132,9.7547,9.8477,9.7711
PRKACA,10.9479,10.9642,11.0555,10.351,10.4026,10.2932
PRKACB,9.6111,9.701,9.6802,9.824,9.9257,10.1274
PRKAR1A,12.3152,12.305,12.3591,11.6743,11.6382,11.6675
PRKAR1B,8.2724,8.0899,8.2549,7.2045,7.3507,7.1403
PRKAR2A,11.3103,11.4217,11.3813,11.2906,11.3631,11.282
PRKAR2B,7.9682,7.9505,7.9791,9.2473,9.1228,9.4206
PRKCA,11.5239,11.5358,11.4655,11.0384,11.0462,10.9549
PRKCD,8.2489,8.1577,8.094,7.9507,7.8546,7.7503
PRKCE,7.7675,8.0128,8.094,8.4089,8.5196,8.471
PRKCH,3.6731,4.863,4.7363,4.9835,4.7413,4.6087
PRKCI,10.4943,10.504,10.4742,10.7469,10.8401,10.6671
PRKCSH,12.417,12.3232,12.3999,12.6514,12.6039,12.6238
PRKCZ,5.2863,5.0168,5.9221,6.0599,5.8585,5.7919
PRKD1,8.6944,8.442,8.7572,8.6833,8.7145,8.6604
PRKD2,9.024,9.0016,9.1335,9.4538,9.2828,9.4629
PRKD3,10.0963,10.148,10.1125,9.7512,9.8477,9.875
PRKDC,12.6008,12.6734,12.425,11.9801,12.0788,11.9214
PRKG1,9.0818,8.9031,8.9346,10.2234,10.347,10.3547
PRKG2,6.0009,6.3093,6.3801,7.2556,7.0334,7.2982
PRKRA,9.2601,9.2901,9.2701,9.1933,9.2674,9.2856
PRKRIP1,8.4272,8.396,8.5481,8.53,8.5121,8.6633
PRKX,8.422,8.6755,8.4793,9.617,9.6234,9.5169
PRLHR,2.9547,3.2413,3.4556,3.3754,3.8505,4.1595
PRLR,4.7287,4.9161,4.3614,2.34,3.6473,3.6977
PRMT1,11.2866,11.3157,11.3681,11.1322,11.1236,11.1857
PRMT2,10.4277,10.3412,10.3971,10.2837,10.3269,10.3439
PRMT3,7.4124,7.7675,7.5865,7.4346,7.7184,7.6543
PRMT5,10.3933,10.3948,10.4156,9.6479,9.7255,9.6922
PRMT6,8.75,8.7022,8.6328,8.7238,8.6134,8.8936
PRMT7,8.6138,8.5882,8.7659,8.142,8.1573,8.0811
PRMT9,7.423,7.3613,7.4849,7.0511,7.1244,7.098
PRNP,11.787,11.6709,11.6791,11.484,11.4907,11.3811
PROB1,5.4603,5.0646,5.3432,5.8366,5.2525,5.6584
PROCA1,3.1705,3.7889,4.0934,4.0665,4.3964,4.4561
PROCR,8.6138,8.5923,8.4651,9.5222,9.3866,9.5874
PRORP,9.0515,9.0764,9.0048,8.9546,9.0027,8.9777
PROS1,7.8866,7.9568,7.5601,8.8321,8.8271,9.0616
PROSER1,9.3787,9.1859,9.2161,9.7188,9.7319,9.8382
PROSER2,5.7888,5.5069,5.5452,6.1916,6.4339,6.29
PROX1,3.3581,3.5409,3.0629,4.2388,4.6352,4.2239
PRPF18,8.0385,8.1185,8.1348,8.0055,7.8897,8.0144
PRPF3,9.3375,9.2851,9.2903,9.2648,9.1992,9.1678
PRPF31,8.6412,8.7687,8.8689,8.1689,8.2455,8.0234
PRPF38A,9.2921,9.0046,8.9826,9.3066,9.1639,9.1262
PRPF38B,9.5449,9.5787,9.5148,9.7332,9.6795,9.6793
PRPF39,8.1821,8.031,8.1614,8.3815,8.4153,8.3891
PRPF4,9.3895,9.2901,9.2903,9.2523,9.2518,9.3081
PRPF40A,11.0356,11.1124,11.0806,10.9567,11.092,11.0809
PRPF40B,6.5166,6.9161,6.5507,5.8893,5.6291,5.227
PRPF4B,10.1561,10.1143,10.2102,10.4164,10.347,10.3202
PRPF6,10.6097,10.6055,10.6171,10.4844,10.4822,10.4918
PRPF8,11.8213,11.7895,11.8853,11.6134,11.5611,11.5849
PRPH2,4.9197,4.5634,4.5874,4.3179,3.8505,4.4561
PRPS1,10.8049,10.8529,10.916,9.6688,9.8959,9.5705
PRPS2,8.307,8.4777,8.3349,8.0582,8.1573,8.0724
PRPSAP1,8.9161,8.9642,8.9975,8.6146,8.7499,8.7034
PRPSAP2,8.1251,8.2118,8.2047,7.8075,7.7314,7.6659
PRR11,9.9361,10.0637,10.1103,6.9555,7.0124,6.9247
PRR12,9.618,9.4585,9.6539,9.4026,9.3472,9.3155
PRR13,10.3634,10.4122,10.3641,10.2183,10.2716,10.1992
PRR14,8.7074,8.4953,8.5714,8.4964,8.4233,8.4341
PRR14L,9.7704,9.7457,9.6047,10.4254,10.4177,10.4292
PRR16,8.4532,8.6045,8.5747,10.7874,10.6843,10.9514
PRR19,5.1404,5.0168,4.8276,5.0773,5.3562,5.3183
PRR22,4.1505,4.1849,4.0178,3.3754,3.9423,3.1531
PRR23A,3.1705,5.5069,5.6739,6.8397,7.0542,5.7043
PRR3,5.7888,5.5411,5.9012,6.2732,5.9049,6.2748
PRR34,4.427,4.5634,4.5341,3.7619,2.9618,3.1531
PRR5,8.3463,7.9944,8.1393,8.0867,8.1184,8.0144
PRR5L,5.8211,5.4359,5.9427,5.8893,5.7097,6.3197
PRR7,6.8018,6.6908,6.8844,7.0395,7.0746,7.1975
PRRC1,11.267,11.2782,11.26,11.5194,11.621,11.5238
PRRC2A,4.0451,4.1849,5.7459,3.972,5.8819,5.227
PRRC2B,12.3102,12.223,12.2728,11.221,11.1695,11.1452
PRRC2C,12.1307,12.2088,12.0937,12.5474,12.5015,12.5332
PRRG1,8.8195,8.8149,8.763,10.3662,10.3173,10.4318
PRRG4,4.0451,3.5409,3.8536,4.8302,3.8505,4.1595
PRRT1,7.1328,8.5425,8.4071,7.0511,7.0847,6.0971
PRRT2,6.2104,5.9757,6.2037,5.4014,5.3225,5.4588
PRRT3,7.4847,7.3323,7.5865,6.8794,7.0334,7.0455
PRRX1,10.5899,10.7597,10.7588,10.4074,10.4316,10.4579
PRRX2,8.2067,8.3772,8.4108,9.389,9.4929,9.504
PRSS1,4.2487,2.348,3.206,4.2388,3.9423,2
PRSS12,11.1748,11.1709,11.2194,10.8782,11.0319,10.6562
PRSS2,5.3318,3.8985,5.4903,4.1552,5.1406,4.0214
PRSS22,2.7008,2.348,2.5217,4.6587,4.6352,4.7021
PRSS23,11.9564,11.9437,11.9528,11.7788,11.9067,11.7995
PRSS35,7.2201,6.66,6.7507,8.2517,8.0633,8.3427
PRSS50,6.2345,4.9161,6.1158,6.2329,5.5438,4.3447
PRTFDC1,7.544,7.6312,7.3756,7.173,6.9474,7.0455
PRTG,4.5086,4.5634,4.5874,4.464,4.5208,4.9121
PRUNE1,7.6193,7.3323,7.2491,7.6862,7.6588,7.7283
PRUNE2,7.8083,7.9183,7.6379,5.5397,5.5728,5.562
PRX,6.4355,6.141,6.5236,6.5103,6.0969,6.3049
PRXL2A,6.0009,6.1631,6.3801,7.9507,7.9238,8.1859
PRXL2B,8.448,8.4822,8.4616,7.1298,7.1146,7.2293
PRXL2C,7.6556,7.3225,7.5995,6.8663,7.1726,6.9247
PSAP,13.7255,13.6623,13.6944,14.3776,14.3026,14.3736
PSAT1,11.4516,11.3317,11.2808,8.349,8.7403,7.9252
PSD,6.4562,6.442,6.6416,6.9305,6.9694,6.8654
PSD3,9.7786,9.8954,9.7135,11.5727,11.518,11.4915
PSD4,5.2863,5.0168,5.5452,4.9835,4.3964,4.8317
PSEN1,10.2569,10.1863,10.1726,10.9955,10.9794,11.0673
PSEN2,7.9537,7.9695,7.9233,7.8075,7.7943,8.1069
PSENEN,8.5906,8.6005,8.6073,9.5754,9.4328,9.5408
PSG1,4.427,5.1109,4.9136,5.1654,4.6352,4.9121
PSG2,2.9547,2.8627,3.206,3.7619,3.276,3.1531
PSG4,9.9814,10.0204,10.0699,8.9669,9.1639,9.0009
PSG5,7.9537,8.0249,7.8379,7.0041,7.5167,7.0455
PSG7,4.7287,3.5409,4.0934,3.5161,2.5596,2.6888
PSG8,3.808,3.0644,3.206,2.34,2.5596,2.6888
PSG9,4.427,4.4952,4.5874,4.5318,3.8505,4.2856
PSIP1,9.9957,10.0593,10.0558,8.4879,8.6238,8.5888
PSKH1,9.3895,9.2416,9.3873,10.7153,10.6439,10.7155
PSMA1,10.8358,10.8228,10.9102,10.6821,10.7446,10.6901
PSMA2,10.3316,10.4555,10.3458,10.2489,10.3152,10.2436
PSMA3,10.0579,10.134,10.0827,10.1659,10.2071,10.2932
PSMA4,10.9174,10.8723,10.9095,10.5716,10.5621,10.5929
PSMA5,10.6314,10.5913,10.6219,10.5676,10.5264,10.4967
PSMA6,10.696,10.7201,10.6988,10.6803,10.7261,10.6178
PSMA7,11.5727,11.5976,11.6201,11.5173,11.5314,11.5452
PSMB1,11.0441,11.0902,11.0238,11.0428,11.0482,11.0695
PSMB10,8.7872,8.983,8.9139,9.0002,8.9785,8.9986
PSMB2,11.0113,11.0705,11.0025,10.997,10.9882,10.9785
PSMB3,9.2243,9.2232,9.268,9.2773,9.2383,9.2338
PSMB5,11.3817,11.3844,11.4047,11.2949,11.262,11.2919
PSMB6,10.5289,10.5687,10.5806,10.2413,10.2815,10.2562
PSMB7,11.2441,11.212,11.2273,10.9932,11.0042,10.9448
PSMB8,5.1907,5.3224,5.4039,5.9401,5.8348,5.8744
PSMB9,4.2487,4.6908,4.7827,4.7181,5.3562,4.9883
PSMC1,11.2095,11.1378,11.1891,10.9474,10.895,10.8719
PSMC2,10.7866,10.8832,10.8751,10.5234,10.5961,10.629
PSMC3,11.2801,11.2908,11.3528,10.4365,10.5649,10.5089
PSMC3IP,7.256,7.1223,7.2325,6.0131,6.1363,5.7487
PSMC4,9.643,9.7123,9.7045,9.7023,9.6492,9.6793
PSMC5,10.9211,10.807,10.9115,10.7181,10.8085,10.7576
PSMC6,10.2465,10.2981,10.1617,10.1335,10.1779,10.2162
PSMD1,11.7099,11.7448,11.7866,11.5115,11.5044,11.5397
PSMD10,9.1969,9.4107,9.235,8.6608,8.6307,8.7479
PSMD11,10.8844,10.8849,10.9115,10.3404,10.299,10.3119
PSMD12,10.4013,10.3972,10.4474,10.4431,10.4889,10.4224
PSMD13,11.0356,11.0778,11.0649,10.9144,10.8719,10.9061
PSMD14,10.6166,10.6803,10.6299,10.2923,10.2571,10.2397
PSMD2,13.491,13.488,13.5567,13.3883,13.4071,13.4044
PSMD3,11.5566,11.6372,11.6276,11.16,11.1163,11.1827
PSMD4,10.8496,10.9324,10.9264,10.6671,10.7091,10.7508
PSMD5,9.8605,9.9232,9.8077,9.3163,9.3927,9.3556
PSMD6,10.2391,10.2652,10.2917,10.4584,10.3874,10.377
PSMD7,10.7057,10.6937,10.7747,10.5836,10.5621,10.6744
PSMD8,11.4111,11.5543,11.4924,10.8757,10.8682,10.8504
PSMD9,9.8191,9.8534,9.7432,9.9062,9.913,9.9964
PSME1,9.4983,9.522,9.5721,9.1933,9.2629,9.2101
PSME2,9.8429,9.7198,9.7432,9.6092,9.6728,9.5966
PSME3,11.1709,11.2838,11.2115,11.1233,11.0958,11.1216
PSME3IP1,9.7178,9.591,9.6524,9.6744,9.7887,9.6591
PSME4,11.4361,11.4607,11.4915,11.5036,11.5898,11.5562
PSMF1,10.5615,10.4544,10.5314,10.3557,10.3802,10.3484
PSMG1,8.8235,8.6947,8.7129,8.4577,8.5344,8.5858
PSMG2,8.8235,8.7938,8.8823,9.0092,9.083,8.9423
PSMG3,7.9537,7.7675,8.0233,8.081,8.1951,8.028
PSMG4,7.3024,7.1336,7.2898,7.0278,7.1726,7.0002
PSPC1,9.1532,9.3151,9.2246,9.3752,9.4189,9.3787
PSPH,9.2153,9.0938,9.1754,7.8211,7.9125,7.5196
PSPN,5.7558,6.0725,5.7223,6.4414,6.0564,6.3775
PSRC1,8.2782,8.4053,8.8029,6.3875,6.6535,6.3916
PSTK,5.5007,5.7602,5.3432,5.2484,5.2161,5.562
PTAR1,10.1812,10.1312,10.1023,10.1988,10.2515,10.261
PTBP1,12.1743,12.2802,12.2662,11.9671,11.9688,12.0142
PTBP2,7.3474,7.2415,7.2818,8.0114,8.0684,7.8659
PTBP3,10.034,10.1618,10.0862,8.8253,9.1567,9.1388
PTCD1,7.1833,7.445,7.1552,7.5618,7.5536,7.6188
PTCD2,7.3474,7.591,7.4349,7.0966,7.1047,6.845
PTCD3,9.4807,9.3661,9.4712,9.2773,9.3451,9.2875
PTCH1,8.1633,7.8653,7.8434,7.5618,7.4712,7.5387
PTCH2,4.2487,4.4237,4.4213,5.8893,6.1168,5.9334
PTCHD1,3.5242,3.2413,2.7255,2.8457,4.0287,3.604
PTCHD4,6.3273,6.46,6.5372,7.9131,8.0059,7.9914
PTDSS1,11.0746,11.1413,11.1542,11.35,11.3584,11.3802
PTEN,10.9741,10.9619,10.9309,11.4618,11.4968,11.4416
PTER,5.5783,5.7602,5.4333,4.8831,5.1406,5.3183
PTGDR2,2.3925,2.6282,2.7255,3.3754,4.1872,4.0214
PTGDS,5.1404,4.5634,4.7363,5.4014,5.4531,5.7705
PTGER1,4.8588,4.863,4.8712,4.5967,3.6473,4.4561
PTGER2,9.9435,10.0036,9.9819,7.3242,7.4865,7.0275
PTGER4,7.9168,7.9568,7.9489,7.0278,7.2644,7.2371
PTGES,5.3759,5.399,5.4621,6.149,5.6565,5.8944
PTGES2,9.4604,9.4268,9.4605,9.1399,9.1495,9.3265
PTGES3,11.7587,11.7626,11.7759,11.854,11.8122,11.9189
PTGES3L,5.0343,5.6072,4.4213,4.6587,4.4599,4.5088
PTGFR,7.6996,7.4629,7.606,6.0827,6.5696,6.3049
PTGFRN,4.9781,5.2415,4.9547,7.0278,6.8079,6.8035
PTGIR,6.0009,6.2064,5.9012,6.2329,6.4339,6.0446
PTGIS,6.2817,5.9248,5.9427,4.9342,5.3562,4.7466
PTGR1,9.652,9.7566,9.6817,10.3357,10.2771,10.4258
PTGS1,11.4458,11.3985,11.3949,12.8355,12.7266,12.9917
PTGS2,4.9781,5.1993,5.5718,11.4109,10.963,11.7982
PTHLH,5.4603,5.6391,5.4903,7.4258,7.4479,7.3496
PTK2,10.9955,11.0016,10.9945,9.8755,9.955,9.9292
PTK2B,4.9197,4.6285,4.9547,3.8708,3.7525,3.2797
PTK6,3.5242,3.6702,3.7639,3.972,4.0287,3.5038
PTK7,11.8063,11.7351,11.813,12.1289,12.0708,12.0654
PTMA,13.083,13.1673,13.0527,13.349,13.2548,13.35
PTN,10.5603,10.5687,10.601,11.7827,11.8859,11.7668
PTOV1,10.8882,10.8706,10.9348,11.1047,11.0168,11.1442
PTP4A1,11.8857,11.9738,12.0106,13.0688,13.0474,13.1455
PTP4A2,12.3013,12.3804,12.3284,12.2784,12.3389,12.2558
PTPA,11.5792,11.5443,11.5349,11.6915,11.7381,11.7057
PTPDC1,6.6119,6.9547,6.8412,6.7285,6.584,6.4734
PTPMT1,8.6184,8.7247,8.4616,8.7238,8.5344,8.8303
PTPN1,10.8069,10.792,10.9526,11.4322,11.4176,11.419
PTPN11,12.24,12.3006,12.2682,12.3791,12.4356,12.3949
PTPN12,10.4741,10.5073,10.5491,11.2255,11.2709,11.2815
PTPN13,10.5519,10.5062,10.4128,10.9231,10.9171,10.8719
PTPN14,11.9196,12.0997,11.7538,11.5952,11.6834,11.4441
PTPN18,8.157,8.1185,8.1213,8.4445,8.4392,8.4169
PTPN20,3.1705,4.0956,3.3362,2.6149,3.1274,2.2678
PTPN21,9.9324,9.8887,10.0151,9.5934,9.6077,9.6237
PTPN23,10.3246,10.2918,10.4366,10.0849,9.9903,10.0879
PTPN3,6.4145,7.2622,7.0165,6.8531,7.2555,7.6425
PTPN4,7.7921,7.9377,7.6629,7.5618,7.568,7.3424
PTPN7,2.3925,4.863,4.7827,3.0447,4.7915,3.2797
PTPN9,10.0647,10.0264,10.1715,10.2788,10.372,10.3082
PTPRA,10.1624,10.0798,10.1758,10.1844,10.166,10.2705
PTPRB,7.4335,7.111,7.2408,5.6658,6.3526,5.2581
PTPRD,4.1505,4.3484,4.0178,4.1552,4.6352,5.0249
PTPRE,6.0562,6.1631,5.983,8.2264,8.0323,8.3821
PTPRF,12.0312,11.9832,12.0556,11.2998,11.314,11.1421
PTPRG,10.3959,10.3901,10.3126,11.2165,11.1924,11.1659
PTPRH,3.5242,4.0004,3.6682,2.34,2.7747,2.8607
PTPRJ,8.7666,8.8079,8.6423,9.4625,9.5705,9.5844
PTPRK,10.3232,10.2741,10.2927,11.9506,11.8841,12.0717
PTPRM,10.7794,10.707,10.7493,10.8659,10.7541,10.7785
PTPRN,9.7433,9.7675,9.7908,9.7898,9.6779,9.9952
PTPRN2,3.5242,2.6282,3.0629,4.1552,3.8505,3.3961
PTPRQ,4.659,4.4952,4.7363,2.6149,2.9618,2.2678
PTPRS,11.2478,11.2093,11.2844,11.6846,11.6536,11.7226
PTPRU,8.4787,8.2741,8.4898,9.3066,9.1758,9.3062
PTRH1,7.0261,7.0409,6.9671,6.8263,6.7456,6.5381
PTRH2,8.1379,8.1577,8.0472,8.4134,8.3747,8.1859
PTRHD1,7.7254,7.7747,7.6379,7.8546,7.5242,7.8093
PTS,8.3792,8.4465,8.5278,8.7165,8.7145,8.7615
PTX3,11.7034,11.6524,11.5693,9.9284,10.0535,9.972
PUDP,9.7745,9.7729,9.8286,9.5408,9.5578,9.4679
PUF60,9.4833,9.7675,10.3007,9.5138,9.5173,9.7562
PUM1,10.7272,10.792,10.7925,10.9176,11.0155,11.0022
PUM2,10.6154,10.5562,10.5382,11.05,11.0181,11.14
PUM3,9.6018,9.6549,9.6602,9.5033,9.5794,9.4745
PURA,9.2394,9.496,9.1268,8.8354,8.721,8.7313
PURB,10.3004,10.5191,10.3264,11.2357,11.2637,11.3105
PURG,5.2863,4.9161,5.1083,4.0665,3.9423,4.0214
PUS1,8.1821,8.1795,8.0567,8.1901,8.0684,8.0325
PUS10,6.1353,6.6126,6.1692,6.4236,6.3526,5.9334
PUS3,7.0122,7.0764,6.9969,7.3619,7.4789,7.5067
PUS7,8.2067,8.3485,8.052,7.8075,7.9182,8.0144
PUS7L,9.5082,9.595,9.4712,8.349,8.5121,8.4238
PUSL1,8.157,8.1904,7.9989,8.2212,8.1716,8.1365
PVR,11.5542,11.479,11.58,10.6728,10.5703,10.5951
PVRIG,3.3581,3.5409,3.7639,3.8708,3.4107,2.8607
PWP1,10.2012,10.1877,10.2017,9.8966,9.8313,9.8459
PWP2,4.8588,3.8985,3.4556,2.6149,4.5208,3.0143
PWWP2A,8.4583,8.4283,8.259,8.7667,8.5084,8.7777
PWWP2B,7.3251,7.3323,7.5733,7.5537,7.3507,7.5762
PWWP3A,9.3841,9.454,9.428,9.6306,9.5117,9.6177
PXDN,14.93,14.8758,14.9162,15.3874,15.2895,15.4071
PXK,9.1049,9.111,8.995,8.7667,8.9204,8.7479
PXMP2,6.9696,6.8765,7.1727,6.2732,6.3692,6.0446
PXMP4,7.2321,7.21,7.2978,6.9678,6.7709,6.5126
PXN,12.4503,12.4918,12.5563,10.9497,10.9882,10.9538
PXYLP1,7.6734,7.8032,7.8046,9.056,9.0627,9.1698
PYCARD,6.4562,6.5467,6.564,6.9678,6.9474,7.1733
PYCR1,11.1472,11.1503,11.1054,10.2041,10.2312,9.9519
PYCR2,9.2213,9.4405,9.1041,8.9546,8.8832,8.723
PYCR3,7.0937,7.1668,7.3216,6.8397,6.667,6.4866
PYGB,12.2764,12.337,12.3531,11.9989,12.0753,11.9383
PYGL,9.8211,9.8329,9.8829,8.8321,8.775,8.6806
PYGO1,7.8083,7.6704,7.5601,6.98,6.7199,6.9723
PYGO2,8.8667,8.6045,8.7039,9.0357,8.9456,9.055
PYM1,7.8942,7.872,7.9591,8.2717,8.0633,8.2297
PYROXD1,8.0453,8.2893,8.3114,8.2315,8.4857,8.2059
PYROXD2,6.8018,6.8219,6.7623,5.5063,4.7915,5.0606
PYURF,7.7839,7.3323,7.2655,6.7571,7.2644,7.5701
QARS1,11.106,11.0988,11.152,11.4569,11.4826,11.4956
QDPR,8.4114,8.3142,8.3996,7.3146,7.392,7.4337
QKI,11.0821,11.1946,11.1912,11.2628,11.3677,11.385
QPCT,5.9724,5.872,6.0027,5.8095,5.6834,5.4588
QPCTL,8.1883,8.0666,8.3193,8.1742,8.0986,8.0636
QPRT,8.6769,8.5923,8.5614,8.4179,8.3829,8.3961
QRICH1,10.3662,10.3473,10.4008,10.5203,10.4668,10.525
QRICH2,6.1608,5.872,5.6739,6.1051,5.7356,5.6349
QRSL1,8.0385,8.141,8.1303,7.4346,7.3838,7.3278
QSER1,10.0009,10.0489,9.8424,9.6052,9.7351,9.5874
QSOX1,14.7149,14.6491,14.6989,14.6483,14.6576,14.6121
QSOX2,9.4933,9.2724,9.4712,8.1582,8.0886,8.1614
QTRT1,7.8163,7.8172,8.1168,7.8744,7.7882,7.8659
QTRT2,8.231,8.1632,8.0038,7.9445,8.1573,8.1027
R3HCC1,8.779,8.6832,8.763,8.3907,8.5636,8.3245
R3HCC1L,7.9317,7.9052,7.9791,8.1689,8.2855,8.3786
R3HDM1,9.7724,9.6877,9.6492,9.1695,9.1302,9.2761
R3HDM2,9.6157,9.6588,9.6272,9.4229,9.4028,9.4579
R3HDM4,9.795,9.8619,9.8587,9.8392,9.8757,9.8083
RAB10,11.3138,11.2864,11.2974,11.1713,11.2514,11.1943
RAB11A,11.067,11.111,11.1403,11.0879,11.1449,11.0645
RAB11B,10.3675,10.1836,10.226,10.5472,10.5747,10.5913
RAB11FIP1,8.7913,8.7795,8.6517,7.8612,8.0936,7.5324
RAB11FIP2,8.5765,8.4465,8.3504,8.2816,8.3911,8.3926
RAB11FIP3,8.8511,8.7867,8.9139,9.665,9.574,9.6371
RAB11FIP4,5.2393,4.9161,5.4039,4.0665,4.6352,4.4015
RAB11FIP5,10.9542,10.9096,10.9859,10.0404,10.0522,9.9243
RAB13,11.5214,11.4674,11.4162,11.868,11.816,11.8244
RAB14,10.9295,10.9752,10.9469,10.8895,10.9185,10.9232
RAB15,8.157,8.1957,8.2216,7.9067,8.027,7.9106
RAB18,10.7743,10.8097,10.7537,11.2281,11.2681,11.2791
RAB1A,11.987,12.0769,12.0236,11.7363,11.8183,11.7292
RAB1B,12.0986,12.0608,12.1601,12.1473,12.0718,12.0904
RAB20,3.1705,4.0956,4.3614,4.464,4.7915,4.2239
RAB21,10.0443,10.141,10.009,10.2738,10.3575,10.2368
RAB22A,9.9689,10.1284,9.939,10.24,10.0522,10.2562
RAB23,9.3623,9.3589,9.3967,9.5222,9.5136,9.5518
RAB24,8.5622,8.4909,8.3771,8.9296,8.7998,8.9206
RAB26,4.5086,4.6285,4.6387,4.1552,4.33,4.0214
RAB27A,8.4634,8.4329,8.4508,8.2315,8.1857,8.306
RAB27B,6.0288,6.1631,5.792,8.7946,8.6273,8.7451
RAB28,7.2677,7.6781,7.6252,7.5699,7.3591,7.5387
RAB29,8.0791,7.8032,7.8489,8.4134,8.2855,8.3926
RAB2A,11.3742,11.4546,11.3236,11.3269,11.3847,11.3124
RAB2B,8.3519,8.3866,8.3884,9.2822,9.2108,9.2318
RAB30,8.3127,8.4909,8.2089,8.6833,8.641,8.692
RAB31,9.1309,9.218,9.1424,10.4833,10.4276,10.5065
RAB32,9.7683,9.8821,9.8021,9.646,9.7637,9.675
RAB33A,3.6731,4.7505,3.8536,2.8457,3.9423,3.3961
RAB33B,7.4124,7.6152,7.5127,7.4697,7.5316,7.364
RAB34,11.3174,11.3188,11.3935,11.4515,11.435,11.5037
RAB35,10.192,10.2104,10.3332,9.6949,9.7367,9.7356
RAB36,7.1199,6.8079,7.0736,7.701,7.3674,7.6188
RAB38,5.8835,5.4718,5.649,4.6587,4.6892,4.0214
RAB39B,4.8588,4.2689,4.7363,3.7619,3.9423,3.604
RAB3A,6.8495,6.9291,7.0829,7.8413,7.6036,7.6248
RAB3B,13.0542,13.129,13.0129,12.8923,12.9145,12.8614
RAB3GAP1,10.8159,10.8495,10.8454,10.0404,10.2013,10.0328
RAB3GAP2,10.242,10.1618,10.1395,9.4538,9.508,9.3574
RAB3IL1,5.6874,6.141,6.2703,6.5103,5.9934,6.1806
RAB3IP,5.54,6.0005,5.7223,5.6957,5.5142,5.7267
RAB40B,7.9018,7.8653,7.8759,7.6712,7.9011,7.9587
RAB40C,7.9609,8.2329,8.3581,8.5506,8.5084,8.7451
RAB42,3.1705,3.5409,3.7639,2.8457,3.1274,2.8607
RAB43,9.5206,9.6626,9.4371,10.8863,10.9256,10.8587
RAB4A,9.4002,9.4562,9.4134,9.4905,9.5099,9.7204
RAB4B,7.7757,7.6626,7.7414,8.687,8.5381,8.607
RAB4B-EGLN2,2.7008,4.9161,2,4.464,5.1013,4.2239
RAB5A,10.215,10.2511,10.2417,10.6453,10.7082,10.6779
RAB5B,11.3117,11.375,11.3856,11.4754,11.4156,11.4513
RAB5C,11.6561,11.7342,11.6925,11.9259,11.8859,11.908
RAB5IF,10.333,10.4374,10.4357,10.945,10.7493,10.914
RAB6A,11.5159,11.5884,11.5409,11.8997,11.9007,11.9214
RAB6B,6.0288,5.9757,6.482,5.2484,5.2525,4.9507
RAB7A,12.2651,12.3127,12.2965,12.8347,12.7338,12.8407
RAB7B,7.6909,7.4176,7.6252,7.0626,6.8794,6.5879
RAB8A,10.333,10.3253,10.3506,9.993,9.97,9.8937
RAB8B,9.5449,9.6173,9.6272,9.227,9.4328,9.2913
RAB9A,8.1251,8.0005,7.994,8.2517,8.3911,8.4204
RAB9B,4.9781,5.0168,4.6387,4.464,5.3892,4.7021
RABAC1,10.9071,10.8639,10.9335,10.8242,10.7745,10.844
RABEP1,10.6062,10.58,10.6034,10.3557,10.4227,10.3903
RABEP2,9.0616,9.0439,9.0764,9.024,8.7936,8.9542
RABEPK,8.8821,8.7359,9.0024,8.6067,8.6342,8.4272
RABGAP1,10.046,10.0219,9.8695,10.0764,10.0222,10.2211
RABGAP1L,8.7872,8.8149,8.7831,8.2366,8.4313,8.2257
RABGEF1,9.8605,9.9003,9.9416,9.6402,9.7948,9.6793
RABGGTA,8.7954,8.7285,8.6826,9.5953,9.5322,9.5798
RABGGTB,9.6874,9.6953,9.6144,9.6763,9.6795,9.7301
RABIF,7.8713,8.0429,7.8705,8.4707,8.3456,8.306
RABL2A,6.3273,6.3093,6.254,7.1941,6.8441,6.8035
RABL2B,7.9825,8.1354,8.1526,8.2568,8.2136,8.3891
RABL3,8.3184,8.2993,8.1123,7.3146,7.2375,7.0719
RABL6,11.0226,11.0477,11.1042,10.7699,10.8176,10.8383
RAC1,12.3598,12.4044,12.391,12.1415,12.1406,12.1822
RAC2,10.3344,10.1863,10.2847,10.052,10.1505,10.2781
RAC3,7.3694,7.6548,7.5196,7.2854,7.21,7.0543
RACGAP1,9.8931,9.9897,10.0804,7.1298,7.4001,7.1569
RACK1,13.8566,13.8073,13.8465,13.5208,13.5221,13.4822
RAD1,8.996,9.0259,8.995,8.862,9.008,8.8432
RAD17,7.0804,6.721,7.3604,7.0395,7.1631,6.9052
RAD18,8.2548,8.451,8.4544,6.8263,6.7199,6.8035
RAD21,11.2859,11.2914,11.3714,10.836,10.8667,10.925
RAD23A,10.2686,10.2511,10.3933,9.9046,9.7479,9.9097
RAD23B,12.2764,12.356,12.3085,11.5887,11.6713,11.5783
RAD50,9.7868,9.7198,9.6924,10.0764,10.017,10.0294
RAD51,7.0804,7.3708,7.3216,5.0773,5.1406,5.3761
RAD51AP1,7.0398,7.2724,7.1814,5.0312,5.1013,4.6561
RAD51B,5.4187,5.399,5.598,5.0773,5.0609,4.8725
RAD51C,7.6909,7.6548,7.8651,7.4783,7.5017,7.3496
RAD51D,8.4008,8.0957,8.0281,7.461,7.7314,7.6366
RAD52,6.6663,6.5635,6.3649,6.3875,6.1168,6.2285
RAD54B,6.5362,6.7359,6.7152,5.0773,4.9325,4.8317
RAD54L,6.7525,6.9291,7.0548,4.5967,4.1872,3.8686
RAD54L2,9.5995,9.593,9.4587,9.2473,9.0447,9.0856
RAD9A,6.2817,6.1631,6.3649,6.4236,6.8559,6.845
RADX,4.8588,4.6285,5.1443,4.464,4.33,4.6087
RAE1,9.0309,9.029,8.9851,9.0473,9.0159,9.0214
RAET1G,5.8526,5.2825,5.7691,6.527,6.7456,6.5126
RAF1,11.0662,11.01,11.1498,10.5836,10.6439,10.6837
RAG1,4.9197,4.0004,5.0336,3.5161,3.5338,4.0921
RAI1,10.4563,10.492,10.5305,10.5966,10.5864,10.665
RAI14,13.4119,13.443,13.3882,13.4873,13.5655,13.4934
RAI2,3.5242,2,4.2336,4.1552,3.8505,4.4015
RALB,10.5627,10.5841,10.5314,10.226,10.2369,10.28
RALBP1,11.144,11.0757,11.0806,11.4019,11.403,11.3956
RALGAPA1,8.5186,8.5213,8.4328,7.9569,8.1525,8.0459
RALGAPA2,7.4124,7.342,7.2737,7.2854,7.2733,7.2135
RALGAPB,10.4588,10.3724,10.4193,10.8968,10.8813,10.8292
RALGDS,9.0884,9.0168,9.1819,9.6688,9.5136,9.7049
RALGPS1,5.2863,5.6704,5.5452,5.4722,5.7097,5.5113
RALGPS2,10.1418,10.1673,10.1638,9.6631,9.5883,9.737
RALY,11.2344,11.2324,11.2778,11.0694,11.097,11.1041
RAMAC,8.6367,8.4689,8.5481,8.8751,9.1326,8.8837
RAMP1,7.7083,7.7457,7.7531,6.8923,6.9024,6.9629
RAMP2,2.3925,3.7889,3.4556,3.2195,2.7747,2.8607
RAN,12.4503,12.4991,12.527,11.9401,11.9322,11.9588
RANBP1,10.6484,10.5964,10.7056,10.2375,10.1625,10.1441
RANBP10,8.7749,8.5964,8.636,8.081,8.0479,8.1407
RANBP17,7.4124,7.3708,7.4349,7.3242,7.6106,7.6659
RANBP2,11.8347,11.6733,11.647,11.956,11.9935,11.9274
RANBP3,10.1062,10.1382,10.1057,9.4184,9.6077,9.5201
RANBP6,9.7263,9.8363,9.7708,9.2797,9.4308,9.3484
RANBP9,9.9526,9.8854,9.8654,10.296,10.4483,10.4266
RANGAP1,12.2684,12.2607,12.2928,11.7665,11.7032,11.7873
RANGRF,8.0177,7.8787,7.9489,7.9257,7.8954,7.8958
RAP1A,10.1482,10.2237,10.1726,10.2463,10.2881,10.3119
RAP1B,11.5566,11.6728,11.6261,11.5514,11.5782,11.6708
RAP1BL,4.5086,7.591,6.482,5.4372,5.4531,6.2285
RAP1GAP,4.9197,2.6282,5.2137,4.7753,5.2879,5.3183
RAP1GAP2,7.4948,7.6781,7.6316,7.5537,7.3082,7.3853
RAP1GDS1,10.3511,10.4053,10.3783,9.5429,9.6286,9.64
RAP2A,9.4109,9.3541,9.3892,9.7494,9.8117,9.8825
RAP2B,9.6453,9.7254,9.703,9.8998,9.6862,9.7162
RAP2C,9.8759,9.8954,9.8587,10.1156,10.2106,10.2417
RAPGEF1,10.7546,10.8079,10.8024,11.0758,11.0889,10.9959
RAPGEF2,10.3757,10.3093,10.3669,10.3273,10.5171,10.3421
RAPGEF3,6.2817,6.269,6.3184,4.8302,5.3225,5.4042
RAPGEF4,6.2104,6.3676,6.5772,8.1091,8.2044,8.2568
RAPGEF6,8.6988,8.7173,8.8169,8.7631,8.7339,8.7937
RAPGEFL1,7.5048,6.2276,5.6238,6.6235,6.6535,6.4466
RAPH1,9.895,9.9616,9.856,8.5988,8.9147,8.7723
RARA,8.9493,8.8932,8.9626,9.5794,9.4602,9.5455
RARG,9.2512,9.0938,9.1667,9.0151,9.2337,9.1283
RARRES1,5.3318,5.4359,5.7691,5.1654,5.8348,5.3475
RARRES2,4.427,3.3989,3.938,4.5967,4.0287,4.4561
RARS1,11.2019,11.2324,11.1342,10.9024,10.9043,10.8228
RARS2,9.5594,9.7216,9.6208,9.4472,9.4466,9.4695
RASA1,11.1256,11.1926,11.2404,11.4569,11.434,11.4676
RASA2,8.6901,8.7135,8.7039,10.7217,10.676,10.8058
RASA3,9.9063,9.9069,9.8587,9.9284,9.9439,10.0716
RASA4,8.9383,8.8965,9.0267,8.306,8.7435,8.4644
RASA4B,7.8401,7.5828,7.6316,7.4697,6.8441,7.4872
RASAL1,4.5858,4.9161,4.4213,5.9649,4.7413,6.1968
RASAL2,9.3007,9.2673,9.2413,9.1069,9.0653,8.9777
RASD1,5.2393,5.789,5.518,5.1654,5.4839,5.3761
RASD2,4.8588,5.0168,4.8276,5.3646,5.4839,5.5113
RASEF,5.9724,6.5635,6.0975,6.4236,6.6122,6.4734
RASGEF1B,3.1705,4.0956,3.0629,3.8708,3.4107,3.2797
RASGRF1,3.1705,3.3989,3.206,3.3754,3.7525,3.7856
RASGRF2,9.4293,9.4982,9.5062,11.1707,11.0989,11.2422
RASGRP1,4.5858,4.6908,4.5341,3.8708,3.8505,3.3961
RASGRP3,6.4968,6.2484,6.5372,8.973,8.7875,9.2493
RASL10B,8.1315,8.0429,8.0894,7.4523,7.4162,7.6007
RASL11A,6.0009,6.1185,6.2703,6.4057,6.5406,6.1478
RASL11B,4.659,4.6285,4.0178,7.4697,7.4865,7.3711
RASL12,3.9314,3.0644,3.3362,3.3754,3.276,3.6977
RASSF1,9.024,9.0046,9.1446,8.4922,8.5636,8.5919
RASSF2,7.4542,7.1336,6.9771,7.7868,8.027,7.8809
RASSF3,9.7848,9.7693,9.749,9.3729,9.3968,9.3411
RASSF4,7.1957,7.0168,6.9671,6.149,5.8348,5.813
RASSF5,5.6519,5.1558,5.5452,3.8708,4.3964,4.9507
RASSF7,6.6484,6.903,6.8521,6.1916,6.1557,6.0623
RASSF8,9.9562,10.0355,9.9769,10.7682,10.7985,10.9591
RAVER1,10.0814,10.037,10.1125,10.2015,10.2221,10.3592
RAVER2,7.256,7.2311,7.1901,6.6543,6.4496,6.6711
RB1,9.8778,9.9102,9.9274,10.2311,10.2048,10.3082
RB1CC1,10.4855,10.4778,10.4091,11.5872,11.4869,11.6675
RBAK,8.2067,8.1686,8.1258,8.7842,8.8151,8.8736
RBBP4,10.6574,10.7013,10.6866,11.3058,11.2373,11.3207
RBBP5,8.8354,8.8357,8.7219,8.7129,8.8332,8.7479
RBBP6,9.9213,9.9281,9.9669,10.2079,10.2504,10.1607
RBBP7,10.3973,10.5551,10.6322,9.984,10.047,10.0204
RBBP8,8.4008,8.5759,8.4863,8.2264,7.9736,8.037
RBBP9,8.4428,8.3819,8.2216,8.2416,8.4665,8.5327
RBCK1,11.006,10.5697,11.0666,10.6328,10.0714,10.5852
RBFA,7.9967,7.9052,7.9024,7.2354,7.3756,7.0719
RBFOX2,12.0928,12.1907,12.1191,12.5402,12.6354,12.5895
RBIS,8.1759,8.2993,8.259,8.3205,8.5381,8.4066
RBKS,4.0451,4.1849,4.5341,4.5318,4.2603,4.1595
RBL1,7.5727,7.7747,7.6996,5.8366,6.3187,5.9334
RBL2,9.4162,9.4939,9.4552,9.8001,9.8117,9.7092
RBM10,9.9653,9.9085,10.0065,9.7706,9.6441,9.7535
RBM12,10.5447,10.6226,10.6275,10.5746,10.6617,10.6657
RBM12B,8.5717,8.5593,8.5107,8.4044,8.2899,8.3926
RBM14,9.5948,9.7198,9.7779,9.2346,9.1544,9.2001
RBM14-RBM4,6.1094,5.872,6.0975,4.9835,5.9499,5.8542
RBM15,7.3251,7.4807,7.368,7.5939,7.6246,7.5638
RBM15B,10.7208,10.6975,10.7228,10.404,10.4831,10.447
RBM18,9.7306,9.3613,9.4923,10.0258,9.993,10.2715
RBM19,9.4858,9.5558,9.4818,8.8817,8.8241,8.947
RBM20,4.8588,4.8078,4.6883,5.122,3.9423,4.7898
RBM22,8.7913,8.8664,8.7716,8.8321,9.0238,8.9707
RBM23,9.4629,9.4763,9.4462,9.7915,9.7367,9.8675
RBM24,7.879,8.0957,8.0472,7.8744,8.2679,8.0325
RBM25,10.9705,10.9846,11.0025,10.9613,11.0273,10.9878
RBM26,9.7092,9.6312,9.6382,9.5592,9.5866,9.5627
RBM27,9.4731,9.5991,9.4262,8.7561,8.8391,8.8736
RBM28,9.1564,9.0793,9.0411,9.1153,9.1423,9.1283
RBM3,11.9551,12.2348,12.1052,11.4909,11.8015,11.6219
RBM33,9.2304,9.2851,9.428,9.4582,9.4814,9.4877
RBM34,8.9889,9.175,8.955,9.3659,9.3907,9.1071
RBM38,7.6734,7.5579,7.7355,7.8006,7.4001,7.7987
RBM39,11.3516,11.206,11.2471,11.5514,11.6382,11.6944
RBM4,10.7702,10.6552,10.7361,10.4897,10.4036,10.5049
RBM41,7.3251,7.445,7.2573,7.7588,7.6723,7.6659
RBM42,10.1127,10.2433,10.2674,10.0287,10.005,9.9918
RBM43,7.4335,7.2415,7.3294,7.3242,7.5017,7.3782
RBM44,3.3581,3.7889,3.206,3.5161,3.1274,3.5038
RBM45,7.6645,7.4895,7.6629,7.1407,7.5752,7.3853
RBM47,4.7287,4.0956,4.7827,5.122,5.0194,5.0606
RBM48,6.5555,6.863,6.8521,7.1516,7.1535,7.3993
RBM5,10.3076,10.2956,10.3067,10.4812,10.4668,10.517
RBM6,9.652,9.6352,9.616,9.9394,9.8537,10.0124
RBM7,9.2153,9.2648,9.1132,9.5874,9.6286,9.4545
RBM8A,10.7325,10.6503,10.7398,10.7593,10.7808,10.8751
RBMS1,10.1997,10.2355,10.1834,10.9781,11.0397,10.9814
RBMS2,10.9479,11.0735,10.9859,11.0644,11.0436,11.059
RBMS3,9.0917,9.1223,9.2516,8.2816,8.7656,8.5548
RBMX,11.1408,11.2376,11.212,10.5766,10.7525,10.6965
RBMX2,7.6285,7.7819,7.8214,7.9067,7.7632,7.8145
RBMXL1,7.4847,7.6072,7.6691,7.0395,7.0644,6.8035
RBP1,7.1583,7.342,7.2818,8.1582,8.0375,8.0234
RBP5,3.6731,4.4952,3.8536,4.3179,4.6892,4.5596
RBPJ,11.6101,11.6188,11.6052,11.7519,11.7564,11.828
RBPMS,10.7494,10.5882,10.7272,11.3429,11.3537,11.2998
RBPMS2,6.0009,6.3093,6.1692,5.6658,5.7097,5.611
RBSN,9.3596,9.378,9.4023,9.3235,9.4028,9.1637
RBX1,9.1082,9.3469,9.1313,8.3998,8.4392,8.3715
RC3H1,9.2304,9.1364,9.0219,9.8982,9.8418,9.8738
RC3H2,10.116,10.1242,10.009,10.54,10.5171,10.5542
RCAN1,11.1231,11.1385,11.1652,10.5866,10.735,10.5959
RCAN2,6.2104,6.2064,5.9012,4.5318,3.9423,4.1595
RCAN3,8.3408,8.1466,8.1961,7.701,7.7378,7.7283
RCBTB1,9.4188,9.4061,9.4299,9.4494,9.5866,9.6072
RCBTB2,7.2794,7.2311,7.0453,7.586,7.4635,7.6128
RCC1L,9.8171,9.7585,9.8668,9.8442,9.7092,9.8083
RCC2,9.643,9.6312,9.6602,10.404,10.3354,10.4428
RCCD1,7.067,6.9923,7.1986,6.3875,6.3526,5.9714
RCE1,7.3363,7.4895,7.6124,7.4869,7.6922,7.6775
RCHY1,8.099,8.2485,8.1658,7.7658,8.0684,7.9775
RCL1,7.5821,7.4718,7.4989,7.8678,7.568,7.772
RCN1,13.1877,13.095,13.0908,12.7597,12.7674,12.7273
RCN2,10.4993,10.5083,10.4961,10.2028,10.3173,10.2309
RCN3,11.1996,11.1702,11.2263,10.351,10.505,10.2591
RCOR1,9.5449,9.593,9.6176,9.3958,9.5687,9.3357
RCOR3,8.5717,8.5213,8.6169,8.5341,8.5233,8.471
RDH11,10.5314,10.5635,10.6338,11.1261,11.0908,11.1653
RDH13,5.54,5.3224,5.4903,6.0367,5.6565,5.8337
RDH14,7.8163,7.6233,7.8434,7.7156,7.5242,7.526
RDH16,2.9547,4.1849,3.206,3.972,3.9423,3.5038
RDH5,6.0288,5.7602,5.88,4.3928,3.9423,4.2856
RDX,11.2765,11.2519,11.3044,10.8217,10.9437,10.8104
REC8,3.808,4.0004,4.1652,4.1552,4.7915,4.1595
RECK,11.5945,11.4939,11.4993,10.4682,10.6145,10.4479
RECQL,10.5675,10.552,10.5424,10.3662,10.4552,10.4112
RECQL4,8.0108,8.269,8.1789,7.074,7.0334,7.1403
RECQL5,7.6466,7.5662,7.54,7.6018,7.6036,7.6832
REEP2,9.0684,9.0046,8.9925,8.1848,8.259,8.0767
REEP3,10.5471,10.5676,10.4987,10.6633,10.5855,10.7322
REEP5,11.1328,11.1655,11.1885,11.4748,11.4773,11.4466
REEP6,5.2863,5.1993,5.4621,5.6353,5.7356,5.6349
REL,7.7675,7.8172,7.6252,7.6176,7.5092,7.6543
RELA,10.4767,10.5351,10.5499,9.2871,9.3598,9.2259
RELB,8.6636,8.2276,8.2631,8.7525,8.809,8.9613
RELCH,9.7092,9.5004,9.5199,9.0002,9.1447,9.0528
RELL1,6.5166,6.58,6.496,7.8075,7.4001,7.7666
RELL2,6.1608,6.0005,6.3184,6.2532,6.1935,6.0798
RELN,11.5939,11.5751,11.4624,8.4313,8.6948,8.1979
RELT,6.8495,7.1447,6.9969,7.4954,7.5316,7.6425
RENBP,3.1705,3.3989,3.3362,4.5967,4.2603,4.6561
REP15,4.5086,4.1849,4.3614,5.2075,4.7915,4.9121
REPIN1,9.9287,9.9928,10.0439,10.1659,10.1684,10.2426
REPS1,8.8821,8.9611,9.0506,8.8914,8.9119,8.947
REPS2,4.1505,4.4237,4.5341,4.9342,4.0287,4.5088
RER1,11.4606,11.3979,11.3865,11.5601,11.5114,11.5389
RESF1,7.8942,7.8032,7.5865,8.9484,8.8451,8.994
REST,9.9101,9.9742,9.8587,10.0154,10.1861,10.1801
RET,2.9547,2.8627,3.3362,4.3179,4.3964,4.3447
RETREG2,10.4225,10.3593,10.4302,10.65,10.5603,10.6416
RETREG3,9.643,9.6011,9.6445,10.4486,10.4056,10.4335
RETSAT,9.7786,9.6665,9.6445,9.9062,9.9257,9.8775
REV1,8.4377,8.46,8.5681,8.4044,8.3829,8.3282
REV3L,9.9063,9.6953,9.721,10.0707,10.1408,10.0518
REX1BD,8.0453,8.1795,8.1032,8.3205,8.3029,8.1859
REXO1,9.4655,9.3372,9.4134,9.2397,9.2696,9.2061
REXO2,10.9795,10.8832,10.9141,10.6005,10.6058,10.4918
REXO4,8.1379,8.1072,8.2258,8.4577,8.3911,8.4204
REXO5,5.54,5.2415,5.598,4.5318,4.5208,4.4015
RFC1,9.7369,9.7765,9.8119,8.901,9.0317,8.9375
RFC2,8.0038,8.141,8.0661,7.5123,7.5536,7.4872
RFC3,7.4439,7.6072,7.6875,6.1051,6.584,6.1968
RFC4,7.6376,7.6391,7.5733,6.4236,6.6122,6.5254
RFC5,7.3474,7.3613,7.4422,6.6079,6.284,6.8244
RFESD,4.5086,3.2413,3.5658,3.3754,3.6473,3.1531
RFFL,8.5235,8.6444,8.5648,7.5207,7.6384,7.3057
RFK,9.0917,9.0967,9.0624,9.6875,9.6912,9.737
RFLNB,10.5946,10.7624,10.7718,9.7828,9.8328,9.8536
RFNG,9.0344,9.041,9.0834,9.1208,9.0931,9.0349
RFT1,8.6092,8.6286,8.6073,7.7937,7.8005,7.9155
RFTN1,10.6495,10.6746,10.7191,10.8928,10.9493,10.8234
RFTN2,6.5555,6.141,6.3495,7.9383,7.9627,7.9868
RFWD3,9.2747,9.3921,9.3798,8.4533,8.3073,8.2297
RFX1,8.0521,8.031,7.994,8.1311,7.9011,8.0984
RFX3,6.1353,5.7602,5.6238,6.4934,6.2304,6.4466
RFX5,9.0851,9.0259,9.0363,8.4533,8.4548,8.4375
RFX7,8.9123,8.9452,8.95,8.8849,8.9621,8.8762
RFX8,6.1858,5.9505,6.3025,5.5723,6.0768,6.0623
RFXANK,9.1596,8.9705,9.1623,9.3729,9.366,9.259
RFXAP,5.54,5.872,5.8145,4.7753,5.1406,5.1295
RGCC,8.1945,8.0783,7.8759,7.9507,7.8954,7.6946
RGL1,8.7331,8.7542,8.763,9.9284,9.8448,10.0181
RGL2,6.4562,6.5467,6.4536,7.2251,6.9803,7.1319
RGL4,4.8588,4.4952,4.0934,5.9649,5.4531,5.6584
RGMA,4.5858,3.2413,4.0934,3.7619,3.9423,4.2239
RGMB,12.865,13.0669,13.05,11.7443,11.9857,11.743
RGP1,10.3288,10.3315,10.3564,10.5255,10.4831,10.5558
RGPD1,2.3925,2,2.904,3.5161,4.6352,3.5038
RGPD2,3.6731,4.0956,3.6682,4.5967,3.9423,4.6561
RGPD5,7.6909,6.1631,5.2472,6.6235,7.6176,7.7059
RGPD6,9.0784,9.1586,9.1424,9.5874,9.5377,9.536
RGPD8,6.1353,6.3093,6.2374,6.3123,6.5258,6.1478
RGS10,9.5255,9.595,9.6047,9.8772,9.9159,9.8044
RGS11,3.808,4.0004,4.2336,3.0447,2.3068,3.2797
RGS12,8.3792,8.4329,8.4651,8.8719,8.775,8.8762
RGS14,3.808,4.1849,3.7639,4.0665,4.2603,4.0921
RGS16,2.3925,2.6282,3.0629,4.2388,3.9423,3.6977
RGS17,7.0804,6.9799,7.0165,9.8325,9.759,9.8561
RGS19,7.6466,7.5155,7.7762,7.3619,7.2733,7.3057
RGS2,6.8338,6.6444,6.5236,7.7302,7.6856,7.6775
RGS20,7.3474,7.3803,7.54,7.2149,7.21,7.3782
RGS3,10.0897,10.0067,10.0296,10.0919,10.0288,9.9883
RGS4,11.6601,11.7738,11.8235,12.3957,12.4827,12.3975
RGS5,8.3463,8.2485,8.1702,10.2209,10.1457,10.1719
RGS7,4.0451,4.0956,3.8536,3.5161,3.4107,3.3961
RGS9,4.5086,4.8078,4.4213,5.2484,5.1013,5.1627
RHBDD1,9.0515,9.0168,8.9876,8.5709,8.447,8.5038
RHBDD2,9.3206,9.2442,9.2782,10.6376,10.5264,10.6787
RHBDD3,8.1251,7.9695,8.1526,8.6185,8.4193,8.5858
RHBDF1,10.1781,10.031,10.1272,10.9144,10.7139,10.9918
RHBDF2,7.3911,7.3708,7.5196,6.6235,6.5258,6.6361
RHBDL1,4.0451,5.1558,4.5341,4.5967,4.5791,4.6087
RHBDL2,4.659,4.9161,4.7827,4.464,4.6892,4.8317
RHBDL3,2.3925,3.3989,3.206,3.5161,4.1101,3.3961
RHCE,7.2441,7.0647,7.164,7.8744,7.8368,7.8958
RHD,4.0451,3.7889,3.7639,4.1552,4.1101,4.2239
RHEBL1,5.5007,5.2415,4.1652,6.1704,5.6834,5.8744
RHEX,4.0451,3.6702,3.6682,3.8708,3.9423,3.604
RHNO1,8.4008,8.396,8.3619,7.9194,7.7442,7.8455
RHOA,13.3487,13.3653,13.3795,13.2677,13.2648,13.2724
RHOB,10.5338,10.6075,10.7048,11.0701,11.1695,11.2344
RHOBTB1,8.6412,8.5551,8.5175,8.6796,8.9176,8.775
RHOBTB2,9.1212,8.9194,8.9925,9.333,9.3089,9.332
RHOBTB3,11.691,11.7886,11.6944,11.7661,11.849,11.854
RHOC,12.7628,12.7135,12.774,12.3119,12.34,12.2349
RHOD,6.5934,6.4777,6.739,6.527,6.5406,6.1806
RHOF,5.8526,5.7602,6.3649,5.6353,6.1935,6.1806
RHOG,9.4731,9.5241,9.4712,8.8751,8.6816,8.8483
RHOH,4.5858,4.0956,3.938,4.1552,4.2603,4.9121
RHOJ,8.9493,8.9162,8.9035,8.2212,8.4587,8.1899
RHOQ,10.9424,10.9744,10.8758,10.8208,10.8893,10.7718
RHOT1,9.1501,9.1081,9.1469,8.0867,8.0684,7.9587
RHOU,5.5007,5.8986,5.649,5.8095,6.0969,6.0085
RHPN2,5.9434,6.269,6.2037,4.8302,4.887,4.9883
RIC1,10.5228,10.5707,10.5348,11.1061,11.1485,11.1062
RIC3,4.5086,3.8985,3.7639,4.464,4.5208,4.0214
RIC8A,11.4309,11.4427,11.4611,11.1806,11.1994,11.2093
RIC8B,7.9825,8.037,7.8158,7.9383,7.9845,8.0189
RICTOR,9.2542,9.1993,9.2721,10.6774,10.6163,10.7752
RIDA,7.5915,7.4895,7.4779,7.3146,7.2465,7.1569
RIF1,10.2435,10.1256,10.1791,10.7117,10.6128,10.6679
RILP,4.3406,4.2689,4.4213,3.6442,3.9423,3.3961
RILPL1,8.3629,8.4238,8.3581,8.4223,8.4431,8.35
RILPL2,8.1696,8.0249,8.0567,9.3472,9.2154,9.3411
RIMBP3,5.4603,5.1109,4.6387,4.3928,4.7413,5.2581
RIMBP3B,4.8588,4.8078,4.7827,5.0773,2,3.5038
RIMBP3C,2,3.8985,3.6682,2.6149,5.2161,4.7466
RIMKLB,7.5147,7.6548,7.5799,6.7285,6.9363,6.845
RIMS1,5.722,5.5745,5.5452,5.2075,5.3562,4.8317
RIMS2,5.2863,5.1993,5.649,4.5318,5.5438,5.2581
RIMS3,3.9314,3.5409,3.5658,3.6442,3.5338,3.1531
RIN1,9.4706,9.539,9.5754,9.0618,9.1277,9.3006
RIN2,10.2346,10.3376,10.3361,11.172,11.2373,11.2586
RIN3,9.2423,9.2724,9.3703,9.3448,9.3577,9.2987
RING1,5.0883,7.6704,4.8712,4.1552,7.4635,4.9507
RINL,4.5858,4.863,4.9947,4.6587,4.3964,5.0606
RINT1,9.1659,9.2073,9.2225,8.8488,8.8976,8.994
RIOK1,8.39,8.3819,8.3581,8.3537,8.5084,8.2375
RIOK2,9.1277,9.128,9.1667,8.5506,8.6816,8.5888
RIOK3,10.0254,10.1741,10.0534,10.4287,10.3761,10.3929
RIOX2,9.1277,8.8664,8.9035,8.1636,8.3581,8.2491
RIPK1,9.2892,9.2545,9.3063,9.2089,9.1922,9.2818
RIPK2,9.0481,9.3027,9.1313,10.1672,10.2627,10.3574
RIPOR1,10.7208,10.7377,10.7953,10.6328,10.5458,10.6103
RIPOR2,7.067,6.9291,6.9159,6.7852,7.1047,6.8552
RIPOR3,6.4968,6.5126,6.629,10.0346,9.7125,10.1284
RIT1,9.2423,9.3732,9.3221,10.039,10.1065,10.1389
RITA1,7.939,8.0666,8.0661,7.6176,7.4162,7.7338
RLF,8.779,8.6325,8.6979,8.9359,8.851,8.8069
RLIM,10.2657,10.4203,10.3077,10.3766,10.4841,10.4951
RMC1,8.2666,8.3093,8.3035,8.4313,8.2942,8.4743
RMDN1,9.0205,9.1167,9.0553,8.9972,9.1615,9.1595
RMDN2,6.2817,6.1631,6.4536,6.8923,7.1439,6.9344
RMDN3,9.5157,9.4405,9.4317,9.3425,9.3743,9.3228
RMI1,7.4746,7.4807,7.4349,6.3123,6.6399,6.3197
RMND1,7.7921,7.9377,7.8759,7.8546,7.6106,7.7338
RMND5B,8.2429,8.2993,8.2834,7.6936,8.0323,7.7934
RNASE10,3.5242,2.6282,3.6682,3.6442,4.3964,3.6977
RNASE4,6.4562,6.5467,6.254,6.1704,6.8201,6.1643
RNASEH1,9.3568,9.5026,9.326,9.3729,9.3089,9.3411
RNASEH2A,8.0791,8.2536,8.2004,6.4763,6.6399,6.5756
RNASEH2B,7.5245,7.6233,7.7819,7.2952,7.1915,7.2371
RNASEH2C,8.6412,8.4822,8.5548,8.2005,8.209,8.1197
RNASEK,10.508,10.4577,10.5108,11.2152,11.1383,11.1877
RNASEL,6.9551,7.2519,7.2241,7.2656,7.2465,7.3711
RNASET2,7.5147,7.3517,7.2157,7.7229,7.3756,7.2832
RND3,12.583,12.5831,12.5485,14.3562,14.2735,14.4811
RNF10,11.4256,11.388,11.4327,10.0947,10.0288,9.9637
RNF103,8.5478,8.5083,8.5648,8.9421,9.0576,9.0528
RNF11,11.2464,11.307,11.2605,11.6173,11.6561,11.6504
RNF111,9.4214,9.4982,9.3416,9.1097,9.0499,9.0123
RNF112,6.5362,6.2484,6.1338,4.3928,5.2879,4.7466
RNF113A,7.4124,7.0409,7.0067,7.2251,7.3254,7.4806
RNF114,10.5423,10.517,10.5365,10.7909,10.7604,10.8143
RNF115,10.5471,10.5697,10.4865,10.5645,10.6893,10.5049
RNF121,8.6769,8.7396,8.6517,8.4089,8.6203,8.4442
RNF122,5.3318,5.3224,5.7691,7.2045,7.2733,7.3853
RNF123,9.2892,9.3298,9.4835,10.1975,10.0024,10.1379
RNF125,4.9781,4.863,4.8276,4.6587,5.2525,4.7466
RNF126,9.024,9.1723,9.2434,9.4229,9.324,9.3893
RNF128,8.3352,8.2171,8.2995,8.1689,8.053,7.9155
RNF13,8.623,8.517,8.6704,9.2773,9.2674,9.3538
RNF130,8.8035,8.8149,8.828,8.7238,8.708,8.7034
RNF135,7.5821,7.4629,7.4779,7.8546,7.6922,7.9106
RNF138,7.7424,7.9568,7.8489,6.98,7.0018,6.9535
RNF139,8.9272,9.0676,9.0073,9.3542,9.2981,9.4528
RNF14,10.224,10.2355,10.1584,9.5346,9.5578,9.5966
RNF141,9.4958,9.3685,9.2598,8.798,9.0212,8.8861
RNF144A,3.1705,3.0644,3.0629,3.8708,4.0287,4.0921
RNF144B,5.722,5.5745,5.6739,4.3179,4.6892,4.8725
RNF145,10.9433,10.9555,10.918,11.5115,11.4849,11.5214
RNF146,8.7583,8.4374,8.5747,8.8849,8.8029,8.8458
RNF149,9.0378,9.0558,8.9626,9.2773,9.0159,9.3283
RNF150,8.7831,8.7723,8.6918,7.7445,8.0112,7.7059
RNF151,6.6839,6.7505,6.6789,6.9921,6.9024,7.1486
RNF152,8.8035,9.0499,8.8956,9.9611,10.1708,10.1316
RNF157,6.3716,6.329,6.629,6.1916,6.3187,6.3049
RNF166,8.0657,8.1577,8.1077,8.2416,8.3029,8.4066
RNF167,9.8912,9.9632,9.8748,10.3731,10.2209,10.385
RNF168,8.7625,8.687,8.6765,9.1069,9.1179,9.1135
RNF170,8.4008,8.3677,8.259,8.3157,8.3581,8.4577
RNF181,9.3895,9.6704,9.5285,9.3589,9.4149,9.4171
RNF182,6.8338,7.1886,7.0642,6.5761,6.6261,6.7054
RNF183,4.3406,4.4952,3.8536,3.7619,3.7525,3.1531
RNF185,9.9435,9.9264,9.9893,10.1211,10.1637,10.103
RNF187,10.7784,10.6842,10.8529,11.0141,10.9548,11.0131
RNF19A,9.2394,9.0851,9.2077,9.2218,9.1946,9.224
RNF19B,7.9537,7.7235,7.7933,8.363,8.3073,8.3536
RNF2,8.6412,8.5882,8.6704,8.8117,8.8832,8.7857
RNF20,9.835,9.7085,9.6863,10.0287,9.9536,9.9376
RNF207,4.9197,5.3612,5.4333,4.8302,4.9766,5.0606
RNF208,7.3803,7.3991,8.0801,8.3677,8.578,8.5796
RNF214,8.2429,7.8787,8.2216,8.4577,8.354,8.3245
RNF215,8.2006,8.2171,8.3271,8.7454,8.5852,8.7313
RNF216,10.4905,10.5697,10.5288,10.1632,10.3543,10.2979
RNF217,8.9048,8.8664,8.8391,8.5049,8.5121,8.625
RNF220,9.2453,9.2206,9.214,9.3981,9.4129,9.4171
RNF24,10.1608,10.1214,10.0284,11.2924,11.2041,11.3244
RNF25,8.7373,8.8357,8.8253,8.749,8.7499,8.8407
RNF26,9.9508,10.0113,10.0896,9.7096,9.7222,9.8974
RNF31,8.9889,8.9063,8.9321,9.2167,9.1615,9.0986
RNF32,3.808,4.4237,4.2989,3.6442,4.0287,4.3447
RNF34,8.855,8.8765,8.8608,9.0002,8.7875,8.8534
RNF38,8.7031,8.5298,8.6673,9.309,9.0754,9.2931
RNF39,3.1705,2.6282,2.7255,3.8708,3.6473,3.0143
RNF4,10.2613,10.3424,10.2837,10.5349,10.6075,10.5974
RNF40,10.9866,10.9931,10.9951,10.1321,10.0777,10.0595
RNF41,10.3274,10.3819,10.3555,10.2862,10.3802,10.296
RNF44,8.3954,8.1632,8.2874,8.7418,8.6782,8.6633
RNF5,6.2345,6.2064,6.2037,6.9305,6.7199,6.9344
RNF6,9.9581,9.9052,9.9807,10.1805,10.1589,10.2581
RNF7,10.358,10.4099,10.341,10.465,10.3965,10.4249
RNF8,8.5527,8.5759,8.3232,8.798,8.6238,8.7062
RNFT1,7.5048,7.4718,7.6567,7.6936,7.7943,7.7116
RNGTT,9.1437,9.111,9.1402,8.3677,8.4665,8.4875
RNH1,10.5289,10.4964,10.579,10.442,10.3333,10.3735
RNLS,5.1907,5.3612,4.8276,4.5967,4.6892,4.8317
RNMT,9.5033,9.5725,9.5251,10.0302,9.9632,9.9895
RNPC3,6.8651,6.5964,6.4536,7.074,7.0644,6.8348
RNPEP,10.524,10.4122,10.4618,10.5816,10.4697,10.5503
RNPEPL1,9.839,9.8517,9.904,10.0065,9.861,10.0101
RNPS1,10.7907,10.8288,10.8583,11.0134,11.0135,11.0766
RO60,10.0375,10.087,9.9831,9.8641,10.0143,9.8331
ROBO1,10.8872,10.9031,10.8596,11.5489,11.5973,11.6084
ROBO2,8.5087,8.4192,8.5614,8.7772,8.8211,8.7034
ROBO3,7.6645,7.6781,7.6504,7.1188,7.0018,7.1319
ROBO4,5.4603,5.789,5.7459,4.9835,4.0287,4.6561
ROCK2,10.9276,10.938,10.9121,10.9751,11.1389,11.1009
ROGDI,7.544,7.6072,7.6875,7.0853,6.9585,6.991
ROM1,4.2487,4.6908,4.9547,5.2484,4.5791,4.7466
ROMO1,8.8394,8.7542,8.7601,8.3861,8.4509,8.2873
ROR1,8.7416,8.7098,8.658,7.1623,7.4082,6.9723
ROR2,7.8002,7.5411,7.5733,7.2755,7.5389,7.1895
RORA,7.2909,7.3225,7.368,8.4836,8.447,8.35
RP2,9.3787,9.4785,9.3082,9.4582,9.4776,9.4645
RP9,7.5147,7.6858,7.345,7.6561,7.4557,7.5638
RPA1,10.245,10.3339,10.3303,9.5449,9.5266,9.4975
RPA2,8.8195,8.8323,8.7973,8.5709,8.5491,8.4677
RPA3,7.0261,7.2519,7.0453,6.1272,6.284,6.1311
RPAIN,8.6681,8.6562,8.5648,8.9638,8.8774,8.9636
RPAP1,9.3976,9.3944,9.5045,9.4884,9.2828,9.4495
RPAP3,9.0983,9.0995,9.1132,9.1722,9.1992,9.2799
RPE,9.7113,9.7104,9.6461,9.3798,9.4622,9.4778
RPE65,2.7008,2.348,3.206,3.7619,3.276,4.0921
RPF1,8.6681,8.7135,8.7484,9.1318,9.1782,9.2454
RPF2,9.1277,9.029,9.0194,8.2416,8.0886,8.1979
RPGRIP1L,8.8035,8.7022,8.7249,8.4445,8.5084,8.3679
RPH3AL,3.1705,3.7889,2.2843,3.7619,2.3068,2
RPIA,7.4746,7.6233,7.5196,7.9067,7.8127,7.8093
RPL10,13.6175,13.6266,13.6016,13.4153,13.4258,13.3794
RPL10A,12.5664,12.6335,12.5978,12.4584,12.513,12.4864
RPL11,12.9353,12.9646,12.9234,12.4411,12.4977,12.4226
RPL12,12.4897,12.4591,12.4266,12.321,12.2939,12.2268
RPL13,13.3682,13.3563,13.3453,13.2548,13.2054,13.2341
RPL13A,14.071,14.0753,14.0179,14.2213,14.1615,14.183
RPL14,12.8813,12.8981,12.8422,12.6895,12.7015,12.6807
RPL15,13.4793,13.5213,13.4951,13.4213,13.4423,13.4303
RPL17,12.9965,12.944,12.9481,12.805,12.8049,12.7135
RPL17-C18orf32,7.1456,5.7602,6.8191,7.3526,5.8348,7.1975
RPL18,12.3874,12.3775,12.4094,12.3897,12.2879,12.3517
RPL18A,12.7635,12.7444,12.7546,12.4746,12.5153,12.5003
RPL19,13.3298,13.334,13.2977,13.0265,13.0091,12.9817
RPL21,11.9178,11.864,11.8214,11.6173,11.6747,11.5186
RPL22L1,9.1341,9.0967,8.995,8.6796,8.7593,8.5673
RPL23,12.6988,12.7245,12.6358,12.6488,12.6414,12.5822
RPL23A,12.0644,12.1298,12.127,11.6864,11.6763,11.6208
RPL24,12.3002,12.3034,12.2219,12.0194,12.0217,11.9529
RPL26,12.6138,12.6515,12.5669,12.2036,12.2631,12.1361
RPL26L1,8.7708,8.7173,8.578,8.4577,8.5673,8.561
RPL27,12.6392,12.4471,12.4855,12.2262,12.2468,12.0807
RPL27A,13.183,13.1641,13.124,13.0252,13.0285,12.9291
RPL28,12.8354,12.8355,12.8578,12.9547,12.944,12.9643
RPL29,12.5726,12.5903,12.5996,12.4116,12.3834,12.403
RPL3,14.1924,14.161,14.1449,14.1484,14.1573,14.1406
RPL30,12.2779,12.262,12.2211,12.0716,12.1297,12.0077
RPL31,12.4891,12.5029,12.412,12.2753,12.312,12.3136
RPL32,12.8364,12.794,12.8014,12.4854,12.5198,12.4578
RPL34,11.5774,11.5843,11.529,11.4829,11.5142,11.4356
RPL35,12.0539,11.9982,11.9445,11.5089,11.4935,11.4348
RPL35A,12.0342,12.0921,11.9717,12.0216,11.979,11.9747
RPL36,11.6991,11.6509,11.6411,11.4861,11.4935,11.428
RPL36A,11.0879,11.1913,11.066,10.9489,10.9086,10.8408
RPL37A,12.7305,12.6598,12.6158,12.5153,12.5209,12.4337
RPL38,11.4348,11.4342,11.3537,11.3101,11.2999,11.2192
RPL39,11.9075,11.902,11.8318,11.5365,11.5388,11.4254
RPL39L,7.2677,7.3225,7.1285,5.5063,5.1406,4.4015
RPL4,14.199,14.2338,14.2115,13.9662,13.9709,13.9295
RPL41,13.5275,13.4997,13.4963,13.3332,13.316,13.2741
RPL5,13.216,13.2352,13.1756,13.0252,13.0302,13.009
RPL6,13.442,13.4872,13.4583,13.2612,13.2928,13.2623
RPL7,13.3025,13.2737,13.2532,13.0932,13.1383,13.0801
RPL7A,12.7767,12.718,12.7161,12.3658,12.362,12.3458
RPL7L1,11.691,11.6743,11.7144,11.8449,11.7934,11.8402
RPL8,13.6559,13.5688,13.6324,13.3817,13.3186,13.3297
RPL9,11.7952,11.8238,11.7444,11.6587,11.6671,11.548
RPLP0,14.3824,14.3863,14.3972,14.1208,14.1238,14.1097
RPLP1,13.2485,13.2334,13.2029,13.0541,13.0061,12.9939
RPLP2,12.449,12.507,12.4558,12.279,12.1741,12.1595
RPN2,12.8057,12.8114,12.8805,12.7751,12.7949,12.7656
RPP14,8.8935,8.7322,8.8689,8.7807,8.7339,8.7202
RPP25,3.3581,4.2689,4.0178,4.3179,4.6352,5.0249
RPP25L,6.8957,6.706,6.7152,6.4763,6.3692,6.3775
RPP30,8.1633,8.2171,8.2995,8.3205,8.3952,8.1778
RPP38,7.1957,7.1558,7.1464,7.5039,7.2996,7.3782
RPP40,6.7014,7.0647,6.987,6.5761,6.7199,6.4601
RPRD1A,9.9508,9.902,9.8695,10.3033,10.2837,10.3082
RPRD1B,8.3013,8.1298,8.2713,8.3584,8.181,8.3821
RPRD2,9.5425,9.5663,9.6192,9.5075,9.5812,9.5502
RPS10,12.7251,12.6532,12.6842,12.4526,12.4901,12.3767
RPS10-NUDT3,7.2321,7.2622,7.1814,7.7517,7.3507,7.526
RPS11,13.0528,13.0056,13.0278,13.0797,13.0241,13.0412
RPS12,12.8686,12.8569,12.8042,12.621,12.5791,12.5128
RPS13,11.8924,11.8547,11.8148,11.6878,11.7159,11.6423
RPS14,12.7816,12.6693,12.7124,12.5312,12.5842,12.5041
RPS15A,12.1798,11.9714,11.9928,11.839,11.9478,11.7742
RPS16,12.0911,12.0545,12.0582,11.8478,11.8412,11.8228
RPS17,11.915,11.8921,11.8207,11.5345,11.5077,11.3947
RPS18,11.4568,11.4371,11.3775,11.1254,11.1236,11.0662
RPS19,13.1413,13.1376,13.1145,13.2513,13.1444,13.1244
RPS19BP1,9.694,9.753,9.6909,9.9394,9.8328,9.8612
RPS2,14.1863,14.1937,14.1599,13.8235,13.8387,13.8108
RPS20,12.5472,12.5372,12.4694,12.4088,12.4384,12.3804
RPS21,11.4302,11.3844,11.3426,11.0886,11.0089,10.9901
RPS23,12.5397,12.5588,12.5225,12.43,12.4794,12.4192
RPS24,12.9233,12.9121,12.8555,12.815,12.745,12.7614
RPS25,11.1599,11.2629,11.1088,10.8822,10.8565,10.8338
RPS26,11.1543,11.151,11.196,10.541,10.637,10.4521
RPS27,12.1347,12.2191,12.1496,12.148,12.1771,12.1638
RPS27A,12.5868,12.5782,12.5437,12.3574,12.3405,12.2827
RPS27L,11.0347,11.0698,10.9653,11.3275,11.3358,11.2354
RPS28,11.5839,11.4851,11.5188,11.5319,11.377,11.4301
RPS29,11.3945,11.3577,11.2849,11.1019,11.0977,11.0039
RPS3,13.3256,13.277,13.2822,13.0777,13.0809,13.0266
RPS3A,13.2337,13.1777,13.1129,12.8925,12.9771,12.8312
RPS4X,13.3828,13.3689,13.3405,13.3853,13.4257,13.365
RPS5,12.4872,12.4295,12.4903,12.2619,12.2443,12.2202
RPS6,13.7156,13.7483,13.6984,13.5004,13.5041,13.4698
RPS6KA1,5.0883,4.9161,4.9136,5.6957,5.6291,5.7043
RPS6KA2,10.9332,10.9162,10.9076,11.5677,11.4657,11.4763
RPS6KA3,10.4511,10.5488,10.4474,10.6133,10.6482,10.7812
RPS6KA4,9.9707,9.982,9.9943,9.1933,9.3154,9.1114
RPS6KA5,5.9434,5.5069,5.0336,5.7537,5.6012,5.562
RPS6KA6,7.9754,8.0128,7.7762,8.6532,8.7339,8.8736
RPS6KB1,9.5401,9.5112,9.4888,8.6758,8.7593,8.7615
RPS6KB2,9.5641,9.56,9.4747,8.4922,8.4665,8.5888
RPS6KC1,9.7369,9.8067,9.7314,9.0502,9.3132,9.1007
RPS6KL1,4.2487,3.3989,4.2989,3.7619,3.8505,3.7856
RPS7,12.8334,12.8853,12.8222,12.7341,12.7193,12.6987
RPS8,13.1869,13.2186,13.1783,12.8195,12.8449,12.7732
RPS9,7.8713,7.892,7.8543,7.6176,7.8954,7.8093
RPSA,13.8568,13.849,13.8185,13.3967,13.4132,13.3612
RPTOR,10.0477,10.0005,10.1551,10.4736,10.5012,10.4604
RPUSD1,8.8075,8.8254,8.8743,9.3798,9.2246,9.3429
RPUSD2,7.1328,7.088,6.987,7.074,6.8441,6.9439
RPUSD3,8.5333,8.4238,8.538,8.3012,8.1086,8.0854
RRAGA,10.9193,10.9484,11.0442,10.908,10.9807,10.9394
RRAGB,6.8957,7.1993,7.1013,8.2161,8.0785,8.1155
RRAGD,2.3925,2.348,2.5217,3.3754,3.7525,4.5088
RRAS,10.3689,10.2931,10.3313,9.726,9.7809,9.5905
RRAS2,10.6883,10.7238,10.7479,8.0697,8.4233,7.996
RRBP1,13.7839,13.7166,13.7463,13.5742,13.5665,13.4643
RREB1,9.0818,9.0851,9.0506,9.0062,8.8948,8.9302
RRM1,10.5829,10.7506,10.7667,9.7565,9.8829,9.7356
RRM2,10.4119,10.5994,10.6203,8.0867,8.2942,8.2607
RRM2B,10.3662,10.37,10.3086,9.9764,9.9299,10.0639
RRN3,8.9675,9.0077,9.0073,8.8083,8.8948,8.947
RRNAD1,6.9405,6.4953,6.9468,7.173,7.0018,7.3205
RRP1,8.9048,9.0529,8.9398,8.9421,8.7435,8.9707
RRP12,10.0306,10.0036,10.0487,9.4296,9.3743,9.4991
RRP15,8.8275,8.8832,8.7774,8.1366,8.1477,8.1407
RRP1B,10.0831,10.0899,10.0017,10.1592,10.1791,10.2686
RRP36,9.8449,9.9118,9.8935,9.8053,9.8086,9.9219
RRP7A,9.6294,9.7328,9.7549,9.3729,9.3282,9.3716
RRP8,8.1186,8.0128,7.9284,7.6637,7.7249,7.8506
RRP9,8.8275,8.8323,8.7278,8.7454,8.4587,8.471
RRS1,9.5546,9.6877,9.5721,9.615,9.5758,9.4461
RSBN1,8.0657,7.838,7.9336,8.4964,8.4587,8.4272
RSF1,10.3288,10.2716,10.2786,10.7398,10.8115,10.7725
RSKR,5.5007,5.1993,5.1443,5.122,4.887,4.8317
RSL1D1,10.9804,10.9954,11.0098,10.728,10.5935,10.688
RSL24D1,10.0596,10.148,10.0699,10.0621,10.1791,10.0901
RSPH3,7.9168,7.7603,7.7057,8.0923,7.9952,8.1112
RSPO1,10.4093,8.3339,10.8337,9.9142,10.8791,9.504
RSPRY1,9.8311,9.8551,9.7922,10.0549,10.0496,9.9883
RSRC1,8.0924,8.1298,8.157,7.8143,8.1525,8.0189
RSRC2,9.707,9.7639,9.7879,9.9503,9.9201,9.9412
RSRP1,8.2956,7.8102,8.0184,8.9233,8.4819,8.625
RSU1,11.6124,11.6367,11.5837,10.7549,10.927,10.7685
RTCA,9.9689,9.92,9.9027,9.8934,9.8433,9.8031
RTCB,10.7598,10.8079,10.8406,10.1632,10.3386,10.224
RTEL1,8.4532,8.2011,8.3884,8.0524,7.8248,7.9008
RTEL1-TNFRSF6B,6.1858,6.3093,5.983,6.0599,6.5696,5.7043
RTF1,10.3414,10.396,10.3156,10.8293,10.9171,10.8962
RTF2,10.9071,10.9682,10.8657,10.5966,10.6319,10.5698
RTKN,7.9754,7.9568,8.0425,8.0233,7.9351,8.1239
RTKN2,6.3496,6.0725,6.2206,4.9835,5.5728,5.0954
RTL10,10.9822,11.0952,11.1717,10.7496,11.1948,10.7246
RTL3,3.3581,3.3989,4.0178,2.34,2.3068,2
RTL5,7.6822,6.942,7.4129,7.2952,7.392,7.3853
RTL6,10.1874,10.2237,10.2292,10.2413,10.2175,10.2591
RTL8A,8.9457,9.0822,9.1601,9.807,9.6928,9.7925
RTL8C,11.8352,11.875,11.9298,12.0552,12.0322,11.9347
RTL9,4.5086,4.4237,4.7363,4.2388,3.7525,4.2239
RTN1,4.427,4.7505,4.9547,3.972,4.2603,4.1595
RTN2,7.8002,7.4895,7.6691,7.7374,7.8127,7.7003
RTN3,11.3857,11.3365,11.3757,8.9233,9.135,8.8432
RTN4,14.5061,14.4875,14.54,13.9098,13.9663,13.9181
RTN4IP1,6.9108,6.942,6.9771,6.0827,5.7861,6.1311
RTN4RL2,3.6731,4.4237,3.938,4.0665,3.7525,4.3447
RTRAF,10.8632,10.8849,10.861,10.8477,10.9312,10.8536
RTTN,8.2067,8.0548,8.2174,8.3205,8.2365,8.4941
RUBCN,8.9602,9.0764,9.0671,9.1153,9.1204,9.2081
RUFY1,9.3568,9.2775,9.428,8.7946,8.8211,8.6691
RUFY2,8.5186,8.5593,8.3696,7.578,7.4242,7.5324
RUFY3,8.8973,8.8932,8.8391,8.7165,8.8059,8.709
RUNDC1,7.9464,8.1521,8.1437,8.2717,8.1904,8.0189
RUNDC3B,3.3581,3.3989,3.938,2.8457,3.1274,2.8607
RUNX1,10.605,10.7117,10.5856,10.9255,10.9956,10.9779
RUNX1T1,6.8651,6.66,6.8521,6.369,6.1935,6.6826
RUNX2,8.0791,8.1072,8.0329,9.118,9.1544,9.1759
RUNX3,2.7008,2.348,2.7255,4.3179,4.1101,4.9121
RUSC1,9.0205,9.0617,9.3142,9.4647,9.3046,9.3911
RUSC2,10.6212,10.6156,10.7354,10.896,10.7954,10.9219
RUSF1,10.3372,10.2729,10.3136,10.2788,10.2175,10.2002
RUVBL1,9.7868,9.8311,9.703,9.3066,9.245,9.278
RWDD1,9.8546,9.8259,9.7373,9.4755,9.5812,9.4342
RWDD2A,7.3803,7.4718,7.5332,6.5921,7.1631,6.991
RWDD2B,8.5574,8.517,8.5003,8.2315,8.3329,8.35
RWDD3,7.3251,7.0529,7.1552,7.1941,7.0334,6.9723
RWDD4,9.169,9.0499,9.2516,8.6301,8.6816,8.6691
RXRA,9.985,9.8483,10.0041,10.2324,10.047,10.1942
RXYLT1,7.5821,7.6934,7.4056,7.8744,7.568,7.6946
RYBP,5.2393,5.3612,5.3432,5.4722,4.8401,4.9507
RYK,10.3946,10.4295,10.3106,10.3273,10.4542,10.4445
RYR3,4.7287,4.4952,4.3614,4.7181,5.1406,4.5088
S100A1,3.9314,3.3989,3.8536,3.5161,3.4107,3.6977
S100A10,11.4873,11.5506,11.5188,10.3755,10.3965,10.3556
S100A11,12.4816,12.4667,12.4787,12.3886,12.3841,12.3586
S100A13,10.7753,10.6909,10.7033,10.8847,10.8085,10.8228
S100A16,12.0649,12.1597,12.1827,11.8294,11.8303,11.8215
S100A2,5.8211,5.5745,5.4621,4.5967,4.3964,4.8725
S100A3,4.3406,4.4237,4.1652,3.972,3.4107,4.0921
S100A4,6.2104,6.3484,6.2206,5.3646,5.1789,5.562
S100A6,13.3665,13.3963,13.3207,12.6235,12.6266,12.6313
S100PBP,8.6412,8.6483,8.6073,8.9074,8.7562,8.8762
S1PR1,7.3251,7.6072,7.5995,6.98,7.0438,7.2214
S1PR2,8.9123,8.7723,8.8169,8.6263,8.6547,8.5006
S1PR3,10.6189,10.6562,10.6107,10.5966,10.6818,10.626
S1PR5,3.9314,3.0644,3.0629,4.9835,4.6352,4.6087
SAAL1,7.5915,7.4176,7.4708,6.6844,6.5552,6.6001
SACM1L,9.9213,9.8415,9.8868,9.8475,9.8727,9.8738
SACS,12.3443,12.3366,12.1699,11.8277,12.0015,11.8613
SAE1,11.4606,11.4696,11.4823,11.0282,10.9962,10.9543
SAFB,10.299,10.2485,10.2847,10.3685,10.1481,10.2638
SAFB2,9.5474,9.4851,9.48,9.5263,9.4891,9.4511
SAG,3.5242,3.6702,3.0629,3.8708,2.7747,3.5038
SALL1,8.5235,8.504,8.4863,10.8343,10.6507,10.965
SALL2,8.5953,8.3388,8.458,7.2556,7.0746,7.2756
SAMD1,8.3519,8.3866,8.5141,8.1474,8.0836,7.7394
SAMD10,5.6156,6.0249,5.88,3.8708,4.3964,4.5596
SAMD11,7.6909,7.5828,7.9591,8.1366,7.9791,8.0941
SAMD12,6.4562,6.2064,6.254,5.6041,5.6565,5.562
SAMD13,3.6731,3.0644,3.8536,3.5161,3.1274,4.1595
SAMD14,9.1969,9.28,9.2496,10.3117,10.1637,10.3284
SAMD15,4.427,4.4237,3.4556,5.2075,4.1872,4.9121
SAMD3,5.4603,5.1558,5.0714,4.8302,5.1789,4.9507
SAMD4A,10.7282,10.7973,10.7041,10.746,10.7317,10.744
SAMD4B,10.8239,10.814,10.8596,10.6576,10.5576,10.6801
SAMD5,6.4562,6.5298,6.5903,7.4078,7.0947,7.2449
SAMD8,9.9903,9.9726,9.9467,10.87,10.8001,10.8888
SAMD9,8.237,8.2639,8.2004,8.4089,8.4548,8.5231
SAMD9L,8.1379,8.0783,8.2425,8.3157,8.4548,8.2798
SAMHD1,9.4056,9.2442,9.3063,9.0902,9.0395,8.9589
SAMM50,9.8546,9.8225,9.7679,9.7618,9.7527,9.7049
SAP130,9.0378,9.0676,9.2802,9.0789,8.8919,8.7963
SAP18,10.5746,10.5821,10.5616,10.5706,10.5494,10.4671
SAP25,3.1705,3.0644,3.5658,3.6442,3.7525,3.7856
SAP30,6.7856,7.0409,6.9055,6.9431,6.9694,6.8348
SAP30BP,9.5736,9.6132,9.6335,9.5673,9.5901,9.64
SAP30L,8.8821,8.8563,8.9217,9.6986,9.5776,9.6297
SAPCD2,7.8322,7.8854,7.8214,4.9342,4.8401,4.7021
SAR1A,11.7281,11.716,11.7237,11.1452,11.2967,11.1623
SAR1B,9.9617,9.9409,9.9757,9.9221,9.9285,9.9011
SARAF,11.2389,11.2226,11.1448,11.6425,11.6335,11.6599
SARM1,8.4428,8.4329,8.5976,9.0444,9.008,9.1554
SARNP,9.5736,9.5091,9.6382,9.5993,9.6338,9.6042
SARS1,12.1109,12.0009,12.0158,11.1905,11.3059,11.1715
SARS2,7.544,7.445,7.5264,7.5039,7.4162,7.5576
SART1,10.273,10.2078,10.2826,10.008,9.9673,9.9661
SART3,9.5995,9.5177,9.5787,9.0531,8.9973,9.0813
SASH1,10.4185,10.4329,10.3971,10.4332,10.4117,10.3054
SASS6,6.7186,6.7505,6.482,5.725,5.7611,5.7267
SAT1,8.7416,8.7469,8.5244,10.1605,10.2289,10.3448
SAT2,8.7872,8.6166,8.6486,9.5075,9.3325,9.5471
SATB1,8.0724,8.185,8.0472,8.4879,8.478,8.5167
SATB2,8.4736,8.4733,8.4181,7.5618,7.4712,7.5514
SAV1,9.4029,9.4785,9.3836,9.9237,9.8388,10.0362
SAXO2,2.7008,3.6702,3.5658,3.0447,3.7525,3.3961
SAYSD1,7.0804,7.1447,7.2072,7.5699,7.5536,7.7227
SBDS,11.0995,11.194,11.1619,10.7743,10.8092,10.7806
SBF1,11.4772,11.4239,11.4422,11.1486,11.0482,11.1566
SBF2,10.2286,10.1563,10.1227,10.2935,10.1577,10.2002
SBK1,3.9314,3.8985,3.0629,4.464,3.9423,4.0214
SBNO1,10.4395,10.4722,10.3264,10.2539,10.2346,10.2819
SBNO2,9.8151,9.5091,9.9606,9.99,9.8654,10.1524
SBSN,4.9197,5.8449,5.6238,6.6235,6.0969,5.9714
SBSPON,4.2487,4.6908,4.0178,4.6587,4.1101,4.0214
SC5D,9.4933,9.3944,9.4516,9.9734,9.8684,10.0955
SCAF1,11.0339,10.9539,11.0596,10.6979,10.7557,10.7866
SCAF11,10.8844,10.858,10.8213,10.9215,11.0436,10.9177
SCAF4,9.2806,9.1805,9.1601,9.4206,9.3409,9.5487
SCAF8,9.7348,9.9361,9.9184,9.5305,9.5723,9.5935
SCAI,7.8401,8.0548,7.9336,7.1078,7.2192,6.915
SCAMP1,10.0009,10.0143,10.0629,9.7224,9.8056,9.8485
SCAMP2,10.5216,10.3807,10.4492,10.0933,9.9863,9.9883
SCAMP3,9.4397,9.3396,9.487,10.008,9.8786,9.9507
SCAMP5,5.6874,5.7602,5.792,5.1654,5.1013,5.0249
SCAND1,9.1147,9.128,9.1424,9.744,9.534,9.7805
SCAP,10.2405,10.1958,10.2806,10.9842,10.8176,10.8894
SCAPER,7.4847,7.5495,7.2978,7.1623,7.2996,7.2832
SCARA3,11.9482,11.9866,12.0641,11.7581,11.7357,11.6646
SCARB1,9.0983,9.0909,9.1087,9.4905,9.4446,9.4562
SCARB2,12.3272,12.3133,12.322,12.7608,12.7324,12.7215
SCARF1,3.6731,3.8985,3.7639,3.3754,3.5338,3.1531
SCARF2,10.957,10.9316,11.0525,10.9962,10.8972,10.9814
SCCPDH,9.4833,9.4495,9.4659,9.1933,9.2784,9.3043
SCD,12.2526,12.2131,12.2116,12.0508,11.856,12.0028
SCD5,8.7583,8.8357,8.9925,8.6301,8.6513,8.5796
SCFD1,10.0814,10.0204,10.0296,9.895,9.9863,9.8408
SCFD2,9.2572,9.1913,9.3474,9.1097,9.2108,9.1718
SCG2,7.544,7.5579,7.5534,10.5976,10.3689,10.5258
SCG5,6.9696,6.7795,6.5772,7.4523,7.5316,7.5196
SCGB3A2,4.5086,4.0956,4.2989,4.3928,4.33,4.4561
SCHIP1,5.5007,5.1558,5.5452,4.5967,5.2161,4.7466
SCIMP,3.808,4.1849,4.3614,3.8708,4.6892,4.5596
SCIN,5.0343,4.0956,4.4213,4.1552,4.887,4.3447
SCLT1,7.7675,7.872,7.9233,6.5436,6.5696,6.4194
SCLY,7.6996,7.5745,7.0453,7.7588,7.7632,7.5824
SCMH1,8.8433,8.9129,8.9398,8.634,8.6682,8.6662
SCML1,7.423,7.3708,7.3981,7.3146,7.4557,7.4405
SCML2,5.6156,5.5745,5.2799,3.972,3.4107,3.2797
SCN11A,2.3925,3.3989,3.0629,3.7619,3.7525,3.7856
SCN1B,7.3251,7.3517,7.5058,7.461,7.5092,7.5762
SCN2A,6.083,6.4777,6.496,7.3146,7.1535,7.1486
SCN2B,3.6731,4.1849,3.8536,4.1552,3.7525,3.947
SCN3A,4.2487,4.1849,4.3614,4.0665,4.6892,4.4561
SCN3B,4.0451,4.0956,3.938,4.3179,4.4599,4.2239
SCN4B,6.0288,6.141,6.1338,6.8397,6.7456,6.845
SCN5A,7.1957,6.942,7.1814,7.2656,7.3082,7.0807
SCN7A,5.3759,5.0646,4.6387,4.1552,4.9766,3.6977
SCN8A,8.6769,8.6909,8.5648,7.9753,7.8188,7.7338
SCN9A,11.8103,11.7979,11.7495,10.5605,10.7107,10.4754
SCNM1,8.5999,8.4374,8.2834,8.5587,8.6029,8.8147
SCNN1D,4.7952,4.4952,5.0714,5.5063,5.5728,5.5113
SCO1,9.4319,9.3968,9.3299,9.076,9.0754,9.055
SCO2,8.4888,8.3913,8.6041,8.749,8.6273,8.7313
SCOC,10.2058,10.3031,10.1867,10.2526,10.3522,10.3137
SCP2,10.6828,10.7145,10.6083,10.8301,10.8616,10.7433
SCPEP1,9.065,9.0077,8.9999,9.6875,9.5723,9.6252
SCRG1,4.5086,3.6702,3.4556,3.3754,3.6473,3.3961
SCRIB,9.6041,9.5848,9.6939,9.3187,9.3409,9.3173
SCRN1,12.2731,12.3467,12.284,11.7696,11.7838,11.7682
SCRN2,6.9981,7.0529,7.0453,7.0511,6.9694,6.7715
SCRN3,9.1501,9.194,9.1018,8.9138,9.2269,8.6131
SCUBE2,4.9197,4.6908,5.0336,5.0773,4.9766,5.1295
SCX,3.1705,3.8985,3.4556,4.2388,4.3964,3.8686
SCYL1,11.2374,11.2933,11.2666,11.4338,11.3204,11.3344
SCYL2,10.6551,10.6035,10.6759,10.9574,11.0927,11.07
SCYL3,7.3251,7.1558,7.2241,6.4057,6.1557,6.4996
SDAD1,9.7766,9.8294,9.7592,10.082,10.0509,10.0079
SDC1,10.063,10.1521,10.178,8.4089,8.4895,8.3679
SDC2,10.4434,10.4822,10.4564,11.7457,11.8126,11.7708
SDC3,12.6744,12.6243,12.6461,12.4608,12.4506,12.3166
SDC4,12.1899,12.309,12.2337,10.9262,11.115,10.7732
SDCBP,11.1965,11.2232,11.1998,12.1688,12.119,12.2808
SDCBP2,3.9314,3.8985,4.4788,3.7619,3.7525,4.1595
SDCCAG8,7.7508,7.892,8.3696,8.6067,8.56,8.7396
SDE2,8.7331,8.8149,8.8085,9.0502,9.2314,9.2141
SDF2,9.4731,9.4585,9.5966,9.9534,9.9536,9.885
SDF2L1,8.4324,8.4909,8.3996,8.6683,8.5816,8.7615
SDF4,12.0787,11.9138,12.0233,12.4042,12.3405,12.4145
SDHA,10.654,10.7705,10.8024,11.1213,11.0845,11.0928
SDHAF1,6.5166,6.2893,6.2037,6.8127,6.7328,6.6001
SDHAF2,8.1121,8.1014,8.3696,8.3861,8.387,8.2798
SDHAF3,6.4355,6.7505,5.963,6.0367,6.3856,6.2127
SDHAF4,5.9138,5.8986,5.7691,6.1051,6.1557,6.0266
SDHB,9.8546,9.8653,9.8654,9.0874,8.9511,8.9986
SDHC,10.7003,10.7257,10.6314,10.8242,10.8446,10.7772
SDHD,9.8566,9.9553,9.8272,9.8508,9.759,9.807
SDK1,6.5746,6.5964,6.8079,6.0599,5.8106,6.3633
SDK2,2.7008,2.8627,3.3362,3.7619,3.1274,2.6888
SDR39U1,7.6556,7.5991,7.8102,7.7083,7.8546,7.9106
SDR42E1,2.3925,3.5409,3.938,3.2195,3.8505,3.5038
SDSL,5.8835,5.9248,5.8585,5.6957,6.0147,6.0085
SEC11A,10.9359,11.01,10.9734,10.7787,10.7277,10.735
SEC11C,7.7424,7.9052,7.7589,8.035,8.0218,7.7116
SEC13,11.8756,11.8272,11.8826,11.4781,11.434,11.3642
SEC14L1,11.181,11.1886,11.2104,11.4132,11.289,11.409
SEC14L2,8.4736,8.6639,8.5943,8.7454,8.8391,8.8686
SEC14L5,3.3581,3.5409,2.904,3.6442,4.0287,3.604
SEC14L6,2.9547,3.3989,3.206,3.7619,4.0287,3.0143
SEC16A,11.7664,11.7553,11.812,11.8231,11.8088,11.7698
SEC16B,6.9696,6.9674,6.9159,4.9342,5.2161,5.2581
SEC22A,8.1055,8.3043,8.1702,7.8546,7.8188,7.5451
SEC22B,11.9004,11.9373,11.8428,11.8602,11.9082,11.8344
SEC22C,9.6203,9.6723,9.5803,9.2498,9.2131,9.1739
SEC23A,12.665,12.7481,12.7017,12.5997,12.713,12.6229
SEC23B,10.1306,10.1157,10.2531,10.0302,10.0392,9.9637
SEC23IP,10.7514,10.7322,10.7739,10.7199,10.7517,10.7036
SEC24A,10.7712,10.7822,10.7974,10.6529,10.7342,10.7846
SEC24B,9.9138,10.0355,9.9967,9.7688,9.8328,9.8369
SEC24C,11.5079,11.5427,11.6145,11.237,11.243,11.1078
SEC24D,12.3991,12.4047,12.4351,12.1651,12.3074,12.1338
SEC31A,13.0247,13.0021,13.0306,13.3005,13.359,13.2599
SEC31B,5.0883,4.4237,4.8276,5.2484,5.6834,5.5113
SEC61A1,14.1192,14.122,14.1628,14.0396,14.0466,13.9922
SEC61A2,7.3694,7.3897,7.2818,7.1298,7.1915,7.2449
SEC61B,10.4905,10.6005,10.4891,10.4086,10.4187,10.3502
SEC61G,10.2672,10.2381,10.2603,10.2626,10.2946,10.2162
SEC62,11.4263,11.4618,11.4823,11.6733,11.7187,11.7159
SEC63,11.2284,11.2616,11.1386,11.3089,11.3893,11.3175
SECISBP2,8.8195,8.8597,8.8527,9.941,9.9467,10.0429
SECISBP2L,10.6574,10.6803,10.5508,11.4999,11.4816,11.4976
SECTM1,5.5783,5.5069,5.4903,4.5318,4.2603,4.7466
SEH1L,9.5107,9.5112,9.4534,8.3769,8.6134,8.3715
SEL1L,11.7292,11.7221,11.7374,11.9089,11.9156,11.9286
SEL1L3,10.3538,10.2729,10.2776,9.8408,9.6779,9.9316
SELENOH,9.5665,9.522,9.5621,10.117,10.0573,10.1431
SELENOI,9.6407,9.6153,9.5671,10.0607,10.0288,10.1126
SELENOK,8.3684,8.3772,8.4968,8.8287,8.6648,8.8837
SELENOM,10.4767,10.4611,10.4751,10.3984,10.462,10.4103
SELENOO,8.1821,8.3142,8.2672,8.2568,8.1904,8.3536
SELENOP,3.9314,4.7505,4.6387,4.1552,4.2603,4.2239
SELENOS,10.0375,10.087,9.9682,10.2349,10.1672,10.2772
SELENOT,11.0821,11.0974,11.115,10.896,10.915,10.8498
SELENOW,10.2524,10.2485,10.2448,10.128,10.065,10.0661
SELPLG,7.4746,6.9799,7.3137,6.3504,6.2664,5.7705
SEM1,9.7327,9.7512,9.7075,9.9062,9.8973,9.9519
SEMA3A,11.8323,11.8354,11.805,12.9256,12.8954,13.0278
SEMA3B,8.4583,8.2276,8.2549,7.8279,7.679,7.7774
SEMA3C,10.6674,10.5841,10.6409,9.3729,9.4872,9.4695
SEMA3D,7.1328,7.3803,7.3137,6.6992,6.6937,7.1065
SEMA3E,5.3318,5.7309,5.4039,5.5397,5.2879,4.6561
SEMA3F,9.4933,9.5474,9.5787,10.9466,10.7784,11.0457
SEMA4B,8.9889,8.8009,8.9321,9.4841,9.2959,9.5782
SEMA4C,8.716,8.6794,8.6888,10.3117,10.0236,10.2819
SEMA4D,6.5746,6.5298,6.3025,7.2354,7.5167,7.4337
SEMA4F,8.3013,8.0249,8.1168,7.5699,7.5389,7.4405
SEMA4G,6.5166,6.329,6.4099,5.9892,6.2485,6.1142
SEMA5A,11.2845,11.3774,11.0922,12.0227,12.0772,11.9858
SEMA6A,6.2104,6.2064,6.4099,6.6992,6.9138,6.9344
SEMA6B,4.427,3.5409,4.6883,3.3754,3.6473,3.8686
SEMA6C,5.6519,6.0249,5.8367,7.0966,6.8677,6.915
SEMA6D,9.1212,9.1993,9.1623,10.9365,10.8439,11.0901
SEMA7A,12.1968,12.2433,12.3824,9.8542,9.8596,9.8637
SENP1,8.5574,8.5213,8.5514,7.5455,7.2465,7.2449
SENP2,9.4858,9.4314,9.5787,8.9484,9.1734,9.0791
SENP3,10.145,10.12,10.2028,10.2714,10.1955,10.2866
SENP3-EIF4A1,3.6731,4.7505,4.1652,4.0665,3.4107,4.3447
SENP5,9.7156,9.6052,9.7045,10.1659,10.1287,10.0987
SENP6,10.1529,10.1604,10.1227,10.2028,10.2198,10.229
SENP7,7.3363,7.5579,7.3981,7.3146,7.4557,7.6832
SENP8,5.7888,5.9757,5.598,5.7537,5.9718,5.3183
SEPHS1,9.7027,9.6762,9.7432,9.4384,9.4738,9.5487
SEPHS2,9.5328,9.5828,9.6063,10.0169,9.9467,10.0418
SEPSECS,6.5362,6.5298,6.1516,6.4934,6.5552,6.7054
SEPTIN1,4.2487,4.6285,4.8276,4.9342,4.7413,4.8725
SEPTIN10,10.6166,10.7359,10.7018,9.3636,9.5451,9.3375
SEPTIN11,14.0604,14.1078,14.05,14.0568,14.1157,14.0458
SEPTIN14,3.5242,3.7889,4.2989,4.8831,5.2525,4.7898
SEPTIN2,13.3114,13.3059,13.3064,13.4023,13.4426,13.4263
SEPTIN5,8.3792,8.6522,8.3996,8.4089,8.5709,8.2453
SEPTIN6,8.7373,8.8114,8.6455,8.2212,8.2942,8.149
SEPTIN7,11.734,11.8804,11.8186,11.7966,11.8254,11.7481
SEPTIN8,10.7504,10.7423,10.7559,10.4639,10.4581,10.4129
SEPTIN9,13.5637,13.5814,13.6531,13.1512,13.1902,13.1127
SERAC1,7.6909,7.838,7.8705,7.2251,7.1821,7.0094
SERBP1,12.5171,12.565,12.5197,12.2256,12.2299,12.1847
SERF1B,6.2104,7.0995,5.963,7.5699,6.9474,7.7283
SERF2,12.5433,12.5538,12.5483,12.5234,12.4827,12.4443
SERGEF,6.6119,6.7795,6.6666,6.0827,6.2664,6.4866
SERHL2,6.3047,6.2064,6.3341,5.6658,5.7097,6.0798
SERINC1,12.3177,12.3031,12.3198,12.7897,12.8282,12.7971
SERINC2,11.1118,10.9555,11.1128,10.7585,10.743,10.746
SERINC3,11.9994,11.9967,11.9798,12.6696,12.6425,12.6656
SERINC5,9.0481,9.111,8.885,10.2092,10.1408,10.1389
SERP1,11.7361,11.7374,11.7155,11.6458,11.7236,11.5879
SERP2,4.9197,4.8078,4.7363,5.1654,4.9766,5.0954
SERPINA1,4.0451,4.1849,3.8536,4.5967,4.1872,4.8725
SERPINB1,8.0453,8.2792,8.0801,7.4346,7.4712,7.4132
SERPINB2,8.2006,8.4238,8.5648,8.7274,8.3911,9.066
SERPINB6,10.4968,10.5298,10.3764,10.3915,10.3751,10.4103
SERPINB7,8.9309,8.9291,8.9901,7.3146,7.3254,7.1895
SERPINB8,9.024,9.1195,9.2475,9.7671,9.864,9.9182
SERPINB9,6.0288,6.4777,6.3184,6.1272,6.284,6.0971
SERPINE2,12.6031,12.6837,12.6329,13.7462,13.7319,13.9275
SERPINF1,9.0583,8.9985,9.0577,9.1318,9.0473,9.0964
SERPING1,8.1696,8.1129,8.0472,8.2618,8.4895,8.5199
SERPINH1,14.4397,14.317,14.3592,13.8607,13.8878,13.7619
SERPINI1,5.8211,5.8449,4.5341,5.5063,5.9718,5.5113
SERTAD1,8.6138,8.5593,8.6979,9.3798,9.1105,9.2704
SERTAD2,9.3949,9.4982,9.4605,8.5506,8.4431,8.4238
SERTAD3,8.6321,8.3142,8.4328,8.7876,8.9973,8.923
SESN1,8.4324,8.2171,8.3035,9.0357,9.1591,9.1157
SESN2,9.799,9.7198,9.8314,9.7741,9.6492,9.6736
SESN3,8.5186,8.2064,8.458,6.3875,6.284,6.0971
SESTD1,8.1055,8.1632,8.1745,9.3958,9.3763,9.3911
SET,12.4429,12.5349,12.4931,12.4242,12.429,12.3897
SETBP1,4.9197,4.6908,4.4213,4.5318,4.7915,4.7898
SETD1A,8.9048,8.8898,8.8336,9.0646,9.0421,9.0813
SETD1B,9.4807,9.4405,9.4623,9.8189,9.7543,9.7148
SETD2,10.2225,10.3192,10.191,10.0549,9.9997,10.044
SETD3,9.6339,9.6213,9.7,8.8587,9.0186,8.8787
SETD4,7.067,7.0995,6.9366,7.2251,7.21,7.2603
SETD5,10.7357,10.7451,10.5716,10.9231,10.8726,10.7691
SETD6,6.1858,6.2064,6.1516,6.3123,6.0357,6.2596
SETD7,11.691,11.7589,11.6738,11.0772,11.193,11.1431
SETD9,5.5783,5.3224,5.4333,5.5063,6.0564,6.0085
SETDB1,8.5527,8.4822,8.3658,8.5547,8.5046,8.5295
SETDB2,7.6822,7.6934,7.8102,7.7588,7.7882,7.8506
SETMAR,7.7921,7.647,7.6691,7.4435,7.5167,7.5946
SETX,10.8476,10.8375,10.7138,11.5396,11.5602,11.55
SEZ6L2,9.2483,9.2047,9.1797,9.5511,9.5487,9.4629
SF1,11.5391,11.5337,11.5684,11.3137,11.2441,11.2543
SF3A1,10.9972,10.99,11.0684,10.9341,10.8229,10.8857
SF3B1,12.2242,12.1452,12.2423,12.2383,12.4012,12.2834
SF3B2,11.9718,11.9671,11.9934,11.8569,11.8183,11.8146
SF3B3,11.7628,11.7402,11.7647,11.6036,11.6214,11.521
SF3B4,10.2642,10.3795,10.3952,10.3321,10.299,10.3394
SF3B5,9.5689,9.6626,9.6508,9.7115,9.5669,9.6649
SF3B6,9.5377,9.4291,9.4226,8.7807,8.8421,8.8043
SFI1,7.2201,7.0995,7.4565,7.7729,7.679,7.5762
SFMBT1,5.9434,5.3224,5.7459,4.5967,4.8401,4.5088
SFMBT2,5.6156,5.9505,6.1158,6.6694,6.5981,6.8348
SFPQ,12.119,12.1228,12.1832,11.8989,11.9633,11.9744
SFR1,5.2863,5.8449,5.4333,5.3646,5.3562,5.4042
SFRP1,14.276,14.2363,14.2735,13.8075,13.806,13.6304
SFSWAP,9.0851,9.035,9.0482,8.7274,8.9005,8.7937
SFT2D1,9.0171,8.9452,8.9925,9.3566,9.2383,9.3787
SFT2D2,9.3234,9.5663,9.4371,8.9851,8.992,8.8812
SFXN1,10.8977,11.01,10.9615,10.2935,10.4851,10.3412
SFXN2,6.4968,6.1185,6.1692,5.2484,4.6352,4.9507
SFXN3,10.4369,10.5287,10.4036,9.6383,9.6812,9.6979
SFXN4,7.3138,7.21,7.1285,6.1704,6.4958,6.6826
SFXN5,8.5812,8.396,8.4328,7.9569,8.0059,7.8809
SGCB,10.8398,10.9202,10.8951,10.9458,10.9479,11.0272
SGCE,8.5717,8.5841,8.6548,7.6936,8.0427,7.8145
SGCZ,3.5242,3.5409,4.1652,4.2388,4.6352,3.8686
SGF29,6.1858,6.2484,5.983,6.0599,5.6291,6.0446
SGIP1,9.7049,9.7066,9.7015,10.7244,10.7148,10.623
SGK1,9.9063,10.1535,10.1057,10.8072,11.0371,11.0496
SGMS1,8.7542,8.8731,8.8689,8.3998,8.4392,8.4543
SGMS2,9.618,9.647,9.5885,7.9067,8.4073,7.8859
SGO1,6.3932,6.7651,6.564,4.8831,4.0287,4.2239
SGO2,8.8821,8.9324,8.9626,7.6331,7.4865,7.3853
SGPL1,9.3949,9.5558,9.4676,9.6072,9.6165,9.6087
SGPP1,9.0378,9.1832,9.0219,8.8455,8.8569,8.8686
SGPP2,2.9547,3.6702,3.938,3.0447,2.7747,3.0143
SGSH,9.7786,9.6704,9.7255,10.3801,10.3575,10.3357
SGSM2,9.0171,8.9642,9.0788,8.9577,8.9866,8.8787
SGSM3,9.9992,10.0234,10.0977,9.549,9.5359,9.536
SGTA,10.4317,10.4611,10.5424,10.5876,10.3616,10.4992
SGTB,9.5784,9.7402,9.6144,9.0444,9.1591,9.0616
SH2B1,9.5925,9.5579,9.657,9.5572,9.5451,9.491
SH2B2,4.7287,5.2415,5.4039,5.8893,5.6291,5.7919
SH2B3,10.4133,10.4566,10.4339,10.2144,10.2515,10.2162
SH2D3A,4.5086,4.8078,4.3614,5.0312,5.1406,4.7898
SH2D4A,9.1309,8.9547,9.053,7.4258,7.6656,7.474
SH2D5,8.7708,8.7795,8.8956,7.9003,8.0323,7.6366
SH2D6,3.9314,4.0956,3.8536,3.2195,4.1101,3.0143
SH3BGR,4.8588,4.8078,5.3119,4.6587,5.3225,5.1627
SH3BGRL,10.7208,10.7098,10.6401,10.8435,10.9527,10.8807
SH3BGRL2,7.8558,7.8653,8.0329,7.8211,7.9845,8.1281
SH3BGRL3,13.2025,13.1487,13.2388,13.099,13.058,13.068
SH3BP1,9.266,9.3347,9.4152,9.7115,9.7809,9.7259
SH3BP2,9.3347,9.2927,9.4097,9.4362,9.6025,9.5596
SH3BP4,12.3038,12.3028,12.3432,12.2304,12.2344,12.2113
SH3BP5,8.8075,8.8288,8.8253,8.9074,8.9204,8.8329
SH3BP5L,10.4199,10.4318,10.468,10.6337,10.6198,10.5898
SH3D19,9.7642,9.8085,9.7736,8.2667,8.5852,8.4272
SH3D21,5.5783,6.1849,5.9012,5.122,5.0609,5.3183
SH3GL1,11.5536,11.646,11.6356,11.6892,11.6188,11.6733
SH3GLB1,11.2816,11.3206,11.2497,10.9932,11.1346,11.0119
SH3GLB2,9.1212,8.9985,9.1819,9.0958,9.0343,9.1283
SH3KBP1,10.7743,10.8357,10.8129,10.9955,10.8813,11.0722
SH3PXD2A,12.0086,12.1379,11.9381,12.7237,12.6892,12.6614
SH3PXD2B,10.7409,10.7542,10.6995,10.6395,10.7188,10.6621
SH3RF1,10.2495,10.1971,10.2887,8.9202,9.1006,8.9181
SH3RF2,5.722,5.7602,6.1158,3.2195,3.5338,3.0143
SH3RF3,9.722,9.6877,9.7751,9.9976,10.0457,10.0079
SH3TC1,5.8211,5.4718,5.4333,4.7181,5.2525,4.7466
SH3TC2,6.6839,6.8219,6.7032,4.7181,4.6352,4.3447
SH3YL1,7.6556,7.3897,7.4637,7.6331,7.8428,7.6659
SHANK1,8.237,8.3677,8.4181,8.0466,7.9682,8.0459
SHANK2,7.7757,7.8787,7.7589,8.6263,8.25,8.5673
SHARPIN,9.2304,9.1613,9.266,9.3378,9.2959,9.4206
SHB,9.4423,9.5112,9.5027,9.6306,9.656,9.5281
SHBG,4.1505,4.0956,4.1652,4.2388,3.7525,4.2239
SHC1,13.2298,13.2471,13.2809,13.6678,13.6302,13.6762
SHC2,4.5086,3.3989,4.0934,6.4414,6.5552,6.5254
SHC3,9.6018,9.6896,9.5165,10.6289,10.5658,10.6765
SHC4,6.9257,6.5635,6.7853,6.98,6.9251,7.115
SHCBP1,9.4933,9.5516,9.6894,6.3123,6.8079,6.5507
SHE,2.9547,2.6282,3.4556,4.0665,3.1274,3.7856
SHF,5.6519,5.6072,5.9221,6.4589,6.5406,6.6001
SHFL,8.0924,8.0783,7.9438,8.9074,8.9839,9.0077
SHH,3.9314,3.6702,3.6682,4.3928,4.1872,4.9121
SHISA2,3.1705,2.348,2.5217,4.3928,4.33,4.6087
SHISA3,6.3716,5.7602,5.6238,5.6041,5.6834,5.8944
SHISA4,8.7246,8.6005,8.5878,8.4313,8.4587,8.461
SHISA5,11.3837,11.375,11.4454,11.5057,11.4236,11.4676
SHISA9,6.9839,6.6126,6.4679,7.0278,7.2192,6.8754
SHISAL1,7.1957,7.1777,7.2325,6.8923,7.0542,7.0365
SHKBP1,9.9779,10.0249,10.0988,10.2118,10.142,10.2629
SHLD1,5.4603,5.4718,5.518,5.8632,5.6012,6.0085
SHLD2,9.4397,9.4291,9.3435,9.0473,9.0499,8.9565
SHLD3,4.659,4.863,4.7827,5.0312,4.8401,4.8317
SHMT1,6.3716,6.8219,6.6416,5.4014,5.5142,5.4317
SHMT2,11.5325,11.4607,11.4655,10.5686,10.5756,10.569
SHOC2,10.2286,10.2302,10.2877,9.9046,10.1065,9.9929
SHOX,3.3581,2.6282,2.7255,2,3.8505,2.8607
SHOX2,5.4187,5.1993,5.3119,5.3646,5.2161,5.1295
SHPK,8.1251,8.0128,7.9387,7.5373,7.7442,7.7934
SHPRH,8.1507,8.0783,8.0614,8.6796,8.7112,8.6749
SHQ1,8.5765,8.5635,8.5037,7.6176,7.9517,7.4674
SHROOM1,7.6996,7.4982,7.6814,7.578,7.7249,7.6484
SHROOM2,9.3121,9.2901,9.3396,7.7229,8.1904,7.6248
SHROOM3,10.3811,10.46,10.4465,10.3081,10.3438,10.1679
SHROOM4,6.7186,6.3866,6.3649,5.2484,5.4215,5.0249
SHTN1,7.3585,7.3225,7.1901,6.369,6.8441,6.6595
SIAE,8.3684,8.2276,8.1789,8.4879,8.5709,8.6863
SIAH1,8.1759,8.0128,8.1658,8.3443,8.4033,8.3715
SIAH2,8.6502,8.517,8.5514,8.8321,8.6099,8.5199
SIDT2,9.9671,9.872,9.8735,9.9961,9.8566,9.8421
SIGIRR,6.6119,6.6444,6.6911,6.6235,6.7199,6.8244
SIGLEC10,3.5242,3.8985,3.3362,3.6442,3.5338,2.8607
SIGLEC15,5.722,5.7009,5.4039,5.9401,5.1013,6.0798
SIGMAR1,10.3986,10.4295,10.5005,10.3117,10.2892,10.2942
SIK1,6.6119,6.5964,6.482,7.9753,7.9572,8.2491
SIK2,9.8191,9.7603,9.657,10.3569,10.2716,10.3806
SIK3,9.2061,9.1668,9.2246,9.8206,9.7511,9.917
SIKE1,9.4188,9.4153,9.324,9.7618,9.6475,9.7342
SIL1,9.707,9.7566,9.8217,9.6949,9.7239,9.6605
SIM2,7.6556,7.8172,7.6252,6.6992,6.7456,6.9052
SIMC1,7.6376,7.6548,7.8324,7.1623,7.0018,7.2135
SIN3A,9.6743,9.6391,9.542,9.6968,9.6628,9.6252
SIN3B,10.2976,10.2011,10.3136,10.2438,10.2175,10.1932
SINHCAF,7.6909,7.6934,7.6567,7.9445,7.9351,8.0592
SIPA1,9.4629,9.5326,9.5353,9.4049,9.3409,9.4188
SIPA1L1,10.0731,10.0986,10.1272,10.3333,10.1684,10.281
SIPA1L2,8.2189,8.0005,8.0755,10.4972,10.4755,10.569
SIPA1L3,9.9617,10.11,10.1473,10.1128,10.0853,10.0803
SIRPA,10.6518,10.6385,10.6597,11.164,11.1707,11.1811
SIRPB1,5.1404,4.4952,5.2137,4.8831,4.6352,4.7021
SIRT1,11.6239,11.6268,11.6229,10.8402,10.8409,10.8434
SIRT2,9.4475,9.4763,9.4552,9.1399,9.1447,9.1325
SIRT3,7.1709,7.3708,7.345,7.0626,7.1342,7.1319
SIRT4,4.427,3.7889,3.938,4.464,4.6352,4.3447
SIRT5,7.0122,6.8079,6.9263,6.4414,6.4652,6.6122
SIRT6,7.6376,7.7819,7.8102,7.6712,7.6246,7.7828
SIRT7,7.7592,7.9441,7.7704,7.6561,7.4789,7.5701
SIVA1,9.024,9.029,8.9651,9.0357,8.9621,8.9351
SIX4,9.2718,9.1913,9.1776,9.2167,9.0981,9.2161
SIX5,8.099,7.8311,7.9181,8.4489,8.3159,8.4442
SKA1,6.2583,6.5635,6.496,4.3928,4.4599,4.0921
SKA2,9.5304,9.4807,9.5131,8.349,8.4626,8.2297
SKA3,8.2429,8.4822,8.5003,5.3269,5.9499,5.7705
SKAP2,9.3007,9.3944,9.428,9.9142,9.9088,9.9121
SKI,11.0535,11.1838,11.2273,10.442,10.4803,10.4275
SKIDA1,4.2487,4.863,4.7827,3.5161,3.9423,3.6977
SKIL,9.8624,9.8636,9.7388,10.2947,10.2749,10.4512
SKIV2L,2,5.1558,4.2336,5.6041,3.276,4.9507
SKP1,11.9326,11.9401,11.9648,12.2188,12.2256,12.2155
SKP2,8.9493,8.7973,8.9139,7.2656,7.2284,7.1733
SLAIN2,10.2405,10.2485,10.2633,10.226,10.2705,10.3303
SLBP,9.4629,9.5745,9.5403,9.8458,9.8253,9.8382
SLC10A3,9.1877,9.3101,9.2701,7.8678,7.7569,7.5762
SLC10A7,6.8018,7.088,6.7853,7.0278,7.0334,6.915
SLC11A1,4.5858,4.9673,4.8712,5.2882,3.8505,4.8725
SLC11A2,9.652,9.6272,9.5437,8.8978,8.8628,8.9636
SLC12A2,9.2394,9.2232,9.3435,9.4094,9.583,9.5951
SLC12A4,11.0218,11.0477,11.1674,11.4277,11.3037,11.4322
SLC12A5,4.0451,3.7889,4.2989,5.0312,4.4599,4.0214
SLC12A6,9.1082,9.0909,8.9801,9.5953,9.4853,9.569
SLC12A7,8.1633,7.5991,7.9741,9.3018,8.9034,9.2318
SLC12A8,6.3496,5.9757,6.3025,5.0312,4.9325,4.9507
SLC12A9,9.1373,9.2467,9.3043,9.3519,9.3472,9.4478
SLC13A3,6.1858,5.8449,5.8585,5.9401,5.9499,6.1142
SLC13A4,4.5086,3.2413,3.4556,3.7619,3.5338,4.0214
SLC13A5,3.9314,3.8985,3.3362,3.972,3.7525,3.3961
SLC14A1,8.9011,9.5991,9.6335,9.6131,9.6007,9.5627
SLC14A2,3.9314,3.8985,3.5658,2.8457,3.7525,3.6977
SLC15A1,3.6731,3.8985,3.4556,3.5161,3.7525,3.6977
SLC15A2,3.5242,3.7889,3.6682,3.3754,3.6473,3.8686
SLC15A3,6.2583,6.1849,6.1516,6.2329,6.0969,6.2441
SLC15A4,8.6592,8.7098,8.6517,8.9669,9.0186,9.1157
SLC16A1,9.7156,9.6292,9.6894,9.5774,9.5229,9.5281
SLC16A10,2.9547,3.3989,4.0934,3.6442,4.33,3.604
SLC16A12,5.8211,5.6391,5.5452,3.3754,3.276,3.2797
SLC16A13,5.4603,5.399,5.4621,5.7537,5.7861,6.1643
SLC16A14,5.2863,5.0646,5.2137,7.016,7.0018,7.0632
SLC16A3,12.5084,12.5223,12.5287,12.7613,12.6231,12.7269
SLC16A4,8.6592,8.5593,8.4758,8.4268,8.5084,8.4973
SLC16A5,5.0343,5.2825,5.518,4.9835,4.8401,4.9883
SLC16A7,8.307,8.6717,8.5278,8.4445,8.1331,8.3679
SLC17A5,10.326,10.3068,10.2957,10.8684,10.8835,10.9153
SLC17A7,3.9314,3.3989,3.4556,4.9835,4.3964,4.2856
SLC17A9,7.3585,7.6233,7.5332,6.5103,6.5258,6.3916
SLC18A2,3.3581,3.6702,3.7639,2.8457,2.9618,3.5038
SLC18B1,7.0804,6.9923,7.1375,6.9555,7.1342,7.0455
SLC19A1,8.4532,8.4146,8.6734,8.0408,7.9736,8.1573
SLC19A2,7.0122,7.0529,7.1104,8.4836,8.2319,8.5135
SLC1A1,7.0122,6.4953,6.6416,5.8095,6.1168,5.8744
SLC1A2,5.2393,3.7889,4.1652,5.4372,5.6291,5.4588
SLC1A3,3.6731,3.7889,3.3362,3.6442,2.5596,3.2797
SLC1A4,9.6134,9.4873,9.5605,8.2667,8.5816,8.3097
SLC1A5,12.7273,12.6608,12.6706,12.3866,12.363,12.2541
SLC1A6,4.659,4.0004,3.7639,4.1552,3.6473,3.947
SLC1A7,2.7008,3.7889,3.6682,3.972,3.8505,4.4015
SLC20A2,10.1858,10.1971,10.2479,8.9421,8.9062,8.8483
SLC22A16,3.5242,3.3989,3.6682,4.0665,4.2603,4.5088
SLC22A17,9.3705,9.3249,9.3454,9.7458,9.759,9.7751
SLC22A18,6.8805,6.4237,6.7032,7.461,7.4321,7.2603
SLC22A23,7.1583,7.088,6.9159,8.2005,7.7943,8.1323
SLC22A24,3.6731,3.5409,3.7639,4.3179,4.1101,4.2239
SLC22A31,4.3406,3.5409,4.3614,4.6587,4.1872,4.4015
SLC22A4,7.1068,7.2311,6.9771,8.5217,8.2767,8.5391
SLC22A5,6.6663,6.66,6.254,5.7819,6.1557,5.5113
SLC23A1,3.1705,3.0644,2.7255,3.2195,3.7525,3.0143
SLC23A2,9.2483,9.2073,9.2013,10.1672,10.0547,10.2082
SLC23A3,5.1907,5.4718,5.649,5.6957,5.9276,5.7267
SLC24A1,7.5245,7.1886,7.3294,6.7852,7.1244,6.9723
SLC24A4,3.3581,3.7889,2.904,3.8708,3.5338,3.604
SLC25A1,10.3607,10.3617,10.4609,10.4563,10.3194,10.3193
SLC25A10,7.6285,7.7457,7.9181,6.7139,7.0644,6.8953
SLC25A11,9.6317,9.5704,9.595,9.5222,9.4368,9.592
SLC25A12,8.6092,8.6947,8.658,7.5618,7.8127,7.4132
SLC25A13,8.4114,8.58,8.6328,8.8817,8.8599,8.9399
SLC25A14,8.2666,8.1185,8.1745,8.7382,8.4742,8.5391
SLC25A15,6.9108,6.6444,6.7507,8.462,8.3244,8.5704
SLC25A16,8.4685,8.6639,8.5976,8.1366,8.1668,8.1614
SLC25A17,8.3792,8.4006,8.4722,8.5465,8.5159,8.5796
SLC25A18,4.659,3.7889,4.8276,4.3928,4.5791,4.0921
SLC25A19,6.8179,6.8357,6.9969,6.8397,6.667,6.5756
SLC25A20,8.231,8.2329,8.3466,8.3157,8.5084,8.3572
SLC25A21,5.8211,5.3224,5.3432,6.4057,6.4019,6.3775
SLC25A22,9.3814,9.3298,9.4004,8.5949,8.5993,8.5071
SLC25A23,9.4983,9.445,9.577,8.8421,9.0421,8.7286
SLC25A24,10.3497,10.2956,10.2417,10.5462,10.5218,10.5783
SLC25A25,10.3019,9.9425,10.4883,10.1484,9.4328,9.8459
SLC25A26,6.0288,6.2064,6.0027,6.6543,6.6937,6.7607
SLC25A27,2.9547,2.348,2.5217,3.0447,3.4107,3.6977
SLC25A28,7.6008,7.7457,7.7057,7.0041,7.2644,7.1486
SLC25A29,8.6944,8.7396,8.6979,9.7023,9.7109,9.7548
SLC25A3,12.6931,12.7529,12.7588,12.8632,12.8644,12.8652
SLC25A30,8.5574,8.4329,8.3466,7.6408,7.5752,7.5514
SLC25A32,9.7868,9.971,9.921,9.5408,9.6912,9.5751
SLC25A33,7.5048,7.6934,7.5667,7.461,7.782,7.9106
SLC25A35,5.2863,5.2825,5.4621,5.0773,5.0194,4.5596
SLC25A36,9.6225,9.5262,9.4587,10.0891,10.1755,10.2042
SLC25A37,9.2031,9.1308,9.1776,9.8575,9.7174,9.9219
SLC25A38,8.7872,8.8149,8.8141,9.3114,9.2062,9.3081
SLC25A39,10.4053,10.4111,10.3487,9.8475,9.7431,9.7832
SLC25A4,8.3013,8.3772,8.3959,6.2329,6.8794,6.6595
SLC25A40,7.0535,6.863,7.1727,6.1051,6.9363,6.6122
SLC25A42,7.6645,7.716,7.7296,7.6485,7.568,7.5196
SLC25A43,8.543,8.6166,8.5747,7.8678,7.9069,7.6307
SLC25A44,9.2777,9.4153,9.3854,9.1069,9.2223,9.2338
SLC25A45,5.8835,6.0725,5.963,6.3314,6.2121,6.4056
SLC25A46,10.0731,10.148,10.1205,10.513,10.5846,10.602
SLC25A48,2.9547,3.3989,3.3362,4.2388,3.4107,3.6977
SLC25A5,11.1763,11.1906,11.2236,10.7389,10.7115,10.7433
SLC25A51,8.4736,8.2741,8.3884,7.9383,7.9069,7.8353
SLC25A53,5.4603,5.6072,5.7223,5.6041,6.0969,6.0971
SLC25A6,12.8173,12.7721,12.8147,12.9637,12.9022,12.9465
SLC26A1,5.1907,5.5745,5.5452,5.8893,5.5438,5.5369
SLC26A10,3.9314,3.7889,3.6682,3.6442,4.0287,3.3961
SLC26A11,8.2724,8.2741,8.3996,9.6612,9.4814,9.5935
SLC26A2,9.4858,9.6934,9.542,10.2028,10.0392,10.1368
SLC26A6,7.6645,7.7383,7.7647,9.118,8.889,9.2121
SLC27A1,8.3127,8.2171,8.1832,7.7374,7.9182,7.6128
SLC27A3,5.9724,5.9505,5.7691,6.3875,6.4496,6.4331
SLC27A4,9.4833,9.4291,9.4353,9.4094,9.343,9.4427
SLC27A5,4.9781,5.5069,5.7459,5.2882,5.2879,5.7043
SLC27A6,2,2,2.7255,4.0665,3.8505,3.8686
SLC28A3,5.6519,5.7009,5.598,3.2195,3.9423,3.2797
SLC29A1,7.7757,8.0005,8.052,7.2354,7.3423,6.8854
SLC29A2,4.9781,6.141,6.0414,5.6353,5.7356,6.1478
SLC29A3,6.2583,6.0957,6.0604,6.8263,6.9138,7.1235
SLC29A4,8.1315,8.1466,8.2342,8.6982,8.6782,8.791
SLC2A1,11.5686,11.5026,11.5971,12.3264,12.3785,12.2615
SLC2A10,10.1225,10.0681,10.1562,9.8918,9.8713,9.9036
SLC2A11,8.0385,7.7085,7.8543,8.3537,8.2855,8.0592
SLC2A12,7.0535,7.0289,6.9366,6.1704,6.2664,6.1311
SLC2A13,8.39,8.1957,8.3153,10.065,9.8418,10.1211
SLC2A14,4.7952,4.1849,4.9136,6.1272,6.2485,6.0798
SLC2A3,10.464,10.4566,10.4961,12.5487,12.4535,12.6208
SLC2A4,3.808,4.0956,3.7639,4.6587,4.1872,4.1595
SLC2A4RG,9.9939,10.0608,10.0676,9.5592,9.5705,9.504
SLC2A5,3.9314,3.5409,2.904,3.5161,3.276,4.2856
SLC2A6,7.0122,6.6908,6.8191,6.98,6.9585,7.1651
SLC2A8,9.7929,9.8085,10.0102,8.917,9.1805,8.9636
SLC2A9,3.6731,3.5409,3.938,4.464,4.2603,3.947
SLC30A1,9.8893,9.7475,9.7461,9.9718,10.079,10.0484
SLC30A2,3.9314,3.2413,3.5658,4.3179,3.9423,3.2797
SLC30A3,2.9547,4.4952,4.3614,5.2882,5.2161,4.7898
SLC30A4,8.0791,8.2536,8.3153,7.4168,7.6176,7.6484
SLC30A5,10.3161,10.2381,10.2197,10.5151,10.5078,10.5306
SLC30A6,9.9921,9.7198,9.6894,8.9791,9.0855,9.22
SLC30A7,9.7475,9.6588,9.6602,9.5054,9.6526,9.7049
SLC30A9,10.7068,10.8079,10.6636,10.6624,10.7753,10.7779
SLC31A1,10.7968,10.8681,10.766,11.5427,11.4536,11.6001
SLC31A2,6.8805,7.0289,6.987,6.0599,6.1363,6.0266
SLC33A1,9.2777,9.385,9.3779,9.3729,9.3451,9.4359
SLC35A1,7.8163,7.7309,7.6996,8.0923,7.9899,8.1407
SLC35A2,9.266,9.2259,9.2721,9.469,9.4069,9.5056
SLC35A3,8.7583,9.1195,8.8635,8.3012,8.4626,8.2178
SLC35A4,10.1466,10.1877,10.2344,9.1881,9.3003,9.2685
SLC35A5,9.0136,8.8009,8.955,8.8686,8.9428,8.9133
SLC35B1,9.5401,9.6213,9.5885,9.8408,9.8596,9.8662
SLC35B2,10.8805,10.9031,10.8924,11.6256,11.548,11.5986
SLC35B3,9.1437,9.4038,9.2883,9.5973,9.5322,9.4478
SLC35B4,9.5008,9.4895,9.4587,7.9194,8.1234,8.0052
SLC35C1,10.0306,10.0189,10.1,10.5766,10.4831,10.6118
SLC35C2,9.3678,9.3565,9.4171,9.93,9.6878,9.8004
SLC35D1,9.3787,9.445,9.3684,9.0181,9.0291,8.9963
SLC35D2,8.2067,8.2223,8.23,7.0626,7.1439,7.1895
SLC35E1,10.9777,10.9299,10.9958,10.2626,10.2301,10.1263
SLC35E2A,6.0562,6.141,6.3184,7.2556,6.9474,7.3424
SLC35E2B,10.9588,10.8588,10.899,11.7744,11.7199,11.8338
SLC35E3,8.1883,8.2329,8.0087,8.3396,8.5121,8.4204
SLC35E4,7.939,7.9313,8.0661,8.2057,7.9182,8.0052
SLC35F1,2,2.6282,3.206,3.2195,3.8505,3.3961
SLC35F2,7.6645,7.6858,7.7355,7.5123,7.3339,7.6946
SLC35F3,3.1705,3.5409,3.3362,4.5318,3.6473,4.8317
SLC35F5,10.6383,10.722,10.6535,11.2197,11.1617,11.2033
SLC35F6,10.0306,10.04,10.0344,10.5946,10.5522,10.5814
SLC35G1,6.6119,6.7505,6.482,6.639,6.8794,6.4601
SLC35G2,7.4847,7.4982,7.5467,7.7868,7.679,7.7987
SLC36A1,9.4397,9.3921,9.3512,10.3557,10.2129,10.3239
SLC36A2,2.9547,3.0644,2.904,3.5161,3.9423,3.3961
SLC36A4,8.4532,8.6325,8.5681,8.6455,8.7998,8.9636
SLC37A1,2.7008,2.8627,4.2989,5.7537,5.3225,5.8744
SLC37A2,5.2393,5.8986,5.5452,4.8831,4.9325,5.0606
SLC37A3,9.7889,9.6839,9.9197,9.6364,9.8162,9.6721
SLC37A4,6.1353,6.5126,6.7032,5.8366,5.3562,5.0249
SLC38A1,12.0695,12.0889,11.9937,12.1429,12.1703,12.1385
SLC38A10,11.0165,11.0138,11.1048,11.2087,11.1784,11.2162
SLC38A2,14.2452,14.2237,14.2286,14.5993,14.6467,14.6746
SLC38A3,4.427,4.0956,3.938,4.5967,3.9423,4.7021
SLC38A4,7.1456,7.21,7.1195,7.3712,7.3082,7.2371
SLC38A5,7.7921,7.7675,7.7531,5.9649,6.0357,5.914
SLC38A6,7.7675,7.7309,7.6936,8.7737,8.7014,8.6662
SLC38A7,9.5618,9.5807,9.5079,10.3904,10.3554,10.4369
SLC39A1,10.6618,10.6775,10.6904,11.1116,10.9541,11.0546
SLC39A10,9.672,9.7457,9.595,9.1615,9.3197,9.332
SLC39A11,8.3629,8.269,8.2342,7.6176,7.3082,7.2293
SLC39A13,11.2611,11.1496,11.2849,11.1144,11.1095,11.0524
SLC39A14,11.4471,11.4325,11.4566,10.8741,10.8572,10.9061
SLC39A3,8.6813,8.8044,8.7337,9.0151,8.9428,8.9157
SLC39A4,5.8211,5.399,5.649,5.8632,5.6012,5.8744
SLC39A6,11.4045,11.4245,11.4204,11.8925,11.9216,11.968
SLC39A7,9.7868,9.753,9.7621,10.2054,10.1408,10.104
SLC39A8,3.808,4.1849,4.2989,4.6587,4.1872,4.2856
SLC39A9,10.6371,10.7723,10.7235,11.2171,11.1866,11.1494
SLC3A2,11.4879,11.4262,11.4107,11.759,11.6917,11.8127
SLC40A1,6.2345,6.6126,6.1865,5.3646,5.4531,5.4317
SLC41A1,9.8644,9.7997,9.8244,9.7653,9.6845,9.6707
SLC41A2,7.4542,7.6072,7.4422,6.3314,6.0357,5.8542
SLC41A3,8.8315,8.7135,8.8225,9.2167,9.2872,9.1471
SLC43A1,8.1055,8.031,8.0087,8.9972,8.9812,8.9613
SLC43A2,5.1907,6.2484,6.3184,6.2732,6.5696,6.8654
SLC43A3,7.9168,8.1686,8.1077,8.1528,8.053,8.1239
SLC44A1,9.169,9.1832,9.1601,9.7915,9.7543,9.9567
SLC44A2,11.2041,11.2692,11.2808,11.5717,11.5652,11.48
SLC44A3,4.3406,4.0956,4.6883,4.9835,4.9766,4.9883
SLC44A4,6.8179,6.863,6.8191,8.2568,8.0785,8.2453
SLC45A1,6.1353,6.0489,6.3951,6.2124,6.1557,5.9714
SLC45A3,7.1199,6.9291,7.0261,7.5039,7.3838,7.3923
SLC45A4,7.4542,7.5241,7.5667,7.5207,7.5752,7.6068
SLC46A1,8.2956,8.2485,8.2466,6.8263,7.4557,7.0807
SLC46A3,5.4187,5.4359,5.1794,5.8095,5.6012,5.2885
SLC47A1,3.3581,3.0644,2.904,3.3754,3.6473,3.8686
SLC48A1,7.4645,7.5241,7.5799,6.8923,6.8321,6.9629
SLC49A4,7.9754,8.0725,7.9076,8.6263,8.6203,8.5579
SLC4A11,5.3318,4.4237,4.9136,7.173,6.6122,7.1403
SLC4A1AP,9.2483,9.218,9.1667,9.2945,9.3132,9.2837
SLC4A2,11.591,11.6057,11.7248,12.1767,12.1116,12.1888
SLC4A3,6.7856,6.58,6.9055,6.5921,6.3692,6.6826
SLC4A4,9.2,9.3637,9.324,9.9657,10.1189,10.0101
SLC4A5,3.808,3.5409,3.0629,3.2195,4.0287,2.8607
SLC4A7,10.373,10.4844,10.4045,12.3053,12.2895,12.4071
SLC4A8,8.1186,8.329,7.9387,6.9179,6.9911,6.9723
SLC50A1,7.9896,7.789,7.6188,7.3805,7.3339,7.3057
SLC51A,6.083,5.872,5.963,5.7819,5.6834,6.0798
SLC52A1,3.808,2.8627,2.904,3.0447,3.276,2.6888
SLC52A2,10.4792,10.5029,10.5246,11.1519,11.0234,11.1426
SLC52A3,8.0108,8.2792,8.5943,8.5091,8.7844,8.6777
SLC5A2,4.0451,3.5409,3.0629,4.0665,3.8505,3.947
SLC5A3,9.4267,9.3175,9.1557,11.8779,11.7256,11.8498
SLC5A6,8.7708,8.9063,8.955,9.1481,9.1471,9.295
SLC66A1L,3.808,4.1849,4.2336,3.8708,3.276,3.1531
SLC66A2,9.3787,9.5069,9.3967,10.1114,10.0916,10.1972
SLC66A3,7.4335,7.4895,7.5127,7.1836,7.3591,7.2135
SLC6A15,7.1583,7.2206,7.1285,12.3101,11.8721,12.4012
SLC6A16,5.0343,4.863,5.1083,5.9149,6.3357,6.1643
SLC6A17,5.7558,5.9757,5.9012,5.7819,5.9049,5.8337
SLC6A20,3.1705,3.6702,3.0629,4.2388,4.1872,3.7856
SLC6A6,10.1734,10.242,10.2613,10.0863,10.047,10.0661
SLC6A8,9.8931,9.9248,9.9556,10.8831,10.7698,10.877
SLC6A9,8.5953,8.3485,8.5878,7.848,7.8127,7.5701
SLC7A1,11.4177,11.4008,11.4181,8.9296,9.2585,8.8121
SLC7A11,11.2575,11.3008,11.1657,12.6244,12.6281,12.7841
SLC7A14,8.5999,8.6755,8.6073,5.8095,6.1168,5.227
SLC7A2,9.6896,9.7512,9.5754,9.8392,9.8581,10.1211
SLC7A5,12.5566,12.5113,12.5464,10.9796,11.1479,10.949
SLC7A6OS,8.4061,8.3677,8.3847,7.701,8.1428,8.1614
SLC7A7,6.0562,5.8449,5.6238,5.6041,5.8106,5.9334
SLC7A8,3.1705,3.5409,2.904,4.3928,4.1101,4.0214
SLC8A1,9.6787,9.7873,9.7993,8.6683,9.0053,8.598
SLC8B1,7.4847,7.5155,7.3981,7.6936,7.8248,7.7934
SLC9A1,10.7835,10.6266,10.695,10.7567,10.6634,10.7474
SLC9A3,6.2345,5.789,6.0975,8.5869,8.4313,8.6161
SLC9A3R1,7.6734,7.5495,7.7647,7.7083,7.8308,7.6946
SLC9A3R2,9.8682,9.902,9.9171,10.1565,10.1225,10.065
SLC9A4,2.7008,4.3484,2.904,3.6442,4.1101,4.0921
SLC9A5,6.9257,6.5467,6.7271,7.4523,7.1535,7.1733
SLC9A6,8.9566,8.9259,9.1689,8.6532,8.5564,8.601
SLC9A7,10.764,10.7515,10.7272,9.4884,9.6728,9.3591
SLC9A8,8.2006,7.9505,7.9891,8.5789,8.5159,8.7118
SLC9A9,5.9434,5.7309,5.4903,5.122,5.5142,5.3475
SLC9B2,7.9609,7.7235,7.8759,8.9296,8.7844,9.1409
SLCO2A1,5.54,5.0168,4.5874,6.149,5.8348,6.1478
SLCO3A1,7.9609,7.9757,8.0038,7.6561,7.5167,7.5324
SLCO4A1,5.3759,5.3224,5.0714,6.5761,5.8585,6.5507
SLF1,6.8805,6.8357,6.8191,6.4934,6.1935,6.2748
SLF2,9.5279,9.385,9.4317,9.6631,9.574,9.6459
SLFN11,9.5474,9.5889,9.4975,7.3432,7.6246,7.5824
SLFN12,8.4167,8.4953,8.4364,8.2161,8.4153,8.2019
SLFN13,4.427,5.2825,4.8276,3.3754,3.6473,3.6977
SLFN5,11.2072,11.1784,10.9815,11.4399,11.4433,11.4911
SLFNL1,3.808,3.5409,3.8536,3.972,4.4599,4.3447
SLIRP,8.7416,8.7506,8.7513,8.4445,8.3829,8.561
SLIT2,10.0647,10.0841,10.0676,7.4346,7.5463,7.3278
SLIT3,4.5086,4.5634,4.9136,6.0367,5.5728,5.5369
SLITRK5,3.3581,4.4237,4.2989,4.2388,4.2603,4.2239
SLITRK6,5.54,5.7309,5.9427,7.7588,7.6656,7.8093
SLK,10.5055,10.5852,10.5483,10.5866,10.631,10.6305
SLMAP,10.0167,10.037,10.038,10.2234,10.2594,10.2866
SLTM,10.2286,10.1796,10.2166,10.2079,10.1967,10.2724
SLU7,9.266,9.2826,9.2182,9.6345,9.6475,9.6807
SLX1A-SULT1A3,5.54,6.7651,6.6666,6.98,7.3339,7.7003
SLX1B,3.9314,3.5409,5.6238,8.2717,7.4635,7.6717
SLX4,8.3127,8.269,8.1961,8.363,8.4971,8.2019
SLX4IP,6.4355,6.8079,6.4679,6.639,6.9363,6.7822
SMAD1,7.4124,7.1777,7.1464,7.529,7.7184,7.7774
SMAD2,10.1655,10.1809,10.0757,10.1949,10.2571,10.1136
SMAD3,12.4872,12.5234,12.445,12.6978,12.7242,12.6257
SMAD4,9.9232,9.8754,9.7621,9.958,9.9327,9.9388
SMAD5,10.5591,10.4318,10.5108,10.5696,10.4879,10.4918
SMAD6,7.4018,7.5241,7.5733,7.5123,7.0746,7.3496
SMAD7,8.4114,8.3043,8.4071,9.6209,9.3619,9.5007
SMAD9,7.5343,7.3897,7.5058,7.6097,7.6988,7.7666
SMAGP,8.7708,8.8529,8.9851,6.9555,7.1342,6.7388
SMAP1,9.1532,9.2467,9.2863,8.6945,8.7782,8.6977
SMAP2,9.9903,10.2065,10.1888,10.0154,9.9728,10.0226
SMARCA1,11.3391,11.3475,11.3168,11.3623,11.4487,11.4021
SMARCA2,9.9361,9.8085,9.8091,9.5551,9.6644,9.4778
SMARCA4,11.8248,11.7512,11.8786,11.7532,11.6801,11.7208
SMARCA5,11.2201,11.1737,11.182,11.5717,11.4945,11.6043
SMARCAD1,9.6475,9.701,9.657,9.9657,10.056,9.9987
SMARCAL1,9.1501,9.1392,9.1776,8.687,8.8976,8.5888
SMARCB1,9.3121,9.4473,9.3043,9.4251,9.4564,9.6011
SMARCC2,10.245,10.1782,10.2113,10.1578,10.1152,10.0584
SMARCD1,9.7579,9.8259,9.9593,9.8934,9.8815,9.9929
SMARCD2,9.672,9.7438,9.6955,10.002,9.8253,10.0771
SMARCD3,9.169,9.1913,9.1357,8.901,9.0627,9.0077
SMARCE1,11.2917,11.3708,11.26,11.4008,11.472,11.4335
SMC1A,11.1296,11.1067,11.1896,10.4801,10.5357,10.4521
SMC2,9.5008,9.5889,9.5471,7.9692,8.2455,8.1818
SMC3,10.1322,10.11,10.0711,9.0874,9.1946,9.2931
SMC4,10.8834,10.9291,10.9902,8.8488,9.1375,9.0394
SMC5,9.6609,9.7693,9.7402,9.9268,9.9822,9.9767
SMC6,8.9309,8.8798,8.8169,8.976,9.1055,8.9847
SMCHD1,10.7025,10.766,10.669,11.18,11.2492,11.2456
SMCO4,5.6874,6.0489,5.8585,4.8302,5.1013,4.7466
SMCR8,9.8291,9.7272,9.8722,10.2862,10.199,10.3266
SMDT1,5.9724,5.8986,5.8585,6.0131,5.8585,5.9334
SMG1,10.9884,10.9452,10.6958,11.3523,11.272,11.247
SMG5,11.4452,11.3874,11.477,11.1254,11.0494,11.1311
SMG6,10.2012,10.2171,10.2745,10.836,10.8319,10.8657
SMG7,10.5005,10.5319,10.6099,10.2626,10.1613,10.3248
SMG8,8.6092,8.5593,8.7601,8.6301,8.7936,8.6949
SMG9,8.9995,9.2047,9.088,8.9912,8.9839,9.0682
SMIM1,3.6731,3.5409,4.0178,3.5161,3.276,3.604
SMIM10L1,7.3694,7.5155,7.3907,7.9875,7.7184,7.6366
SMIM10L2A,2.7008,2.6282,2.904,3.2195,3.7525,3.1531
SMIM10L2B,4.3406,4.4952,4.7363,4.464,4.5208,4.4561
SMIM11A,7.2201,5.4718,6.6033,6.8794,6.8909,5.3761
SMIM11B,4.8588,7.0764,5.4903,6.149,5.1013,6.7929
SMIM12,8.8589,8.9452,8.9423,9.1014,9.1326,9.1178
SMIM13,9.0684,9.0229,9.0482,9.6536,9.6829,9.7965
SMIM14,9.7327,9.7621,9.6096,10.3778,10.3823,10.3063
SMIM15,9.8893,9.9928,10.0151,10.358,10.3512,10.4086
SMIM19,6.7691,6.58,6.6666,6.0367,5.7356,5.6584
SMIM20,7.6008,7.6152,7.3756,7.4078,7.6036,7.4201
SMIM26,7.5632,7.7603,7.5601,8.1256,8.1477,8.1818
SMIM29,7.9168,7.9248,7.994,8.8751,8.6948,8.9108
SMIM3,9.7135,9.8534,9.8895,10.5766,10.643,10.5814
SMIM4,6.7856,6.9674,6.6911,6.7852,6.7456,6.8953
SMIM43,4.659,5.2825,4.7363,3.972,4.5791,4.3447
SMIM7,9.315,9.378,9.3985,8.7702,8.6581,8.672
SMIM8,5.5783,6.141,6.1865,5.3269,5.6291,5.6584
SMN2,7.7254,5.5069,6.2374,7.1078,7.4712,7.7172
SMNDC1,9.1114,9.0967,9.129,9.2346,9.2085,9.2121
SMO,9.4214,9.3897,9.4605,10.0433,9.955,10.0606
SMOC1,7.0398,7.1447,7.0357,8.0408,7.7569,7.996
SMOX,8.5859,8.4644,8.4968,10.1871,10.0196,10.2494
SMPD2,5.8526,6.141,6.0975,5.8893,5.8585,5.8337
SMPD3,3.9314,3.5409,2.904,3.3754,3.1274,3.1531
SMPD4,10.6405,10.7705,10.8399,9.2673,9.3472,9.0394
SMPDL3A,7.8163,8.0666,7.9741,8.8321,8.94,8.9565
SMR3B,2,5.399,2.7255,2,2,5.1952
SMS,12.2636,12.2903,12.2698,11.739,11.8921,11.7614
SMU1,10.2286,10.2956,10.2541,10.2576,10.347,10.3376
SMUG1,8.231,8.0429,8.052,7.9875,8.0582,7.9868
SMURF1,10.2598,10.2472,10.191,11.0399,11.0148,11.1148
SMURF2,12.9798,13.0138,13.0064,12.1554,12.2603,12.1852
SMYD2,8.8897,8.9452,8.8823,7.7083,7.9791,8.1532
SMYD3,8.1121,8.0957,7.9336,7.5373,7.5092,7.5451
SMYD4,7.3694,7.445,7.4708,7.5699,7.5966,7.6248
SMYD5,8.75,8.8426,8.8141,8.5258,8.4548,8.3679
SNAI1,7.1328,7.0529,7.1013,9.1208,8.9456,9.1199
SNAI2,9.8682,9.8551,9.8105,9.5531,9.6269,9.6027
SNAI3,4.9197,4.9673,4.7363,4.7753,4.6352,4.6087
SNAP23,10.34,10.3569,10.2644,10.2935,10.4087,10.3493
SNAP25,5.4187,5.5069,5.2472,4.0665,4.33,3.6977
SNAP29,9.4552,9.4314,9.5285,9.9094,9.9045,9.9146
SNAP47,8.8973,8.9985,9.0834,9.2295,9.0678,9.2435
SNAP91,4.7952,4.2689,3.8536,2.34,5.2525,2.2678
SNAPC1,7.9609,7.9248,8.0136,8.3723,8.209,8.5199
SNAPC2,8.6681,8.5509,8.6297,8.6455,8.6816,8.628
SNAPC3,9.9544,9.867,9.8641,10.2489,10.1732,10.2211
SNAPC5,7.2441,7.3323,7.3294,6.9052,6.8201,6.915
SNAPIN,8.4114,8.6206,8.4145,8.5668,8.4665,8.5199
SNCA,10.7176,10.4374,10.6912,10.5523,10.4927,11.0815
SNCAIP,7.4124,7.5411,7.7472,7.6787,7.5895,7.6007
SNCB,4.0451,3.7889,3.7639,5.4372,5.1789,5.5113
SNCG,5.7888,5.399,5.7691,4.7181,4.887,5.227
SND1,12.8507,12.8597,12.8609,12.7354,12.7953,12.7661
SNED1,8.3846,8.4822,8.4181,8.9546,9.113,9.0191
SNF8,10.2435,10.2407,10.2816,10.2626,10.2232,10.2484
SNHG28,3.808,3.0644,2.904,3.3754,3.1274,3.0143
SNHG32,8.6988,8.6365,8.6201,8.3012,8.4273,8.2491
SNIP1,7.9682,8.1354,8.052,8.4793,8.2136,8.4776
SNN,8.9995,8.8426,8.9576,8.1091,8.0936,7.9775
SNORC,2.9547,3.0644,3.4556,3.8708,3.276,3.5038
SNPH,8.9675,9.0046,8.9702,8.0979,8.1951,7.9681
SNRK,8.5622,8.5425,8.6486,9.0269,9.0627,9.0813
SNRNP200,12.0577,11.999,12.1152,12.0341,12.0115,12.0491
SNRNP25,9.1212,9.0229,9.0219,8.5091,8.5528,8.6691
SNRNP27,9.2061,9.28,9.3722,9.3472,9.3282,9.4376
SNRNP35,7.6822,7.4895,7.5667,7.4697,7.5536,7.2907
SNRNP40,8.9746,9.0108,8.8445,8.4577,8.5455,8.5263
SNRNP48,8.3629,8.4997,8.3619,8.5049,8.6064,8.4677
SNRNP70,11.0746,11.0551,11.0945,11.124,11.0241,11.171
SNRPA,9.6041,9.5026,9.5654,8.8083,8.708,8.7062
SNRPA1,9.2364,9.4176,9.3665,8.9577,9.1544,9.0282
SNRPB,10.8159,10.9227,10.9283,10.5776,10.6327,10.6268
SNRPB2,9.7284,9.8904,9.6909,9.6209,9.6509,9.6488
SNRPC,10.0271,10.0385,10.009,9.735,9.6492,9.8004
SNRPD1,9.4449,9.5889,9.5934,9.4206,9.3866,9.3928
SNRPD2,10.6663,10.6842,10.7258,10.5554,10.5703,10.5202
SNRPD3,10.289,10.2792,10.2897,10.0535,9.9411,10.0181
SNRPE,9.3868,9.4473,9.3854,9.2063,9.1567,9.3338
SNRPF,8.7913,8.863,8.7973,8.6683,8.5887,8.4941
SNRPG,9.1114,9.0108,9.0435,9.1427,9.0602,8.923
SNTA1,7.5343,7.5069,7.7296,7.6018,7.4712,7.4269
SNTB1,8.2189,8.2485,8.3388,7.7729,7.7119,7.9057
SNTB2,10.9108,10.9571,10.8289,10.3463,10.3975,10.3885
SNTG1,3.3581,3.2413,3.0629,3.8708,4.1872,3.7856
SNTG2,2.7008,2.6282,2.5217,3.7619,2.9618,2.2678
SNUPN,8.231,8.1298,8.1789,7.5123,7.4941,7.4607
SNURF,6.5934,6.9291,6.4536,6.8923,6.4019,6.4996
SNW1,10.0409,9.9584,9.9377,9.6725,9.6862,9.6011
SNX1,10.3906,10.3545,10.3506,10.4704,10.5059,10.4428
SNX11,8.6092,8.8529,8.6948,8.8653,8.8861,8.9133
SNX12,10.034,10.0986,10.0272,10.082,10.166,10.1504
SNX13,9.3949,9.3347,9.4226,9.7404,9.7271,9.7684
SNX14,10.0613,10.0652,9.9732,10.4063,10.4687,10.4861
SNX15,8.1945,8.1904,8.331,8.0639,8.0633,8.0144
SNX16,7.1583,6.903,7.3216,7.9003,7.8066,7.9444
SNX17,11.1528,11.1413,11.1891,11.0794,11.1076,11.0645
SNX18,11.1895,11.1852,11.2294,10.5056,10.7041,10.576
SNX19,11.3124,11.2213,11.2574,11.5298,11.429,11.4331
SNX2,9.5353,9.5369,9.5131,9.0444,9.1639,9.0055
SNX21,8.4532,8.3192,8.1832,8.3723,8.4153,8.4644
SNX22,5.722,5.3224,4.8276,5.6658,5.7861,5.3183
SNX24,8.099,8.1577,8.1258,7.2149,7.2192,6.9439
SNX25,8.6901,8.9129,8.9087,8.917,8.9731,8.9351
SNX27,9.315,9.4291,9.1797,9.9158,9.8771,9.8395
SNX29,9.7348,9.6372,9.697,10.3297,10.276,10.3193
SNX3,11.1288,11.2073,11.1826,10.9743,10.9828,10.9964
SNX30,9.8855,9.9835,9.7964,9.895,9.719,9.8279
SNX32,3.9314,4.2689,4.3614,4.5967,4.887,4.6087
SNX33,9.7929,9.68,9.8272,10.3081,10.1684,10.2368
SNX5,10.145,10.1086,10.064,9.129,9.3132,9.1492
SNX6,11.1591,11.1237,11.1303,11.1199,11.1924,11.1612
SNX7,9.1341,9.0647,9.06,8.4223,8.6029,8.5199
SNX8,9.9653,9.9804,9.9819,10.2311,10.0586,10.1566
SNX9,10.7856,10.8588,10.8698,12.0929,12.0561,12.1855
SOAT1,10.2918,10.4192,10.3449,10.351,10.4036,10.3412
SOBP,7.2441,7.2415,7.1104,6.6694,6.3357,6.4734
SOCS1,6.9108,6.1185,6.3025,5.4014,5.2161,5.2885
SOCS2,8.1507,8.1957,8.2915,8.9328,8.8948,9.09
SOCS3,8.8705,8.8426,9.017,9.4494,9.4209,9.6147
SOCS4,9.4029,9.4807,9.3722,9.5367,9.5848,9.486
SOCS5,11.1052,11.248,11.2078,10.8293,10.915,10.7644
SOCS6,9.6918,9.6411,9.6176,9.8869,9.8492,9.9602
SOCS7,7.5343,7.5662,7.5799,8.3109,8.0684,8.0811
SOD1,10.9893,10.9532,10.9386,11.026,11.0352,10.9744
SOD2,11.8578,11.8207,11.7359,11.0716,11.1082,11.1227
SOD3,6.3047,6.2276,6.5372,6.3875,6.2121,6.6826
SOGA3,6.0288,6.3484,6.2703,5.8632,5.7356,6.0623
SON,12.4689,12.4733,12.4455,12.231,12.2991,12.2194
SORBS1,3.3581,4.0956,3.8536,4.0665,4.4599,3.6977
SORBS2,4.1505,4.2689,2.904,4.3179,3.5338,3.3961
SORBS3,10.8622,11.0199,11.0111,10.5462,10.6067,10.4453
SORCS2,6.0009,5.8172,5.963,6.149,6.1747,5.9334
SORD,8.4583,8.4099,8.4616,7.5207,7.6315,7.6188
SORL1,7.3251,7.716,7.4637,7.0395,6.8079,6.6595
SORT1,11.0871,11.0676,11.028,10.3915,10.5512,10.322
SOS1,9.9689,9.8754,9.8868,10.1294,10.166,10.1326
SOS2,9.1939,9.1195,9.0926,8.9912,9.0499,9.0237
SOWAHC,8.1696,8.2011,8.2631,7.4258,7.6106,7.5946
SOX12,9.5995,9.4917,9.5096,9.0958,9.0053,9.1346
SOX15,3.9314,4.4952,4.5341,4.2388,3.276,3.8686
SOX4,9.8071,9.7457,9.7358,12.1747,12.0299,12.2241
SOX5,7.0122,6.9799,6.8079,7.6936,7.6588,7.7394
SOX8,3.1705,2.6282,3.6682,4.6587,3.6473,4.1595
SOX9,10.3344,10.3217,10.3593,10.9955,10.9685,10.937
SP1,10.245,10.2906,10.2967,10.4844,10.5171,10.4754
SP100,10.0409,10.074,10.0199,10.2539,10.2289,10.2753
SP110,7.8713,8.1354,8.1393,7.8874,8.2855,7.996
SP140,5.3318,5.0168,4.4788,5.3269,5.1789,5.0606
SP140L,8.6636,8.6246,8.5976,7.7517,7.8428,7.6717
SP2,8.3463,8.269,8.3658,7.9507,7.7757,7.772
SP3,10.1078,10.12,10.1395,9.8155,9.8771,9.8999
SP4,6.4145,6.1631,6.3495,6.3504,6.2664,6.29
SPA17,6.8179,7.1223,6.957,6.5921,6.2485,6.6122
SPACA9,6.3047,6.2893,6.2037,5.1654,5.7356,5.8944
SPAG1,5.1907,5.0168,5.1083,5.725,6.0147,5.7919
SPAG16,8.7031,8.7867,8.6765,8.6494,7.8664,9.3173
SPAG4,3.5242,4.0004,4.0934,3.6442,4.2603,4.1595
SPAG5,9.6765,9.7457,9.8175,7.0853,7.2555,6.8348
SPAG7,9.4883,9.4518,9.3454,9.4072,9.4407,9.4778
SPAG9,10.9285,11.029,11.0092,10.8494,10.9982,10.7698
SPARC,16.3398,16.2745,16.2978,16.2842,16.3405,16.1818
SPART,10.3784,10.2381,10.2937,10.5441,10.6154,10.5487
SPAST,8.3684,8.2639,8.4436,8.2109,8.6682,8.3891
SPATA13,9.266,9.4674,9.3967,10.2209,10.256,10.3806
SPATA17,4.0451,4.4952,3.5658,4.3179,4.4599,4.9883
SPATA18,7.848,7.9183,7.9841,8.731,8.7467,8.709
SPATA2,7.8942,7.7457,7.8597,7.529,7.3591,7.364
SPATA20,9.0818,9.0199,9.0857,8.9821,9.2039,9.0572
SPATA22,5.8211,2.6282,3.7639,3.5161,5.0194,4.0921
SPATA24,5.0343,5.2415,4.7827,4.8302,4.5791,4.7466
SPATA25,2.7008,3.5409,3.0629,4.2388,3.8505,3.6977
SPATA2L,7.256,7.3517,7.1986,7.7156,7.6384,7.8909
SPATA33,6.4766,6.6755,6.0975,7.0278,6.6399,6.7715
SPATA4,3.808,3.6702,3.3362,2.34,2.3068,3.0143
SPATA5,7.2909,7.445,7.1814,7.2556,7.4242,7.2907
SPATA5L1,7.5048,7.4718,7.2072,7.7799,7.6588,7.6425
SPATA6,5.5783,5.8449,6.1158,6.8663,6.7068,6.8854
SPATA7,7.3251,7.3991,7.4203,7.9257,8.0165,8.0811
SPATA9,3.808,3.8985,3.6682,3.0447,2.7747,3.8686
SPATC1L,6.5362,6.0957,6.4679,6.5103,6.7328,6.7498
SPATS2,10.192,10.1604,10.178,10.3141,10.3782,10.3211
SPATS2L,12.172,12.2358,12.2596,11.9644,11.9844,11.8981
SPC24,7.7508,7.7457,7.7236,5.4722,5.0194,5.1627
SPC25,5.2863,4.5634,4.8712,4.1552,2,3.8686
SPCS1,9.9868,10.04,9.9656,10.0592,10.1445,10.0496
SPCS2,10.0528,10.1686,10.0617,10.008,10.0418,10.1263
SPCS3,11.6251,11.6665,11.6276,11.5303,11.6292,11.5864
SPDL1,9.2334,9.3565,9.3948,9.518,9.5451,9.6936
SPDYA,3.1705,3.2413,3.0629,3.5161,3.7525,3.1531
SPDYE1,4.0451,4.5634,3.5658,3.972,3.1274,3.7856
SPDYE2,4.9197,4.2689,4.6883,5.5723,5.0194,5.2885
SPDYE2B,3.6731,4.2689,2.904,3.3754,3.5338,3.604
SPDYE3,6.5934,6.5126,6.7623,6.2732,6.5258,6.6001
SPDYE5,4.5858,5.0646,4.7363,4.9835,4.2603,4.7021
SPDYE6,4.3406,3.3989,4.9947,4.7181,4.4599,4.5088
SPECC1,9.837,9.8085,9.7922,9.8492,9.9313,9.8446
SPECC1L,10.7525,10.775,10.7508,11.0998,11.2145,11.1259
SPECC1L-ADORA2A,4.659,2,4.6387,5.8095,2,2
SPEF2,5.2393,5.1993,4.7827,4.3179,4.1872,4.7466
SPEG,10.0202,9.7603,9.9274,8.4577,8.6715,8.4272
SPEN,10.0062,10.1312,9.921,9.9961,9.7979,9.8687
SPESP1,5.2863,5.6391,5.1443,5.1654,5.3225,5.3761
SPG11,9.6654,9.6588,9.6817,9.5854,9.5794,9.5981
SPG7,10.3133,10.3006,10.2897,10.4142,10.3226,10.4077
SPHK1,9.4267,9.6762,9.7075,9.4734,9.4328,9.6297
SPHK2,7.9609,8.2011,8.1961,8.2914,8.2723,8.2099
SPIB,2.7008,3.7889,3.7639,3.7619,3.7525,3.2797
SPICE1,7.3024,7.088,7.2573,7.5373,7.7442,7.474
SPIDR,8.6636,8.46,8.2549,8.862,8.7593,8.9589
SPIN1,11.1328,11.1531,11.1826,11.09,11.1261,11.1437
SPIN2A,2.3925,3.7889,3.3362,2.8457,3.276,3.1531
SPIN2B,5.5783,5.6391,5.7459,6.2532,6.1363,5.9714
SPIN4,6.6484,6.5298,6.9366,6.8794,6.5696,6.4996
SPINDOC,8.7458,8.8288,8.8982,9.4669,9.468,9.6503
SPINK9,5.2393,5.5411,4.8276,5.0312,4.9325,5.227
SPINT1,4.659,5.0168,4.5874,6.1704,5.9499,5.914
SPINT2,4.2487,4.4237,4.4788,4.3179,4.5208,4.6561
SPIRE1,9.8817,9.7493,9.8161,10.1114,10.2175,10.1638
SPIRE2,5.2393,5.2415,4.9947,5.9401,5.6291,5.8944
SPN,3.6731,3.6702,4.3614,4.5318,4.5791,4.0921
SPNS1,10.0477,9.9897,10.0053,11.2578,11.1516,11.2629
SPOCD1,10.7567,10.821,10.8296,9.2871,9.4967,9.2141
SPOCK1,10.1843,10.1508,10.1726,10.6201,10.611,10.6208
SPOCK3,2,2,2.2843,3.8708,2.9618,3.1531
SPON1,5.7888,6.0249,5.88,6.0827,6.1363,6.1311
SPON2,11.8332,11.8393,11.7877,12.8258,12.7831,12.7481
SPOP,9.3623,9.2622,9.3063,9.5511,9.4446,9.4308
SPOPL,8.5622,8.4465,8.6392,9.021,9.0906,9.1698
SPOUT1,8.6276,8.9096,8.8308,8.5909,8.5958,8.7506
SPP1,3.808,4.0956,4.4788,4.9835,5.3892,5.3475
SPP2,2.7008,4.0956,3.6682,3.2195,3.7525,3.0143
SPPL2A,10.1874,10.2446,10.1193,10.0214,10.001,10.1094
SPPL2B,9.4029,9.32,9.2903,9.0958,8.9731,9.0439
SPPL3,9.2718,9.2977,9.2578,9.7242,9.656,9.6547
SPR,7.9967,7.9183,7.7057,7.9194,7.9627,7.9821
SPRED1,10.577,10.6639,10.5815,10.9827,11.0029,11.0413
SPRED2,9.6587,9.7179,9.7432,8.8354,9.0369,8.8961
SPRED3,8.75,8.9484,8.8253,9.0092,8.8832,8.98
SPRING1,9.9832,9.9489,10.0699,10.2614,10.1396,10.2152
SPRN,7.7921,7.4629,7.4494,6.7139,6.8441,6.8035
SPRTN,7.8558,7.6704,7.8489,8.2865,8.2855,8.4375
SPRY1,5.4187,5.1109,4.9547,6.639,7.1244,7.2603
SPRY2,9.672,9.8517,9.8735,11.0289,11.1273,11.2461
SPRY3,5.5783,5.3224,5.4621,5.8893,5.3892,4.9883
SPRY4,10.2346,10.1632,10.1528,11.9013,11.8386,11.8929
SPRYD3,9.9213,9.9313,9.9769,10.3498,10.3365,10.2734
SPRYD4,7.5245,7.4718,7.4494,7.5373,7.3591,7.4405
SPRYD7,8.5137,8.5551,8.5548,8.2816,8.5344,8.3608
SPSB1,9.0515,9.2311,9.2225,9.3448,9.4505,9.4562
SPSB2,6.083,5.8172,5.792,5.3646,6.1363,5.7267
SPSB3,7.3911,7.454,7.3831,8.1742,8.1951,8.2645
SPTAN1,14.1212,14.0541,14.07,13.6692,13.6785,13.6277
SPTB,3.1705,3.6702,3.7639,3.2195,3.1274,3.2797
SPTBN1,12.9552,12.9615,13.011,12.1571,12.1109,12.0902
SPTBN2,5.5783,5.2825,5.4903,6.0367,5.8819,5.7267
SPTBN4,4.3406,5.2825,4.6387,3.2195,3.9423,4.1595
SPTLC1,10.2846,10.3436,10.3755,10.539,10.5765,10.6223
SPTLC2,10.8149,10.8503,10.8045,10.4343,10.5765,10.3859
SPTLC3,5.6874,5.872,5.4903,5.4372,5.4215,4.7898
SPTSSA,9.1877,9.142,9.0482,9.795,9.7271,9.7684
SPTY2D1,9.8682,9.9036,9.7779,9.9014,9.8596,9.8738
SQLE,10.0237,10.0415,10.1942,10.6614,10.6067,10.6808
SQOR,8.7954,8.706,8.7831,9.2548,9.3197,9.3118
SQSTM1,13.0445,12.9941,12.9845,13.8862,13.7691,13.9181
SRA1,9.5831,9.7747,9.6287,9.5914,9.6492,9.592
SRARP,4.0451,3.2413,3.5658,4.0665,4.0287,3.7856
SRBD1,7.5632,7.5579,7.6252,7.173,7.1047,7.098
SRC,9.4029,9.4222,9.4189,9.7188,9.7637,9.8292
SRCAP,10.8289,10.8228,10.8467,11.21,11.0482,11.2093
SRCIN1,8.1251,8.1185,8.2004,7.9131,7.7442,7.6188
SRD5A1,9.6676,9.7402,9.6771,8.7346,8.7593,8.6516
SRD5A3,7.8243,7.789,7.7876,7.6936,7.6656,7.7227
SREBF1,9.5425,9.2389,9.4353,9.6819,9.6252,9.7507
SREBF2,11.1256,11.0469,11.1037,11.3894,11.2687,11.3435
SREK1,10.1046,9.8871,10.064,9.8558,9.9016,9.8912
SREK1IP1,8.6988,8.7135,8.6796,9.1828,9.2652,9.3338
SRF,10.5055,10.553,10.5674,10.2539,10.2848,10.2619
SRFBP1,7.9093,7.8102,7.7177,7.9257,7.782,7.7987
SRGAP1,10.4968,10.5255,10.4193,10.9773,10.9671,10.8286
SRGAP2,10.0881,10.0563,10.0781,9.7636,9.7076,9.7603
SRGAP2B,9.4527,9.5305,9.3063,9.0328,8.7875,9.0483
SRGAP2C,8.9889,8.9985,8.9321,8.3205,8.6064,8.4272
SRGAP3,4.7952,4.1849,4.7363,5.3269,5.1406,5.227
SRGN,6.7356,6.721,6.7853,5.9892,6.2121,5.6815
SRI,9.9562,10.0051,10.0416,9.8189,9.7206,9.8031
SRM,11.5153,11.5246,11.6205,10.2726,10.3522,10.2715
SRP14,11.6827,11.6896,11.6237,11.553,11.5039,11.5366
SRP19,9.0515,9.3175,9.1335,9.2397,9.2607,9.3502
SRP54,10.4588,10.533,10.4961,10.3812,10.5394,10.4837
SRP68,10.891,10.8426,10.952,10.143,10.2186,10.1545
SRP72,11.6101,11.6495,11.686,10.1403,10.2892,10.0384
SRP9,11.602,11.6583,11.5742,11.5882,11.5858,11.6114
SRPK1,10.5423,10.5811,10.51,10.5806,10.6137,10.5974
SRPK2,9.8151,9.9584,9.9556,9.3636,9.4544,9.3155
SRPRB,10.6405,10.552,10.5398,10.5161,10.5311,10.4613
SRPX,10.1529,10.0325,10.1996,10.6481,10.4936,10.626
SRPX2,9.8449,9.7765,9.6955,10.3892,10.3699,10.2988
SRR,7.7839,7.9313,7.8434,6.9921,6.667,6.9344
SRRD,8.4324,8.269,8.3959,8.3109,8.2182,8.2683
SRRM1,10.3933,10.5425,10.4953,9.9657,9.9782,9.9243
SRRM3,6.0562,6.5467,6.2703,7.0511,7.1342,7.3131
SRRM5,2.7008,3.2413,3.7639,3.5161,3.4107,3.604
SRRT,10.6405,10.6794,10.8052,10.4661,10.3438,10.4967
SRSF1,11.8153,11.9569,11.9506,11.2016,11.2542,11.2393
SRSF10,10.6416,10.7079,10.7213,10.2923,10.4678,10.4604
SRSF11,11.0347,10.9235,11.0572,11.0765,11.1954,11.1057
SRSF12,4.0451,4.3484,4.1652,4.3179,3.6473,4.3447
SRSF2,11.4058,11.4602,11.4735,10.7934,10.9136,10.8286
SRSF3,11.692,11.7379,11.7363,10.931,11.0475,11.0028
SRSF4,10.0714,9.9505,10.038,9.8673,9.8654,9.7978
SRSF6,11.0637,11.2199,11.2215,10.8626,11.0832,11.0334
SRSF7,10.3607,10.4953,10.4321,9.5953,9.6577,9.7287
SRSF8,8.7416,8.7651,8.7745,8.8978,9.055,8.9986
SRSF9,10.9999,11.0168,10.9896,10.9728,10.9915,10.9667
SRXN1,10.7691,10.7266,10.8129,10.5224,10.5549,10.5929
SRY,9.672,9.5537,9.4408,9.6949,9.6355,9.763
SS18,10.6235,10.6035,10.6605,11.006,11.0507,11.0474
SS18L1,7.9825,8.0067,7.6753,9.3042,9.1591,9.22
SS18L2,6.5555,6.863,6.6666,7.1941,6.9585,7.0094
SSB,10.8834,11.0069,10.9134,10.8944,10.9298,10.925
SSBP1,9.6809,9.5411,9.5234,9.6072,9.491,9.1637
SSBP2,8.3519,8.3677,8.2047,7.8809,8.138,7.9587
SSBP3,9.9814,10.0841,9.9441,10.1073,10.1238,10.1719
SSBP4,9.3178,9.3541,9.4659,9.7422,9.6252,9.7049
SSC5D,10.1466,10.031,10.1261,10.3261,10.329,10.2494
SSH1,11.734,11.8207,11.7333,11.8925,11.8322,11.8328
SSH2,8.942,8.9129,8.7189,8.7019,8.5744,8.5167
SSH3,8.4272,8.3241,8.4544,8.6494,8.708,8.5135
SSNA1,9.4501,9.5432,9.5999,9.7169,9.6611,9.7885
SSPN,7.4124,7.3225,7.1727,6.5599,6.7583,6.4601
SSR1,12.3145,12.3807,12.3791,12.2307,12.312,12.1804
SSR2,12.0509,12.0321,12.0371,12.1086,12.13,12.1387
SSR3,13.1188,13.2267,13.1636,11.9009,12.0753,11.8679
SSR4,10.6004,10.5913,10.4804,10.9474,10.7962,10.8169
SSRP1,11.4237,11.4674,11.5192,10.8544,10.7651,10.7357
SSTR1,8.0724,8.0899,8.1961,8.8151,8.9703,8.8121
SSTR2,4.2487,5.1109,4.2989,5.3646,5.0609,5.4042
SSU72,10.8583,10.8815,10.9212,10.9559,10.9263,10.9376
SSX2IP,9.4002,9.4562,9.487,10.5151,10.5403,10.6312
ST13,12.0762,12.0838,12.0517,12.4681,12.482,12.4736
ST20-MTHFS,5.1907,5.0646,5.598,5.122,5.5438,5.3761
ST3GAL1,11.0244,11.01,10.969,11.4344,11.4599,11.4271
ST3GAL2,10.0947,10.1535,10.1227,10.9048,10.7924,10.9274
ST3GAL3,7.6734,8.0249,7.8651,7.3805,7.3591,6.9344
ST3GAL4,7.7921,7.8987,7.8324,7.8809,7.7314,7.6889
ST3GAL5,8.5953,8.396,8.6297,8.4489,8.5564,8.5327
ST3GAL6,5.3759,5.5069,5.5718,5.6957,5.6291,5.562
ST6GAL1,7.1328,6.7505,7.0357,7.701,7.652,7.454
ST6GAL2,2.7008,2,3.0629,3.5161,3.7525,3.947
ST6GALNAC2,9.835,9.9151,9.7851,9.6325,9.6458,9.6192
ST6GALNAC3,5.1907,4.863,5.1083,4.6587,5.0609,5.2581
ST6GALNAC4,8.8782,8.7396,8.8169,9.1562,8.9893,8.9613
ST6GALNAC5,5.6874,5.1993,5.518,3.0447,3.9423,3.7856
ST7,8.7074,8.6755,8.7219,8.4268,8.7145,8.5704
ST7L,7.4746,7.7085,7.5995,7.8938,7.8308,7.8353
ST8SIA1,4.3406,3.6702,3.206,4.8831,4.7413,4.2239
ST8SIA4,3.6731,2.6282,3.8536,3.3754,3.4107,4.0214
ST8SIA5,3.5242,3.5409,2.7255,3.8708,4.33,3.8686
STAG1,11.3502,11.4988,11.4368,11.5777,11.6053,11.5745
STAG2,10.5191,10.4953,10.5424,11.2242,11.2288,11.3426
STAG3,5.7888,5.7309,6.0604,5.8893,5.7611,6.2127
STAG3L5P-PVRIG2P-PILRB,5.6519,5.9248,6.2374,6.1916,6.0768,6.0623
STAM,9.4109,9.3756,9.4408,8.8784,8.9288,8.9351
STAM2,9.6787,9.9069,9.7679,9.1399,9.2762,9.1114
STAMBP,9.0751,9.218,9.1223,8.9421,8.854,8.8787
STAMBPL1,9.065,9.0909,8.9035,9.9126,9.8684,9.9661
STAP2,4.3406,4.3484,3.5658,4.3179,4.6352,3.7856
STAR,2.9547,3.0644,3.8536,3.3754,3.1274,2.4936
STARD10,7.3694,7.4807,7.5332,7.9194,7.7569,7.9728
STARD13,10.0271,10.1157,10.108,10.3166,10.3606,10.4403
STARD3,9.263,9.2622,9.1754,10.0863,9.88,10.1566
STARD3NL,9.7199,9.8294,9.6924,10.2501,10.2594,10.2523
STARD4,9.3895,9.5432,9.4623,9.5693,9.706,9.6634
STARD5,6.5166,6.6755,6.496,5.1654,5.4531,5.2885
STARD7,11.1536,11.2073,11.1853,11.3865,11.4025,11.4584
STARD8,6.3047,6.3676,6.5099,4.5967,5.0194,4.4561
STARD9,7.4746,7.4718,7.164,7.5373,7.0542,7.3496
STAT1,11.7207,11.6714,11.6902,12.4984,12.5694,12.5154
STAT2,10.3552,10.3617,10.3429,11.0594,11.0782,11.1057
STAT3,11.4309,11.4165,11.3893,12.2066,12.2118,12.2008
STAT5A,5.4603,5.4359,5.518,7.0626,6.9251,6.8348
STAT5B,9.3486,9.4199,9.4317,8.9074,8.9119,8.8226
STAT6,10.725,10.7107,10.7213,11.0464,11.0469,11.1442
STAU1,11.1472,11.1946,11.169,11.4861,11.33,11.4369
STAU2,8.9995,8.9579,8.9035,8.3396,8.5046,8.6399
STBD1,6.9405,6.442,6.2037,6.7428,6.0147,7.0185
STC1,10.9696,11.2206,11.1381,14.9565,14.4957,15.113
STEAP1,5.8835,6.0725,6.1516,5.2484,4.9325,5.1295
STEAP1B,6.5934,6.329,6.2206,5.0773,4.9325,5.0606
STEAP2,5.9138,5.9505,5.88,6.2124,5.8585,6.1806
STEAP3,10.3946,10.3388,10.4644,9.6968,9.62,9.7453
STEAP4,4.1505,4.3484,3.938,3.972,3.9423,4.1595
STEEP1,8.1821,8.1577,8.3922,8.5789,8.3581,8.306
STIL,8.0521,8.2011,8.3696,6.4934,6.584,6.4996
STIM1,9.576,9.5326,9.7592,9.9425,9.8786,9.8356
STIM2,8.953,8.7973,8.9243,9.1907,9.2314,9.3663
STIMATE,8.9383,9.0439,9.1313,8.5006,8.5009,8.5548
STIMATE-MUSTN1,5.0883,4.4952,4.0934,4.5318,5.2525,3.7856
STING1,9.3375,9.4807,9.4694,8.731,8.8421,8.7034
STK11,9.8488,9.7291,9.8708,10.1592,10.099,10.1791
STK11IP,7.9967,7.7819,7.9791,8.0639,8.2319,8.2491
STK16,8.1443,8.1014,8.0801,8.1742,7.9462,8.1614
STK17A,10.8603,10.9705,10.9734,11.3131,11.3427,11.4237
STK17B,9.8644,9.9069,9.8614,9.9718,10.0262,10.0192
STK19,5.1907,5.7309,5.4039,6.5921,5.5142,6.4331
STK24,10.5154,10.5614,10.6203,11.2338,11.1789,11.2691
STK25,11.051,10.9524,11.1291,10.0272,10.125,10.0781
STK26,3.1705,3.0644,2.7255,3.0447,2.7747,3.7856
STK3,8.1696,8.1741,8.2425,8.4922,8.6513,8.5199
STK31,3.3581,3.5409,3.0629,4.3928,3.6473,3.947
STK32B,7.9168,7.8987,7.8918,8.5949,8.5159,8.3891
STK32C,6.9696,7.0995,7.2491,7.529,7.2733,7.4937
STK33,5.8526,5.4718,5.8367,6.369,6.4339,6.1311
STK35,9.5008,9.5663,9.5353,9.5673,9.4622,9.6057
STK36,7.879,8.1521,8.1875,8.9202,9.0053,8.9542
STK38,10.0897,10.0051,10.1046,10.0549,9.9411,9.9507
STK38L,8.237,8.1904,8.0472,9.4094,9.1663,9.4745
STK39,10.2361,10.2549,10.2766,10.1565,10.2289,10.2022
STK4,9.4604,9.5516,9.6287,10.0419,10.0275,10.2142
STK40,9.7156,9.6253,9.6787,8.6683,8.4548,8.598
STMN1,11.6505,11.8037,11.8186,11.162,11.2064,11.3026
STMN3,10.2405,10.1632,10.3736,9.9657,9.893,9.8561
STMP1,10.3621,10.3748,10.2705,10.3674,10.4056,10.3964
STN1,7.7508,7.8032,7.8865,7.5455,7.5242,7.5324
STOM,11.1028,11.1743,11.128,12.5026,12.5043,12.523
STOML1,8.39,8.6947,8.4968,7.6712,7.8188,7.7394
STON1,7.7169,7.8032,7.7472,8.1474,8.4431,8.3318
STOX2,6.7356,6.706,6.5236,7.3805,7.6922,7.804
STPG1,7.7592,7.8854,7.9387,6.1916,6.4652,6.4866
STRA6,3.1705,2.8627,2.904,3.8708,3.4107,2.6888
STRADA,8.7246,8.6483,8.6857,8.9821,8.854,9.055
STRADB,8.9889,9.0469,9.0315,8.3677,8.5455,8.3891
STRAP,11.8043,11.801,11.7834,11.2721,11.4399,11.3161
STRBP,6.9405,7.0289,6.8521,6.9305,6.9474,7.0632
STRC,3.1705,3.0644,3.0629,3.5161,4.33,3.3961
STRIP1,9.468,9.6213,9.5437,9.5531,9.508,9.4342
STRIP2,6.4766,6.5298,6.3649,5.5723,5.9499,5.2581
STRN,9.3121,9.4696,9.3929,9.0298,9.1544,9.0594
STRN3,9.8231,9.7603,9.7015,9.7151,9.8178,9.7845
STRN4,10.5899,10.7266,10.6942,10.5203,10.5522,10.5698
STS,8.8628,8.9194,8.9191,9.2244,9.2131,9.2685
STT3B,11.7633,11.7557,11.819,11.5742,11.5969,11.5872
STUB1,10.8329,10.8331,10.8474,11.0164,10.9801,10.9744
STX10,9.1309,8.9579,8.9999,9.129,9.0525,9.0349
STX11,3.9314,3.5409,3.6682,3.2195,2.7747,3.3961
STX12,10.4767,10.5499,10.4582,10.2874,10.4522,10.3109
STX16,10.1749,10.2302,10.1517,10.6318,10.7398,10.6873
STX17,7.8002,8.0067,7.8865,7.6097,7.8839,7.8759
STX18,8.7542,8.863,8.7159,8.9265,9.1154,9.0964
STX1A,7.2794,7.6781,7.6442,7.5618,7.4242,7.5762
STX1B,7.0804,7.0046,7.1727,5.9149,6.3856,6.0971
STX2,9.6831,9.7873,9.8775,9.4296,9.5723,9.441
STX3,8.099,8.0489,8.0614,9.2397,9.2131,9.3375
STX4,9.2777,9.4518,9.5538,9.6555,9.6543,9.695
STX5,9.4423,9.6132,9.5488,9.5531,9.6042,9.4629
STX6,10.0764,10.0696,10.0792,10.7244,10.6901,10.7772
STX7,9.5784,9.6896,9.6725,9.8325,9.7511,9.7245
STX8,7.7424,7.8854,7.9641,7.6097,7.7184,7.8404
STXBP1,10.1765,10.2157,10.2281,10.4131,10.3543,10.4869
STXBP2,6.0009,5.7309,5.8145,6.1051,5.8106,5.8337
STXBP4,7.8083,7.8585,7.9284,7.8678,7.6856,7.8404
STXBP5,9.9653,10.0113,9.9505,10.1844,10.1053,10.1709
STXBP6,7.6645,7.892,7.8651,5.4014,5.7861,5.3183
STYK1,4.0451,4.8078,4.5341,2.8457,2.7747,3.0143
STYX,9.6385,9.6451,9.5819,9.7618,9.8757,9.8446
STYXL1,8.2724,8.3581,8.4255,8.142,7.9517,7.9775
SUB1,10.8882,11.0016,10.9141,8.9546,9.0931,8.7669
SUCLA2,9.4475,9.5134,9.439,9.1208,9.2405,9.2416
SUCLG1,9.9157,9.9118,9.8882,9.4049,9.491,9.4893
SUCLG2,9.7496,9.7926,9.8735,9.5011,9.7558,9.5767
SUCNR1,3.1705,2.8627,2.5217,3.7619,3.4107,2.8607
SUCO,10.8309,10.7831,10.8171,11.3721,11.4778,11.4559
SUDS3,9.6676,9.6372,9.4115,9.3729,9.3218,9.3228
SUFU,9.2183,9.3225,9.3929,9.2346,9.2495,9.2987
SUGCT,8.8897,8.8832,8.7308,9.3542,9.2337,9.22
SUGP1,8.8935,8.7579,8.8141,8.9074,8.9344,8.9254
SUGP2,10.6004,10.5341,10.565,10.6172,10.643,10.6327
SUGT1,10.0115,10.1014,10.038,10.465,10.4946,10.529
SULF1,9.4782,9.4873,9.671,8.081,8.2455,7.7828
SULT1A3,6.6119,4.863,5.1794,6.1051,5.9049,5.813
SULT1A4,2,4.0004,2,4.464,4.6892,3.3961
SULT1B1,7.2441,7.2311,6.7853,7.1836,7.3254,7.115
SULT1C4,2.9547,4.0956,3.5658,3.5161,3.4107,3.604
SULT4A1,4.9197,5.1558,5.3739,5.5723,5.4839,5.4853
SUMF1,8.953,9.0077,9.1335,9.4251,9.2108,9.2742
SUMF2,10.7388,10.6414,10.7508,9.076,9.0906,9.1007
SUMO1,10.7111,10.7741,10.731,10.9096,10.9008,10.9796
SUMO2,11.3251,11.4234,11.3666,11.3346,11.3526,11.3321
SUMO3,10.5946,10.6434,10.6736,10.036,10.065,10.0124
SUN1,10.9705,10.8865,10.9734,10.6905,10.6163,10.6497
SUN2,11.0679,11.0858,11.1514,10.8936,10.7533,10.8901
SUOX,8.0177,7.9695,8.1123,7.9692,7.9462,7.9396
SUPT16H,10.9857,11.0395,11.019,10.9644,10.9719,10.9484
SUPT20H,9.7909,9.6953,9.7105,9.7671,9.8162,9.8408
SUPT3H,6.7356,6.46,6.482,6.369,6.3015,6.1142
SUPT4H1,9.4807,9.6052,9.494,9.6593,9.656,9.6415
SUPT5H,11.5017,11.5091,11.5033,11.8369,11.8122,11.8273
SUPT6H,12.0887,12.0268,12.0458,12.1544,12.1355,12.0823
SUPT7L,9.0684,8.8529,9.0411,9.1481,9.2269,9.321
SUPV3L1,8.5235,8.3436,8.4651,8.1953,8.0427,8.1281
SURF1,7.0937,7.0168,7.1195,7.5039,7.2996,7.3568
SURF2,5.8211,6.0957,6.1158,5.8095,5.9049,5.914
SURF4,12.3038,12.336,12.3705,12.3808,12.3661,12.3276
SURF6,8.4428,8.517,8.4145,8.5949,8.4819,8.5231
SUSD1,7.6101,7.8449,7.7762,7.9875,7.9517,8.0636
SUSD2,4.9781,5.1993,4.9547,6.6543,6.6261,6.4996
SUSD3,9.1752,9.1081,9.1819,9.1042,9.0981,9.0237
SUSD4,4.0451,4.2689,4.2336,2.6149,3.276,3.604
SUSD5,8.0724,8.0249,8.0986,7.2952,7.392,7.6601
SUSD6,9.3596,9.3565,9.4552,11.1047,11.0365,11.1867
SUV39H1,7.1328,7.1223,7.4779,6.0131,5.9276,5.8744
SUV39H2,7.2079,7.3027,7.2408,6.7571,6.8201,6.5126
SUZ12,9.8507,9.7711,9.7708,9.1508,9.1277,9.3574
SV2A,9.5304,9.4807,9.3854,9.7494,9.6095,9.7176
SVBP,6.9405,7.0529,6.8412,7.8211,7.8368,8.0941
SVEP1,9.7827,9.8242,9.6741,10.0302,10.1517,9.9388
SVIL,11.1368,11.061,11.0068,12.8256,12.7201,12.802
SVIP,7.9464,8.2433,8.0848,8.0867,7.9069,7.9728
SWAP70,9.8874,9.9361,9.9819,9.911,9.9591,9.8662
SWI5,8.3954,8.2588,8.4616,8.4664,8.387,8.3391
SWSAP1,4.5858,4.4237,4.7827,5.1654,5.3225,5.3761
SWT1,5.9138,5.399,6.0027,6.5436,6.8321,7.0094
SYAP1,11.1093,11.1757,11.1684,11.2696,11.2542,11.2339
SYBU,4.5086,4.0004,4.2989,2.34,2.7747,3.1531
SYCP1,2.9547,2.6282,2.7255,3.7619,3.7525,3.5038
SYCP2,4.1505,4.0956,3.4556,3.7619,3.6473,3.8686
SYDE1,10.9928,11.0402,11.1054,11.1633,11.0977,11.1699
SYDE2,6.6663,6.7651,6.7966,5.7819,6.3526,6.0623
SYF2,8.5717,8.7973,8.5072,9.5367,9.4328,9.4461
SYMPK,10.4792,10.442,10.5415,10.5806,10.4678,10.5683
SYN1,5.1907,5.5069,5.518,5.725,5.3225,5.9526
SYNC,9.7178,9.85,9.8063,5.6957,6.5109,5.6349
SYNCRIP,12.0325,12.1075,12.0749,11.9444,11.9864,12.0128
SYNE1,11.1677,11.2133,10.8778,10.4243,10.5403,10.3762
SYNE2,7.8713,7.7675,7.6124,6.9555,6.8794,6.3489
SYNE3,8.7118,8.6126,8.538,7.6331,7.4001,7.2214
SYNGAP1,7.5536,7.9248,7.3981,7.9131,8.3456,8.1027
SYNGR1,8.4324,8.4465,8.3847,8.3584,8.4587,8.4341
SYNGR2,9.6453,9.6332,9.7722,9.3913,9.3619,9.4427
SYNGR3,5.7558,5.1993,5.6739,5.3269,4.9766,5.3183
SYNJ1,8.6725,8.7022,8.6328,8.6945,8.809,8.8121
SYNJ2,11.1607,11.2173,11.2553,11.4053,11.3284,11.3964
SYNJ2BP,9.6018,9.6762,9.494,9.6574,9.6644,9.7021
SYNJ2BP-COX16,6.3273,6.2893,6.1338,6.1272,6.2664,6.3344
SYNM,7.6645,7.6626,7.5467,9.2673,9.2585,9.352
SYNPO,10.9304,10.8288,10.8997,8.9699,9.2607,8.7884
SYNPO2,6.7356,6.7651,6.895,5.0312,5.7097,4.9883
SYNPO2L,5.3759,5.3612,5.2472,4.5967,4.3964,4.2239
SYNRG,9.0136,8.9642,9.0553,8.8219,8.8211,8.7424
SYP,3.1705,3.3989,4.0178,3.5161,3.4107,3.3961
SYPL1,10.4537,10.5488,10.4987,10.6765,10.5739,10.746
SYPL2,5.6156,5.6072,5.8585,6.369,6.5258,6.6941
SYS1,9.1659,9.0735,8.9601,9.5934,9.4564,9.5185
SYS1-DBNDD2,4.7952,4.2689,4.2989,3.6442,4.5208,5.6349
SYT1,8.2666,8.4733,8.2794,7.3242,7.5316,7.5196
SYT11,10.5969,10.4888,10.6051,10.6337,10.4793,10.6765
SYT12,5.2393,5.4718,5.983,4.8831,4.3964,4.0214
SYT14,6.0562,5.6704,5.88,8.2816,8.0633,8.1197
SYT15,5.3759,5.3224,5.2137,5.1654,5.7611,5.0249
SYT16,6.8805,6.721,6.482,6.7285,6.9363,6.9247
SYT3,2.9547,2.348,3.4556,3.7619,3.9423,3.2797
SYT5,5.0343,4.6285,4.5874,4.7181,4.9766,4.8725
SYT7,5.5007,6.0249,5.8145,6.3504,5.6291,6.0623
SYTL2,9.4135,9.5284,9.4023,7.2045,7.5242,7.3496
SYTL3,5.5783,5.7602,5.9427,5.6041,5.5142,5.3475
SYTL4,7.5821,7.6312,7.4919,7.5699,7.6246,7.5387
SYTL5,5.722,5.8449,5.7459,7.701,7.3082,7.5824
SYVN1,9.6248,9.6173,9.6848,10.2651,10.1311,10.224
SZRD1,11.7987,11.8758,11.8873,12.4163,12.4173,12.4609
SZT2,9.5474,9.3249,9.3929,9.617,9.4229,9.5024
TAB1,8.8973,8.7867,8.8169,8.7055,8.5307,8.6892
TAB2,10.4614,10.5499,10.5039,10.1128,10.2232,10.2571
TAB3,8.8744,8.8731,8.7745,8.7454,8.9062,8.723
TACC1,11.6222,11.7557,11.663,10.9528,11.0482,10.9567
TACC2,8.6321,8.8288,8.7601,9.6033,9.5578,9.6779
TACC3,9.7929,9.9183,10.0757,7.3242,7.4941,7.3496
TACO1,8.2128,8.141,8.23,8.0174,8.0479,7.7612
TACR1,4.427,3.6702,3.938,6.4589,6.3692,6.7822
TACR2,3.1705,2.8627,3.3362,3.7619,3.1274,3.0143
TADA1,6.3932,6.863,6.7623,5.8893,6.1747,6.2285
TADA2A,6.8651,6.8357,7.2818,7.0511,6.9694,5.8542
TADA2B,8.8667,8.9063,9.0267,9.1153,9.0627,9.0986
TADA3,10.4159,10.3783,10.46,10.6728,10.5979,10.6438
TAF1,9.2122,9.1167,9.0553,9.0675,9.1375,9.0704
TAF10,9.3623,9.2648,9.268,9.3636,9.1946,9.3228
TAF11,8.4583,8.4465,8.3922,9.1318,9.1687,9.2041
TAF12,8.3352,8.2843,8.3734,8.5949,8.6099,8.5827
TAF13,10.0185,10.1326,9.9492,10.1778,10.1814,10.2142
TAF15,10.1418,10.0489,9.9581,10.0228,9.9618,9.9906
TAF1A,5.6874,5.6704,5.9427,6.2532,5.7611,5.562
TAF1B,8.1759,8.3677,8.2915,8.2161,8.2634,8.3023
TAF1C,8.4428,8.4006,8.4933,7.9003,8.0427,7.9252
TAF1D,9.7807,9.812,9.7045,9.469,9.5004,9.4579
TAF3,8.1055,7.8787,7.8543,8.081,8.1857,7.9492
TAF4,7.1199,7.454,7.4129,7.0511,6.9024,7.0632
TAF4B,4.659,4.6908,4.5874,5.1654,5.1789,5.4317
TAF5,6.8018,7.0046,6.8521,7.1188,7.2008,7.0002
TAF5L,8.9272,8.8288,8.8554,8.2005,8.2319,8.2178
TAF6,10.1225,10.1029,10.1942,10.1362,10.0928,10.1094
TAF6L,7.3585,6.903,7.1552,7.7445,7.8308,7.8859
TAF7,10.8671,10.9547,10.9193,11.168,11.1635,11.1571
TAF7L,3.1705,3.6702,3.5658,3.7619,3.4107,3.7856
TAF8,8.1821,8.0607,7.9489,8.2161,8.2899,8.1614
TAF9,8.8859,9.0617,9.0718,8.7019,8.721,8.6131
TAF9B,8.7913,8.8288,8.7945,7.9507,8.0582,7.9728
TAFA2,6.083,6.4053,6.7271,7.1941,6.4806,5.3761
TAFA3,2.9547,3.6702,3.7639,2.6149,2.5596,2.2678
TAGLN,14.5358,14.5016,14.5647,12.3957,12.6991,12.2315
TAGLN2,12.7599,12.7699,12.8213,11.7035,11.7232,11.7433
TAGLN3,6.0562,5.789,5.88,4.9342,4.9325,5.2581
TALDO1,11.588,11.6302,11.6201,11.5514,11.5715,11.5963
TAMM41,6.6119,6.7651,5.7691,6.3504,6.1168,6.7166
TANC1,9.8817,9.8517,9.7979,9.5814,9.4169,9.4154
TANC2,10.5435,10.6424,10.5457,10.1936,10.2243,10.0529
TANGO2,9.2092,9.218,9.1732,9.1722,8.889,8.947
TANGO6,8.6367,8.7322,8.5581,8.0697,8.0006,8.0503
TANK,8.8705,8.9737,8.8225,9.2723,9.2292,9.4033
TAOK1,11.4335,11.5453,11.3182,11.5246,11.6348,11.6126
TAOK2,11.0096,10.9532,10.9469,11.3316,11.2139,11.2867
TAOK3,10.2495,10.3241,10.2049,10.0905,10.1589,10.0584
TAP1,7.1709,7.0529,7.0548,6.5599,6.5109,6.5381
TAP2,6.9981,7.8653,8.23,8.2568,8.9594,8.2491
TAPBP,9.6453,9.6934,9.448,9.7476,9.8102,9.8713
TAPT1,7.7592,7.7675,7.7589,7.3988,7.2996,7.2907
TARBP1,7.6734,7.6312,7.8102,6.9431,7.0018,6.9439
TARBP2,8.7458,8.7759,8.9321,8.8321,8.854,8.8636
TARDBP,11.2852,11.3052,11.369,10.9887,11.0201,11.0385
TARS1,11.7696,11.7819,11.7087,11.1061,11.1629,11.0917
TARS2,8.0521,8.2011,8.2631,8.3109,8.1086,8.3961
TARS3,8.0857,8.2536,7.9233,8.5383,8.5852,8.5263
TAS1R3,3.1705,3.2413,3.6682,2.8457,3.5338,3.6977
TASOR,9.8893,9.8904,9.7908,9.6725,9.6372,9.7218
TASOR2,10.5992,10.5425,10.5331,10.3569,10.3955,10.3248
TASP1,6.1608,6.269,6.254,5.8632,5.8106,5.9714
TATDN1,7.9018,7.7383,7.5995,7.8678,7.7695,7.7612
TATDN2,10.2405,10.3363,10.3166,9.4049,9.4948,9.6011
TATDN3,6.5746,7.0529,6.895,7.2952,7.3674,7.2832
TAX1BP1,11.1304,11.0551,11.028,11.4553,11.5212,11.4829
TAX1BP3,11.7726,11.8177,11.8004,12.1255,12.0315,12.14
TAZ,7.3474,7.1223,7.5733,7.2354,7.4082,7.5196
TBC1D1,9.9101,9.9457,10.0617,9.1749,9.1055,9.182
TBC1D10A,9.1437,9.6052,9.4353,9.6669,9.7716,10.0847
TBC1D10B,10.3483,10.5159,10.4715,10.4563,10.4726,10.5242
TBC1D12,7.4439,7.5828,7.6316,7.578,7.9182,7.8958
TBC1D13,9.7475,9.6858,9.7621,9.6092,9.5989,9.569
TBC1D14,9.9992,9.7765,9.953,10.1752,10.0599,10.1284
TBC1D15,9.0583,8.9227,8.9601,9.2244,9.1711,9.2931
TBC1D16,10.7525,10.807,10.7018,11.7753,11.6498,11.8354
TBC1D17,9.2512,9.1364,9.2413,10.1031,10.0941,10.229
TBC1D19,8.1443,7.9183,8.0087,8.4268,8.2986,8.3608
TBC1D2,10.3232,10.3783,10.4953,9.6092,9.5632,9.4795
TBC1D20,10.4053,10.4811,10.4275,10.6084,10.5494,10.5105
TBC1D22A,9.0101,8.9861,9.017,9.227,9.1969,9.22
TBC1D22B,7.6645,7.7235,7.7057,8.081,7.9295,7.7881
TBC1D23,10.1781,10.1782,10.1395,10.302,10.3343,10.2513
TBC1D24,8.9602,9.0705,9.0315,9.024,9.0133,9.0682
TBC1D25,8.157,8.1741,8.2132,8.0233,8.027,8.1532
TBC1D28,8.0108,7.9632,7.9891,5.8893,6.2121,5.8744
TBC1D2B,10.1702,10.141,10.1137,10.4886,10.5031,10.4181
TBC1D30,2.9547,3.8985,3.206,4.0665,3.5338,3.947
TBC1D31,6.6839,6.7795,6.6911,5.8893,6.1557,6.0623
TBC1D32,6.5166,6.5298,6.1158,6.1272,6.2121,6.2748
TBC1D3C,3.9314,2.8627,3.7639,4.6587,5.6565,5.3183
TBC1D3E,2,7.9882,2,7.9131,8.7435,7.6659
TBC1D3L,5.6519,5.5069,5.4903,6.0599,5.1406,5.3761
TBC1D4,8.6725,8.6832,8.7888,8.4922,8.527,8.3245
TBC1D5,9.8111,9.8277,9.9171,9.8558,9.7964,9.7965
TBC1D7,7.7254,7.7457,7.8597,8.1795,8.181,8.0811
TBC1D8,5.6156,5.7309,5.3739,7.586,7.4557,7.5067
TBC1D8B,9.8969,9.8904,9.8987,9.6574,9.8596,9.7204
TBC1D9B,11.4038,11.3649,11.4463,11.1627,11.2231,11.2137
TBCA,10.2316,10.2024,10.0332,10.4617,10.4316,10.4638
TBCB,10.0831,10.1014,10.2081,10.0199,9.9187,10.0672
TBCC,8.3352,8.4192,8.4758,8.7165,8.6614,8.7615
TBCCD1,7.5245,7.4629,7.4422,6.6235,6.5109,6.8035
TBCD,10.0697,10.1256,10.1495,10.2689,10.1838,10.1952
TBCEL,8.8821,8.706,8.7802,9.8189,9.8551,9.89
TBCK,8.543,8.6045,8.4544,8.976,9.0395,9.0055
TBK1,8.6321,8.7831,8.8635,9.4184,9.4209,9.4154
TBKBP1,7.6909,7.753,7.8379,8.0466,7.8954,8.068
TBL1X,10.008,10.0459,9.9287,9.5633,9.5989,9.6132
TBL1XR1,10.4537,10.3241,10.3821,10.0806,10.2671,10.1709
TBL2,9.8291,9.7029,9.8868,9.8206,9.7125,9.6576
TBL3,9.5878,9.6272,9.624,9.3235,9.2062,9.3946
TBP,7.7169,7.6934,7.7236,7.8279,7.7184,7.8557
TBPL1,8.4532,8.4099,8.5878,8.9328,8.8362,8.9157
TBRG1,9.0378,9.142,9.0048,9.6131,9.4525,9.589
TBRG4,9.6385,9.5725,9.7284,9.6744,9.5901,9.719
TBX18,3.5242,4.4952,4.2989,3.8708,3.276,3.6977
TBX19,2.9547,4.0956,4.0178,4.6587,3.9423,3.8686
TBX2,11.4942,11.5427,11.6482,12.6504,12.6177,12.7705
TBX22,4.5086,4.4952,4.8276,4.6587,4.7413,5.1952
TBX3,10.663,10.6707,10.5575,11.6046,11.542,11.7212
TBX5,8.4938,8.4733,8.6201,8.7842,8.8687,8.8355
TBXA2R,5.8835,6.0957,6.0027,5.2075,5.4215,5.0954
TBXAS1,8.237,7.8653,8.1077,10.0721,9.9383,10.1902
TCAF1,11.3195,11.2883,11.2569,11.2709,11.3883,11.2857
TCAF2,6.1608,6.1849,6.4246,5.6658,5.8819,5.914
TCAIM,8.5235,8.3819,8.458,7.8279,7.782,7.9444
TCEA1,10.9359,10.9227,10.9043,9.882,9.9782,9.9121
TCEA2,7.9168,8.1466,7.8865,8.7842,8.7719,8.7533
TCEA3,5.8526,5.8986,6.0027,4.1552,4.5791,4.7466
TCEAL1,7.4847,7.4084,7.1285,7.3526,7.5389,7.6068
TCEAL3,8.9198,8.8529,8.763,8.4707,8.5528,8.4238
TCEAL4,9.8778,9.8449,9.715,10.0778,9.9809,10.0395
TCEAL7,6.9696,7.2519,7.1375,7.6018,7.4789,7.7612
TCEAL8,9.6271,9.7085,9.5869,8.4223,8.527,8.3856
TCEAL9,10.8844,11.0092,10.9076,11.6275,11.6696,11.6848
TCEANC2,7.9093,7.9118,7.6629,7.6485,7.679,7.5946
TCERG1,9.9194,9.9679,9.9694,9.5914,9.6945,9.7548
TCF12,11.3188,11.2213,11.2574,10.5224,10.6276,10.5659
TCF20,6.9839,7.0289,6.9969,7.016,6.8909,7.0807
TCF21,8.3352,8.2639,8.2753,9.3519,9.2629,9.2818
TCF25,11.0313,11.0244,10.9914,11.1061,11.1119,11.1535
TCF3,10.8583,10.8998,10.9665,11.0907,11.0168,11.0755
TCF4,10.1289,10.0827,10.0368,10.1197,10.1838,10.2201
TCF7L1,8.3954,8.5083,8.5976,8.3815,8.2634,8.4543
TCF7L2,8.3519,8.2893,8.3809,8.2717,8.2723,8.2873
TCFL5,7.3911,7.4268,7.5264,7.1078,7.2284,7.1403
TCHP,8.1759,8.4099,8.2995,7.5939,7.6315,7.7059
TCIM,5.1404,5.2415,5.3119,7.2656,7.1047,7.3424
TCN2,6.0288,5.9757,6.3025,6.8263,6.9363,6.7054
TCOF1,10.3497,10.318,10.4073,9.6986,9.6095,9.6779
TCP1,11.9883,12.0415,12.0983,11.7577,11.7896,11.7909
TCP11,5.3759,5.4359,5.4039,5.1654,5.1789,5.2581
TCP11L1,8.7031,8.8698,8.8336,7.848,7.8005,7.6128
TCP11L2,6.9981,6.7651,6.7271,7.8938,7.5536,7.6889
TCTA,9.2689,9.2622,9.4552,9.227,9.1711,9.1071
TCTE1,4.1505,4.0956,3.938,3.972,3.9423,4.1595
TCTN1,8.1315,8.0128,8.1032,8.0867,8.138,8.1979
TCTN2,7.6556,7.7309,7.3372,7.9814,7.9627,8.1069
TCTN3,9.8969,9.9134,9.9441,9.5096,9.5614,9.6222
TDG,8.8433,8.8357,8.8169,8.8421,8.9947,9.0439
TDP1,8.5765,8.7432,8.7513,7.7445,7.9572,7.9057
TDP2,9.1846,9.1195,9.0694,9.6033,9.6252,9.6922
TDRD3,7.1456,7.1336,7.2978,7.2354,7.2644,7.1065
TDRD7,7.544,7.7819,7.8269,7.6485,7.4557,7.4269
TDRKH,4.427,5.0646,5.2137,4.7181,3.5338,3.8686
TEAD1,12.506,12.5202,12.4276,12.1827,12.2415,12.1832
TEAD2,9.739,9.7801,9.7432,10.3904,10.3438,10.3257
TEAD3,9.7579,9.7837,9.8133,9.4406,9.5954,9.4942
TEAD4,7.5915,7.8653,8.0472,5.0773,5.1406,5.0954
TEC,4.3406,4.863,4.3614,3.2195,4.1101,3.8686
TECPR1,9.1969,9.2206,9.2578,9.6111,9.4929,9.5376
TECPR2,9.9082,9.872,9.8974,10.2247,10.0637,10.226
TECR,9.6896,9.6032,9.703,10.0125,9.9383,10.065
TECRL,3.1705,4.0956,3.3362,3.5161,3.1274,3.2797
TECTA,3.5242,3.2413,3.938,3.2195,2.5596,3.3961
TEDC1,6.6663,6.8357,6.8302,5.4372,5.4839,5.2885
TEDC2,6.1094,6.0725,6.4099,5.8632,5.4839,5.5867
TEF,8.4114,8.3819,8.4933,8.3157,8.3952,8.0898
TEFM,7.0398,6.9547,7.1814,6.6694,6.6937,6.845
TEK,8.1443,8.0957,8.3074,9.8508,9.9563,9.9952
TELO2,9.0684,9.0558,9.1579,8.7596,8.8774,8.8711
TEN1,7.2321,7.4807,7.2978,7.7229,7.5608,7.6007
TEN1-CDK3,5.0343,4.7505,5.1794,5.4014,4.3964,5.4317
TENM1,2,2,2.7255,3.6442,4.1872,4.8317
TENM3,11.2597,11.2337,11.1782,11.0815,11.0757,11.0255
TENM4,9.6453,9.7029,9.643,9.4251,9.4446,9.2396
TENT2,9.3093,9.2389,9.2496,9.6228,9.6303,9.5104
TENT4A,9.0066,8.8597,8.9901,8.0979,8.0684,8.1281
TENT4B,8.5186,8.5083,8.6137,8.5628,8.3911,8.5919
TENT5A,9.1784,9.088,9.0435,9.6555,9.7747,9.5104
TENT5B,6.5746,6.442,6.629,4.6587,4.8401,5.0249
TENT5C,8.8821,8.7022,8.5312,11.9548,11.8042,11.9286
TEP1,8.9235,8.6246,8.7159,9.1669,9.0627,9.1471
TEPSIN,8.2067,7.892,8.0233,8.3443,8.209,8.3679
TERB1,3.1705,3.3989,2.904,4.0665,2.3068,2.2678
TERF1,8.75,8.6483,8.7455,8.8321,9.1154,9.0416
TERF2,8.7074,8.8009,8.7513,8.6263,8.4548,8.5295
TERF2IP,10.3118,10.3593,10.3303,10.3766,10.3269,10.3035
TES,9.6453,9.7309,9.712,10.0735,10.2924,10.1431
TESC,2,2.348,2.2843,3.7619,2.9618,2.6888
TESK1,8.8235,8.6005,8.6105,8.5547,8.5958,8.5485
TESK2,4.7287,5.2415,4.9547,6.639,6.4652,6.6001
TESMIN,4.7952,5.2415,4.7363,3.6442,3.6473,3.8686
TET1,6.2583,6.5635,6.2037,5.8893,6.1557,6.3049
TET2,9.0851,9.0735,9.0834,9.3282,9.3367,9.3875
TET3,8.6681,8.6005,8.3232,8.0466,8.0886,8.0414
TEX10,9.4958,9.4895,9.5336,9.7512,9.7902,9.8109
TEX2,10.1354,10.1214,10.1834,8.8587,9.1154,8.9683
TEX22,3.6731,3.5409,3.0629,3.6442,3.7525,3.8686
TEX261,11.4072,11.2939,11.3959,11.3376,11.3273,11.3082
TEX264,8.4888,8.5841,8.6137,9.4049,9.3927,9.4325
TEX30,6.6484,6.9799,6.9969,6.5599,6.6535,6.29
TEX35,3.3581,4.1849,3.7639,3.6442,3.8505,3.8686
TEX9,5.3318,5.3612,5.5452,5.4722,5.5438,5.562
TF,2.9547,3.3989,3.0629,3.2195,3.4107,3.6977
TFAM,8.7625,8.6909,8.7159,8.2865,8.3706,8.461
TFAP2A,6.7856,6.3093,6.5507,6.0827,6.0147,5.7487
TFAP2C,2.3925,2.348,2.5217,4.7181,4.8401,5.4317
TFAP4,6.4766,6.6444,6.5099,6.4763,6.418,6.8035
TFB1M,7.5915,7.7085,7.6188,8.4401,8.4587,8.5391
TFB2M,8.099,8.2588,8.1832,8.3907,8.3665,8.5327
TFCP2,9.1596,9.0851,9.1948,8.7346,8.8391,8.6806
TFDP1,11.0493,11.0887,11.1826,10.6595,10.6835,10.688
TFDP2,8.8472,8.8998,8.9191,9.5633,9.6912,9.685
TFE3,11.2231,11.2113,11.2569,11.2113,11.1581,11.2605
TFEB,6.7014,6.706,6.8412,5.9149,5.8106,5.7267
TFEC,3.1705,3.0644,2.7255,4.0665,3.6473,3.0143
TFG,11.2866,11.3487,11.3666,10.8749,10.9114,10.9153
TFIP11,9.3458,9.385,9.3023,8.8817,9.0027,8.9254
TFPI,11.1166,11.2166,11.0933,12.6237,12.6085,12.7288
TFPI2,11.5786,11.7132,11.5676,13.8859,13.5211,14.0879
TFPT,5.3759,5.4718,5.8145,6.3875,6.1747,6.5254
TFRC,12.5109,12.5465,12.5208,12.4521,12.502,12.4563
TG,3.1705,3.3989,2.904,3.972,4.6892,4.6087
TGDS,7.1328,6.9161,7.2491,7.2354,7.3674,7.3923
TGFB1,11.9046,11.8539,11.9317,12.6149,12.6218,12.6274
TGFB1I1,11.0569,11.106,11.1105,10.5462,10.6473,10.626
TGFB2,8.9086,8.846,8.6765,9.1263,9.22,9.1861
TGFB3,5.5783,5.6072,5.2472,6.2532,6.9803,6.4466
TGFBI,15.7055,15.6718,15.7,16.3822,16.4022,16.427
TGFBR1,9.4423,9.5642,9.5096,9.8001,9.9285,10.0305
TGFBR2,12.7931,12.834,12.8204,12.6939,12.729,12.6964
TGFBR3,7.7675,7.6391,7.6504,6.1272,6.3015,5.8744
TGFBR3L,4.427,4.0004,4.4788,4.5318,4.5208,3.947
TGFBRAP1,9.0309,8.9516,8.9423,9.0444,9.0653,9.1135
TGIF1,8.8935,8.7795,8.8635,10.0491,10.0764,10.177
TGIF2,7.9537,8.0725,7.9076,7.0041,7.2555,7.0543
TGIF2-RAB5IF,5.2393,3.3989,2.904,2,2,2
TGM1,4.0451,2.348,2.904,3.8708,3.5338,3.3961
TGM2,12.9829,12.945,13.0403,11.2628,11.3279,11.1623
TGM5,2,2,2.2843,2,5.2161,2.6888
TGOLN2,12.9623,12.9532,12.9379,13.2043,13.1918,13.189
TGS1,8.39,8.3093,8.1961,8.5829,8.6376,8.5888
THADA,8.7994,8.9162,8.8982,8.8914,8.9428,8.973
THAP1,7.6909,7.5411,7.5667,7.7729,7.8723,7.7503
THAP10,6.2104,6.1631,6.0414,5.9401,6.2121,6.2596
THAP11,8.3846,8.185,8.3466,8.3205,8.1525,8.4577
THAP12,9.6962,9.6665,9.6335,8.5175,8.6238,8.4875
THAP2,6.7186,6.6755,6.564,6.7139,6.7456,6.7054
THAP3,7.4948,7.3613,7.2978,6.7428,6.9803,6.9535
THAP4,9.4319,9.4719,9.501,8.9942,9.0159,9.0616
THAP5,8.5999,8.5383,8.5413,8.3205,8.2274,8.3282
THAP6,7.8083,7.7383,7.5865,7.9257,7.7249,7.7774
THAP7,7.3363,7.454,7.4349,7.461,7.4712,7.5451
THAP8,6.2345,5.6072,6.3649,6.1704,6.1168,6.0623
THAP9,4.8588,5.1993,5.2799,5.4722,5.2525,5.3183
THBD,3.3581,2.8627,2.7255,3.2195,3.9423,4.3447
THBS1,16.8604,16.8436,16.9026,16.4757,16.7091,16.3681
THBS2,11.291,11.0938,11.2157,11.3352,11.3209,11.0825
THBS3,8.5622,8.3436,8.4108,8.4489,8.4703,8.6835
THBS4,3.9314,3.0644,3.206,3.2195,2.9618,2.8607
THEM4,7.1583,7.5745,7.2491,7.074,7.3674,7.1486
THEM6,6.0562,6.329,5.963,6.3875,6.4806,6.5254
THEMIS2,6.1094,6.0489,6.3025,5.3269,5.5438,5.3183
THG1L,7.4542,7.5991,7.3604,7.2354,7.2008,7.1569
THNSL1,6.3932,5.9757,6.1338,5.7819,5.5728,6.1478
THOC1,7.7757,7.5991,7.6379,6.6079,6.9585,6.8035
THOC2,10.309,10.2459,10.2229,10.3451,10.3975,10.4804
THOC3,8.4634,8.6206,8.5514,7.1188,7.6856,7.4269
THOC5,9.5546,9.5642,9.5165,9.6248,9.6678,9.7204
THOC6,6.9551,6.7651,7.1013,7.0278,7.0018,7.0185
THOC7,9.1908,9.3589,9.2182,8.9699,9.0981,9.0921
THOP1,9.8566,9.9489,10.0248,9.2896,9.2405,9.2318
THRA,9.7579,9.7085,9.765,8.9296,9.0805,8.9707
THRAP3,11.4197,11.4359,11.4744,11.4662,11.4744,11.4215
THSD1,7.3138,7.2206,7.3216,6.3123,6.8321,6.4601
THSD4,11.1093,11.1586,11.076,9.9142,10.109,9.8305
THSD7A,2.7008,2.348,3.206,6.639,6.1747,6.7822
THTPA,7.1068,6.942,6.7623,6.8663,6.5981,6.6941
THUMPD1,9.4345,9.3991,9.4498,8.7807,8.7998,8.8069
THUMPD2,7.0261,7.0168,7.0736,6.7712,6.8321,7.0275
THUMPD3,9.0275,9.0046,8.9372,8.7382,9.0265,8.8787
THY1,13.9613,13.9465,13.9847,13.1603,13.2496,13.028
THYN1,8.0108,7.8102,8.0184,7.6561,7.782,7.9775
TIA1,10.1734,10.1535,10.0839,10.6153,10.7317,10.6555
TIAF1,4.3406,4.5634,4.7827,4.5967,4.1101,3.7856
TIAL1,10.2803,10.2943,10.3234,10.1511,10.2837,10.2201
TIAM1,7.734,7.789,7.5667,7.7588,7.9952,7.6946
TIAM2,6.8018,7.0046,6.957,6.8397,6.6399,6.4601
TICAM1,8.7118,8.4997,8.6455,8.1901,8.1086,8.1655
TICAM2,7.9018,8.2639,8.2174,6.9179,7.3082,7.2055
TICRR,7.0535,7.1886,7.0261,5.0773,5.1013,5.2885
TIE1,6.1353,5.2415,6.1516,4.6587,5.1406,5.1952
TIFA,6.6303,6.7359,6.2206,4.8831,4.7915,5.0606
TIGAR,9.2334,9.3126,9.2055,9.6248,9.6042,9.6634
TIGD1,7.1709,6.9674,6.8079,7.2455,7.3339,7.0185
TIGD2,7.5147,7.6934,7.7472,7.3337,7.0847,7.4062
TIGD5,6.6663,6.7505,6.6789,6.9921,6.9024,7.1403
TIGD6,7.0937,7.0168,7.0067,6.8923,6.9474,6.7498
TIGD7,5.2393,5.399,5.3119,6.9052,6.4806,6.5756
TIMELESS,8.8195,8.9356,9.0146,8.035,7.782,7.8145
TIMM10,7.9825,8.185,8.2216,8.0233,7.7757,7.7116
TIMM10B,8.953,8.9063,8.9372,8.976,8.9947,9.0077
TIMM13,9.7558,9.819,9.8203,9.7169,9.784,9.8369
TIMM17A,10.8417,10.8079,10.8136,10.4153,10.4726,10.2923
TIMM17B,8.5382,8.5551,8.538,8.6494,8.7307,8.4941
TIMM21,8.39,8.3913,8.2466,8.2816,8.2899,8.276
TIMM22,7.5821,7.5579,7.6188,7.461,7.44,7.4674
TIMM23,9.9797,10.1143,10.0114,9.8998,9.8959,9.917
TIMM23B,7.8322,7.8102,8.052,7.8809,8.0582,7.8506
TIMM29,8.1186,8.1185,8.0708,8.2865,8.1331,8.3572
TIMM44,9.2921,9.3076,9.268,8.4793,8.527,8.5103
TIMM50,10.1013,10.0219,10.0873,9.7915,9.7543,9.7315
TIMM8A,7.2201,6.9291,7.1901,6.8663,6.9251,6.8035
TIMM8B,8.6592,8.6005,8.8363,8.5547,8.4509,8.3786
TIMM9,7.9682,8.0666,7.994,8.1528,8.138,8.1239
TIMMDC1,9.3036,9.3225,9.2963,9.549,9.5396,9.6282
TIMP1,14.8286,14.7502,14.7972,14.8909,14.7789,14.8495
TIMP2,14.1985,14.2002,14.2062,14.1401,14.1453,14.1314
TIMP3,13.7112,13.7472,13.8127,13.4656,13.4725,13.3706
TIMP4,3.808,3.3989,3.938,2.6149,3.276,3.0143
TINAGL1,3.5242,3.3989,3.0629,3.7619,4.2603,3.8686
TINF2,8.8075,8.7759,8.7916,9.4004,9.0956,9.3006
TIPARP,9.9398,9.8102,9.8961,10.5077,10.5512,10.7508
TIPIN,6.5934,6.6444,6.5903,5.9149,5.7861,5.5113
TIPRL,9.6984,9.6972,9.6461,9.3066,9.2585,9.2532
TIRAP,6.7356,6.6286,6.8521,7.1298,7.0644,7.0893
TJAP1,8.5765,8.4733,8.6611,8.634,8.4857,8.6546
TJP1,10.483,10.6444,10.4821,10.4409,10.0739,10.3628
TJP2,10.5579,10.5266,10.6682,8.4401,8.7307,8.7258
TK1,9.7496,10.0219,10.0451,6.8663,7.1342,6.9439
TK2,8.9011,8.942,8.8689,9.7278,9.6878,9.6356
TKFC,8.8354,8.9063,8.8197,8.5049,8.5307,8.5673
TKT,12.4526,12.403,12.4282,12.2409,12.2141,12.2808
TLCD1,5.8526,5.6704,5.4333,5.8366,5.7861,5.7705
TLCD2,6.3716,6.8079,6.3801,5.3269,5.6834,5.8337
TLCD3A,8.623,8.5964,8.5312,8.2717,8.25,8.1899
TLCD3B,2.9547,3.6702,3.3362,3.8708,3.276,3.3961
TLCD4,6.4145,6.269,6.2703,6.6543,6.1935,6.6122
TLCD4-RWDD3,3.808,3.8985,4.3614,4.3179,3.7525,4.1595
TLCD5,7.8713,7.4982,7.4422,7.8678,8.0735,7.9155
TLE1,9.4552,9.5241,9.5268,9.4755,9.3598,9.4085
TLE2,4.0451,4.1849,3.8536,3.2195,3.6473,3.0143
TLE3,8.567,8.4822,8.5548,8.9202,8.8569,8.987
TLE4,9.9176,9.9003,9.9079,10.1565,10.2605,10.2819
TLE5,12.1833,12.1826,12.2386,11.9824,11.943,11.9205
TLK1,9.5689,9.5869,9.7621,9.5159,9.6961,9.5217
TLK2,9.8251,9.7328,9.724,9.9596,9.9632,9.9778
TLL2,3.6731,3.3989,3.3362,4.1552,3.276,3.6977
TLN1,14.6169,14.57,14.6282,14.2268,14.2186,14.1715
TLN2,10.063,10.0681,9.9132,10.002,9.955,9.8713
TLNRD1,8.942,8.6794,8.7337,9.6052,9.5136,9.6177
TLR1,3.6731,3.8985,3.8536,2.8457,3.1274,2.8607
TLR6,7.0122,7.0046,6.7507,5.9649,6.1363,5.9901
TM2D1,8.237,8.3485,8.1789,8.6067,8.6445,8.672
TM2D2,10.2657,10.2237,10.1606,10.1618,10.1287,10.1831
TM2D3,8.4685,8.4053,8.5003,8.8151,8.7371,8.8961
TM4SF1,11.211,11.3126,11.3771,11.7058,11.6157,11.8505
TM4SF20,9.1501,8.983,9.06,9.4777,9.3514,9.441
TM6SF1,6.0562,5.8172,6.0027,4.3928,4.5791,4.5088
TM6SF2,4.1505,4.3484,3.5658,4.2388,4.5208,4.6087
TM7SF2,5.9724,6.0249,5.7691,6.6235,6.2485,6.3489
TM7SF3,9.7807,9.902,9.7358,10.1538,10.136,9.9097
TM9SF1,10.3033,10.2779,10.0664,10.6576,10.5106,10.7691
TM9SF2,11.4302,11.4579,11.4476,11.9089,11.8985,11.9217
TM9SF3,12.1821,12.2309,12.1759,12.6101,12.6289,12.5914
TM9SF4,10.9506,10.8314,10.8495,10.2413,10.2738,10.2426
TMA7,10.3879,10.3712,10.2816,10.4398,10.4346,10.3072
TMBIM1,11.3419,11.3304,11.3202,9.9158,10.0157,9.9941
TMBIM4,9.1277,9.2311,9.1841,9.2773,9.4028,9.2685
TMBIM6,13.2496,13.2548,13.2655,13.5695,13.5498,13.6165
TMC2,3.9314,4.0956,4.2989,4.464,4.6352,4.0214
TMC3,4.427,4.6908,4.5341,3.8708,3.9423,3.604
TMC4,6.5555,6.863,4.0934,4.9835,5.2161,2.8607
TMC6,3.3581,2.6282,2.904,3.8708,2.9618,3.5038
TMC7,5.2393,4.1849,4.7827,3.7619,3.8505,4.1595
TMCC1,7.7675,7.9441,7.8705,8.3584,8.3073,8.4577
TMCC2,7.4124,6.9923,7.4494,5.5723,5.7097,5.6349
TMCC3,3.6731,3.5409,3.8536,3.0447,2.7747,2.8607
TMCO1,10.4741,10.5509,10.4165,10.6858,10.6893,10.6438
TMCO3,11.2464,11.2337,11.2944,10.3984,10.4326,10.4571
TMCO4,7.2079,7.445,7.5667,6.639,6.8794,6.9535
TMCO6,5.6519,5.5745,5.6238,4.8831,4.6892,5.1295
TMED1,8.9818,8.9892,8.9925,9.4139,9.4776,9.4645
TMED10,12.1399,12.127,12.1658,12.3533,12.3547,12.372
TMED2,12.5833,12.5944,12.5819,12.4565,12.5048,12.4188
TMED3,11.2685,11.2448,11.2635,11.2165,11.2237,11.2008
TMED4,10.1529,10.1904,10.2208,10.7071,10.581,10.688
TMED5,10.7968,10.863,10.8865,11.063,11.0482,11.1311
TMED6,4.1505,3.2413,3.3362,4.1552,3.1274,3.0143
TMED7,11.8012,11.8896,11.8349,11.3089,11.427,11.3303
TMED7-TICAM2,8.5235,8.0899,8.0281,8.0055,7.4082,7.6659
TMED8,7.8401,7.9118,7.8759,8.1795,8.2634,8.2645
TMED9,12.0882,12.0219,12.0813,12.0559,12.0775,11.9904
TMEFF1,6.0562,6.329,6.8079,7.074,7.0746,6.6001
TMEFF2,5.9138,5.5069,5.6983,6.1704,6.3015,6.845
TMEM100,4.0451,3.2413,3.206,4.0665,3.276,3.7856
TMEM101,8.1379,8.1795,8.2132,8.8388,8.7339,9.0009
TMEM102,5.1907,5.0646,4.8276,5.0773,5.6291,5.5369
TMEM104,10.0323,9.8737,10.0534,10.0272,9.9536,9.8937
TMEM105,3.808,2.6282,2.7255,3.2195,2.9618,3.604
TMEM106A,7.8866,7.7085,7.9336,6.9052,6.7709,6.4996
TMEM106B,10.1192,10.0622,10.0392,10.6699,10.718,10.8228
TMEM106C,8.7872,8.7022,8.885,7.6787,7.7569,7.8093
TMEM107,6.083,6.0005,5.963,5.9649,5.8348,6.0446
TMEM108,4.5858,5.0646,4.4213,4.3179,4.33,4.5596
TMEM109,10.2875,10.269,10.3764,10.1375,10.047,10.0792
TMEM11,8.4583,8.6005,8.5278,8.5006,8.2767,8.4272
TMEM115,10.0045,10.04,10.1227,10.7062,10.5756,10.7197
TMEM116,6.1858,6.0249,6.0222,5.9892,5.7356,6.2127
TMEM117,7.9317,7.8032,7.9076,5.725,5.9934,5.611
TMEM119,6.9696,6.7505,6.6911,5.2882,5.6565,5.3761
TMEM120A,8.5235,8.6286,8.578,8.8653,8.8421,8.994
TMEM121,5.5007,5.0168,5.1443,5.725,5.0194,5.2581
TMEM121B,4.9197,4.4237,4.0934,5.2484,5.6012,5.5369
TMEM123,11.5536,11.6062,11.5812,11.7461,11.7927,11.8002
TMEM125,5.7558,5.8449,6.0414,5.5723,5.4215,5.5369
TMEM126A,7.9317,7.9313,7.9129,7.586,7.6588,7.6425
TMEM126B,8.4583,8.3093,8.3349,7.9995,8.2365,7.8809
TMEM127,10.8348,10.8331,10.8891,11.7381,11.6322,11.7201
TMEM128,7.5821,7.8172,7.3907,7.7868,7.9351,7.8859
TMEM129,9.3705,9.3323,9.4641,10.3522,10.2335,10.2648
TMEM130,7.6734,7.5579,7.7057,6.7428,6.7957,6.4331
TMEM131,11.0295,11.0062,10.9958,10.8984,10.8711,10.8292
TMEM131L,8.5574,8.5255,8.6169,8.3907,8.4703,8.451
TMEM132A,11.1591,11.0916,11.2056,12.0105,11.8751,12.195
TMEM132B,6.4562,5.9505,5.88,7.7374,7.8897,7.7394
TMEM134,7.9018,7.9183,7.7647,8.3998,8.3372,8.4409
TMEM135,7.9018,7.9183,7.9129,7.7868,7.7943,7.8759
TMEM138,8.5812,8.396,8.4687,8.5547,8.4933,8.5327
TMEM140,6.9405,7.111,7.0165,7.3432,7.3254,7.4937
TMEM141,8.1696,8.1242,8.0329,7.9995,7.8188,7.7172
TMEM143,6.0288,5.6391,6.1338,6.2532,5.7611,6.1643
TMEM144,4.5086,4.0956,3.938,4.3928,3.1274,3.604
TMEM145,3.3581,2.8627,3.3362,3.7619,3.1274,3.5038
TMEM147,9.523,9.4807,9.5045,9.9734,9.8727,9.8227
TMEM14A,7.8401,8.0548,7.9181,6.527,6.7709,6.5756
TMEM14B,8.953,9.0529,8.9449,8.3723,8.5009,8.4204
TMEM14C,10.2331,10.2131,10.1748,10.4231,10.373,10.3646
TMEM150A,7.5048,7.5662,7.5534,8.3537,8.1086,8.0941
TMEM150C,2.7008,3.3989,3.5658,3.8708,3.8505,4.0214
TMEM154,5.9138,6.0957,5.983,6.6543,6.6122,6.7715
TMEM156,5.4603,5.2825,5.3739,7.5455,7.1342,7.6425
TMEM158,11.0696,11.1074,11.1923,12.6029,12.2098,12.6608
TMEM159,9.4757,9.4763,9.4923,9.2945,9.3046,9.257
TMEM160,7.3138,7.4982,7.2978,7.1623,6.9363,7.2526
TMEM161A,8.6412,8.4465,8.578,8.5506,8.5744,8.6399
TMEM161B,7.3024,7.3517,7.3981,7.7445,7.7695,7.6717
TMEM164,8.7708,8.7135,8.6796,10.4725,10.2071,10.5194
TMEM165,10.7764,10.9039,10.8275,9.5551,9.3303,9.3998
TMEM167A,11.1551,11.1675,11.1325,11.3721,11.4706,11.3188
TMEM167B,10.0814,10.1741,10.1638,10.2996,10.3751,10.3156
TMEM168,8.5859,8.5759,8.6734,8.9791,9.0906,9.0813
TMEM169,4.0451,4.5634,4.3614,4.1552,4.5208,4.4015
TMEM17,5.2863,4.863,5.1443,5.6658,5.9049,5.7705
TMEM170A,7.4847,7.0764,7.3604,8.0524,7.8897,8.1281
TMEM170B,5.4187,5.4359,5.5452,5.6957,5.3225,5.4588
TMEM171,6.8338,6.7795,6.7853,6.3875,6.4339,6.2441
TMEM175,8.1633,8.0607,8.1832,8.0114,7.9845,8.028
TMEM177,6.5934,6.0957,6.5507,5.8366,5.9276,5.9714
TMEM178B,5.8526,5.789,5.5718,5.6041,5.7097,5.5113
TMEM179B,8.7872,8.6045,8.6548,9.2624,9.1567,9.3155
TMEM18,8.2249,8.1957,8.1702,7.9383,7.8066,7.8859
TMEM181,10.6212,10.7266,10.6378,9.6517,9.62,9.6547
TMEM182,6.8805,6.903,6.496,6.7571,6.9363,6.6122
TMEM183A,10.2376,10.2302,10.2197,10.0749,10.1164,10.0496
TMEM184A,3.808,4.3484,4.0934,4.464,4.2603,3.6977
TMEM184B,11.7303,11.7076,11.794,10.7478,10.8236,10.7752
TMEM184C,9.7156,9.5134,9.5521,9.3958,9.4948,9.5088
TMEM185A,8.422,8.534,8.5514,7.7302,7.6988,7.6484
TMEM185B,8.9746,9.0558,9.0671,9.0181,8.9288,9.0813
TMEM186,6.6484,6.7651,6.629,6.4414,6.3357,6.6242
TMEM187,6.4766,6.5635,6.1158,6.5436,6.3692,6.3775
TMEM19,8.3519,8.4006,8.4758,7.4523,7.6106,7.5701
TMEM192,8.3846,8.3436,8.4108,8.6028,8.6547,8.6399
TMEM198,8.2898,8.1741,8.2915,8.4089,8.3747,8.4031
TMEM199,8.4988,8.4053,8.4793,8.9359,8.9176,8.9707
TMEM200A,10.6607,10.7678,10.6935,10.8444,10.8297,10.8254
TMEM200B,6.9257,6.9799,6.9263,5.6658,6.1168,6.0266
TMEM200C,7.9243,7.6626,7.8812,8.142,8.138,8.1696
TMEM201,8.4061,8.3724,8.5175,8.6379,8.4273,8.5327
TMEM203,8.9011,9.0617,9.0315,9.3211,9.1876,9.2856
TMEM204,7.1199,7.0046,7.1285,8.4922,8.3952,8.451
TMEM205,8.324,8.1632,8.3193,8.6758,8.5673,8.6806
TMEM208,8.6592,8.7938,8.6918,9.1069,9.1302,9.143
TMEM209,8.0857,8.0249,7.9129,8.1035,8.0112,8.0854
TMEM212,6.4145,6.3093,6.1692,6.5599,6.4339,6.5126
TMEM213,3.808,3.6702,3.0629,3.972,4.1872,4.5088
TMEM214,11.4728,11.5182,11.498,10.7891,10.7908,10.7176
TMEM217,5.6156,5.5745,5.7691,5.8095,6.2664,5.5867
TMEM219,9.6542,9.6011,9.5403,9.6364,9.6678,9.6222
TMEM220,5.3318,5.6072,5.0714,5.4014,5.0609,5.227
TMEM222,9.1405,9.1613,9.0243,9.445,9.3907,9.4728
TMEM223,7.1583,6.9547,7.3372,6.9678,6.8441,7.0094
TMEM229B,3.9314,3.3989,4.0934,3.3754,2.9618,3.3961
TMEM230,10.5423,10.517,10.4891,10.6143,10.6232,10.5698
TMEM231,7.6008,7.647,7.6124,8.1091,8.0375,8.037
TMEM234,6.9839,7.3323,7.1285,7.5699,7.2644,7.5576
TMEM236,3.1705,4.0004,3.7639,3.972,4.0287,3.6977
TMEM237,9.5058,9.5411,9.4353,8.7129,8.7782,8.6575
TMEM240,5.54,5.3612,4.9547,5.9401,5.4215,5.7267
TMEM241,7.3911,7.5745,7.6996,7.8143,7.7882,7.7828
TMEM242,7.7424,7.6391,7.7989,8.1035,8.0165,8.0636
TMEM243,7.8558,8.0067,7.9591,8.3109,8.2679,8.3715
TMEM245,11.152,11.2435,11.204,11.6606,11.621,11.6287
TMEM248,10.9359,11.0008,11.0358,10.9136,11.0267,10.9814
TMEM25,8.4114,8.2433,8.3771,8.4089,8.4352,8.5038
TMEM250,9.7454,9.6646,9.7736,10.4833,10.2979,10.4738
TMEM251,5.4603,5.399,5.4621,5.9892,6.1363,6.0971
TMEM254,6.9551,7.0647,7.1552,7.0395,7.0847,7.2371
TMEM255B,7.5536,7.5579,7.7177,6.4934,6.3526,6.4466
TMEM256,7.6376,7.591,7.6504,7.6862,7.568,7.6366
TMEM256-PLSCR3,3.5242,3.6702,3.938,3.8708,4.1872,2.2678
TMEM258,9.3206,9.2927,9.0624,9.68,9.6182,9.6532
TMEM259,11.0696,11.0092,11.1336,11.3945,11.2869,11.3881
TMEM26,4.5858,5.1558,4.7363,7.4523,7.4789,7.6543
TMEM260,8.5284,8.3339,8.5037,7.8346,7.7882,7.7774
TMEM262,5.0343,4.2689,4.2336,4.5318,3.9423,4.4561
TMEM263,11.8436,11.7828,11.7997,11.9097,12.0348,11.9374
TMEM265,2,2,2,2.34,2.9618,3.6977
TMEM266,3.3581,4.0004,3.5658,2.8457,3.8505,4.2239
TMEM267,7.879,7.9882,7.8865,7.1516,7.1047,6.8552
TMEM268,7.4847,7.6312,7.5127,7.0966,7.3756,7.3205
TMEM30A,12.658,12.7391,12.6969,13.4765,13.5341,13.5524
TMEM33,9.7724,9.7235,9.6924,10.3178,10.2448,10.4377
TMEM35A,8.3127,8.5635,8.4328,9.7133,9.9159,9.6474
TMEM35B,7.2079,7.2519,7.0261,7.7658,7.3838,7.5196
TMEM38A,4.9781,5.3224,5.4333,4.8831,4.9766,4.7021
TMEM38B,7.6645,7.8311,7.7117,8.7382,8.5887,8.8355
TMEM39A,9.5206,9.3274,9.3221,9.5387,9.4853,9.4679
TMEM39B,7.6285,7.5662,7.7057,7.3896,7.4242,7.5824
TMEM41A,8.2189,8.2485,8.3035,8.3157,8.3159,8.41
TMEM41B,8.8394,8.9063,8.8113,9.0874,8.9147,8.98
TMEM42,6.1353,6.0489,5.9221,5.6353,5.2161,5.562
TMEM43,11.1028,11.1385,11.1635,10.7308,10.7885,10.7232
TMEM44,8.3846,8.2741,8.4071,9.0298,9.0133,9.1901
TMEM45A,9.6407,9.6352,9.4134,9.4296,9.5192,9.3627
TMEM50A,10.5603,10.6196,10.6362,11.2306,11.2058,11.2295
TMEM50B,7.6376,7.7383,7.606,8.3012,8.209,8.1239
TMEM51,8.2006,8.4238,8.2174,9.7041,9.4209,9.5981
TMEM53,6.083,5.8986,5.88,6.0599,5.5728,6.1311
TMEM59,11.3328,11.3643,11.3128,12.122,12.11,12.1345
TMEM59L,7.5048,7.5069,7.3604,7.6408,7.7506,7.6601
TMEM60,7.5632,7.2826,7.2978,7.7799,7.652,7.7003
TMEM62,7.1833,7.21,7.0921,6.8531,7.1821,7.1065
TMEM63A,9.0309,8.7938,9.0387,8.9942,8.9119,9.0055
TMEM64,8.8115,8.7687,8.7455,7.8744,7.7569,7.5003
TMEM65,8.9889,9.1447,9.0387,9.445,9.4564,9.5424
TMEM67,6.8338,6.7505,6.7623,7.5039,7.4082,7.4405
TMEM68,7.5147,7.4982,7.6379,8.0697,8.1036,8.1818
TMEM69,7.9825,8.0005,7.9989,8.4357,8.4857,8.3679
TMEM70,8.1507,8.2536,8.1702,7.8938,7.8781,7.8455
TMEM71,3.6731,3.2413,3.7639,2,2.3068,2.8607
TMEM79,5.8211,5.9248,5.88,6.1916,6.0969,5.7487
TMEM80,7.9825,7.8449,7.9489,8.1366,8.0582,8.028
TMEM81,4.9781,4.8078,4.4213,4.5318,4.5208,4.5088
TMEM86A,4.5086,5.1558,5.2137,6.799,6.4496,6.6478
TMEM86B,4.7287,4.1849,4.5341,4.464,4.5208,4.7466
TMEM87A,9.7807,9.9069,9.7679,10.3812,10.3386,10.4146
TMEM87B,10.2628,10.4065,10.3593,9.895,9.9795,10.1441
TMEM88,2.7008,2.348,2.904,4.2388,3.6473,3.6977
TMEM9,9.7005,9.6819,9.6602,9.726,9.7495,9.6993
TMEM91,5.2393,4.4952,4.8712,5.122,5.8819,5.3183
TMEM92,4.3406,4.7505,4.2989,4.8302,5.0194,4.5088
TMEM94,9.3319,9.2545,9.3985,10.0258,9.9522,10.0079
TMEM97,7.8243,8.0548,8.0894,7.9569,7.7506,7.8197
TMEM98,10.0664,10.0295,10.0839,10.626,10.6558,10.6679
TMEM99,7.6996,7.6391,7.6936,7.8874,7.4635,7.8404
TMEM9B,9.5854,9.7328,9.5983,9.3981,9.5229,9.4495
TMF1,10.524,10.4488,10.5005,10.6933,10.743,10.759
TMLHE,7.4948,7.5579,7.5196,6.8127,6.8441,6.814
TMOD1,6.9551,6.7505,6.629,8.9607,9.1253,9.2141
TMOD2,9.5449,9.4982,9.4641,9.6968,9.7463,9.6072
TMPO,10.4893,10.6055,10.6859,8.6028,8.7047,8.7146
TMPPE,5.3759,5.1993,4.8712,6.3504,6.1935,6.29
TMPRSS9,4.0451,3.6702,3.7639,3.7619,3.5338,3.6977
TMSB10,14.3745,14.3322,14.3081,14.0254,14.0307,13.9533
TMSB15A,5.9138,5.7309,5.8145,4.7181,4.9325,5.1295
TMSB15B,6.2817,5.9248,5.6983,6.3123,6.7456,6.4866
TMSB4X,14.2129,14.1334,14.1046,12.7858,12.8567,12.6519
TMTC1,11.7633,11.7198,11.6726,12.3044,12.2421,12.207
TMTC2,5.9724,6.2893,5.8145,6.7139,7.2644,7.2055
TMTC3,10.4588,10.5137,10.468,10.9712,10.9882,11.0706
TMTC4,7.3251,7.0046,7.3527,7.1836,7.1342,7.0094
TMUB1,9.0344,8.7651,8.9449,9.0902,8.9316,8.9893
TMUB2,9.0136,9.029,9.1064,9.1615,9.1302,9.1921
TMX1,10.2495,10.2394,10.2745,9.2473,9.3947,9.3375
TMX2,10.5117,10.4363,10.4856,10.4097,10.3386,10.3529
TMX3,10.9928,11.0244,10.9558,11.6478,11.6847,11.7556
TMX4,9.6853,9.7179,9.7269,9.5387,9.4718,9.7259
TNC,14.5277,14.5537,14.5771,14.2452,14.358,14.2893
TNFAIP1,10.6818,10.6803,10.6698,11.1905,11.2047,11.2363
TNFAIP2,6.6303,6.9923,6.8079,6.9678,6.9024,7.2449
TNFAIP3,9.6111,9.5262,9.5704,9.1722,9.1204,9.3591
TNFAIP6,6.4562,6.3484,6.2865,8.9265,8.527,9.3411
TNFAIP8,8.2006,8.0429,8.0233,7.7588,7.5966,7.804
TNFAIP8L3,5.2863,4.863,5.0336,4.8302,5.0609,5.0606
TNFRSF10A,6.2345,5.789,5.9012,7.074,7.0644,7.098
TNFRSF10B,11.9331,11.9256,11.9346,12.311,12.2378,12.3073
TNFRSF10C,5.6874,5.5745,5.3119,6.639,6.4496,6.4601
TNFRSF10D,12.4461,12.3878,12.4892,13.3356,13.2244,13.3403
TNFRSF11B,11.5276,11.4741,11.4885,13.0376,12.8857,12.9998
TNFRSF12A,11.675,11.6886,11.6505,11.9579,11.8175,12.0048
TNFRSF14,3.808,3.5409,3.8536,4.464,4.8401,4.3447
TNFRSF19,10.3147,10.3605,10.2997,10.5035,10.6592,10.5989
TNFRSF1B,8.4583,8.46,8.6704,7.8874,7.8188,7.9155
TNFRSF21,9.4858,9.5453,9.439,11.4813,11.4759,11.5956
TNFRSF25,5.5783,5.3612,5.3432,6.5436,6.584,6.6122
TNFRSF6B,5.0343,4.5634,4.8276,5.1654,4.8401,5.4317
TNFRSF9,4.2487,4.2689,4.2336,4.5967,4.1872,4.4015
TNFSF12,7.7254,7.6626,7.7819,6.6543,6.7957,6.7388
TNFSF12-TNFSF13,4.0451,4.0004,3.6682,3.2195,4.0287,2
TNFSF13,5.3759,5.0646,5.0336,5.1654,4.6352,5.227
TNFSF13B,3.808,3.7889,4.0178,4.6587,5.2525,5.0606
TNFSF15,5.4187,5.3612,4.8712,7.4783,7.3591,7.8506
TNFSF18,5.1907,5.3612,5.0336,7.1941,7.6856,6.9817
TNFSF4,10.3784,10.442,10.451,8.798,9.2894,8.6749
TNFSF9,3.1705,2.6282,3.7639,5.1654,5.0194,5.0249
TNIP1,10.9795,11.0705,10.9896,10.7978,10.8077,10.7563
TNIP2,9.2304,9.0588,9.1041,9.4273,9.4486,9.4795
TNIP3,3.1705,3.2413,3.206,3.3754,3.7525,4.1595
TNK1,3.808,3.2413,3.4556,4.9342,4.1101,5.0606
TNK2,8.996,8.8288,9.0764,8.7129,8.5887,8.5327
TNKS,10.3469,10.2459,10.1506,9.9221,9.8117,10.0192
TNKS2,10.8613,10.9666,10.9514,11.7277,11.7228,11.8277
TNPO1,12.3557,12.3804,12.411,12.2644,12.2827,12.3108
TNPO3,10.4066,10.5614,10.4909,10.3639,10.4405,10.377
TNR,3.808,3.6702,3.0629,4.0665,4.1101,3.7856
TNRC18,11.3884,11.3432,11.4427,11.2458,11.1848,11.1504
TNRC6A,11.0535,10.9993,10.9545,10.6269,10.5721,10.5636
TNRC6C,7.9018,7.9118,8.0567,8.731,8.6273,8.625
TNS1,12.4216,12.4697,12.4287,11.0893,11.3193,11.0255
TNS2,9.4604,9.2545,9.4353,8.9233,9.0931,8.994
TNS3,12.3796,12.3213,12.2918,11.3352,11.4556,11.2162
TOB1,8.7666,8.6639,8.6948,8.4664,8.5744,8.2568
TOB2,10.2331,9.982,9.9918,9.6631,9.2806,9.424
TOE1,6.9981,7.1993,7.0261,6.9431,7.023,6.8953
TOGARAM1,8.3954,8.2792,8.2342,8.7525,8.6479,8.8381
TOGARAM2,3.9314,4.1849,4.2336,3.972,4.5208,4.1595
TOLLIP,9.799,9.7235,9.7592,10.217,10.1139,10.2848
TOM1,9.4501,9.3565,9.4134,9.9703,9.9632,9.9637
TOM1L1,7.1199,6.942,6.987,5.8366,5.5142,5.9526
TOM1L2,10.5934,10.7088,10.7295,10.2273,10.2357,10.141
TOMM20,11.6427,11.7319,11.6982,12.0858,12.1608,12.0733
TOMM22,9.9306,10.0928,9.9644,9.9764,9.8916,9.8687
TOMM34,10.3372,10.4589,10.4769,10.3927,10.3761,10.4671
TOMM40,10.2539,10.329,10.2897,10.0272,9.9144,10.0584
TOMM40L,8.0385,7.9632,8.0329,7.6018,7.7054,7.6366
TOMM5,9.8051,9.9085,9.9831,9.6383,9.7271,9.7315
TOMM6,9.8211,9.7801,9.8895,8.8653,8.7112,8.692
TOMM7,10.1434,10.1521,9.9682,10.2413,10.2232,10.0628
TOMM70,10.6807,10.7257,10.6995,10.2105,10.2837,10.1699
TONSL,8.1759,8.2276,8.2955,7.5618,7.3838,7.4405
TOP1,11.7196,11.7379,11.6272,12.466,12.4671,12.4703
TOP1MT,7.4018,7.5241,7.5995,7.3049,7.21,7.454
TOP2A,11.5355,11.6607,11.6925,8.7202,8.854,8.6101
TOP2B,11.4335,11.4928,11.4121,11.2771,11.4604,11.4047
TOP3A,8.8744,8.8898,8.9243,8.7238,8.6513,8.7884
TOP3B,8.237,8.3629,8.4544,8.2667,8.3029,8.2645
TOPBP1,9.3895,9.4337,9.4004,9.1125,9.0906,9.0616
TOPORS,8.9746,9.0705,9.0024,9.3958,9.4407,9.3752
TOR1A,10.2301,10.2104,10.144,10.5625,10.5649,10.6178
TOR1AIP1,10.164,10.2665,10.1974,10.2947,10.2186,10.2358
TOR1AIP2,10.7346,10.7294,10.6496,10.5151,10.5087,10.4902
TOR1B,9.7537,9.6685,9.7314,8.5217,8.6816,8.607
TOR2A,7.0937,7.088,7.2072,7.3432,7.1146,7.2371
TOR3A,8.6636,8.5635,8.7129,7.9631,8.0165,7.8859
TOR4A,10.9024,10.9267,10.9552,10.9341,10.8024,10.9201
TOX,6.8018,6.8079,6.5507,5.5397,5.4839,5.1295
TOX2,8.8589,8.9194,8.995,9.2244,9.1591,9.2318
TOX4,10.3511,10.3485,10.3849,9.9626,9.9659,9.8675
TP53,9.8507,9.9183,9.9053,9.5734,9.5614,9.5392
TP53BP1,10.8709,10.8097,10.8129,11.1513,11.1671,11.1535
TP53BP2,9.9101,9.9804,9.8775,9.9046,9.9116,9.9975
TP53I11,10.5887,10.5191,10.555,11.0348,11.0201,11.0368
TP53I13,8.8744,8.7795,8.9727,9.1959,9.0291,9.2061
TP53I3,9.0101,9.0469,9.0387,9.8788,9.8713,9.8925
TP53INP1,8.9638,8.9388,8.8903,11.1872,11.2282,11.2867
TP53RK,8.9272,8.9162,8.8662,9.5284,9.5192,9.5345
TP53TG5,4.8588,4.0956,3.5658,4.2388,4.5208,4.3447
TPBG,11.3626,11.3237,11.453,12.5456,12.302,12.5751
TPCN1,8.9048,8.9674,8.9999,9.5511,9.4525,9.569
TPCN2,7.5915,7.6858,7.7933,7.9445,7.9182,8.028
TPD52L1,6.7691,6.3093,6.4246,4.8302,5.2525,4.9121
TPD52L2,12.0998,12.071,12.0685,12.1033,12.0645,12.0818
TPGS1,7.2677,7.2519,7.1104,7.7588,7.6588,8.068
TPGS2,10.8249,10.863,10.9501,10.3824,10.3935,10.4146
TPH2,5.1907,4.9161,3.938,4.2388,4.6892,4.0214
TPI1,13.1888,13.1651,13.178,12.9352,12.8716,12.8854
TPK1,4.3406,4.1849,4.0934,4.3928,4.7413,4.4561
TPM1,14.3157,14.3595,14.3334,13.0722,13.364,13.0508
TPM2,14.8954,14.8648,14.8658,14.5035,14.525,14.4182
TPM3,13.3439,13.3553,13.3983,12.4562,12.527,12.3844
TPM4,15.0263,15.0618,15.0336,14.4163,14.5302,14.4223
TPMT,8.9123,8.9291,8.877,7.9692,8.053,7.8859
TPP1,11.062,10.8597,11.0298,11.884,11.7232,11.8208
TPP2,10.3552,10.3689,10.3126,11.3131,11.1866,11.2951
TPRA1,9.2213,9.0647,9.1268,9.6111,9.3968,9.569
TPRG1L,10.709,10.7478,10.6705,11.0529,11.0135,11.0051
TPRKB,7.3911,7.5411,7.5601,7.7868,7.4557,7.3853
TPRN,7.9967,7.9505,8.094,8.1091,8.0006,8.0854
TPRXL,4.5086,5.0168,5.1083,4.7181,4.3964,4.1595
TPST1,9.7369,9.6877,9.7165,9.8869,9.9045,9.9412
TPST2,9.4527,9.4107,9.3279,8.9074,9.083,8.8936
TPT1,14.7586,14.7295,14.6511,14.6545,14.63,14.6234
TPX2,10.7907,10.9129,11.0184,7.8211,8.1036,7.9057
TRA2A,9.9868,10.0279,9.9014,9.2063,9.2246,9.2837
TRA2B,10.8748,11.0214,10.9621,10.2589,10.3407,10.2913
TRABD,8.716,8.9356,8.8796,9.0002,8.992,9.0572
TRABD2A,8.3792,8.3819,8.6265,7.7799,7.7506,7.9057
TRADD,7.939,7.8517,7.9891,8.1742,8.1573,8.2568
TRAF1,7.0804,6.863,6.7623,4.6587,4.5791,4.7898
TRAF2,7.9537,7.5745,7.8324,7.3712,7.4001,7.5324
TRAF3,9.9453,10.0725,10.0463,10.0535,9.9822,10.0868
TRAF3IP1,8.7458,8.517,8.4687,8.9546,8.9676,8.9351
TRAF3IP2,7.256,7.2926,7.4989,7.9753,7.8188,7.804
TRAF4,9.7005,9.6529,9.7979,11.0822,10.9787,11.1535
TRAF5,8.3954,8.3772,8.1702,6.5103,6.418,6.4194
TRAF6,7.6008,7.789,7.6936,7.1941,7.4162,7.1319
TRAF7,10.8872,10.9202,10.9173,10.9411,10.8857,10.9388
TRAFD1,10.0864,9.9913,9.9757,9.6555,9.8086,9.592
TRAIP,6.6303,6.3866,6.4679,3.2195,3.6473,3.7856
TRAK1,10.3358,10.3376,10.4193,10.1672,10.2935,10.2152
TRAK2,11.3265,11.3101,11.2914,11.2029,11.2458,11.2319
TRAM1,12.9491,12.9597,12.9232,12.6312,12.7444,12.6352
TRAM1L1,5.9724,5.8986,6.0414,6.0599,6.0147,5.7043
TRANK1,8.2956,7.9568,8.0136,7.7302,7.9899,7.7666
TRAP1,10.273,10.3473,10.2323,9.7547,9.6978,9.9952
TRAPPC1,10.5447,10.5541,10.5541,10.6035,10.671,10.6065
TRAPPC10,9.5878,9.68,9.7195,9.7386,9.7871,9.9158
TRAPPC11,9.3513,9.3493,9.129,9.1208,9.2405,9.2338
TRAPPC12,9.3623,9.4245,9.5217,9.5367,9.2085,9.4795
TRAPPC14,8.5859,8.6126,8.5346,9.0121,8.8628,9.143
TRAPPC2B,7.939,7.5662,7.7531,8.1582,8.2319,8.1655
TRAPPC2L,8.6276,8.7396,8.5878,8.7807,8.8569,8.8329
TRAPPC3,9.9324,9.9003,9.7388,9.8982,9.8343,9.8763
TRAPPC3L,4.0451,3.8985,4.1652,4.1552,4.1872,3.8686
TRAPPC4,8.1759,8.1242,8.2174,8.3253,8.2545,8.2722
TRAPPC5,9.3402,9.385,9.4818,9.6228,9.4929,9.4274
TRAPPC6A,5.3318,5.0646,5.3119,4.9835,5.4839,5.1295
TRAPPC6B,8.8667,8.9799,8.8473,9.5754,9.4872,9.4595
TRAPPC8,9.652,9.6112,9.6524,9.7741,9.8698,9.875
TRAPPC9,8.1883,8.4997,8.3193,7.7868,7.9069,7.9252
TRDMT1,6.5746,6.7795,6.5772,5.8632,6.1557,6.4601
TREH,3.5242,3.6702,3.5658,4.5318,4.887,4.4015
TRERF1,9.4629,9.4829,9.5521,8.9484,8.9812,8.9278
TREX1,6.2583,6.4053,6.3025,6.7139,6.5109,6.6941
TREX2,3.5242,3.0644,3.0629,3.3754,4.5208,3.0143
TRHDE,11.6262,11.667,11.6657,11.8411,11.9021,11.9077
TRIAP1,9.0101,8.9452,8.9269,10.002,9.9257,9.9731
TRIB1,8.5574,8.4006,8.4218,10.9231,10.7675,10.8913
TRIB2,9.3922,9.445,9.2309,9.093,8.8599,8.9917
TRIB3,9.5058,9.3469,9.3201,8.1528,8.2545,8.1532
TRIM11,8.716,8.7759,8.7802,9.1801,9.1055,9.1513
TRIM13,8.6901,8.6483,8.5714,9.0062,8.9288,8.9518
TRIM14,8.6592,8.6639,8.7802,6.5921,7.2375,6.9817
TRIM15,5.7558,5.6072,6.3951,8.2963,8.1184,8.0325
TRIM16,9.1784,9.2047,9.2516,8.3301,8.5491,8.3427
TRIM16L,5.9724,6.4777,6.2703,6.0827,6.1747,6.4866
TRIM17,3.6731,3.7889,3.8536,3.0447,3.6473,3.1531
TRIM2,10.2012,9.9537,10.0908,10.5926,10.5747,10.6364
TRIM21,7.848,7.982,7.8489,7.9383,8.0006,8.1365
TRIM22,9.7807,9.701,9.7621,10.6699,10.6901,10.7029
TRIM24,8.3738,8.3533,8.3504,8.7238,8.8569,8.8278
TRIM25,10.4,10.3241,10.3458,9.1263,9.152,9.2742
TRIM26,6.1353,2,3.7639,2.8457,3.5338,4.0921
TRIM27,8.2666,8.3192,8.2794,8.6721,8.5084,8.6977
TRIM28,12.3553,12.2953,12.4001,12.2821,12.2575,12.2914
TRIM29,3.6731,4.3484,3.6682,2,2.3068,5.1627
TRIM3,8.3408,8.1129,8.3809,8.4401,8.3116,8.5517
TRIM32,9.1815,9.0793,9.2537,9.3496,9.3175,9.4325
TRIM33,9.4214,9.5026,9.3493,9.8087,9.6509,9.8017
TRIM34,6.5555,6.6126,6.7966,5.2075,5.2525,4.8725
TRIM36,3.808,3.0644,2.904,4.3179,2.9618,3.947
TRIM37,9.3733,9.3249,9.3102,9.6949,9.7964,9.8713
TRIM38,8.9782,8.9324,8.8635,9.2115,9.113,9.1135
TRIM39,6.2817,6.0725,5.9427,5.9892,5.9276,5.9714
TRIM4,8.953,8.9768,8.8473,8.5749,8.3706,8.5517
TRIM41,9.0309,8.8563,8.9061,9.2011,9.2405,9.2454
TRIM44,11.2464,11.4489,11.262,10.1712,10.2094,10.1094
TRIM45,5.9724,5.6072,5.3739,4.7753,5.4215,4.8317
TRIM46,7.0804,6.706,7.0165,7.3049,6.9474,7.0185
TRIM47,7.2909,7.3126,7.0165,5.9892,5.9934,6.1968
TRIM5,9.5008,9.4084,9.3836,9.7404,9.6878,9.6649
TRIM52,7.4439,7.3991,7.4129,7.5939,7.44,7.6832
TRIM55,8.3352,8.2843,8.3232,7.3526,7.2192,7.1895
TRIM56,10.4369,10.2524,10.2572,10.856,10.7854,10.8136
TRIM58,5.8526,6.0957,6.0414,5.4722,5.2525,5.6584
TRIM59,8.8115,8.8865,8.8308,7.3242,7.0542,6.8754
TRIM6,6.7356,6.8494,6.8521,4.8302,5.1789,4.5596
TRIM62,8.543,8.3629,8.5141,8.1953,8.3329,8.3391
TRIM65,8.4787,8.396,8.4218,8.7525,8.5121,8.6458
TRIM66,7.1583,7.21,7.1552,7.4258,7.4242,7.4674
TRIM68,7.8558,7.4982,7.7876,6.9052,6.9138,6.8654
TRIM69,7.1328,7.0647,6.8521,5.8632,6.2121,6.1643
TRIM7,3.808,4.3484,4.1652,3.7619,4.1872,3.6977
TRIM72,4.5858,4.4952,4.4213,5.2075,4.7413,4.7021
TRIM73,4.5858,4.9673,4.3614,5.0773,4.6892,4.9883
TRIM8,10.9341,10.9096,11.0196,10.3451,10.4197,10.4292
TRIML2,3.9314,4.1849,3.0629,3.8708,4.6352,4.4015
TRIO,13.009,13.0778,12.8755,12.8697,12.8703,12.812
TRIOBP,11.4835,11.4993,11.5371,9.9703,9.9159,9.8912
TRIP10,9.6225,9.7066,9.7549,9.5854,9.5614,9.5627
TRIP11,10.1702,9.9928,9.9719,9.9237,9.8786,9.9231
TRIP12,12.4393,12.4575,12.4064,12.4813,12.4369,12.4823
TRIP13,8.6944,9.0016,9.017,6.5436,6.6261,6.1643
TRIP4,8.5999,8.6166,8.7308,8.2963,8.2365,8.2873
TRIP6,10.3986,10.4778,10.5365,10.0433,9.9369,9.986
TRIQK,8.3684,8.2329,8.1526,8.2517,8.4626,8.3171
TRIR,10.5687,10.4909,10.5331,10.6385,10.5756,10.5605
TRIT1,8.1759,8.1072,8.0986,7.5939,7.4635,7.6128
TRMO,6.8179,6.7651,6.8191,6.0827,5.6834,5.8337
TRMT1,8.9123,8.8426,8.9999,8.9074,8.8151,8.9754
TRMT10A,6.083,6.3676,6.6416,6.7852,6.9024,6.6122
TRMT10C,8.4838,8.4006,8.3388,8.9851,8.8181,8.9375
TRMT11,7.1957,7.0046,7.1195,7.3619,7.2909,7.2603
TRMT112,10.1257,10.1171,10.0404,10.1765,10.1015,10.1019
TRMT12,7.3803,7.3897,7.3981,7.4168,7.6656,7.4473
TRMT13,7.2677,7.2826,7.345,6.7139,6.667,6.6361
TRMT1L,8.4008,8.3043,8.3504,8.4922,8.4857,8.3856
TRMT2A,8.3127,8.3339,8.4828,8.5829,8.4193,8.6458
TRMT2B,8.1251,7.982,8.23,7.9569,7.7632,7.7059
TRMT44,7.1328,7.0995,7.0165,7.0966,6.9474,7.0455
TRMT5,8.1379,8.141,8.0848,7.9631,7.9682,8.0052
TRMT6,8.284,8.3772,8.23,8.0233,8.0886,8.2019
TRMT61A,8.5186,8.6794,8.5514,8.6067,8.6238,8.461
TRMT61B,6.9257,7.1447,7.1375,6.8663,6.7199,6.8244
TRMT9B,5.8526,6.3093,6.0414,5.3269,5.6291,5.4042
TRMU,8.6769,8.6562,8.7009,8.4357,8.5418,8.5673
TRNAU1AP,7.4439,7.5991,7.6316,7.3988,7.3423,7.3568
TRNP1,11.4728,11.4495,11.5002,11.6415,11.4792,11.635
TRNT1,8.448,8.4329,8.3619,8.3301,8.3029,8.4272
TRO,9.4319,9.3052,9.3873,9.4004,9.2938,9.3928
TROAP,7.8002,7.7819,7.8597,4.9342,5.2525,4.9507
TRPA1,10.7968,10.8588,10.8765,14.0384,13.8704,14.1973
TRPC1,7.6101,7.7747,7.5332,7.4258,7.2909,7.4201
TRPC3,4.9781,4.7505,4.2989,5.4372,5.3225,5.5369
TRPC4,6.1353,5.8986,6.0975,6.9678,6.9585,6.8552
TRPC4AP,11.3258,11.3163,11.3236,11.2139,11.2492,11.0982
TRPC5,5.4187,5.0168,4.8712,3.0447,3.4107,3.0143
TRPC6,7.067,7.1447,6.8629,6.1916,6.7456,6.5254
TRPM2,8.0521,8.396,8.5878,8.2057,8.1036,8.1655
TRPM3,3.5242,2.6282,3.206,2.34,3.276,3.7856
TRPM4,9.2153,8.942,9.1335,9.3187,9.3784,9.4015
TRPM7,10.068,10.1185,10.0029,10.3627,10.2924,10.333
TRPS1,8.1883,8.2011,8.2508,8.7596,8.6547,8.8095
TRPT1,8.0108,7.9183,8.0661,8.1311,8.138,8.3355
TRPV1,3.5242,2,2,4.9342,5.1789,4.7898
TRPV2,10.3232,10.4789,10.5134,9.9534,9.8268,9.9731
TRPV3,4.0451,3.6702,3.6682,3.2195,2.9618,3.2797
TRPV4,6.3273,6.5126,6.7032,7.5039,7.4479,7.5132
TRRAP,11.0578,11.0938,11.0196,10.4298,10.3407,10.4138
TRUB1,8.8394,8.7469,8.828,8.9607,9.0053,8.9084
TRUB2,9.1309,9.1138,9.1884,9.0502,9.0265,9.1071
TSACC,3.6731,2.8627,3.3362,3.5161,3.9423,2.2678
TSBP1,3.6731,3.6702,3.7639,2.34,3.8505,3.5038
TSC1,10.0764,9.982,10.038,10.117,10.005,10.0451
TSC2,10.6004,10.661,10.6775,10.8046,10.8176,10.7799
TSC22D1,10.7282,10.7929,10.7832,11.16,11.0763,11.2122
TSC22D2,10.2435,10.1809,10.2957,10.0199,9.9229,9.9376
TSC22D3,7.6909,7.6704,7.593,8.5049,8.4626,8.6516
TSC22D4,9.9581,9.8737,9.9631,11.0282,10.8979,11.11
TSEN15,9.1049,9.0793,9.0219,7.8678,8.0375,7.772
TSEN2,6.6119,6.3676,6.739,6.1272,6.3015,6.2596
TSEN34,8.3846,8.0548,8.3696,8.6796,8.7936,4.9883
TSEN54,7.4018,7.0647,7.0453,6.8531,6.9911,7.1065
TSFM,8.284,8.3388,8.1832,8.0923,8.3287,8.1899
TSG101,9.938,9.8653,9.8627,10.3475,10.2968,10.2753
TSGA10,4.2487,3.7889,3.6682,4.3928,4.2603,4.6087
TSHZ1,8.6457,8.6045,8.8057,7.6637,7.8308,7.5946
TSHZ2,3.5242,3.2413,2.904,4.5318,3.9423,4.2856
TSHZ3,9.2863,9.4851,9.4888,9.227,9.3886,9.2021
TSKU,8.8667,8.8765,8.9901,8.5547,8.7875,8.6487
TSLP,7.0398,6.9923,6.6911,7.6018,8.0165,7.9155
TSN,10.3274,10.2981,10.2745,9.9946,9.9944,9.9207
TSNARE1,5.4603,5.2415,5.0336,6.3123,6.4496,6.2596
TSNAX,9.5058,9.4585,9.4498,9.8358,9.8178,9.8408
TSNAX-DISC1,3.1705,4.0956,3.7639,3.2195,3.5338,4.0921
TSNAXIP1,3.5242,3.7889,4.2989,3.6442,4.5791,4.5088
TSPAN10,6.7856,6.442,6.7271,6.8794,6.667,6.4056
TSPAN11,4.9781,4.4237,4.9947,7.6485,7.392,7.3568
TSPAN12,5.8835,5.5411,5.7691,7.2354,7.2909,7.5762
TSPAN13,8.2429,8.3819,8.2174,9.1828,9.1055,9.2161
TSPAN14,10.2346,10.3388,10.3146,10.762,10.643,10.7603
TSPAN17,10.3538,10.4689,10.4321,10.4164,10.4425,10.4812
TSPAN18,4.659,4.7505,4.9947,3.3754,3.8505,3.0143
TSPAN19,2,3.0644,2.2843,3.972,3.5338,3.0143
TSPAN2,4.8588,4.5634,3.938,4.6587,4.8401,4.7466
TSPAN3,11.4177,11.4342,11.4254,11.6061,11.5742,11.5745
TSPAN33,2.3925,2.348,4.4788,2.34,3.1274,3.8686
TSPAN4,11.1288,11.1138,11.2035,11.4199,11.3177,11.2853
TSPAN5,11.1709,11.1926,11.2712,11.1357,11.1371,11.1014
TSPAN6,9.0171,8.863,9.0363,10.1211,10.0612,10.0933
TSPAN9,9.9939,10.0666,10.0954,10.7353,10.7253,10.7718
TSPO,10.8958,11.0222,10.9609,10.7469,10.6785,10.6772
TSPOAP1,3.808,3.7889,4.0178,3.5161,4.33,2.8607
TSPYL1,11.1215,11.0199,11.1347,10.4187,10.3894,10.3841
TSPYL2,9.0171,8.9642,9.0553,8.9359,9.0602,9.0748
TSPYL5,9.2512,9.21,9.1991,9.3448,9.2784,9.3173
TSR1,10.5142,10.5687,10.497,10.1045,10.2266,10.14
TSR2,9.1532,9.0676,9.0194,9.0958,9.1687,9.055
TSR3,9.6294,9.649,9.7225,9.6968,9.5211,9.6042
TSSC4,9.0412,9.1613,9.1579,9.2448,9.2629,9.2435
TSSK2,4.427,2.8627,4.0178,2,2,2
TSSK3,2,3.0644,3.3362,4.1552,3.6473,3.2797
TSSK4,4.0451,4.863,4.0934,4.3179,4.33,3.7856
TSSK6,3.808,4.5634,4.2336,3.5161,3.4107,3.6977
TST,8.6592,8.7902,8.6297,8.8388,8.889,8.8095
TSTD2,8.1186,8.1957,8.1658,8.4357,8.3952,8.3856
TTBK1,2.3925,2.8627,3.6682,3.7619,3.1274,3.3961
TTBK2,8.2006,7.9441,7.9841,7.9194,8.0936,8.0724
TTC1,9.6018,9.6272,9.5251,9.3401,9.4641,9.4067
TTC12,6.4355,6.3093,6.254,5.5723,5.8348,5.3475
TTC13,8.2724,8.4822,8.5481,8.0524,8.1135,8.0811
TTC17,10.1209,10.1917,10.1495,10.3639,10.3141,10.3193
TTC19,8.779,8.846,8.8113,9.0328,9.108,9.09
TTC21A,5.8526,7.2926,7.5264,6.7712,6.1168,6.3775
TTC21B,8.0857,8.1129,8.0472,8.1582,8.0323,8.1365
TTC23,8.2249,8.1521,8.2466,8.5506,8.5887,8.5327
TTC26,6.8805,7.21,6.8844,6.2329,6.4019,6.5381
TTC27,8.4061,8.5255,8.4218,8.0233,8.1428,7.9587
TTC28,9.4757,9.5411,9.3929,8.5829,8.6273,8.5548
TTC3,13.0214,12.976,12.9528,12.4502,12.5887,12.3566
TTC30A,6.9839,6.5126,6.7507,7.0626,7.0947,7.0807
TTC30B,6.083,6.0957,5.9221,6.0131,6.0357,6.3633
TTC31,8.0385,7.8854,8.2258,8.0979,8.0582,8.1112
TTC32,4.7287,4.6908,4.8276,5.0773,4.887,4.9883
TTC33,7.4018,7.3613,7.3981,7.3896,7.5966,7.5638
TTC34,3.1705,2.6282,2,3.8708,3.4107,3.2797
TTC36,3.5242,3.3989,3.7639,3.2195,2.9618,3.5038
TTC37,11.6739,11.6001,11.6201,11.5136,11.6331,11.5578
TTC38,9.8151,9.742,9.8341,9.7314,9.719,9.7148
TTC39A,4.0451,3.8985,4.1652,3.972,3.7525,3.7856
TTC39B,7.9093,7.9313,7.8918,7.7799,8.0633,7.8809
TTC39C,8.0177,7.9695,8.0184,7.8938,7.8664,7.9008
TTC4,8.2956,8.4465,8.4863,8.1146,7.7632,7.9634
TTC5,8.324,8.534,8.5244,8.2057,8.2986,8.3282
TTC7A,8.6901,8.6755,8.7831,8.0055,8.0684,7.8809
TTC7B,9.2979,9.2901,9.3396,8.1953,8.0479,8.149
TTC9C,8.6636,8.58,8.4616,8.8587,8.6782,8.7963
TTF1,7.6734,7.7235,7.593,7.6936,7.6106,7.7449
TTF2,8.5087,8.3581,8.4328,7.2556,7.4479,7.3278
TTI1,8.4532,8.451,8.6857,7.9067,7.8839,7.8145
TTI2,7.3474,7.4084,7.3058,7.1941,7.4162,7.474
TTK,8.4838,8.5213,8.4544,5.2882,5.5728,5.4588
TTL,10.3621,10.4964,10.483,10.3369,10.3055,10.3303
TTLL1,7.1456,6.9547,6.895,6.9305,6.9694,6.845
TTLL10,2,2.8627,2.7255,3.0447,3.276,3.7856
TTLL11,6.8805,6.5126,6.957,5.5397,4.9766,5.5113
TTLL12,9.5546,9.5134,9.6144,9.5693,9.254,9.4359
TTLL3,7.2201,7.1447,7.368,7.5455,7.5316,7.4806
TTLL4,8.7666,8.6985,8.7888,8.7382,8.4626,8.709
TTLL5,8.5906,8.7542,8.7396,7.8744,7.7184,7.8145
TTLL7,8.9198,9.1613,8.95,9.3235,9.2495,9.377
TTN,7.6466,7.3991,7.4276,7.2354,7.5463,7.1486
TTPAL,9.5474,9.6011,9.5966,9.615,9.4834,9.5612
TTYH2,5.1907,4.8078,5.0714,3.3754,3.276,3.604
TTYH3,12.8421,12.7574,12.8521,13.6287,13.528,13.6257
TUB,8.716,8.7615,8.7337,6.3314,6.2485,5.9714
TUBA1A,13.9601,13.9519,13.9653,13.008,13.11,13.028
TUBA1B,14.8129,14.8676,14.9325,12.9173,13.0638,12.8495
TUBA1C,13.2,13.29,13.365,11.842,11.9502,11.7919
TUBA4A,8.1186,7.9505,7.9989,6.8397,6.9138,6.7166
TUBA8,4.8588,4.6285,3.938,4.9835,4.7413,4.5596
TUBB,11.4263,11.4325,11.4327,10.3892,10.3894,10.3806
TUBB2A,11.5288,11.5337,11.6352,9.8853,9.9795,9.7176
TUBB2B,8.4272,8.1577,8.1832,6.7852,6.9911,6.5879
TUBB3,11.9905,12.0415,12.1592,12.367,12.3058,12.3624
TUBB4B,12.6338,12.7084,12.7697,11.5687,11.4604,11.5389
TUBB6,12.8923,12.9545,13.0374,11.3623,11.5034,11.3225
TUBD1,5.5007,6.0249,5.7459,5.9649,5.6834,5.813
TUBE1,7.1957,7.2415,7.0165,6.8531,6.5109,6.5632
TUBG1,9.7263,9.805,9.9732,8.5133,8.5159,8.4677
TUBG2,7.256,7.3323,7.4056,6.639,6.8909,6.7498
TUBGCP2,10.766,10.7991,10.8569,10.4628,10.4207,10.4861
TUBGCP3,8.5333,8.6166,8.6734,8.3723,8.0684,8.2986
TUBGCP4,8.422,8.687,8.6233,8.1742,7.8428,8.1573
TUBGCP5,8.3684,8.4329,8.458,8.0466,8.2228,8.0898
TUBGCP6,9.2718,9.1696,9.1601,9.3867,9.4289,9.4795
TUFM,11.2011,11.2199,11.2502,11.3842,11.239,11.328
TUFT1,9.024,8.7579,8.9851,7.8678,8.2274,8.0941
TULP3,9.7827,9.5807,9.6335,9.4162,9.4149,9.3099
TULP4,9.1016,9.1993,9.1313,9.024,9.0343,9.0055
TUSC1,6.8651,7.1668,6.5236,7.4697,7.392,7.5946
TUSC2,8.5765,8.4329,8.6642,8.4836,8.5121,8.4677
TUSC3,11.1199,11.1258,11.1173,11.5314,11.4556,11.5009
TUT1,7.8401,7.8172,7.9181,8.0233,7.8487,7.9008
TUT4,8.9457,9.0647,8.9975,9.0328,9.1567,8.9777
TUT7,9.4552,9.6332,9.6555,10.495,10.4056,10.5129
TVP23A,3.9314,4.3484,4.2336,3.0447,4.3964,4.5088
TVP23B,10.0254,10.0295,10.1,9.9268,9.8328,9.917
TVP23C,7.1068,6.8898,7.1375,7.0041,6.9585,7.0002
TVP23C-CDRT4,7.5343,7.5745,7.345,7.074,7.2644,7.1235
TWF1,11.5921,11.6738,11.6505,11.113,11.1989,11.174
TWF2,10.2539,10.2524,10.3516,10.2539,10.2804,10.2571
TWIST1,7.7508,7.9248,7.9791,8.1953,8.3992,8.2911
TWIST2,8.2607,8.2329,8.3349,8.3861,8.2986,8.2099
TWNK,7.7839,7.4895,7.7236,7.5618,7.5092,7.4674
TWSG1,12.0573,12.0347,12.047,11.3854,11.4696,11.5021
TXLNA,11.2938,11.2889,11.3039,11.5432,11.5438,11.5745
TXLNB,3.808,2.8627,3.206,4.3179,3.5338,4.1595
TXLNG,8.5765,8.3339,8.4758,8.475,8.5564,8.6516
TXN,11.6662,11.6939,11.6133,12.0308,12.0286,12.1017
TXN2,9.9157,9.8987,9.9326,9.9284,9.9031,9.7898
TXNDC11,9.6248,9.5663,9.6679,8.9515,8.9649,8.7369
TXNDC12,9.9797,9.982,9.8815,10.0975,10.1481,10.1658
TXNDC15,10.2569,10.2639,10.1878,10.387,10.3658,10.3753
TXNDC16,5.5007,6.141,5.8585,4.6587,4.7915,5.1952
TXNDC17,9.5157,9.5971,9.5869,9.6498,9.6441,9.504
TXNDC5,13.1668,13.1085,13.173,12.5637,12.5809,12.4546
TXNDC9,9.5132,9.5971,9.5285,9.5531,9.5954,9.6207
TXNIP,10.765,10.5051,10.5254,10.8293,10.8914,10.7792
TXNL1,10.1561,10.1,10.064,9.6631,9.8025,9.7007
TXNL4A,9.9957,10.0534,10.038,9.9657,9.9073,9.986
TXNL4B,7.1328,7.2724,6.9771,7.3526,7.1821,7.2449
TXNRD1,13.4928,13.549,13.5084,13.3427,13.4355,13.4231
TXNRD2,8.6276,8.4192,8.5846,8.4793,8.2986,8.5391
TXNRD3,9.1721,9.0108,9.616,8.4533,8.5196,8.625
TYK2,10.0814,9.9134,10.1328,10.0477,9.9313,9.9472
TYMS,9.895,10.0143,10.1306,7.1623,7.4162,7.0002
TYRP1,5.7888,5.5745,5.5452,6.8794,6.8441,6.9344
TYSND1,7.4542,7.2622,7.3756,7.6176,7.5017,7.3993
TYW1,8.4008,8.3819,8.4687,8.5049,8.4313,8.2645
TYW1B,3.3581,3.6702,4.9136,4.5967,4.5208,3.604
TYW3,9.0378,9.1024,9.0506,9.2397,9.1471,9.3173
TYW5,7.1583,7.1777,7.1986,7.0626,6.9585,6.8854
U2AF1,8.8589,9.1531,8.9851,8.9546,9.1006,9.066
U2AF1L4,5.54,5.8986,5.792,5.5723,5.8819,5.611
U2AF1L5,9.6407,9.4982,9.4992,9.3114,9.0881,9.278
U2AF2,11.595,11.6362,11.6264,11.3791,11.3252,11.4056
U2SURP,10.2846,10.3192,10.3487,10.0764,10.214,10.1617
UACA,13.9962,13.909,13.9295,14.3528,14.455,14.3027
UAP1,11.2597,11.3667,11.3373,9.5934,9.7684,9.504
UAP1L1,8.1507,8.2064,8.3193,8.901,8.6029,8.8837
UBA1,13.2751,13.2314,13.3219,12.8497,12.8301,12.8215
UBA2,10.7357,10.7964,10.7588,10.4164,10.573,10.491
UBA3,9.7156,9.7142,9.6367,9.6479,9.7637,9.7603
UBA5,9.652,9.6352,9.6492,10.9659,11.0175,11.0551
UBA52,12.2467,12.27,12.202,12.1935,12.1712,12.1468
UBA6,10.2225,10.1298,10.1,10.3008,10.2705,10.2743
UBA7,7.9093,7.8449,7.9024,7.4869,7.6988,7.4806
UBAC1,8.8973,8.9705,9.0458,9.1372,9.0981,9.0282
UBAC2,9.2806,9.2775,9.4444,8.9912,8.9511,8.9589
UBALD1,8.567,8.5083,8.4758,8.8978,8.8861,9.077
UBAP1,9.8566,9.9457,9.8815,9.93,9.8742,9.9255
UBAP1L,4.659,4.1849,4.6387,4.7181,4.5208,4.9507
UBAP2,9.8663,9.8363,9.8063,9.2372,9.2383,9.1451
UBAP2L,11.8173,11.8124,11.8411,12.0691,11.9938,12.0045
UBASH3B,10.8642,10.8715,10.8481,11.403,11.3959,11.4601
UBB,13.5757,13.4989,13.5062,13.5985,13.5991,13.5725
UBC,14.645,14.6497,14.6816,14.6456,14.6854,14.6432
UBE2A,10.3033,10.2968,10.2725,10.4758,10.4434,10.4984
UBE2B,9.6896,9.6896,9.5521,10.3858,10.4046,10.3841
UBE2C,8.6725,8.9674,8.8716,5.8366,6.3856,5.9526
UBE2D1,8.39,8.2639,8.3847,9.8408,9.7747,9.9483
UBE2D2,10.3919,10.5073,10.4193,10.4276,10.4127,10.412
UBE2D3,12.201,12.19,12.1873,12.6876,12.6798,12.7297
UBE2D4,8.157,8.1466,8.2508,8.306,8.259,8.1979
UBE2E1,10.1529,10.2549,10.2479,10.4187,10.4066,10.4688
UBE2E2,8.3408,8.5298,8.3922,7.7445,8.0323,7.9728
UBE2E3,10.4993,10.6899,10.7131,11.3825,11.3395,11.4352
UBE2F,9.5831,9.6092,9.6367,8.6908,8.8976,8.8329
UBE2F-SCLY,3.5242,2,5.6238,2,2.9618,4.4015
UBE2G1,10.4106,10.4006,10.4284,10.4747,10.4227,10.5186
UBE2G2,10.309,10.3081,10.2592,10.0961,10.1885,10.1441
UBE2H,11.3837,11.4043,11.2989,11.9263,12.0158,11.9064
UBE2I,10.7154,10.7956,10.7508,10.9567,10.9624,10.9767
UBE2J1,10.6641,10.6707,10.7989,9.9221,10.0077,9.9364
UBE2J2,10.0115,10.0681,10.1517,10.4844,10.4581,10.5752
UBE2K,10.508,10.5933,10.451,10.1578,10.2266,10.2221
UBE2L3,11.0721,11.1322,11.1498,11.1137,11.0989,11.1468
UBE2L6,8.7289,8.5759,8.7484,7.9814,8.0986,7.9681
UBE2M,10.2657,10.2614,10.2448,10.0302,10.0701,9.9848
UBE2N,10.6371,10.6639,10.7138,10.3357,10.3864,10.3183
UBE2O,9.6609,9.6292,9.6648,9.3729,9.2062,9.2416
UBE2Q1,10.2598,10.2918,10.2375,10.9278,10.8334,10.9614
UBE2Q2,10.068,10.1424,10.0722,10.4453,10.4187,10.5113
UBE2Q2L,3.1705,3.2413,3.7639,3.5161,2.5596,3.3961
UBE2R2,10.696,10.8383,10.8337,10.9294,10.8755,10.9508
UBE2S,11.1424,11.2396,11.2507,10.7673,10.6533,10.7467
UBE2T,7.6193,7.8585,7.7531,6.0599,5.9718,6.0085
UBE2V1,11.8732,11.8716,11.7812,11.8623,11.8696,11.7946
UBE2V2,9.7496,9.999,9.8049,9.7041,9.7543,9.8279
UBE2W,8.779,8.8529,8.8956,9.1801,9.2108,9.2318
UBE2Z,11.4721,11.4763,11.5175,11.8004,11.8371,11.7916
UBE3A,10.8996,10.9642,11.0056,10.9651,10.9821,10.8851
UBE3B,10.1655,10.1,10.057,10.1712,9.9755,9.9895
UBE3C,11.5178,11.6138,11.5874,11.0637,11.0241,11.0334
UBE3D,5.7888,6.2484,6.2374,5.9649,6.2664,5.8542
UBE4A,11.0244,10.95,11.0092,11.0406,11.1358,11.1057
UBFD1,11.646,11.6016,11.6371,11.9113,11.9234,11.8594
UBIAD1,8.1945,8.3241,8.1961,7.9692,7.9845,7.9106
UBL3,10.3552,10.4521,10.4564,9.9642,9.9673,9.9364
UBL4A,9.1469,9.2648,9.1776,8.9453,8.9119,9.0878
UBL5,10.2012,10.1632,10.2292,10.4563,10.4726,10.3876
UBL7,9.1532,9.1641,9.1335,9.0415,9.0704,9.1534
UBLCP1,9.315,9.3803,9.2943,9.8308,9.9299,9.8253
UBN1,10.34,10.4533,10.3868,10.8276,10.7565,10.7892
UBN2,8.0521,7.8653,7.8434,8.4313,8.25,8.4135
UBOX5,7.5147,7.6858,7.5601,7.3712,7.5242,7.4674
UBP1,10.9052,10.8956,10.8399,11.097,11.1242,11.1494
UBQLN1,11.5524,11.5745,11.5943,11.4311,11.4725,11.4988
UBQLN4,9.925,9.8172,9.9313,10.0258,10.0064,10.0272
UBR1,10.1734,10.2118,10.2623,9.8918,9.8463,9.8485
UBR2,9.9544,9.9052,9.9001,9.6555,9.7092,9.6605
UBR3,10.4251,10.451,10.3516,10.296,10.2627,10.2319
UBR4,12.5735,12.5682,12.521,12.6147,12.541,12.527
UBR5,11.4778,11.3927,11.3775,11.6435,11.6599,11.6088
UBR7,8.2898,8.504,8.4828,7.3896,7.3254,7.4132
UBTD1,9.7369,9.8014,9.7388,10.3153,10.2859,10.3565
UBTD2,9.2364,9.2467,9.1711,9.024,9.0805,9.1471
UBTF,10.4905,10.4076,10.4528,10.3639,10.256,10.4163
UBXN1,9.7242,9.7216,9.7432,10.4276,10.2549,10.4007
UBXN11,6.9108,6.8219,6.8191,6.8923,6.9474,7.0807
UBXN2A,8.6681,8.7542,8.5648,9.2448,9.3068,9.2856
UBXN2B,8.0385,7.9313,7.8434,8.3109,8.1234,8.2911
UBXN4,11.1344,11.0477,11.0298,11.4104,11.5077,11.5377
UBXN6,10.8089,10.7615,10.8003,10.4243,10.4581,10.4172
UBXN7,10.0528,10.0725,9.9467,9.8966,9.8988,9.865
UBXN8,7.2677,7.3517,7.4349,7.5039,7.2909,7.5003
UCHL1,13.3799,13.2967,13.3446,13.2474,13.2412,13.2468
UCHL3,9.1179,9.111,9.0903,8.1795,8.3747,8.2218
UCHL5,8.9161,9.0229,8.9525,8.4964,8.5491,8.604
UCK1,8.7458,8.6522,8.8982,8.9265,8.9288,9.0055
UCK2,9.8969,10.031,10.0296,9.665,9.9591,9.8083
UCKL1,9.1277,8.6206,8.6008,9.5592,9.1852,9.7342
UCP2,6.2817,6.0957,5.983,3.5161,3.7525,3.7856
UCP3,2.7008,3.5409,3.5658,3.972,3.1274,3.5038
UEVLD,8.8744,8.9611,8.9702,8.6146,8.8151,8.7884
UFC1,9.9306,9.9329,9.8641,10.2209,10.136,10.1781
UFD1,10.1687,10.2588,10.2313,10.3357,10.2957,10.3797
UFL1,9.4056,9.2927,9.4078,8.9577,8.9785,8.8711
UFM1,10.8309,10.8723,10.7346,11.2427,11.2642,11.2033
UFSP1,4.7287,4.3484,4.2336,4.3928,4.6352,4.4561
UFSP2,8.716,8.6005,8.5003,8.0408,8.2228,7.9252
UGCG,11.2133,11.1892,11.1646,9.9503,10.0928,10.1019
UGDH,10.6394,10.7533,10.7566,10.8618,10.8229,10.8104
UGGT1,11.8814,11.897,11.805,11.4036,11.3984,11.362
UGGT2,10.0426,10.0113,10.026,10.1605,10.3761,10.3128
UGP2,10.4817,10.6316,10.5263,9.9642,10.0209,9.9696
UGT1A1,3.808,2.8627,2.904,3.5161,3.4107,3.2797
UGT2B11,3.808,3.8985,4.0178,3.5161,3.276,2.6888
UGT2B15,9.1752,9.1024,9.1797,9.1042,9.0981,9.0237
UGT3A1,3.6731,5.2415,4.0934,5.1654,3.6473,4.7021
UGT8,3.808,3.8985,3.3362,3.972,4.3964,3.5038
UHMK1,12.0243,12.1941,12.1029,12.73,12.748,12.7786
UHRF1,10.1402,10.2626,10.3516,8.4489,8.5344,8.5006
UHRF1BP1,8.8075,8.706,8.7278,6.639,6.4958,6.29
UHRF1BP1L,9.376,9.4829,9.5199,9.7242,9.7335,9.9134
UHRF2,9.6203,9.6032,9.6771,9.5814,9.574,9.4579
UIMC1,8.5812,8.6639,8.6073,9.0845,9.0653,9.1283
ULBP1,7.5727,7.7747,7.593,7.6787,7.5966,7.7666
ULBP2,7.5821,7.716,7.6442,8.0174,7.8839,7.9634
ULBP3,6.7014,7.0409,6.987,6.7139,6.6399,6.5126
ULK1,9.833,9.6011,9.8105,9.7169,9.7271,9.7342
ULK2,7.8322,7.8311,7.7472,8.2467,8.3244,8.2491
ULK3,7.8163,7.9313,7.8489,8.5465,8.578,8.6633
ULK4,5.7558,5.7009,5.6983,5.5397,5.8348,5.7487
UNC119,8.307,8.1741,8.2425,8.1742,8.0165,8.3608
UNC119B,9.9974,10.0504,10.1,9.7115,9.6441,9.6474
UNC13A,4.5086,3.7889,3.8536,5.6957,5.5142,5.7043
UNC13B,9.7929,9.6451,9.7837,9.4162,9.3701,9.4257
UNC13C,4.2487,3.7889,3.8536,4.3179,5.1013,4.5596
UNC13D,3.808,3.5409,3.3362,3.0447,3.4107,3.1531
UNC45A,10.8872,10.8874,10.9834,10.3835,10.3627,10.377
UNC5B,8.6457,8.5255,8.5003,10.2221,10.1943,10.1586
UNC5C,2.7008,2.8627,2.7255,3.972,3.4107,4.0214
UNC79,2.9547,3.3989,3.5658,3.5161,3.5338,3.8686
UNC80,5.54,5.3224,5.4903,5.7819,5.7611,5.3475
UNC93B1,7.9967,7.8032,8.0848,8.6107,8.6948,8.723
UNG,7.848,7.7675,8.0848,8.2618,8.3201,8.3996
UNK,8.1696,8.2381,8.0708,8.3723,8.3073,8.4409
UNKL,8.2128,8.2485,8.3271,9.1722,9.0855,9.1861
UPB1,4.0451,3.7889,3.938,3.7619,3.7525,3.5038
UPF1,11.0779,11.0206,11.0824,11.166,11.0036,11.1669
UPF2,9.8311,9.7548,9.7402,9.7688,9.7527,9.7684
UPF3A,9.4449,9.5348,9.5836,9.7863,9.7856,9.9388
UPF3B,7.8942,7.9118,7.7762,8.0867,8.181,8.1899
UPK1B,4.0451,4.3484,4.2336,5.122,4.4599,4.7898
UPK3BL1,6.3932,6.3484,6.1692,7.2045,7.0746,7.268
UPP1,7.7757,7.9757,7.9387,8.5789,8.5196,8.6835
UQCC1,9.0549,9.218,9.0553,9.1669,9.2337,9.1029
UQCC2,8.6184,8.504,8.3771,7.7868,7.8127,7.7059
UQCC3,7.4439,7.3613,7.4422,7.0395,6.7199,7.0807
UQCR11,9.912,9.7566,9.8505,9.903,9.9383,9.9011
UQCRB,10.7978,10.7813,10.7026,10.8659,10.7924,10.7886
UQCRC1,11.3405,11.3206,11.3614,11.2961,11.2418,11.3317
UQCRC2,10.9902,10.9674,10.9846,10.5214,10.5961,10.5032
UQCRFS1,10.2861,10.3315,10.383,10.4243,10.3792,10.482
UQCRH,10.7886,10.6803,10.6472,10.65,10.5988,10.5675
UQCRHL,2.7008,3.7889,3.3362,3.0447,2.9618,3.0143
UQCRQ,9.9157,9.7675,9.7979,9.869,9.8786,9.8675
URB1,10.4172,10.5298,10.4564,10.5109,10.4784,10.4959
URB2,8.4272,8.4866,8.5278,8.2767,8.3911,8.3171
URGCP,9.315,9.2389,9.4023,9.2573,9.2314,9.2799
URI1,9.9361,9.9361,9.9014,9.6574,9.6878,9.6922
URM1,9.7306,9.7402,9.7549,9.8104,9.8771,9.9543
UROD,9.9779,9.9393,10.0404,10.2451,10.1767,10.1115
UROS,9.7807,9.819,9.7269,9.5734,9.5285,9.6356
USB1,10.2361,10.1298,10.2239,10.5431,10.4687,10.6058
USE1,7.7592,7.3803,7.4349,7.4346,7.4001,7.6007
USF1,8.6412,8.6166,8.6517,9.1014,9.1302,9.184
USF2,9.8836,9.8466,9.86,10.6443,10.5357,10.6088
USF3,8.2607,8.1072,8.1123,8.2816,8.259,8.2297
USHBP1,2.3925,3.2413,3.206,4.7753,4.1101,4.0214
USO1,11.8431,11.7402,11.7181,11.1607,11.1491,11.1327
USP1,8.8235,9.2851,9.1513,7.8075,8.1283,7.8659
USP10,10.4843,10.5425,10.5732,10.0477,9.9849,10.089
USP11,10.2686,10.2118,10.2038,10.6595,10.6241,10.602
USP12,9.9026,10.0082,9.9881,9.6306,9.8298,9.8763
USP13,9.1752,9.2927,9.2963,7.8874,8.0427,8.0098
USP14,11.1864,11.1627,11.1864,10.8046,10.8115,10.7899
USP15,9.9671,9.9151,9.9568,9.5834,9.7902,9.8057
USP16,9.6407,9.6839,9.7607,9.5387,9.6182,9.5612
USP17L27,5.7558,3.3989,2,5.1654,2,2.2678
USP18,7.7083,7.7457,7.7177,9.2523,9.1423,9.3118
USP19,9.6787,9.5889,9.5555,9.8869,9.9016,9.9813
USP2,4.0451,4.2689,4.2989,3.5161,4.1101,2.6888
USP20,9.0717,8.9705,9.0387,8.9138,8.9316,8.8585
USP21,7.8713,7.591,7.7236,6.8663,6.7709,6.9247
USP22,12.4071,12.4827,12.4765,12.029,12.0191,12.0281
USP24,10.7218,10.5913,10.5039,10.3321,10.3438,10.2838
USP25,9.3976,9.3175,9.3454,9.2773,9.3261,9.2761
USP28,8.1696,8.1185,8.0233,6.7285,6.8441,6.6941
USP3,8.5333,8.4192,8.4793,8.5258,8.6376,8.5919
USP30,7.4746,7.3323,7.3604,7.2045,7.3591,7.2603
USP31,7.8322,7.6312,7.5995,7.016,6.9585,7.1486
USP32,10.1592,10.185,10.2458,9.9363,9.9782,9.8962
USP33,9.9398,9.9216,9.8882,10.4431,10.4167,10.4588
USP34,11.5029,11.4096,11.3339,10.8444,11.0404,10.8913
USP35,7.8002,8.0607,7.9791,7.7302,7.8605,7.8455
USP36,10.1078,10.0548,10.1813,9.9626,9.9355,9.94
USP37,8.1186,8.4192,8.0661,9.3589,9.2269,9.5392
USP38,9.4345,9.385,9.3627,9.5714,9.6611,9.6663
USP39,9.8644,9.8294,9.8478,9.6033,9.6978,9.7548
USP4,9.8759,9.92,9.9732,9.5408,9.5248,9.5024
USP40,9.5449,9.522,9.5182,9.1722,9.3175,9.1595
USP41,3.808,4.0956,3.206,4.7753,4.8401,4.8317
USP42,8.0453,8.1014,7.9891,8.1035,8.1998,8.1197
USP44,9.1373,8.8865,8.8743,7.0511,7.1146,6.9247
USP45,7.5821,7.789,7.7531,8.2161,8.2679,8.2683
USP46,10.1655,10.2237,10.1395,11.6021,11.5724,11.6898
USP47,11.0796,11.1159,11.0489,10.9751,11.1413,11.0233
USP48,10.2495,10.269,10.2603,10.1871,10.2152,10.1596
USP49,6.7691,6.7505,6.8629,7.0395,6.7833,7.0094
USP5,11.1646,11.1237,11.2351,10.9144,10.8835,10.8581
USP51,4.427,5.1109,4.4788,4.8831,3.9423,4.6561
USP53,9.4475,9.4061,9.4623,8.5383,8.7467,8.6749
USP54,7.3138,7.3027,7.3372,7.5373,7.3082,7.364
USP6,6.2345,6.5467,6.0791,6.3314,6.5696,6.3344
USP6NL,8.5574,8.5718,8.5003,8.0233,7.9845,8.0503
USP7,10.9515,10.9516,10.9741,10.6914,10.7761,10.7378
USP8,10.0562,10.0637,9.9869,10.039,10.0916,10.2042
USP9X,11.8728,11.8821,11.7337,11.9013,11.9262,11.8779
USPL1,8.1945,8.0841,7.9691,8.4357,8.4509,8.625
UST,9.266,9.1886,9.2246,9.3282,9.3701,9.4015
UTP11,9.1147,9.1531,9.129,9.0151,9.1399,9.1595
UTP14A,8.7331,8.7173,8.6328,8.7274,8.6376,8.7777
UTP14C,9.76,9.6819,9.537,9.0328,9.008,8.8509
UTP15,8.0247,8.0783,8.0708,8.1953,7.9351,8.1239
UTP18,8.9383,9.088,8.9851,9.2397,9.2039,9.2969
UTP20,9.7092,9.8821,9.6398,9.3981,9.3639,9.3858
UTP23,8.1379,8.0128,8.1702,7.6097,7.6384,7.7558
UTP25,9.0447,9.0046,8.9576,10.1752,10.1115,10.1932
UTP3,9.6809,9.6896,9.6833,9.7547,9.7511,9.7356
UTP4,9.4475,9.6529,9.5754,9.1695,8.9511,9.0214
UTP6,9.5878,9.6646,9.577,9.4516,9.508,9.3998
UTRN,10.8159,10.7579,10.7617,9.9378,10.1708,9.8408
UTS2B,5.54,5.2825,4.9547,5.1654,5.2879,5.3761
UVRAG,8.231,8.2741,8.3153,8.5175,8.5121,8.6806
UVSSA,6.8957,7.1777,6.8629,7.0966,7.3423,7.2756
UXS1,10.068,9.9584,10.0558,10.1362,10.0966,10.1493
UXT,8.9493,8.9324,8.9269,8.917,9.0133,8.9133
VAC14,9.3705,9.413,9.5571,9.8591,9.7463,9.8825
VAMP1,6.7356,6.6908,6.7507,6.5103,6.4806,6.6478
VAMP2,9.2777,9.3101,9.3102,9.6345,9.7511,9.6267
VAMP3,11.2277,11.3126,11.2687,10.6211,10.604,10.569
VAMP4,7.9537,8.0489,7.9438,8.5175,8.7688,8.6633
VAMP5,8.2189,8.0489,8.052,6.9921,7.4635,7.1814
VAMP7,10.1997,10.2767,10.3156,10.0578,10.1838,10.142
VANGL1,8.9746,8.9892,9.0553,7.8075,7.7249,7.6775
VANGL2,6.7525,7.0168,6.8302,7.6018,7.8664,7.8455
VAPA,10.8279,10.8571,10.8108,11.042,11.0076,11.1602
VAPB,10.1702,10.2678,10.2134,9.9394,9.9795,9.9743
VARS1,7.3363,8.5676,8.4071,7.0966,7.0644,6.2127
VARS2,7.6645,7.3126,7.7117,5.9649,6.8677,5.7043
VASH1,9.5995,9.5683,9.5571,9.9062,9.7399,9.8109
VASH2,5.9724,5.3224,5.8585,7.7302,7.7119,7.8455
VASN,10.5946,10.4065,10.588,11.8039,11.6253,11.8107
VASP,11.3749,11.4889,11.5273,11.1911,11.2384,11.1907
VAT1,12.2706,12.261,12.3213,13.0096,12.89,13.0132
VAT1L,10.1062,10.037,9.9441,10.479,10.4066,10.4729
VAV3,4.3406,4.3484,3.4556,3.2195,3.276,3.3961
VAX2,4.1505,4.2689,4.7363,4.9342,4.6352,4.8725
VBP1,9.7005,9.7873,9.7922,9.6092,9.5989,9.7176
VCAM1,9.6765,9.385,9.2557,7.2952,7.9845,7.3351
VCAN,13.1962,13.049,13.0125,14.381,14.3417,14.3616
VCL,14.1691,14.2062,14.2492,13.173,13.3593,13.191
VCPIP1,9.376,9.2724,9.2863,9.4948,9.3175,9.4067
VCPKMT,6.6484,6.6755,6.3649,6.8531,7.0644,6.8552
VDAC1,12.3714,12.3503,12.3432,11.9948,11.9824,11.9454
VDAC2,11.7201,11.7411,11.6868,11.7173,11.7329,11.7138
VDAC3,10.2301,10.2843,10.2735,9.895,9.9016,9.9085
VDR,8.7289,8.5718,8.7129,7.4078,7.6588,7.4269
VEGFA,10.1827,10.0841,10.0356,10.514,10.4117,10.4563
VEGFB,9.3093,9.4314,9.4226,9.5993,9.4169,9.4444
VEGFC,10.577,10.661,10.7116,10.856,10.7839,10.9883
VEPH1,8.9995,8.942,9.0363,7.4783,7.679,7.4405
VEZF1,9.8191,9.9118,9.9505,9.2698,9.152,9.2141
VEZT,10.4106,10.2652,10.365,10.0243,10.1015,10.1104
VGF,5.3759,4.7505,5.4621,6.7712,6.0564,7.1814
VGLL3,10.935,11.0499,10.9335,9.3354,9.4525,9.2856
VGLL4,9.0344,9.0168,9.0741,9.1881,9.0238,8.98
VHL,9.295,9.0967,9.0671,10.1765,10.104,10.2072
VILL,5.7888,5.5411,5.5718,5.1654,5.4839,4.8725
VIM,16.4686,16.4755,16.5435,15.5573,15.5914,15.5313
VIPAS39,8.6725,8.6717,8.7601,8.5949,8.6581,8.6369
VIRMA,10.5957,10.5903,10.5658,10.0891,10.125,10.0628
VKORC1,10.6189,10.5841,10.579,10.6868,10.6482,10.6357
VKORC1L1,10.3852,10.5137,10.4447,9.8138,9.864,9.7938
VLDLR,8.3954,8.3724,8.4863,6.2532,6.7068,6.1806
VMA21,9.3949,9.4982,9.4004,9.9885,9.9271,9.9543
VMAC,5.3759,5.6072,5.5718,5.6957,5.3225,5.5369
VMP1,11.0501,11.0176,10.9069,11.4115,11.4453,11.458
VN1R1,3.6731,3.7889,3.7639,4.5967,5.2161,4.7021
VNN3,3.6731,3.8985,3.8536,3.5161,3.276,2.6888
VOPP1,11.4683,11.6082,11.5514,11.5437,11.588,11.5362
VPS11,8.1121,7.982,8.0986,8.2366,8.1621,8.2835
VPS13A,10.2861,10.0899,10.1418,9.7724,9.9494,9.8292
VPS13B,10.0596,10.1944,9.9556,10.8284,10.9107,10.8175
VPS13C,10.245,10.1836,10.0078,10.994,11.0247,10.8638
VPS13D,10.0848,10.2342,9.8961,10.4747,10.3874,10.3248
VPS16,9.2747,9.2545,9.3102,9.2063,9.0238,9.0856
VPS18,9.8191,9.897,9.921,10.5836,10.3575,10.5401
VPS25,9.4629,9.3897,9.5062,9.2871,9.2872,9.3173
VPS26A,10.0289,9.9679,10.0404,10.4779,10.462,10.5337
VPS26B,10.3062,10.2703,10.3622,10.1988,10.1802,10.0462
VPS26C,9.6203,9.7085,9.6303,9.1153,9.2085,9.1981
VPS28,9.694,9.6626,9.6741,9.6688,9.6812,9.6678
VPS29,9.8429,9.8687,9.795,8.7946,8.7906,8.6749
VPS33A,9.1846,9.142,9.1601,9.3844,9.3451,9.5408
VPS33B,7.8636,7.8311,8.0038,7.6018,7.6036,7.7003
VPS35,11.2201,11.268,11.2362,11.5478,11.5562,11.5214
VPS35L,10.0494,10.0264,10.0332,9.4139,9.4929,9.5705
VPS36,8.8782,8.8765,8.7484,8.7702,8.854,8.7723
VPS37A,9.8191,9.8137,9.7534,10.1538,10.2459,10.2062
VPS37B,9.8291,9.7457,9.8802,10.2984,10.2515,10.385
VPS37C,8.6636,8.8288,8.7543,8.7418,8.6682,8.6428
VPS37D,6.0562,6.2276,6.1338,6.1704,6.5406,5.9901
VPS39,10.6596,10.5614,10.6051,9.9189,9.8829,9.8536
VPS41,10.1734,10.0914,10.1114,10.746,10.7485,10.7617
VPS45,9.0684,9.1081,9.053,9.118,9.2016,9.0237
VPS4A,10.5829,10.5974,10.6322,10.2726,10.2881,10.3026
VPS4B,9.9471,9.8483,9.8829,10.4865,10.461,10.4902
VPS50,8.4061,8.4733,8.2466,7.932,7.8368,7.5576
VPS51,9.8131,9.7675,9.7765,9.7915,9.7415,9.8713
VPS52,7.1199,6.5964,6.9771,6.8531,6.5258,6.9439
VPS53,10.5326,10.579,10.6211,10.2196,10.1613,10.0965
VPS54,9.0616,9.0995,9.0718,7.9131,8.1234,8.1407
VPS72,8.8744,8.9674,8.9576,9.1014,8.9676,8.9963
VPS8,9.5328,9.5155,9.4335,9.8257,9.7255,9.8675
VPS9D1,8.6092,8.6005,8.6611,8.0639,8.1525,8.2139
VRK1,7.7424,7.6626,7.7355,7.016,6.8677,6.8244
VRK2,8.3352,8.2171,8.3996,8.7807,8.8687,8.8043
VRK3,8.6547,8.5083,8.4898,8.8587,8.7403,8.9059
VSIG10,7.6645,7.8854,7.8434,7.1078,7.4162,7.4269
VSIG10L,4.427,5.3224,4.9136,6.3123,5.9276,6.2748
VSIR,7.7839,7.2724,7.6567,6.2124,6.2664,6.0266
VSNL1,3.5242,4.1849,3.0629,3.6442,3.1274,3.2797
VSTM2L,4.659,4.0956,4.4213,3.6442,3.276,3.2797
VTA1,10.2583,10.2639,10.2281,9.8408,9.9383,9.8382
VTI1A,8.9566,9.0469,8.9217,8.917,8.94,8.923
VTI1B,10.9515,10.9299,10.9108,10.4541,10.4658,10.4016
VTN,3.5242,4.1849,3.206,3.5161,3.7525,3.947
VWA1,7.0535,6.6126,6.6789,6.9921,6.9363,6.9247
VWA5A,6.3932,6.442,6.3649,10.8577,10.543,10.9036
VWA8,9.065,8.8832,8.95,8.9821,8.889,8.8278
VWCE,4.5858,4.6908,4.6387,6.6844,6.5109,6.8035
VXN,8.6276,7.6548,9.7461,6.8794,8.0375,7.9914
WAC,10.8059,10.884,10.8624,10.7638,10.7823,10.7671
WAPL,10.2947,10.3521,10.3146,10.2788,10.2594,10.2358
WARS1,12.0068,11.9477,11.8863,11.3985,11.4453,11.3624
WARS2,7.3585,7.2519,7.5127,7.1836,7.2555,7.474
WASF1,8.2724,8.1354,8.2549,8.0867,8.1716,8.2835
WASF2,11.3878,11.3791,11.3893,11.0333,10.9848,10.8813
WASF3,9.0344,9.142,9.0553,9.4094,9.6217,9.4376
WASH9P,7.9682,8.2223,8.1303,7.932,7.7569,7.9634
WASHC1,7.8163,7.5745,7.6996,7.6712,7.6384,7.2982
WASHC2A,10.2316,10.34,10.3126,10.5985,10.5872,10.657
WASHC2C,10.251,10.1604,10.1671,10.5746,10.6049,10.4241
WASHC3,7.9537,8.141,8.0281,6.0599,6.0768,6.0798
WASHC4,10.4993,10.518,10.5229,10.8343,10.8431,10.9183
WASHC5,10.3203,10.3712,10.3679,9.7404,9.8858,9.7035
WASL,9.6676,9.6704,9.8133,10.3881,10.3269,10.4163
WBP1,8.9198,8.983,8.9398,9.5367,9.5285,9.5169
WBP11,10.2286,10.1863,10.3166,10.147,10.1978,10.1638
WBP1L,9.839,9.7603,9.8735,9.941,9.7871,9.9376
WBP2,10.1874,10.0385,10.1845,11.1997,11.0142,11.0858
WBP2NL,3.6731,3.6702,3.7639,2.8457,3.8505,3.6977
WBP4,8.6857,8.7322,8.6073,8.8321,8.7936,8.8069
WDCP,8.0177,7.8242,8.0184,7.9003,7.9182,7.8659
WDFY1,10.6518,10.7687,10.5741,10.9112,10.8733,11.0312
WDHD1,8.1379,8.1577,8.2383,6.4934,6.8201,6.9052
WDPCP,8.3013,8.3241,8.0894,9.0121,8.7371,8.5735
WDR1,13.8567,13.8741,13.9223,12.8724,12.9083,12.8487
WDR11,9.925,10.0234,9.9248,10.1348,10.247,10.1658
WDR12,8.9309,8.9388,9.0315,9.4026,9.3472,9.3946
WDR13,9.4757,9.4982,9.4152,9.6574,9.6095,9.6979
WDR17,3.1705,4.0956,3.938,3.8708,4.33,4.0921
WDR18,9.2718,9.128,9.1862,8.7525,8.9062,8.7615
WDR19,7.9609,7.9248,8.0425,8.8219,8.7875,8.8069
WDR20,9.0751,9.1167,9.1335,8.8554,9.0133,8.861
WDR24,8.1121,7.7309,8.0708,8.5587,8.4233,8.4169
WDR25,7.5632,7.4807,7.2491,7.4258,7.7119,7.6068
WDR26,11.541,11.5792,11.5808,11.8933,11.9325,11.9647
WDR27,6.3932,6.6126,6.6033,7.1836,7.3756,7.098
WDR3,9.6831,9.7402,9.6817,9.7776,9.8669,9.7684
WDR31,4.7952,5.4718,4.9947,5.0773,5.3562,5.1952
WDR33,9.8969,9.9102,9.9106,9.941,9.9243,9.9778
WDR35,7.4746,7.5241,7.6691,8.6646,8.7593,8.7506
WDR36,10.3302,10.3376,10.2427,10.9278,10.9902,10.946
WDR37,9.3868,9.4222,9.3665,10.3404,10.3459,10.4025
WDR4,8.0589,7.9568,8.2047,7.7658,7.9627,7.804
WDR41,9.8624,9.8551,9.8049,9.726,9.7415,9.7231
WDR43,10.215,10.2407,10.2355,10.082,10.0612,10.054
WDR44,9.266,9.1913,9.1776,9.0703,9.1969,9.1575
WDR45,8.8935,8.6985,8.7513,9.4884,9.3845,9.5736
WDR45B,10.5817,10.6454,10.6828,10.7117,10.7525,10.7508
WDR46,3.3581,3.6702,3.938,3.972,3.6473,3.7856
WDR47,9.0884,9.1138,9.0834,9.8608,9.7335,9.7791
WDR48,9.1049,9.0735,9.0243,9.3401,9.5155,9.424
WDR5,9.3949,9.5828,9.5754,9.1069,9.1006,9.0943
WDR53,6.4355,6.903,6.6416,6.6844,6.4019,6.5507
WDR54,7.3585,7.5326,7.4349,7.6408,7.4557,7.4201
WDR55,9.2092,9.3027,9.2762,9.3542,9.3154,9.3411
WDR59,8.9048,8.8114,8.8823,8.9972,8.9649,9.0416
WDR6,11.1559,11.088,11.1464,11.274,11.2559,11.2407
WDR61,9.0983,9.0705,8.9651,8.9638,9.0343,8.9206
WDR62,8.099,8.1298,8.1123,5.6658,5.7097,5.7919
WDR7,9.0983,8.9768,8.9975,8.7382,8.5744,8.6487
WDR70,8.3352,8.5593,8.5072,8.5424,8.5491,8.3171
WDR73,8.5717,8.5425,8.3884,9.0002,8.7562,9.0616
WDR74,8.2548,8.3339,8.3427,8.2416,8.1086,8.3821
WDR75,9.0983,9.0851,9.1109,9.0502,9.0343,8.9133
WDR76,7.3585,7.3323,7.3372,4.9835,5.4839,4.7466
WDR77,9.7475,9.6915,9.8587,9.2822,9.152,9.178
WDR81,9.0917,9.038,9.06,9.8121,9.5901,9.7951
WDR82,11.062,11.1244,11.1342,11.0274,11.0228,11.0283
WDR83,8.0657,9.0108,8.6008,8.2366,7.9238,9.1262
WDR88,3.9314,4.4952,3.938,3.972,3.1274,3.7856
WDR89,7.4645,7.454,7.9129,7.4869,9.2762,8.3282
WDR90,7.0261,7.3323,7.3527,7.7302,7.5316,7.6832
WDR91,7.4746,7.4718,7.4565,7.2656,7.3082,7.1235
WDR92,8.0724,8.0067,7.8434,8.1201,7.9736,8.1655
WDR97,3.9314,3.2413,3.8536,3.3754,3.4107,3.1531
WDSUB1,6.4355,6.0957,6.3184,6.2532,5.9718,6.1968
WDTC1,10.008,9.9393,9.9441,8.9546,9.0627,9.0372
WEE1,8.6901,8.5551,8.7513,9.3282,9.4564,9.4461
WFDC1,8.5382,8.5383,8.6137,8.1146,8.354,8.2911
WFDC3,3.5242,4.0956,3.938,3.3754,2.9618,3.0143
WFIKKN1,2.9547,2.348,3.206,4.1552,3.276,3.947
WFS1,10.7733,10.7938,10.8385,10.8157,10.91,10.8299
WHAMM,7.8243,7.6626,7.6936,7.6712,7.7632,7.7003
WHRN,5.8835,5.9757,5.792,7.1078,7.1342,7.1651
WIPF1,9.0784,9.1251,8.9626,8.1848,8.4392,8.375
WIPF2,9.9007,10.0563,10.1046,9.5572,9.7543,9.719
WIPI1,10.4627,10.4644,10.4054,9.6931,9.6577,9.7466
WIPI2,10.5142,10.46,10.4357,10.9735,10.905,10.943
WIZ,10.5687,10.5277,10.6973,10.7891,10.7901,10.7919
WLS,12.7547,12.7638,12.7754,14.4718,14.2672,14.5434
WNK1,11.7414,11.829,11.573,10.6385,10.563,10.4828
WNK2,2,3.0644,2.7255,4.2388,4.887,3.604
WNK3,5.1404,5.399,5.4039,5.3646,5.3562,4.6561
WNK4,8.5478,8.4053,8.5244,7.4783,7.7506,7.4062
WNT16,6.7014,6.5126,6.895,9.3844,9.0447,9.3627
WNT2,5.4603,4.9673,5.5452,3.6442,3.9423,3.3961
WNT2B,4.659,4.6908,4.2336,4.5318,4.5791,4.6561
WNT3,2,4.6908,2.2843,3.7619,2,2
WNT5A,13.3807,13.3973,13.3634,14.1116,14.1267,14.1704
WNT5B,11.0721,11.1565,11.1701,10.1699,10.2278,10.174
WNT7B,4.3406,4.0956,4.1652,5.8632,5.4839,5.6349
WNT9A,4.9197,4.4952,4.7827,5.2075,4.9766,4.7021
WRAP53,7.5048,7.6548,7.7057,7.5207,7.4635,7.4937
WRAP73,7.6822,7.5411,7.6442,7.7302,7.5824,7.93
WRN,8.3463,8.0899,8.2713,8.3861,8.5673,8.3023
WRNIP1,9.7327,9.5683,9.6287,10.3392,10.1779,10.2562
WSB1,10.0289,9.9297,9.939,9.9205,10.0327,9.8395
WSB2,11.4197,11.5422,11.5643,10.1975,10.2683,10.2743
WSCD1,6.1094,6.2064,6.4099,6.2532,5.9049,6.1478
WTAP,9.895,9.9329,9.8921,9.7529,9.7447,9.7858
WTIP,9.1501,8.9452,9.0995,9.2115,9.1663,9.18
WWC1,7.6909,7.7085,7.9129,6.2732,6.2304,5.9714
WWC2,10.7068,10.7303,10.5839,10.0849,10.1625,10.1347
WWC3,10.0115,9.9928,10.0102,9.8206,9.719,9.851
WWOX,5.4603,5.1109,5.3119,5.6353,5.5438,5.8744
WWP1,9.3319,9.3756,9.3474,9.3935,9.3866,9.332
WWP2,9.2892,9.0735,9.2034,9.5033,9.3927,9.4795
WWTR1,11.4276,11.5579,11.4976,11.4471,11.5805,11.5891
XAB2,9.3263,9.378,9.324,9.2573,9.245,9.3099
XAF1,5.8835,6.0249,5.963,5.7819,5.9934,5.5113
XBP1,11.0218,11.0206,10.9828,9.3542,9.3218,9.1157
XDH,6.2817,6.0489,5.8367,5.0773,4.887,4.7021
XIAP,10.0409,10.1368,10.0734,10.7761,10.8386,10.8894
XIRP2,4.7287,4.3484,4.2989,4.7181,5.0609,4.4561
XKR5,4.7952,4.4237,4.7827,3.5161,4.1872,3.947
XKR6,4.659,5.0168,5.4903,5.122,5.4839,5.5113
XKR8,8.0108,8.1242,8.1789,8.5949,8.4971,8.4743
XKR9,3.808,4.0004,4.0178,4.0665,3.276,4.3447
XKRX,3.808,3.2413,4.1652,5.725,5.2879,5.5369
XPA,6.6484,6.7795,6.9671,6.1051,6.4339,6.2285
XPC,9.7092,9.5091,9.5983,9.7332,9.8162,9.685
XPNPEP1,10.488,10.5319,10.4769,10.5161,10.5096,10.5337
XPNPEP3,8.4685,8.3043,8.3734,8.687,8.6134,8.7561
XPO1,11.7164,11.7859,11.8266,10.6162,10.7628,10.7405
XPO4,9.5377,9.5262,9.5654,9.1263,9.254,9.1881
XPO5,10.0237,9.9742,10.0392,9.6986,9.508,9.6649
XPO7,10.7399,10.7173,10.7761,9.2321,9.236,9.1409
XPOT,11.8293,11.7249,11.7933,10.9489,11.0214,10.9092
XPR1,10.1127,10.0666,10.1261,9.9976,10.1028,10.0683
XRCC1,8.6457,8.687,8.7659,8.8719,8.708,8.7588
XRCC2,6.6484,6.9291,7.0921,5.6957,5.7861,5.7487
XRCC3,6.9257,7.2622,7.0642,6.4763,6.6122,6.2441
XRCC4,7.5343,7.5069,7.4989,7.6712,7.782,7.268
XRCC5,12.4856,12.5263,12.5376,12.5997,12.5735,12.6115
XRCC6,12.5557,12.5731,12.551,11.9922,12.0319,12.0289
XRN1,9.8211,9.7783,9.6477,10.4164,10.4965,10.4335
XRN2,10.999,10.9776,10.9759,11.301,11.3939,11.4352
XRRA1,7.1456,7.111,7.0736,6.3314,6.4652,6.3049
XXYLT1,9.2153,9.0793,9.12,9.2448,9.2894,9.3538
XYLB,6.2345,6.1185,6.3495,5.6957,6.0147,5.6584
XYLT1,11.0896,11.3323,11.2178,9.3425,9.5866,9.2416
XYLT2,10.4981,10.4633,10.5271,10.6143,10.4851,10.6215
YAE1,7.3363,7.4359,7.4779,7.2045,7.1535,7.1486
YAF2,7.9093,7.9118,7.6567,7.0626,7.3254,7.2756
YAP1,12.1895,12.263,12.2503,12.2211,12.2841,12.2488
YARS1,11.7545,11.7553,11.7039,10.754,10.8689,10.6979
YARS2,8.2189,8.3142,8.3153,8.3537,8.3788,8.3318
YBEY,7.1709,6.7505,6.739,7.0966,7.1631,6.9629
YBX1,13.6903,13.6533,13.6328,13.3067,13.2703,13.2966
YBX2,3.1705,3.0644,3.0629,3.5161,4.1101,3.7856
YBX3,11.3454,11.3583,11.3775,10.4725,10.5685,10.4738
YDJC,7.9754,7.6858,7.7296,7.6176,7.4162,7.5003
YEATS2,10.3703,10.2729,10.2469,10.2362,10.1732,10.2772
YEATS4,6.6303,6.9161,6.6416,6.2532,6.4019,6.3197
YES1,10.3497,10.3461,10.3707,10.5161,10.4831,10.6475
YIF1A,10.3019,10.2224,10.25,10.3333,10.2771,10.1962
YIF1B,9.9101,9.8687,9.9326,9.4516,9.5266,9.3302
YIPF1,8.5765,8.5593,8.3658,8.8354,8.7936,8.7857
YIPF2,9.8874,9.8854,10.0053,10.2923,10.2129,10.2191
YIPF3,11.3117,11.2403,11.3256,12.1641,12.0481,12.1079
YIPF4,9.895,10.0325,9.9106,10.465,10.4395,10.5121
YIPF5,11.1849,11.1074,11.1314,11.1095,11.2058,11.1689
YIPF6,9.6542,9.649,9.6694,9.6968,9.6182,9.7231
YJEFN3,4.659,3.3989,4.2989,4.3179,4.6892,4.5088
YJU2,7.6285,7.3323,7.4989,7.074,7.2375,7.4937
YKT6,11.8857,11.9513,11.9041,11.9129,11.9619,11.8767
YLPM1,10.8564,10.8323,10.8644,10.7726,10.8138,10.7371
YOD1,7.8636,8.0005,8.2004,8.1201,7.782,7.8557
YPEL1,4.5086,4.0956,4.2989,6.5103,6.0357,6.5879
YPEL2,7.4124,6.942,7.2737,7.9257,7.9517,8.0052
YPEL3,7.4645,7.2311,7.2898,7.7156,7.7569,7.8404
YPEL4,4.2487,4.0004,3.206,4.5318,3.8505,4.6087
YPEL5,10.4498,10.5255,10.4961,11.0201,11.1224,11.0513
YRDC,8.6901,8.8898,8.8445,9.1588,9.3804,9.398
YTHDC1,8.8035,8.7723,8.7426,8.749,8.8716,8.901
YTHDC2,9.2153,9.111,9.1109,9.0502,9.2473,9.0146
YTHDF1,9.8546,9.7693,9.7865,9.807,9.7933,9.87
YTHDF2,10.508,10.4898,10.522,10.8984,10.9347,10.9153
YTHDF3,10.9033,10.7858,10.8957,10.9902,11.0699,11.0529
YWHAB,12.5741,12.6333,12.6212,12.5482,12.5394,12.5488
YWHAE,12.1956,12.2338,12.2394,11.7195,11.7102,11.8891
YWHAG,12.7643,12.7824,12.7697,13.0889,13.1029,13.1331
YWHAH,11.1328,11.1251,11.1591,10.1659,10.166,10.089
YWHAQ,12.9081,12.975,13.0119,12.8553,12.8743,12.8624
YWHAZ,13.8129,13.8757,13.838,12.4425,12.5627,12.4903
YY1,10.8368,10.8723,10.815,10.9887,11.0339,11.0199
YY1AP1,9.694,9.6011,9.6508,9.2748,9.4008,9.3893
YY2,6.083,6.4053,6.4536,6.2329,6.0147,6.1806
ZACN,2.7008,6.1631,2.5217,4.1552,6.3187,6.0623
ZADH2,9.1114,9.088,9.0718,8.8185,8.854,8.9847
ZBED1,9.3705,9.4427,9.5079,10.011,9.9687,10.0661
ZBED3,6.4355,6.5298,6.254,5.122,5.2879,5.1295
ZBED4,9.2835,9.4107,9.3967,10.1551,10.0802,10.0955
ZBED5,8.9854,9.0199,8.9975,8.7596,8.8599,9.0123
ZBED6,9.0412,9.0793,8.8029,9.6479,9.5596,9.589
ZBED8,6.5934,6.2064,6.2374,5.6957,5.6291,5.4042
ZBTB1,9.1373,9.0938,9.088,9.8001,9.6961,9.8214
ZBTB10,7.9093,7.982,7.8324,8.4313,8.387,8.3821
ZBTB11,9.1309,9.1364,9.088,9.1318,9.1447,9.184
ZBTB12,5.722,5.4359,5.5718,5.0773,4.887,5.2581
ZBTB14,7.1328,6.9161,7.0736,7.0511,6.9138,6.7054
ZBTB16,3.808,3.6702,3.5658,3.5161,2.7747,3.947
ZBTB17,8.8511,8.687,8.7099,8.901,8.7403,8.8911
ZBTB18,8.1055,8.0957,8.1526,7.7799,7.8308,7.7934
ZBTB2,8.6988,8.9324,8.9321,9.1695,9.1852,9.3911
ZBTB20,5.3318,5.2415,5.3432,5.8095,5.2161,5.4588
ZBTB21,9.0447,9.2337,9.1535,9.7967,9.9687,10.0204
ZBTB22,6.7186,7.1336,6.957,6.6079,7.6988,7.6601
ZBTB24,7.4439,7.6391,7.6814,7.4346,7.3339,7.4607
ZBTB25,6.8651,6.8494,6.6033,7.1623,7.3674,7.1319
ZBTB26,7.1199,6.942,7.1901,7.2952,7.0947,7.2214
ZBTB3,6.3047,6.1849,6.4392,6.3123,6.1363,6.2441
ZBTB32,2.7008,3.7889,2.5217,2,3.8505,2.4936
ZBTB33,8.8897,8.8529,8.7888,9.4604,9.4525,9.5935
ZBTB34,7.4124,6.9291,7.0736,8.53,8.4273,8.5949
ZBTB37,7.5915,7.6781,7.164,8.1091,7.8066,7.9681
ZBTB38,11.7936,11.692,11.6982,12.0634,11.9195,12.0108
ZBTB39,7.7675,7.4895,7.5058,8.3443,8.0785,8.253
ZBTB4,11.3871,11.3839,11.4213,10.3812,10.3119,10.3063
ZBTB40,8.8195,8.7723,8.8956,9.4647,9.2428,9.4171
ZBTB41,8.4988,8.4866,8.44,8.6945,8.7562,8.8095
ZBTB42,6.0562,6.4953,6.5099,5.9149,5.8348,5.7919
ZBTB43,8.0791,8.0429,7.8158,8.2366,8.1234,8.1069
ZBTB44,8.5235,8.5425,8.4255,8.2161,8.3029,8.1407
ZBTB45,8.0316,8.1242,8.0567,7.6018,7.5608,7.6659
ZBTB46,7.7592,7.6858,7.8543,8.6758,8.6307,8.4842
ZBTB47,9.2483,9.2724,9.2371,9.2063,9.1615,9.178
ZBTB48,6.9839,6.5964,7.0261,7.0278,7.0746,7.2214
ZBTB49,5.7888,5.7309,5.8145,6.3123,5.8106,5.8542
ZBTB5,7.4124,7.5411,7.4349,7.4697,7.7943,7.772
ZBTB6,7.8322,7.9882,7.9024,8.3861,8.4431,8.5517
ZBTB7A,9.8931,9.805,9.8654,10.4243,10.3109,10.4571
ZBTB7B,9.1596,9.032,9.1109,8.3998,8.3829,8.3961
ZBTB8A,7.7839,7.7383,7.3831,7.9257,7.9627,7.7503
ZBTB8B,4.1505,3.7889,3.7639,4.3928,3.9423,4.9507
ZBTB8OS,8.2548,8.1129,8.2174,7.8744,7.8487,7.8909
ZC2HC1A,7.5147,7.3991,7.6629,8.4879,8.6882,8.7396
ZC2HC1C,3.5242,4.0956,4.1652,3.972,4.0287,3.947
ZC3H10,6.9839,7.0168,6.9771,7.6176,7.3254,7.5885
ZC3H11A,11.2982,11.2983,11.2615,11.686,11.7224,11.6729
ZC3H12A,6.7856,6.8079,6.7507,8.4489,8.25,8.4776
ZC3H12B,4.427,4.9673,4.5874,4.0665,4.2603,3.604
ZC3H12C,8.1883,8.3581,8.1077,8.0114,7.7632,7.93
ZC3H12D,3.808,4.0956,3.938,3.5161,3.7525,3.5038
ZC3H13,10.5946,10.5687,10.6211,10.8485,10.8711,10.759
ZC3H14,9.7807,9.982,9.9606,9.5874,9.7933,9.7356
ZC3H15,10.3118,10.3253,10.3497,10.191,10.2815,10.2629
ZC3H18,9.707,9.6431,9.8063,9.6782,9.4814,9.5376
ZC3H3,8.4685,8.4283,8.6611,8.1256,8.0836,8.1197
ZC3H4,9.3458,9.2876,9.3646,9.2847,9.1277,9.1029
ZC3H6,6.7856,6.6286,6.6541,6.8397,6.9138,6.8654
ZC3H7A,10.2361,10.2276,10.1953,10.1752,10.2804,10.226
ZC3H7B,12.4253,12.3928,12.355,12.5484,12.5436,12.571
ZC3H8,6.0288,6.0489,6.0791,5.6957,5.4839,5.5867
ZC3HAV1,9.9176,9.9569,9.9619,9.4229,9.4407,9.4342
ZC3HAV1L,6.5362,6.269,6.2206,7.0041,6.8677,6.7607
ZC3HC1,8.0924,8.0607,8.0894,7.7588,7.7882,7.7934
ZC4H2,7.0398,7.1668,7.2737,7.7729,7.9845,7.8093
ZCCHC12,3.3581,2.6282,2.5217,4.1552,3.7525,3.604
ZCCHC14,9.0101,9.0108,8.995,10.1632,10.0366,10.0814
ZCCHC17,9.4958,9.2389,9.326,9.5367,9.5451,9.5217
ZCCHC18,4.5086,4.4237,4.3614,5.2882,5.0194,4.8725
ZCCHC2,7.0804,6.8898,6.957,6.6694,6.667,6.4734
ZCCHC24,10.5699,10.5759,10.6123,10.4442,10.5721,10.4419
ZCCHC3,8.7831,8.7022,8.6265,9.5367,9.3907,9.569
ZCCHC4,6.7856,7.1777,6.9969,6.2928,6.418,6.2285
ZCCHC7,8.5087,8.6045,8.6169,8.6301,8.6479,8.5422
ZCCHC8,7.939,7.6858,7.8102,7.4783,7.4001,7.3711
ZCCHC9,8.5235,8.4555,8.4364,8.5383,8.3414,8.3464
ZCRB1,9.1564,9.1336,9.1018,9.1372,9.1782,9.2513
ZCWPW1,4.2487,4.5634,4.2989,4.464,4.5791,4.4561
ZCWPW2,4.1505,4.2689,3.938,3.5161,3.276,3.947
ZDBF2,8.2249,8.1072,7.9387,7.6936,7.7249,7.772
ZDHHC1,6.8651,6.7505,6.8079,8.0114,7.7378,7.9492
ZDHHC11,4.1505,4.2689,4.5341,4.8302,4.6892,4.5596
ZDHHC12,8.2189,8.0249,8.0087,8.0697,7.9736,8.0767
ZDHHC13,7.4018,7.445,7.4056,7.5123,7.7314,7.7003
ZDHHC14,6.9696,6.9923,7.1104,7.2656,7.1726,7.3782
ZDHHC15,4.1505,3.7889,3.8536,3.8708,4.33,4.3447
ZDHHC16,9.7929,9.7729,9.8314,8.9638,9.0133,8.9181
ZDHHC17,8.9161,8.983,9.0121,9.1454,9.3003,9.2513
ZDHHC18,9.5925,9.7066,9.7708,9.2473,9.3046,9.257
ZDHHC2,10.1905,10.1438,10.1091,9.0444,9.1829,9.1071
ZDHHC20,10.6394,10.6649,10.6636,10.6774,10.7204,10.7563
ZDHHC21,8.2249,8.2792,8.0801,7.586,7.4635,7.5576
ZDHHC23,4.659,4.8078,4.2336,5.0773,4.7413,5.5369
ZDHHC24,8.4428,8.46,8.4181,8.4044,8.4313,8.3961
ZDHHC3,9.1341,9.1251,9.0671,8.8784,8.7242,8.82
ZDHHC4,8.6092,8.46,8.5175,8.8185,8.6581,8.8278
ZDHHC5,11.2239,11.1993,11.2003,11.8499,11.7931,11.8978
ZDHHC6,8.5186,8.6085,8.5681,8.5949,8.4587,8.5765
ZDHHC7,11.0544,11.0506,11.1213,9.9078,10.0143,9.9048
ZDHHC8,10.2405,10.1256,10.2847,10.2131,10.1115,10.2648
ZDHHC9,10.2134,10.2433,10.2166,9.9976,10.0853,10.0639
ZEB1,11.6026,11.5511,11.5277,12.1238,12.1183,12.2036
ZEB2,10.2686,10.3278,10.3924,10.0778,10.0966,10.103
ZER1,9.9435,9.8987,9.8396,10.5245,10.5667,10.6178
ZFAND1,7.9967,7.9757,7.9591,7.6712,7.652,7.3853
ZFAND2A,7.1583,7.3225,7.3216,7.3805,7.5824,7.7503
ZFAND2B,8.099,8.0783,7.9387,7.7156,7.652,7.9057
ZFAND3,10.8815,10.8981,10.9341,10.6951,10.7099,10.6628
ZFAND4,5.7888,5.1993,5.5718,5.4372,5.0609,5.5369
ZFAND5,11.6387,11.6795,11.6722,12.3032,12.4067,12.3831
ZFAND6,9.8682,9.8172,9.8314,10.1765,10.2312,10.2829
ZFAT,7.8083,7.647,7.8597,8.0582,7.8066,7.8557
ZFC3H1,10.034,9.9521,9.9352,10.5605,10.6128,10.5274
ZFHX2,9.3458,9.6915,9.2863,8.3205,9.2938,9.5072
ZFHX3,9.3651,9.4518,9.1513,8.9882,8.7177,9.0394
ZFHX4,9.7807,9.7603,9.712,8.5749,8.5455,8.3245
ZFP1,7.1199,7.1223,7.1464,7.4954,7.5092,7.3923
ZFP14,5.9138,6.0725,6.1158,6.8397,6.5406,6.6242
ZFP28,7.2321,7.2622,7.1464,6.8663,7.2821,7.2293
ZFP30,7.5727,7.2206,7.1195,7.8279,7.6106,7.6717
ZFP36,8.0247,7.6548,7.9284,8.8287,8.6849,8.7963
ZFP36L1,10.8029,10.5811,10.6705,10.5482,10.5819,10.4495
ZFP36L2,10.1561,10.1396,10.1205,9.4604,9.4872,9.2685
ZFP37,5.8526,5.6391,5.8367,5.6041,5.4215,5.611
ZFP41,8.1055,7.8172,7.7117,8.2816,8.2274,8.3643
ZFP42,2.7008,3.7889,2.5217,2,3.7525,3.604
ZFP62,7.3694,7.3027,7.2408,7.5123,7.2375,7.3424
ZFP64,8.1443,8.0725,8.331,7.586,7.6588,7.8404
ZFP69,5.5783,4.9161,5.6739,5.9401,5.9718,6.1643
ZFP69B,6.8018,7.1993,7.0453,7.7658,7.7184,7.8909
ZFP82,6.4355,6.2276,6.3025,7.0511,6.7328,7.1895
ZFP90,8.6321,8.6985,8.7513,8.8978,8.812,8.9399
ZFP91-CNTF,2,4.4237,3.0629,3.7619,3.4107,2
ZFP92,3.6731,4.1849,3.3362,2.8457,2.9618,3.0143
ZFPL1,8.7203,8.8149,8.8445,8.4707,8.6479,8.604
ZFPM1,6.8957,7.3225,7.1901,7.7658,7.782,7.9155
ZFPM2,8.9457,9.088,9.0315,8.1689,8.4857,8.276
ZFR,11.4058,11.4713,11.44,10.9667,11.0693,11.0738
ZFX,9.6676,9.6723,9.6367,9.6555,9.6678,9.695
ZFYVE1,9.2183,9.2285,9.2822,9.993,9.9002,9.9279
ZFYVE16,9.3623,9.4337,9.2883,9.984,9.9383,9.9802
ZFYVE19,7.7424,7.7235,7.6252,7.9753,7.9682,7.9821
ZFYVE21,9.2483,9.1613,9.266,8.6758,8.812,8.8303
ZFYVE26,9.4267,9.4038,9.4676,9.2822,9.1302,9.1759
ZFYVE27,8.7913,8.7831,8.636,9.1318,9.1663,9.1637
ZFYVE28,4.9781,4.6908,5.0336,5.6658,5.1789,5.611
ZFYVE9,9.8091,9.7179,9.8533,9.6856,9.6407,9.6027
ZG16B,3.5242,4.0004,3.7639,3.5161,4.5208,4.0214
ZGLP1,3.9314,3.5409,3.4556,4.8831,4.1101,4.4015
ZGPAT,8.6046,8.4374,8.3427,8.5909,8.4193,8.4409
ZGRF1,6.2583,6.5126,6.3341,5.2882,5.5142,5.1952
ZHX1,9.6896,9.6704,9.5983,8.9106,9.0291,8.8911
ZHX1-C8orf76,4.2487,2.8627,3.4556,3.3754,4.8401,4.2239
ZHX2,6.5934,6.66,6.8191,7.0626,6.9803,7.0365
ZHX3,10.6551,10.8366,10.801,9.9237,9.9768,9.7925
ZIC2,9.8874,10.127,9.5165,9.0589,9.0317,8.8095
ZIK1,7.0122,6.9799,7.2072,7.8678,7.7442,7.7934
ZKSCAN1,10.9687,10.9619,10.8358,10.9872,11.0076,10.9514
ZKSCAN2,7.6996,7.7085,7.5667,8.2914,8.2365,8.1449
ZKSCAN3,6.9257,6.6286,6.3951,6.6079,6.6804,6.5756
ZKSCAN4,6.4145,5.6391,5.9221,6.2532,6.0969,6.2285
ZKSCAN5,8.9086,8.7579,8.7859,8.9515,8.7403,8.8936
ZKSCAN7,9.797,9.7066,9.7621,10.2144,10.2289,10.1431
ZKSCAN8,9.024,8.8219,8.8336,9.6931,9.5211,9.5905
ZMAT2,9.9045,9.8449,9.8314,9.5934,9.5229,9.4877
ZMAT3,11.5548,11.6583,11.5601,12.5223,12.5341,12.6599
ZMAT4,2.3925,3.0644,2.5217,3.8708,3.4107,3.604
ZMAT5,7.879,7.7457,7.5601,7.5618,7.5092,7.6366
ZMIZ1,11.6612,11.6843,11.7976,11.7897,11.7536,11.7823
ZMIZ2,10.1577,10.0474,10.1693,9.9642,9.9383,10.0079
ZMPSTE24,10.8119,10.9162,10.9134,10.8936,10.8986,10.8901
ZMYM1,7.7757,7.9183,7.6379,7.4869,7.6656,7.4201
ZMYM2,9.9903,9.7657,9.8203,10.0578,10.0209,10.103
ZMYM3,9.5082,9.496,9.5803,8.8686,8.9539,8.7669
ZMYM4,10.4652,10.4076,10.4008,10.6643,10.618,10.6065
ZMYM5,7.3138,7.21,7.3527,7.3712,7.4635,7.1895
ZMYM6,8.1186,8.269,8.0233,8.4357,8.4431,8.3821
ZMYND11,10.5852,10.6688,10.5953,10.5635,10.5153,10.6065
ZMYND19,8.2548,8.1466,8.2047,8.363,8.4033,8.3171
ZMYND8,9.9435,9.9569,10.0114,9.9794,9.8988,9.9929
ZNF10,5.6519,6.0249,5.7223,7.016,6.667,7.0543
ZNF100,5.9138,5.9757,5.8585,6.3504,6.1557,6.7166
ZNF101,6.7356,6.8219,6.6789,7.3146,7.023,7.4201
ZNF106,11.5343,11.5252,11.4422,11.0252,11.0604,10.9376
ZNF107,6.7014,6.6755,6.5372,6.7285,6.7456,6.7278
ZNF112,6.5362,6.4953,6.496,6.9555,6.7957,6.9629
ZNF114,3.5242,3.5409,2.904,2.34,3.276,3.6977
ZNF117,7.067,6.721,6.7966,7.578,7.3082,7.4337
ZNF12,8.7458,8.4909,8.6918,9.0845,9.1154,9.224
ZNF121,8.543,8.5551,8.3074,9.1481,9.1006,9.0986
ZNF124,6.083,6.0005,5.983,7.4435,7.2008,7.4405
ZNF131,8.7749,8.7173,8.7278,8.657,8.7625,8.82
ZNF132,6.4562,6.0957,6.4536,7.1188,6.7709,6.7715
ZNF133,7.4542,7.454,7.3137,7.3337,7.3339,7.6007
ZNF134,8.6138,8.7831,8.636,9.1959,9.1922,9.218
ZNF135,5.7888,5.7309,5.88,6.0827,6.2121,6.5254
ZNF136,6.8651,6.8079,7.0357,7.6712,7.6656,7.6425
ZNF138,5.5783,5.5069,5.7459,5.5723,5.4839,5.8944
ZNF140,7.6376,7.2926,7.2898,8.1901,8.2319,8.2568
ZNF141,6.1608,5.5411,5.6983,6.3504,6.1363,6.0971
ZNF142,8.5717,8.6005,8.7859,8.4707,8.4895,8.5919
ZNF143,8.1251,8.3093,8.1482,8.3769,8.4113,8.4375
ZNF146,10.6551,10.7173,10.669,11.0406,10.9949,11.1057
ZNF148,9.985,10.0067,10.0223,9.1722,9.254,9.2061
ZNF154,7.0804,6.7795,6.7738,7.7156,7.6656,7.8301
ZNF155,6.9257,6.7795,6.8302,6.7571,7.1342,6.8953
ZNF160,8.1883,7.9944,8.0038,8.8321,8.9232,8.799
ZNF169,4.7287,5.0646,4.8276,4.5318,3.7525,4.5596
ZNF17,6.3273,6.2484,6.0414,5.9892,6.2121,6.0971
ZNF174,7.1199,7.2206,7.4849,7.5123,7.2375,7.4132
ZNF175,7.8002,7.5241,7.6316,8.1311,7.9462,8.0854
ZNF177,4.7952,3.5409,3.0629,4.6587,5.0609,4.4015
ZNF18,6.7856,6.8079,6.482,6.4057,6.5696,6.5632
ZNF180,7.1583,6.8494,7.0165,7.1407,7.1244,7.3993
ZNF181,6.8957,6.6755,6.5507,7.0966,6.9138,7.0807
ZNF182,6.0009,5.789,6.3801,6.7428,6.1935,6.5254
ZNF184,6.9981,6.5298,6.8412,7.1078,7.0947,7.2293
ZNF185,5.4603,5.5069,5.598,5.2075,5.3892,5.4588
ZNF189,8.0857,7.8653,7.8705,8.142,8.241,8.1859
ZNF19,5.2393,5.3612,4.8276,5.5063,5.2879,4.9507
ZNF195,7.3138,7.3708,7.2573,8.3396,8.3159,8.5454
ZNF197,7.2201,7.0995,7.1552,7.2755,7.1631,7.3131
ZNF2,6.5746,6.2064,6.1692,6.8263,6.6122,6.4866
ZNF20,5.1907,4.863,5.518,5.8632,5.6834,5.1627
ZNF202,7.2441,7.2622,7.3294,7.3896,7.5167,7.4062
ZNF205,7.256,7.5579,7.54,7.6637,7.6106,7.5885
ZNF207,11.3898,11.4518,11.4779,10.6746,10.7148,10.6445
ZNF208,2.9547,3.5409,2.5217,3.2195,3.4107,3.6977
ZNF211,7.1068,6.8079,6.7853,7.7799,7.6246,7.6188
ZNF212,7.1833,6.8357,7.2241,7.3805,7.5895,7.3205
ZNF213,8.0589,8.1466,8.2713,8.5749,8.5084,8.6662
ZNF214,4.5858,4.5634,3.8536,4.8302,4.6892,4.7898
ZNF215,6.2817,6.5635,6.254,5.9149,6.1363,6.1643
ZNF217,9.6698,9.5155,9.4712,10.0419,10.017,10.1083
ZNF22,8.3184,8.4555,8.4616,7.9569,7.9899,8.0098
ZNF223,5.8835,4.8078,4.6883,5.8893,6.0969,5.813
ZNF225,6.5746,6.6126,6.895,7.3432,7.0542,7.1733
ZNF226,7.7921,7.5241,7.7236,8.3301,8.2942,8.3318
ZNF227,7.7083,7.4807,7.5467,8.1636,8.0735,8.3821
ZNF229,7.9682,8.0548,7.9591,8.8554,8.8481,9.0282
ZNF23,7.8083,7.8311,7.9891,8.1256,7.8839,7.9008
ZNF230,5.4603,5.1109,5.2137,5.8095,6.0147,5.9901
ZNF232,7.6376,7.4718,7.7355,8.1689,8.0427,7.8557
ZNF235,5.6156,4.8078,5.1083,6.0599,6.0969,5.914
ZNF236,7.6822,7.1447,7.3981,7.6637,7.3423,7.5196
ZNF239,6.4355,6.3676,6.3184,5.6041,5.5142,5.7705
ZNF24,10.2074,10.1714,10.1462,10.8098,10.9235,10.8913
ZNF248,7.1456,6.9291,6.6416,7.461,7.4789,7.6007
ZNF25,8.1055,8.0005,7.9336,8.0979,8.2634,8.2414
ZNF250,6.4562,6.3484,6.2865,7.1407,6.6535,6.8854
ZNF251,6.7691,6.9547,3.938,7.4346,6.1557,6.5632
ZNF254,7.3694,7.1223,7.2573,8.1256,7.9011,8.0811
ZNF256,5.9138,5.9505,6.1158,5.9401,5.7097,6.0798
ZNF257,4.0451,3.3989,3.206,3.0447,4.0287,3.5038
ZNF26,7.6376,7.4629,7.5264,7.8809,7.9517,7.9492
ZNF260,8.7583,8.5593,8.4722,9.7096,9.7222,9.7991
ZNF263,8.8354,8.9162,8.8113,9.3613,9.4269,9.4926
ZNF264,8.3574,8.0607,8.1258,8.8388,8.6882,8.5735
ZNF266,7.6996,7.5411,7.7589,7.7588,7.9462,7.7227
ZNF267,7.3363,7.3517,7.0642,8.4533,8.3623,8.5422
ZNF268,8.5186,8.4053,8.4898,8.7019,8.6307,8.604
ZNF273,5.54,5.2825,5.4039,5.4722,5.2879,5.6349
ZNF274,11.4504,11.5112,11.6364,11.8277,11.8812,11.9996
ZNF275,9.1846,9.2047,9.2496,9.0874,9.2154,9.0572
ZNF276,7.7083,7.6858,7.7989,8.2315,8.2365,8.1069
ZNF277,7.8163,7.7085,7.7876,8.2865,8.5159,8.461
ZNF28,7.5821,7.4268,7.5799,8.3907,8.4431,8.3821
ZNF280B,4.5086,4.6285,4.5874,4.5318,4.0287,3.7856
ZNF280C,6.6484,6.1631,5.8585,6.8531,6.6122,6.7715
ZNF280D,8.5622,8.5127,8.3232,8.4577,8.3788,8.6369
ZNF281,10.0097,9.9167,10.0139,10.5098,10.5765,10.7603
ZNF282,9.0309,8.9674,9.0363,9.3496,9.3303,9.398
ZNF283,6.6119,6.9161,6.7507,7.1407,7.4162,7.4337
ZNF284,5.722,5.5069,5.6238,6.1272,6.0357,6.2127
ZNF286A,8.5284,8.4465,8.4145,9.5033,9.2383,9.3858
ZNF286B,6.3716,5.789,5.8367,7.0395,7.023,7.3424
ZNF287,6.6303,6.6908,6.3495,6.8531,6.6122,6.7166
ZNF292,9.2,9.0108,9.0387,9.3566,9.4028,9.3228
ZNF3,8.75,8.6483,8.6233,8.9106,9.0653,8.9613
ZNF300,6.6303,6.8079,6.629,6.5761,7.0542,6.9052
ZNF302,7.6822,7.342,7.5196,8.2568,8.1857,8.1979
ZNF304,7.7424,7.5155,7.4129,7.9814,7.9952,7.7987
ZNF316,9.0851,9.032,9.0764,9.2599,9.3367,9.2666
ZNF317,8.7331,8.846,8.7831,9.3566,9.254,9.4495
ZNF318,9.0818,9.1696,9.1711,8.9359,8.7177,8.7479
ZNF319,7.9168,7.8585,7.9387,8.035,8.027,8.1979
ZNF32,7.9093,7.8102,7.7472,7.9753,8.2319,8.0854
ZNF320,8.0791,8.1242,7.8543,8.2816,8.3201,8.4941
ZNF322,8.8115,8.6444,8.5548,9.1801,9.0906,9.2742
ZNF324,7.5343,6.9799,7.4203,7.7937,7.7569,7.7934
ZNF324B,6.5746,5.9505,5.983,6.0827,6.0969,6.4331
ZNF326,9.0344,8.8865,8.8608,8.8784,8.8745,9.0372
ZNF330,8.6367,8.4374,8.5244,8.0697,8.181,8.2218
ZNF331,7.4746,7.3897,7.1986,7.2149,7.1244,7.2907
ZNF333,7.3024,7.2926,7.2818,7.2656,7.6988,7.6366
ZNF334,5.5783,4.8078,5.4903,5.5063,5.4215,5.562
ZNF335,8.5574,8.5298,8.5481,8.5829,8.4819,8.5006
ZNF337,7.7839,7.5326,7.3604,7.8612,7.7506,7.7227
ZNF33A,7.7675,7.5991,7.5534,8.6263,8.5816,8.7202
ZNF33B,7.2909,7.2311,7.1375,8.2212,8.1086,8.1939
ZNF34,5.3318,5.6072,5.3432,5.3646,5.3225,5.2885
ZNF341,6.7356,6.2064,6.2206,6.6079,6.3015,6.8348
ZNF343,7.5821,7.4895,7.5601,7.3896,7.3254,7.4201
ZNF345,4.8588,5.1558,4.8712,5.6658,5.7861,5.7705
ZNF346,8.1379,8.1129,8.0755,7.4435,7.5966,7.6484
ZNF347,7.7424,7.5662,7.5799,7.9194,8.0936,8.0459
ZNF35,6.3047,6.3093,6.3649,6.1916,5.9718,6.1478
ZNF354A,6.9981,7.0409,7.0067,7.3896,7.4941,7.5576
ZNF354B,6.3716,6.269,6.3341,6.5436,6.8079,6.814
ZNF354C,7.9093,7.5579,7.6188,8.0639,7.9736,8.1532
ZNF358,9.4933,9.496,9.643,9.7898,9.6007,9.8675
ZNF362,8.5622,8.5676,8.6105,8.3677,8.4857,8.3572
ZNF365,6.9551,6.8898,7.1104,6.5599,6.6399,6.5381
ZNF367,6.5362,6.4237,6.6162,3.6442,4.1101,3.1531
ZNF37A,8.8782,8.8114,8.7601,8.9882,9.0754,8.9494
ZNF382,5.7558,5.9248,5.5718,6.3123,5.8585,5.7705
ZNF383,6.8805,6.5467,6.4392,7.0278,7.1915,7.2371
ZNF384,9.4706,9.4763,9.4659,9.5834,9.5524,9.64
ZNF385A,7.1456,7.1447,7.2737,7.4346,7.4001,7.5946
ZNF385D,4.5858,5.0646,5.0714,6.2928,6.1363,6.1142
ZNF391,4.659,4.3484,4.6883,5.122,5.3892,4.7021
ZNF394,7.544,7.6233,7.5799,8.3157,8.0375,8.0984
ZNF395,7.848,7.8787,7.8543,7.0511,7.2909,7.0094
ZNF396,3.9314,3.6702,3.206,3.8708,3.5338,4.2239
ZNF397,7.9243,7.7457,7.5799,8.4577,8.4113,8.3134
ZNF398,8.4167,8.2064,8.2508,8.3723,8.3747,8.2375
ZNF404,5.7888,5.872,6.1338,6.5921,6.8321,6.6122
ZNF407,8.6412,8.4866,8.6169,8.5006,8.4665,8.5006
ZNF408,7.7921,7.8449,8.0329,8.1035,8.1086,8.0724
ZNF41,7.3024,7.1336,7.4989,7.2354,7.2555,7.1486
ZNF410,9.4501,9.4562,9.4115,9.3729,9.4564,9.4085
ZNF414,7.3363,7.2206,7.5332,7.1941,7.2733,7.268
ZNF415,6.6484,6.5964,6.7152,6.4414,6.3015,6.4056
ZNF416,6.4562,6.3093,6.1158,6.6992,6.3692,6.5254
ZNF417,7.1583,7.1668,7.0261,7.4168,7.3423,7.2907
ZNF418,7.1709,6.7938,7.3294,7.3526,7.3168,7.6188
ZNF419,7.7757,7.3323,7.3527,7.3619,7.4082,7.7774
ZNF420,6.6303,6.4237,6.496,6.6079,6.0969,6.4866
ZNF423,2.9547,3.2413,2.7255,4.1552,4.0287,4.5088
ZNF425,5.9724,5.6391,5.88,6.0827,5.7097,5.9526
ZNF426,8.7203,8.5718,8.4722,9.3706,9.3046,9.4461
ZNF428,8.7203,8.7579,8.7426,9.1642,9.2292,9.1961
ZNF429,6.1094,5.8986,6.1692,5.9892,6.0147,6.0266
ZNF43,7.0122,6.7505,6.7271,7.0626,7.0847,6.3775
ZNF430,6.5746,6.6755,6.7152,6.8663,6.9363,6.8654
ZNF431,7.3251,6.8898,7.2408,7.6561,7.6315,7.8197
ZNF432,7.6376,7.4895,7.5058,8.3012,8.4352,8.0898
ZNF433,5.722,5.9248,6.1516,6.6844,6.6804,6.3489
ZNF436,7.9825,7.872,7.7531,8.2816,8.1135,8.1239
ZNF438,5.8526,5.7309,6.0222,6.6844,6.9251,6.814
ZNF439,6.7356,6.8079,6.7738,6.6992,6.9138,6.4194
ZNF44,6.4562,6.58,6.4679,7.1298,7.0124,6.7929
ZNF440,7.3138,6.9547,7.1552,8.1311,7.8428,7.7612
ZNF441,6.7356,6.3093,6.6666,7.2354,7.21,7.1569
ZNF442,5.2393,5.2825,5.0336,4.9342,5.4839,5.5867
ZNF443,4.7952,4.9161,4.6387,4.7753,5.0609,4.7898
ZNF444,8.953,8.6985,8.7601,8.8914,8.9344,8.9181
ZNF445,8.9746,8.7723,8.7513,8.8354,8.7813,8.8936
ZNF446,6.6839,6.5964,6.6541,6.8663,6.8201,7.1319
ZNF449,7.1709,7.1336,7.0921,7.1078,6.7957,6.8654
ZNF45,7.8713,7.9695,8.052,8.7055,8.4933,8.6101
ZNF451,9.1341,9.1024,9.1177,9.6228,9.5377,9.5612
ZNF454,2.9547,3.0644,3.0629,3.8708,4.0287,4.5088
ZNF460,4.2487,5.0168,4.8712,5.4014,4.6892,5.2581
ZNF461,5.6874,5.789,5.8367,6.2532,5.9934,5.8337
ZNF462,8.8511,8.9705,8.8336,8.7346,8.9005,8.5796
ZNF467,3.6731,4.1849,4.5341,3.0447,3.7525,3.604
ZNF468,7.5915,7.4807,7.5127,8.3348,8.3116,8.5135
ZNF469,11.5904,11.6426,11.5601,11.9428,11.9918,11.908
ZNF470,7.5048,7.111,7.2072,7.6936,7.8605,7.9775
ZNF471,7.4439,7.3803,7.4349,7.6097,7.6176,7.5946
ZNF473,7.1957,7.3027,7.3907,6.799,6.7957,6.991
ZNF48,7.3138,7.4895,7.4349,7.8874,7.9736,8.0548
ZNF480,8.0108,7.9313,7.9024,8.1742,8.2319,8.2297
ZNF483,4.0451,3.5409,3.3362,4.7753,4.5791,3.947
ZNF484,6.2104,6.2484,6.0791,6.1272,6.1935,6.1806
ZNF485,4.659,4.7505,5.3432,4.9342,4.7915,4.9883
ZNF486,6.8651,6.8219,6.2703,7.4697,7.2375,7.474
ZNF487,4.7287,4.863,4.6883,5.2484,5.4215,5.3475
ZNF490,5.0883,5.5411,3.7639,4.5967,5.5142,5.8744
ZNF491,5.0343,4.9161,5.2799,5.4014,5.6565,5.3475
ZNF492,3.808,3.5409,3.6682,3.972,3.6473,3.3961
ZNF493,6.1608,5.8986,5.9012,6.3504,6.584,6.6941
ZNF496,9.2092,9.1859,9.2434,9.2037,9.3046,9.259
ZNF500,7.4746,7.111,7.1814,7.9631,7.7506,7.9728
ZNF501,4.659,4.6908,4.4213,4.5318,4.2603,4.4561
ZNF502,5.2863,4.863,4.6883,4.7181,5.4531,5.1627
ZNF503,9.0344,8.9954,9.0219,10.0462,9.9849,10.0868
ZNF506,6.2817,6.46,6.564,7.0278,7.0542,6.991
ZNF507,8.6592,8.706,8.6826,8.4964,8.4313,8.4973
ZNF510,7.3363,7.0995,7.3216,7.2952,7.1535,7.2832
ZNF511,8.1379,8.1904,8.2004,8.142,8.0785,8.0052
ZNF512,9.0101,9.0764,9.0647,8.4793,8.4742,8.4644
ZNF512B,10.1013,10.225,10.2469,10.1752,10.1873,10.1136
ZNF513,7.4948,7.8242,7.8971,8.1901,8.3073,8.5327
ZNF514,6.7856,7.2206,6.9366,7.3049,7.2909,7.0893
ZNF516,9.8817,9.7104,9.6586,10.0849,10.0701,10.0857
ZNF517,6.4562,6.442,6.254,7.2952,7.023,7.2214
ZNF518A,7.3585,7.4359,7.3907,7.7156,7.8308,7.8145
ZNF518B,9.2921,9.1364,9.2034,8.9546,9.1302,8.9542
ZNF519,5.9434,6.0725,5.9012,5.6041,5.7097,5.5113
ZNF521,8.9566,8.9129,9.0048,9.7314,9.8669,9.8057
ZNF524,6.9405,6.4053,6.9263,7.3242,7.3674,7.474
ZNF525,6.3932,5.7309,6.0975,6.0367,5.9499,6.1643
ZNF526,8.5186,8.3819,8.44,8.4401,8.1477,8.3608
ZNF527,6.2345,6.0489,6.1865,6.527,6.418,6.29
ZNF528,8.0247,8.1014,7.8269,8.9484,8.8803,9.0259
ZNF529,7.0804,6.8357,6.8302,7.5207,7.5752,7.5324
ZNF530,5.7888,5.9248,5.9427,5.8366,5.9276,5.2581
ZNF532,10.2583,10.2051,10.2582,10.4276,10.4678,10.4853
ZNF540,3.6731,3.2413,3.8536,4.7181,4.3964,4.1595
ZNF543,5.722,5.7009,5.5452,6.2124,6.1747,6.2596
ZNF544,8.3629,8.2485,8.2466,8.0923,8.1184,8.1818
ZNF546,4.7287,4.7505,4.4788,4.7753,4.5791,4.5596
ZNF547,5.3318,4.9673,4.8276,5.8095,5.5728,5.2581
ZNF548,7.4018,7.0995,7.1552,6.9052,6.8559,7.1651
ZNF549,7.0398,7.0046,6.7623,7.5699,7.4479,7.7449
ZNF550,6.9551,6.5298,6.564,7.4869,7.3254,7.4062
ZNF551,6.9257,6.5964,6.957,6.8923,7.1726,7.1065
ZNF552,5.7558,5.6072,5.7223,6.5103,5.9718,6.0446
ZNF554,6.3932,5.5745,5.6983,6.2732,6.2121,6.2127
ZNF555,6.5934,6.3484,6.0604,6.8263,6.8079,6.8244
ZNF556,3.808,4.0956,3.7639,3.5161,4.2603,3.6977
ZNF557,7.6822,7.1668,7.2241,7.8874,7.7054,7.6832
ZNF558,7.8163,7.4359,7.5467,8.3301,8.3788,8.3427
ZNF559,6.6303,7.0046,6.9468,7.6253,7.568,7.8455
ZNF559-ZNF177,4.2487,3.3989,4.4788,4.3179,4.4599,4.2239
ZNF560,4.0451,4.2689,4.2336,4.0665,4.8401,4.3447
ZNF561,9.1244,9.2259,9.2055,9.8001,9.8313,9.8548
ZNF562,9.1752,9.1832,9.1064,9.7932,9.6728,9.6356
ZNF563,8.6276,8.2485,8.4722,9.6441,9.4289,9.5627
ZNF564,6.2583,6.3866,5.7691,6.7712,6.8079,6.9817
ZNF565,5.54,5.789,5.7459,6.2329,6.0147,6.1968
ZNF566,6.8805,6.3093,6.4392,7.5207,7.2555,7.3057
ZNF567,6.3716,5.9757,6.4246,6.3123,6.0768,6.2748
ZNF569,6.8651,6.5126,6.8521,7.2556,7.4242,7.364
ZNF57,5.3318,5.3612,4.9947,5.3646,5.4531,5.1952
ZNF570,7.1957,6.6908,7.0261,7.9194,7.7184,7.9914
ZNF571,5.7558,5.8172,5.2472,5.7537,5.8106,5.4853
ZNF573,5.1907,5.3224,4.8276,5.2075,5.2161,5.4317
ZNF574,8.2006,7.872,8.0472,8.1582,7.8954,7.8506
ZNF575,5.5783,4.9673,5.0714,4.0665,4.3964,4.2239
ZNF576,7.7254,7.7085,7.6379,8.6224,8.354,8.5517
ZNF577,6.0009,5.6704,5.8585,6.4236,6.2664,6.4466
ZNF578,5.1404,5.1558,5.4039,6.0599,5.5438,6.0266
ZNF579,8.6276,8.504,8.6765,8.7842,8.7656,8.8837
ZNF580,8.8155,8.8079,8.9087,9.3354,9.1829,9.2021
ZNF581,7.6556,7.3708,7.6316,8.5749,8.2986,8.5135
ZNF582,8.3184,8.6126,8.5244,7.8874,7.8605,7.9106
ZNF583,6.6119,6.9923,6.9671,7.3146,7.4865,7.5196
ZNF585A,7.0804,6.8494,6.8302,7.6561,7.6246,7.5762
ZNF585B,7.6645,7.8102,7.7355,8.2667,8.2942,8.2986
ZNF586,6.6119,6.66,6.6666,6.369,6.1557,6.3344
ZNF587,9.1846,9.0617,9.1223,9.1642,8.9649,9.1534
ZNF587B,7.3694,7.2622,7.0829,7.5039,7.652,7.5003
ZNF589,6.6303,6.8765,6.8079,6.6543,6.8201,6.8854
ZNF592,9.4833,9.4607,9.4171,9.5592,9.4229,9.5137
ZNF593,7.734,7.7085,7.7296,7.848,7.6988,7.7503
ZNF594,7.1583,6.4953,6.4536,7.1623,6.5552,6.8244
ZNF595,5.9138,5.872,5.7691,6.1051,5.9499,5.6815
ZNF596,5.8526,5.3224,5.3432,5.9149,5.7611,5.9526
ZNF597,6.3047,6.3866,6.2374,6.9678,6.7328,6.7498
ZNF598,9.6294,9.6529,9.6985,9.3114,9.3025,9.3118
ZNF599,6.2583,6.4237,6.254,6.8127,6.7328,6.5381
ZNF600,5.7888,6.2064,6.0222,6.527,6.4652,6.7278
ZNF605,8.8744,8.846,8.7859,9.482,9.4008,9.2856
ZNF606,6.7691,6.58,6.6541,7.3988,7.3168,7.2832
ZNF607,6.0009,6.0489,5.9221,6.2124,5.9499,5.9334
ZNF608,8.7416,8.7322,8.6673,9.6688,9.62,9.6692
ZNF609,10.4498,10.5614,10.4865,10.1362,10.0379,10.14
ZNF610,5.8211,5.4359,5.0336,7.2045,7.1047,7.3351
ZNF611,7.4948,7.4629,7.3372,7.8143,7.9351,7.6832
ZNF613,6.083,5.7602,6.1516,5.9649,5.9499,6.0266
ZNF615,6.6303,6.6908,6.6911,6.9052,7.0018,7.0807
ZNF618,9.9045,9.902,9.8049,10.6671,10.6676,10.7426
ZNF619,5.7888,5.8449,5.88,5.5723,5.6291,5.813
ZNF620,3.808,3.0644,3.8536,4.1552,3.9423,3.5038
ZNF621,9.1501,9.0793,9.129,9.1125,9.2762,9.2513
ZNF622,9.5279,9.5991,9.6192,9.7846,9.8786,9.8343
ZNF623,8.0924,7.8517,7.6379,7.6485,7.5463,7.93
ZNF624,6.0288,5.399,5.7691,6.0599,5.8348,5.9334
ZNF625,5.6874,5.4718,5.2799,5.725,6.2121,6.0623
ZNF625-ZNF20,6.4355,5.872,6.0414,6.7285,6.2664,6.9723
ZNF626,5.7558,6.3676,5.8145,6.799,6.4958,6.5254
ZNF627,7.8002,7.4895,7.6124,8.3537,8.027,8.2099
ZNF628,6.9405,7.2206,7.1727,7.0853,7.1915,7.3424
ZNF629,9.7766,9.6509,9.5885,9.9456,9.8492,9.9685
ZNF630,4.3406,4.863,4.6883,4.9342,4.7915,4.5088
ZNF638,10.5411,10.4215,10.433,10.769,10.7854,10.7267
ZNF639,9.652,9.6646,9.7015,9.5117,9.4368,9.5121
ZNF641,6.6119,6.8219,6.7507,7.1516,7.1439,7.1569
ZNF644,9.3596,9.2826,9.3279,9.8104,9.7731,9.8788
ZNF646,8.9161,8.7651,8.8903,9.4777,9.2473,9.3787
ZNF649,6.5362,6.8357,6.987,7.074,6.8677,6.7929
ZNF652,7.8942,7.838,7.4203,7.6787,7.6988,7.7283
ZNF653,5.8526,6.0005,5.9012,5.9892,5.8585,6.2285
ZNF654,8.1696,8.2741,8.1745,8.7807,8.7047,8.709
ZNF655,9.8969,9.9975,9.8519,9.8138,9.9271,9.8863
ZNF658,6.3496,6.0725,6.1338,6.0827,5.3225,5.5369
ZNF66,3.5242,3.7889,3.938,3.972,3.4107,3.947
ZNF660,4.9197,4.8078,4.7827,5.2882,4.8401,4.9507
ZNF662,9.0412,8.7938,9.0146,9.7494,9.2959,9.1157
ZNF664,10.5447,10.5604,10.5415,10.7567,10.7745,10.8913
ZNF665,5.722,4.8078,4.9947,5.122,5.4531,5.2885
ZNF667,6.8651,6.8494,6.8191,7.5373,7.5463,7.6248
ZNF668,8.5333,8.5841,8.5581,8.3723,8.259,8.41
ZNF669,6.5746,5.8986,6.2374,7.5039,7.44,7.4269
ZNF670,5.4603,4.7505,5.649,6.0367,5.9049,5.9901
ZNF670-ZNF695,4.8588,4.8078,4.0178,4.8831,4.887,4.9121
ZNF671,6.8651,6.2893,6.3341,6.639,6.3015,6.5126
ZNF672,7.9754,8.0841,8.094,8.2667,8.0427,8.3464
ZNF674,6.3496,6.442,6.1338,6.5599,6.3357,6.4331
ZNF675,6.3496,6.4053,6.5099,6.527,6.584,6.4734
ZNF677,7.1068,7.1223,7.1375,8.2914,8.3992,8.4543
ZNF678,6.1094,6.1631,6.0414,6.6992,6.8079,6.9344
ZNF680,6.1608,5.872,6.2374,6.5761,6.5696,6.7715
ZNF681,4.5858,4.4952,4.4213,5.2484,5.1789,5.4042
ZNF682,5.1404,4.6908,5.1794,5.8366,5.3562,5.611
ZNF684,5.3318,5.399,5.2799,5.2075,5.2161,4.9507
ZNF687,8.7331,8.6832,8.8113,8.6758,8.6816,8.791
ZNF688,6.2104,5.8449,5.88,6.4414,6.4019,6.6826
ZNF689,7.5536,7.2724,7.2325,6.6235,6.8677,6.8754
ZNF69,6.4766,6.4053,6.3649,7.1836,6.9024,7.1975
ZNF691,6.1353,6.3093,6.2374,6.1051,6.1935,6.2285
ZNF692,7.0535,6.8079,7.0921,7.0278,6.8441,6.6478
ZNF695,3.6731,4.7505,4.2336,3.0447,3.276,3.1531
ZNF696,6.2345,5.8986,6.5507,6.8397,6.5696,6.4194
ZNF697,9.3319,9.2851,9.3221,10.442,10.4649,10.5574
ZNF699,5.5007,5.9248,5.963,6.8531,6.7957,6.3049
ZNF7,7.7424,7.6152,7.7355,8.0114,8.1086,8.1614
ZNF70,7.1957,7.4718,7.1986,7.3896,7.2644,7.3278
ZNF700,6.8957,6.7505,6.7271,6.9179,7.0947,7.098
ZNF701,6.6484,6.5964,6.5507,7.2045,7.392,7.5451
ZNF703,10.6439,10.5277,10.6605,9.7724,9.9673,9.6162
ZNF706,8.6813,8.6601,8.8391,9.1722,9.0906,9.1093
ZNF707,6.2583,6.141,6.3649,7.016,7.0334,6.9439
ZNF708,6.6303,6.1849,6.3495,7.4783,7.2375,7.4806
ZNF709,2.3925,5.2415,5.3432,5.122,4.8401,6.1311
ZNF71,7.7254,7.9118,7.7647,7.9131,8.241,8.2178
ZNF710,8.8667,8.5467,8.7455,7.5618,7.6723,7.5514
ZNF711,6.1353,5.9505,5.8367,6.1704,6.4339,6.5632
ZNF713,6.3273,6.1849,5.9427,6.6543,6.3692,6.6478
ZNF714,7.3474,7.4629,7.4422,6.639,6.6804,6.8953
ZNF717,6.4766,6.2064,5.7691,6.4589,6.1747,6.5879
ZNF718,5.6519,5.6391,5.4333,5.8893,5.7861,6.1478
ZNF720,7.5048,7.6233,7.2573,8.5133,8.3372,8.5765
ZNF721,7.6285,7.5155,7.5995,7.848,7.9125,7.6717
ZNF724,4.9781,5.0168,4.8276,4.1552,4.33,4.6561
ZNF726,3.808,3.8985,4.6387,4.3179,4.2603,3.8686
ZNF727,4.9781,3.6702,2,5.0312,4.33,5.1295
ZNF730,3.3581,4.3484,4.2336,3.5161,3.9423,3.604
ZNF736,7.1328,7.0529,7.0453,7.8279,7.8605,7.9821
ZNF737,5.3318,5.1993,5.2472,6.4414,6.1557,6.6122
ZNF738,6.1858,6.4237,6.2374,6.8923,7.023,6.9052
ZNF74,7.6008,7.8311,7.8046,9.0032,8.8481,9.0394
ZNF740,8.6813,8.6126,8.7159,9.2193,9.3388,9.3118
ZNF746,8.5999,8.7098,8.7367,8.7418,8.6782,8.7006
ZNF747,6.6303,6.5298,6.482,6.6079,6.5258,6.3049
ZNF749,6.1608,5.7309,5.7691,6.6235,6.3526,6.3633
ZNF75A,10.1687,10.3641,10.2218,10.0448,10.2221,10.1535
ZNF75D,7.1833,7.2206,7.368,8.0582,7.8781,8.028
ZNF76,7.9967,8.1185,8.0425,8.1528,8.1763,8.2986
ZNF761,7.6193,7.7383,7.7117,7.4783,7.3838,7.5762
ZNF763,4.1505,4.4952,4.4788,5.2075,5.3225,5.4042
ZNF764,6.8805,6.58,6.8737,7.2952,7.3082,7.268
ZNF765,7.3251,7.0289,7.2408,7.4435,7.6036,7.7116
ZNF766,7.7254,7.5155,7.5667,7.016,6.9363,6.7278
ZNF768,8.5137,8.4053,8.7249,8.7842,8.7967,8.6892
ZNF77,5.9724,5.5069,4.8276,5.5063,5.2161,5.7705
ZNF770,9.643,9.5262,9.4992,9.0817,9.0027,9.0528
ZNF771,7.5147,7.3991,7.4989,7.5207,7.6315,7.5946
ZNF772,6.8805,7.0647,7.0261,7.074,7.0124,7.0185
ZNF773,7.6909,7.4895,7.3604,7.7588,7.7184,7.5701
ZNF774,5.4187,5.1558,5.3119,5.0312,5.5438,5.2581
ZNF775,6.8651,6.8219,6.8521,6.5436,6.284,6.6001
ZNF776,7.7757,7.9377,7.9741,8.4922,8.5121,8.6428
ZNF777,8.4988,8.46,8.5244,7.9753,8.0479,7.9868
ZNF778,7.3585,7.5411,7.4349,7.0966,7.392,7.2907
ZNF780A,6.7186,6.7795,6.7507,7.1298,6.7833,7.1065
ZNF780B,6.6663,6.3093,6.3184,6.9305,6.7583,6.8953
ZNF781,3.1705,3.5409,3.8536,3.972,4.1101,4.3447
ZNF782,5.1907,4.9673,5.0336,5.0773,5.3892,5.1952
ZNF783,6.6119,6.9161,6.9366,7.4523,7.4789,7.3711
ZNF784,6.5555,6.5635,6.4679,6.2732,6.2485,6.0266
ZNF785,7.1583,7.111,6.9055,7.7302,7.679,7.7227
ZNF786,6.2345,5.9757,6.0975,6.6992,6.2304,6.2748
ZNF787,8.8897,8.9547,8.8253,8.4533,8.1525,8.253
ZNF788P,7.5821,7.2415,7.2072,7.1941,7.3591,7.3923
ZNF789,6.7525,6.442,6.564,6.5103,6.3856,6.2441
ZNF79,6.9981,6.6444,6.8412,7.4346,7.2465,7.2449
ZNF790,5.9724,6.0489,5.963,6.8663,6.4339,6.6711
ZNF791,8.8035,8.6166,8.5548,9.2871,9.3068,9.222
ZNF792,5.3759,5.3612,5.4333,7.0278,7.0018,7.0094
ZNF793,6.2583,6.442,6.0791,6.6694,6.667,6.6122
ZNF799,4.9781,4.7505,4.8276,5.1654,5.1013,5.562
ZNF804A,7.6645,7.789,7.9741,8.1582,8.053,8.3572
ZNF805,7.6734,7.4268,7.4494,7.7799,7.4479,7.4201
ZNF808,6.4562,6.3676,6.4099,7.2854,6.8559,6.9629
ZNF81,6.9981,6.7795,6.9969,7.5699,7.3507,7.2293
ZNF813,6.7014,6.5635,6.3649,7.0511,6.7957,6.915
ZNF814,8.3296,8.0429,8.1032,8.5006,8.4509,8.4476
ZNF816,6.4145,5.8449,6.0414,6.9431,6.8794,6.7715
ZNF821,7.0535,6.863,6.9263,6.7712,6.8441,6.814
ZNF823,5.6874,5.6391,5.4039,6.1272,5.7611,5.6815
ZNF827,9.1469,9.2047,9.1711,8.6379,8.9484,8.7884
ZNF829,6.5555,6.721,6.6541,6.527,6.9694,7.0719
ZNF83,8.2189,8.0666,8.1437,8.5829,8.5528,8.5673
ZNF830,7.4439,7.0647,7.0829,7.8075,7.6656,7.5885
ZNF836,5.4603,5.3224,5.2472,7.1188,6.9363,7.098
ZNF837,4.9197,4.4237,4.8276,5.2484,5.0194,5.1627
ZNF839,7.7757,7.7085,7.8812,7.9445,7.9406,7.8557
ZNF84,8.3792,8.2639,8.2672,9.2295,9.1471,9.224
ZNF841,7.9537,7.8787,7.593,8.4044,8.2679,8.2336
ZNF843,4.5086,4.0956,3.3362,4.464,3.8505,4.2239
ZNF844,7.5821,7.6391,7.5733,8.6263,8.8241,8.9351
ZNF846,5.9138,5.8172,5.7691,6.149,6.5258,6.3049
ZNF85,4.7287,5.3612,4.8712,4.9835,5.4839,4.5088
ZNF850,5.9138,6.1185,6.2865,6.5103,6.7833,6.5879
ZNF852,3.9314,3.5409,3.8536,4.3179,4.2603,4.5596
ZNF853,7.5727,7.6704,7.6252,7.5939,7.5463,7.7666
ZNF862,7.7254,7.5411,7.5467,7.9692,7.8487,8.0098
ZNF865,8.543,8.6005,8.5548,8.7702,8.7274,8.8936
ZNF875,8.0247,8.141,8.0425,8.731,8.6238,8.6575
ZNF879,4.9781,5.1993,4.7827,4.9835,4.5791,5.1952
ZNF880,7.3251,7.3517,7.4203,7.8211,7.8066,8.037
ZNF891,6.7356,6.7938,6.496,6.98,6.8201,6.8854
ZNF8-ERVK3-1,8.6681,8.7135,8.7774,9.2673,9.1204,9.2723
ZNF90,4.0451,4.0956,4.0178,4.1552,4.5208,4.5088
ZNF91,7.4335,7.445,7.1375,8.0524,7.9572,8.0459
ZNF92,6.6839,6.442,6.895,7.3619,7.3838,7.4473
ZNF93,6.4968,6.2893,6.4099,5.4014,5.7611,5.611
ZNF99,3.5242,3.5409,2.5217,3.972,3.4107,3.604
ZNFX1,11.0433,11.0069,10.9514,11.3453,11.2896,11.281
ZNHIT1,9.9176,10.04,9.9014,10.1252,10.1127,10.0901
ZNHIT2,7.0535,6.8494,6.8521,6.9305,6.8441,7.1403
ZNHIT3,7.1068,7.0046,7.1104,7.3526,7.4082,7.5196
ZNHIT6,9.4782,9.522,9.4923,9.5263,9.6286,9.5549
ZNRD2,8.6457,8.6678,8.6201,8.5506,8.6445,8.709
ZNRF1,9.0884,9.029,8.995,9.129,9.1734,9.218
ZNRF2,5.2393,5.2825,5.0714,4.7181,4.7915,4.7021
ZNRF3,7.1456,7.2826,7.3137,6.6844,6.5981,7.1814
ZP1,2.9547,2.6282,3.206,3.6442,3.4107,3.6977
ZP3,6.3932,6.269,5.983,5.122,5.4839,5.6584
ZPLD1,3.6731,3.3989,4.0178,3.5161,3.6473,3.2797
ZPR1,9.799,9.8172,9.8762,9.8121,9.6712,9.7398
ZRANB1,9.6317,9.647,9.657,9.895,9.9822,10.0573
ZRANB2,10.333,10.3653,10.4393,10.1403,10.2048,10.1493
ZRANB3,6.3932,6.4237,6.3801,5.8632,6.2664,5.7487
ZRSR2,7.6909,7.5745,7.4494,7.4435,7.5092,7.5885
ZRSR2P1,3.6731,4.6285,2,4.2388,4.1101,3.947
ZSCAN12,6.7356,6.3866,6.482,6.9305,6.8677,6.915
ZSCAN16,4.7952,4.6908,4.5874,5.3269,4.8401,5.1952
ZSCAN18,8.324,8.1632,8.2089,8.9942,8.8451,9.0327
ZSCAN2,6.5362,6.8898,6.6911,7.7799,7.568,8.0767
ZSCAN20,6.9981,6.8898,6.9771,7.0966,6.8441,6.8348
ZSCAN21,6.9108,6.863,6.7152,7.3146,6.9251,6.9052
ZSCAN22,6.7186,6.66,6.7507,7.2656,6.9585,6.9723
ZSCAN23,4.5858,4.2689,4.3614,4.9835,5.0609,5.0954
ZSCAN25,7.6008,7.591,7.5865,7.9257,7.8954,8.1112
ZSCAN26,7.4847,7.4084,7.4056,7.0278,7.0746,7.2371
ZSCAN30,8.4938,8.4644,8.331,8.0466,8.2545,8.1323
ZSCAN31,8.6412,8.504,8.4108,10.3534,10.1152,10.4487
ZSCAN32,7.4645,7.5069,7.3294,7.3146,7.652,7.5451
ZSCAN5A,5.2393,5.1109,5.0714,4.7753,4.9766,5.0606
ZSCAN9,7.2794,6.7938,6.8412,7.5939,7.6176,7.6717
ZSWIM3,5.8835,5.872,5.7223,5.7819,5.5728,5.8337
ZSWIM4,8.2607,8.2223,8.4218,9.5011,9.3866,9.4427
ZSWIM5,3.3581,3.5409,3.6682,5.4722,5.5142,5.3475
ZSWIM6,8.9675,8.9892,9.053,9.3752,9.285,9.3875
ZSWIM7,6.9405,6.7795,6.6416,7.0395,6.9585,7.2449
ZSWIM8,10.2583,10.2678,10.2654,11.2312,11.1713,11.2625
ZSWIM9,7.9682,7.8787,7.7876,7.7083,7.8005,7.7558
ZUP1,7.2909,7.3027,7.2408,7.6485,7.6452,7.4806
ZW10,8.7749,8.7687,8.8308,8.4533,8.6915,8.6575
ZWILCH,8.942,9.1777,9.0926,8.3537,8.4665,8.3536
ZWINT,9.3513,9.2571,9.3512,7.8075,8.0986,8.0724
ZXDA,6.3716,6.2276,6.2374,6.0131,6.1557,6.2127
ZXDB,8.422,8.3629,8.3847,8.2264,8.3159,8.4066
ZXDC,8.0657,7.9313,7.9841,7.6862,7.4162,7.4405
ZYG11A,4.427,4.9673,4.9547,3.3754,3.7525,3.3961
ZYG11B,10.0731,10.1904,10.1205,9.9915,9.9741,10.0551
ZYX,13.4157,13.4406,13.5323,12.3219,12.4946,12.3698
ZZEF1,10.4473,10.6126,10.3783,10.4628,10.487,10.5
ZZZ3,9.7848,9.6072,9.7519,9.9363,9.7979,9.8485
