genes,Raditation_LFC,Radiation_FDR
Gnai3,-0.658503492,0.105324855
Cdc45,-1.499256625,0.000543697
Scml2,1.149341018,0.458993029
Narf,0.162427651,0.808669872
Cav2,0.555039119,0.736974089
Cox5a,-1.20171767,0.013739401
Ngfr,1.651424485,0.005111181
Fer,0.036317765,0.969533305
Axin2,0.950136334,0.358972058
Gna12,-0.638841043,0.007448938
Itgb2l,-1.055410631,0.714198055
Dlat,-0.814402149,0.05742373
Sdhd,-0.878117043,0.075256923
Ccnd2,-1.039500235,0.002200424
Slfn4,0.23030576,0.907304298
Th,1.719977454,0.398080097
Tspan32,-0.330882516,0.297534207
Clec2g,2.794517916,2.39E-37
Gmpr,1.078537011,0.555917045
Glra1,0.171297114,0.967578234
Trim25,0.439987492,0.39783839
Scpep1,-0.36602808,0.171287721
Pemt,-0.504697866,0.717702365
Cdh1,0.087697872,0.953637079
Ckmt1,8.172629207,0.003621561
Bcl6b,-1.068024936,0.081734512
Clec10a,-0.172208971,0.875825595
Dazap2,-0.221927018,0.6444505
Mcts1,-0.588058785,0.268817234
Rem1,0.365610731,0.856203508
Rnf17,-1.312443786,0.095430222
Ccm2,0.500690018,0.10037649
Tmprss2,1.094342385,0.245092733
Mx1,2.565151196,7.10E-10
Gcg,0.400196195,0.830837516
Ndufa9,-0.858671643,0.070997374
Egfl6,0.872588044,0.288654262
Lck,0.042128429,0.948564687
Cttnbp2,1.560877556,0.545750396
Acvrl1,0.765431752,0.13421022
Acvr1b,-0.15471098,0.700102553
Tom1l2,1.01630688,0.000452142
Zfp385a,3.828516107,7.25E-17
Atp5pb,-0.817880456,0.010654357
C1d,-0.474197142,0.366122692
Gm2a,-0.061726291,0.873795983
Vmn2r88,1.144934223,0.515827943
Grm6,0.149018985,0.797823845
Hk2,-1.420508115,3.09E-07
Myo18a,0.641837667,0.032304728
Cd52,-0.964594347,0.00193101
Abhd15,0.032598499,0.967657683
Hoxb6,0.483443573,0.838431135
Kat2b,0.237562021,0.409994055
Icosl,-0.77432284,0.000596558
Rpa1,-0.622146596,0.059939521
Polr3d,-0.493731634,0.068213506
Il12rb1,-1.289613949,0.030422643
Kcnn3,4.569595325,NA
Txnrd3,-0.57624824,0.161143641
Zfp512b,0.395905165,0.340859458
Fmr1,-0.365830146,0.193655978
Bcl11a,0.00083948,0.99826477
Pxmp4,0.854249062,0.010676444
Dlg3,-0.31303372,0.523008367
Gnb1l,2.104606303,5.06E-08
Mmp11,-0.46156412,0.542222769
Vpreb3,-0.733577169,0.177451232
Nsun5,-1.016483106,0.002475559
Top1mt,0.100284741,0.794466065
Mmp14,0.690330974,0.558309108
Ccl3,-0.48669852,0.771170517
Wfdc18,0.730773142,NA
Snapin,0.010241174,0.985927477
S100a6,1.013319775,0.123276843
Scn4a,0.442502302,0.232386501
Icam2,-0.686214415,0.015784448
Epn2,-0.502255458,0.276618379
N4bp3,-0.285517113,0.449648186
Rmnd5b,-0.342680408,0.288587191
Nhp2,-1.336945816,5.43E-05
Mfsd10,0.195036011,0.624641476
Sebox,-1.266497361,0.248493503
Ift20,-0.836836974,0.056861995
Col6a1,2.042800594,0.240311627
Timp1,-0.260246572,0.921906889
Uxt,-0.569694323,0.153580709
Oas1c,0.750286061,0.087326046
Calm1,-0.647048645,0.142691264
Sema6b,0.929860161,0.274591612
Uhrf1,-2.273441382,1.94E-11
Ramp2,0.57721617,0.786041477
Ckb,0.906058914,0.054390932
Itgb7,-0.319189493,0.332782959
Myg1,-1.005589796,0.002660295
Rarg,2.348148545,0.000104186
Rrp15,-0.816566152,0.013678808
Acp5,0.329029047,0.382260854
Hars,-0.788503986,0.007037308
Cct3,-1.324926707,0.000166086
Tmem79,-0.177766679,0.82854869
Slc19a1,-1.220396655,8.38E-05
Kpnb1,-1.111752912,5.92E-05
Tbx21,0.031643637,0.967657683
Cyp51,-1.686621159,3.34E-07
Nkx2-1,1.911536778,0.21191659
Gtf2h4,-0.660309064,0.05248579
Tubb5,-1.310661727,0.00028567
Jup,0.491050315,0.438191993
Fkbp10,1.816210706,0.062753704
Ergic1,0.11353777,0.819693549
Acap1,-0.457770533,0.135872322
Tcea3,0.506181248,0.720354371
Ifrd1,-0.72810749,0.023066968
Gstt1,0.086168952,0.971450555
Ddx18,-1.098952266,0.001003794
Eef1e1,-1.247632759,0.002383534
Il16,-0.073706299,0.820435119
Naglu,-0.411734591,0.32635991
Rin2,0.969195972,0.132731802
Chordc1,-1.865941307,0.000981595
Pwp1,-0.591836615,0.151210764
Fbxo7,-0.534458369,0.117308385
Capns1,-0.126089679,0.771013798
Rac1,-0.395467668,0.118119185
Ugp2,-0.594076895,0.141542664
Kcnh6,1.381829173,0.06279042
Siae,-0.020201497,0.97150888
Gria3,3.452065577,2.36E-15
Sipa1l2,0.834582282,0.009137118
Srpk3,-0.705342469,0.078158709
Idh3g,-0.442188661,0.372069847
Pnck,1.681792948,0.421185388
Bcap31,-0.519920289,0.35309214
Unc119,-0.344124726,0.289562715
Sdf2,0.070856614,0.854356241
Ccne1,0.145135392,0.781747607
Bbc3,5.774002758,8.19E-70
Psmc3,-0.716370623,0.042206004
Rapsn,0.750287477,0.747788584
Celf2,-0.361164655,0.085289971
Ddb2,0.172416788,0.686208615
Rmnd5a,-0.347215773,0.380678957
Ppm1j,0.40587554,0.824885356
Peg3,0.861594473,0.578192653
Metrn,-0.487793898,0.345402461
Angptl4,-1.602052187,0.002135479
Cd320,-0.497196861,0.464580727
Ipo4,-0.3669123,0.280436827
Irf9,-0.141706571,0.805457249
Dhrs1,0.134531853,0.798707156
Armc6,-1.291195666,0.015512433
Slc25a42,2.266318647,5.76E-13
Ocel1,-0.47015074,0.358921964
Dyrk1b,-0.183354368,0.76127014
Rgs19,-0.631600028,0.020485964
Snrpd1,-1.223416995,0.000241187
Rpl3l,1.482543253,0.457211723
Slc9a3r2,0.563760861,0.737991421
Scin,-0.097800841,0.877805471
Mien1,-0.790458558,0.065370913
Axl,0.224957442,0.728303567
Tgfb1,0.256187392,0.624641476
Zfp40,-0.099464041,0.858044517
Shh,0.533366844,0.800781428
Gtf2f1,-0.697453998,0.005924963
Clpp,-0.861665032,0.002443186
Alkbh7,-0.599470401,0.315792258
Dennd1c,0.623357704,0.009817576
Lcp2,0.371438329,0.562355135
Mrpl2,-0.831703568,0.015256161
Gnmt,0.065298055,0.965260048
Kdelr1,-0.476868156,0.180532405
Jag2,3.702582024,4.02E-09
Epdr1,0.017102442,NA
Qtrt1,-0.530659504,0.198505119
Chaf1a,-1.601382926,5.08E-05
Pla1a,1.002312829,0.544605131
Mcm2,-1.577577461,6.69E-08
Tpra1,0.002259316,0.995285509
Adgre5,-0.148693636,0.588951855
Il17ra,-0.174202108,0.571784428
Kcnn1,-1.243245169,0.400130459
Ppp1r17,2.54793246,0.143954548
Cd36,-2.365424303,8.49E-08
Bcam,1.246541819,0.352051385
Tomm40,-0.840254449,0.004684135
Apoe,0.178268555,0.811122358
Apoc2,1.243235801,0.318289032
Prkar2b,-0.786848796,0.222340616
Cdkn1b,-0.01227709,0.976560359
Ap1m1,-0.125379768,0.743895488
Efna2,-2.064490499,0.225188312
Slc2a3,-0.677740234,0.003129063
Bcl2l12,-0.65368188,0.089347393
Mpnd,0.052685717,0.935168082
Eif2b5,-0.605974305,0.041551316
Dlgap1,0.473897388,0.685076574
Plag1,0.332841466,0.637406441
Hck,0.195643393,0.649070585
Keap1,-0.696003592,0.005605812
Ap1m2,0.352673255,0.663320704
Atp8b3,-1.168674438,0.633374228
Abhd17a,-1.056900874,0.022939308
Fkbp11,-0.064509467,0.965371332
Pld3,0.11448423,0.839199875
Cd79a,-0.225201943,0.561230114
Rabac1,-0.416568122,0.364014541
Elavl3,0.999151333,0.464802033
Rab3b,1.33974816,0.48260501
St8sia6,-1.156081971,0.001238406
Fcgrt,-0.011436741,0.985582469
Timm50,-1.064285788,0.000358864
Med29,-0.782794568,0.053555571
Phyhip,-1.349292412,NA
Crhr2,5.760067838,NA
Cyp4f18,0.437139176,0.207412447
Ier3,0.050851596,0.978339174
Fosb,0.408567698,0.707008374
Klc4,0.732853098,0.002921585
As3mt,-0.704326964,0.020568656
Homer3,2.636038549,1.50E-08
Sec14l2,-0.241522757,0.870955782
Aven,-0.464173869,0.223554354
Cp,0.203053365,0.772871116
Man1a,-0.397180461,0.098210136
Kif20a,-1.008689475,0.072257199
Gcdh,3.688860201,1.81E-18
Syce2,0.188263281,0.752551029
Nqo1,-0.540136557,0.76127014
Gys1,-0.14432171,0.750221255
Ruvbl2,-1.171496262,0.000894822
Bax,2.177900862,5.00E-09
Efnb3,0.22089965,0.860014589
Fam162a,-0.637898786,0.114526783
Gstm5,-1.643535166,0.24299174
Cavin1,1.070439114,0.504375848
Col5a3,0.806176109,0.551197517
Ppan,-0.658310977,0.004616013
Angptl2,1.24452447,0.030467093
Cacna1e,0.486526952,0.256631567
Cacna1b,2.196344675,0.000203534
Etv1,0.664394371,0.528968713
Kifc2,0.934210565,0.061362876
Psap,-0.024673248,0.95324521
Pax2,5.137831156,NA
Phb2,-0.62143315,0.056183603
Ptpn6,-1.003981845,8.93E-06
Emg1,-0.807521449,0.050522906
Atp6v1f,-0.473241343,0.35936563
Hif3a,0.027700829,0.972143486
Utp20,0.405102529,0.278403464
Ddx56,-0.633297835,0.087623525
Bid,-0.971264185,0.003967271
Gab2,0.217215004,0.771170517
Ctse,1.283062302,0.001268106
Arhgef18,1.47114954,9.46E-07
Nkg7,0.900243054,0.291076407
Slbp,-0.749930012,0.009814536
Aqp1,-2.630082991,0.017018103
Cnn2,-0.147730222,0.685268064
Abca13,-0.25942788,0.850949385
Hdac9,-0.03054731,0.951893981
Adgre1,-0.507858851,0.277720657
Mtfp1,-1.438509803,0.016726392
Pgf,3.69647283,0.031086962
Ulk2,0.129468327,0.712489098
Ccl24,0.282624745,0.753741718
Grap,-0.267858957,0.413479607
Pou1f1,3.447962428,0.054170612
Ap1s1,-0.318495747,0.493334061
Lbr,-0.126060404,0.799736943
Nes,1.77892059,0.205370962
Hdgf,-1.181137348,6.77E-05
Thop1,-1.422788275,0.000173861
Matk,0.304022753,0.364014541
Map2k1,-0.512307409,0.266569495
Hspb1,-0.158013202,0.959635107
Fxyd4,-0.154919351,0.900517657
Prkacb,-0.410911571,0.17547701
Sgsh,0.464660206,0.207411103
Wdr1,-0.17323876,0.687920285
Slc2a9,4.045321766,1.05E-33
Ndrg1,0.991749173,0.079396761
4930550C14Rik,0.853577969,0.624641476
Prdx2,-0.661758169,0.157241305
Corin,0.012028267,0.991959035
Spc25,2.330219998,5.28E-06
Dnah2,1.780830198,0.043828531
Fgfr4,0.597528647,0.818342135
Crbn,-0.205787471,0.483277564
Il5ra,0.678311101,0.018146561
Msh6,1.235270732,0.001588315
Tbl2,-1.017396536,1.51E-05
Nid1,-0.636486334,0.153241119
Mcm5,-1.557309426,8.40E-05
Hmox1,0.856023744,0.241784083
Pafah1b3,0.819347445,0.101706583
Il27ra,-0.090798277,0.789854444
Prkaca,-0.140969417,0.783504195
Asf1b,-1.591835798,0.006480605
Ddx39a,-0.840919149,0.016722998
Dnajb1,-1.3343357,0.046514789
Ndufs3,-0.839740622,0.05276184
Insr,0.710608858,0.047013408
Fcer2a,-0.283472153,0.510817092
Trim28,-0.87697038,0.038820802
Adcy9,-0.173419368,0.824885356
Mef2c,-0.346320208,0.188770733
Eif4g2,-1.078398926,0.073742281
Irag1,0.436991426,0.523008367
Pcyt1a,-0.381161295,0.179094643
Zfp592,0.05465609,0.892728119
Insrr,2.192116909,0.021626592
Snx6,-0.769439647,0.019127965
Mthfd2,-2.010155249,2.27E-07
Tomm40l,-0.432932867,0.356497225
Ampd3,0.444447852,0.247946913
Pard6a,-0.584096077,0.349735144
Tfap4,-1.053082206,0.000532876
Ranbp1,-1.173988396,3.63E-05
Psmb4,-0.719715513,0.166237128
Mmp8,-0.202054216,0.925071066
Slc30a4,-0.761209974,0.022050615
Sqor,0.278987029,0.741007576
Gata6,1.132908206,0.628451694
Rsl1d1,-1.15425675,0.000183273
Reep5,0.200710133,0.649862924
Spo11,1.105843806,0.023973778
Ctns,0.290700318,0.421566023
P2rx5,-0.820702084,0.269941214
Trpv1,1.56885947,NA
Tuft1,0.158087996,0.762004667
Rcn1,-1.190656706,0.000109703
Trap1,-0.43092591,0.167608425
Atp5g1,-0.898812052,0.014213508
Inpp5k,0.496029413,0.098020037
Eps8l1,1.780846392,0.402970767
Prss16,-0.80954287,0.415317068
Epor,-0.995777583,0.145231119
Ccdc159,2.848124497,0.052472053
Ttc5,-0.145168525,0.780176718
Upk1a,-0.612610765,0.771228648
Tmem147,-0.45990582,0.533475284
Ggt5,0.840946641,0.203198087
Ggt1,2.149023685,0.243316074
Crip2,2.705344243,2.27E-06
Crip1,-0.365748743,0.33548196
Gcat,-1.214617124,0.086170087
Tek,0.745016515,0.63401528
Mpl,0.749526744,0.509261327
Nectin4,1.978730965,0.000650679
Neurl1a,1.034653979,0.494882415
Srm,-0.841790384,0.000943687
Epha2,4.863626409,9.26E-45
Nsmf,0.142845205,0.748850581
Pdk1,-0.447806814,0.056222929
Mvd,-1.111226201,1.72E-05
Cryba2,0.725591425,0.737711197
Atp7b,-1.1939803,0.408868108
Slc4a1,-1.281564539,0.664595989
Slc4a3,-0.268027101,0.850949385
Snai3,4.61764124,1.76E-10
Aprt,0.613616159,0.314468839
Gtf2h1,-0.695769362,0.015422758
Slc5a6,-0.135994544,0.81267706
Pknox1,-0.94932375,0.038435439
Gmnn,-1.50464282,0.001284311
Cyp27b1,-0.703644624,0.519829166
Cdk4,-1.285057687,0.000137797
Mettl1,-0.624832226,0.079892559
Tspan31,-0.219858204,0.522373919
Cnp,-0.175130733,0.746891641
Sulf2,3.534708544,3.66E-13
Sod2,-1.040802883,2.78E-05
Stambp,0.724143622,0.283112858
Hap1,-0.050040074,0.951893981
Hspa1l,-0.453225824,0.545713622
Msh5,0.647468565,0.198316942
Neu1,-0.545918958,0.01525905
Ddah2,0.460979225,0.546558796
Atp1a4,1.243894585,NA
Casq1,0.085519667,0.968054408
Dennd2c,4.621530175,2.26E-40
Gatad1,-0.705999129,0.011529779
M6pr,-0.913897441,0.00316976
Tgfbr1,-0.511055716,0.040289494
Gabrb2,2.549439206,0.101559253
Cav1,-0.194595323,0.932177529
Arpp19,-0.712934095,0.018276327
Bcl2l1,1.14240083,0.139177193
Ccdc124,-0.649125594,0.060897364
Cct4,-0.875898151,0.01405455
0610009B22Rik,-0.718509427,0.318232483
Cpt1c,4.075896323,6.84E-05
Zmiz1,0.906142752,0.030512158
Ift43,-0.555707899,0.741550185
Id3,0.176534607,0.815267947
Ctsd,0.163008519,0.80673816
Hmgcll1,4.382245196,5.32E-11
Abhd8,-0.258576508,0.709624623
Ift22,-0.40978728,0.300971644
Ap2s1,-0.59644278,0.161688724
Brme1,-0.261982859,0.75048766
Fbxw9,2.45176233,4.68E-09
Cers4,2.350066871,4.69E-19
Snrpb2,-0.916125257,0.011500656
Prpf31,-0.633277726,0.01732079
Sertad1,-0.606121593,0.125624179
Carhsp1,2.864401295,2.67E-09
Elk3,-0.455445446,0.087093203
Nutf2,-0.928383686,0.125924441
Arpc5,-0.108788481,0.816430222
Rnf151,-0.13187003,0.960797904
Mgst1,0.90931429,0.15585819
Ubqln4,-0.056052063,0.915662533
Cldn13,-3.127348171,0.081707053
Cd163,0.25051186,0.741550185
Hdac5,0.348120852,0.224754641
Dynll1,-1.056588786,0.023820337
Ap1b1,-0.206725643,0.562806082
Gnat2,-0.976670447,0.251367019
Prr29,-0.134505632,0.884058669
Trpm5,0.535122068,0.358235106
Trpm2,1.104147382,0.000141752
Mpo,1.104875078,0.251509179
Met,0.453986106,0.71872307
Syn2,-0.007668846,0.995285509
Nav1,0.029714774,0.971844007
6330409D20Rik,0.91768824,0.034548718
Fpgs,-0.731610287,0.015939137
Cbx5,-1.165535292,0.000951117
Tex15,3.845269547,1.26E-07
Ppp2cb,-0.540225323,0.177640062
Oit3,0.926018958,0.72881735
Fxyd5,0.60992465,0.12407447
Kcnd1,0.012863733,0.989275208
Pou6f2,1.469475692,0.324517344
Pou6f1,0.73078553,0.057487722
Sdhb,-0.6883469,0.064083204
Nxf2,0.982424038,0.608218217
Kif19a,0.809091548,0.176694259
Aldh3a2,-0.364387752,0.325611126
Hyal2,-0.352852308,0.53629587
Ifrd2,-1.053580444,0.001429348
Pifo,0.012703459,0.992224842
Tnfrsf13b,-0.788536236,0.022120914
Prox1,0.657486909,0.736974089
Tmem86a,0.544968074,0.433594568
Myt1,0.412343077,0.838431135
Tsacc,0.110959191,0.875142433
Mettl16,-0.682209246,0.013259886
Psen2,-0.297762185,0.30787542
Fads1,-1.465015636,0.000165463
Lmbr1,0.168236826,0.81885237
Cars,-0.595466963,0.033785608
Kdelr3,0.08307438,0.944240326
Apip,-0.470670637,0.2685846
Mcoln2,-0.867308548,0.000712021
Slc5a1,6.40361113,0.07012462
Tbrg1,-0.822602198,0.011463089
Adssl1,0.394277549,0.647762818
Cfap161,-1.176981139,0.598856381
Odc1,-0.403922559,0.411462797
Pabpc4,-0.471524943,0.042814629
Exoc3l2,1.772375163,0.137085254
Slc25a41,1.876005634,NA
Pinlyp,4.505069801,0.004684135
Pgam1,-1.029548667,0.008401558
Evi5,-0.166317552,0.61169397
Evi5l,0.588829244,0.097566186
Scarf2,3.662941151,2.79E-05
Mogat1,-1.423034187,0.433773288
Tmem167,-0.770502892,0.022837729
Steap4,0.375524428,0.774866899
Kif11,-1.562640252,0.001438722
Rpa3,-0.887207703,0.047082077
Mlkl,0.532779837,0.463500943
Acp4,-1.28232232,0.035799975
Etv5,1.423063123,0.00269317
Tmem190,-1.380965421,0.102889446
Enkd1,-0.854871969,0.381475995
Atp6v0d1,0.29836031,0.322224098
Ptprs,0.054060529,0.938292831
Fer1l4,1.341668478,0.651861723
4931406B18Rik,1.836197678,0.129006878
Zfp651,1.874544397,0.015512433
Card14,0.357974651,0.841113932
Snx31,-0.162363989,0.899601215
Cad,1.488003028,1.60E-05
Atad1,-1.056223806,0.000529691
Timm23,-1.322324893,0.011365184
Tnfaip8l2,-0.28595032,0.377036404
Trnt1,-1.039802909,0.00042733
Elof1,-0.477972141,0.316946211
St3gal1,-0.288788336,0.658130522
Mcemp1,0.264377586,0.737099279
Dynlt2b,-0.572466148,0.268096936
Chp1,0.125952493,0.768333413
Cacybp,-1.965873958,6.24E-06
Ndufa2,-0.434717708,0.540872376
Pam16,-0.01965303,0.976378849
Mertk,0.361941357,0.501369374
Piezo1,0.813942281,0.004252182
Blk,-0.177081026,0.636862722
Rnf166,-0.744358172,0.01419306
Pkd2l2,-0.038081785,0.955456305
Klra17,-0.803994615,0.461651044
Wdfy2,0.259354982,0.542222769
Csf1,2.140194736,5.71E-09
Kif1a,0.294845667,0.850949385
Slc25a11,-0.524970212,0.340859458
Ceacam16,0.818330604,0.012617158
Ankrd53,-0.742391591,0.511051196
Pdcd2,-0.911790386,0.023011823
Nol3,1.089620961,0.502068806
Slc9a5,-0.186299734,0.815433887
Adamts13,0.571040094,0.706537554
Surf4,-0.814951153,0.013041738
Surf2,-0.779845573,0.003033856
Naf1,-1.463028683,1.78E-06
Ppp1cb,-0.383074975,0.39783839
Trappc2l,-0.565568206,0.154592569
Galns,-0.336438359,0.2545195
Gata2,1.078140582,0.561198961
Clic3,-0.497998497,0.381112865
Slc25a13,-0.439792618,0.360638411
Tsr3,-0.670858895,0.100696885
Actn1,0.599222166,0.30787542
Nolc1,-1.134729019,8.16E-07
Map2,0.669111858,0.502493963
Abca1,0.306592868,0.469105882
Nipsnap3b,-0.629118485,0.14945933
Ubl4a,-0.836776199,0.029069525
Gdi1,0.200353295,0.60224067
Sash1,0.205186792,0.753971258
Slamf6,-0.138093465,0.572880196
Slamf1,-1.004561095,2.27E-05
Cybb,-0.956446999,7.00E-05
Xk,-0.972136719,0.002601189
Pcolce2,-0.011603864,0.985741789
Cd48,-0.666123168,0.104466879
Cd83,-0.455824548,0.358972058
Notch4,0.22624107,0.706596077
Ppt2,0.081488563,0.911270126
Fam163a,3.108383424,NA
Hivep2,0.077595778,0.860387919
Itga2,0.215506089,0.845846207
Atp6v0e,-0.462682748,0.160415387
Zfp318,0.577181698,0.100175585
Ttbk1,1.480261116,0.126894218
Hspa8,-2.172172337,3.39E-05
Psma2,-0.914430767,0.012332192
Plekho1,-0.12107182,0.748407198
Aph1a,-0.67048735,0.072876039
Eps8,1.738916826,3.33E-07
Med22,-0.519537178,0.271432019
Med28,-0.918510864,0.040319813
Qdpr,-1.11076238,0.015071386
Gnrh1,-0.771404791,0.308033909
Rxrg,1.29680217,0.373032651
Rxra,0.252530378,0.735742839
Cd5l,0.249412979,0.791350071
Ncapg,-1.501964868,0.011376149
Lcorl,-0.627504092,0.069514417
Lta4h,-0.910656618,0.017096249
Dstn,1.916238707,1.57E-07
Fcgr1,-0.533751853,0.39947687
Wnt11,1.777595377,0.552476434
1700016C15Rik,-0.89861102,0.542660867
Cacna1d,0.881723434,0.098503818
Chdh,-0.363253079,0.758042965
Stk32c,0.674661875,0.693357878
Fli1,-0.106116132,0.753741718
Stard13,-0.206597169,0.921222847
Camk1g,0.967827259,0.519814294
Hsd11b1,0.763334896,0.039909388
Syt14,-0.446168394,0.777560804
Atp5e,-0.246510894,0.731876425
Tubb1,0.973900438,0.406530483
Slc25a5,-0.779883027,0.053903962
Ppdpf,-0.523630716,0.206088478
Col20a1,-0.510300116,0.340859458
Plgrkt,-0.026693388,0.947754019
Dyrk3,2.759135996,2.81E-09
Il10,-0.433460581,0.870004979
Foxred2,-1.124170567,0.002017089
Eif3d,-0.847860622,0.004837388
Phf21b,0.323885624,0.791350071
Cmah,0.193348617,0.615200806
Sulf1,0.148966628,0.924594669
Slpi,0.040652467,0.960556051
Rbpjl,0.693426735,0.288230682
Sdc4,-0.673990444,0.037440067
Il13ra1,-0.086162642,0.910723468
Brca1,-0.691421599,0.119845821
Mpp2,-0.013251315,0.995285509
Aldoc,-0.491560092,0.441303791
Stac2,2.008832074,0.000468374
Cacnb4,0.112581362,0.855071857
Plxdc1,0.582615925,0.591120117
Timp2,0.313634764,0.624158935
Cdc6,-2.008241216,0.001421297
Crlf3,0.054324647,0.891245525
Mmp9,0.054787047,0.975924207
Pltp,0.663232956,0.079235273
Ctsa,-0.426919356,0.06848233
Spata25,-0.653034768,0.618967907
Myo1c,-0.047440136,0.909924459
Retreg3,-0.106849554,0.81885237
Dhx58,0.123019769,0.805670204
Nkiras2,-0.489533405,0.185854255
Eya2,1.065713194,0.355270925
Gdap1l1,1.399527513,0.714191185
Ptgis,-0.306576652,0.706088486
Ddx27,-0.59325757,0.004503517
Cyth4,-0.009447207,0.973544975
Rac3,4.497294444,3.36E-22
Rrp7a,-0.880197269,0.000266407
H2bc4,-0.695464167,0.177969389
Ikzf3,-0.474979478,0.138453626
Mfng,-0.387553322,0.20734931
Gdf9,0.376028535,0.869303557
Psmb6,-0.731043473,0.063658126
Pfn1,-0.630741366,0.054492064
Tomm34,-0.671185036,0.006249539
Ksr1,0.694428034,0.003202234
Anxa6,-0.200967602,0.523008367
Kpna2,-1.543728553,1.78E-05
Cuedc1,2.20611994,8.16E-07
Srsf1,-0.953910068,0.009912588
Abi3,-0.235421961,0.592303934
Shroom1,0.238742895,0.772871116
Septin8,0.210133932,0.845716034
Mrm1,-0.67418184,0.207497066
Gid4,-0.685859115,0.042057636
Ypel2,1.317828583,0.001722498
Akap1,1.409047778,0.000801628
Nol11,-0.491706445,0.181374694
C1qbp,-0.474471899,0.067125609
Rpain,-0.209494895,0.718987911
Slc13a3,1.618023931,0.140633912
Kcnab3,-0.400760177,0.855071857
Chd3,-0.5756608,0.056534897
Kdm6b,0.911015261,0.123168565
1700001P01Rik,-0.799273871,0.571340766
Trim37,-0.522936958,0.08027765
Elp5,-0.566066844,0.142205233
Slc2a4,6.485622686,0.005056466
Gabarap,-0.349875356,0.370353144
2810408A11Rik,0.359912337,0.63401528
G3bp1,-0.917058758,0.00122899
Atox1,0.165096247,0.814680949
Sparc,0.721074992,0.505552102
Mief2,-0.225430388,0.592303934
Tbx3,1.076499082,0.691603285
Crhr1,1.529090192,0.526633664
Tada2a,-0.628262674,0.099771406
Ikzf1,-0.908528083,1.85E-06
Pnpo,-0.435231053,0.37919017
Copz2,0.459380817,0.667595629
Slc25a39,-0.570673882,0.383611906
Aatf,-0.868054994,6.51E-07
Lhx1,3.636315489,NA
Slc25a35,-0.240440051,0.635568785
Zbtb4,-0.341063423,0.280489754
Atp5g3,-0.890632463,0.071983994
Cd68,-0.049397916,0.945296251
Acsl1,-0.621804746,0.053274323
Lsp1,0.445037129,0.140566434
Myh11,0.607201666,0.624641476
Fndc8,-1.716686333,0.047913125
Pank3,-1.375012388,0.00109106
Rars,-1.154616891,2.47E-07
Slc22a5,-0.316556999,0.495212028
Arrb1,0.141114829,0.774489959
Alox15,2.068504245,0.154601413
Ccl6,0.538497591,0.5408616
Ccl4,0.146143147,0.933868523
Natd1,0.831364654,0.018135787
Ywhah,-0.99426632,0.006553216
E2f2,-0.325263059,0.417202896
Fis1,-0.298097283,0.550608022
Rab3d,0.471954891,0.427456867
Mfsd3,-0.228668255,0.772871116
Dnase1l1,0.500519437,0.304658679
Isyna1,-0.818812473,0.059207083
Tmem160,0.08463061,0.899601215
Lhx9,1.911628493,0.084356401
Tmem129,-0.567080968,0.247771604
Atp6v0a1,-0.584894213,0.023219966
Grb7,-1.057503577,0.014015385
Noxo1,1.89102045,0.018565236
Gdpd2,0.733219863,0.686208615
Calm3,-0.884583311,0.018181781
Ffar3,0.146045681,0.899236651
Tlcd1,-0.724406718,0.051036793
Arhgef25,-0.042484334,0.985166063
Rab4a,0.391936043,0.759863457
Trip10,-0.641866797,0.120124545
Rcn3,0.357297166,0.693037448
Arid3a,-0.913713043,0.000793827
Akt3,0.14633268,0.620179846
Lyst,-0.753584188,0.000678811
Calr3,-0.92014508,0.266539248
Syne4,0.489170445,0.541782009
Polr2i,-0.761841204,0.095744156
Esr1,1.159421544,0.003240677
Fbxo5,-0.576634917,0.235755933
Hdac2,-0.494068657,0.145167332
Rwdd1,-1.058337227,0.000266407
Hint3,-0.171171739,0.778971132
Lrp11,0.945895918,0.084356401
Nr2e1,2.229435221,0.294697479
Aig1,0.045315702,0.881632416
Fuca2,0.186238074,0.675191712
Ltv1,-0.524654201,0.025953635
Plagl1,2.544638755,0.255734275
Cd164,-0.755237766,0.017018103
Utrn,2.517182645,5.12E-15
Smpd2,-0.412894473,0.297534207
Mical1,-0.351268781,0.234203292
Rab32,-0.139437319,0.865383281
Gtf3c6,-0.50054122,0.1080783
Slc16a10,-0.059053449,0.926377179
Fyn,0.794793951,0.00450927
Lama4,0.686911391,0.689849394
Tnfaip3,-0.022328792,0.959686777
Arfgef3,1.048742155,0.732639635
Asf1a,-0.73443114,0.046564442
Qrsl1,-0.521611027,0.218509054
Smpdl3a,0.392159805,0.542222769
Lama2,0.91350221,0.667595629
Lims1,-0.073765181,0.877805471
Ube2d1,-0.138053945,0.663078301
Cdk1,-1.410971024,0.007944843
Atp2b1,-0.432411998,0.008292946
Rhobtb1,0.518814866,0.397113896
Actr6,-0.841283205,0.025897728
Uhrf1bp1l,-0.637275125,0.001166422
Poc1b,-0.252456881,0.439194311
Dusp6,-0.439121527,0.248182881
Kitl,-0.168559821,0.850665531
Sgk1,0.559064253,0.166722477
Cep290,1.627023531,8.72E-05
Epb41l2,-0.392961128,0.153172689
Apaf1,3.858235963,1.18E-34
Myb,0.149654045,0.84161276
Ahi1,2.59940887,6.67E-09
Ccn2,0.386749513,0.825659172
Stx7,-0.331852196,0.268929768
Vnn3,0.105164305,0.905442521
Hal,1.14331832,0.267987724
Snrpf,-0.793255375,0.023896629
Fgd6,0.154523462,0.634022126
Ndufa12,-0.962105118,0.00844767
Nuak1,-0.942220375,0.047507869
Tcp11l2,1.1695131,9.75E-06
Igf1,0.477775008,0.474336128
Mybpc1,0.403143034,0.757479202
Slc5a8,3.369523624,NA
Ddx21,-0.73265189,6.61E-05
Srgn,-0.526757874,0.107622982
Supv3l1,-0.566608972,0.002952796
Hkdc1,2.310599443,NA
Macroh2a2,2.791995829,4.33E-08
Sar1a,-0.901224526,0.013218445
Ppa1,-1.693350022,0.00066114
Pald1,0.592883414,0.480802636
Vsir,0.552232338,0.086246676
Slc16a7,0.83379696,0.002242168
Ddit4,2.57345797,5.24E-06
Cand1,-0.933613031,0.001353202
Pno1,-1.015749212,0.00234894
Srgap1,0.990799481,0.578192653
Elane,-5.299437525,NA
Vps54,-0.272692453,0.421921835
Pcsk4,-0.630806187,0.386423883
Peli1,0.272065923,0.428442504
Lgr5,0.944590985,0.151210764
Slc1a4,-2.851012105,9.04E-08
Ptprb,0.671378833,0.597309674
Pwwp3a,-0.760726511,0.007152201
Uqcr11,-0.790493787,0.080462987
Tcf3,-0.471063336,0.221774813
Rab36,0.560921315,0.736359624
Grb10,2.600047896,0.011463089
Snrpd3,-0.256312005,0.598678476
Cpm,0.067882391,0.900523395
Mdm2,3.052092912,8.47E-41
Csrp2,0.893790483,0.125723361
Osbpl8,-0.6442912,0.005834034
Phlda1,2.675425377,1.35E-05
Glipr1l2,3.408960678,0.070910183
Jsrp1,-1.045369206,0.706596077
Timm13,-0.791160516,0.090692941
Llph,0.080524683,0.818099348
Irak3,0.396128249,0.372267526
Dip2a,0.278197614,0.558908289
Nfyb,1.881848334,5.32E-07
Txnrd1,1.018744473,0.000574358
Ppm1m,0.093317096,0.83035407
Hint1,-0.857588926,0.051004874
Stk10,0.254211509,0.340159834
Il9r,-0.837241169,0.101571505
Rhbdf1,-0.748060267,0.151815126
Ahsa2,-1.927777256,0.001268106
Hbq1a,1.653881808,NA
Cdc34,0.730638839,0.076127986
Tpgs1,-0.482054539,0.353383224
Sptbn1,0.063569126,0.869701041
Theg,0.040701658,0.989275208
Mdh1,-0.674987088,0.132938993
Fstl3,1.181300939,0.204931263
Ccng1,3.802146284,8.92E-34
Nudcd2,1.37215693,2.21E-05
Slc22a4,-0.244830391,0.905442521
Mgat1,-0.154191794,0.779818222
Flt4,0.687483976,0.592303934
Hnrnpab,-0.91711962,0.000159557
Hspa4,-1.168707207,0.000167277
Canx,-0.230152484,0.66818087
Rufy1,-0.193009012,0.508266563
Rnf130,-0.381958017,0.195515651
Sar1b,-1.120979744,0.015071386
Pdlim4,0.253275585,0.8216227
Cdkn2aipnl,-1.062710088,0.002601189
Nefh,-0.557766402,0.256740674
Havcr2,-0.125295952,0.905442521
Fam71b,0.845311136,0.693037448
Tns3,-0.164880046,0.788066826
Btg2,1.968188837,9.24E-08
Igfbp3,1.869851099,0.333727635
Pes1,-0.819205473,0.001680957
Adcy1,1.977052873,0.164453108
Tcn2,1.249164189,0.000321164
Guk1,-0.620962962,0.099886577
Npc1l1,-0.763264232,0.629744206
Cfap36,-0.258979583,0.386595552
Pold2,-1.335584543,1.81E-05
Aebp1,-0.235829053,0.819556515
Ankrd36,1.307809115,NA
Xbp1,-0.849349285,0.0909521
Ska2,-0.039234477,0.935168082
Rnf187,-0.68430959,0.144206015
Galnt10,0.297806354,0.38313611
Gria1,7.338401662,NA
Ppm1d,2.607592773,4.68E-20
Myo19,0.050556207,0.915396064
Acaca,-0.596487667,0.028137426
Shmt1,-1.385009526,4.32E-07
Drg2,-0.44201511,0.380695457
Myocd,1.184015609,0.532113492
Bzw2,-1.305200785,4.75E-05
Elac2,-0.932738358,0.000224249
Polr1f,-0.875018437,0.003039595
Atxn7l1,0.673270403,0.04849576
Sypl,-0.118424791,0.737418348
Pdia6,-1.003694252,0.010294466
Nampt,-0.975999983,0.0015605
Pik3cg,-0.231377073,0.607339762
Tspan13,0.253659603,0.437410779
Cyria,0.749692251,0.009674815
Sdc1,2.638295918,5.90E-10
Lpin1,4.669330949,5.41E-44
Trib2,2.703357961,1.48E-12
Apob,4.982899879,NA
Amz2,-0.442623787,0.254853256
Gna13,-0.639470198,0.089347393
Map2k6,0.283407384,0.47923108
Klhl29,0.941662376,0.468635428
Cmpk2,0.353763304,0.553733545
Pfn4,-2.140040797,NA
Rsad2,0.423042755,0.856351236
Rnf144a,2.047641713,1.18E-09
Mboat2,-0.494860683,0.830235543
Dus4l,-1.300165919,0.0011231
Rrm2,1.728526841,0.00180139
Klf11,1.011065528,0.024032764
Grhl1,-0.658981798,0.305510693
Sh3yl1,4.700576073,1.14E-11
Pxdn,1.084625587,0.598575874
Ace,1.45982252,0.235972254
Rasl10b,2.069371394,0.301312358
Mettl2,-0.701280741,0.010019728
Nle1,-0.375376797,0.294697479
Mrc2,2.217480662,0.0636415
Lig3,-0.629639309,0.060932639
Tmem132e,0.726852645,0.777560804
Asic2,4.45724245,NA
Ftsj3,-0.738515862,0.003891292
Psmc5,-0.757842554,0.006546437
Adap2,0.308072219,0.687754845
Tcam1,-0.509534925,0.302180634
Pecam1,0.294913326,0.178633197
Cacng4,1.558954874,0.152336855
Cep112,1.010145604,0.562355135
Grin2c,1.280157658,0.471388213
Jpt1,-0.570704231,0.266569495
Sumo2,-1.123738905,0.001145069
Nup85,-0.983029239,0.001235397
Cluh,-0.49590584,0.109005788
Pafah1b1,-0.544149188,0.124810673
Recql5,-0.141934812,0.792185345
Itgb4,-0.950545477,0.092051054
Galk1,-1.330572732,0.000460007
Mrpl38,-0.7865102,0.035109023
Acox1,0.044295272,0.902571564
Tsen54,1.14580871,0.0083911
Camkk1,-0.138463445,0.844976861
P2rx1,0.661896946,0.685697893
Atp2a3,0.215796374,0.70504351
Ankfy1,-0.274967466,0.24980312
Spns3,0.110868906,0.859975034
Med31,-0.466074879,0.380943304
Aanat,2.0544902,0.000930186
Rhbdf2,2.573907067,1.65E-20
Cygb,0.12259108,0.95324521
Snhg16,-0.33762948,0.350183273
Kif1c,2.053516695,3.66E-12
Sec14l1,0.050788368,0.915090867
Nos2,2.20536389,0.2545195
Dhrs13,-1.008856742,0.223968481
Slc6a4,0.222376264,0.90728783
Rph3al,0.279403924,0.621225144
Nme2,-0.655562792,0.21191659
Abcc3,0.165499317,0.837630454
Cacna1g,0.997272974,0.75573924
Lrrc59,-0.979852836,0.000398358
Slc35b1,-0.923901986,0.017069533
Snx11,-0.402540823,0.344970589
Scrn2,-0.48014714,0.463614104
Lrrc46,-0.152713582,0.944246852
Tmem107,-0.982415303,0.422173264
Aurkb,-0.210396469,0.746827952
Ctc1,3.02605242,2.77E-22
Pfas,-0.489590067,0.14945933
Myh3,1.526648667,0.47595517
Top2a,-1.514110666,0.000249858
Kat2a,-0.751894417,0.013115419
Stat5b,0.078266163,0.790266237
Lsm12,-0.94593976,4.81E-05
Adam11,1.007315754,0.245779749
Efcab15,0.140790871,0.94907506
Klhl28,-0.260385403,0.667043778
Fkbp3,-0.77140033,0.037019935
Coch,0.54118403,0.479768272
Ap4s1,-0.730465645,0.010088322
Ston2,0.57560921,0.550608022
Pole2,-1.024307821,0.006984175
L2hgdh,-1.046545421,0.003346817
Cdkl1,-0.776551515,0.162245667
Ttc8,-0.219102334,0.861949521
Polr2h,-0.551549199,0.319880699
Psma6,-0.912786028,0.005420533
Ngb,1.564980036,0.301691063
Ahsa1,-1.706731509,0.000377784
Slirp,-1.004568679,0.005605812
Mthfd1,0.417417994,0.379561172
Sptb,-0.272043161,0.831660134
Pygl,0.382166725,0.646951339
Trim9,0.578840764,0.469516276
Tmx1,-0.680447074,0.068217846
Timm9,-1.155680233,0.008154695
Rtn1,0.547476409,0.544662932
Serpina3n,4.029450665,NA
Eif2s1,-1.026414364,0.000109703
Plek2,-0.268866796,0.871058611
Rdh12,0.395286922,0.296704128
Galnt16,0.124775293,0.966517955
Erh,-0.814961828,0.001917558
Smoc1,0.531999649,0.745529263
Gtpbp4,-0.946098687,1.76E-05
Zmynd11,-0.070000211,0.828039535
Esyt2,0.349181006,0.319844802
Cdca7l,-1.543095359,1.15E-05
Rps6ka5,1.290379716,2.09E-06
Dglucy,5.054393688,4.77E-62
Fbln5,2.556584574,0.13226398
Atxn3,-0.604241063,0.015731777
Lgmn,-0.081639347,0.855216538
Pitrm1,-1.233213605,0.000241812
Chga,1.072267657,0.618967907
Pfkp,-0.819180283,0.000549328
Asb2,-0.196470573,0.757629324
Otub2,-0.110613004,0.831805609
Akr1c13,0.334299537,0.740569516
Tshz3,1.561434867,0.211528248
Dpf3,0.280644935,0.899236651
Dcaf4,2.848195953,7.23E-18
Papln,3.130805679,2.70E-05
Entpd5,-0.949033435,0.000279409
Aldh6a1,0.069323906,0.858980533
Fcf1,-0.613534826,0.028183411
Erg28,-0.875455225,0.003621561
Tgfb3,-0.670154293,0.381112865
Evl,0.406944627,0.079347593
Degs2,-0.233415985,0.532113492
Slc25a29,-0.157074711,0.855216538
Hsp90aa1,-2.51729526,1.97E-06
Fdft1,-0.709699806,0.103156002
Cinp,-0.904232784,0.006336614
Amn,-0.18794578,0.875142433
Exoc3l4,-0.020729089,0.991901442
Tnfaip2,0.462690699,0.553345109
Zfyve21,1.988578755,0.000125898
Atp5mpl,-0.479110309,0.492668062
Kif26a,0.510480899,0.858250839
Gpr132,1.24513068,0.000357893
Gng4,0.665961646,0.745599895
Gpr137b,-0.211690956,0.557838804
Amph,6.550442842,NA
Trim27,-0.896346605,0.00169778
Tfap2a,2.108480987,0.015033002
Tmem14c,-0.74292757,0.060330782
Nedd9,-0.549702027,0.03083063
Susd3,-0.025022863,0.958819084
Aspn,0.123848637,0.939519098
Ogn,-0.890674979,0.394239943
Nol8,-0.80873232,0.001670837
Spin1,-0.5579539,0.155368859
Pxdc1,-1.156944953,9.98E-06
Ctsq,1.444143626,0.697090936
Gadd45g,0.107680711,0.815267947
Ror2,1.257255317,NA
Sfxn1,-1.203141411,0.000240355
Habp4,0.150694145,0.673902154
Drd1,0.632440879,0.461101699
Prxl2c,1.259663061,2.24E-06
Mxd3,-0.615056858,0.250628419
Prelid1,-0.619268453,0.086241685
Slc34a1,3.427395538,NA
F12,2.233485536,0.117241698
Pdlim7,-0.078201108,0.886503915
Txndc15,-0.696209147,0.107754187
Ptdss1,-0.98072353,0.005605812
Ccnh,-0.835957903,0.003202234
Golm1,-0.227276088,0.493964869
Dapk1,1.813001177,0.049712784
Trip13,-1.311305663,0.004476692
Cep72,0.074228537,0.909246654
Tppp,-0.410714896,0.446362274
Pdcd6,-0.627872993,0.074934626
Erap1,-1.010265762,0.008085274
Cast,1.822660552,1.94E-17
Spata9,-0.401041842,0.84205706
Glrx,0.670717905,0.164304371
Arsk,-0.187046049,0.741550185
Nsun2,-1.099542122,7.94E-05
Mctp1,0.295950207,0.691443856
Slf1,-0.599741571,0.132412414
Ndufs6,-0.682688211,0.086638901
Mrpl36,-0.718581985,0.270425967
Tert,1.315178778,0.006299198
Vcan,1.709938435,0.009213874
Cd180,-1.525263256,8.32E-12
Marveld2,-0.422332373,0.469105882
Naip1,-0.271719151,0.888222703
Serf1,-1.031408392,0.305504149
Smn1,-0.723304351,0.002612524
Mccc2,-0.027533191,0.964953277
Ptcd2,-0.980603238,0.00817965
Btf3,-0.587898111,0.183431079
Arhgef28,1.767783231,NA
Hexb,-0.096652996,0.761438624
Polk,3.764610575,4.49E-54
Cert1,-0.09874565,0.858044517
Hmgcr,-1.346665968,4.61E-07
Pde8b,-0.012546086,0.991878438
Dimt1,-0.726275775,0.023559882
Depdc1b,-0.119901708,0.933868523
Plk2,7.197065289,3.44E-48
Serinc5,1.156338524,0.015253785
Dhfr,-1.121022879,0.01419306
Rasgrf2,0.307499054,0.388308024
Cenpk,-1.031447657,0.180692508
Rnf180,0.852903646,0.289209684
Parp8,0.296947246,0.220207543
Fgf10,1.59728042,0.247290284
Slc4a7,-0.200080298,0.648859177
Psmd6,-0.884992411,0.025156451
Oit1,-0.025487352,NA
Map3k1,0.082674486,0.858044517
Vdac2,-0.682861197,0.018643862
Dlg5,1.131453838,0.534124096
Prxl2a,-0.013925202,0.985927477
Bmpr1a,0.363083746,0.815433887
Nid2,0.910831308,0.199224376
Ecd,-0.806966341,0.01373555
Anxa7,-0.503273021,0.051539597
Vcl,0.136709656,0.758920104
Txndc16,-0.158265335,0.630279089
Ero1a,-0.823344113,0.011985304
Psmc6,-0.803996359,0.021820811
Samd4,0.12629927,0.905442521
ccdc198,-0.404498499,0.873740911
Slc35f4,-0.15272976,0.935168082
Anxa11,-0.062658388,0.86477561
NA,0.364364627,0.722630706
Ppif,-0.905334518,0.008348486
Gm49342,-0.881820971,0.021369733
Rnase4,0.372048755,0.75427548
Dnah12,2.929663398,0.0043326
Rnase6,-0.059982607,0.916059231
Eaf1,-0.867614205,0.005073931
Mettl6,1.395312853,4.00E-08
Sh3bp5,0.095596876,0.878354468
Arhgef3,0.948557958,0.00202769
Btd,-0.38664928,0.348128773
Ncoa4-ps,-0.042827948,NA
Ogdhl,3.762283253,0.001405175
Spcs1,-1.057848431,0.004504908
Ebpl,-0.094013267,0.871731485
Ctsb,0.322529997,0.544374159
Zmym2,-0.281335082,0.267987724
Cryl1,0.673033067,0.22591844
Tkt,-0.983193066,0.007652767
Pinx1,-0.559540374,0.048878054
Lats2,0.843779564,0.003956947
Zdhhc20,0.138581372,0.714198055
Fgf9,1.73535729,0.036275324
Atp8a2,0.518049782,0.650465193
Amer2,2.677546641,0.14945933
Mtmr6,-0.266101215,0.231879921
Spata13,-0.052095476,0.881632416
Lrrc63,1.552550226,0.18558433
Lcp1,-1.016874315,7.26E-05
Slc25a30,0.088241269,0.850949385
Nufip1,-0.842604671,0.004684135
Tsc22d1,1.046114129,0.006207148
Epsti1,0.410343173,0.12606199
Tnfsf11,-0.591152864,0.779746911
Rgcc,1.681577743,0.047098751
Pbk,-2.463264015,0.000389006
Clu,0.80485386,0.447561636
Ephx2,0.241673391,0.88580221
Trim35,-0.242050297,0.574166373
Stmn4,2.807494627,0.352051385
Dpysl2,-0.321641807,0.38447003
Bnip3l,0.533628753,0.315792258
Ebf2,0.733054527,0.815433887
Nefm,2.268224962,0.095270225
Adamdec1,-0.337326194,0.545713622
Entpd4b,-0.333366725,0.154798731
Bora,-0.858099987,0.011093282
Tnfrsf10b,2.637991564,2.90E-20
Rhobtb2,-1.135378507,0.000691238
Slc39a14,1.363456566,1.51E-05
Bmp1,2.850699808,9.32E-06
Gfra2,0.273131287,0.748879296
Rb1,1.823646679,6.01E-06
Itm2b,0.27656958,0.402386966
Uchl3,-1.469397785,5.47E-08
Gpc5,1.185924675,0.445941919
Ednrb,2.397289065,0.030114785
Cln5,-0.572148385,0.081156299
Acod1,0.574962578,0.820493177
Cldn10,1.269251031,0.079396761
Mbnl2,0.719170859,0.000406693
Lrp10,-0.192243661,0.61853782
Haus4,-0.482563663,0.238002313
Slc7a8,1.048863708,0.203016218
C6,-0.043752893,0.964953277
Oxct1,-0.605638794,0.047245145
Psmb5,-1.066270055,0.01797105
Pdzd2,1.858389582,5.38E-06
Slc22a17,0.279399965,0.788066826
Golph3,-0.661281245,0.11305668
Sub1,-0.509790584,0.090478833
Sema5a,0.114572077,0.909421412
Cct5,-1.243140146,0.001084327
Cmbl,-0.758383049,0.11926712
Ankrd33b,-0.758268969,0.070232317
Ctnnd2,0.393056081,0.769290039
Tars,-1.228234888,6.58E-07
Rai14,0.464202898,0.717702365
Sdc2,0.189623493,0.938036172
Dnah5,4.439591574,NA
Trio,1.617295588,3.06E-07
Retreg1,0.238553199,0.579221859
Myo10,1.554642225,1.12E-05
Ywhaz,-0.40447132,0.195842944
Grhl2,2.888163618,NA
Rrm2b,0.35026027,0.236476202
Slc25a32,-0.858250882,0.038560275
Dcaf13,-0.946493694,0.000672475
Angpt1,0.015239559,0.991377646
Rida,-0.10202875,0.88323138
Pop1,-0.282139696,0.573558355
Khdrbs3,0.078677902,0.972143486
Sybu,0.005838728,0.997303229
Myc,-0.413277392,0.672093367
Sqle,-1.514252449,1.75E-06
Mtss1,-0.41392487,0.28924887
Ndufb9,-0.699728175,0.14945933
Fbxo32,0.95191895,0.010663051
Tbc1d31,-0.147681792,0.75573924
Derl1,-0.507788758,0.231098267
Has2,1.442892076,0.465564841
Col14a1,-0.196612664,0.820725668
Sla,-0.257094816,0.540863498
Lrrc6,5.65456803,NA
Asap1,0.360561477,0.180532405
Gtse1,5.742653392,2.97E-38
Tef,1.783763626,1.59E-06
Rangap1,-0.794001802,0.029733516
St13,-1.32941499,0.000212206
Cacna1i,0.100754883,0.862273466
Enpp2,0.111902952,0.909643395
Tomm22,-0.731497372,0.086111955
Cby1,3.062635278,4.88E-12
Sh3bp1,-0.712560194,0.003654601
Parvg,-0.4604657,0.203740263
Cyp2d26,0.57354325,0.811122358
Naga,0.470897267,0.164440449
Slc38a2,-0.773893236,0.016673661
Rpap3,-0.914290686,0.000474751
Endou,-0.19965551,0.774489959
Rapgef3,2.583760775,5.65E-11
Xrcc6,-0.460038341,0.20802042
Pmm1,1.094623964,0.017069533
Hdac7,0.033651816,0.953358823
Polr3h,-0.924163377,0.000425272
Col2a1,2.520850347,0.075682715
Nckap1l,-0.148386462,0.67219645
Shisa9,3.280824943,NA
Tnfrsf17,-0.109759281,0.94288499
Ciita,0.034847327,0.915396064
Emp2,0.836259704,0.60588516
Bcl6,-0.879492485,0.000139445
Trp63,5.063748385,NA
Mgrn1,0.329790284,0.322177568
Srl,0.459718741,0.508266563
Cyc1,-0.910342325,0.039879048
Maf1,-0.105852324,0.858044517
Hgh1,-0.827348481,0.012016814
Bop1,-0.821241835,0.014893429
Grina,0.357888173,0.206111768
Plec,1.177565527,0.000112975
Pycrl,-1.207586155,0.014179749
Gpihbp1,0.304050129,0.896090773
Ly6g,-1.587601538,0.572846117
Ly6c2,-0.203481939,0.832343801
Ly6i,0.594441705,0.708434405
Ly6e,-0.24268265,0.591120117
Cyp11b2,1.666800774,NA
Lynx1,-0.15630653,0.81769116
Slurp1,-1.578292861,1.04E-05
Arc,1.337343445,0.09436118
Cep97,0.204803226,0.542660867
Mapk12,-0.587194037,0.254413426
Mapk8ip2,4.698175246,0.063003106
Arsa,0.336851675,0.501885623
Shank3,1.009177683,0.364014541
Kif21a,0.700674868,0.792798394
Yaf2,-1.064565347,0.000468512
Alcam,-0.052179366,0.885112202
Retnlg,0.213552765,0.909246654
Gcsam,-0.38614713,0.798707156
Cd200,-0.604503827,0.078567439
Ccdc80,1.930434344,0.225188312
Mcm4,-1.224996763,0.000169114
Cep20,-0.322681727,0.491316304
Rrn3,0.504790514,0.211028971
B3gnt5,-0.780059598,0.001077615
Boc,1.917539212,0.439194311
Sidt1,0.631831766,0.106671914
Qtrt2,-0.840064595,0.03782996
Drd3,0.039934041,0.985927477
Crybg3,0.196101498,0.607454462
Cmss1,-0.863551067,0.094388359
Klhl22,2.314685057,5.70E-08
Tomm70a,-0.81685104,0.021197694
Tfg,-0.867346427,0.003905826
Serpind1,-0.094312286,0.915396064
Ccdc116,-0.420401983,0.248493503
Sdf2l1,-1.323588689,0.004359533
Igsf11,2.128966178,0.008048208
Tnk2,-0.392512199,0.302180634
Yars2,-0.930082494,0.027138384
B4galt4,-0.616184276,0.330391272
Tfrc,-1.374725116,7.17E-05
Arhgap31,0.611592238,0.250410403
Fyttd1,-0.806653632,0.058010435
Umps,-1.628381124,4.62E-06
Itgb5,0.029486999,0.963201478
Cyp2ab1,1.400735651,0.330404629
Ndufb4,-0.868173876,0.047771724
Hgd,0.685671745,0.788751478
Mylk,0.746466508,0.485517656
Ece2,-0.989427882,0.002120225
Clcn2,1.226393672,0.005940237
Ehhadh,0.465834976,0.207070977
Tmem41a,-0.297082907,0.727691212
Btg3,-0.646490637,0.408868108
Cxadr,0.645173416,0.359317414
Usp25,-0.147090739,0.650653399
Samsn1,1.064974115,0.002017089
Adipoq,0.709223254,0.756167906
Rfc4,-1.357680763,0.010574965
Robo1,0.108228342,0.951893981
St6gal1,0.154504992,0.63410199
Mrpl39,-0.845985727,0.006553216
App,1.054445859,0.001799997
Adamts5,0.543354096,0.700727598
Slc15a2,2.07089922,0.14945933
Ildr1,1.280703517,0.164306336
Cd86,-0.024547494,0.954903726
Parp9,-0.063877465,0.899370875
Psmg1,-1.134355867,0.00016848
Brwd1,-0.121012475,0.771261145
Fam3b,3.572404552,0.050672741
Pigp,-0.366211736,0.556385377
Dop1b,0.764158787,0.027113469
Cbr3,0.628288909,0.644185921
Runx1,1.083716391,2.71E-05
Atp5o,-0.797281483,0.04176206
Gart,-0.343536614,0.439013452
Tmem50b,-1.100150523,0.000558081
Cfap298,-1.514148551,9.39E-06
Mis18a,-0.172855519,0.798888914
Wnt10b,0.456866617,0.616638351
Dhh,3.405850761,0.018643862
Tuba1b,-1.520312666,0.000897404
Tmbim6,-0.256601835,0.398875262
Faim2,1.878612079,0.110939701
Racgap1,-0.304646844,0.349793986
Gpd1,-0.019182831,0.983124776
Cox14,-0.222313947,0.682499842
Lima1,-0.037485719,0.965239617
Larp4,-1.143120184,0.000454977
Cela1,0.97838894,0.248736273
Nr4a1,0.998351083,0.1571184
Csad,0.400463988,0.428878899
Amhr2,0.034944788,0.982990206
Calcoco1,1.415220662,9.54E-07
Cdkn1a,7.551267459,2.76E-43
Cep89,0.569399106,0.124810673
Mospd1,-0.287599843,0.538328276
Cxcl13,1.314580343,0.39783839
Gtf2ird1,1.146204083,0.00214493
H2-M10.2,-1.095882013,0.338232292
Ndufa5,-0.928587221,0.027964362
Msrb2,0.044188656,0.947754019
Rfc2,-0.318488417,0.392889584
Prmt5,-1.036005811,8.47E-07
Gzma,-0.197683408,0.852227007
Get1,-0.759550103,0.049232787
Lrrc69,-1.211326485,0.509333085
Rpp14,-1.055299164,9.61E-05
Slc38a1,-0.440542655,0.067192625
Vwa5a,-0.026752366,0.95324521
Epb42,-0.102242841,0.922962434
Kcnk5,-1.156726872,0.001851565
Parp3,-1.090995463,0.023461618
Acy1,-0.422480708,0.399036646
Gabrr2,-0.056329639,0.969803779
Creld2,-1.146800613,0.030422643
Twf2,-0.718314532,0.049712784
Dtwd1,-0.838843946,0.087326046
Gcm1,2.209026082,0.027975231
Clec4n,0.25615674,0.786588867
Tmem176a,0.096279432,0.906819568
Slc17a9,-0.399659515,0.263985841
Cela3b,0.967231301,0.743542188
Tpi1,-1.48700285,0.000188029
Cdca3,-0.881954132,0.189076653
Ccndbp1,0.396676348,0.276553182
Rsph3b,-0.045368106,0.939519098
Slc22a3,-1.014108199,0.63401528
Acat2,-0.511983647,0.293641418
1700010I14Rik,0.43833677,0.396512273
Phf10,-0.726992028,0.014775164
Smoc2,0.503993854,0.753741718
Zscan10,4.127957842,NA
Paqr4,-1.081479774,0.041501614
Pla2g7,0.889365626,0.202317237
Rhag,-0.309927635,0.684556168
Mrpl14,-0.60619991,0.376341399
Sgo1,-1.117632161,0.069091425
Slc29a1,-1.596510436,1.04E-05
Hsp90ab1,-1.125388334,0.005403621
Tcte1,1.326923713,0.425696128
Vegfa,0.558278772,0.542540047
Gtpbp2,0.103037444,0.848200891
Polh,-0.971001347,0.00642232
Enpp5,0.236369506,0.834910415
Cyp39a1,-0.088197632,0.900372752
Fbxl17,0.004960151,0.991901442
Crip3,0.966982271,0.109961253
Rrp36,0.91861579,0.007904069
Ptk7,2.630845676,0.101286524
Guca1b,-0.195559912,0.777560804
Guca1a,-0.875414985,0.613461151
Gm20517,0.123438964,0.875290264
Bysl,-1.074521934,1.22E-05
Tfeb,-0.580893381,0.107752014
Treml1,0.573149275,0.789854444
Tspo2,-0.635871833,0.579767744
Ppil1,-0.830471615,0.004299594
Mtch1,-0.405636713,0.205221642
Fgd2,-1.035608494,0.006401572
Abcg1,0.050668256,0.887495777
Wdr4,-0.548221292,0.203830394
Cbs,0.004422271,0.997113414
Sik1,1.341620571,0.015875488
Arhgap28,0.803552623,0.662482835
Epb41l3,0.115990808,0.892364133
Emilin2,0.176887535,0.878354468
Smchd1,-0.331045017,0.216648971
Ndc80,-0.327718279,0.537790777
Galnt14,0.782680255,0.416988391
Ehd3,-0.064556251,0.91254089
Xdh,0.682761728,0.409702664
Dpy30,-0.699882642,0.087623525
Spast,-0.625368726,0.071202678
Yipf4,-0.193162121,0.73753608
Ttc27,-0.68948364,0.084667936
Cebpz,-0.751978034,0.005237916
Qpct,1.354752763,0.373864717
Man2a1,0.153849239,0.666057425
Vapa,-0.81026959,0.017850488
Srsf7,-1.014244912,0.011330297
Twsg1,0.595543338,0.099065642
Ndufv2,-0.780359462,0.015122693
Cacna1h,0.914751523,0.238025929
Lrpprc,-0.706519187,0.017922179
Prss30,0.692163838,0.327896295
Abca3,0.564527509,0.004523489
Eci1,0.068193978,0.909246654
Pigf,1.528203249,0.001438722
Cript,-0.396904135,0.399602744
C3,-0.389167309,0.633374228
Nme4,1.579966718,0.002745287
Pgap6,0.113597139,0.774489959
Mrpl28,-0.620620413,0.205859598
Pdia2,0.092223321,0.960390758
Fam234a,1.042809606,0.000773073
Phf1,0.156019438,0.725380796
Cuta,-1.078585033,0.005418751
Plin3,-0.153923443,0.618577017
Rfx2,0.885692612,0.089614834
Uqcc2,-1.094075658,0.006535248
Ip6k3,1.272320908,0.69581347
Grm8,-0.327719847,0.845846207
Clps,5.333490168,NA
Svil,1.29316838,1.93E-07
Tmem178,0.755644714,0.770970591
Thumpd2,2.111493262,4.73E-10
Pkdcc,-0.045409041,0.972143486
Cox7a2l,0.408481175,0.234203973
Polr2d,-0.848366895,0.019338205
Thoc1,-0.6011218,0.064083204
Esco1,-0.661141202,0.048811227
Adamts10,0.019934108,0.964953277
Myo1f,0.194901055,0.767980603
Kifc5b,1.980989724,7.90E-05
Pfdn6,-0.764851432,0.059939521
Wdr46,-0.339724291,0.236613681
Rnf138,-0.755971956,0.011716524
H2-Oa,0.058388466,0.896090773
Psmb8,-0.843707697,0.012617413
Btnl2,0.389382615,0.432154819
Hspa9,-1.017313379,5.91E-05
Etf1,-1.160079347,5.49E-06
Nelfe,-0.62630789,0.052200973
C2,-0.26153797,0.656151411
Epb41l4a,-0.732876176,0.398875262
Stard4,-1.148805477,0.000581564
Bin1,-0.44389488,0.030422643
Csnk2b,-0.78338771,0.015888236
Myo7b,5.441639859,NA
Aif1,-0.278279625,0.72881735
Ltb,-1.508721333,1.21E-06
Tnf,-2.03527469,1.56E-09
Lta,-1.350366241,3.56E-08
Zfp521,-0.042654247,0.980057555
Lama3,0.688841802,0.761484946
Ttc39c,0.731908522,0.611658897
Ndfip1,0.326393365,0.325103147
Mrps18b,-0.677118809,0.024887042
Pcdh12,0.687591953,0.691130347
Arap3,0.27805592,0.760182981
H2-M5,1.013488148,NA
Gabbr1,0.352659778,0.42899491
Ap3s1,-0.291439657,0.598475647
Slc4a9,1.635459013,NA
Lars,-0.744435957,0.028299608
Dpysl3,0.804980394,0.578336184
Mbd2,0.105803846,0.72105894
Sec11c,-0.410291323,0.064853229
Pmaip1,3.148450129,7.30E-35
Srfbp1,-0.850308836,0.002383534
Lox,1.254610153,0.656934083
Spire1,-1.66193546,6.30E-06
Snx24,0.305358807,0.765567778
Psmg2,-1.04274971,0.014245554
Ppic,-0.275261331,0.908524003
Ldlrad4,0.818497077,0.121474097
Me2,-0.687027519,0.009798128
Grpel2,-0.842369991,0.006124121
Nars,-1.226937483,4.71E-06
Fech,0.245673322,0.881153738
Nedd4l,0.445006678,0.185904029
Tmx3,-0.72632035,0.069116572
Pdgfrb,0.940802824,0.554270511
Csf1r,0.102700442,0.886503915
Psat1,-1.717243294,7.68E-08
Cbln2,0.547511859,0.780176718
Anxa1,0.439995394,0.632082596
Rab3il1,-0.436058234,0.411462797
Fads3,-1.765358485,0.046749647
Fads2,-0.883835935,0.502068806
Tmem138,-1.020822959,0.068217846
Tmem216,-0.438380154,0.398080097
Ms4a7,0.056381498,0.9430502
Ms4a1,-0.675109378,0.148222516
Ms4a4c,-0.944562851,7.18E-06
Fam111a,-0.96200645,0.004110929
Lpxn,-0.803826032,0.0210655
Rfk,-0.294147299,0.42050531
Pcsk5,1.696503182,0.170641412
Carnmt1,-1.598493623,0.000349611
Trpm6,-0.409453112,0.86499398
Ms4a8a,0.752940224,0.549629361
Ccdc86,-0.149441628,0.720354371
Prpf19,-0.735135918,0.120619214
Tmem132a,-0.988509864,0.041491948
Fen1,-1.168829091,0.004036412
Syt7,1.334509346,0.168470702
Tmc1,1.798015078,0.246921046
Zfand5,-0.619629457,0.100998016
Slc22a19,0.593359487,0.422173264
Rtn3,-0.15450321,0.666248144
Atl3,-0.675170551,0.021215596
Cdc42bpg,4.779480032,9.30E-57
Ankrd22,-1.455539825,0.581861075
Stambpl1,-0.601581755,0.024351858
Ppp2r5b,0.019498287,0.976560359
Fas,1.669232608,0.00558828
Lipa,0.108709284,0.874911373
Rcl1,-0.84845716,0.000396753
Jak2,0.063816345,0.875290264
Sac3d1,1.242946842,0.00798053
Cdca5,-1.297571197,0.018638048
Tnfrsf25,0.616408363,0.70504351
Htr7,-0.388991863,0.848200891
Rad9a,-0.517416654,0.315792258
Mrpl21,-0.890744692,0.025919008
Coro1b,-0.106853665,0.791344666
Eif1ad,-0.992653944,0.000822108
Banf1,-0.416113231,0.274783321
Pitpnm1,0.75182721,0.002099425
Pold4,0.618675422,0.114413585
Pacs1,0.320289691,0.366139797
Cdk2ap2,-0.266896177,0.616638351
Pip5k1b,0.931832977,0.022822587
Aldh3b1,-0.498275925,0.130611856
Asah2,0.19981301,0.657397151
Rce1,-0.894251369,0.032073448
Slc29a2,-0.990653657,0.027092225
Minpp1,-1.38601735,0.000239671
Cpt1a,1.011828169,0.010084001
Peli3,4.4145802,1.06E-07
Mrpl11,-0.508191195,0.143617643
Fosl1,1.777730979,0.000184206
Slc1a1,0.203059014,0.90728783
Kcnk7,0.125981422,0.931961322
Ehbp1l1,-0.088836023,0.744879685
Fam89b,0.066945674,0.901271221
Capn1,0.35985565,0.190125298
Map4k2,0.26400937,0.581311457
Prdx5,-0.385556767,0.30787542
Gpr137,-0.419479518,0.324831956
Stip1,-1.708971957,0.000396753
Rcor2,-0.653170146,0.304318217
Tcf7l2,0.185933453,0.84247175
Hhex,0.893878317,0.025807833
Cep55,-1.164221393,0.091600657
Prdx3,-0.868615107,0.0661612
Plce1,0.285851589,0.798228578
Noc3l,-0.968110844,0.001283906
Hells,-1.350473456,2.75E-06
Sorbs1,1.00538663,0.011365184
Aldh18a1,-1.370359456,6.69E-08
Tctn3,-0.733784862,0.079353935
Ccnj,-0.541490464,0.144124946
Dntt,0.055926479,0.972143486
Add3,0.419928999,0.131671241
Arl3,-1.015479558,0.032672541
Fundc1,-0.399763866,0.369823283
Msr1,-0.045539562,0.970305736
Pcgf6,-0.80523805,0.047520367
Gsto1,-1.066717579,0.000556112
Casp7,2.054070291,6.54E-08
Afap1l2,0.397879155,0.815504112
Ablim1,0.227433435,0.545750396
Trub1,-0.28559117,0.329343692
Gfra1,-0.278459682,0.87749794
Hspa12a,-0.226902569,0.861821806
Slc18a2,-0.104594788,0.850559674
Btbd1,-0.975913794,0.000440938
Hdgfl3,-0.193925353,0.763961778
Ppp1r27,0.049803395,0.980057555
Ints4,0.22094786,0.521290177
Alyref,-0.830251643,0.017513535
Pcyt2,-0.740607458,0.019200764
Myadml2,-0.362006011,0.887537955
Cbr2,0.162537955,0.922106136
Maged1,-0.067550039,0.909924459
Fasn,-0.90032065,0.005954524
Arhgap19,-0.415895351,0.326811117
Gps1,-0.83654023,0.040046687
Zdhhc16,-0.761265858,0.037895308
Cd7,-0.026211825,0.976660882
Ogfod3,-0.640090429,0.206661772
Ankrd2,0.234084893,0.918223712
Fn3k,0.7362191,0.70143447
Entpd7,0.20865825,0.693037448
Dnmbp,0.686549091,0.042547322
Bloc1s2-ps,3.454202488,0.757297679
Scd2,1.349845755,9.39E-06
Sfxn3,1.567570002,0.001043767
Kazald1,2.160059347,0.016722998
Tlx1,0.639596394,0.810545794
Actr1a,-0.39332102,0.3360143
Hexa,-0.652625762,0.031512132
Limd1,-0.631538808,0.133058536
Sacm1l,-0.830277198,0.015317286
Lztfl1,-0.128542495,0.65493838
Tbl1x,-0.471338971,0.153172689
Zfhx4,5.455281387,NA
Hsd17b10,-0.484616111,0.268721639
Tsr2,-0.787566847,0.00749396
Fgd1,0.329323887,0.82254648
Maged2,0.888158387,0.164948395
Alas2,-0.815057585,0.815057788
Tro,0.449977325,0.773831986
Dnase1l3,0.113801069,0.86740045
Prdx4,-0.566741438,0.192056258
Sp4,-0.379005777,0.324517344
Padi4,1.612127625,0.153241119
Itga7,2.362764355,0.150553293
Rdh5,0.144765642,0.81267706
Cd63,0.078020439,0.959174985
Gdf11,-0.952851456,0.00205759
Ormdl2,-1.087643453,0.003115913
Dgka,1.388090894,0.000862785
Cdk2,-0.611149378,0.040796195
Pmel,1.140170964,0.115234188
Pa2g4,-0.627608862,0.093193437
Esyt1,-0.416699708,0.195515651
Aatk,0.520917252,0.564812285
Atp5b,-0.998078169,0.00617737
Prim1,-0.472167394,0.356855071
Myo1a,-1.634957151,0.134829407
Shmt2,-0.764447914,0.00749396
Gli1,0.636996997,0.437603426
Pias2,-0.50404983,0.148740271
Atp5a1,-0.715095303,0.047294892
Crisp3,-1.445184261,0.046514789
Clns1a,-0.78745251,0.026771638
Scart1,0.680417609,0.732639635
Adam8,2.051246815,9.22E-08
Adgra1,2.398728622,0.052565447
Inpp5a,0.883601895,0.02647722
Dpysl4,1.701122659,0.392894829
Syce1,2.35273735,0.519928175
Urah,2.356071647,0.54586235
Odf3,-0.355355687,0.845846207
Ifitm5,-0.087588568,0.959635107
Ifitm1,-0.191105935,0.932177529
Ifitm3,0.869303947,0.186885501
Sigirr,0.643533452,0.073977264
Irf7,0.695095989,0.19879998
Lmntd2,0.621601775,0.242870061
Taldo1,-0.547332261,0.234203973
Eps8l2,1.282070871,0.547079569
Pidd1,3.189338937,1.73E-19
Muc2,3.225321931,NA
Tmem192,-0.381312234,0.243960498
Tmc6,0.951927028,0.011260498
Rbfox3,1.118544374,0.709624623
Cbx2,-0.711329892,0.236420343
Cbx8,-0.92719455,0.112507437
Eif4a3,-0.666653367,0.089168942
Nptx1,2.559827998,0.160415387
Tma16,-0.439038969,0.059207083
Dach2,1.447540234,0.030417663
Copg2,-0.424352334,0.401925329
Podxl,-0.059270414,0.960968061
Bach1,-0.017745361,0.959174985
Cct8,-1.330473055,5.22E-05
Shisa5,0.471378165,0.117328396
Pfkfb4,0.105873871,0.767980603
Col7a1,1.012859097,0.136548298
Arhgef9,2.662694384,1.20E-06
Cnksr2,1.145745985,0.49049054
Alox5,1.392353113,0.303098031
Marchf8,0.20397914,0.729881746
Slc28a1,1.566752082,0.60224067
Rab40c,1.861830873,1.13E-05
Mcrip2,-1.479154731,0.110314726
Jmjd8,-0.722640407,0.06848233
Sdc3,-0.092154549,0.906924112
Agbl1,1.436092597,0.094498892
Hspa4l,-1.505773714,0.020135791
Mfsd8,0.065997745,0.86713135
D3Ertd751e,-0.034686603,0.93748002
Crispld1,0.434605955,0.764942239
Itih5,-0.084827308,0.900797959
Atp5c1,-0.752412964,0.045302474
Exosc7,-0.951256295,0.028625438
Rassf3,0.318106822,0.353383224
Ccr1,-1.003825343,0.154798731
Nudt5,0.287175982,0.64186255
Pramel6,1.199785479,0.167657128
Prkar1b,0.467753596,0.578402975
Dnaaf5,-0.597652867,0.16040245
Cplx2,1.291636378,0.166216673
Higd2a,0.074934523,0.905442521
Nop16,-1.0736767,0.000473518
Thoc3,-0.679166702,0.015898554
Tspan17,0.30221805,0.786987775
Unc5a,0.706844846,0.485839991
Hk3,-0.593932216,0.257188545
Casp12,0.296369091,0.899601215
Snca,-0.424526618,0.95155218
Kbtbd3,-0.275283506,0.619184685
Aasdhppt,-1.020397588,0.00461057
Adhfe1,-1.166062047,0.041343478
Mybl1,3.086299151,4.47E-06
Sgk3,-0.355923319,0.195184294
Rdh10,-0.602507717,0.214201183
Tfap2b,1.21523036,0.231098267
Paqr8,-0.344566632,0.598856381
Tmem14a,0.280879101,0.804512899
Tram1,-0.270508775,0.623913752
Slco5a1,0.538771392,0.365763111
Idh1,0.0123204,0.985535002
Fastkd2,-0.978798467,0.012697694
Adam23,-0.017426733,0.985927477
Nrp2,-0.314896191,0.665013075
Rftn2,0.422690033,0.332782959
Hspd1,-1.878767374,1.39E-05
Slc40a1,-0.025312671,0.980729662
Wdr75,-1.156397846,0.000143361
Ctla4,1.402799812,0.138453626
Wdr12,-0.646884311,0.043652992
Nop58,-1.221151026,1.37E-07
Cdk15,2.0231274,0.034089281
Stradb,0.221654724,0.686208615
Casp8,-0.039809303,0.877055695
Orc2,-0.890915034,0.004599497
Sgo2a,-1.046595266,0.103217997
Col5a2,1.135916518,0.465564841
Col3a1,0.650084107,0.638820249
Ercc5,2.503448927,6.71E-25
Tex30,-0.896549829,0.052112298
Ecrg4,-0.950551616,0.545614624
Il1r1,0.349474258,0.75745229
Il1r2,0.417985847,0.845375563
Chst10,-1.10477969,0.00097679
Mrpl30,-0.748030879,0.092041509
Asnsd1,-0.782791407,0.044662316
Ormdl1,-0.734756368,0.071755941
Unc50,-0.295320309,0.585236601
Inpp4a,0.243761778,0.516546409
Ptpn18,0.194570523,0.457787284
Imp4,-0.853290775,0.000650679
Fam135a,0.156234838,0.904526139
Sdhaf4,-0.105234587,0.905442521
B3gat2,-0.037189946,0.954845224
Sphkap,0.688704311,NA
Wnt10a,0.341434032,0.737711197
Cyp27a1,0.230749497,0.617714077
Vil1,0.513216893,0.702625073
Ctdsp1,-0.157453398,0.5766916
Slc11a1,0.203075083,0.737099279
Ppm1f,-0.712633427,0.084431257
Igfbp5,2.499698612,NA
Xrcc5,-0.683622401,0.019199963
Atic,-1.34223857,1.17E-05
Zfand2b,-0.307656599,0.533475284
Abcb6,-0.949428524,0.000784371
Tuba4a,-1.80621448,9.54E-07
Ptprn,-0.091815997,0.971553328
Slc23a3,-0.593896904,0.697090936
Speg,1.347207449,0.27001479
Des,0.818351851,0.578885926
Dnpep,-0.739990753,0.026765922
Obsl1,0.385749664,0.875936992
Stk11ip,0.234532301,0.541782009
4933407L21Rik,0.286548667,0.788622268
2810459M11Rik,0.021510917,0.991901442
Ncl,-0.722980982,0.010910132
Ptma,-0.205872105,0.706088486
Farsb,-1.003128326,0.004074212
Serpine2,2.573318378,1.48E-13
Efhd1,0.129055476,0.953358823
Ngef,4.084395656,NA
Bok,-0.484005433,0.747893503
Ing5,-0.791082935,0.00232591
Pdcd1,0.765885336,0.580053064
Iqca,4.293582132,0.07197083
Mlph,1.272424501,0.239824329
Scly,-0.171474903,0.445701051
Asb1,-0.158161684,0.717702365
Hdac4,2.382719518,6.33E-15
Serpinb8,1.521758142,0.047520367
Actr3,-0.656905843,0.024083521
Slc35f5,-0.468847486,0.336803322
Lct,-0.570085465,0.603957997
Mcm6,-1.739345847,1.04E-06
Dars,-1.050262362,0.003279538
Rgs18,1.994520112,9.54E-07
Rgs1,-1.267391543,0.121346853
Rgs2,-0.49571309,0.207995336
Nifk,-1.264569869,1.60E-05
Marco,0.638328589,0.39783839
Nek7,-0.369097224,0.061302467
Ptprc,-0.819375794,1.26E-05
Cd55,2.041750273,7.37E-15
Cd55b,1.395078879,0.000103673
Cacna1s,-0.003256365,0.997836619
Tmem9,0.618442077,0.258571948
Pkp1,2.184519683,0.412705456
Tnnt2,0.958785007,0.459698724
Fcamr,0.422923233,0.513736702
Pigr,-0.324990425,0.509261327
Il24,-0.470637538,0.499474362
Rassf5,0.083474299,0.804512899
Avpr1b,4.488625521,0.006542867
Rab29,0.070452977,0.89314217
Slc45a3,-0.17946016,0.769290039
Elk4,-0.155237464,0.644185921
Cdk18,1.307400433,0.186885501
Lrrn2,1.02814052,0.651512064
Pik3c2b,0.701462965,0.060440713
Cyb5r1,0.005637663,0.988977676
Adipor1,-0.115558455,0.789828246
Mr1,0.211908891,0.550608022
Lamc1,2.14829403,6.19E-10
Rgl1,1.285583322,0.001830429
Niban1,0.234742585,0.707008374
Parp1,-0.558025237,0.180830346
Capn2,0.459142984,0.128853911
Tmem63a,0.177739184,0.630923844
Opn3,-0.729538229,0.122629736
Fh1,-0.841451785,0.012843962
Spta1,-1.442044727,0.588951855
Slamf9,-0.239849671,0.75120402
Vangl2,0.678416728,0.344861696
Uck2,-1.005514458,0.001694625
Mpzl1,1.238769993,0.01525905
Dcaf6,0.334305231,0.183621814
Xcl1,-0.924659594,0.390857504
Atp1b1,0.651339057,0.289209684
Ccdc181,-0.689263596,0.058135043
F5,0.606491548,0.605674842
Selp,1.432313599,0.196867735
Sell,-0.16612175,0.468635428
Sele,1.095806346,0.168299124
Kifap3,0.382552367,0.419076512
Prrx1,1.322405681,0.220019713
Astn1,0.348309657,0.83315364
Sec16b,1.004914031,0.116338626
Ralgps2,-0.384463404,0.206892995
Soat1,-0.562479593,0.024957619
Smyd2,-0.859721287,0.025924681
Ptpn14,2.164782071,2.02E-14
Cenpf,-0.431625369,0.491716436
Eprs,-1.00761473,0.000267598
Cr2,-1.849450795,7.64E-10
Nek2,-0.654376784,0.26255011
Lpgat1,-0.473722678,0.168580004
Batf3,-0.024364258,0.982705477
Traf5,0.380570734,0.42564497
Nmt2,-1.033727509,0.001174242
Cfap126,3.967453209,3.62E-14
Fcgr2b,0.020107101,0.956273488
Phyh,0.392273454,0.227123931
Mcm10,-1.488660929,0.000831203
Hsd17b7,-1.394509199,0.000414194
Lmx1a,1.135722538,0.517844014
Mgst3,-0.512975704,0.61169397
Tnfsf4,5.359346435,2.73E-10
Mrc1,0.206699507,0.777560804
Rabgap1l,0.498106251,0.028993326
Tnn,1.139853121,0.384134339
Vim,1.103110619,0.001572441
4930426L09Rik,1.432338405,0.143494026
Pip4k2a,-0.243362934,0.35810949
Bmi1,-0.893203792,0.005315477
Psmb7,-0.789541155,0.041206725
Nr5a1,0.962348559,0.505431048
Arpc5l,-1.076729827,0.000510576
Il2ra,1.972406837,1.14E-05
Yme1l1,-0.777722411,0.063003106
Slc2a8,1.994531485,5.28E-05
Coq4,-0.848062968,0.019102294
Barhl1,-0.104434866,0.926158922
Ddx31,-0.938400327,0.002159514
Spaca9,0.109247709,0.92964661
St6galnac6,-0.376603909,0.390271147
Eng,2.69382735,2.92E-07
Gfi1b,-1.851982998,0.391177808
Ak1,2.988243731,0.006904922
Slc25a25,-0.647863644,0.027593655
Lcn2,-1.743898949,0.372069847
Kcnj3,0.22217742,0.922429184
Dnm1,2.791335435,4.54E-06
Gpd2,-0.234077171,0.516212173
Gbgt1,0.165951809,0.868596523
Ermn,-0.2255939,0.808508153
1700007K13Rik,10.94541775,5.67E-05
Olfm1,0.231706841,0.86493433
Acvr1,-0.357139967,0.845375563
Col5a1,0.752214784,0.605902465
Lamc3,4.467356149,NA
Crat,0.045972819,0.90728783
Dolpp1,-0.53131125,0.196390483
Ntmt1,-0.721104339,0.107622982
Hspa5,-1.351658391,8.47E-05
Psmd5,-1.042925099,0.000690689
Zeb2,0.28844327,0.494899964
Phf19,-1.839895335,4.46E-08
Hc,1.25637618,0.658304187
Gsn,-0.560146729,0.00749396
Stom,-0.612412585,0.176657758
Dab2ip,2.089348202,1.53E-05
Mrrf,-0.670093957,0.057022615
Slc4a10,0.412410708,0.592303934
Strbp,0.093546266,0.81885237
Egfl7,-0.027008181,0.976560359
Agpat2,-0.476591873,0.253002508
Notch1,2.898320745,2.27E-21
Fcna,-0.161114562,0.826668052
Tmem141,0.020130042,0.985927477
Ccdc183,0.51369557,0.832072855
Abca2,0.153014392,0.720354371
Uap1l1,-0.10960503,0.780176718
Dpp7,-0.593702868,0.217408431
Arl6ip6,-0.623932794,0.130611856
Itgb6,1.687072517,0.107752014
Arrdc1,0.613510844,0.130770307
Zmynd19,-1.422755291,5.01E-06
Il1rn,0.571556551,0.610257581
Hnmt,1.982405248,NA
Baz2b,1.02467296,8.18E-07
Galnt3,-0.106851224,0.884122491
Nckap1,0.418570472,0.776012216
Slc25a12,-0.253434127,0.300298306
Ube2e3,-1.181505661,0.005605812
Zfp385b,1.988810442,0.20724676
Hat1,-0.970806664,0.006249539
Xirp2,5.183277345,NA
Ssrp1,-0.884232105,0.002939029
Prg3,-1.416610573,0.293641418
Prg2,0.70459945,0.628660033
Slc43a3,0.043590643,0.935574717
Timm10,-0.984638296,0.006295139
Ube2l6,0.205977359,0.822413863
Tfpi,-0.400428628,0.552434536
Mtx2,-0.666512428,0.094020957
Ola1,-0.775990118,0.037092035
Itga6,1.093123616,9.77E-06
Slc12a6,0.199954711,0.61169397
Katnbl1,-0.618042508,0.100415751
Nop10,-0.95720987,0.100175585
Eif3m,-0.751805238,0.067860739
Prrg4,5.053978799,3.33E-52
Fbxo3,-0.235035339,0.489499433
Nat10,-0.426134118,0.236613681
Cat,0.132345711,0.762004667
Api5,-0.968205269,0.007518858
Hsd17b12,-0.803243825,0.028006315
Gatm,0.458319728,0.644958115
Dut,-1.016063566,0.056016683
Fbn1,0.838817444,0.536216553
Fgf7,1.009428342,0.472766322
Meis2,1.001092381,0.380695457
Slc28a2,-0.125976429,0.807106949
Chst1,0.434241837,0.748324549
Sord,1.323989898,0.01797105
Creb3l1,3.301721538,0.000981966
Lrp4,0.238272703,0.656126831
Pacsin3,1.263365705,0.4685353
Snap25,2.273146958,0.107518685
Mkks,-0.932388532,0.022451727
Ehd4,3.127953949,2.88E-12
Ltk,0.070235312,0.915090867
Ndufaf1,-0.657320428,0.123084084
Nusap1,-0.963359369,0.059875584
4930402H24Rik,0.267351663,0.349729844
Chac1,-2.609128452,0.048878054
Gfra4,-2.488809939,0.151285855
Siglec1,0.08164118,0.912040586
Rpusd2,0.849694488,0.014765717
Cdc25b,0.073438968,0.905442521
Knstrn,-0.176472852,0.746459129
Smox,1.581995473,0.017300812
Rassf2,-0.430474081,0.114451246
Tmem230,-0.413093379,0.472214048
Pcna,-1.205766582,0.006008685
Fsip1,1.881220872,0.014896361
Gpcpd1,-0.400827017,0.145805363
Rasgrp1,-0.31219735,0.267987724
Chgb,-2.989967581,NA
Spred1,-0.823445529,0.069116572
Crls1,-1.061152427,0.002151716
Gabpb1,1.0160347,2.80E-07
Usp50,-0.988158868,0.062921084
Stard7,-0.688225959,0.054912983
Dusp2,-0.525301885,0.359317414
Mrps5,-0.647498283,0.01016946
Prom2,2.387573297,0.283070821
Bub1,-1.643018921,0.01089661
Bcl2l11,2.460897007,1.72E-14
Ndufaf5,-0.614997321,0.297679014
Zc3h8,-0.71302657,0.060155148
Polr1b,-0.980935464,0.000248491
Il1b,0.674163046,0.421566023
Snrpb,-0.671041011,0.279255607
Nop56,-1.028494981,1.97E-06
Cpxm1,-0.561247331,0.742498727
1700020A23Rik,0.370348835,NA
Bfsp1,1.032244818,0.573790633
Cd93,1.921999668,1.05E-05
Cst3,-0.172308752,0.706537554
Acss1,0.112203192,0.737099279
Gins1,-1.522931013,0.002198341
Fam110a,2.644290817,1.87E-07
Slc52a3,0.797124891,0.369982453
Tpx2,-0.959611501,0.083806757
Pdrg1,1.21399213,0.004684135
Ccm2l,1.909559708,0.197594349
Snta1,0.028043523,0.981953444
Fam210b,-0.016898673,0.981216912
Aurka,-0.74665157,0.21492173
Tpd52,0.608072593,0.004339051
Rae1,-0.801758132,0.012447599
Zbp1,0.016555935,0.975358682
Fabp12,1.617262254,0.44181313
Fabp5,-0.992767191,0.050538822
Nfatc2,1.477985076,1.60E-06
Car1,-2.707751337,0.03236769
Dok5,2.792092637,0.080579411
Car2,2.159063401,0.121466502
Psma7,-1.101516077,0.000773707
Col9a3,-0.118278465,0.922962434
Chrna4,-0.867595938,0.815057788
Srms,0.602400105,0.541481184
Oprl1,-0.249718097,0.858662349
Pcmtd2,0.799219332,0.008129649
Ahcy,0.511628079,0.222362486
Map1lc3a,0.267742257,0.727691212
Gss,1.810271151,2.69E-06
Procr,0.351634234,0.812354504
Eif6,-0.688417991,0.115700705
Hps3,-0.216071236,0.5766916
Epb41l1,0.880484966,0.11926712
Tbl1xr1,-0.799895851,8.72E-09
Rab5if,-0.934535421,0.008348486
Samhd1,0.303816996,0.234201357
Fam83d,0.538382164,0.642417692
Ccn5,1.796172829,0.352223991
Zmat3,3.535139535,3.21E-40
Actl6a,-0.72308979,0.077833397
Ncoa3,0.081718346,0.839981431
Mecom,1.490002148,0.341792231
Tnik,0.809296115,0.114785963
Ect2,-0.482303111,0.399481012
Anxa5,0.555412089,0.322177568
1810062G17Rik,2.219819103,0.140082801
Ccna2,-1.527715766,0.006697882
Spata5,-0.538879533,0.138049608
Rab33b,-0.265211187,0.480634767
Postn,0.849980618,0.579418176
Exosc8,-0.724401393,0.039925967
Sucnr1,2.75076944,0.098020037
Ppm1l,0.353332221,0.409072318
Sis,1.44757086,0.239824329
Dclk1,0.297615897,0.789828246
Tm4sf1,0.047288516,0.971553328
Wwtr1,0.770507574,0.666248144
Ppid,-0.985496117,0.005010704
Serpini1,-0.084427096,0.835769476
Syt6,1.110791324,NA
Nras,-0.403610329,0.236420343
Sike1,0.274619743,0.438191993
Sycp1,1.767792568,0.018792024
Tspan2,0.196935606,0.653079716
Cd2,-0.842765868,0.000360485
Spag17,2.938646189,NA
Hsd3b6,-1.175154982,0.401251009
Hmgcs2,1.049557907,0.568310393
Notch2,-0.241095838,0.426610438
Dram2,-0.204345791,0.443245001
Dennd2d,-0.250125673,0.366122692
Ddx20,-0.784328026,0.002274193
S100a11,1.752255934,3.69E-06
Slc27a3,0.865013006,0.293554434
Jtb,-0.6958535,0.101421221
Hax1,-0.715911215,0.077341542
Efna1,3.263966693,0.014675513
Gask1b,2.286271832,3.36E-08
Prss12,-0.000239018,0.999635691
Hadh,0.081951689,0.849883647
Tlr2,0.120339766,0.804756357
Sfrp2,3.600222883,0.177969389
Casp6,0.427102816,0.135999152
Pla2g12a,0.270710223,0.541481184
Gucy1b1,0.876094829,0.605674842
Asic5,-0.327919566,0.900517657
Gar1,-0.593313321,0.164948395
Tdo2,-0.392319476,0.296943299
Ctso,-0.299565108,0.270531071
Pdgfc,0.725904137,0.378839606
Aimp1,-0.627711596,0.074214966
Dkk2,1.63546534,0.077833397
Ptgfr,1.981585553,0.439324286
Zbtb7b,2.069440962,2.96E-14
Cks1b,-1.599271286,0.001250609
Hcn3,0.635272682,0.278921867
Rit1,-0.263126321,0.420709977
Arhgef2,-0.058771398,0.902975168
Gpatch4,-0.676732678,0.000898096
Pear1,2.082237577,1.08E-10
Cd1d1,-0.912407152,0.038011724
Dclk2,-0.398309704,0.313056732
Fmo5,1.113665162,0.000583704
Tlcd4,-0.472795278,0.720354371
Adh5,0.144697981,0.801777127
Rap1gds1,-0.609633243,0.009467822
Tspan5,-0.755962128,0.017965569
Eif4e,-1.187110836,0.001172535
Ppp3ca,-0.615219908,0.014283502
Manba,0.033016208,0.925393983
Wls,0.645646608,0.008154695
Depdc1a,-0.705103726,0.349735144
Lrrc7,1.882059446,0.045213128
Ccn1,4.572429342,0.012697694
Cryz,0.017369248,0.982790885
Trp53inp1,4.220723885,5.35E-29
Ccne2,-1.185818057,0.006171164
Cdh17,-0.522739887,0.353024682
Cibar1,-0.716327725,0.125624179
Pip4p2,-0.531975449,0.186885501
Calb1,2.098750676,0.042340007
Decr1,-0.605434234,0.064306949
Cpne3,-0.542138477,0.056075797
Atp6v0d2,1.036071929,0.457741197
Sdcbp,-0.332412192,0.426031747
Tstd3,-0.000906804,0.99826477
Ccnc,-0.470371324,0.345337763
Ndufaf4,-1.68878424,0.000142562
Gbp2,-0.873272126,0.071225533
Aldob,0.59990919,0.808508153
Polr1e,-0.768710003,0.01644093
Exosc3,-0.804413063,0.008394303
Tmod1,-0.175645457,0.936344659
Ncbp1,-0.777544258,0.006915958
Hemgn,-0.980975263,0.322133002
Nr4a3,1.811952768,0.011463089
Tmeff1,-0.277322764,0.848200891
Zfp618,1.243345997,0.254334447
Tnfsf8,3.680837571,3.87E-14
Tnc,3.093766501,0.117362121
Astn2,1.717866518,0.061302467
Ugcg,-1.195430811,9.67E-22
Ptbp3,-0.402506677,0.218217556
Snx30,0.009850242,0.982705477
Slc46a2,0.879505642,0.634813814
Pole3,-0.550054997,0.068652559
Mpdz,0.763823631,0.660762851
Smu1,-0.709864993,0.016342499
Dnaja1,-2.352904064,0.00016013
Tmem38b,-2.595004793,0.087021172
Rad23b,-0.987666968,5.08E-05
Nol6,-0.432287664,0.250410403
Elp1,-0.596016023,0.082091086
Epb41l4b,-0.49747713,0.629477021
Dcaf12,-0.315855872,0.54284984
Nudt2,-0.816962704,0.121784822
Cntfr,1.468392071,0.687754845
Enho,2.178882578,0.297358829
Dctn3,-0.569828202,0.205483243
Stoml2,-1.180681506,3.45E-05
Cd72,-0.765195526,0.002988137
Sit1,-0.398662595,0.472981482
Tpm2,1.31010546,0.38301774
Tln1,-0.058335791,0.873447215
Gba2,-0.095016976,0.838431135
Gne,2.358749379,2.00E-25
Glipr2,2.439550921,1.52E-09
Plin2,-0.418454843,0.451997624
Mllt3,-0.224297632,0.530287034
Plpp3,0.482278395,0.261849931
Prkaa2,2.484352173,0.03648317
Slc35d1,1.703023224,5.39E-13
Ak4,-0.411669997,0.845049695
Dnajc6,0.079423652,0.976378849
Jak1,0.175246183,0.444302493
Dph2,-0.86738113,0.073250096
Bend5,-0.886781505,0.004780414
Rnf11,-0.506898307,0.29578663
Osbpl9,-0.002203968,0.993268586
Usp1,-1.206570527,1.52E-05
Btf3l4,-0.613437575,0.14945933
Fggy,1.138139815,0.044784836
Gpx7,-0.122418363,0.937815238
Magoh,-1.069687115,0.001985964
Ndc1,-0.99198606,0.005011293
Tmem59,-0.205106949,0.703234075
Dyrk2,-0.28164767,0.392871819
Ctps,-1.315445583,3.83E-05
Hivep3,-0.177917305,0.860020474
Ybx1,-0.548447775,0.125788106
Svbp,-0.300542411,0.583176313
Ermap,-0.089197986,0.9025817
Macf1,0.259766056,0.42274777
Ppie,-0.49500154,0.353383224
Mycl,-0.367907581,0.711050291
Mfsd2a,-2.07365536,0.001093207
Cap1,-0.395775138,0.199906946
Ppt1,-0.018001014,0.963321184
Epha8,3.753929954,NA
Lypla2,-0.425876908,0.312086972
Gale,-0.773792763,0.115206006
Fuca1,1.724419152,9.16E-12
Pnrc2,-0.497043432,0.150553293
Kif2c,-0.58088927,0.359317414
Eif2b3,-0.550805709,0.029891822
Urod,-0.242632072,0.573790633
Toe1,-0.695321551,0.095253438
Prdx1,-0.903785567,0.03815802
Nasp,-0.823677212,3.69E-06
Tspan1,-0.781829033,0.244630106
Lurap1,-0.919262013,0.001739888
Cyp4b1,1.648264455,0.44948724
Tal1,-2.367345043,0.037530374
Stil,-1.037467929,0.062800294
Cmpk1,-0.587150887,0.022939308
Ebna1bp2,-0.930125307,0.000511559
Aldh4a1,3.909435646,1.29E-28
Mrto4,-0.906201321,0.001919482
Akr7a5,-0.956934763,0.013115419
Slc66a1,-0.901375614,0.000529691
Pink1,0.499592479,0.128969327
Alpl,-1.315821004,0.002696854
Ptpn12,-0.193202684,0.45647099
Tinagl1,1.26463462,0.329744765
Hpca,0.987029353,0.762004667
Ak2,-0.754415001,0.016350643
A3galt2,0.538144883,0.614734332
Ccdc28b,0.135882636,0.80673816
Eif3i,-0.895333691,0.023551188
Nipal3,0.68367689,0.003400107
Tmem50a,0.054288278,0.899601215
Rhd,-1.472222525,0.054713562
Maco1,-0.143625665,0.613461151
Stmn1,-1.503041846,4.39E-05
Slc30a2,1.993454098,0.480634767
Psmb2,-0.843275735,0.007605237
Zfp593,-1.142187992,8.16E-06
Cnksr1,-1.941948945,0.316137781
Tekt2,1.591521469,0.293405898
Nudc,-1.432739547,1.13E-07
Csf3r,0.379516697,0.661225256
Sytl1,1.384590335,0.016137611
Hgf,0.955389673,0.527878943
Fgr,-0.043026936,0.944246852
Smpdl3b,1.78219329,0.206661772
Sesn2,4.559213598,6.81E-51
Rcc1,-1.081678689,0.001221773
Trnau1ap,-0.706949772,0.006658949
Sf3a3,-0.735073613,0.013080339
Epb41,0.281831616,0.722635644
Ptpru,2.703909381,0.256790564
Mecr,-0.207603085,0.663233546
Casp9,-0.451682958,0.120619214
Padi2,0.269054366,0.666229637
Kcnab2,-0.123564998,0.745529263
Acot7,-1.523992391,0.018135787
Espn,2.190904278,0.007094425
Nol9,-0.593361912,0.038167056
Abcf2,-0.722647552,0.036273632
Tmub1,-0.616671983,0.193044538
Park7,-0.605351102,0.140780672
Cdk5,0.163155204,0.762004667
Abcb1b,2.554739678,1.91E-15
Nos3,0.723625833,0.707474452
Masp2,-0.220351324,0.834032012
H6pd,0.428600521,0.098020037
Slc25a33,-1.321300207,0.000451924
Lzic,0.744319483,0.107136154
Fam126a,0.117762374,0.762004667
Fbxo44,0.263254691,0.706793936
Agtrap,-0.150582835,0.624641476
Dnajc2,-0.913370458,1.02E-05
Trp73,2.702572219,0.188602347
Dffb,1.636342458,0.000293451
Wrap73,1.528493238,0.001890773
Tprgl,-0.292378787,0.507407307
Acap3,-0.208982598,0.557395488
Atad3a,-0.726931542,0.009949727
Rer1,-0.782036721,0.074180083
Prkcz,-0.270478687,0.578974078
Plch2,2.0068546,0.016391564
Prxl2b,-0.188722748,0.835678019
Ttll10,2.670824729,0.075232831
Cd38,-0.299298069,0.344410162
Sorcs2,1.664629961,0.010077611
Ablim2,0.48975361,0.732639635
Htra3,2.27276373,0.375894282
Rgs12,3.125233681,3.46E-14
Add1,0.447430465,0.117308385
Crmp1,0.389278557,0.787615064
Rab28,-0.510263433,0.297383195
Plb1,7.446332204,9.27E-23
Fosl2,1.618464573,0.000887553
Krtcap3,0.0113164,0.98593263
Khk,0.631403494,0.097470604
Mapre3,1.128229313,0.225680513
Ppargc1a,0.243485513,0.60588516
Cenpa,0.80889512,0.002497842
Klf3,-0.104959613,0.790057216
Rfc1,-0.604260483,0.000377784
Klb,-0.275909232,0.886503915
Tada2b,-0.72851718,0.003370283
Grpel1,-0.826985876,0.008472972
Rhoh,0.07046582,0.864868281
Chrna9,1.718644116,0.310743697
Gabra4,-0.125351403,0.978339174
Gabrb1,0.211705305,0.840237398
Commd8,-0.131188727,0.77842768
Ppat,-1.710434782,2.60E-12
Paics,-1.279445701,0.000244353
Stap1,-0.479942564,0.020405263
Dipk1a,-0.56478676,0.017438682
Gfi1,-0.62534273,0.287827426
Brdt,2.162786752,0.002601189
Enam,2.652874937,NA
Rufy3,-0.655843252,0.000630053
Gbp9,-0.224702895,0.508266563
Abcg3,0.037359832,0.947754019
Hsd17b11,0.57366535,0.018146596
Klhl8,0.998138236,0.109354881
Plac8,-0.997175088,0.000880075
Enoph1,-1.12940246,0.000121847
Fgf5,1.032729568,0.465763555
Antxr2,0.450443406,0.130043185
Crybb3,1.365362655,0.407054342
Dck,1.002045046,0.000887176
Rassf6,-0.123077289,0.922962434
Ppbp,0.824179931,0.513308154
Pf4,1.192473265,0.392871819
Ccng2,0.108105186,0.784042558
Gtf2h3,-0.598460054,0.113569563
Eif2b1,-0.866842647,0.008805911
Tmed2,-0.943519376,0.00179883
Naaa,-0.398561375,0.10565786
Kntc1,-1.73310699,0.00040338
Sdad1,-0.743705356,0.00591285
Slc15a4,-0.199056014,0.651512064
Scarb2,0.758098316,0.00014354
Stx2,-0.081466802,0.858346529
Ran,-1.408657751,0.000605468
Rhof,-1.296232637,0.001051449
Fam168a,2.345672571,4.93E-18
Fam216a,2.672883676,2.79E-08
P2rx7,2.068031897,1.80E-08
Camkk2,-0.043564753,0.93230446
Aacs,-1.154200212,1.57E-06
Anxa3,0.17943324,0.866346161
Pxmp2,0.567384864,0.635358754
Pgam5,-0.875949664,0.027476804
P2rx2,-1.19428939,0.607978961
Pus1,-0.807253071,0.007658447
Ulk1,1.932991395,9.10E-10
Cit,0.190696726,0.753089155
Rab35,-0.367045923,0.248493503
Chek2,1.503775966,0.000576086
Tes,-0.505189464,0.037869436
Snx8,-0.502144669,0.121580268
Oasl2,0.477413036,0.534410377
Lfng,-0.062363329,0.845632029
Tmem106b,-0.107156578,0.759863457
Fscn1,0.023173256,0.984939025
Ung,-1.245663136,9.59E-05
Rbm19,-0.217290707,0.522496166
Dtx1,-0.621750965,0.063083265
Aimp2,-1.186909807,1.80E-05
Erp29,-0.425438568,0.261721023
Arpc1b,-0.622050788,0.046221015
Ndufa4,-0.80885173,0.115584407
Gm5578,1.301397604,0.603933068
Glcci1,-0.02082444,0.959055291
Slc46a3,-0.543785977,0.036708163
Hsph1,-2.373094802,8.32E-05
Col1a2,1.251292451,0.225680513
Wnt16,0.693396873,0.651512064
Fam3c,-0.551219019,0.01319594
Ssc4d,1.14258073,0.11264638
Gnb2,0.012075032,0.977275886
Agfg2,-0.853049057,0.006603561
Cyp3a13,0.742601814,0.67050851
Asns,-2.656584755,0.00643239
Dlx6,1.570529052,0.073231488
Pon3,0.14437408,0.886485764
Akr1b8,0.92905439,0.630783705
Exoc4,3.243252773,9.59E-29
Ccdc136,2.759844707,0.288817629
Irf5,-0.785285668,0.0088819
Klhdc10,-0.494097652,0.148740271
Gars,-0.684505838,0.073196394
Nt5c3,-0.529432327,0.172034224
Fkbp9,0.464803596,0.656497055
Sspo,0.569200201,0.645901731
Herc6,0.204771449,0.560105228
Tmem176b,0.271591462,0.793029383
Igf2bp3,-0.080236282,0.866346161
Nfe2l3,-0.553709939,0.200780286
Cbx3,-1.188998068,1.32E-05
Ptn,1.251815512,0.536216553
Mtpn,-0.621232602,0.126911557
Hoxa1,1.696482737,0.338445802
Stra8,2.990153553,0.008989264
Zyx,0.707940094,0.006017572
Casp2,-0.320220281,0.475021009
Gstk1,-0.343629597,0.635354109
Kel,-2.395822093,0.179088126
Ephb6,2.036918184,0.01893954
Ccdc184,3.106981546,NA
Clec5a,-0.61782099,0.729881746
Mkrn1,0.591000135,0.384984005
Rab19,-0.010697735,0.985193689
Tbxas1,0.199239925,0.724880141
Pcyox1,-0.263458289,0.480634767
Add2,-2.136486111,0.205221642
Cct7,-1.175907373,0.005403621
Pradc1,-1.02595698,0.01193904
Fbxl14,-0.656437203,0.097351274
Kbtbd8,-0.949916273,0.022939308
Wdr54,1.830499443,0.347627209
Wbp1,-0.054683205,0.918131669
Mogs,-1.336363643,0.000773707
Mrpl53,-0.854653287,0.051160296
Pole4,-0.815084369,0.165697403
Mrpl19,-0.739004898,0.005380181
Arhgap25,-0.108670602,0.682719245
Hmces,-0.393850064,0.368087332
Rpn1,-1.242040584,0.000711238
Frmd4b,0.079758328,0.881153738
Foxp1,0.245946216,0.366950526
Gm20696,0.371352827,0.502264639
Ruvbl1,-1.265828978,8.51E-05
Abtb1,1.177389979,3.96E-05
Plxna1,3.54423166,4.53E-21
Klf15,0.563530101,0.547192331
Aldh1l1,0.277875008,0.841208116
Slc41a3,0.886444654,0.225354006
Ret,1.554338806,0.222340616
Klrg1,-0.249199012,0.86740045
Ptms,0.614205837,0.199224376
Lag3,1.216507068,0.109593172
Lrrc23,1.346523763,0.46200454
Cops7a,-0.692313261,0.053206916
Clec4d,0.473721148,0.760182981
Clec4b1,0.027297329,0.982157723
Klrk1,0.444473785,0.607726476
Clec2d,-0.448026239,0.177640062
Clec1b,0.607713177,0.452507877
Gabarapl1,-0.084594168,0.915662533
Klrd1,0.803422155,0.316333888
Klrc1,0.416498206,0.686208615
Adipor2,-0.747421178,0.053274323
Klra13-ps,0.729123337,0.512978925
Klra2,0.125829319,0.900797959
Magohb,-1.081900052,0.011599234
Ybx3,-1.112744563,0.000629938
Bcl2l14,0.348593866,0.757297679
Plbd1,-0.32671827,0.412733028
Art4,0.068608375,0.951236703
Arhgdib,0.258534652,0.478232387
Strap,-0.742324691,0.006913099
Pik3c2g,4.146340195,NA
Ldhb,4.09526095,2.78E-05
Kcnj8,0.366111654,0.862911339
Sspn,3.392472188,2.50E-13
Bhlhe41,3.431976409,2.07E-22
Srgap3,0.011029115,0.990590289
Lrmp,-0.148376091,0.769913985
Bcat1,-1.22871875,0.018792024
Etnk1,0.118691403,0.805670204
C2cd5,0.135229644,0.72910818
Il17rc,1.056031831,0.262195949
Cmas,-0.093667506,0.804612688
Sec13,-0.712043901,0.093618137
Dennd5b,-0.102782438,0.775460725
Vgll4,0.467893136,0.121784822
Timp4,0.867124281,0.420885718
Mbd4,0.010917581,0.980057555
Klrb1c,0.502441869,0.623843138
Cd27,0.392677434,0.426249388
Vamp1,0.21576664,0.594402577
Ltbr,0.468013942,0.578276019
Tnfrsf1a,0.337181123,0.56273853
Dyrk4,-0.941880018,0.517723507
Prmt8,1.122023043,0.598678476
Tspan9,0.113123606,0.899093413
Fkbp4,-1.507014825,0.000665515
Clec2i,-0.798198886,0.003039595
Slc8a2,1.265124763,0.499474362
Zik1,-0.312115121,0.725610488
Vasp,-0.71561111,0.002653624
Qpctl,2.923357894,4.66E-22
Dmpk,0.749969933,0.197715971
Pglyrp1,0.875355231,0.018181781
Pdcd5,-0.902655373,0.000974872
Lilra6,0.338054189,0.579221859
Tmem238,-0.975556781,0.052200973
Psd3,1.037159359,0.000285901
Siglecg,0.015483246,0.983304938
Faap24,-0.66730045,0.072063742
Prmt3,-0.634234527,0.083156475
Cers3,-1.839614143,0.352190832
Snrpa1,-1.129801758,0.000968123
Tjp1,0.003016008,0.997801089
Fam189a1,2.844543595,0.04176206
Mphosph10,-0.728812146,0.006022694
Cib1,-0.37426829,0.530051155
Idh2,-0.423809335,0.296579609
Nr2f2,1.06898087,0.351182564
Pgpep1l,1.1738963,0.355042255
Synm,0.728719065,0.570840978
Ctsc,-0.921822118,0.000562426
Cd22,-0.92336125,3.18E-05
Tyrobp,-0.179182753,0.728302072
Rasgrp4,0.198592766,0.743213257
Fam98c,-0.224272765,0.609099574
Psmc4,-0.905149517,0.042594564
Mfge8,2.698891376,1.06E-08
Hapln3,1.999519303,0.308601541
Aen,1.935248924,1.17E-10
Mrpl46,-0.66273513,0.037392931
Tmem126a,-0.756146262,0.030422643
Sytl2,1.910274003,0.002113704
Zfand6,-0.16350077,0.756946655
Sh3gl3,0.588214895,0.852227007
Ddias,4.659133906,1.83E-33
Rab30,-0.818732789,0.01319594
Arl6ip1,-0.773620139,0.085632075
Xylt1,0.536304764,0.207496995
Nucb2,-0.671067674,0.008110509
Ipo5,-1.153277048,0.000231243
Kif22,-0.660011452,0.093891337
Pagr1a,0.925309958,0.346991634
Sez6l2,-0.460900449,0.507407307
Stard10,1.041773278,0.000773707
Fchsd2,0.006343796,0.989275208
Aldoa,-0.914799792,0.006913099
Gdpd3,-0.062451121,0.939178578
Coro1a,-0.410619707,0.392871819
Dnajb13,-0.880197782,0.036547151
Nupr1,1.420361157,0.284280388
Cd19,-0.386592908,0.476155765
Lipt2,-1.121391704,0.083101648
Gm9755,3.276967796,NA
Slco2b1,0.555637225,0.395943435
Eif3c,-0.825417665,2.21E-05
Dgat2,0.462957511,0.561389521
Nsmce1,-0.549316866,0.078861018
Far1,-0.904361515,0.013555348
Arhgap17,0.177712525,0.702625073
NA,1.413604812,0.608733894
Dkk3,0.217811957,0.906587362
Pak1,-0.159750743,0.830235543
Cox6a2,-0.248549171,0.804125527
Itgam,0.710826688,0.296579609
Rnf141,0.274364354,0.332862374
Adm,-0.293165523,0.615130845
Dkkl1,3.308928381,1.07E-05
Cd37,0.179226471,0.697603762
Abcc6,3.130242604,NA
Ush1c,5.965270412,NA
Rgs10,-0.239116844,0.704507818
Bag3,1.005988741,0.266569495
Chp2,1.199448145,0.479014025
Plk1,-0.436762217,0.629744206
Ubfd1,-1.12577235,0.008953369
Gga2,-0.261547829,0.548315114
Cdr2,0.178262722,0.873926348
Mrpl17,-0.820087351,0.001498684
Polr3e,-0.421448767,0.293554434
Uqcrc2,-0.827248804,0.019338205
Rrp8,-0.875008547,0.007416995
Trim30a,0.231485515,0.685789653
Thumpd1,-0.921115248,0.001589993
Fam53b,2.155547413,4.41E-09
Trim21,-0.653092952,0.122629736
Knop1,-0.813086337,0.011260498
Bccip,-0.940239455,8.64E-06
Dhx32,-0.382737306,0.193890847
Stim1,0.681400594,0.010299313
Mki67,-1.336597063,0.030131182
Atp6ap2,-0.561846338,0.238057455
Swap70,-0.912236673,4.97E-06
Wee1,-1.137709971,0.008292946
Tmem9b,-0.300416394,0.386011967
Denn2b,-0.516969213,0.191477471
Trim66,2.133477383,0.081707053
Tub,0.868997016,0.167918974
Usp11,0.071172189,0.830235543
Glrx3,0.038380261,0.954922392
Fgf15,2.363848596,0.056183603
Ano1,0.605624248,0.781736186
Dock11,-0.22609197,0.468635428
Tnni2,-0.434241299,0.477763658
Sash3,-0.591423582,0.079198952
Elf4,0.094996453,0.84709928
Enox2,0.164947149,0.613461151
Stk26,-0.231451324,0.732751961
Gpc4,0.139802433,0.932091938
3830403N18Rik,1.241048688,0.493143607
Slc9a9,0.370114042,0.512978925
Cd40lg,-0.076578318,0.976560359
Mcf2,0.598226309,0.630923844
Plp2,-0.474468161,0.066684973
Praf2,-0.843854899,0.125065929
Ccdc120,-0.391817443,0.868891745
Slc35a2,-0.156156594,0.798178731
Pqbp1,-0.635771922,0.017513535
Gata1,-1.462344503,0.361425641
Wdr13,-0.210284315,0.534928256
Ebp,-0.672281126,0.052254051
Slc38a5,0.449756382,0.777560804
Vbp1,-0.728822951,0.203563304
Heph,3.933137989,NA
Stard8,0.510866069,0.33113258
Magee2,-1.4528903,0.555105656
Cox7b,-0.795587001,0.077083782
Itm2a,2.95798152,1.59E-09
Hmgn5,0.007646649,0.991901442
Sh3bgrl,-0.210207069,0.613461151
Xkrx,3.624930934,0.056534897
Btk,0.077489038,0.876412493
Col4a5,-0.475016974,0.753971258
Slc7a3,-0.043755734,0.978339174
Zmym3,0.032891215,0.941067506
4930519F16Rik,0.137571635,0.874811764
Flna,-0.056140575,0.877767864
Mtm1,0.197034515,0.484495324
Gpm6b,0.062066938,0.930335836
Nsdhl,-0.8404894,0.004606418
Hccs,-0.680955274,0.161143641
Rbbp7,-0.835226353,0.009224584
Amelx,1.772523284,0.149975038
Arhgap6,0.998140797,0.003327096
Ctps2,0.377406586,0.181374694
Bgn,1.465193527,0.123084084
Atp2b3,1.038681445,0.757297679
Bmx,1.369189619,0.468635428
Abcd1,0.245095179,0.599000039
Plxnb3,0.041186893,0.983162079
Renbp,-0.038200969,0.947754019
Arhgap4,-0.348082613,0.266125452
Avpr2,-0.661924473,0.167369274
Plxna3,-0.61307104,0.311874444
Fam3a,0.710723579,0.192056258
Mpp1,-0.248178334,0.554598549
Dkc1,-1.427478919,3.68E-13
Morf4l2,-1.336775981,2.95E-05
Zcchc18,-0.557478152,0.108582497
Tsc22d3,-0.557829673,0.553326509
Prps1,-0.883504957,0.016673661
Mcf2l,0.94450963,0.243717212
Lamp1,-0.585015447,0.135335023
Atp4b,-1.457262432,NA
Gas6,0.70022629,0.495620861
1700029H14Rik,1.8371408,0.064014032
Rasa3,0.990865576,2.57E-07
Agpat5,0.739205396,0.061975808
Slc25a15,-1.227939444,0.008472972
Chrnb3,1.896443711,0.041346536
Cd209a,0.956733629,0.274502332
Cd209d,-0.795008558,0.664120534
Col4a1,1.040545648,0.296579609
Col4a2,1.319103076,0.258338178
Tex29,-0.454681064,0.789854444
Leprotl1,-0.409784693,0.468635428
Gpm6a,-0.828622379,0.685268064
Dlc1,0.375269136,0.513226717
Dusp4,-0.48211925,0.234414283
Ap3m2,0.34848802,0.115700705
Ank1,-0.24139778,0.844076976
Tenm3,1.15165551,0.477763658
Dctd,-1.382358755,7.61E-05
Mak16,-0.600702808,0.047294892
Rbpms,-0.044249566,0.951429566
Msmo1,-0.842884325,0.017069533
Hpgd,-0.293663188,0.699969031
Nr3c2,0.27060175,0.778386048
Sorbs2,-0.065470172,0.948979575
Irf2,0.73625261,0.003284227
Pdlim3,0.337312842,0.788051299
Lrp2bp,-0.243594618,0.763863211
Tlr3,-0.544051383,0.337499966
Heatr3,-1.269277076,2.42E-08
Adcy7,0.285682117,0.203759622
Snx20,2.322044982,1.17E-15
Rbl2,2.957802617,2.13E-33
Orc6,-0.979008082,0.009221732
Mylk3,0.251393037,0.879918274
Gpt2,-1.500143474,0.002696854
Rfx1,0.222270096,0.623913752
Tecr,-0.370032882,0.282062663
Tbc1d9,-0.082937376,0.91445704
Gab1,0.803467622,0.469105882
Hp,0.946069529,0.49548863
Zfp821,0.40820396,0.207214884
Dhodh,-0.697536774,0.126703969
Phlpp2,-0.061469016,0.909235261
Mmp2,1.581723843,0.225188312
Amfr,-0.39650913,0.2545195
Nudt21,-0.917976635,0.018705168
Bbs2,0.682587982,0.021004774
Mt2,0.023714047,0.991377646
Mt1,1.283898806,0.150373945
Arl2bp,0.0969779,0.824885356
Cx3cl1,-0.419651881,0.850949385
Ccl22,-0.597838583,0.579681935
Ccl17,-0.735983988,0.760249034
Adgrg1,-0.411984517,0.659014371
Mmp15,3.448084258,0.003558399
Usb1,-0.382201372,0.43393847
Tpm4,0.078965992,0.852033155
Phxr4,-0.040044076,0.947754019
Gins2,-0.622850316,0.266569495
6430548M08Rik,0.166043679,0.810514329
Crispld2,1.544408405,0.33413614
Klhl36,-0.242387962,0.534410377
Mast3,-0.184798529,0.72910818
Rab3a,-0.069786246,0.922429184
Pde4c,0.627187902,0.379231538
Bco1,1.260279293,0.394239943
Pbx4,0.129984937,0.846370929
Lpar2,-1.221356564,0.000405986
Cdh5,-0.067163839,0.941067506
Cmtm3,-0.396487515,0.380284126
Ces2g,-0.392443685,0.756213862
Cdh16,0.682715135,NA
Car7,0.528465669,0.592303934
Hsd11b2,0.992631637,0.181105324
Tsnaxip1,0.096482273,0.93997825
Psmb10,-1.141280116,0.001001723
Pla2g15,-0.006840684,0.990178227
Slc7a6,-0.956775688,0.002650983
Zfp90,-0.074872329,0.850949385
Nip7,-0.961365515,0.000531012
Tmed6,-0.972601567,0.574658422
Cyb5b,-0.881483898,0.002935978
Maml2,0.403414092,0.54586235
Ankrd49,-0.824471318,0.027252383
Taf1d,-0.418747163,0.115599359
Kars,-1.141633424,8.76E-05
Gabarapl2,-0.026281114,0.959821553
Tmem231,-0.917452116,0.167850627
Tmem170,-0.139533122,0.818099348
Cfdp1,-1.050823899,0.001268068
Bcar1,1.624763357,0.308477756
Ctrb1,5.611875287,NA
Ldhd,0.154906337,0.81501041
Aars,-1.204168767,4.64E-07
Bmper,2.254337881,0.334120474
Acad8,3.192742399,1.22E-13
Ccsap,0.252008909,0.664248006
Abcb10,0.07383934,0.884971614
Urb2,-0.978765571,0.000203534
2310022B05Rik,-0.737333621,0.047913125
2810004N23Rik,-0.807424755,0.012617158
St14,2.242295226,5.24E-16
Dcun1d5,-0.990390615,0.006300533
Sesn3,-0.369053857,0.101418947
Thy1,-0.927037265,0.215995703
Sc5d,-1.470200152,5.16E-09
Rexo2,-0.951041328,0.011297347
Nxpe2,-1.14390161,1.62E-05
Ets1,-0.551096599,0.022360983
Abhd12,0.18202159,0.618967907
Acat1,-0.364237291,0.165697403
Rdx,-0.834295838,0.003442718
Pou2af1,0.018729828,0.949282215
Tex12,-1.016524104,0.563092384
Bco2,-0.609188527,0.401222595
Cadm1,-0.113663738,0.862584187
Bace1,-0.029357009,0.947754019
Ddx25,1.482848969,0.003516074
Pus3,-0.67155193,0.088185058
Pdzd3,-2.12603403,0.434430792
Nlrx1,1.240098589,0.001268068
Trappc4,-0.845781184,0.071570249
Chek1,-1.874454247,4.67E-05
Slc37a4,-0.363571716,0.33448851
Stt3a,-0.911826544,0.003665014
Fez1,1.693049857,NA
C2cd2l,-0.005224226,0.991971125
Slc37a2,1.512756156,0.03268272
Dpagt1,-1.059842108,0.000388099
Robo4,1.240919195,0.439196455
Hmbs,-1.49106883,0.002574701
Robo3,8.617455147,1.67E-11
Abcg4,-1.615591075,0.24421553
Mcam,3.937990434,2.03E-08
Icam5,0.771257761,0.507407307
Pde4a,-1.018395801,0.01193904
Ldlr,-1.641978377,0.005605812
Lipc,-1.033305023,0.085235003
Rsl24d1,-0.818641135,0.012158142
Nedd4,-1.21265461,0.000510576
Ccnb2,-1.186242674,0.108238847
Mns1,-0.353842532,0.638897427
Fam81a,1.953437944,0.042633277
Anxa2,0.129610151,0.876038311
Cgnl1,0.641790274,0.644958115
Rp9,-0.15695122,0.731348405
Itga11,0.178927567,0.904495365
Cln6,0.612581566,0.261721023
Anp32a,-0.727770104,0.002045692
Irak1bp1,1.586406754,0.004658011
Kif23,-0.567193426,0.229721074
Lca5,2.121863103,1.24E-11
Tent5a,0.26629784,0.46701277
Cyp19a1,1.524847573,0.215474986
Paqr5,2.374037485,2.04E-07
Idh3a,-0.858633915,0.002180569
Imp3,-0.54854837,0.322177568
Pkm,-0.865098461,0.012462448
Psma4,-0.994949104,0.002262825
Nrg4,-0.450225586,0.436414841
Csk,-0.634964502,0.030024184
Pstpip1,1.204933863,7.44E-06
Stra6,3.257086007,0.245552075
Tmem30a,-0.457690808,0.227186889
Cox7a2,-0.769178185,0.115121038
Col12a1,2.579037836,0.148740271
Stoml1,0.540819718,0.094449706
Loxl1,0.733961977,0.545713622
Neo1,1.095851487,0.2545195
Gsta4,-0.177096773,0.906819568
Ctsh,0.416067887,0.173107836
Hcrtr2,0.54812005,0.302353057
Tpm1,0.02518058,0.932681994
Car12,-0.954293257,0.408868108
Plod2,3.828217713,1.22E-08
Aph1b,-0.557845463,0.349735144
Plscr4,-0.07539533,0.974092311
Dapk2,-0.681729894,0.54586235
Ciao2a,-0.865045305,0.029496051
Csnk1g1,1.950792854,5.76E-17
Parp16,-0.089984305,0.917700038
Tfdp2,0.822851934,0.081728503
Ube2cbp,-0.436471294,0.464995603
Me1,1.090075721,0.72881735
Syncrip,-0.710954635,5.34E-05
Cmtm6,-0.228047989,0.654402839
Cmtm7,-0.775115518,0.050439839
Stt3b,-0.597701949,0.005231725
Rbp2,6.428546588,NA
Mrps22,-0.982442453,0.010084001
Pik3cb,0.469023227,0.475865693
Mras,1.166202337,0.15498543
Ngp,-1.391594323,0.534124096
Ptgs2,0.812920163,0.743954368
Kif9,0.459312598,0.35936563
Ltf,-1.707577034,0.438856993
Fbxl2,-0.210573336,0.717643775
Scn5a,0.94566821,0.618577017
Rab6b,0.665699169,0.211791551
Trf,0.04629511,0.951893981
Bfsp2,2.780861634,5.13E-28
Gnai2,-0.077914695,0.841113932
Mrpl3,-0.85263319,0.001717095
Cpne4,0.900314562,0.707474452
Aste1,-0.513503183,0.131999913
Atp2c1,-0.56257525,0.154798731
Col6a4,1.119137692,0.492917663
Manf,-1.317382411,0.000830867
Mapkapk3,2.577170364,4.03E-16
Mst1,-0.385517595,0.354668898
Ip6k1,0.309523751,0.471256395
Uba7,0.30859633,0.459676756
Nicn1,0.236441376,0.753054182
Eml4,-0.839406848,0.000164471
Chsy1,-0.793102352,0.004504908
Gpr19,0.315518156,0.588951855
Oas3,0.474940923,0.390271147
Cd59a,0.286385693,0.712959779
Malt1,-0.635659812,0.008931794
Oas2,0.533475084,0.330404629
Nlrp3,-0.157458378,0.865014525
Lmo2,-0.690863787,0.023015365
Kank1,0.971200979,0.588951855
Syde1,0.005409143,0.995672943
Trib3,-1.467413722,0.130043185
Mansc1,1.056682008,0.506050665
Folr2,0.249437495,0.859894956
Snx33,0.353857579,0.152054743
Inppl1,-0.610010935,0.051539597
Tpcn1,0.872987025,0.047388422
Heyl,3.741867984,0.0002091
Gab3,1.002186975,0.007897462
Gng11,1.070859111,0.502068806
Mctp2,-0.11816271,0.804612688
Troap,-0.171221401,0.900797959
Lama1,2.407115251,0.314539528
Fanca,-0.348636536,0.31177648
Igdcc4,2.021100263,0.099720898
Loxhd1,1.212450479,0.348903543
Ppp1r9a,0.421569634,0.518432153
Pwp2,-0.830740818,0.013039918
Arhgef17,0.77404327,0.624008286
Acsl3,-1.519222316,6.01E-07
Gm6685,3.657840257,0.16390835
Rims3,0.099685104,0.881153738
Rangrf,-1.432207074,0.014509417
Fbxo21,-0.387054447,0.203968645
Slc16a1,-2.412336107,1.04E-12
Sgpp2,-0.262210756,0.539392845
Cspg4,3.18003871,NA
Lrig2,0.049247392,0.914228583
Adgre4,-0.118558194,0.870004979
Rasgrp2,-0.442864007,0.247989417
Pebp1,-0.694540092,0.248736273
Ift57,-0.635110803,0.265402057
Chpf,-1.124844746,0.000429331
Polr2f,-0.831907962,0.016722998
Klra9,0.498630731,0.692389721
Klrc3,0.548685543,0.724613127
Calhm2,1.467387028,2.58E-05
Gm7879,-0.310180386,0.853377773
Eif3l,-0.649251132,0.04074143
Pygb,-0.716830501,0.004147931
Lmo7,0.011476084,0.990590289
Clec1a,0.185847709,0.862853657
Tbc1d4,0.369054212,0.443352823
Cdc14b,0.564997757,0.05248579
Lss,-0.995335289,0.000511559
Slc35d2,0.193704515,0.63401528
Atg9a,0.330538387,0.267708294
Phldb2,0.786865498,0.575830078
Atp1a1,-0.841170988,0.018643862
Dis3,-1.01597269,9.44E-06
Card10,0.680420013,0.667070916
Tmprss7,-0.587241132,NA
Mzt1,-0.656964307,0.032383857
Lpcat2,0.298061517,0.412270742
Myh2,5.517236826,NA
Ttc28,2.409633296,1.48E-12
AA467197,-2.095402384,0.381475995
Gm9758,5.014992507,NA
Rac2,-0.466803809,0.122250897
Wnt6,4.064392986,0.004072664
Slc35a4,-0.639635036,0.157241305
Ptprm,-0.311666686,0.611297884
Kctd17,0.891878528,0.565517223
Noc4l,-0.901425749,0.007347263
Ptprf,1.048704331,0.346810456
Mif,-0.473244091,0.324517344
Fbxl8,-0.016338985,0.982573374
Gstt2,-0.164417494,0.794802754
Tnxb,0.182012062,0.932501996
Rtp4,0.210212046,0.780866743
Pus7l,-0.680314435,0.008292946
Trim69,-1.23056412,0.338271793
Atp6v0b,-0.338012396,0.497551621
Frrs1,1.985151128,7.68E-10
Agl,0.911686198,0.004965839
Syce1l,1.799576078,NA
Gucd1,0.238955982,0.431047222
Tagap,-0.97008124,0.005470749
Armcx1,1.316235475,0.629744206
Crlf2,0.143460902,0.702625073
Cysltr2,-0.39952359,0.777560804
Gtf2a2,-0.47337133,0.297383195
Angptl1,-0.193292707,0.667568547
Fam20b,-0.410650203,0.129980159
Rbfox2,1.172396924,0.398080097
Myo6,0.26228817,0.708597819
Igf2bp2,1.388231338,0.264285372
Reep4,-0.46018047,0.260867288
Rfwd3,-0.847657591,0.020409272
Pank1,-0.58533276,0.163422454
Map3k13,-0.000498626,0.999635691
Hacd3,-1.290574478,0.001486303
Clec18a,0.256782281,0.764942239
Piwil2,-0.540967267,0.447105309
Ucp2,-0.258827529,0.47528611
Smyd5,-0.873575561,0.003711622
Lrrc24,-0.669192421,0.078340649
Sfxn5,0.771782036,0.008401558
Vav3,0.134959554,0.682719245
BC034090,2.844918276,1.02E-07
Sf3b3,-0.574688918,0.073455825
Gadd45gip1,-1.044075212,0.003260029
Mnd1,-0.16216393,0.889412806
Recql4,-1.402392424,0.001168794
Nrxn2,2.452998024,2.59E-05
Dysf,0.097985641,0.897304995
Alg3,-0.967906742,0.001178673
Dnah8,1.154245727,0.012016814
Pla2g4c,-1.976193183,0.056077343
Gm28042,-0.315929212,0.72881735
Kcnk10,0.314552608,0.681902327
Ston1,2.504011392,0.004490693
Klf9,-0.109333391,0.893031537
Pxk,-0.527397086,0.034062568
Gucy1a1,0.673839119,0.574935985
Trim36,0.523204959,0.41629147
Aspm,-1.141159908,0.123084084
Rfc3,-0.853432195,0.057823799
Zfp944,-0.614583693,0.063046946
Coil,-0.794168252,0.007241455
Dnah17,0.910797503,0.247642709
Ttc37,0.194445519,0.691443856
Rxfp1,0.003816476,0.995285509
Cct2,-0.754889234,0.058330912
Fgd5,0.883231169,0.464124636
Lyl1,-1.234797418,2.39E-05
Phka1,-0.061075769,0.872480679
Myrfl,-0.605875461,0.790057216
Ypel4,-1.918533861,0.361644097
Kctd7,-0.471199433,0.24980312
Tmed8,0.010973768,0.985582469
Scn11a,1.009202805,0.620938649
Vav1,-0.370605301,0.139544503
Ptgdr2,-0.866933237,0.546599591
Pomt2,1.592860993,0.000585255
Tspan8,-1.552564445,0.550151798
Tmem63c,1.775121268,0.538986752
Emid1,-0.099112298,0.855239192
Ccnd3,0.171314661,0.855239192
Faah,0.737395429,0.10768527
Rnf43,-0.878633609,0.061651605
Hsdl1,-0.244159512,0.553854054
Chmp7,-0.596259297,0.225680513
Gas2l1,0.929580607,0.267126012
Chchd4,-1.238892508,5.41E-05
Rasl10a,0.994517911,0.541529523
Foxj1,-0.593637985,0.578192653
Gm884,4.526375968,NA
Hdac11,0.069409737,0.915031174
Plekhm1,0.911738241,0.004212579
Slc25a37,-0.555182842,0.2024725
Zdhhc14,0.01127131,0.983761606
Igsf9b,3.678823309,0.05742373
Evpl,-0.208972762,0.886503915
Med13,-0.378544212,0.253531472
Sdr42e1,0.987121158,0.047577876
Kif4,-1.239161025,0.036763501
Trim59,-0.220090811,0.659014371
Exosc1,-0.87120388,0.000285901
Kctd9,-0.588850017,0.098752561
Plcg2,-0.041327625,0.900517657
Zbed4,-0.722734847,0.055100237
Cbl,0.198302621,0.654402839
Ramp1,0.272625174,0.848200891
Mtmr3,0.086244705,0.855478522
Cpne2,3.390853712,1.45E-11
Csta1,0.845014601,0.539622597
Tkfc,-0.5602954,0.181218985
Lif,2.88434198,1.99E-07
Spata6,0.877797349,0.001864083
Pja1,-0.924832427,0.052472053
Pkd1l2,5.750070218,1.38E-05
Gcsh,-1.140376785,0.001438259
Cops8,-0.731946544,0.11258663
Gm9761,0.349484684,0.935680975
Gbp8,-0.319690897,0.594279948
Trmt5,-1.054545572,0.008122212
Cyb561a3,-0.370322996,0.57810006
Eda2r,6.690152075,0.019372269
Rasd2,1.731657496,0.118119185
Snx2,-0.058368482,0.870955782
Uaca,1.065376513,0.47162558
Zfp395,0.867298447,0.064984917
Morc2a,-0.541400442,0.049679465
Zfyve9,0.336276548,0.71691388
Ccpg1,0.701811,0.065950156
Ptpn13,0.955788129,0.390271147
Tent4a,-0.857481556,0.030422643
Hid1,0.547612465,0.675415034
Slc41a2,0.241224669,0.573930091
Ppp1r18,-0.698621892,0.017850488
2700049A03Rik,0.163058403,0.624611009
Pik3ip1,1.064986643,0.015189994
Mtrr,-0.803065817,0.001863093
Rxylt1,2.578662537,1.91E-15
Ly6d,-0.574668508,0.20874362
Tiparp,-0.530029057,0.122629736
Lrrn1,-0.029859895,0.990590289
Ythdc2,-0.462945932,0.193567278
Tmem109,-0.861556338,0.031421352
Xpot,-0.695830326,0.007604179
Pbx2,-0.527561362,0.153089672
Fras1,1.773884254,0.215995703
Dnai2,2.083435166,0.39947687
Ttyh2,0.342238878,0.541481184
Cnot6l,-0.151639216,0.715437748
Adgrb1,1.328235497,0.647805358
Pabpc5,2.506223154,0.276553182
Nostrin,1.528313997,0.051113003
Tle6,-0.254300728,0.850559674
Glis1,-0.234110217,0.88580221
Tle2,0.029537453,0.980057555
Gpsm3,-0.05770269,0.891545256
Gna15,3.352898289,5.53E-15
Ccdc122,3.101387839,5.80E-08
Scn7a,0.878899576,0.692753067
Celf5,4.881335428,4.12E-19
Nup54,-0.812545492,0.003184849
Tet3,-0.168040453,0.762004667
Tespa1,-1.109915517,0.002939605
Plvap,0.380425799,0.736974089
Mfsd12,-0.968558045,2.75E-05
Cxcl10,-0.272593749,0.84133752
Fam214a,1.734572508,6.66E-20
Ankrd27,-0.858356296,0.001245146
Myl12b,0.002680969,0.995285509
Gipc3,2.484765202,0.023594589
Nudt19,-1.51926161,0.000115072
Tbxa2r,3.02039942,2.57E-12
Lrr1,-1.783343364,0.218984208
Filip1,1.625566297,0.305556718
Pip5k1c,-0.053428461,0.899601215
Cobll1,-0.441431517,0.386423883
Tjp3,0.931874896,0.008738152
Cdhr2,4.090610933,0.036827093
Dhcr24,-1.481407878,0.000621772
Synrg,-0.030408438,0.94904184
Cebpa,-0.005998568,0.995285509
Atcay,0.939347948,0.428442504
Parm1,0.199107412,0.915641278
Hrh2,0.381678825,0.439194311
Dpp4,0.654123062,0.005871627
Rrp12,-0.661875492,0.011365184
Zc4h2,-0.400963829,0.600848659
Eef2k,-0.428981896,0.163483469
Arhgap5,-0.648560932,0.023462581
Mitf,0.374551684,0.578885926
Zc3h12c,-1.863885208,4.74E-09
1110059E24Rik,-0.092537647,0.771228648
Ppp1r32,0.862304036,0.337637169
Ubd,-0.546259891,0.685789653
Rfpl4,1.822095022,NA
Arl6ip5,-0.530677146,0.054137049
Lars2,-2.127403216,0.153580709
Slfn8,0.229471077,0.677872196
Xrra1,1.923219952,0.000650679
Leprot,-0.007573545,0.989123278
Lsm7,-0.508267997,0.685268064
Scai,0.011258046,0.980057555
Oaz1,-0.254013155,0.640980573
Abi3bp,-0.643087015,0.433796962
Amh,-0.969480865,0.177007967
Pkig,-0.603241416,0.046655145
Hpse,-0.39338784,0.345402461
Ssc5d,1.018528393,0.542540047
Adrb1,0.165022668,0.898735748
Mid1,1.265738689,0.042159626
Gnptab,-0.428362423,0.025108895
Fbxo33,-0.080208905,0.877055695
Uchl4,0.102484298,0.861956644
Lzts2,0.020802313,0.985927477
Nup37,-0.655883675,0.099999385
Kcnh4,-0.629134166,0.261769664
Pdzrn3,0.476055778,0.86346666
Parpbp,-0.978672684,0.189310788
Rmi1,-0.429898172,0.072046228
Pcsk7,-0.199241759,0.559967544
Brsk1,0.258332198,0.863123232
Cfap53,1.547013824,0.013809866
Klf16,-1.239491618,0.000359978
Crb2,0.427349025,0.736553879
Thyn1,2.260032506,2.56E-08
Ccr3,-0.348275767,0.511931667
Foxa1,2.524009688,0.076336381
Fignl1,-1.421506735,4.87E-05
Prdm8,1.128969365,0.180037672
Stab2,0.393439354,0.656126831
Slc25a21,0.244059118,0.906307683
Galm,-0.080449882,0.945716449
Tgfbi,0.138546816,0.856203508
Ccdc180,0.891299107,0.380695457
Aldh1b1,-0.429729431,0.444302493
Utp6,-0.988478584,3.31E-06
L3mbtl1,0.116559655,0.952900593
Tsen34,-0.416648799,0.19899629
Melk,-1.352667324,0.038129781
Isg15,0.187170939,0.78168394
Slc51a,-0.787516332,0.638897427
Alg8,-1.002901514,0.010299313
Dok3,0.647976176,0.091733414
Usp35,0.455191849,0.238025929
Abca7,0.397945055,0.166422659
Dagla,2.614094799,0.0091037
Wdr18,-0.939466332,0.00706442
Fbxo45,-0.632356833,0.206661772
Mrps2,-0.591436703,0.077418979
Cd99l2,-0.025770306,0.969799157
Acta2,0.709052249,0.57311453
Cep19,-0.94768825,0.036447941
Plekhs1,4.598909159,0.063759294
Polr3g,-1.325494449,1.33E-10
Lysmd3,-0.552789944,0.187039253
Cdhr3,2.628661971,0.133613435
Palm,3.29566761,5.24E-12
Rnf126,-0.55513887,0.133851897
Cerk,0.938649797,0.00380507
Rnase1,0.940281742,0.72910818
Cd276,0.189960265,0.848139207
Bbs9,0.503905616,0.041359927
Pknox2,1.84967023,0.550608022
Aldh5a1,0.490499742,0.822413863
Pip4p1,-0.516313619,0.124773997
Apex1,-0.984836969,0.00802315
Rusc2,1.023695922,0.295831285
Gm7008,0.821827619,0.238869674
Fam214b,0.236756295,0.717897568
Ripor2,0.044784467,0.909924459
Tmem63b,2.004911732,3.21E-05
Prtg,3.578554095,0.026146055
Adamtsl2,1.260941192,0.372266274
5031439G07Rik,-0.542567559,0.168005963
Slc2a6,0.13966634,0.690793861
Galt,-0.150017503,0.761635769
Sigmar1,-1.036319674,5.89E-06
Slain2,-0.555617813,0.008472972
Arl5a,-0.916864019,0.001851565
Rpp25l,-0.554634124,0.407269282
Frmd7,-0.057459656,0.982157723
Ccdc38,-0.860205523,0.0636415
H1f2,0.910838779,0.003315618
Sapcd1,0.332036603,0.769377679
Dipk1b,-0.804857881,0.083053445
Rorb,1.746238402,0.032689989
Leap2,-0.09765569,0.936056885
Pdzrn4,3.591863495,NA
Ska1,-1.525909223,0.050538822
Ube2r2,-0.623185433,0.014604579
Trpm8,1.708081532,NA
Igfbp7,0.447329167,0.687754845
Fstl4,3.288564778,0.01130841
Lrrk2,0.606886466,0.053277066
Ap5m1,-0.474973296,0.358235106
Zdhhc23,-1.097385034,0.013447951
Rpl39-ps,0.429777501,0.616638351
Skp1,-0.787120103,0.11305668
Polr1h,-0.736841334,0.058266642
H2-Ea,-0.078375334,0.957995965
Srp72,0.791021695,0.004476692
Igsf10,0.643428836,0.685268064
P2ry12,0.17752783,0.828117876
Serbp1,-0.824573086,0.000155243
9530077C05Rik,0.598438321,0.573198471
Arsi,-0.671616004,0.60588516
Thap11,-0.984734545,0.03167193
Arhgap26,0.398406111,0.153749069
Marchf1,0.40213739,0.081814847
Prss56,6.699059071,0.047771724
Rnf39,-0.494032183,0.61976483
Card11,0.190200439,0.685789653
Cdc42ep3,-0.166380859,0.703234075
Akap14,0.862733816,0.518245499
Iqce,0.132053371,0.746827952
Lgi4,3.44123721,NA
Ndrg4,0.102617373,0.967203722
Ttyh3,0.23120834,0.667043778
Fxyd1,0.697174742,0.669086818
Upf3b,1.985713131,1.84E-28
Fgf1,0.395046067,0.60588516
Arhgap21,1.593745886,2.48E-15
H2-Aa,-0.609774634,0.031657272
Chst12,0.158199555,0.734427917
Etl4,1.257119235,0.155368859
Atp13a2,1.113750155,0.001168794
Ccdc148,0.407395958,0.466258941
Dennd3,-0.515579691,0.193109229
Tmtc3,2.076974857,4.60E-07
Aaas,2.899704409,3.93E-17
Nop14,-0.375674119,0.272222992
Micall2,2.06307481,0.001660631
Tubb4b,0.454657453,0.464665374
Kif15,-0.722703468,0.152756883
Stpg3,1.532580724,0.334120474
Anln,-1.084314921,0.04324049
Rps27l,1.347305438,0.001422174
Cnep1r1,-0.205416481,0.701400291
Slc6a20a,-0.644994182,0.845632029
Sun1,-0.080685333,0.830677046
Ssx2ip,-0.81362417,0.154589564
Mrpl41,-0.798872702,0.012239183
Mcoln3,-1.873884502,1.72E-05
Mrpl55,-0.808300305,0.02680464
Dchs1,0.266624575,0.787841731
Syde2,-1.989952196,0.201573096
Abcc12,2.599836046,NA
Acaa2,0.326459949,0.524645555
Arhgap33,0.473239508,0.635143136
C1qa,-0.243104644,0.685445671
Rap2b,2.985749653,5.66E-19
C1qc,-0.182396659,0.777374533
Neto2,-0.339080296,0.660471265
C1qb,-0.140865653,0.842635964
Unc93b1,-0.648034465,0.074033392
Kirrel2,2.070581136,NA
Stag3,0.438736293,0.475865693
Nfkbid,-0.318287711,0.611297884
Tmem71,1.214463995,4.04E-05
Slc39a12,-0.390821991,0.856203508
Kifbp,-0.344955641,0.402010172
Wnt8b,0.017710995,0.992416286
Cnpy4,-0.832510488,0.040939055
Zic4,2.348475583,0.301312358
Tfb1m,-0.85213667,0.133023823
Zdhhc9,-0.117340197,0.773246647
Pml,0.903426151,0.007399656
Nxt1,-0.994944097,0.013949615
Asap3,3.630626659,2.53E-11
Hk1,0.117702505,0.79353633
Frem2,1.977772956,0.480634767
Tspan15,0.033700098,0.950543854
Apbb1,-1.156917924,0.043903792
Smpd1,0.319373652,0.396512273
Cavin3,0.543984298,0.743822529
Sh3glb1,-0.177108539,0.520373402
Lrg1,1.163468177,0.493323599
Dcaf15,-0.019929701,0.972143486
Trim58,-0.932711526,0.673921202
Tmprss13,1.126428299,0.359317414
Aff3,0.728239573,0.046181923
Tas2r108,-0.908840255,0.656934083
Ddx1,-0.394617414,0.303325838
Mycn,1.315934882,0.17033686
Krt80,1.383006397,0.264858067
Grhl3,9.481225374,5.70E-07
Prf1,0.194781344,0.771228648
Lipt1,-0.804632566,0.109118321
Mospd3,0.501319699,0.53323081
Zfyve28,0.732699992,0.099627631
Mxd4,1.25580743,2.27E-07
Zfp692,1.60997158,0.000201689
Rsrp1,-0.221696421,0.656176988
Gemin5,-1.020628053,0.000420765
Tmem97,-1.826775848,3.83E-06
Ldlrap1,2.263746154,1.36E-08
Man1c1,0.443598699,0.55836175
Jade3,-0.317108983,0.568310393
Traf3ip3,0.326684527,0.297867142
Bbs7,1.352237441,0.018661904
Slc9a7,-0.263208347,0.528968713
Nudt22,0.008645372,0.990099316
Enpp1,0.385274985,0.128716006
Trmt6,-0.571750481,0.003037871
Spon2,0.348374392,0.902077067
Rims2,1.793683488,0.33413614
Atp11b,0.043376646,0.90288903
Icam1,0.68773851,0.052211452
Serpine1,0.897596531,0.368919006
Dmxl1,-0.486946648,0.142838581
Best1,0.192722562,0.902571564
Endod1,-0.77028193,0.042969768
Depdc5,2.2750318,1.21E-14
Fer1l5,-1.107926546,0.120619214
Slc30a1,-0.107711372,0.80518725
Adam32,1.628605691,0.268817234
Azin1,-0.925197579,0.001969057
Klf10,-1.081727296,0.008352457
Tedc1,0.311807831,0.553733545
Cib2,0.686595913,0.337440031
Nenf,-0.337546096,0.578192653
Mavs,-1.095711144,0.03782996
Mrpl47,-0.898622442,0.028946306
Fbxo34,1.785392737,1.73E-09
H2-DMb2,-0.073984901,0.865014525
Plekhg2,-0.264681577,0.543370503
Vash2,-0.430763505,0.579767744
Kcnh3,1.721543519,0.284336034
Gch1,0.402778785,0.181374694
Nme1,-1.016248552,0.028826283
Osbpl5,0.252400001,0.415095179
Atoh8,0.81241857,0.737418348
Wdtc1,0.409951044,0.333404114
Cdkn3,-0.540850431,0.536944121
Zbtb42,3.410246164,7.22E-11
H2-DMa,-0.233171678,0.630923844
Armc3,0.211426496,0.852227007
Atp8a1,-0.176108011,0.542540047
Ahdc1,0.885978821,0.054933968
Tecta,2.714105667,NA
Fam13a,3.004513362,0.000141777
Fermt2,0.621344526,0.705398946
Ccdc33,3.577220033,NA
Tmem33,-1.226322202,0.017728797
Ckap2,2.795789442,6.54E-12
Limch1,1.183915117,0.344699542
Slc16a9,0.069345924,0.919576484
Vopp1,2.446464269,1.14E-20
Fam76b,-0.295196602,0.380695457
Abhd18,0.763532966,0.044784836
Tgm2,0.159586035,0.843432247
Smim14,0.144902639,0.737711197
Tspan14,-0.016379052,0.975988636
Gm5884,-0.174256729,0.911625009
Rtkn2,1.525265663,0.049745077
Iars,-0.727685316,0.01525905
Zfp365,6.868285868,5.50E-37
Egr2,0.181929496,0.811122358
Wdr19,-0.230252413,0.663647326
Pcdh18,1.002723941,0.63401528
H2az1,-0.890802703,0.245915165
Sirpa,0.180861715,0.798392633
Bri3bp,-1.362720693,1.69E-08
Ankrd13b,2.953386183,1.16E-11
Ddx60,0.542817323,0.234408116
Bank1,-0.377036567,0.250587036
Crp,0.281755588,0.6479188
Fgd3,0.70903279,0.047160853
Card19,-0.46050448,0.412733028
Snn,-0.542926159,0.211254874
Muc5ac,6.5719434,0.004110929
Wnk2,2.571504682,0.197667959
Igsf9,0.377618564,0.625718341
Slc24a2,6.246303306,NA
Acd,-0.212211169,0.635668472
Dnah10,0.272473403,0.862256187
Rapgefl1,0.77366408,0.364014541
Dennd4c,-0.391408247,0.176949253
Kcnj9,0.059519162,0.949612084
Igsf8,-0.096914746,0.867507892
Ptpdc1,2.687682478,1.50E-12
Sult6b1,0.176459309,0.836424505
Dexi,0.131830233,0.749329325
Kmt2c,0.061843765,0.858044517
Nod1,0.071467918,0.892490633
Smim3,0.030803482,0.972143486
Dlec1,1.612553937,0.071755941
Mturn,1.569721452,2.67E-06
Rnf144b,0.501546597,0.516546409
Kdm1b,-0.733937858,0.110880787
Ccdc50,-0.962068038,8.18E-07
Tmem181a,0.163159354,0.645018054
Notch3,3.705989892,3.30E-07
Ormdl3,-0.769095605,0.032893315
Prdm1,0.213022874,0.769377679
Gstp2,-0.17933812,0.81769116
P3h2,1.324766656,0.14987075
Mylip,0.474139508,0.017300812
Slc43a2,0.351446227,0.425696128
Slamf7,0.815553522,0.031320865
Iqca1l,1.699284267,0.604174838
Prkab2,-0.873795063,0.001996421
Fbxo8,0.110349562,0.763863211
Pgap3,-0.275875162,0.603705374
Bend3,-0.821001747,0.013109316
Serpinf2,-1.221368515,0.464124636
Primpol,-0.383886707,0.251509179
Cep250,1.366933458,9.89E-09
Aox4,0.833224365,0.477825002
Usp38,-0.629794576,0.059413615
Sema7a,-1.236020998,0.037850482
Slc22a23,-0.757720394,0.004696803
Ovca2,-1.146437026,0.002988137
Nop2,-1.027780112,0.000332211
Bphl,0.383443231,0.425624509
Snx25,-0.44643178,0.236449025
Atg9b,3.975356598,0.001005628
Galnt18,1.746252129,0.389547999
Pdzk1,-0.228015777,0.914409096
Wdr36,-0.80857969,0.018643862
Kcnh2,1.483293331,0.518541742
1700066M21Rik,-0.262078636,0.687617099
Sesn1,0.428585475,0.127205099
Tsr1,-0.894894041,0.003813884
Plcl1,0.710319244,0.349735144
Sgsm2,2.751630124,1.57E-14
Arl5c,0.424119431,0.232386501
Camp,-1.915665082,0.23163987
Focad,0.185498502,0.693243229
Mpp6,-1.05387338,4.04E-05
Gpr162,-0.211819294,0.878354468
Higd1a,-0.926858413,0.019200764
Fcrla,-0.224863125,0.703127325
Mllt6,-0.159677044,0.741522866
Olfml2b,1.340712634,0.398875262
Nos1ap,0.395779985,0.748237359
Cdk19,0.758292598,0.000949972
Tfdp1,-0.85032231,0.047497278
Ptov1,-0.395873356,0.351508865
Mesd,-1.088510843,0.000266407
Gdf15,2.560396306,0.024351858
Rpf2,-1.096891191,7.39E-05
C1s1,0.454890559,0.811592486
Mfsd4b5,1.739464509,0.057449813
BC028528,-0.472318071,0.045354655
Cul7,0.508809977,0.235972254
Ciart,-0.981765682,0.069039477
Sp6,2.977602347,0.000452142
Ift172,0.246118979,0.445344934
Saxo2,-0.259068722,0.775378504
Susd1,0.072419773,0.899178645
Pptc7,-0.606179482,0.079892559
Akap12,2.13606941,7.29E-05
Ripor1,0.876469314,0.047160853
Samd10,-0.151041854,0.777560804
Gng10,-0.901791413,0.091635334
Mcl1,-0.334645907,0.288817629
Tm6sf1,-0.426409408,0.067860739
Zkscan16,2.892679301,0.010101613
Degs1,-0.455467355,0.171087488
Ctss,-0.92816306,0.003917357
Pold1,-0.852986772,0.015597498
Ramac,-0.225268977,0.616021465
Creb3l2,0.708520737,0.24218871
Rnh1,-0.472603238,0.472766322
Fsd2,0.138304433,0.84709928
Dgki,0.83072624,0.169043816
Mybpc2,1.064665279,0.165871997
Trps1,0.005842809,0.986997221
Pak1ip1,-0.740822129,0.062800294
Atp5j2,-0.665557699,0.130611856
Taf5l,-0.871912579,0.001941732
Mindy1,0.262845448,0.31862032
Pkhd1l1,-1.543960802,0.278970776
Wdr26,0.029581196,0.941067506
Nudcd1,-0.832588179,0.031657272
Nup205,-0.813157816,0.025840755
Alpk3,1.24412941,0.232386501
9130409I23Rik,-0.634052252,0.685268064
Vill,-0.12816069,0.874911373
Ephx1,3.245173209,3.94E-21
Lefty1,-0.765482462,0.523095384
Scgb1c1,2.418429609,0.519694027
Ctnnal1,-0.282031499,0.534410377
Ralgps1,0.707848587,0.02222128
Gcnt1,-0.276531219,0.207412447
Phb,-0.957360963,0.006401572
Baiap2l1,0.109497314,0.90728783
Pi4kb,-0.551826818,0.063658126
Bpgm,0.663635528,0.773246647
Rpl12,-0.432378956,0.316946211
Plcl2,0.144508571,0.633932492
Tcfl5,1.299579568,NA
Slco4a1,-0.787455356,0.288227287
Pdk2,1.460118745,0.006084979
Rabggtb,-0.647818588,0.056231576
Ppp1r9b,-0.508432013,0.035721533
Rbbp8nl,0.87564539,0.755137143
Cfap157,-0.224109917,0.862273466
Cables2,-0.321965727,0.561230114
Txndc5,0.011476514,0.987071814
Bmp6,0.527979739,0.739083303
Tlr4,-1.033576067,0.005689221
Cpq,-0.177464614,0.809806988
Timm8b,-1.032743335,0.038560275
Arhgap18,0.374003733,0.371937304
Tsga13,-0.159202478,0.906656476
Usp6nl,-0.480830816,0.052472053
Myo16,3.335333608,NA
Anpep,0.726632096,0.467052504
Echdc3,0.615926068,0.554468327
Cpa4,2.029614983,NA
Chad,0.179893368,0.818116636
Rreb1,0.34244445,0.345402461
L3mbtl3,-0.073400513,0.868699144
Itga9,0.136817188,0.831846881
Camk1d,0.226118462,0.509065155
Akna,-0.027167146,0.969014222
Ube2h,0.823485167,0.077341542
Akap7,0.135306441,0.714882867
Adgrl4,0.114540189,0.957995965
Dap,0.404103841,0.428878899
Tbc1d19,0.272320102,0.638897427
Nubp2,-0.779813292,0.022009717
Adk,-1.014296328,0.063046946
Atf7ip2,0.10486679,0.971553328
Metrnl,0.130622905,0.895489366
Il18,0.290695072,0.713862866
Rpl22l1,-0.315951202,0.7173949
Suv39h1,-0.69719977,0.042113602
Sec24d,-0.15229875,0.750221255
Isg20,0.851529867,0.293858344
Tgfb2,-0.877485985,0.412733028
Gimap3,-0.298062396,0.329123502
Megf9,0.29416643,0.428984534
Foxk2,-1.010217278,0.000536311
Cybc1,-0.842254624,0.182868696
Rnf122,-0.242582297,0.60844483
Tsga10ip,-0.649748177,0.718934086
C130074G19Rik,1.687527763,0.120064151
Exosc2,-0.737229032,0.005797857
Drd5,-0.994698717,0.523095384
Mreg,0.21925028,0.72881735
Prdm16,-1.680189626,0.024201034
Ttc36,0.371139901,0.855731951
Dcxr,5.528342629,8.63E-32
Ppl,0.570364337,0.288673125
Col10a1,0.684828644,0.101418947
Tspyl4,-0.070693627,0.85183482
Dse,-0.087696551,0.87780828
Atp8b1,1.901236624,0.245805989
NA,-0.580791828,0.057259373
Cylc2,4.674875809,NA
Myo9a,-0.61614547,0.006988773
Fam149b,1.044997609,0.000617181
Rbms3,1.862804179,0.018146561
Mocos,0.202167128,0.875825595
Gm7488,-0.895571593,0.111413354
Prex1,0.28684784,0.57311453
Coro7,1.615770746,3.90E-05
Mrpl12,-0.560959588,0.103053261
Vasn,1.931185884,4.97E-06
Oxld1,2.068914743,2.18E-05
Capsl,-0.505220689,0.761484946
Mrps6,-0.029075207,0.969197772
Lap3,-1.776687575,2.52E-08
Zer1,0.759751645,0.009625225
Ncoa7,0.22607141,0.449215949
Trp53rka,-0.702176529,0.087374519
Fnbp1l,-0.955962425,0.084819091
Orai2,2.321666957,3.08E-09
Fbxl5,-0.368658169,0.31349936
Thap3,0.08987374,0.850950714
Il22ra2,-1.358100248,0.461990869
Ypel5,0.282645575,0.516942111
Polr2j,-0.598465793,0.088768046
Galnt12,-0.391537451,0.166722477
Cpeb2,0.349959062,0.499954094
Kmo,-0.687008848,0.064031696
Cercam,3.393665784,1.31E-14
Zfp597,-0.603053126,0.135569748
Tbc1d2,2.353827462,3.00E-05
Slc44a3,0.292587443,0.790041552
Neurl2,-0.444950097,0.571974227
Txlnb,1.528447353,0.000351388
Fgl2,-0.034867952,0.971745229
Slc26a11,0.466938055,0.358750145
Spsb1,2.388882851,0.001844006
Urb1,-0.699821294,0.022554702
Gsap,0.716020066,0.043080752
Dag1,0.199446851,0.706596077
Stk32a,-0.248020363,0.860058757
Hip1,-1.031182969,0.01193904
Zc3h12d,0.440297539,0.112194441
Sinhcaf,-1.273790443,5.68E-06
Ifi203,-0.455173111,0.096770351
Bahd1,0.109607448,0.834032012
Slc7a5,-1.080751151,0.00011548
Saa4,1.431685934,0.148740271
Stat2,-0.062997671,0.877805471
Nup43,-1.066859735,0.007448938
Disp2,2.06507992,0.080579411
Ndufb10,-0.774331476,0.01189193
Baz2a,0.255380033,0.560622986
Plcb2,0.488465207,0.069586541
Ptges3-ps,-1.56308708,0.00068399
Bmf,-0.2537422,0.657397151
Cacna2d1,1.84874623,0.164440449
Zmym5,-0.159582122,0.607339762
Abcc8,6.494849254,NA
Tdrd6,4.134197062,NA
Thbs1,1.193677477,0.236420343
Tax1bp3,0.512958331,0.156290549
Fmo1,0.077022132,0.837630454
Ttc12,0.46788793,0.812212349
Gpr34,-0.84002555,0.074092898
Tm7sf3,2.005583763,1.62E-08
Tbc1d10c,-0.083190018,0.875290264
Lrp1,0.874408909,0.246494282
Gbp7,-0.136699102,0.744879685
Sema3d,0.27713861,0.790266237
Klhdc4,-0.005239799,0.991377646
Gbp2b,-1.030159456,0.297211672
Mrps28,-0.332006538,0.54284984
Bach2,1.010317845,0.008624635
Cdk6,-0.485601868,0.110238743
Pacsin1,-0.388412397,0.327315704
Ndufa4l2,-1.796286657,0.25163928
Ddx58,-0.060290956,0.862875523
Alx4,1.710773295,0.039090304
Slc25a24,0.712873472,0.041660972
Gm15429,0.099804404,0.926158922
Tex45,2.70080572,NA
Arhgap9,0.207709877,0.392062444
Trim7,3.075344363,2.56E-24
Mars1,-0.606883261,0.119803474
Bcor,-0.308251495,0.366682353
Ppp1ca,-0.610579812,0.101706583
Wdr47,0.252411157,0.502493963
Abhd13,-0.609435167,0.185847123
Havcr1,-0.16213883,0.843798398
Dtx3,0.217812246,0.517110971
Pitpnc1,1.650537268,4.72E-13
Zbtb38,0.148981188,0.755174754
Slc26a10,-0.270416903,0.594402577
Spns2,-0.306630536,0.534410377
Sgms1,1.060894504,0.000109703
Mybbp1a,-0.458708484,0.131706942
Blvrb,-0.564924514,0.18568313
Xaf1,0.321000368,0.603933068
Ltbp4,0.832746883,0.309793822
Marchf9,-0.329330612,0.72849436
Manea,-0.090278013,0.77044824
Tlr8,-0.477889032,0.493785219
Abhd11,-0.302723976,0.611297884
Matn1,4.189456162,0.002161527
Ctdsp2-ps,0.452364467,0.44394443
Pitpnm3,0.938331609,0.663376685
Mettl27,1.710073599,0.052472053
Wdr7,0.282028914,0.323489189
Apoc1,0.240411281,0.845846207
Abcb1a,-0.064626129,0.94925433
Cd79b,-0.63664372,0.107726039
Pogk,-0.784873427,0.037440067
Nlrp4a,0.002283241,0.999092715
Bace2,0.851619962,0.685445671
Pck2,-0.168891516,0.660471265
Aicda,-0.432361674,0.753741718
Dok4,-0.623002531,0.21382911
Ppp1r14c,1.06070868,0.364114142
Clcf1,0.395223396,0.355881848
Sh3bgr,1.609209084,0.155276902
Phc1,-0.273288125,0.533475284
Mthfd1l,-0.332634998,0.213885015
Hmgn1,-0.877605043,0.033967228
Madd,0.425459135,0.222340616
Tbl3,-0.844477965,0.004219656
Col16a1,0.561050833,0.716012039
Limd2,-0.772199777,0.013895188
St8sia4,-0.521111051,0.06131332
Sh3pxd2b,3.206442811,0.02442149
Camta2,0.063079425,0.899236651
Creg1,0.091157375,0.881153738
Klc3,0.161462582,0.900517657
Rsc1a1,-6.18801361,0.444933693
Scamp5,0.392535474,0.603012063
Kcna2,0.396253093,0.589426126
Cep126,-0.252850997,0.93550874
Ppp1r13l,1.859760935,0.076658383
Rnf167,0.315616095,0.615750949
Cd53,-1.423792511,0.000615373
Lat2,-0.243596078,0.616638351
Myh6,5.964000497,NA
Cept1,-0.565492285,0.090230962
Iqsec3,1.383163353,0.232386501
S100g,1.338948025,0.238025929
Chil3,-0.549818667,0.739434712
Tex264,-0.519582183,0.038560275
Dennd6a,-0.418352033,0.11592831
Snrpd2,-0.70959514,0.2350554
Gpr161,0.069061109,0.951040844
Gm11639,0.962030265,NA
Reps2,0.485020713,0.620446872
Dlk1,2.189381688,0.328962075
Begain,0.51378572,0.531744103
Gfer,0.810791682,0.077833397
Foxa3,0.964085674,0.650465193
Kcnd3,1.079572081,0.60588516
Slc19a2,4.810856762,3.40E-32
Rfx3,0.411640573,0.242875093
Padi6,2.124984232,0.275504838
Arhgef1,0.684724645,0.052472053
Cables1,0.973475286,0.345888341
Arhgef10l,1.5273647,0.090636442
Sh3kbp1,-0.157249999,0.592303934
Abhd4,2.685731686,1.45E-12
Npnt,0.560067723,0.691413384
Trim62,1.089694637,0.225562009
Iffo2,0.193704289,0.700727598
Ramp3,3.124081857,0.352080428
Slc7a13,1.984029773,0.052472053
Wdr43,-0.971529716,1.68E-05
Pif1,-0.739757937,0.604291101
Nacad,0.67879438,0.122611004
Ostc,-1.20869629,0.002119249
H2az2,0.255218453,0.463614104
Chrnb1,0.038140264,0.95155218
Pla2g2d,0.067332453,0.947754019
Map6d1,0.826601012,0.17033686
Yeats2,0.98937085,0.002909725
Elovl6,-0.812556291,0.017852297
Ublcp1,-0.057273562,0.900517657
Pklr,-1.821693963,0.180174298
Wnk3,-0.559275062,0.220019713
Lamp3,0.646364437,0.38447003
Kcnj1,0.832370461,0.139544503
Uspl1,-0.879372875,0.010046786
Nkx6-2,0.25676245,0.900517657
Ak7,-0.585244179,0.628409417
Atp1b2,-2.782644932,0.073942701
Bdkrb1,-0.23895172,0.87567777
Rap1gap,-0.025364403,0.977777392
Rgl2,0.080103351,0.893236883
Ssr2,-0.678298989,0.138453626
Pum3,-0.819313838,0.001336221
Shtn1,0.130875564,0.899236651
Cldn5,-0.582011494,0.750912121
Mdfic,-0.949612619,4.84E-06
Nthl1,1.074232891,0.153894184
Ccnb1,-0.387060454,0.588221789
Mfsd6,0.887376798,0.037779854
Arhgap32,0.481487817,0.416594175
Mmrn2,1.32109623,0.157473087
Gpr12,1.881142341,0.409994055
Serpina3g,-0.205467296,0.800781428
Piezo2,0.801535622,0.545713622
Rrp9,-1.048569351,0.000832516
Irf8,-1.096052895,9.85E-08
Ago1,-0.165920747,0.745693578
H2-Ob,0.332451928,0.352080428
Prelp,1.046833133,NA
Entpd3,0.529078603,0.81137282
Gucy1a2,1.084563868,0.500339247
Mrps27,-0.438257821,0.139125575
Kctd12b,0.075369691,0.90728783
Kif21b,1.091699066,0.005142607
Klf8,-0.0555745,0.947754019
Rims1,1.905641557,0.133476395
Lrrc18,-0.294295139,0.39947687
Fcho2,0.471317367,0.074230185
Cox6a1,-0.828950722,0.049759178
Tmem273,-0.444030623,0.427456867
Ubr7,-0.872592435,0.003467374
Gm20604,-0.423767828,0.482076172
Kirrel,1.320564781,0.504375848
Tspo,-0.052143657,0.925809184
Utp15,-1.068171312,3.18E-05
Cd1d2,-1.379348647,0.139810208
Trem3,-0.253667721,0.861949521
Gpr155,-0.246197502,0.468635428
Ubac2,0.063068261,0.896090773
Enc1,4.381808064,7.99E-42
Ydjc,-0.745174345,0.010356964
Tram2,0.461785467,0.396403871
Abca9,-0.203202469,0.838240719
Phlda3,11.61101833,1.03E-20
Efhc1,0.852320646,0.603705374
Oasl1,-0.590443456,0.384678875
Ptpre,1.024680336,0.001873437
Fhdc1,-1.637679218,0.2077885
Rhod,8.092285002,1.13E-07
Card6,0.31452338,0.364014541
Oosp1,0.10882178,0.939178578
Mcm3,-1.29131315,5.49E-05
Shisa4,0.50625244,0.819226546
Wipi1,1.838342199,2.89E-05
Tdrkh,-0.898536788,0.098210136
Ammecr1l,-0.366672244,0.353812295
AW549877,-0.192426822,0.589928489
Agrn,1.206163237,0.010160264
Mfsd9,0.563860919,0.456361652
Tnfrsf18,2.6963307,1.02E-07
S100a10,1.876012836,2.50E-06
Arhgef11,0.213397638,0.57311453
Hrnr,4.818500317,NA
Zbed3,-0.488695614,0.38274669
Acacb,0.110298359,0.929144172
Ncapg2,-0.801691688,0.016302556
Myo3b,2.968585341,2.53E-06
Tmcc2,0.079122042,0.926158922
Abhd14b,0.35475401,0.603933068
Hnrnpf,-0.830743832,0.006999823
Kank3,4.019429421,3.93E-17
Dmgdh,0.213634699,NA
Ccdc115,-0.833725788,0.002732714
Ssh1,-0.097640788,0.83939017
Rassf4,-0.227931246,0.693930889
Dzip1,3.975918915,6.60E-14
Pnliprp1,5.602763934,NA
Bend6,-0.090497843,0.892241928
Slc35f2,-1.412229001,0.000570126
Abhd14a,0.210420293,0.772564482
Bag2,-2.107486561,7.10E-05
Lyn,-0.104142463,0.681280095
Rabif,-0.562773104,0.13421022
Ptchd4,4.038184871,NA
Trem1,0.960013885,0.326423253
Nxt2,-0.490134461,0.248493503
Itga1,-0.180198838,0.892996759
S100a13,0.034719864,0.956184324
Specc1,0.305338745,0.802469518
Ikbke,3.855782629,1.24E-23
Grap2,0.72323558,0.017303672
Frem3,1.826765021,NA
Gnl3,-1.188798831,5.49E-06
Lgalsl,-0.893425042,0.101610931
Fam83g,0.466329825,0.364114142
Esm1,0.827079932,0.604175294
Atf4,-0.834650583,0.00749396
Prdm14,0.552053044,NA
Ccno,-0.75876885,0.850949385
Dhx29,-0.860917886,0.001198564
Zfp532,0.510477094,0.520494264
Mindy2,-0.278750109,0.398875262
Mybph,1.316298659,0.545713622
C1galt1,-0.343545035,0.466821416
Dctpp1,-1.401649799,0.01525905
Fcmr,-0.514823688,0.087905474
Leo1,0.530139644,0.067860739
Hoxd11,3.224126579,0.207070977
Ago4,0.856835695,0.026645748
Usp22,-0.570110203,0.057448246
AA986860,-0.088131651,0.960390758
Klhl14,-0.006384802,0.991901442
Sun2,-0.054058617,0.879564419
Adprs,0.806508034,0.064984917
Ipo11,-0.8264126,0.007809505
Kdm7a,0.449116957,0.141560778
Hirip3,-0.991123062,2.13E-05
Stk40,-0.431024102,0.093885483
Pbxip1,0.711312044,0.002842162
Gucy2c,0.658750638,0.464580727
Itpr3,0.115762893,0.761665739
Alkbh5,-0.881579748,0.010654357
Shisal2b,2.363208947,NA
Wdr55,-1.195990594,1.58E-05
Dusp15,8.107347914,NA
Ypel3,2.390395836,4.72E-13
Jph1,0.677923831,0.611297884
Mapk6,-0.712063781,0.003524498
Sipa1l1,0.424176155,0.111954719
Naa25,-0.681115691,0.016146465
Map3k9,2.552308375,1.88E-16
Trafd1,1.241923184,4.84E-06
Wdr74,-0.6936925,0.045354655
Ttc9,7.156879279,0.006904922
Dpm3,0.213559352,0.763961778
Id1,1.389411977,0.229466409
Tmem108,3.153247382,3.08E-14
Apobr,-0.035485789,0.972143486
Maneal,-0.522632994,0.525078248
Trim46,1.305528756,0.247770059
Hebp1,-0.012440592,0.988130101
Muc1,1.367716769,0.348128773
Krba1,0.661716153,0.008979912
Gpr151,-0.910621158,0.117111265
Snai1,0.262271774,0.833285829
Fgf11,1.444763089,0.206558344
Nrep,0.834907545,0.57061652
Wfdc12,0.545799057,0.692753067
Zc3h6,1.724510675,6.41E-05
Aida,0.204234788,0.464995603
Foxo4,0.234118322,0.530051155
Egflam,1.847007366,0.480246739
Sbk1,1.070694225,0.026703689
Ifnk,0.168864134,0.906674404
Gng2,0.130166775,0.691130347
Klhl6,0.263889109,0.304658679
Ptgir,0.722044011,0.660882711
Spice1,-0.335713372,0.523008367
Dpy19l1,-1.227779864,0.000117031
Synpo,0.973992486,0.474790035
Hic1,4.025185833,4.29E-13
Qrfp,0.491680031,0.474336128
Lrrn4,-0.042807507,0.982573374
D830039M14Rik,-0.014810117,0.991901442
Mob1a,-0.797323108,0.045354655
Crppa,0.027876836,0.972143486
Hpdl,-1.523784626,0.130611856
Arl11,-0.170440108,0.906814114
Niban3,0.868221747,0.098752561
Tmem64,-0.802181118,0.068226239
Pigv,0.425138445,0.276618379
Hoxd9,1.905897678,0.150553293
Gm6741,-0.757448843,0.372069847
2510009E07Rik,-0.162947521,0.865769026
Otud1,0.582219401,0.249973615
Rnf227,-2.138988485,9.10E-05
Eif3j2,-0.72339063,0.049895322
Psapl1,0.920494501,0.624641476
Leng9,-0.006323222,0.991449915
Pgp,-1.19809779,0.042756079
Adam30,1.360528384,0.378779699
Gm6863,-0.491516435,NA
Acot6,0.089537867,0.932091938
Tril,0.855256728,0.410932812
NA,1.043598958,0.505205127
Gimap5,-0.228586654,0.462268944
Setx,-0.226370375,0.4685353
Fam90a1b,1.978467035,0.248713
Unc5cl,0.763256496,0.115643866
Eif5al3-ps,-0.580994005,0.798707156
1700019D03Rik,-1.401757236,1.75E-05
Fam221b,0.161250301,0.931961322
0610009L18Rik,0.532987075,0.437467647
Fem1a,-0.877183003,0.008081547
Pkhd1,5.570225356,NA
Gm12481,-0.367497343,0.75798492
1700048O20Rik,-0.249138961,0.648083038
Vwce,-0.529029915,0.884971614
Kifc5c-ps,8.066071187,0.001246084
Oaz1-ps,2.944859787,0.355042255
Clec4a3,-0.080453529,0.917527713
Taf10,-0.792479919,0.012867841
Zmym1,-0.892261775,0.040475605
Chil5,0.279757644,0.796266856
Kbtbd7,-0.419764953,0.439324286
S1pr2,-0.661740846,0.597309674
Olfr544,1.632239911,0.395139753
Gimap7,-0.502850567,0.205221642
Klri2,0.357414569,0.736974089
Wdfy3,0.365402302,0.623913752
Naalad2,-0.735069835,0.507753879
Cep164,0.971842293,0.000266407
Gls2,-0.572887525,0.490546876
Cilp2,-0.429708235,0.855731951
Mrpl50,-0.745296761,0.011529779
Rell2,-0.308685725,0.669673987
Npb,-1.672358782,0.356471588
Als2cl,1.473673821,0.150553293
Ccr10,-0.152823767,0.947754019
Gpr22,0.046511899,0.948426784
Eml6,0.794821565,0.013041738
Efcab8,2.156145158,0.00586194
Arf6,-0.766183387,0.022360983
Nkrf,-0.497841084,0.081814847
Hepacam2,0.762306963,0.046181923
Tnip3,2.09825549,1.68E-05
Bcl2l15,1.865279638,0.002104624
Ptx4,1.695969863,NA
Gpr146,0.571165793,0.086445473
S1pr4,0.37519309,0.318289032
Vsig4,0.682782379,0.683026924
Nkx2-3,1.522698456,0.388035383
Nxpe4,-0.326530785,0.360564258
Nhlrc1,-0.548485057,0.647762818
Pcsk9,0.144111591,0.913517482
Crb3,0.355819783,0.630923844
Ubb-ps,1.241514683,0.441231662
Apol7c,-1.540564878,0.021369733
Mab21l3,-0.160041794,0.925809184
Trp53i13,0.640292074,0.168470702
Gm9790,2.343282138,0.508119549
Ackr3,-1.097821086,0.104441033
Aplnr,-0.178370091,0.948792789
Slc25a53,-0.338515605,0.328707257
Lacc1,2.97777487,6.12E-23
Sowaha,-0.296758616,0.862455411
Cxxc4,1.482132011,0.328975901
Gm13080,-1.415318008,NA
Adig,-0.257501766,0.933651462
Sptssa,-0.584071226,0.309793822
Gm9493,0.567416121,0.755174754
Gm9791,-11.45281415,NA
Ffar1,-1.134557279,0.000681396
Rin3,0.071274278,0.87749794
Fam160a2,1.705950674,1.43E-08
Tent5c,0.81221036,0.705398946
2510039O18Rik,-0.458456951,0.267987724
Zfp758,-0.667100029,0.16438186
Rps2,-0.348416583,0.502493963
Ackr2,-0.931193523,0.047376297
Rasip1,0.714358951,0.600187103
Tlr7,-0.645749008,0.076181836
Cnrip1,0.368634536,0.492915168
Pard6b,-1.092414881,0.023268704
Ly6k,-1.94138272,0.05742373
Phf11a,-0.484026332,0.411341357
Kcnj10,-0.122506779,0.87773851
Gemin7,-0.663653375,0.140748957
E230025N22Rik,-0.565870487,0.692866418
Serpinb1a,-0.489925841,0.109863805
Klk14,3.095574825,0.031791482
Abca6,1.756595314,0.058266642
Gm6430,-0.929388145,0.662160547
Trmt10c,-1.106084582,0.002033481
Scml4,1.498079888,4.21E-07
Hjurp,-0.029925648,0.927150336
Cd300c2,0.258996035,0.734699526
Olfr543,1.733775949,0.097270239
D630023F18Rik,2.043687624,0.001799997
Olfr545,2.088785513,NA
Lsm11,-0.927853024,0.01525905
Ankrd50,0.443153872,0.252395166
Zfp367,-0.78388046,0.013115419
Ubtd2,0.091543295,0.88580221
Mylk4,1.995652753,0.011529779
Fzd5,1.796830878,7.33E-08
Tubg2,-0.649481464,0.425696128
Prss22,1.538632849,0.399401606
Prkce,1.988293021,5.06E-08
Megf8,0.545470211,0.523008367
Lrfn4,-0.666299603,0.501369374
Kcng3,-0.159587686,0.942604606
Zc2hc1c,-0.545631638,0.42050531
9930022D16Rik,0.369394748,0.739434712
S1pr1,-1.833190493,9.20E-15
Arhgef37,0.18768569,0.916597981
Magi1,0.525457098,0.758567541
Olfr1445,-0.106755198,NA
Tubb2b,0.65399721,0.19449834
Pigw,-0.766460701,0.02222128
AI467606,-0.154114015,0.732639635
Borcs6,-0.081613601,0.899236651
Asxl3,2.013256996,0.232386501
BC106179,0.444399354,0.278403464
Rln3,0.210293856,0.899601215
Eola1,1.454242639,0.001115944
Zfp688,2.276686987,5.40E-09
Ush1g,1.794004686,0.275693756
Insig1,-1.469396636,2.36E-05
Fndc7,-0.033034636,0.970889986
Cenpe,-0.607741598,0.369300163
Nyap1,1.403085351,0.54586235
Sh2d5,-1.082380438,0.096192171
Fam186a,1.720079621,NA
Tnfrsf26,2.790457936,6.47E-17
Wdr81,-0.035341357,0.937582367
Tmem88,-0.333279947,0.750964093
Cxcr4,-0.293596847,0.75573924
Epcam,-0.634763354,0.412733028
Kcnk13,0.225968288,0.663347065
2410002F23Rik,-0.677245954,0.017899171
Tmem60,-0.505718652,0.298234427
Gm9797,-1.986395366,0.002096627
Sys1,-0.217336512,0.582455896
Ddx28,-0.713478897,0.122218605
Fpr1,-0.788725831,0.239960735
Penk,3.294940675,0.101054854
Sh3tc2,-0.908781246,0.648399841
Mtus1,0.021237609,0.989123278
Vwc2l,1.487043539,0.436069571
Plekha7,5.322601102,7.13E-56
Henmt1,0.76948969,0.720354371
Cdc42ep2,0.02245487,0.983162079
Mfsd5,-0.843397273,0.031985186
Togaram2,2.732262178,NA
B230219D22Rik,-0.369277413,0.367263404
Slc16a5,-0.04090091,0.980057555
Gm9800,1.308623006,0.268352736
Hsf3,-0.396593454,NA
Ptprcap,-0.509303423,0.250371309
Serpinb9,-0.37105009,0.442378699
Gvin1,-0.675329228,0.304146446
Gm9803,-0.301406236,0.870955782
Gm20715,0.373243221,0.690793861
Clec14a,0.31481902,0.900797959
Ifit2,0.034215787,0.972143486
Mrps12,-0.810308818,0.085739739
Cavin2,0.402125279,0.772041993
Gpr158,5.802491368,NA
Eif4g1,-0.471781842,0.028986679
Polr2k,-0.789860867,0.078158709
Gapt,-0.384669043,0.453895432
Pnlip,7.672810457,NA
Calhm6,-0.931088724,0.016145297
Rp1l1,1.526380498,NA
Clec9a,-0.244496703,0.651512064
4931422A03Rik,0.154430667,0.837052134
Tmem229b,-0.692712424,0.046514789
Kcnrg,-0.551413517,0.276618379
Adamts6,0.450602422,0.248713
E2f8,-0.783450246,0.172857622
Cd109,2.299959969,0.285431831
Pik3r6,0.378897006,0.777560804
Plaur,-0.17405142,0.861949521
Scand1,1.326071448,0.009817576
Hepacam,6.189930195,NA
Pilra,-0.062940608,0.925071066
Olfr1444,0.415041769,0.838584877
Stxbp6,1.850744407,0.06605158
Hs3st2,0.035797431,0.973944558
Gm6195,-0.672730534,0.452924769
Gm11223,0.447962111,0.956266932
Jrk,-0.604498204,0.164021785
1700067K01Rik,-1.486136734,0.049130912
Lrrc75a,-0.60360428,0.192311078
Gm5564,0.696349953,0.623913752
Cmtr2,-1.035543015,0.017048371
Ppm1e,0.343249571,0.491318864
Nexmif,5.015177032,0.003115913
Tmem150b,0.295422314,0.858080908
Scn4b,6.955832221,3.65E-15
Golph3l,-0.421474181,0.324816636
Spin2c,-1.735013101,0.345402461
Unc119b,-0.394088116,0.369684171
Tmem215,1.159304959,0.58501097
Bdh1,-1.157898052,0.002574701
Pkd1l1,0.275755632,0.899236651
Gm7729,-1.430772557,0.630923844
Cxxc5,0.791619762,0.053602639
Tifa,0.388514334,0.283248172
Chtf8,-0.895918173,0.022357989
Rpl14-ps1,-1.585424441,NA
Cdc42se1,-0.124875203,0.760249034
Gprc5a,5.015055163,0.050654525
Fat4,0.934864326,0.611787591
Mrps7,-0.93408177,0.010356964
Fam83h,2.595180051,6.79E-05
Rhoj,1.118660236,0.489244728
Mpeg1,0.376471632,0.432752333
Lrrc75b,0.564413248,0.514997541
Ddit4l,4.10113464,1.72E-15
Mettl21e,0.045787563,0.981690449
Ckap4,0.083521192,0.909421412
Pip5kl1,-1.252119274,0.302353057
Gpr1,-0.496402422,0.759100302
Hectd3,0.132177055,0.67898311
Fbl,-0.568486149,0.034792378
Atxn1,-0.456186676,0.241588703
Irgm1,-0.984954069,0.028299608
Zfp740,-0.170084355,0.701517626
Nqo2,0.491996262,0.2024725
4930432E11Rik,2.476093993,0.198505119
Gpr156,-0.039320725,0.964225873
Pla2g4f,0.060087465,0.980057555
BC053393,0.215551628,0.82314406
Mars2,-0.444358988,0.300225685
Zfp41,-0.336868479,0.632082596
Fbxo41,-0.509120331,0.753741718
Tmem164,-0.297853284,0.289562715
Dusp28,-0.241128323,0.761503893
Tmem198b,0.61169198,0.204561519
Dnajb7,-0.562480427,0.469516276
Cltc,-0.558455646,0.028247395
Cd24a,-1.087638496,0.015787589
Neurl3,0.843679144,0.000870429
Samd14,0.558543921,0.563187925
Dync2h1,0.351066099,0.315873218
Gm527,0.431818329,0.72910818
Taf9b,-0.59965053,0.098020037
H2bc6,-0.303523956,0.638897427
Ptgs1,0.166566638,0.820725668
Emc6,-0.806818799,0.026670588
Zfp358,-0.296004984,0.620938649
Gpr15,-0.260490087,0.912909008
Smgc,0.935372215,0.691443856
Kcnv2,-0.11844242,NA
Mettl21c,-0.099095107,0.910723468
Lancl3,-0.417451652,0.87633657
Cstad,1.009064665,0.489244728
Abhd17b,-0.688660697,0.115834028
Gm7367,-0.390354243,0.825708102
Flrt2,0.505791363,0.84632106
Gpr68,2.748007212,6.79E-15
Gphn,-0.340357194,0.275906454
Gpr141b,0.567799954,0.572846117
Olfr1396,1.084803101,0.662482835
Dmbt1,3.834613624,0.170424635
Mafa,4.243229946,0.006964285
Paxx,-0.341383574,0.48676106
Cd3eap,-1.002037052,0.000115072
Rpsa-ps10,2.533612788,NA
Ust,1.816436581,0.000811165
Samd9l,-0.525273619,0.140780672
Utf1,1.173442957,0.365867787
Fancb,-0.914861629,0.035234919
Atg16l2,0.247011701,0.436399148
Phf13,-0.259648904,0.744352511
Sned1,-0.501377358,0.480634767
Trim16,1.008854412,0.44181313
Pygo2,-0.316853754,0.558309108
Cdca4,-0.656746391,0.141620687
Diras2,0.754389218,0.164193466
Bri3,-0.092592727,0.899236651
Bex4,-0.573027936,NA
Foxi1,-0.204625871,0.960023452
Gimap6,-0.314790959,0.25525375
A4galt,-0.726017298,0.2545195
Rell1,2.006764153,7.79E-08
Tshz2,0.9731448,0.577638041
Npm2,0.233865975,0.932177529
Marcksl1,0.361429838,0.479566751
Rpl9-ps7,-0.301931596,0.707866703
Dipk1c,0.009735237,0.997223568
Timm8a1,-1.091854104,0.023640713
Neurod4,-1.75805094,0.030026997
Tmem229a,0.248515118,0.811122358
Rgmb,-0.542395995,0.395139753
Tenm4,0.638186631,0.329343692
Gm4737,0.504454384,0.406810061
Lmod1,0.787918588,0.838431135
Entpd1,0.206841007,0.421921835
Col6a3,0.541463541,0.7613222
Nat8l,-0.642601966,0.443386501
Mcmbp,-0.609149916,0.015217938
Gm8181,-3.787132543,0.394012426
Gpr85,0.667092864,0.776103315
Amigo2,-1.709464116,1.66E-05
Crebrf,0.458014692,0.081280394
Bcl11b,1.132175502,0.179968852
Gm4884,5.512013055,NA
Ckap2l,-1.20291882,0.115342291
Omd,-0.577084069,0.791466066
Ranbp3l,0.305536044,0.865383281
Smim5,-0.297323131,0.587695339
Ccdc57,-0.211942686,0.838431135
Inka2,5.574161703,3.10E-42
Mypop,-0.219820232,0.690769579
Zdhhc22,0.049375669,0.988130101
Depp1,0.005821897,0.994580002
Mmgt2,-0.539949207,0.108238847
Cd300e,-0.694946661,0.267501402
Duxbl1,0.730794524,0.706088486
Phldb1,0.574523384,0.663078301
Nhlh2,2.553948813,0.265878564
Myof,-0.995930876,0.005154598
Gm6377,-1.420420725,0.001828978
Ctxn1,2.317478689,0.025924681
Mex3d,-1.376935439,0.002383534
Speer4b,5.094950198,NA
Mcat,-0.6560251,0.231937131
Foxo3,2.457921948,3.05E-18
Cyb561d1,0.088331005,0.869303557
Slc35e4,4.19060484,9.21E-08
Pkd1l3,-0.13544458,0.741696767
Gm12185,-0.425798861,0.204503289
Slc25a47,-0.2498322,0.756189364
Cdk5r1,0.024753266,0.969037547
Zfp710,-0.257971206,0.398875262
Rimkla,2.65653382,NA
Efna5,3.52141892,0.006214121
Ccdc125,0.203384113,0.577469059
Gm6206,-1.162785804,0.108155958
Mrgpre,0.94346669,0.176428686
Yjefn3,-1.027982148,0.399036646
Rapgef4,0.695663663,0.124129735
Bmyc,-0.175721917,0.741419883
Sephs2,-1.056001135,0.003840831
Gpr137c,-0.556681984,0.375190708
Ccr2,-0.051310976,0.957384213
Themis,0.87308216,0.366079215
Agtr1a,0.105651606,NA
Frmd3,1.678564606,0.266125452
Gm8186,-0.675366979,0.309988946
C5ar1,0.81605896,0.623913752
Flg2,4.828224277,0.281848234
Nrap,2.727709282,0.174540801
Zfp518a,-0.586591858,0.117633885
Frmpd4,2.707414995,NA
4930515G13Rik,3.333751917,NA
Skint7,0.882270572,0.506237237
Apoo-ps,1.539083282,0.441540151
Gm7324,-1.959929882,NA
Zfp219,2.399487247,1.18E-10
Trappc1,-0.600221661,0.171340259
Syt12,3.818565954,4.06E-16
Sorl1,0.514990057,0.272263446
Fbxw13,-0.72163889,0.538128247
Zfp2,-0.631821619,0.361644097
Kmt5a,-0.761107387,0.014126338
Tenm2,2.381147931,0.341100595
Retreg2,-0.691815238,0.089736296
Zg16,2.083747495,0.204561519
Gemin4,-1.275428724,0.003939987
Prokr1,-1.685215106,0.135354347
Zfp683,0.724227158,0.788066826
Chchd10,-0.840714599,0.03787941
Aff4,0.286288562,0.443744439
Pls1,-0.43307496,0.769377679
Cdc42ep1,1.37137311,0.484495324
H1f1,-0.536954175,0.399602744
Fzd9,-0.001935483,0.999092715
Polr1a,-0.572561978,0.021291222
Tmie,1.579595243,0.304053813
Cfap46,2.18477158,0.060157374
Tsku,1.815877652,0.005929916
Grm5,0.469409639,0.539673185
Ccdc69,0.070713565,0.87465162
Gpr55,1.557328383,0.000491552
C1ql3,3.134900085,0.162452596
Gpr3,1.000879786,0.763961778
Pheta2,-1.179222645,0.305746092
Rxfp4,-0.894392791,0.501369374
Arhgap15,0.439922187,0.220849326
Rpl36al,-0.81897818,0.038714806
Micos13,-0.548364463,0.334120474
Tmsb4x,-0.374545668,0.396084031
Sertad2,-0.472327792,0.165697403
Rbx1-ps,0.418580219,0.693037448
Nlrc3,0.239203406,0.651512064
Vcpkmt,-0.401068451,0.253788034
Rasd1,3.38467177,4.06E-06
2610318N02Rik,-0.637035266,0.213249752
Slc35c1,0.330194499,0.433398297
H2ax,-0.873301609,0.0636415
Rpp38,-0.98370422,0.012682855
Mrps16,-0.305691396,0.623913752
Lrrc25,0.302839307,0.601104938
Ppp1r3d,0.384122571,0.855071857
Apol10b,1.454755141,0.095567125
Fhl4,0.964699482,0.280436827
Tmx2,-0.930095027,0.022523936
Gpr171,0.460458779,0.603933068
Vwa3b,1.657383574,0.48676106
Sarm1,1.611423683,0.006657384
Eif5a2,-0.892341774,0.067133773
Scd4,2.085085762,0.000248491
Lgr4,-0.74176734,0.340859458
Eva1b,0.117489077,0.871844656
Cxcr3,-0.281623318,0.776012216
Gm5446,12.39903649,0.102498327
Heatr1,-0.933935824,0.003576305
Evc2,1.090371614,0.562658009
Ndufaf6,-0.693086434,0.107679798
Lgals3,0.840761295,0.238422513
Gpr18,-0.660815743,0.003965729
Hoxd10,3.514063371,0.052200973
Il31ra,1.495966465,0.42050531
Septin6,-0.234703918,0.349585186
Tcf19,-1.355111583,0.032229397
Cyp8b1,-0.342941933,0.837630454
Fam167b,-0.513509603,0.824885356
Mgat4f,2.15261183,0.346991634
Gm9845,0.670268095,0.561851181
Hyls1,-0.894137759,0.003917357
Mmp13,0.767490391,0.672745926
Zfp831,0.864448635,0.001650838
Zfp61,0.317994359,0.472766322
Rps27rt,4.30045178,0.459698724
Gpd1l,-0.371417027,0.372069847
Trhde,1.843605473,NA
Vstm4,-0.117992252,0.900517657
Ism2,-1.378934305,NA
Emilin3,1.408871607,NA
Plekho2,1.979671531,9.49E-19
Arhgap42,0.360588436,0.682499842
Vamp8,-0.07047737,0.844160677
Pgbd5,1.605498166,0.366915491
Gp1bb,1.746241418,NA
Tmem37,1.151552009,0.245915165
B3galt6,-0.418342954,0.458244557
Fam131a,5.531400616,1.81E-18
Slc29a4,0.650157339,0.519977956
Cdh20,0.363475158,0.824885356
Atp5k,-0.589359099,0.172785765
Phospho1,2.189209682,0.42050531
Tmem123,-1.295802909,2.10E-05
Ankrd37,-0.219084582,0.777560804
Dcaf12l2,2.479124878,0.089798662
Map10,0.085596844,0.925790008
Efcab5,0.933604076,0.323489189
Gja1,1.687678646,0.059207083
Insl6,-0.72831685,0.349793986
Prkca,0.063579683,0.87780828
Apol10a,-0.565840423,0.886503915
Adgb,0.074324613,0.969037547
Fam160a1,-0.425087907,0.607978961
Hs3st1,0.170294957,0.865014525
Rgs13,-1.483377717,0.047294892
Mblac2,-0.221091161,0.589518686
Gimap9,-0.805731894,0.012562813
Gm6293,1.600824958,0.051539597
Camk2n2,-0.63787585,0.499954094
Adnp,1.025967797,0.170478812
Commd3,2.074326822,2.11E-09
Zfp524,-0.204830452,0.744690325
Fam174a,-0.235614136,0.542540047
Gpr183,-0.944883753,0.000608185
Ercc6l,-1.391248246,0.000958375
Bzw1,-0.776594305,0.054041426
Tmem199,-0.536145549,0.197594349
Islr2,1.414941309,0.278669731
Gm6563,-6.737255183,NA
Jagn1,-0.864661721,0.01764617
Trap1a,0.775900904,0.763330847
Nat8f3,0.025223188,0.989275208
Gdf6,0.975222919,0.717702365
Ffar2,-0.676308465,0.374625701
Taf7,-0.755557075,0.011927397
Mtln,-0.453575875,0.529221792
Gfod1,1.556757916,0.023066968
Rab11fip5,1.656612095,0.020252029
Spryd4,-0.329869479,0.55836175
Samd3,0.283493394,0.810219935
Six1,2.696950859,NA
Kif18b,2.519848245,1.99E-05
Tacstd2,-0.983479288,0.06848233
NA,-0.75239063,0.225680513
Fhad1,1.731075758,0.304581246
Bbs12,-1.103414969,0.023594589
Spn,0.460119375,0.149032331
Foxd4,-0.983918254,NA
Kcnj16,0.552317546,0.442116288
Ufsp1,0.724092624,0.342093559
Siglech,-0.299067014,0.746557632
Rps19bp1,-0.44976472,0.265643518
Gm5124,-0.21253908,0.91826984
Pusl1,-1.235296475,0.001363079
Map3k19,0.2752888,0.52167233
Rap2a,2.554668945,8.08E-11
Krt9,5.337095282,NA
B3gnt2,-0.362224718,0.122629736
AU021092,-0.542908107,0.545713622
Dcun1d4,-0.541402661,0.082530857
Trim32,1.590516246,0.001805368
Treml4,-0.08284114,0.906924112
Kctd14,0.12763588,0.875142433
Ttn,0.422858915,0.668321655
Wfdc21,1.383983396,0.180830346
Nlgn2,0.918585348,0.191477471
Adam6b,0.366247998,0.514997541
Cox6b2,5.816902271,2.48E-14
Sox12,-0.574022116,0.309793822
Gypa,-1.373495195,0.620945102
Rtl8c,-0.339490294,0.832534513
Sox6,-1.0260953,0.606867385
Spats2,-0.356270221,0.841208116
B3glct,-0.583987639,0.087294441
Tlr11,-0.543694124,0.484495324
Erich1,1.64923785,1.17E-15
Igfn1,2.770348859,0.230869931
Lax1,-0.863912633,0.025677076
Tagap1,-0.587077485,0.181374694
Klf13,0.4851228,0.18568313
Zfp217,-0.309983389,0.208726879
Rgs14,-0.619290156,0.054912983
Gnpda1,0.073423308,0.853469602
Akr1b7,1.109588084,0.204561519
Rasal3,-0.058958891,0.872161758
Plpp2,0.229631957,0.779217756
Pld4,0.367025154,0.323602696
Serpinb6c,1.931620473,NA
Cd177,-1.13129415,0.474336128
Ppp1r36,5.470959129,2.21E-05
Dnah3,2.557600961,0.368727429
Taf9,-0.571229847,0.23950177
Cdc42se2,0.033520285,0.93884894
Hbb-bs,-1.932798117,0.602076308
Ankrd44,0.66498501,0.01457931
1700024B05Rik,2.07216062,NA
Cx3cr1,0.864956042,0.315792258
Cemip,0.457562162,0.722126484
Tmem106c,-0.029058204,0.969197772
4921508M14Rik,1.10863042,0.478232387
Acot4,1.530404647,0.376833213
Tchh,5.029004368,0.119019957
Get3,-0.759109014,0.060897364
Tcp10c,1.995687448,NA
Robo2,1.194961312,0.57311453
Spdya,-1.017734936,0.143954548
Pbx1,0.389652158,0.60022592
St6galnac3,0.912364568,0.113569563
D930048N14Rik,-0.594895457,0.433103586
H1f3,0.659300476,0.222724355
Serp2,1.821051205,0.108700008
Rnf103,0.451855074,0.131493044
5830454E08Rik,0.480106003,0.725218625
Rap1b,-0.434766887,0.086445473
Jun,2.458868073,3.64E-07
Rab7b,0.605015627,0.451997624
BC004004,-0.271716149,0.312086972
Klrc2,0.574664357,0.573790633
Trim30b,0.582968478,0.092272086
Repin1,0.051295093,0.939519098
Gpr25,4.053817503,0.017368753
Oas1a,0.213836234,0.755336027
1700030K09Rik,-1.166038918,0.015512433
Gm9892,0.38630734,0.8216227
Junb,0.908548021,0.009770822
Dnah6,1.717469156,0.474336128
Prkg1,0.11317191,0.950543854
Glis3,0.781696739,0.195866933
Cd8b1,-0.171944392,0.845375563
Clec12a,0.257207748,0.598575874
2700081O15Rik,-0.393758841,0.48027214
Gm5129,0.732687066,0.686208615
Mapk11,-1.052792499,0.004494211
Ptprt,1.20618036,0.375894282
Fes,0.463557235,0.295467162
Rpl18-ps2,0.240906412,0.935376651
Prx,1.455668434,0.238869674
Aldh1a1,-1.180568594,0.603705374
Ddx10,-0.489860986,0.008129649
AI854703,-0.88064448,0.561230114
Nrgn,-0.063597213,0.958819084
Slamf8,-0.48987055,0.523461522
Phgdh,-1.374849268,0.001739888
Hhipl2,0.448553294,0.813704358
Gm13534,1.799650761,0.721318855
Tcf4,-0.384455153,0.03405364
Gvin-ps6,-0.168078849,0.61853782
3110082I17Rik,-0.458788117,0.176915289
Smagp,-0.15747919,0.845375563
Tanc2,-0.797795016,0.021291222
Zfp472,-0.726636658,0.066814968
4930442H23Rik,-1.017351102,0.248182881
Rpia,-0.734766387,0.011163264
Sh3pxd2a,0.326902788,0.425621391
Plxnb1,0.817184293,0.501991777
Mast1,0.430216788,0.42564497
Nebl,-0.961788619,0.099065642
B430305J03Rik,11.21420729,0.209343659
Tmem39b,-0.830543626,0.028678627
Ptrh1,0.145870142,0.864933496
Exoc6,0.072472852,0.823140842
Grwd1,-0.906450567,0.046514789
Camk2d,0.474790655,0.024032764
Gm9923,-0.601712358,0.569037684
H2-T24,0.111324344,0.793929502
Lipg,-1.031476297,0.372069847
Fpgt,-0.81879287,0.036275324
Ech1,0.117377222,0.822413863
Mat2a,-1.019725421,0.008878672
Nanp,0.436411493,0.753054182
Cnn3,-0.506016153,0.143272753
Lgals4,0.818211563,0.043415722
Gm9930,0.178617966,0.953358823
Tdrd9,2.319695681,NA
Ndst1,-0.189837281,0.449563616
Pkp3,-0.080452513,0.86346666
Iigp1,-1.270964478,0.115197169
Utp18,-0.910196638,0.001448669
Syne3,2.693275499,6.95E-14
Fam83e,-1.135288009,0.163561622
Klf1,-1.249282993,0.398875262
Ifi205,-0.734667461,0.164686936
Fgfr3,0.645742994,0.578402975
Lifr,0.130715765,0.87567777
P2ry10b,-0.29352851,0.464225066
Mrps21,-0.83223509,0.028710669
Taf4b,-0.187920072,0.618283149
Kcnn4,0.039288952,0.958819084
Pnma1,0.309608471,0.798707156
Ceacam2,-1.785519786,0.002708378
Cklf,0.079495665,0.878354468
Slfn5,0.222538601,0.744798674
Tmem120b,-1.205222836,0.003239117
Gimap4,-0.603527337,0.125624179
Cpa1,2.047280546,0.588221789
Tle5,-0.392155421,0.29406275
Dedd2,-0.405289934,0.545614624
Parp4,0.593881267,0.017153493
Trim65,-1.001087144,0.03648317
Sh3bp2,-0.030469094,0.935920176
Ugt1a6a,0.610438146,0.70143447
Usp17la,1.864554465,0.026633754
Gm9949,6.09166669,4.00E-30
Cggbp1,-0.62952258,0.087905474
Mgmt,4.185670246,9.10E-13
Mettl7a1,0.419226984,0.480634767
Xlr,-0.301273032,0.710785194
Slc8a1,0.126022243,0.867290605
Mmrn1,1.813887856,0.629744206
Ano9,2.724984323,0.118932948
Scart2,-0.114797508,0.951474292
Hmgb2,-0.468837416,0.218061069
Lrrc8c,0.893494046,0.04201651
Vmac,2.148380333,1.61E-07
Phactr1,2.040133184,0.038602602
Set,-1.198229143,9.54E-07
Klhl18,-0.277471753,0.346991634
Smim10l2a,2.027561356,0.537603195
4930578G10Rik,2.951783669,0.080462987
Zfp667,0.163267509,0.736974089
Arhgef33,1.63908685,0.081743213
Klhl5,-0.32405407,0.364114142
Afp,-0.11645141,0.881927628
Agtr1b,1.297060959,0.38274669
Naaladl1,1.143240442,0.126874386
Lrtm2,0.790824701,0.431379206
Gm9961,2.460365286,0.004872231
Smyd1,0.716849397,0.756576481
Pdlim1,0.073090812,0.861054914
Nfic,1.889581461,6.43E-06
Rab39,-0.100491775,0.86740045
Rps27a-ps3,-0.07458524,0.980939903
Phxr2,0.397940279,0.58124025
Cgrrf1,0.248338144,0.465763555
Klf2,0.736229511,0.086856676
Ifng,1.268381649,0.398875262
C1ra,0.031754328,0.960677784
Sertad3,-0.929010077,0.018792024
9330161L09Rik,-0.588455113,0.402386966
Mrfap1,-1.065102663,0.006214121
Tns1,0.852008717,0.33114021
Fat2,5.939742298,NA
Pcdh9,0.479256005,0.781736186
Gm9970,2.42258565,0.047602585
Nap1l5,1.506362562,0.022009717
Maf,0.104099511,0.89314217
Cd47,0.008015354,0.988145915
Gm7353,-3.403960954,0.513503505
Soga1,1.070208552,0.110851981
Epm2a,0.961400761,0.220019713
Zcchc24,2.068712553,1.13E-06
Lair1,-0.27710343,0.60588516
Timd4,-0.327900948,0.637897097
Tcp10b,1.829348344,0.442720896
Cdca7,-1.996807218,3.37E-07
B4galnt4,1.437393299,0.452507877
Hmcn2,5.050989254,1.10E-24
Klhl25,-0.043591134,0.956266932
Mettl4,-0.897568468,0.051994474
Kbtbd11,0.023853284,0.967842045
Gm5069,-0.506426271,0.743954368
Gja6,0.870861522,0.605695732
Tmem191c,1.368527858,0.013521364
Klhl26,2.585826765,9.10E-13
Slain1,0.283100526,0.505566314
Rras2,-0.750993863,0.02706306
Nap1l3,0.397212254,0.827707526
Rtl6,0.23967385,0.656929165
Gsdmc4,0.34519226,0.84504513
Gemin6,-1.0347131,0.031125905
Eef1d,-0.905218617,0.007205553
Abcd2,0.127517999,0.841113932
Fmnl1,0.159490806,0.751391606
Fancm,-0.419154629,0.126676632
Triqk,-1.248816488,0.348128773
Irs1,0.474946197,0.702625073
S100a8,-0.122978993,0.959821553
S100a9,-0.6238373,0.779818222
Grik2,0.183473287,0.826085102
St3gal5,-0.038536946,0.974574664
Trim34a,0.424985818,0.126874386
Snx32,-0.403923862,0.170791437
Pgpep1,0.243483928,0.661348361
Npm3,-0.947305049,0.011165054
Pard6g,0.916665537,0.099246264
Pla2g4a,0.179267806,0.775460725
Ncoa4,-0.70502371,0.047160853
Ms4a4b,0.295210413,0.433398297
Usp39,-0.95118094,0.003854362
Tcim,0.525418066,0.763961778
Myh1,1.987434956,0.398875262
Actr3b,0.381880791,0.647762818
Lig1,-1.274503263,8.13E-05
Psenen-ps,18.5152675,NA
Adap1,-1.493702844,9.05E-09
Slit3,-0.433188967,0.706793936
Prl2c3,3.762346506,0.215373936
Adgrf5,0.197468498,0.892208905
Tmem154,-0.606407185,0.131999913
1700001K19Rik,-0.959041234,0.289209684
Rab31,0.300094662,0.532014512
Ptafr,-0.169869266,0.813022986
Fry,0.985695848,0.059308248
Ppp1r14b,-0.520807015,0.16157906
Dsg3,2.118124697,0.306239599
Apol8,-3.239048524,0.092777856
Them6,-0.982002714,0.023888015
Kdm5d,0.618232773,0.443517128
Gpr173,1.650213927,0.264071646
Gm13199,0.737815661,0.266569495
Nbeal2,-0.318967167,0.439527858
Capg,2.340648136,1.13E-07
Nfil3,2.217075265,0.000544121
Dnah9,0.757766775,0.577872833
Pou3f4,2.654708447,0.031657272
Glipr1,2.518625005,3.52E-36
H2bu2,0.172620693,0.852227007
Gm5620,-1.289889603,0.336277624
Sipa1,-0.56605787,0.351042501
Tatdn2,-0.880861308,9.43E-05
Jmjd6,-0.854111142,0.010307689
Magel2,2.740359118,0.187119754
Fam71d,-0.560121448,0.765515119
Ero1b,-0.291603744,0.21382911
Ebf1,0.454113263,0.120157324
Npm1,-1.141420462,0.000492799
Txnl4a,-1.069056445,0.00442088
Scimp,-1.13442724,0.006058459
Tmem140,-0.153940414,0.70436807
Prss2,4.267832897,NA
AB124611,0.428524299,0.139290435
Slc44a2,-0.328433321,0.155368859
Dmac2,0.346591951,0.315908286
Gm6139,-0.8821531,0.637897097
BC051142,1.489535354,0.010403579
Rpl15-ps6,-1.833967712,0.225354006
Snrpg,-0.458697889,0.467985774
Cep170,-0.13253243,0.687550539
Chst3,-0.623560718,0.103156002
Mrpl18,-1.041589099,0.006207148
Antkmt,0.053050449,0.943695067
Phex,1.365370829,0.134369494
E2f6,-1.118990269,0.003972043
Fam136a,-1.484847804,2.96E-06
Bloc1s2,2.186833252,2.62E-15
Pus7,-1.044229891,1.05E-05
Lgals8,0.090755608,0.812378952
Eif1a,-1.360775115,3.43E-06
NA,-5.906263636,NA
Rps18-ps3,0.477532367,0.865383281
Gapdh,-1.083265508,0.006171164
Mex3b,0.274917693,0.653079716
Megf6,2.35386925,0.121826627
Mab21l2,1.004181179,0.034379787
Bak1,-0.984672719,0.001940378
Olfr1446,3.631524995,NA
Xlr3a,0.804299894,0.384678875
Cbx3-ps6,-3.074407619,0.421921835
Adgrf2,0.042334243,0.984939025
Cacnb2,0.102851152,0.926158922
Gm17136,0.042773873,0.969533305
Sema3b,-1.181453529,0.264285372
Mdn1,-0.300194086,0.470991827
Ces5a,2.32241001,0.208443674
4933430I17Rik,0.199281744,0.881733578
Palld,0.378400454,0.771228648
Gm10036,0.260546725,0.852227007
Nfam1,0.189774917,0.485256523
Tpm3-rs7,1.050208423,0.341896378
Gstm1,0.880574216,0.248493503
Sez6l,1.575916678,0.456838514
Arhgap35,2.167492575,2.62E-15
Cryzl1,-0.185169475,0.698857805
Kcnh1,0.763170869,0.732660021
Idi1,-1.513390408,0.000122618
Serpina9,2.092117061,0.042057636
Espl1,-1.099625524,0.050213832
Dock1,0.260915073,0.845632029
Abce1,-1.106319627,0.00013559
Gm6612,-0.77526281,0.577638041
H2bc8,-0.389852562,0.598188675
Rrp1b,-0.944860587,0.00104074
Syt17,2.35582723,0.012617413
Cxcl2,3.082147193,0.247642709
Btnl4,0.553033741,0.685268064
Znrf2,-0.366228803,0.278921867
Gm26920,-1.945470459,0.531756547
Gm8369,0.979368086,0.000406669
Wdr91,2.626260009,3.65E-14
Scp2-ps2,2.95065306,NA
Gpc6,1.695691661,0.049551978
Cela2a,1.389803688,0.505107452
Tmod3,-0.200247811,0.552885954
Anks1b,3.368680025,0.002135479
Gda,0.486309682,0.840161331
Gm17383,0.807652409,0.775460725
Capn11,2.946386318,0.607339762
Nkx2-9,0.841176829,0.299017397
4932411N23Rik,1.8575576,0.028944426
Tubb2a,-0.445946351,0.492917663
Fcer1g,0.175202488,0.80518725
Cd300c,0.45745051,0.633664521
Kcnt1,-0.405892952,0.886503915
Kcnj14,-1.022131318,0.607978961
Zfp958,1.638986375,7.64E-05
Thra,1.097626256,0.008137985
Rnf169,2.380827603,5.60E-16
H1f5,-0.391841448,0.512524416
Nfe2,-0.112291934,0.91826984
Hspd1-ps3,-1.191940669,0.607339762
Pirb,0.484045925,0.216704086
Opn1sw,0.17777295,0.912076675
Rps27a-ps2,0.553243993,0.70513031
Zfp708,-1.038408106,0.029456364
Gm10051,0.285807336,0.944240326
Gm10052,0.372601503,0.618980819
Gm10053,-1.019015371,0.073231488
Gm2174,-4.680745815,NA
Cfi,2.934673597,NA
Tlcd3b,2.376740984,NA
Sh2d3c,1.416172302,1.81E-05
Kcp,0.98039285,0.518541742
Eno1b,0.461101288,0.878354468
Frem1,0.857628031,0.625718341
Tma7-ps,2.249663276,0.081814847
Fcgr4,-0.078733949,0.930044587
Ifitm6,-0.181072774,0.878354468
Zfp945,0.157178963,0.563738892
Mfsd4a,-0.10544335,0.770823
Skap2,-0.057132835,0.871917106
Gm12715,5.295799981,0.044784836
Ppp1r2-ps4,8.935302027,0.149765669
Septin9,0.058533389,0.853469602
Naa38,-0.810118049,0.081814847
Slc27a4,-0.368431894,0.523008367
Hopx,-0.931543246,0.012462448
Slc14a1,1.02845448,0.015715361
Mamld1,0.583077237,0.821919196
Ppp2r5d,1.300698789,9.50E-05
Fxyd2,-0.189924964,0.941067506
Gm8116,1.139102598,0.301312358
Gm7331,-0.380696722,0.831943165
B3gnt8,1.395579706,0.00062342
Nhs,-0.811941462,0.320599631
Fcgr3,0.299785811,0.660762851
Uqcr10,-0.567635121,0.341792231
Trp53,-1.110931502,1.12E-05
Gm5292,-1.146295829,0.284957651
Cbx3-ps7,14.6007462,0.057022615
Stfa2l1,1.104853592,0.7173949
Mif-ps6,-0.001129623,0.999635691
Akap17b,-0.170220656,0.753971258
Rcan3,0.134529444,0.785188086
Flot1,0.539089585,0.321581555
Ndufs8,-0.574806763,0.133851897
Myl3,0.955807599,0.341792231
Fdps,-1.777388252,9.54E-07
Rpl13-ps6,-0.211294604,0.803662609
Nrm,-0.786337521,0.011529779
Rgs3,0.484056759,0.154589564
Kcng2,0.869656905,0.550608022
Hydin,2.666246607,0.393023414
Ntng1,1.0537875,0.746827952
Olfr1393,1.199492347,0.604174838
Ptp4a3,2.621525822,2.93E-19
Zfp930,-0.978154726,0.003982633
Hspa2,2.055938962,1.95E-07
Ntm,2.038059731,0.018792024
Atxn7l3,-0.743063146,0.035721533
H2aj,1.775644054,3.96E-07
Tmem26,-0.466099265,0.144206015
Alox5ap,-0.21738689,0.791350071
Psma3,-0.794066115,0.014015385
Rp2,-0.806608059,0.005426806
Amd-ps3,2.11739371,0.308483678
Prmt7,-0.698086364,0.073742281
Gm10076,3.957013838,0.123084084
Serpinb6a,0.265982627,0.661497913
Myh13,1.784321699,NA
Gm11353,0.074312512,0.972143486
Zfp462,1.408330834,0.360869626
Arrb2,-0.649106261,0.005122119
Bckdha,0.628072635,0.139270244
Chst8,0.479026393,NA
Rps16-ps2,0.745885148,0.120954999
Sntb1,1.075602909,0.351713432
Sycp2,1.279509981,0.637073757
Adgrg3,-0.93149041,0.566293694
0610040J01Rik,1.334939108,0.096770351
Dcc,3.854760596,NA
Tmem219,-0.191212709,0.54586235
Tnfrsf19,-0.778063242,0.337499966
Ifitm2,0.379120056,0.691130347
Eno3,0.263296366,0.653079716
Nkpd1,1.090925544,0.598856381
Atp8b2,-0.550776688,0.013226266
H4c3,0.608246651,0.14945933
Slc9a6,-0.406055453,0.344239067
Cd302,0.051703709,0.93230446
Plekhh1,1.170743942,0.019313341
H3f3a,-0.289363663,0.512443926
Tsga10,0.298806856,0.587397824
Gmfg,0.575598973,0.045385702
Tssk5,-0.34371625,0.762004667
Gstp1,-1.005759775,0.033653556
Gm10088,0.640070839,0.633932492
Arr3,1.018913317,0.617674933
Arl1,-0.902619723,0.001075673
Trmt61a,-0.748677697,0.037519862
Tdrd5,0.274115506,0.87633657
Gm11847,-0.325413938,0.905442521
Copz1,-0.690183377,0.141529438
Rrs1,-0.588921155,0.011314783
Myl4,-0.867538901,0.008292859
Maml3,1.123266057,0.006267218
Rpl15-ps3,0.028134285,NA
Gm14173,0.073707998,0.980057555
Rag1,-3.035029794,0.000650679
Cxcl12,0.746204064,0.552350421
Nuggc,-0.61954561,0.706793936
Phf5a,-0.917303672,0.063404275
Zfp873,-0.169104916,0.776965338
Uba52-ps,0.443222995,0.914409096
Zcchc14,0.367609009,0.71019687
Stx17,0.296012829,0.337637169
Mrps36,-0.882695264,0.018565236
Snrpa,-0.956370187,0.006476077
Cox5b,-0.620772816,0.156305418
4921509C19Rik,2.911149701,NA
Orm2,-0.210908892,0.775460725
Wdr61,-0.07485514,0.905442521
Ksr2,0.564619347,0.308680465
Akap6,1.194626989,0.616638351
U2af1,-0.780075851,0.000359521
H2ac4,-1.525539055,0.01525905
Gdpd1,0.446092384,0.457246834
Rpl21-ps8,0.835282151,0.472390017
Gm2423,-1.552816632,NA
Cyp2d22,1.253959977,0.011139852
Slc22a12,4.248788979,3.83E-05
Kalrn,0.470831744,0.554598549
Akr1b10,3.348715342,7.81E-23
Mospd2,-0.432381169,0.2545195
Rufy4,0.666280193,0.722826462
Ces2c,-0.2730222,0.951040844
Gm6311,0.118220783,0.957384213
Suclg2,-0.16031969,0.713964783
Gm53056,-0.010092674,0.991959035
Gm6822,0.354794055,0.84632106
Gm14292,1.028687158,0.558307706
Serpina10,2.788125867,0.011841221
Flot2,0.522484866,0.217652425
Rps12,-0.805885385,0.843432247
H2ac10,-0.928652475,0.151210764
Zfp13,3.207489556,0.064782863
Gmfb,-0.784477855,0.038129781
Irgc1,0.25817119,0.744352511
Gm10108,-1.903814113,0.034089281
Iah1,-0.690216275,0.210221432
Pgk1,-1.233483758,0.00749396
Lmnb2,-0.6991069,0.069604236
Qk,-0.308675727,0.340596416
Gm6055,0.755483208,0.550307283
Cd200r4,-0.505873828,0.676812765
Rpl13a-ps1,-0.195192826,0.919576484
Gm10110,1.126663871,0.598575874
Btbd3,0.012311426,0.991959035
Cttnbp2nl,0.63960869,0.465763555
Hs6st2,1.055854617,0.448511556
Gspt1,-0.916773403,8.52E-05
Olfr1373,1.241049762,0.760429372
Erbb4,5.88559582,NA
Tnfaip8,-0.550818222,0.012151127
Cks2,-1.818001484,0.002113704
Gm6030,0.665329812,0.656151411
Nectin2,0.455797611,0.771228648
Rpp25,-3.705251241,0.158841277
Erbb2,0.081506766,0.947821181
Serpinb2,2.19206414,0.251610336
Itgb1bp1,-0.680944971,0.059846091
Gm15772,-1.478388474,0.398875262
Otof,7.294423179,NA
Tmem65,0.086198333,0.899216704
Hsd3b3,-0.182316395,0.943186572
Arf2,-0.724634495,0.073742281
Cyp26c1,0.081357409,0.95324521
Adam1b,1.009265917,0.653079716
Rpl9-ps6,4.9502525,NA
Ctrc,-0.091350435,0.935773091
Acat3,-0.661048717,0.191015659
Ifit3b,0.618428586,0.262374737
Fabp4,1.477923916,0.089798662
Ncr1,0.067733707,0.954922392
Tlr12,0.709309277,0.191652361
Gm12751,-0.62459704,0.760446971
Cnr2,-0.917850516,0.00449557
Tubb4a,-0.539853025,0.326226304
Rps3a2,-0.983769419,0.660471265
2310039H08Rik,-0.403551621,0.475870615
Btnl1,-0.153647999,0.896090773
Ganc,0.242176349,0.266737718
Ncs1,-1.126055697,0.237429606
H2bc12,-1.300915049,0.050140655
AI413582,-0.222465294,0.73462102
Gm16477,1.321064285,0.633932492
Ei24,3.230411173,2.74E-30
Csprs,0.164823961,0.739434712
Kcnc3,1.064174498,0.003629087
Actg1,0.039406002,0.951893981
Gm14176,4.81888258,0.630923844
Phactr2,0.233204806,0.714198055
Impdh2,-0.942197561,0.020409272
Rpl31-ps11,-0.366046709,0.854657456
Klhl24,0.799246557,0.017153493
Hdac10,-0.05996106,0.922962434
Gm10123,-0.812913096,0.101415588
Mtap,-1.498193511,6.79E-09
Kdr,0.022812126,0.980057555
Cped1,0.992603276,0.557162792
Mrpl42,-1.329293203,0.000266453
Ica1,0.165613811,0.920855668
Ccni,-0.402815905,0.153439929
Mapk3,-0.493069161,0.242387178
Csn2,-0.155544786,0.925393983
Cd300lb,1.514596394,0.070661107
Ldha,-1.484984885,5.49E-08
Gvin-ps7,-0.375945592,0.096963505
Rpl27,-0.507246075,0.324816636
Usp31,-0.937638197,0.016336139
Krr1,0.305996021,0.381429191
Zfp947,0.065815753,0.934739668
Stk24,0.131858995,0.700727598
Gm10131,-0.709885969,0.135497396
Gm7117,-0.438746916,0.865383281
Ube2d2b,0.050344655,0.969014222
Lrmda,-0.128510223,0.909246654
Gm5616,21.64220477,NA
Gm10132,-0.994286273,0.54586235
Jazf1,0.447068919,0.520894193
Gng8,6.59082773,NA
Gm10135,0.502698778,0.829967507
Zbtb18,-0.433509092,0.278569477
Olfr98,0.021593345,0.984939025
H2ac21,-0.024419449,0.975988636
Cycs,-0.704977778,0.007691209
Rnf217,0.411141833,0.771267667
Chchd1,-0.935490067,0.015138579
Hspbp1,-0.58363408,0.315792258
Alms1,-0.522235412,0.072538507
Arl9,0.643659946,0.603933068
Gm6065,0.534794392,0.792416277
Gpx1,-0.268450669,0.599595904
Slc24a3,1.55788362,0.477812795
Ptcd3,-0.200402646,0.785523775
Gm6498,0.071391083,0.976378849
Gm7964,-0.784092179,0.725156244
Klk1,-1.48566045,0.11051813
Srrm4,1.883196298,0.448568364
Pepd,-0.218518222,0.702625073
H2ac19,0.003792249,0.995285509
Ipcef1,0.476687396,0.072257199
Hcst,-0.070004879,0.911683896
Rhox8,0.993118044,0.24299174
Zfp69,0.793978919,0.142184254
Rab44,1.846945002,0.029952352
Prol1,5.318564947,NA
Izumo1,1.656040149,0.213558881
NA,-1.039241684,0.133955382
Gm4735,2.05986346,NA
Gm10145,-2.193354937,0.766716173
Ano6,0.445943061,0.040348548
Ifi27,0.353819297,0.460445721
Paqr9,-0.27956793,0.545713622
Chil1,-0.631033055,0.721115253
Ethe1,-0.400519911,0.433796962
Gimap8,-0.258806813,0.374801346
Zfp428,0.782994714,0.234217447
Hvcn1,-0.539670693,0.25906919
H4c12,-0.543971147,0.483096934
4921528I07Rik,3.024366991,0.057917848
Gm10146,-0.631059244,0.49548863
Siva1,0.320237109,0.620938649
mt-Co2,1.450953811,0.230690001
mt-Atp8,-0.013358811,0.989123278
Cpped1,2.417717091,4.24E-17
Cd209b,-0.441030831,0.843432247
Aurkaip1,-0.709270577,0.066699587
Zfp600,0.732799731,0.715072637
Muc5b,0.893500207,0.531744103
Adamtsl1,2.364133336,NA
Gm10154,-0.831960291,0.882456559
Gm10155,-0.031529341,0.984939025
Cacng3,2.292430327,0.130611856
Anks6,-0.016556522,0.991377646
Ipo7,-0.816023879,0.004738141
Gm10157,1.102324017,0.719904804
Gm12918,10.44863547,NA
Wdr6,0.226963814,0.651512064
Rps13-ps1,0.891990479,0.821768416
Serpina3f,-0.186483003,0.87780828
Rdh11,-0.812668709,0.005426806
Gm10163,0.307586301,0.900517657
Gm5786,-0.757120034,0.54284984
Rpl17-ps9,-0.614426526,0.830249835
Gm6969,4.217775375,0.153749069
Insyn1,0.525393704,0.696988023
Tecpr1,0.539065727,0.050940841
Pgk1-rs7,-0.94862962,0.937871678
Pilrb2,-0.031693204,0.964953277
Pilrb1,-0.160395429,0.814769897
Zbtb16,1.99869374,0.056634775
Gm10172,1.296196887,0.180532405
Rnasel,1.010341881,0.006535248
Gm10181,2.484644936,0.03734815
Hmcn1,0.320524635,0.753741718
Oas1g,0.482982819,0.579221859
Rps23-ps2,0.489737178,NA
Cryba4,-0.409604663,0.832057084
Serpinb7,0.254873205,0.783657353
Vmn2r10,0.795019219,0.576563471
Capza1-ps1,-0.640693425,0.662482835
Rps12-ps3,-0.44326527,0.687617099
Rps15a-ps5,0.723900111,0.508266563
Rpl7a-ps11,2.787651279,NA
Jchain,-0.156909868,0.925071066
Eif1ax,-1.177013102,0.000770879
Frat1,0.719862782,0.022791076
H2-T23,0.220686822,0.547800641
Nipal1,0.636060047,0.65748647
Cnga1,2.208039245,0.069586541
Gm10203,2.216473748,0.017603231
H2-Eb2,-1.000196115,4.89E-05
Rps25-ps1,0.541016413,0.789479358
B430203G13Rik,2.247681484,0.012985227
Tmem128,-0.310316763,0.492668062
Lyar,-0.969530028,0.002696854
B3galt4,-0.517710889,0.159286622
H4c11,-0.236130494,0.736974089
Olfr1456-ps1,2.058991127,0.197667959
Gm7666,-0.793466833,0.312091951
Rpl35a-ps3,4.109747692,0.294697479
S1pr3,-2.375821899,4.90E-15
Klra3,-0.661237691,0.606745326
Klra7,0.292434457,0.805967344
Gm5862,0.476234205,0.814673337
Lpar5,-1.013179219,0.044193349
Gm10221,-0.530209592,0.91826984
BC003965,-0.725297758,0.096097879
Khdc1a,0.36446886,0.873740911
Myl9,1.198451978,0.355881848
Zic3,1.738654344,NA
Tcea1-ps1,1.126294418,NA
Casp16,-0.883907423,0.628660033
Rex2,-0.554320391,0.881153738
Rtl8b,1.110914428,0.041520353
Rtl8a,0.789856787,0.225188312
Gtf2f2,-0.79892001,0.006519441
Gm14648,-1.428858515,0.623843138
Mas1,1.871901771,NA
Tcp1,-1.012081351,0.003112685
Cenpm,0.014068328,0.986921469
Tnfrsf13c,-0.684859545,0.023940503
Ndufaf2,-0.615177079,0.139505328
Lgals1,0.147583368,0.796363315
Apol9b,-0.021637289,0.992223226
Apol7b,-0.346859435,0.804169793
Usf3,0.044334465,0.899601215
Nat8f4,-0.280874934,0.638897427
Slc4a5,-0.561571177,0.755174754
Gml,-3.079274433,0.026613925
D430041D05Rik,1.800055659,0.115732965
Gm10240,1.227308964,0.637073757
Rnase12,-1.455284463,0.251026479
Pnp2,-0.756584016,0.539112967
Duox2,5.106599724,NA
Uty,2.071693034,0.003558399
Gm5518,-0.851143769,0.530051155
Gng5,-0.860265516,0.049433988
Zfp467,0.072391351,0.921834248
Myadm,0.424665481,0.554598549
Rpl7a-ps3,0.877689589,0.740528001
Mgam,0.704706254,0.771170517
Gml2,-2.342618101,0.313164435
Gm8225,2.186352187,0.174036982
Flnc,7.297731077,NA
Tmem167b,-0.575053196,0.11364446
Trp53i11,1.944039784,1.39E-08
Celsr2,2.240407469,0.000153428
Psrc1,6.631879706,3.80E-56
Mybphl,2.730459275,0.100127499
Sort1,-0.053451147,0.948564687
Ptprz1,1.403363727,0.366122692
Psma5,-0.949280418,0.017965569
Il3ra,0.733243561,0.156386462
Rap1a,-0.906388591,2.75E-05
H2bc21,-0.189699322,0.775866886
Sf3b4,-0.573590537,0.166046519
Gm128,-0.272714558,0.748850581
Selenbp1,-0.084240068,0.913695822
Ssb,-0.898315992,0.000358239
Sprr2a2,0.384302914,0.878354468
Gm5537,-0.82056398,0.486711553
Gm10254,-0.698880416,NA
Ddx3y,3.71653074,NA
Eif2s3y,3.996277971,NA
Gm10259,-6.700392473,0.126794646
Zbtb10,1.271914491,0.000191327
Cep43,-0.394668168,0.368448031
Zfp874a,2.277787208,3.73E-11
Fam8a1,-0.286033824,0.439943939
Dusp22,-0.007558067,0.988113346
H3c2,-1.322398094,0.024040338
H2bc7,-0.750380054,0.233699721
H2ac6,-0.352806243,0.633932492
H2ac8,-1.090177779,0.091720463
H4c6,-0.697359868,0.262195949
H2bc11,-0.692017175,0.358972058
H2ac11,-0.771261651,0.332726041
H2ac12,-1.863717608,0.008292859
H2bc24,0.022508764,0.98277215
H4c18,0.219014068,0.758920104
H4c17,0.235076355,0.932894117
H2bc22,1.3057066,0.099886577
H3c3,-1.054808363,0.053717745
Lyz1,-0.413400409,0.728276521
Lyz2,-0.620699534,0.513945411
Gm11733,2.130039558,0.337499966
Cd300ld3,0.468214813,0.61853782
Cd300ld4,-1.268642114,0.620446872
Gm10273,-1.852627887,0.522482174
Pex11g,1.058107281,0.011256822
4933406P04Rik,1.071947268,0.225188312
Ube2u,1.973632818,0.439943939
Psmb3,-0.829156494,0.073942701
Tmem100,-1.329096339,0.706747929
Wfdc17,0.014667358,0.991901442
Slfn9,0.717003516,0.284669001
Ccdc92b,-1.825524528,0.511471257
Nlrp1a,2.349905993,0.110975338
Ahnak,0.540689915,0.280118199
Irgm2,-0.545144786,0.099654973
9930111J21Rik1,-0.764671105,0.019019376
Spdl1,-0.727294591,0.104696922
Insyn2b,0.16862675,0.628622078
Hba-a2,-1.969706014,NA
Hba-a1,-2.467755155,0.494069393
4932416K20Rik,1.474582412,0.293430126
Fcho1,0.105297617,0.764942239
Fam149a,-0.403561299,0.738145313
Mfhas1,-0.258923838,0.378505527
Ndufaf3,-0.718300713,0.121580268
Trcg1,0.343485024,0.761258878
Eif3g,-1.048314594,2.14E-07
Mmp27,0.661749225,0.772871116
Tmem235,1.77154932,NA
Qrich2,0.804556739,0.578885926
Gpr179,2.560117061,0.003115913
Hsf5,-0.029815484,0.984890863
Ccnd1,-0.985083689,0.014533573
Itgad,0.169752888,0.787304164
Capza1,-0.663285093,0.119201921
Nlrp1b,0.085089428,0.922729969
Tmem256,-0.310221577,0.636308614
Art5,-0.104301125,0.960390758
Serpinh1,-0.586143779,0.646483261
Tlnrd1,-0.661297181,0.093839905
Erich6,0.071375992,0.966968553
Fam217b,0.816310016,0.555381062
Chchd2,-0.928181064,0.154367771
Tmem132b,0.658454873,0.573790633
Gm6505,-0.629245491,0.433950585
Spaca4,-0.947850215,0.658213327
Trmt112-ps2,-0.132363743,0.984048539
Gm572,0.634833955,0.745855269
Vmn2r84,-0.894562644,0.245092733
Gm10282,-0.604344389,0.660083901
Rbm44,-1.59865697,0.050578346
Ceacam20,1.800464229,0.054390932
Pnmal2,2.247949476,0.376341399
Cited4,1.501542261,0.442941218
Bicra,0.729359552,0.141996229
NA,0.598890011,0.164948395
Aurkc,-0.616504743,0.880847592
Vmn2r30,0.346251498,NA
Zfp804a,1.739816051,0.359317414
Skint3,0.394040429,0.789854444
Lilra5,0.35138989,0.763538566
Ldlrad1,1.276321035,0.492744341
Gad1,0.975519959,0.090253248
Gm13288,0.270834315,0.876412493
Klhl9,-0.505721469,0.206558344
Speer4d,6.097540211,NA
Gm19680,-5.794495792,0.107934308
Actl7a,-1.173411214,0.191281936
Actl7b,2.377674419,NA
Ccl19,1.321096836,0.554598549
Ndufb6,0.520716581,0.538986752
Gm10309,2.439842562,6.80E-06
Camkmt,0.431267798,0.38301774
Impdh2-ps,0.527437883,0.910591443
Rasgrp3,-0.461469282,0.154549292
Treml2,0.256166213,0.647642695
Ptges3,-1.418704242,6.80E-06
Lrrc73,0.966151041,0.601602227
Jund,-0.289189805,0.500556069
Rpl36a-ps3,24.00273158,NA
Srsf3,-0.855301101,0.025897728
Arhgef10,0.314728105,0.471239432
Naip5,0.229319474,0.64218029
Cecr2,2.019787826,1.75E-05
2210408I21Rik,0.690343349,0.247525979
Zfp946,-0.419375933,0.453276752
Zfp942,-0.562228352,0.146745854
Rps8-ps1,-0.667881545,0.756853423
Tcp10a,-0.221544808,NA
Lsmem1,-0.488774113,0.805286551
C1qtnf9,0.617422322,0.804512899
Map3k5,0.603715773,0.078340649
Hpcal1,2.635799136,1.42E-13
Grid2,1.701911118,0.293430126
Psmg4,-0.719936516,0.204931263
H2ac7,0.441983429,0.667595629
Nutf2-ps1,-1.07692058,0.00494931
H2ac13,-0.194643248,0.800781428
Atp5md,-0.680819439,0.115914839
Gm10335,0.772236258,0.746827952
3425401B19Rik,0.948476104,0.375686667
Nt5dc2,-1.540240738,0.044015345
Tigit,1.729564646,0.046077118
Gm10339,-11.85953667,NA
Rom1,0.267356156,0.677872196
B3gat3,-0.099826658,0.819693549
1810009A15Rik,-0.900819778,0.011432261
Bscl2,1.845935558,6.84E-07
Zbtb3,-0.845169289,0.121781402
Polr2g,-0.826258675,0.098851845
Snx29,0.916607014,0.000366888
Gm960,1.142056186,0.338271793
Sms,-0.844470554,0.005073931
Smpd5,0.271998925,0.72728892
Gm14698,-0.680193111,0.14159921
Rhox4e,0.822397594,0.728303567
Rhox4b,-0.234419922,0.859826613
Lrrtm2,0.473412171,0.468635428
Ppia,-0.59438363,0.234270665
Fndc1,2.376695657,0.30787542
Ccnf,2.806167696,2.69E-10
Ang,0.427094906,0.861399106
Gm10354,5.866656479,NA
Septin5,-1.002639748,0.634472086
Tuba1a,-0.649470334,0.021206359
Nanos1,1.982800601,4.25E-05
Lratd2,-0.633596703,0.121982585
Ptrh2,-0.576809759,0.101186751
Ear2,0.797466226,0.236490856
Gm10384,0.101517391,0.960016016
Slfn10-ps,1.333501223,0.066275099
Zfp783,0.078375757,0.874911373
Ugt3a1,-0.319280185,0.597416457
NA,6.300531429,NA
Gm10392,0.916599126,0.464665374
NA,-1.681975547,0.347107643
Tmem254a,0.364364627,0.722630706
NA,0.838856194,0.19802194
Gm10401,-0.737595551,NA
Klra10,1.521039582,0.425806033
Myo18b,1.605650619,0.086997372
Klra14-ps,0.657887723,0.624641476
Grcc10,-0.503186121,0.216517234
Gm10420,0.486509895,0.735742839
Abcb5,0.711203055,0.382725432
NA,3.885866211,2.85E-09
Cep170b,4.76043874,1.14E-49
Gm10434,0.994829239,0.72881735
Gm12258,0.334016906,0.416594175
Noxred1,-0.203315298,0.712959779
Gm10443,0.051753857,0.980057555
Acot1,3.242636401,1.22E-05
Tmsb15l,0.090124354,0.905442521
Gpr174,-0.734257502,0.001005013
Gm5127,0.462703547,0.753741718
Zxdb,-0.209401578,0.796486042
Hbq1b,-0.777327286,0.852227007
Xlr3b,-1.738057464,0.334120474
Gm1141,-1.618872274,0.535005223
Vma21,-0.533595734,0.178584533
Zfp449,1.36113802,0.24006686
5730507C01Rik,-0.791839817,0.328707257
Bnip3l-ps,9.481426446,NA
Trim10,-1.793390041,0.533475284
Lst1,-0.324862494,0.630923844
C4b,0.115434078,0.921222847
Btnl5-ps,-0.224425996,0.870955782
H2-Ab1,-0.388406312,0.212538773
Zfp414,0.280298608,0.483231578
Arhgdig,-0.794609402,0.687754845
Wdr90,0.112744784,0.875290264
Nme3,-0.464860686,0.4475007
Eme2,-0.443704277,0.259600563
Gm10509,-0.443270487,0.627091471
Smok2b,2.073902331,0.253347997
Sft2d1,-0.014944262,0.982157723
Csnk1g3,-0.127182479,0.704507818
Arl14epl,2.655497444,0.064984917
Ecscr,0.887962946,0.685697893
Prob1,0.701597249,0.130561006
Gm10557,-0.131074761,0.872161758
Hspe1,-1.09164089,0.034948052
Pgap1,-0.342227879,0.379907668
Faap20,-0.512625353,0.127205099
Lmbrd1,-0.1905701,0.580073491
Cdkn2b,2.683377471,0.002054625
Tufm,-0.865982345,0.011599234
Mup7,6.543487947,NA
Gm5859,2.7836716,0.099687248
Il11ra1,0.084136834,0.862875523
Gvin3,-0.730129867,0.010154881
Olfr692,0.101862542,0.976257833
Mob3b,-0.036221031,0.960390758
Hbb-bt,-1.837482501,0.610043202
Rhog,0.059001186,0.886390588
Omp,-0.339638825,0.683380818
Osgin1,0.88249031,0.399401606
Svip,-0.902052812,0.378628371
Cmtm2a,0.195102569,0.895147706
Il4i1,0.126986539,0.741550185
Zfp788,-0.623651578,0.028693158
AW146154,-0.45850988,0.300298306
Znhit6,-1.056243133,9.54E-07
G430095P16Rik,0.64142356,0.734265646
Sdhaf1,0.801554911,0.035105098
Gm10642,1.66080696,0.062800294
Gm10644,-0.016303552,0.985927477
4932431P20Rik,4.045966496,0.026043158
Gm10645,-0.140564019,0.900797959
Gm10651,0.826891435,0.816702049
Gm10654,-0.562394273,0.808139752
Ceacam1,0.568972991,0.186307588
Phldb3,0.38482669,0.291081031
I830077J02Rik,-0.938315563,0.072762936
Tmigd3,-0.740870241,0.598678476
Ehd2,0.217408373,0.719585666
H3c13,0.104271938,0.875142433
Gm10689,0.143670585,0.937871678
Gm14548,0.389265259,0.490546876
Gm15448,0.70795121,0.179029368
Gm10693,1.066453231,0.106325415
Gm15319,-0.099590128,0.960466625
Gm10702,2.782100542,0.39947687
Rtraf-ps,1.274295252,0.794764201
Mex3a,-0.99289854,0.004287133
NA,1.523103204,3.02E-05
Zfp558,-0.644004723,0.249973615
Fat3,2.064226193,0.247989417
Gm10705,-0.79572551,0.205370962
Arfip1,-0.183439738,0.693037448
Gm14327,-0.591530796,0.480802636
Gm10720,7.396535906,0.016664697
Kcng1,0.43648371,0.438856993
Ripor3,0.167163492,0.906695331
Mgst2,1.444822512,5.93E-06
Tox2,0.780250391,0.678188629
1700034I23Rik,0.798454072,0.352223991
Mafb,0.739214914,0.278828109
Arhgap40,-0.737588657,0.858044517
Tldc2,0.980876966,0.533475284
3110070M22Rik,1.155578591,0.441231662
Lrrc31,-0.200040281,0.913517482
Eif2s2,-1.038360225,1.15E-06
Tspyl3,-0.178327268,0.753089155
Ttll9,2.20567774,2.98E-06
Sirpb1c,0.120001506,0.936056885
Gm10750,0.724665981,0.542540047
Thbd,1.091083062,0.176673654
Arrdc3,0.983855145,0.007759604
Gm4149,0.692847927,0.753054182
Gm10762,0.495772613,0.618980819
Gm10774,0.941009122,0.918109083
Zfp934,-1.015433711,0.108135857
Zfp808,-0.478487134,0.303325838
Grk6,0.16124906,0.705388467
Ifit3,0.33811473,0.685268064
Sptbn5,1.981097837,2.05E-05
Gm2058,4.262763873,0.312086972
Ranbp6,-0.539684971,0.235381519
Chst14,1.176598427,0.003854362
Pak6,2.059504511,0.010654357
Gm13981,1.203288606,0.667568547
Grem1,1.469166463,0.187048368
Actg-ps1,1.498556486,0.307690484
Gm10800,7.815733576,0.028660465
Gm10801,7.700016716,0.029069525
Accsl,3.849694257,NA
H2bc3,-0.843954841,0.161169953
Gm4981,6.826690705,0.067860739
Duxf3,6.775790408,0.278403464
Yae1d1,-1.065107064,0.003345688
Olfr1506,1.952630734,NA
Cd80,4.436581007,1.37E-43
F930017D23Rik,0.892265386,0.791350071
Znhit2,-0.440301923,0.372432687
Ccdc58,0.517537006,0.176949253
Amd1,-1.263148494,0.000506583
Cenpw,-0.223494915,0.78698858
Gm10819,2.63826826,0.006722601
Pde11a,1.633537089,0.115643866
Ttc30a1,-0.584748162,0.352048777
Ttc30b,0.149894306,0.843432247
Mrpl23-ps1,-0.390242925,0.372364505
Wipf1,-0.277979063,0.520494264
Carns1,0.537925313,0.240427438
H60b,0.808801458,0.014808261
Gm13597,1.291732708,0.428080392
Zbtb2,-0.682235072,0.064806187
Smim6,-0.255874825,0.703234075
Olfr288,1.161793838,0.206661772
Dnlz,-0.602321409,0.101007299
Alg10b,-0.726327987,0.115656133
Aarsd1,-0.771967258,0.08679337
Nrbp2,1.048823141,0.53034553
Nynrin,0.455763987,0.839982603
Zfp652,-0.199025341,0.539673185
Smok3c,5.916610914,0.128965144
Smok3a,1.708365234,0.480242729
Slurp2,0.584188203,0.813704358
Gpx4,0.325203098,0.364014541
Ywhaq,-1.014529988,0.002136723
Acsf2,0.209239136,0.656497055
Ass1,2.996870262,1.22E-18
Trbj1-5,-0.050280529,0.984939025
Trbj1-6,0.98474899,0.634658652
Trbc2,0.079499821,0.918844483
Trbv31,3.528973324,0.019306232
Igkv2-137,-0.205876676,0.81769116
Igkv17-127,0.808977704,NA
Igkv9-123,0.899029914,0.39947687
Igkv2-112,0.253440132,0.843637633
Igkv16-104,-0.251377233,0.817603256
Igkv15-103,1.277515064,0.372267526
Igkv1-99,0.694567576,0.680018169
Igkv11-106,-0.23458949,0.903628581
Igkv12-89,0.193686785,0.917095841
Igkv4-86,-0.390655817,0.762004667
Igkv13-84,-1.189722354,0.038560275
Igkv4-81,-0.194387929,0.780176718
Igkv4-80,0.233179123,0.84709928
Igkv4-79,-0.534584989,0.436161918
Igkv4-72,-0.209698307,0.837630454
Igkv4-69,-0.72944012,0.291642295
Igkv4-68,-0.557202999,0.654402839
Igkv4-63,-0.234575867,0.839981431
Igkv4-61,1.753804308,0.363556298
Igkv4-57,-0.088893014,0.941677765
Igkv4-83,-1.058619191,0.512580779
Igkv4-50,-1.606920115,0.355804737
Igkv5-39,1.336504841,0.646951339
Igkv12-38,-0.640920373,0.706088346
Igkv5-37,0.343684861,0.866346161
Igkv7-33,-0.055214589,0.972143486
Igkv6-32,0.147401066,0.875142433
Igkv6-29,0.21441611,0.909924459
Igkv8-27,0.277186159,0.792176253
Igkv8-24,0.25143877,0.841208116
Igkv3-10,-0.464823387,0.376298466
Igkj2,0.155101851,0.87749794
Igkj3,-0.331263706,0.494645159
Igkj4,-0.167785413,0.820435119
Igkj5,0.481264556,0.634658652
Igkc,-0.012487153,0.991377646
Ighg2c,0.48284279,0.881930321
Ighg2b,0.674966256,0.794802754
Ighg1,-0.774770504,0.700727598
Ighg3,0.733340684,0.63146761
Ighm,-0.071447501,0.945155329
Ighj3,1.239686459,0.019748799
Ighj2,0.924233943,0.215995703
Ighj1,0.571512505,0.579418176
Ighv2-6-8,-1.053470464,0.453276752
Ighv7-3,0.144312719,0.899601215
Ighv4-1,-0.087832292,0.920972269
Ighv7-1,-0.386789548,0.726561428
Ighv14-4,-0.124082916,0.838431135
Ighv3-5,-0.114158587,0.974092311
Ighv3-6,-0.551019032,0.722630706
Ighv3-8,-0.434611084,0.628622078
Ighv12-3,-0.257606984,0.809609963
Ighv6-3,0.656050404,0.519829166
Ighv6-6,0.129525228,0.947754019
Ighv1-18,-0.021808515,0.985927477
Ighv1-47,-1.292064364,0.253809474
Ighv1-49,-0.936136653,0.331293915
Trgc1,0.378991891,0.855478522
Traj12,1.230433857,0.578192653
Iglv1,-0.903448186,0.088271669
Iglc2,-0.442401269,0.246921046
Iglv3,-0.209575082,0.613319408
Rps12l1,0.435935626,0.940152553
Rpl23a-ps3,1.795545987,NA
Gm2399,0.211753855,0.949288171
Capns2,0.359780595,0.770277285
Psme2b,-0.655294185,0.001178758
Gm12184,1.077740306,0.618967907
Lenep,0.330853354,0.975924207
Gm20900,-0.268767993,0.777560804
Gm15610,0.648006967,0.731348405
Chml,-0.820910119,0.016351156
Gm12854,-0.861391069,0.65808113
Hmga1b,0.756563636,0.798780116
Gm2606,1.535389214,0.569435333
AW011738,-0.476071821,0.140808765
Smim1,-1.078682027,0.06279042
Mos,-1.425413155,0.637073757
Gm4294,0.916953174,0.937776883
Ctdsp2,0.829271168,0.0025083
AU041133,-0.338254484,0.519814294
Smim24,0.819525034,0.099687248
Raet1d,0.276690034,0.848200891
Zfp268,-0.643541433,0.107760295
Nkain1,-0.817846978,0.755174754
Bnip3,-0.658302548,0.148740271
1110065P20Rik,-0.592265989,0.328707257
Ccdc24,-0.615025136,0.768166577
Gvin2,-0.883025796,0.004503517
Gm5901,10.66363784,NA
Trim30c,-0.042588451,0.958312041
Marchf10,8.745871939,NA
Lrrc37a,5.241056178,NA
Gm7336,0.149750817,0.951893981
Gm17546,0.735829593,0.381112865
Aoc2,-0.547095616,0.115570496
Psme3,-0.814731756,0.007799344
Cisd3,-0.233870387,0.603933068
Tomm5,-1.393215848,0.000608815
Gm12394,2.186938895,0.3856212
Haus5,0.26527053,0.520880136
Rad54b,-1.210837787,0.065040458
Zfp59,-0.917038004,0.006965928
Gm5150,-0.225419771,0.792798394
Gm9733,-0.591386089,0.739434712
Rbis,-0.773924988,0.006970324
Dph1,-0.807684815,0.027352994
Dact3,6.572698523,1.64E-21
Ceacam15,1.818813331,NA
Eif5a,-1.024740611,0.010190246
Prkcg,0.628996446,0.511471257
Gm10999,0.718204314,0.73407745
H2aw,0.513815591,0.410585103
Gm14322,0.328592206,0.922962434
Gm14418,-0.81898496,0.579767744
Gm14434,0.703220041,0.826085102
Gm2026,-0.599069386,0.466964294
Gm14288,-2.736065357,0.635143136
Gm4724,-0.469778926,0.523778018
Gm14440,-0.667873575,0.352080428
Fam186b,2.405281935,NA
Gm11011,0.516365105,0.753942953
Ifi47,-1.288631461,0.007542437
Tgtp2,-1.16794043,0.015512433
Pdf,-0.785258948,0.14336265
1700025C18Rik,0.910675669,0.746287111
Ak6,-0.775089804,0.015122693
Naip6,0.330676049,0.652708206
Naip2,0.084325152,0.860058757
Gm11027,2.111174503,0.059300571
Zfp456,1.880711813,1.58E-07
Samd1,-1.891715255,3.95E-06
Gm14147,1.485650431,NA
Gm14139,-2.358622101,0.077083782
Serpina3i,-0.114082861,0.956101869
Ifi27l2a,0.655954019,0.267987724
Ly6c1,1.113643462,0.290015873
Gm21961,1.225327841,0.138453626
Gsdmc,1.824804645,NA
Mef2b,2.109288249,0.000535482
Alkbh1,-0.52650008,0.074092898
Prnp,0.019742358,0.977080786
Fastkd5,-0.820646722,0.013041738
Gm11042,1.259154204,0.345337763
Hmgn2-ps1,-0.798184348,0.69397899
Slc28a2b,0.252120011,0.465763555
Gm3086,0.151825286,0.89314217
Ccdc82,0.029025909,0.956575335
Tgm7,2.466252489,NA
Prps1l3,-0.837449265,0.03271857
Gm8818,2.529862822,3.79E-05
Gm4204,0.817797959,NA
C030005K15Rik,-0.45553259,0.682668938
Psme2,-0.679918064,0.123327372
Gm6565,-0.791840692,0.548374256
Gm9531,-0.727053581,0.436161918
Clec7a,0.870303914,0.374337882
Klrb1,4.747719374,6.35E-06
Lemd1,1.206847526,0.433796962
Ifit1bl1,-0.921024565,0.0277066
C1s2,4.306768493,NA
Gm9006,4.013083552,0.030125127
Gm43302,0.413724306,0.918293038
Gm8334,3.549872348,0.750964093
Gm3443,1.382014956,0.55836175
Gm3298,-0.511097738,0.845846207
Gm11110,-0.768093699,0.210449459
Cntf,-0.873574788,0.100796159
St6galnac4,-0.543702726,0.098857435
B3gnt7,0.513077349,0.674972759
Prdm12,0.635045209,0.842635964
Utp14b,-1.24508495,2.39E-05
Znrd2,-0.895062218,0.014668217
Phyhd1,0.27553773,0.616638351
Apoo,0.362013313,0.644185921
Tmsb10,-0.466094064,0.103855263
Igkv13-85,-0.652760233,0.53629587
Igkv13-87,-0.7971007,0.685268064
Kifc1,3.138519027,4.18E-14
Marchf2,0.297330821,0.578266692
Hoxa3,1.66249629,0.332782959
Pglyrp2,-0.089261915,0.846771155
Rbpj-ps3,-2.396188702,0.362913424
C1qtnf5,0.507639649,0.87749794
NA,3.16000507,0.375686667
Rhox4f,0.312217979,0.682461944
Rhox4c,-0.38693156,0.845049695
Rhox4a,1.053818491,0.516546409
Rpl39,-0.664211216,0.371777748
Fam71f2,0.572375527,0.664120534
Rab26,-0.475853665,0.511389633
Tmem243,-0.273329367,0.483231578
Fdx2,-0.408679361,0.320636603
Zglp1,-1.475387294,0.06373353
Dynlt2a1,0.958903218,0.270321319
Dynlt2a2,0.485126671,0.409470954
Xlr4a,-0.36421529,0.702813585
Klra4,0.900468468,0.337059534
Klra1,0.855192738,0.318232483
Gm10698,-1.150192755,0.153283778
Gm16073,-0.252223157,0.87749794
Cox5b-ps,-1.14494795,0.604745221
Gm5566,-1.146904052,0.530659436
Gm5915,0.188098723,0.811564759
Gm14448,1.707165325,NA
Gm12340,-0.213632347,0.902975168
H2bu1-ps,0.052900018,0.951893981
Gm16077,0.921628122,0.383228767
Gm12543,0.927867937,0.243093973
Gm6368,-1.430363839,0.454981235
Gm12174,-1.392350556,0.354929794
Gm8250,0.510156429,0.444043746
Gm9159,-0.276334568,0.746827952
Gm9385,-0.415166454,0.843685047
Rpl30-ps3,-0.41299776,0.706596077
Gm7332,0.057170642,0.994429586
Rpl22-ps1,-0.335199872,0.766588979
Rpl10-ps6,0.312847831,0.855653494
Ndufa12-ps,0.179340441,0.909924459
Gm14567,-0.222722748,0.932091938
Ywhaq-ps3,0.122188714,0.908524003
Gm12269,-0.701901194,0.55266864
Gm12463,-0.933715477,0.371057246
Gm15925,1.115779773,0.210960828
Got2-ps1,0.558554906,0.684269442
Gm9208,-0.129084746,0.815597505
Gm16056,19.49667106,NA
Gm16128,0.635189203,0.705388467
Gm11490,1.046198433,0.506162736
Gm13772,-2.471788821,0.763727188
H2ac5-ps,0.081695946,0.957707265
Gm12846,1.339905208,0.152199858
Gm15427,1.256064083,0.647762818
Gm6305,-1.705005894,0.248713
H3c15,-0.976649683,0.157192308
Rps15a-ps7,4.230843598,NA
Rpl19-ps11,2.590843906,0.139544503
Gm5913,-1.45923283,0.550608022
Gm15784,-0.674979174,0.741550185
BC022960,0.991560812,0.417202896
Gm12922,-0.548327694,0.740480508
H3f3a-ps2,1.335804649,0.548374256
Gm13136,0.862359475,0.611297884
Gm11271,-0.639278617,NA
Gm13858,4.913766359,0.040023746
Gm6964,-0.928505722,0.598475647
Rpl35a-ps2,4.109747692,0.294697479
Gm4297,2.222977007,0.073742281
Gm14760,-1.035842926,0.607726476
Gm16089,1.505849272,NA
Gm13574,0.972196825,0.028944426
Gm13529,-0.234396447,0.871058611
Gm15554,-0.091716283,0.969775955
Gm12112,0.708619043,NA
Ap2m1-ps,-1.202881702,0.327441038
Rpl7-ps9,-0.453272403,0.841113932
Gm13673,1.52594391,0.348624821
Gm12397,-0.980046846,0.371937304
Gm16071,2.314113306,0.000638717
Gm14303,11.53188154,NA
Gm13818,-0.531367637,0.72881735
Gm15011,0.106750825,0.947877987
Gm14686,1.327672364,0.667070916
Rps13-ps4,-0.808258864,0.512524416
Gm12752,1.591921999,0.331541929
Rps6-ps4,0.340665341,0.954922392
Gm6161,-6.14719277,0.046042714
Gm12734,-0.032722391,0.970305736
Pou5f1-rs13,-0.2581556,0.877805471
Gm4853,0.910571783,0.603705374
Gm12338,-0.452414503,0.623843138
Gm15368,-0.074485783,NA
Gm9311,0.547733651,0.371202308
Gm11623,4.476556805,0.080243427
Gm12924,0.170675494,0.907905901
Slc48a1,0.283292817,0.65098339
Gm12411,0.929197862,0.734765581
Gm9218,0.288421513,0.928583924
Gm12490,-1.078775836,0.39947687
Gm11841,-0.701599403,0.780176718
Gm14681,1.415801307,NA
Gm11518,-1.960758465,NA
Gm9436,-2.529058975,0.057022615
Gm13351,0.195271247,0.832343801
Gm14633,-0.382515034,0.747568962
Gm5937,-1.486698068,0.2281535
Rplp0-ps1,0.834106496,0.511389633
Gm15530,2.468204934,0.176949253
Gm11787,0.52256726,0.79099722
Gm15922,0.71899151,0.083101648
Gm13167,-1.522700499,NA
Gm11874,-0.938703726,0.564997772
Rps2-ps13,-0.546778111,0.858240895
Rpsa-ps5,-0.143544956,0.948792789
Rps11-ps3,0.072828309,0.975924207
Gm12391,0.947537691,0.737711197
Gm15931,0.59431478,0.641613359
Gm13785,1.059196454,0.052472053
Hmgb1-ps2,-0.903284159,0.756167906
Sms-ps,-1.127479739,0.05240443
Gm15152,-0.040450797,0.982157723
Gm13991,3.342779002,NA
Gm5898,1.981187314,0.194162999
Gm8662,0.500785376,0.798228578
Gm8152,0.473435489,0.831022915
Gm12713,0.414506442,0.686208615
Rpl17-ps5,1.36746322,0.322131268
Gm12039,0.547501289,0.690793861
Gm14752,2.43777712,0.279725598
Rpl17-ps10,-0.326785809,0.786987775
Gm15536,19.39839729,NA
Gm9078,1.449321513,0.57241295
Gm12435,1.435211385,0.235972254
Gm11620,1.019174305,0.623843138
Gm14017,-2.203341439,NA
Rps8-ps3,1.090836087,0.398875262
Dnajb3,1.240342519,0.39947687
Gm13859,3.974145753,0.114883214
Gm13461,1.27842373,NA
Gm13216,-0.328280943,0.802153043
Pgam1-ps2,0.000930452,NA
H3f3c,-0.564303604,0.732202052
Rpl17-ps8,2.440083439,NA
Ywhaq-ps2,-0.249399903,0.93154094
Gm9246,1.268998241,0.398875262
Gm13230,-1.238975436,0.391834633
Gm12138,-1.850717789,0.466964294
Gm12013,4.079954216,NA
Slfn14,-1.765540171,0.439194311
Gm15320,2.673836374,0.11867988
Gm14445,-1.643695057,0.341512764
Gm13577,0.630880546,0.869303557
Gm11824,0.172486674,0.944246852
Gm12266,0.79881006,0.390271147
Gm13002,0.483499439,0.337612649
Gm7091,-0.589697555,0.803784777
Gm12230,0.741011498,0.438191993
Gm12403,0.334265274,0.749980788
Gm13641,0.638591216,0.73394016
Rpl5-ps1,-0.928146833,0.562180403
Gm15763,1.162527381,0.446882848
Gm6506,0.957358894,0.693930889
Gm6292,-1.418974015,NA
Gm7429,0.125347176,0.958819084
Gm15807,2.294165651,0.090292405
Gm12870,0.557225145,0.54284984
Gm15333,0.352195219,0.75573924
Gm14791,2.627394091,0.021466896
Gm16523,0.493545049,0.309793822
Actr3-ps,-0.439995785,0.75573924
Gm14253,1.058180741,0.361414213
Gm13921,0.350498972,0.880279018
Gm14287,2.771190985,0.688532835
Gm12363,0.619968971,0.384245551
Gm12928,-2.0309113,0.7457428
Gm14970,1.497233928,0.73326371
Gm15148,2.008987345,NA
Gm13171,-0.484300367,0.761275985
Gm11231,3.523535307,0.042679271
Gm9025,1.475252777,0.086997372
Gm11688,-0.308092157,0.626711096
Gm15765,-0.49092976,0.466475211
Gm7206,0.393651265,0.92021928
Gm11687,-0.598312731,0.779188653
Gm12937,0.605041113,0.786041477
Gm12229,0.822725595,0.131706942
Gm12902,-0.175662779,0.892364133
Gm12168,0.106927172,0.941067506
Gm15580,-1.758160813,0.068604309
Gm15711,0.506297694,0.563797512
Gm15387,-1.452517708,0.000518529
Gm14227,0.049870663,0.960797904
Gm8482,3.755789716,0.001242632
Gm13239,5.253333147,NA
Gm14834,0.411416051,0.654433275
Gm15779,-0.159324951,0.922962434
Gm15897,1.101113319,0.02698832
Gm15516,5.525950542,NA
Gm12774,-0.758646527,0.164948395
Gm12961,0.67225206,0.635227593
Dynlt1-ps1,1.151483095,0.72881735
Gm15190,0.186276724,0.947754019
Gm14416,-0.728732536,0.44181313
Gm11424,2.543222572,0.390271147
Gm12366,-0.544188592,0.608677794
Gm14411,0.09045977,0.957995965
1700064H15Rik,-0.624930554,0.647762818
Gm4875,0.2574602,NA
Gm12176,0.331128057,0.809914318
Gm16106,3.046533369,0.00156257
Gm15780,0.256294113,0.746287111
Gm12591,-0.502957373,0.796363315
Gm14519,1.422584788,0.167918974
Gm11362,1.290849713,0.283593148
Gm14745,1.976042836,0.340859458
Gm15367,0.16191234,0.909138775
Gm5844,-1.506381107,0.314468839
Rps8-ps5,-0.497355654,0.815057788
Gm13736,-0.238194407,0.869303557
Gm8770,2.201179794,0.541481184
Gm13864,-1.043402829,0.324517344
Gm13135,0.427524295,0.906698084
Gm8172,-0.137040484,0.958819084
Gm12785,0.684352921,0.573790633
Gm13586,-0.477253291,0.689380187
Gm7658,0.544596313,0.624848736
Gm2810,1.660547923,0.049712784
Gm11540,1.373337416,0.296579609
Gm12507,1.201565426,0.398080097
Naip3,0.394465391,0.781736186
Gm6754,1.190176314,0.370300306
Olfr1274,0.147778675,NA
Gm11389,0.477949318,0.598475647
Fam220a,-0.336266811,0.691130347
Gm12978,-0.459886667,0.776965338
Gm9083,0.244841864,0.783254087
Gm13433,-0.252747457,0.804756357
Gm16100,-0.022654577,0.990590289
Gm14140,0.369770006,0.885112202
Gm12191,-0.063450055,0.994014637
Gm11408,0.468342202,0.853479515
Gm15382,0.09479266,0.921061475
Gm11249,-1.338870756,0.30531987
Gm14494,-0.223840678,0.815433887
Gm5303,0.555046849,NA
Gm14421,-0.732455498,0.264056363
Gm6341,-0.009137682,0.990644671
Gm11852,7.592125915,NA
Gm11427,-0.357035353,0.311059259
Gm11344,-0.402043341,0.64621246
Vmn1r-ps97,1.935321048,0.127243927
Gm12693,-0.983987959,0.109052667
Gm11805,0.371337627,0.531684405
Gm9432,2.097464563,0.340577539
Gm14869,0.752573759,0.326989255
Gm11410,1.174227972,0.432154819
Gm13246,1.942486746,0.303325838
Gm13453,1.013224208,0.773831986
Gm15180,-1.703759037,0.340689785
Gm7816,-0.401160796,0.917527713
Ctsf,0.436696529,0.571974227
Idi1-ps1,-3.081742478,0.018792024
AA414768,0.673334171,0.564812285
Gm15185,3.41145029,0.003202234
Gm11539,-0.856165481,0.746827952
Llph-ps2,0.096643378,0.895489366
Gm12895,3.358393592,0.007152201
Ndufb4c,-0.764543524,0.066980706
Gm6335,-3.209290989,0.109289527
Gm15542,-1.86245262,0.005663162
Gm5466,1.113532391,0.100308504
Gm15725,-0.910518324,0.261721023
Gm14300,1.074842318,0.012878588
Rpl35a-ps4,4.109747692,0.294697479
Gm13437,-1.29238325,0.576477373
Gm15824,0.378889816,0.516535217
Gm13207,-0.67698764,0.508266563
Gm7541,0.144982546,0.922429184
Gm12749,0.552796455,0.468635428
Gm12466,0.020881447,0.991901442
Gm12035,-0.226469661,0.892963817
Gm12896,3.358393592,0.007152201
Gm15885,0.312301942,0.868891745
Gm14741,1.403041909,0.276840673
Gm9200,0.267916397,NA
Oaz2-ps,0.921736311,0.578138776
Gm12795,0.572192743,0.777560804
Gm4459,-2.262201643,0.588951855
Gm15602,2.365114397,0.001851565
Gm13148,-0.002708233,0.999450004
Gm14086,0.074141048,0.932177529
Gm6829,1.416455008,0.763230665
Kpna2-ps,-2.37688635,0.443508388
Gm15154,-0.195901188,0.860014589
Gm2986,-0.531430378,0.507743601
Gm13592,-2.494383939,NA
Gm13123,4.704632013,NA
Gm13854,4.098423865,8.57E-25
Gm13543,0.345877995,0.664248006
Gm7803,-0.116741358,0.960677784
Gm15988,3.554571313,0.00040338
Gm13394,-0.019859074,0.997109602
Gm7180,0.873117874,0.682719245
Gm6092,2.077863874,0.006668978
Gm15712,1.609303838,0.013077715
Gm13477,-0.364066488,0.412733028
Gm13886,1.771872128,0.268817234
Gm13213,1.397431478,0.280436827
Gm12093,3.174327273,0.302733271
Gm10600,1.643835047,0.300518834
Gm11483,-0.281910878,0.78957563
Gm13786,0.337123261,0.662482835
Gm12527,-0.336202028,0.794764201
Gm9003,1.354570587,0.408868108
Gm13302,0.219681801,NA
Gm7416,2.228058145,0.073742281
Gm5934,1.754336156,0.138314079
Gm12079,0.530427766,0.740217824
Gm12941,-1.458237087,0.041031047
Vmn1r-ps135,-0.112970897,0.963324961
Gm13252,0.368847766,0.818342135
Gm6136,1.788302242,0.300583103
Gm14277,0.066996724,0.98131085
Gm14915,0.604152409,NA
Gm15644,0.711051987,NA
Gm12696,-0.386152567,0.593027361
Gm16420,1.148822814,0.436161918
Gm13508,0.832010698,0.687722874
Gm11926,0.377202284,0.832057084
Gm14388,-0.081303646,0.95324521
Gm11975,0.291394464,0.753741718
Gm15421,0.983906371,0.241874382
Rpl36a-ps4,3.461776732,0.028993326
Gm14914,1.459051514,0.147128911
Gm13535,0.510171039,0.545713622
Rps15a-ps3,0.836546078,0.691603285
Tpt1-ps3,1.055394697,0.104441033
Rpl3-ps1,0.149508187,0.958312041
Gm15452,-0.36716985,0.817603256
2610024D14Rik,0.293407452,0.802345173
Gm13370,1.227308964,0.637073757
Gm5526,2.181928814,0.112850624
Gm16274,0.394031834,0.796363315
Gm10241,0.230876878,0.92950507
Tmem240,-1.131774764,0.046514789
Gm1980,-1.686737505,0.578369463
Ccdc85c,-1.349547953,0.087933774
Hba-ps4,-0.343821222,0.766935356
Gm14349,5.702437405,NA
Gm13857,5.685798994,0.015134285
Crocc2,0.436444272,0.841841757
Gm16260,0.972254709,0.706738048
BC021767,2.105971983,0.387468373
A730046J19Rik,1.449769649,0.565517223
Gm12254,-2.445244243,0.137085254
Gm16305,0.024356916,0.980903221
Gm16363,-0.701595463,0.845021034
Gm13767,4.264770583,NA
Meiosin,-0.18260435,0.953358823
Gm11346,0.949834579,0.073802942
Tdg-ps2,-1.02550571,0.711718953
Gm15163,0.413183332,0.880038029
Gm13092,-0.900245904,0.168470702
Rpl30-ps9,3.687548894,0.247989417
Zfp703,2.031838156,3.24E-06
Gm15899,-0.501218209,0.809684902
Gm15258,4.174981448,0.423548493
AW822252,2.041038167,0.01319594
Wipf3,1.08122017,0.413479607
4930563I02Rik,-2.421917978,NA
Gm16060,-0.449720028,0.798652424
Nbdy,-0.147005878,0.862869274
E130218I03Rik,-0.572759899,0.489813287
Gvin-ps1,0.125402273,0.922429184
Cd101,1.08046684,0.2685846
Btbd18,-0.127687841,0.861399106
Gm13194,-0.030733947,0.983986417
Gm11560,-0.729116673,0.769377679
Gm15432,8.152287669,NA
Gm13835,-1.065661992,0.170870739
Gm12248,-0.861605059,0.437159
Rtl10,2.37069365,5.81E-06
Gm12103,-0.234809338,0.832343801
Gm6706,-0.047446962,NA
Gm13570,0.759904224,0.359317414
1700073E17Rik,2.235755263,0.000493187
Gm13147,-0.574076499,0.491367653
Btf3-ps2,-0.975824047,0.493334061
Gm16254,-0.413099041,NA
Tmem170b,-0.367226882,0.255401675
Gm15517,0.21249324,0.958312041
Gm15501,1.74822472,0.121223282
Gm7023,5.261900476,NA
Gm14389,-0.18383722,0.853995345
Gm13414,10.90783678,NA
Ighe,-1.945396121,0.499474362
Gm13493,-1.521935286,0.284548009
Gm9727,1.140528987,0.545713622
Nat8b-ps,-1.289331449,0.407021463
Gm16353,0.012281486,0.986921469
Mia,-0.383478575,0.843018208
Gm14057,-0.900155078,0.578121808
Tnfsf13,0.336904788,0.763123116
Bcl2l2,0.096274221,0.802153043
Nat8f7,-0.842878612,0.701517626
Gm2541,-1.338466255,0.587364754
Cbx6,-0.687111813,0.139810208
Cd300ld5,-0.55718771,0.875142433
Clec2f,2.161631197,4.97E-05
Gm8428,0.261221325,0.760446971
Gm20431,-0.924216648,0.741550185
Ier5l,4.878316436,1.24E-12
Tmsb15b1,0.801154617,0.476155765
Gm16574,2.313775723,0.22591844
Gm16270,0.613936903,0.764942239
Gm10171,-1.325644346,0.046486186
Gm7162,1.838070296,0.278403464
Gm2962,0.207926578,0.73830629
Umad1,-0.152506958,0.776103315
Gm44503,8.311347822,0.302540933
Gm8113,0.162044118,0.525671476
Bcl2a1b,-0.309671191,0.609239577
Pira2,0.04668653,0.94910881
Ugt1a5,1.329577199,0.588951855
Pakap,-0.078708954,0.935342539
Zfp968-ps,-0.711274135,0.334062582
Gm16165,0.937829335,0.621332146
Ugt1a1,1.366453605,0.60588516
Gm16550,1.158124536,0.741550185
Gm2389,-0.036432043,0.989123278
Crb1-ps,2.060120522,0.126230555
Tmsb15b2,6.571254776,0.006256943
Gm6485,3.861968379,0.184973728
Gm16125,-0.37114259,0.572880196
Gimap1,-0.098959536,0.789854444
Galnt4,-0.189213916,0.63401528
Gm16167,0.163434569,0.851375305
Nwd2,4.180601695,NA
1110002E22Rik,2.176192123,0.552434536
Lime1,-0.540907513,0.485517656
Cmc4,-0.246416947,0.771170517
Gm8185,0.027405603,0.990644671
Ugt1a7c,1.056197003,0.320489437
BC035044,0.77624497,0.005403621
Fbxw10,0.995570536,0.03636898
Gm52951,-0.150915136,0.936258725
Trim34b,0.121778602,0.837630454
Pcp4,-0.95388356,0.21191659
Gm11559,0.22375687,0.771228648
Cfb,-0.747879652,0.212453491
Bloc1s1,-0.253348995,0.647961677
Mettl23,-0.500736642,0.22531448
Mndal,-0.332892436,0.31547589
Adh6-ps1,2.985498293,0.236449025
Gm6158,0.679911815,0.811318668
4930523C07Rik,-0.116485902,0.684556168
Gm17402,1.651912964,0.191281936
Gm17271,-1.513146764,0.392357066
Sfta2,0.977794651,0.66818087
NA,0.020408704,0.983124776
Snrpe,-0.781813227,0.136131995
Gm17169,-0.156416304,0.897450419
Gm17571,1.111409132,0.225521193
Gm5611,-0.024698836,0.99183939
Tex9,1.246635434,0.000328924
Gm8126,2.153518459,NA
NA,-2.848969178,0.412733028
Zfp493,-1.065247301,0.004040341
Gm17213,0.454279336,0.651512064
1700092M07Rik,-0.601199823,0.541481184
Heatr4,-1.378713578,0.428080392
Hspa1b,-2.187333023,0.266125452
Phf11,0.085093515,0.892891174
Ccdc71l,-0.666825781,0.085632075
Lrrc32,0.264183461,0.816702049
Gm17655,-0.628463019,0.170261044
Gm20458,0.213297852,0.858346529
Vmn2r69,1.85518466,0.135354347
D630036H23Rik,-0.07793538,0.971538313
Gm10722,7.1520738,0.025850444
Gm17538,0.189267535,0.892490633
Rpl6l,-0.31892196,0.899236651
NA,2.273947698,0.269291856
Ccdc152,0.397986956,0.866346161
Gm17181,5.595165603,NA
Gm17020,1.406898086,0.630783705
Serpine3,-0.304214773,0.771228648
Gm17545,0.656804422,0.765131169
Gm2619,0.482097569,0.53792257
Gm20390,-0.552466481,0.413776957
Speer4e,5.325764563,NA
Gm1818,-0.939755101,0.291179125
Spata31d1b,3.80620481,NA
Gm5415,1.297453264,0.25438196
Col6a5,1.575670824,NA
Gm17711,-11.64072754,NA
Olfr443-ps1,1.896710757,0.251509179
Gm17084,-0.528195641,0.494882415
Gm10039,-0.095719588,NA
Vmn2r97,0.424131199,0.835070413
Mpc1-ps,0.996184169,0.44649472
Gm17194,0.502948418,0.602664787
Gm6548,-0.114520648,0.792013453
H60c,0.72424282,0.080414523
Phf11b,-0.506900609,0.298170087
Apol11b,-1.481321233,0.662482835
Sec14l5,3.322822491,0.010459229
Gm17126,6.455042095,NA
Gm17541,0.493179791,0.578885926
Yy2,-0.566392146,0.366122692
Gm3208,5.425303334,NA
Sco2,-0.927808855,0.180037672
Igkv1-115,-1.227505031,0.54586235
Gm4707,0.169871575,0.771132458
Gm8251,-0.89803065,0.148740271
Gm3851,-0.65859446,0.76127014
Ube2d2a,-0.449798119,0.262195949
Tnnc1,1.965199712,0.014324024
Gm6460,2.009251503,NA
Gm2564,2.985037146,NA
Hspa1a,-1.985212923,0.204122546
Gm17072,-0.139510079,0.905442521
Myh15,0.856064688,0.745855269
Gbp11,-0.446628445,0.865609938
Gm9027,-1.403412595,0.355377559
Peg10,-0.671595899,0.646919199
Gm2244,0.044135911,0.984939025
Vmn2r85,-0.480209407,0.87749794
Gm4540,0.554995633,0.813704358
Dynlt1a,-0.00624195,0.992416286
Olfr101,1.085104841,0.432752333
Gm17528,9.537983812,NA
Gm5819,1.406134345,0.457472218
Fancf,-0.445908568,0.516405828
Gm20432,0.05831616,0.967842045
Dnaaf4,0.157955765,0.911625009
Gm19345,0.513563662,0.497347843
Gm20519,-0.02811897,0.983986417
Gm8752,0.188121587,0.893236883
Cdk3,0.102356959,0.9430502
Galnt2l,0.98774682,0.638897427
Olfr754-ps1,-0.413730546,0.63026991
Hspe1-ps3,0.640852572,0.647762818
Gm20430,2.201374363,0.270068027
Gm20479,4.096169095,0.251026479
Gm19203,2.507038072,0.023462581
Gm18343,0.704237982,0.647762818
Gm20547,1.528883342,NA
Fam71e2,4.11228232,NA
Nlrp1c-ps,0.983377312,0.579622413
Pagr1b,-0.375712774,0.882456559
Gm8750,-1.211947378,0.660785631
Serpinb10,0.319529578,0.846949828
Btnl6,0.071224649,0.953358823
Gm20689,1.266584644,0.363869682
Gm6061,-1.297765699,0.704507818
Gm18588,0.290781577,0.84632106
Gm20702,0.402647351,0.774138902
Gm20708,-0.07269377,0.92793856
Gm20691,1.4814963,0.701517626
Gm18367,3.390977216,0.080538678
Gm20683,-0.91555165,0.276618379
Gm21970,1.423842107,NA
Gm20612,-0.749848987,0.242948657
H3c14,-0.61424377,0.653079716
Gm20648,-0.887215232,0.318232483
Gm8355,0.152428511,NA
Asmt,-2.969762775,NA
Gm6900,-0.196061382,0.941067506
Ighv3-1,-0.482848509,0.687983204
Lrit3,1.124334274,0.789854444
Gsdmcl2,0.654210702,0.605836269
Ighv1-53,0.79359802,0.634079647
Ighv1-76,-0.109730737,0.93550874
Tomm20,-0.815675345,0.035721533
Obox4-ps28,9.804030301,0.27801708
Hmgcs1,-2.014966769,5.99E-09
Evi2b,-0.082373053,0.855071857
Gm16867,0.032966364,0.967416101
Ighv1-34,-0.512717517,0.706719575
Gm21909,-1.069337635,0.60588516
Gm2237,-0.223996459,0.707474452
Igkv4-59,-0.282665431,0.69636039
Gm21762,-1.514127174,0.454390542
Ighv3-3,-0.530205454,0.578192653
Ighv1-36,-0.545804948,0.735376504
Ccl21d,5.543320301,NA
Ighv1-80,0.842187778,0.70846842
Gm4767,-1.449894308,0.021971494
Ighv1-61,-0.340059746,0.88220435
Gm8494,-0.29858583,0.844976861
Gm21885,-0.105993563,0.927876692
Ighv9-2,-1.369897798,0.322224098
Gm8922,0.260128463,NA
NA,-1.703177657,0.074214966
Igkv3-12,0.369896171,0.856203508
Gm3233,5.319031333,NA
Rpl31-ps9,0.275316361,0.951893981
Ighv1-74,1.113900703,0.558309108
G530012D18Rik,5.200382586,0.015554828
Ighv5-15,-0.251562695,0.845846207
Ighv6-4,0.530176629,0.815057788
Ighv5-16,-0.435758725,0.81267706
H2ac23,2.678796732,0.124810673
Gm14536,4.385941302,NA
Igkv4-62,-0.160027341,0.937776883
Igkv4-78,-0.73017807,0.483718836
Ighv9-4,0.088334109,0.93550874
Gm10045,0.240992911,0.875825595
H2bc13,-0.902663972,0.273765299
Igkv14-126,0.095823508,0.93884894
Gm8783,1.03319744,0.427332634
Gm3788,2.677698607,0.57513881
Gm38394,-0.179368125,0.715072637
Igkv10-96,-0.335646494,0.716372764
Gm21969,3.829856232,2.53E-08
Gm6344,-5.356901082,0.077418979
Purb,-0.681718068,0.092041509
Gm21958,0.052036136,0.959723364
Igkv1-133,-0.439732612,0.654402839
Vmn1r-ps73,1.273880682,0.559554334
Ighv1-69,0.569007577,0.761484946
Ighv8-6,0.921813611,0.477617944
Ighv14-1,-0.621443093,0.633337358
NA,0.968393855,0.563187925
Gm21451,-0.456292076,0.66818087
Ighv11-1,-0.758625522,0.649603098
Ighv1-26,-0.173176652,0.867107929
Pramel39,5.154417556,NA
Ighv1-22,-0.469351175,0.588951855
Gm15027,4.385941302,NA
Gm10251,2.558479878,0.253276144
Fsbp,-0.138726315,0.882683276
Gm3055,-5.491460804,0.215220917
Gm10182,-0.346397034,0.789308528
Gal3st2,-0.800786105,0.741696767
Ighv1-42,1.540178525,0.417202896
Rpl35a-ps6,4.109747692,0.294697479
Gm6902,-0.197206943,0.819681516
Ccl21a,2.464312139,0.241261415
Ighv1-81,-0.56908465,0.634853375
Gm10359,20.58128518,NA
H2ac24,-1.055667171,0.093618137
Gm14403,-1.115208802,0.238422513
Ighv1-54,-0.187939911,0.877805471
BC147527,-0.91761351,0.070736867
Igkv6-15,0.351737917,0.650465193
NA,-0.154889881,0.959998798
Muc3a,1.344370973,0.229371391
Ighv1-56,1.135342687,0.651512064
Zfp131,-0.750111978,0.01089661
Gm9726,0.699968717,0.716012039
Gm15093,2.984039816,NA
Ighv5-6,-0.838852133,0.460282925
Eif4a3l1,0.195051895,0.859080516
Igkv4-51,0.095209789,0.90728783
Igkv12-41,-0.825924832,0.166216673
Sirpb1b,0.206779264,0.832072855
Gm36079,3.295050302,0.053698784
1700001J03Rik,-0.139889014,0.944246852
Gm13146,-0.429078286,0.830235543
E030018B13Rik,0.58612863,0.30787542
AF067061,-1.889903932,0.000575396
Igha,0.25093618,0.797094556
Gm13285,2.961429693,0.000401234
Edaradd,-0.275627791,0.620080109
Ighv1-82,-0.242912405,0.78698858
Ighv1-39,0.198185611,0.912100378
Gm10718,7.169014912,0.014797153
Gm20939,-0.711373196,0.155160707
Ighv1-59,-0.233111193,0.850949385
Ighv1-52,-0.480195307,0.675191712
Ighv5-9-1,1.830298035,NA
H2bc15,-0.790707155,0.26628002
NA,7.099032692,0.011349461
Gm21119,-3.159232923,0.197594349
Gm906,5.697393408,NA
Gm12573,-0.197747505,0.762146295
Igkv3-9,-1.233200526,0.574935985
Igkv3-2,-0.773532806,0.47911114
Gm21860,-0.87140263,0.545713622
Rps2-ps6,-0.426421025,0.886390588
Ighv5-12,-0.071076011,0.965539841
Fignl2,0.608123815,0.788066826
Ighv1-4,0.403519142,0.771228648
Entpd4,-0.22686339,0.449822658
D13Ertd608e,-1.660926814,0.054095294
Gm10243,4.109747692,0.294697479
Gm10719,7.308077254,0.009786762
Erdr1,-0.660196412,0.509911373
Gm20474,4.448312537,NA
Ighv2-9-1,-0.052712544,0.980057555
Noc2l,-0.74348456,0.002683663
Ighv5-17,-0.198014852,0.90728783
Ighv1-55,0.188633207,0.848200891
Gm21188,-0.434879995,NA
Ighv5-4,-0.040647482,0.984628284
Ighv14-3,-0.925231904,0.183050884
Gvin-ps3,0.420008228,0.634538028
Gm8935,-1.564952456,0.134829407
Gm2310,3.092344481,0.144557878
Gm10662,0.694831706,0.39947687
Rnaset2a,-0.088458376,0.902069694
Gm8221,-0.931914695,0.495212028
Igkv4-53,-0.245526679,0.746574957
Ighv1-20,1.048561864,0.545713622
Igkv14-111,-0.730047816,0.412733028
Sirpb1a,0.024766646,0.981690449
Igkv6-17,-0.647769061,0.283112858
Gm5451,-0.357818986,0.882683276
Ighv1-43,0.28747157,0.87780828
Gm13237,-0.313141951,0.733530253
Ighv2-4,0.378324509,0.794954476
Gm10717,7.282992013,0.012099402
Nim1k,-0.24741176,0.830286025
Gm12671,20.58128518,NA
Gm3183,5.408232341,NA
Gm5891,0.694831706,0.39947687
Gm21060,-1.020298229,0.371968792
Gm16513,5.333490168,NA
Ighv1-75,-0.605375309,0.422173264
Odaph,-0.04326906,0.983185809
Gm21698,5.635964578,NA
Syne1,0.637847365,0.028556369
Ighv1-72,1.022185082,0.578192653
Ighv1-62-2,-0.057975491,0.959635107
Ighv11-2,0.458760045,0.633693711
Dnah7a,0.925263647,0.509137437
B020004C17Rik,-0.728635618,0.539673185
Ighv1-85,-0.896714013,0.449896032
Gm9242,0.866914292,NA
Gm8055,0.687777802,0.850949385
Gm21761,-0.024090301,0.977777392
Cmtm4,-0.809686712,0.086778116
Gm10715,7.346668119,0.035763709
H1f0,0.462401389,0.588951855
Gm2916,0.4929774,0.542660867
Gm21874,6.023291769,NA
NA,2.05713209,0.412733028
NA,-0.692047122,0.79099722
Dynlt1b,0.148145486,0.915396064
4930467E23Rik,3.045083741,NA
NA,0.724705208,0.484639976
Gm10302,3.828329659,NA
Ighv1-78,-0.385142708,0.858346529
Samd11,-0.585855983,0.458993029
Gm11168,7.782507931,0.01235412
Ighv1-19,-0.139724963,0.896090773
Igkv12-44,-0.735554895,0.338247116
Gm8104,1.101515193,NA
Ighv1-77,0.046376835,0.969014222
Moap1,-0.969734653,0.207131691
Ighv9-3,0.225273974,0.900797959
Ighv2-2,-0.614270625,0.366682353
Cdkn2d,0.092517947,0.866346161
Gm6919,1.360794372,0.398875262
Gm10721,7.40975145,0.009836585
Gm4617,0.335942275,0.620321902
Prickle4,-0.873959583,0.631061282
Gm10097,0.486525144,0.645901731
Gm2956,3.194020538,NA
Ighv1-71,2.539914855,NA
Igkv1-132,0.017655708,0.991959035
Gm15801,1.03319744,0.427332634
Tpbgl,0.474709294,0.726895176
Gm5559,0.465445242,0.90728783
Ighv2-9,0.078131273,0.948426784
Gm904,5.79730697,0.248182881
Ighv1-63,0.766758341,0.427824407
Zfp960,-1.008980986,0.011163264
Igkv3-4,-0.148117101,0.887537955
Zfp781,0.199444222,0.95324521
Mrgpra2b,-2.276626891,0.49581234
Hmgb1-ps9,-0.681635647,0.740569516
Gm5558,-2.143365736,0.211806862
Gm17535,6.645387485,0.015217871
Lbhd1,-0.747318427,0.077494376
Gm21985,-0.827987037,0.218509054
Gm47283,-1.314235803,0.022222782
Tmem181b-ps,0.686839695,0.024439129
NA,-0.442982159,0.682668938
Ighv9-1,-1.100621201,0.211521811
NA,-0.505160748,0.574036649
Ighv2-7,2.02415181,0.408552828
Igkv4-55,2.84127681,NA
Igkv6-14,1.202971729,0.114018672
Gm8890,0.534154839,0.88220043
Gm21748,-0.87140263,0.545713622
Gm13301,4.164363977,0.102699924
Shisa8,-0.716052416,0.349793986
A730071L15Rik,1.607478339,0.151210764
Rps19-ps6,-1.2553171,0.573558355
Gm16531,2.054273132,0.010232323
Gm1972,0.546312875,0.241588703
NA,0.537925313,0.240427438
Gm27029,-1.230719343,0.175684985
Hmgb1-ps8,1.038110685,5.69E-05
Tnfsf12,0.629751248,0.522373919
Gm3200,2.406293244,0.005513298
Gm26965,0.001831983,0.999635691
Gm26528,1.395463821,0.002524355
Gm26509,0.198072174,0.901165712
Gm26712,0.392499806,0.868815894
Gm5976,0.427827,0.703234075
Gm9625,-0.944273363,0.310501228
Gm17799,0.646575403,0.756167906
Gm27026,-0.796985591,0.184713887
Gm9522,0.011679258,0.996094589
Gm27014,-0.635674102,0.155368859
Gm7765,-0.221582784,0.940152553
Gm5345,0.334606137,0.900246538
Gm5300,1.545449731,0.492917663
Gm6981,-2.264930512,NA
Gm26992,-2.507401989,0.420739839
Gm27006,-0.941452968,0.081280394
Gm6085,0.530992523,0.637368138
Gm4654,-0.446259672,0.839982603
Gm7507,-0.272186607,0.868891745
Ccdc166,-0.730571674,0.107661593
Rps12-ps24,-0.204639669,0.91826984
Gm9169,3.478690135,0.156305418
Arl14,0.095796622,0.966968553
Gm5224,2.994770109,0.036284229
H2-Pa,0.793334935,0.63586965
NA,-1.310784574,0.728276521
Pet117,6.829271789,0.067192625
Gm27149,1.613732531,0.300583103
NA,0.515779714,0.678567011
C1rb,6.363371823,NA
Rgs21,2.153935991,0.239465348
Kctd12,-0.752345456,0.068499686
Commd1b,-1.111697568,0.06848233
Mroh6,-2.183253018,0.245132241
Gm28041,2.234089803,8.54E-08
Gm28038,2.131638467,0.540863498
Igkv19-93,-0.30773014,0.73326371
Gm18190,-0.627842642,0.579221859
Tmem185b,-0.523326678,0.336871642
Gvin-ps4,-0.289034096,0.503324786
Gm28035,-0.183298427,0.751391606
Gvin-ps2,-0.800990115,0.173871098
Gm18180,-0.168808416,0.953497752
Gm2497,-7.264237173,NA
Ms4a14,-0.155528671,0.886503915
Gm6657,-0.683683716,0.696676737
Gm17826,1.803741688,0.014245554
H3c8,-1.356950619,0.057022615
H3c4,-0.58769851,0.380695457
Gm17969,2.137824503,0.07216459
Gm5776,-0.701565043,0.590476952
2310034G01Rik,-0.431969683,0.751391606
Gm2316,1.596013295,0.019165114
Gm29013,2.775281886,0.018643862
NA,-0.782959209,0.112507437
Gm28802,-0.143176354,0.93550874
Rps10-ps2,0.019439439,0.995285509
Gm28583,5.448605875,NA
Gm18665,6.157022828,0.374756385
Gm21742,-0.687019116,0.710785194
Rbm3-ps,6.086690567,0.061174015
Gm28551,-0.415244453,0.718987911
Gm8226,1.726347495,0.253809474
Gm9226,5.942701339,NA
Bcl2a1d,-0.594505306,0.270310716
Gm5619,-0.255474269,0.860014589
Gm21136,4.106075733,NA
Gm6501,-0.386962445,0.791350071
Gm8141,-1.03486586,0.499954094
Gm8337,-1.80733997,0.207411103
Gm29598,0.834247161,0.779746911
Trpc2,0.278820583,0.983162079
Gm6644,-3.005504962,0.347444105
Gm29640,0.899816442,0.711050291
Gm28688,7.427167829,0.025498518
Gm28911,10.43146034,NA
Gm7266,-0.618497265,0.776103315
Gm12960,2.925712738,0.010779223
Gm19280,0.266548066,0.839199875
Gm28374,1.070731161,0.468635428
Gm28466,-0.364973759,0.736974089
Gm15459,-2.225192883,0.019474142
Gm29094,-0.347971221,0.771261145
Gm10925,0.921626213,0.668321655
Gm12669,0.205025977,0.884971614
Gm6610,0.104659534,0.921573635
Lhb,-1.238831278,0.501240393
Gm8520,2.027361758,0.138453626
Nscme3l,0.103580177,0.906924112
Gm28900,3.547134184,NA
Gm28372,-0.412382549,0.858662349
Gm29072,1.575375708,0.241874382
Gm5692,-0.530059867,0.672713207
Gm28451,6.878808793,NA
Gm4017,6.587616873,0.333704637
Gm8498,1.920609663,0.282776318
Gm28069,0.836259984,0.777560804
Gm28437,-0.565453484,0.777560804
Gm17981,2.295582012,0.00051588
Macroh2a3,3.244882909,4.60E-17
Eif4a-ps4,-1.909974184,2.81E-08
Gm6750,0.076843623,0.951893981
Gm8326,-1.972071867,0.278970776
Gm18342,0.369681826,0.734765581
H3c10,1.002337368,0.305594212
Gm18291,5.944101712,NA
Ms4a4a,0.703489121,0.394431021
Gm2617,0.984383737,0.647762818
Gm29441,3.912232533,0.038003606
Gm336,2.507093736,0.124091348
Rpl7a-ps10,0.974702112,0.63146761
Gm8004,0.1222558,0.921200688
Olfr1392,-0.438026457,0.910591443
Gm2427,0.404017334,0.786330364
Gm18800,-1.911422887,0.341531494
Olfr1391,0.699176442,NA
Gm8203,-2.043869507,0.741007576
9130401M01Rik,0.444115089,0.39783839
Gm29427,-2.48829692,NA
Gm10074,-0.985260558,0.673921202
Gm28438,5.307886811,0.398875262
1700001J11Rik,0.82672408,0.07048678
Gm28693,-0.250991016,0.660882711
Gm6198,2.183874208,0.010002708
Ly6a2,0.326513261,0.861949521
Gm37108,-0.648571964,0.746827952
NA,2.082958286,0.593027361
Gm37493,0.306371853,0.86493433
Gm19035,1.302633863,0.238057455
Gm30280,3.122035105,0.017438682
Ighv8-2,-0.416040424,0.632736618
Ighv8-5,-0.236163222,0.855071857
Sh2d1b1,-0.123250401,0.863570577
Ighv1-10,3.369147177,NA
Pcdhgc5,2.460983512,0.001310152
Gm37037,-1.237815047,0.711832028
Gm18553,-0.052768322,0.949288171
Dchs2,2.96050631,NA
Pcdhgb2,-0.063196429,0.964251096
Gm7694,0.112613554,0.937871678
Gm6185,0.622429255,0.756946655
Gm8242,0.032641827,0.985927477
Pcdhgc3,3.53736216,9.33E-10
Gm34727,0.97214857,0.037212464
Gm8797,4.855187768,NA
Gm7871,-0.196056862,0.931961322
Gm18752,-0.252697574,0.777560804
Gm2053,-0.75492744,0.512702078
Gm5842,-0.514606553,0.401695887
Ighv3-2,-0.062431458,0.959174985
Pcdhga2,-0.046547592,0.976560359
Gm38158,1.437981474,0.294439317
Gm37116,0.44381685,0.849738735
Gm38053,1.925149351,0.230690001
Gm17952,1.626634854,0.106378846
Pcdhga4,1.343498789,0.33478736
Gm38038,-0.260972489,0.851375305
Gm6162,2.435002362,NA
Gm38317,0.679176944,0.760970812
Gm38392,-0.603625874,0.762004667
Gm7899,-2.799202112,0.227842398
Gm37009,-4.167908676,0.05742373
Tigd5,-0.744089234,0.220019713
Ighv3-4,0.534760731,0.759100302
Gm37449,6.038701027,NA
Gm5539,-0.43806513,0.845375563
Gm17771,-2.001155813,0.275289332
Gm37025,-0.220043993,0.84509045
Gm18692,-1.603771142,0.384245551
Gm37988,-0.385870607,0.875825595
Ighv1-14,1.375282363,0.266125452
Ighv8-8,0.34854099,0.621225144
Igkv4-60,-0.005226224,0.997113414
Gm30023,-1.506131543,0.404304374
Gbp6,-0.559521063,0.349735144
Gm43058,0.530356952,0.703234075
Igkv8-34,-0.542001319,0.630923844
4930515G16Rik,-0.567599862,0.548749925
Gm43710,-1.459329757,0.313014132
Gm8234,0.806139768,0.663497466
Gm18747,1.087074669,0.577340269
Igkv1-108,-0.012788378,0.990644671
Gm43064,1.656903641,0.075682715
Aqp10-ps,-0.274217241,0.765131169
Gbp10,-1.247390303,0.030687919
Gm43191,-0.969113157,0.561431453
Ighv1-79,-0.292247808,0.915565286
Gm5297,0.997235828,0.611297884
Ckb-ps1,4.499878091,0.095846086
Gm43738,-0.491519327,0.798707156
Iglj3,-0.005619402,0.995285509
Gm5281,-0.290850332,0.478529872
Gm43214,0.349086536,0.817186235
Gm9504,-0.546584951,0.741550185
AU022133,-0.043473355,0.984939025
Gm43802,0.121285189,0.945346562
Igkv11-114,-1.620850008,0.309793822
Gm8458,1.226382739,0.466809536
Gm42672,0.445618839,0.520494264
Gm43218,-0.877892628,0.435094366
Igkv4-77,-0.695169847,0.447960474
Igkv13-78-1,-1.748928768,0.238025929
Iglc3,-0.245861008,0.650465193
Gm43384,1.717227946,0.253002508
Fbxw14,0.378504529,0.86346666
Gm6649,-5.33924475,0.140860411
Gm8828,-0.928670564,0.72881735
Gm42845,22.00448613,NA
Gm18985,4.31121112,NA
Iglc1,-0.849809276,0.09168751
Gm43555,5.752420647,NA
Gm17951,1.799963875,0.077741535
Igkv4-56,0.139639398,0.958312041
Gm8848,-0.507166845,0.656126831
Gm4332,0.23302134,NA
Gm4962,1.672307895,0.12471239
Gm42804,-0.250929221,0.889573343
Gm43704,-0.177323831,0.936258725
Gm9710,0.01629228,NA
Gm9728,-0.309323223,0.860014589
Igkv12-47,1.317633809,0.325234558
Gm2287,3.014868045,0.023550535
Gm42958,-1.029988736,0.637073757
Gm40414,-0.753982331,0.388308024
Ckb-ps2,3.731182902,0.189787248
Kif19b,-0.546795989,0.706747929
Igkv14-126-1,-0.050664027,0.977547351
Igkv4-73,-0.349488882,0.75798492
Iglj3p,-0.607647347,0.392871819
Gm9273,-0.457051821,NA
Gm9771,1.787572245,NA
Igkv2-107,0.052043982,0.960135287
Gm43070,-0.332215571,0.637073757
Gm43103,1.177754192,0.155160707
Gm21680,1.639730742,0.734699526
Iglj1,0.180624385,0.901714982
Tmem265,-0.171146282,0.873447215
Gm5442,6.926821929,NA
Gm7961,5.75888582,NA
Ube2n-ps1,-0.827347607,0.062579472
Ybx1-ps2,-0.806332057,0.710593461
Gm43580,5.302175026,0.056183603
Gm4482,0.172232952,0.909421412
Gm42742,-0.932684399,0.076563902
Gm35648,-0.509062993,0.667595629
Gm36378,0.9094106,0.468635428
Gm43442,1.212548308,0.472405514
Gm30708,-0.100195301,0.959611623
Gm7452,-0.091805786,0.95324521
Gm4366,0.453561753,0.770823
Gm4782,6.958067449,NA
Gm44216,2.914749024,3.86E-08
Stambp-ps1,-1.934653313,0.13577516
Gm44790,1.524826927,0.554598549
Gm19244,-0.134841099,0.948792789
Gm44282,-1.536036523,0.324222028
Gm44011,0.843826071,0.579767744
Gm45062,-1.28794119,0.005142607
Gm16042,-0.854438771,0.249225449
Gm8774,1.164503476,0.011314783
Gm43962,0.629998132,0.443561018
Gm18791,0.280449701,0.789840093
Gm5315,1.716269349,0.449563616
Gm44511,1.592575701,NA
Gm43951,1.402877873,0.007461328
Gm44524,0.002866648,0.998112806
Gm6210,-2.29455154,0.083053445
Gm44419,1.021955376,0.841148789
Gm8479,1.750209721,0.191281936
Gm6786,8.971445997,0.004040341
Gm7039,-0.396276348,0.858044517
Gm19653,-0.179859113,0.942604606
Olfr1372-ps1,0.162003214,0.715072637
Gm44063,0.256695703,0.870955782
Gm44024,-0.047977871,0.985680571
Gm44429,6.141770476,NA
Prkcz2,-0.143005015,0.753596514
Usf2-ps1,6.209681547,NA
Erfl,-0.229289866,0.863570577
Gm8209,1.279886536,0.318424519
Ywhaq-ps1,0.154754806,0.884248686
Rpl15-ps5,0.288642016,0.762257322
Gm5587,-0.56710577,0.726070594
Gm45186,-0.028853489,0.972143486
Gm45080,-2.139690814,NA
Gm18988,-0.630735128,0.100308738
Gm18905,0.962292201,NA
Gm6063,-1.178192324,0.613461151
Gm18959,2.860079508,1.82E-10
Gm44911,8.524560398,0.010586697
NA,-0.013609763,0.98900133
Cc2d2b,0.182004003,0.849738735
Gm7972,0.656331532,0.435305378
Gm45209,3.085339838,0.002262825
Gm10046,4.810794257,NA
3110009M11Rik,-0.727290303,0.831627637
Zfp264,0.934268891,0.756995241
Gm10297,1.152257384,0.533475284
Fam81b,0.091572168,0.969803779
Gm44833,-2.214434533,0.069422477
Gm35060,0.382986317,0.859719428
Prmt1,-0.112662519,0.691130347
Gm9195,2.332591704,NA
Gm45224,3.507196529,0.077418979
Gm7451,2.540137789,0.000180566
Gm33882,-0.216770154,0.838431135
Gm21033,5.969782732,NA
Gm42417,-5.106933621,0.115107538
Nup62,-1.211045729,2.63E-05
Gm6882,0.975516966,0.032977843
Muc16,4.675588049,0.082924268
Pvrig,-0.347318215,0.659475385
Eid3,1.514513542,0.000440303
Exosc6,7.04523915,0.47911114
Igip,-0.82557597,0.137085254
Pde2a,1.718404202,3.04E-08
Flt3l,0.640537784,0.019262642
Rnf223,-1.598783984,0.123632214
Cmtm1,0.630385465,0.743213257
Gm20946,6.363792458,NA
Lilr4b,-0.076300552,0.951099963
Lilrb4a,-0.209608961,0.806384825
Gm9742,1.299585613,0.037715637
Adat3,-0.974004672,0.059875584
Scamp4,-1.366904333,1.49E-05
