genes,WTvsMu_lfc,WTvsMu_FDR,IRvsMock_lfc,IRvsMock_FDR,Interaction_lfc,Interaction_FDR
Gnai3,-0.098320733,0.999574161,0.759955305,0.008233418,-0.658503492,0.105324855
Cdc45,0.510144395,0.849628748,1.638405487,3.05235E-07,-1.499256625,0.000543697
Scml2,0.544682211,0.999574161,0.928792905,0.431448506,1.149341018,0.458993029
Narf,-0.229809935,0.999574161,-0.972746792,0.005121434,0.162427651,0.808669872
Cav2,-0.592772511,0.999574161,-1.278882755,0.183985478,0.555039119,0.736974089
Cox5a,0.187557398,0.999574161,1.455863888,3.37624E-05,-1.20171767,0.013739401
Ngfr,0.162829021,0.999574161,-1.742590234,6.68737E-05,1.651424485,0.005111181
Fer,0.160516876,0.999574161,-0.561398007,0.255771213,0.036317765,0.969533305
Axin2,-0.33482916,0.999574161,-0.717191613,0.353708037,0.950136334,0.358972058
Gna12,0.250885006,0.89576735,0.106313668,0.663715569,-0.638841043,0.007448938
Itgb2l,2.51871419,0.77324363,1.066154761,0.614218458,-1.055410631,0.714198055
Dlat,-0.120739079,0.999574161,1.147618318,0.000120597,-0.814402149,0.05742373
Sdhd,-0.179606932,0.999574161,1.191599447,0.000532528,-0.878117043,0.075256923
Ccnd2,0.263508594,0.999574161,2.779884992,4.29333E-31,-1.039500235,0.002200424
Slfn4,1.036291289,0.999574161,0.510833513,0.710920343,0.23030576,0.907304298
Th,-0.47536238,0.999574161,-1.807152329,0.207000181,1.719977454,0.398080097
Tspan32,-0.101876709,0.999574161,-0.437945155,0.040546604,-0.330882516,0.297534207
Clec2g,0.179597484,0.999574161,-0.565464883,0.00394265,2.794517916,2.38652E-37
Gmpr,-0.729848354,0.999574161,-0.660362245,0.642002919,1.078537011,0.555917045
Glra1,0.53488844,0.999574161,3.770046048,0.070096917,0.171297114,0.967578234
Trim25,0.155618511,0.999574161,-0.68927726,0.041375396,0.439987492,0.39783839
Scpep1,-0.019798591,0.999574161,-0.415169645,0.026502158,-0.36602808,0.171287721
Pemt,-0.082672925,0.999574161,1.787055356,0.018517068,-0.504697866,0.717702365
Cdh1,-0.112168183,0.999574161,-0.380204881,0.699208928,0.087697872,0.953637079
Ckmt1,0.675603383,0.999574161,1.651108057,0.586392074,8.172629207,0.003621561
Bcl6b,0.012095643,0.999574161,0.399113915,0.44269219,-1.068024936,0.081734512
Clec10a,-0.717308762,0.962700501,0.362587771,0.613471163,-0.172208971,0.875825595
Dazap2,-0.200056419,0.999574161,0.046621009,0.919157627,-0.221927018,0.6444505
Mcts1,-0.066662965,0.999574161,0.623960637,0.094583798,-0.588058785,0.268817234
Rem1,-1.00899562,0.999574161,-0.148883418,0.932377562,0.365610731,0.856203508
Rnf17,-0.256157917,0.999574161,1.200259749,0.0325457,-1.312443786,0.095430222
Ccm2,-0.268047321,0.999574161,-0.769476821,0.000222794,0.500690018,0.10037649
Tmprss2,-0.520122353,0.999574161,-0.952582055,0.162788859,1.094342385,0.245092733
Mx1,-0.294536938,0.999574161,-0.637082723,0.089327219,2.565151196,7.10231E-10
Gcg,0.514556009,0.999574161,1.507006291,0.15616701,0.400196195,0.830837516
Ndufa9,0.024880438,0.999574161,1.2414065,0.000164316,-0.858671643,0.070997374
Egfl6,-0.133973035,0.999574161,-0.890262776,0.125056136,0.872588044,0.288654262
Lck,-0.019592476,0.999574161,-0.393859622,0.258152677,0.042128429,0.948564687
Cttnbp2,-0.819595307,0.999574161,-0.131408469,0.964524165,1.560877556,0.545750396
Acvrl1,0.278163559,0.999574161,-0.546347955,0.16378067,0.765431752,0.13421022
Acvr1b,-0.13351081,0.999574161,-0.123030496,0.67912718,-0.15471098,0.700102553
Tom1l2,-0.140330992,0.999574161,-1.17604649,4.25385E-08,1.01630688,0.000452142
Zfp385a,0.139578135,0.999574161,-1.623300777,2.48145E-05,3.828516107,7.24822E-17
Atp5pb,-0.014341376,0.999574161,1.140369495,5.99434E-07,-0.817880456,0.010654357
C1d,-0.299747814,0.999574161,0.577971592,0.10401777,-0.474197142,0.366122692
Gm2a,0.105181117,0.999574161,-0.716417698,0.000155757,-0.061726291,0.873795983
Vmn2r88,0.222623457,0.999574161,-0.278306386,0.866181052,1.144934223,0.515827943
Grm6,0.560426516,0.637022491,1.536989987,1.29605E-07,0.149018985,0.797823845
Hk2,0.187227843,0.999574161,2.285056822,9.3102E-28,-1.420508115,3.08886E-07
Myo18a,0.008824968,0.999574161,-1.134748961,4.81997E-08,0.641837667,0.032304728
Cd52,0.015273385,0.999574161,0.882003188,0.000148044,-0.964594347,0.00193101
Abhd15,0.247393642,0.999574161,-0.476839064,0.254926413,0.032598499,0.967657683
Hoxb6,0.265969961,0.999574161,0.762610661,0.63421806,0.483443573,0.838431135
Kat2b,-0.06074793,0.999574161,-1.519878266,2.37819E-20,0.237562021,0.409994055
Icosl,-0.084186886,0.999574161,0.320355089,0.089132533,-0.77432284,0.000596558
Rpa1,-0.027134582,0.999574161,0.159176944,0.611951112,-0.622146596,0.059939521
Polr3d,0.068506372,0.999574161,2.385553949,2.33936E-41,-0.493731634,0.068213506
Il12rb1,0.440271619,0.999574161,0.677568806,0.155094332,-1.289613949,0.030422643
Kcnn3,-1.033118416,0.999574161,-1.872717672,0.441836866,4.569595325,NA
Txnrd3,-0.256972538,0.999574161,2.492265537,4.19775E-22,-0.57624824,0.161143641
Zfp512b,-0.185770299,0.999574161,-0.531641196,0.055692035,0.395905165,0.340859458
Fmr1,-0.031642666,0.999574161,0.132903489,0.592132323,-0.365830146,0.193655978
Bcl11a,-0.025878856,0.999574161,-0.334146348,0.167687381,0.00083948,0.99826477
Pxmp4,-0.128492453,0.999574161,-0.907391729,0.000207783,0.854249062,0.010676444
Dlg3,0.231176613,0.999574161,-0.093568991,0.830124155,-0.31303372,0.523008367
Gnb1l,-0.394766555,0.999574161,1.685376654,2.31442E-08,2.104606303,5.06496E-08
Mmp11,-0.1963679,0.999574161,-0.037693282,0.964869923,-0.46156412,0.542222769
Vpreb3,-0.510014954,0.89576735,-1.247013763,0.000502283,-0.733577169,0.177451232
Nsun5,-0.10883253,0.999574161,1.954539008,2.17562E-16,-1.016483106,0.002475559
Top1mt,0.018716203,0.999574161,2.406756792,1.14363E-38,0.100284741,0.794466065
Mmp14,-0.386861899,0.999574161,-0.615472251,0.466190596,0.690330974,0.558309108
Ccl3,0.642018323,0.999574161,0.363180377,0.777797062,-0.48669852,0.771170517
Wfdc18,0.789469005,0.999574161,-1.684251696,0.382535569,0.730773142,NA
Snapin,-0.186497309,0.999574161,-0.026083244,0.960821942,0.010241174,0.985927477
S100a6,0.077786835,0.999574161,-0.998548874,0.036481964,1.013319775,0.123276843
Scn4a,-0.098928178,0.999574161,-1.602905326,2.25258E-12,0.442502302,0.232386501
Icam2,-0.299513124,0.892199085,0.130093937,0.648142486,-0.686214415,0.015784448
Epn2,0.054439609,0.999574161,0.178434048,0.658093764,-0.502255458,0.276618379
N4bp3,-0.203606565,0.999574161,-0.110538417,0.731107972,-0.285517113,0.449648186
Rmnd5b,-0.223962212,0.999574161,-0.097961921,0.739517531,-0.342680408,0.288587191
Nhp2,0.059196065,0.999574161,2.839142786,1.40503E-31,-1.336945816,5.42841E-05
Mfsd10,-0.027984536,0.999574161,-1.396207697,2.49241E-11,0.195036011,0.624641476
Sebox,-0.259851965,0.999574161,1.667065244,0.021245855,-1.266497361,0.248493503
Ift20,-0.045676747,0.999574161,1.32462974,1.22621E-05,-0.836836974,0.056861995
Col6a1,-1.360007452,0.999574161,-0.383428217,0.82396623,2.042800594,0.240311627
Timp1,0.574256223,0.999574161,2.444419591,0.082474925,-0.260246572,0.921906889
Uxt,-0.10889819,0.999574161,1.536050962,2.1845E-09,-0.569694323,0.153580709
Oas1c,-0.244834409,0.999574161,-1.029907246,0.000721859,0.750286061,0.087326046
Calm1,-0.069893704,0.999574161,0.550842327,0.091867811,-0.647048645,0.142691264
Sema6b,-0.442480232,0.999574161,-1.285987974,0.023791267,0.929860161,0.274591612
Uhrf1,0.386298665,0.930194188,1.870556312,2.57734E-12,-2.273441382,1.93663E-11
Ramp2,0.102190289,0.999574161,-0.114734194,0.957735639,0.57721617,0.786041477
Ckb,0.564219906,0.706064219,-0.987135027,0.003825256,0.906058914,0.054390932
Itgb7,0.082576402,0.999574161,-2.329934382,6.00592E-34,-0.319189493,0.332782959
Myg1,-0.061756647,0.999574161,1.204264264,7.01803E-07,-1.005589796,0.002660295
Rarg,0.232097641,0.999574161,-0.411097513,0.499891482,2.348148545,0.000104186
Rrp15,-0.078418417,0.999574161,2.843239639,5.30328E-36,-0.816566152,0.013678808
Acp5,0.205970869,0.999574161,-1.6043873,2.87853E-13,0.329029047,0.382260854
Hars,0.001636605,0.999574161,1.641645586,1.12404E-15,-0.788503986,0.007037308
Cct3,-0.123552711,0.999574161,2.633623846,9.18714E-25,-1.324926707,0.000166086
Tmem79,-0.099912455,0.999574161,1.912855249,1.21523E-06,-0.177766679,0.82854869
Slc19a1,-0.14374396,0.999574161,2.49579917,2.25568E-28,-1.220396655,8.38356E-05
Kpnb1,0.029269927,0.999574161,1.758766413,8.08778E-18,-1.111752912,5.91931E-05
Tbx21,0.334057807,0.999574161,-0.494952703,0.218752639,0.031643637,0.967657683
Cyp51,-0.156103922,0.999574161,2.352873017,6.13099E-21,-1.686621159,3.33741E-07
Nkx2-1,0.490573642,0.999574161,-0.38927531,0.801576004,1.911536778,0.21191659
Gtf2h4,-0.008928816,0.999574161,1.832020554,7.13523E-16,-0.660309064,0.05248579
Tubb5,0.074797954,0.999574161,1.207556904,9.29923E-06,-1.310661727,0.00028567
Jup,0.412644382,0.999574161,-1.30611407,0.000598637,0.491050315,0.438191993
Fkbp10,-0.515869138,0.999574161,0.702606978,0.405197902,1.816210706,0.062753704
Ergic1,0.053623712,0.999574161,2.141630399,1.66109E-19,0.11353777,0.819693549
Acap1,-0.113118644,0.999574161,-0.742760606,0.000337483,-0.457770533,0.135872322
Tcea3,0.228290075,0.999574161,-1.576173588,0.048267376,0.506181248,0.720354371
Ifrd1,-0.113157657,0.999574161,2.191568177,9.81397E-24,-0.72810749,0.023066968
Gstt1,1.567161015,0.892199085,0.616591493,0.689713622,0.086168952,0.971450555
Ddx18,0.030586391,0.999574161,2.155770282,2.28537E-19,-1.098952266,0.001003794
Eef1e1,-0.17252723,0.999574161,1.894988579,1.17227E-10,-1.247632759,0.002383534
Il16,-0.111999182,0.999574161,-0.213461596,0.264029529,-0.073706299,0.820435119
Naglu,0.12042166,0.999574161,0.15117109,0.680542193,-0.411734591,0.32635991
Rin2,0.15838911,0.999574161,-0.810785071,0.092033492,0.969195972,0.132731802
Chordc1,0.076690966,0.999574161,2.182421844,1.58729E-07,-1.865941307,0.000981595
Pwp1,-0.099209497,0.999574161,2.004743102,2.64201E-14,-0.591836615,0.151210764
Fbxo7,-0.019154884,0.999574161,0.186895133,0.537085755,-0.534458369,0.117308385
Capns1,0.044379595,0.999574161,-0.205850046,0.466645801,-0.126089679,0.771013798
Rac1,0.089254334,0.999574161,0.075087873,0.767363557,-0.395467668,0.118119185
Ugp2,-0.014057208,0.999574161,0.340649087,0.289833504,-0.594076895,0.141542664
Kcnh6,-0.190747559,0.999574161,-1.888590263,0.000309683,1.381829173,0.06279042
Siae,0.138116988,0.999574161,-0.590031232,0.02423255,-0.020201497,0.97150888
Gria3,-0.371822659,0.999574161,-0.192650134,0.713985168,3.452065577,2.36499E-15
Sipa1l2,-0.008488765,0.999574161,-1.456927847,1.167E-10,0.834582282,0.009137118
Srpk3,-0.286612998,0.999574161,-1.364764917,4.10515E-07,-0.705342469,0.078158709
Idh3g,-0.165591272,0.999574161,0.680341856,0.035398625,-0.442188661,0.372069847
Pnck,-1.297127167,0.999574161,-0.966606713,0.555783916,1.681792948,0.421185388
Bcap31,-0.112841416,0.999574161,0.35677061,0.405197902,-0.519920289,0.35309214
Unc119,-0.048601269,0.999574161,-0.170818161,0.520085508,-0.344124726,0.289562715
Sdf2,-0.108066799,0.999574161,-0.436979006,0.028271166,0.070856614,0.854356241
Ccne1,-0.012553764,0.999574161,-1.579017655,1.09779E-09,0.145135392,0.781747607
Bbc3,0.668924794,0.242047705,0.199918569,0.622884916,5.774002758,8.19402E-70
Psmc3,-0.049257739,0.999574161,1.476729378,8.19657E-10,-0.716370623,0.042206004
Rapsn,-0.496268107,0.999574161,0.653712724,0.699208928,0.750287477,0.747788584
Celf2,0.005687588,0.999574161,-0.490590432,0.000767046,-0.361164655,0.085289971
Ddb2,-0.188625396,0.999574161,-0.609255196,0.009626946,0.172416788,0.686208615
Rmnd5a,-0.082399265,0.999574161,0.060449252,0.879599189,-0.347215773,0.380678957
Ppm1j,0.027159474,0.999574161,-0.118822396,0.94505355,0.40587554,0.824885356
Peg3,-0.076977199,0.999574161,0.304879705,0.821482676,0.861594473,0.578192653
Metrn,-0.24676408,0.999574161,0.553918315,0.115127669,-0.487793898,0.345402461
Angptl4,0.391091485,0.999574161,1.293225506,0.000932411,-1.602052187,0.002135479
Cd320,-0.19730292,0.999574161,2.32381591,1.3568E-09,-0.497196861,0.464580727
Ipo4,-0.050838431,0.999574161,2.465230563,6.82E-34,-0.3669123,0.280436827
Irf9,-0.115508723,0.999574161,0.028383326,0.960821942,-0.141706571,0.805457249
Dhrs1,0.012294781,0.999574161,-0.544263518,0.061596734,0.134531853,0.798707156
Armc6,-0.068642065,0.999574161,1.771332825,2.86714E-06,-1.291195666,0.015512433
Slc25a42,0.125489112,0.999574161,0.059971597,0.892533093,2.266318647,5.7564E-13
Ocel1,0.043567037,0.999574161,0.326839589,0.402819663,-0.47015074,0.358921964
Dyrk1b,-0.190293164,0.999574161,-0.327522081,0.391790583,-0.183354368,0.76127014
Rgs19,-0.060439443,0.999574161,0.271768951,0.235163479,-0.631600028,0.020485964
Snrpd1,0.137439536,0.999574161,2.516999959,1.87185E-25,-1.223416995,0.000241187
Rpl3l,-1.633726759,0.89576735,-0.951547047,0.521318881,1.482543253,0.457211723
Slc9a3r2,-0.707609247,0.999574161,-0.800162818,0.467295342,0.563760861,0.737991421
Scin,-0.294395827,0.999574161,-0.074526144,0.885935501,-0.097800841,0.877805471
Mien1,0.057071427,0.999574161,0.842163596,0.006188421,-0.790458558,0.065370913
Axl,0.389787122,0.999574161,-0.957313934,0.005610241,0.224957442,0.728303567
Tgfb1,-0.19814789,0.999574161,-0.611735447,0.047790713,0.256187392,0.624641476
Zfp40,-0.254474716,0.999574161,-0.009479681,0.981317205,-0.099464041,0.858044517
Shh,0.049794568,0.999574161,-0.59077599,0.697610513,0.533366844,0.800781428
Gtf2f1,0.058982017,0.999574161,1.997120079,7.94396E-30,-0.697453998,0.005924963
Clpp,-0.032793598,0.999574161,1.649090249,2.48908E-16,-0.861665032,0.002443186
Alkbh7,-0.242997895,0.999574161,0.71038029,0.079440435,-0.599470401,0.315792258
Dennd1c,0.010368338,0.999574161,-1.341447919,1.64432E-15,0.623357704,0.009817576
Lcp2,0.370453997,0.999574161,-0.499910652,0.23539937,0.371438329,0.562355135
Mrpl2,-0.17697715,0.999574161,1.483124653,5.54187E-10,-0.831703568,0.015256161
Gnmt,-0.08391021,0.999574161,1.498506715,0.038242754,0.065298055,0.965260048
Kdelr1,0.089893728,0.999574161,0.108004092,0.752278853,-0.476868156,0.180532405
Jag2,-0.335342996,0.999574161,0.327033182,0.648219478,3.702582024,4.0222E-09
Epdr1,2.131638874,0.932119716,-2.414045654,0.349586839,0.017102442,NA
Qtrt1,-0.278352972,0.999574161,2.022536659,3.02887E-15,-0.530659504,0.198505119
Chaf1a,0.474222075,0.843902525,1.192857137,8.60245E-05,-1.601382926,5.07968E-05
Pla1a,-0.657784737,0.999574161,2.115376037,0.031533669,1.002312829,0.544605131
Mcm2,0.133025837,0.999574161,1.812857046,5.65442E-16,-1.577577461,6.68835E-08
Tpra1,-0.1466461,0.999574161,-0.365882655,0.082233537,0.002259316,0.995285509
Adgre5,0.126866333,0.999574161,-0.367332651,0.023228232,-0.148693636,0.588951855
Il17ra,-0.075289308,0.999574161,-0.790267084,2.94421E-06,-0.174202108,0.571784428
Kcnn1,-0.057890846,0.999574161,2.843572368,0.001532961,-1.243245169,0.400130459
Ppp1r17,-0.464846901,0.999574161,-0.566388638,0.741598717,2.54793246,0.143954548
Cd36,0.155501394,0.999574161,1.845893205,9.07152E-08,-2.365424303,8.48667E-08
Bcam,-0.698744592,0.999574161,-0.518520603,0.648712344,1.246541819,0.352051385
Tomm40,-0.109010658,0.999574161,2.008315679,4.45505E-22,-0.840254449,0.004684135
Apoe,-0.001567906,0.999574161,-0.788639793,0.050660788,0.178268555,0.811122358
Apoc2,0.153763109,0.999574161,-1.396151056,0.112045387,1.243235801,0.318289032
Prkar2b,0.272886822,0.999574161,-0.059143558,0.938573034,-0.786848796,0.222340616
Cdkn1b,-0.092144549,0.999574161,-0.84836772,2.69143E-06,-0.01227709,0.976560359
Ap1m1,-0.000109804,0.999883177,-0.393427913,0.067163217,-0.125379768,0.743895488
Efna2,0.692560324,0.999574161,3.20524317,0.004667332,-2.064490499,0.225188312
Slc2a3,0.01973864,0.999574161,0.070100022,0.783126065,-0.677740234,0.003129063
Bcl2l12,-0.163874906,0.999574161,0.866203655,0.00117341,-0.65368188,0.089347393
Mpnd,-0.145109573,0.999574161,-0.298752958,0.426683591,0.052685717,0.935168082
Eif2b5,-0.185517418,0.999574161,1.540042505,1.64238E-14,-0.605974305,0.041551316
Dlgap1,-0.071783084,0.999574161,1.397663112,0.034428172,0.473897388,0.685076574
Plag1,-0.823591064,0.299255015,-0.302527437,0.542643255,0.332841466,0.637406441
Hck,-0.14789565,0.999574161,-0.941832512,4.80993E-05,0.195643393,0.649070585
Keap1,-0.012396625,0.999574161,0.414249068,0.035528914,-0.696003592,0.005605812
Ap1m2,-0.251836166,0.999574161,-1.936706217,4.85956E-06,0.352673255,0.663320704
Atp8b3,1.128337641,0.999574161,5.141594444,0.000309642,-1.168674438,0.633374228
Abhd17a,-0.212527891,0.999574161,0.466321984,0.229902923,-1.056900874,0.022939308
Fkbp11,0.761355558,0.999574161,-0.435197621,0.640004885,-0.064509467,0.965371332
Pld3,0.495248655,0.649075168,-0.792699325,0.005308809,0.11448423,0.839199875
Cd79a,-0.102080067,0.999574161,-0.676824324,0.002417892,-0.225201943,0.561230114
Rabac1,-0.074168071,0.999574161,-0.45103434,0.155144219,-0.416568122,0.364014541
Elavl3,0.079909226,0.999574161,0.336071135,0.780303327,0.999151333,0.464802033
Rab3b,-0.339088026,0.999574161,0.484038077,0.76930563,1.33974816,0.48260501
St8sia6,0.606898624,0.276131147,2.543861458,2.29682E-23,-1.156081971,0.001238406
Fcgrt,0.122064475,0.999574161,-1.419704309,2.14847E-07,-0.011436741,0.985582469
Timm50,-0.042871896,0.999574161,1.897882276,1.12482E-18,-1.064285788,0.000358864
Med29,-0.205711893,0.999574161,1.336276436,1.36743E-06,-0.782794568,0.053555571
Phyhip,2.324847183,0.917675078,0.733705341,0.772083626,-1.349292412,NA
Crhr2,-0.04572453,0.999574161,0.224321844,0.976874676,5.760067838,NA
Cyp4f18,-0.165638672,0.999574161,-1.902776764,7.39184E-19,0.437139176,0.207412447
Ier3,0.624275764,0.999574161,1.302370122,0.16378067,0.050851596,0.978339174
Fosb,-0.458245492,0.999574161,-0.526981235,0.466825835,0.408567698,0.707008374
Klc4,-0.185077764,0.999574161,-1.267427823,4.67034E-13,0.732853098,0.002921585
As3mt,0.156806084,0.999574161,0.651129994,0.003678363,-0.704326964,0.020568656
Homer3,-0.266287625,0.999574161,-0.217225091,0.684750009,2.636038549,1.49841E-08
Sec14l2,0.782327796,0.999574161,0.474403449,0.638296907,-0.241522757,0.870955782
Aven,0.09275492,0.999574161,1.915223503,3.25736E-16,-0.464173869,0.223554354
Cp,0.168569254,0.999574161,-0.634801621,0.115672313,0.203053365,0.772871116
Man1a,0.174885173,0.999574161,-0.085649982,0.715297699,-0.397180461,0.098210136
Kif20a,0.397326231,0.999574161,0.687666168,0.111192332,-1.008689475,0.072257199
Gcdh,-0.023342433,0.999574161,0.14254704,0.790350787,3.688860201,1.80808E-18
Syce2,0.23131963,0.999574161,1.812129983,1.04849E-09,0.188263281,0.752551029
Nqo1,0.564973345,0.999574161,1.143997615,0.294722948,-0.540136557,0.76127014
Gys1,-0.054390918,0.999574161,-0.310819578,0.25326461,-0.14432171,0.750221255
Ruvbl2,-0.058683154,0.999574161,2.297045238,1.11857E-19,-1.171496262,0.000894822
Bax,0.08116973,0.999574161,1.231090793,4.14312E-05,2.177900862,4.99835E-09
Efnb3,-0.232591751,0.999574161,1.582133761,0.01276469,0.22089965,0.860014589
Fam162a,0.123361706,0.999574161,2.570746161,4.32366E-23,-0.637898786,0.114526783
Gstm5,1.407953908,0.76187745,-0.239490733,0.869910113,-1.643535166,0.24299174
Cavin1,-0.597917077,0.999574161,-0.654724708,0.599952294,1.070439114,0.504375848
Col5a3,-1.09777468,0.872308815,-3.168964028,2.31466E-05,0.806176109,0.551197517
Ppan,-0.125910075,0.999574161,2.648312489,8.89216E-61,-0.658310977,0.004616013
Angptl2,-0.216469842,0.999574161,-1.903329982,2.53388E-06,1.24452447,0.030467093
Cacna1e,0.230464017,0.999574161,-1.843565867,2.52015E-12,0.486526952,0.256631567
Cacna1b,-0.205407368,0.999574161,0.155346544,0.828298581,2.196344675,0.000203534
Etv1,0.363711024,0.999574161,-1.287629156,0.04925979,0.664394371,0.528968713
Kifc2,-0.174615863,0.999574161,-1.285849104,0.000236203,0.934210565,0.061362876
Psap,0.341183709,0.675624227,-0.827678706,1.32298E-05,-0.024673248,0.95324521
Pax2,0.675606981,0.999574161,0.224303412,0.974915947,5.137831156,NA
Phb2,-0.257487996,0.999574161,1.334545767,1.31021E-09,-0.62143315,0.056183603
Ptpn6,-0.081077423,0.999574161,0.773051938,1.01968E-05,-1.003981845,8.93144E-06
Emg1,-0.161113423,0.999574161,1.375225279,1.26409E-06,-0.807521449,0.050522906
Atp6v1f,-0.198959375,0.999574161,0.54666607,0.122921386,-0.473241343,0.35936563
Hif3a,0.097529533,0.999574161,-0.311874383,0.501164243,0.027700829,0.972143486
Utp20,-0.032247806,0.999574161,2.544393075,5.82443E-30,0.405102529,0.278403464
Ddx56,-0.216527828,0.999574161,1.929243117,2.14118E-15,-0.633297835,0.087623525
Bid,0.100213163,0.999574161,1.825903802,1.91779E-14,-0.971264185,0.003967271
Gab2,0.214145298,0.999574161,-0.540326028,0.225838213,0.217215004,0.771170517
Ctse,0.008985793,0.999574161,-1.675419752,9.1271E-09,1.283062302,0.001268106
Arhgef18,-0.228868226,0.999574161,-2.345272823,3.71038E-25,1.47114954,9.46303E-07
Nkg7,0.319230732,0.999574161,-0.472754521,0.495803008,0.900243054,0.291076407
Slbp,-0.030276691,0.999574161,0.640464131,0.003133259,-0.749930012,0.009814536
Aqp1,2.222377631,0.050025881,-0.350756561,0.766024165,-2.630082991,0.017018103
Cnn2,-0.115712608,0.999574161,-0.984560078,1.68854E-07,-0.147730222,0.685268064
Abca13,0.801317899,0.999574161,0.241030603,0.818401375,-0.25942788,0.850949385
Hdac9,-0.231150915,0.999574161,-0.247816123,0.385452826,-0.03054731,0.951893981
Adgre1,0.44321735,0.872308815,-0.201526546,0.617485483,-0.507858851,0.277720657
Mtfp1,0.233192458,0.999574161,2.858527147,7.04938E-12,-1.438509803,0.016726392
Pgf,-0.207849089,0.999574161,-0.429391858,0.828298581,3.69647283,0.031086962
Ulk2,-0.03736051,0.999574161,-0.396238119,0.044834456,0.129468327,0.712489098
Ccl24,0.649140604,0.89576735,-0.592431648,0.284583074,0.282624745,0.753741718
Grap,-0.13254908,0.999574161,1.661162559,8.1526E-19,-0.267858957,0.413479607
Pou1f1,-0.101785732,0.999574161,-0.166284468,0.944440182,3.447962428,0.054170612
Ap1s1,0.165991658,0.999574161,-0.177430396,0.629276861,-0.318495747,0.493334061
Lbr,-0.203965348,0.999574161,-0.078382807,0.84458345,-0.126060404,0.799736943
Nes,-0.437595475,0.999574161,0.310216455,0.828543452,1.77892059,0.205370962
Hdgf,0.098873617,0.999574161,2.622177939,1.24871E-33,-1.181137348,6.76966E-05
Thop1,-0.018406904,0.999574161,3.204806833,1.67505E-31,-1.422788275,0.000173861
Matk,-0.254663009,0.999574161,-0.617892871,0.003106614,0.304022753,0.364014541
Map2k1,-0.086651012,0.999574161,0.375326255,0.280015615,-0.512307409,0.266569495
Hspb1,-0.204378768,0.999574161,1.834959815,0.274312429,-0.158013202,0.959635107
Fxyd4,0.051566481,0.999574161,1.812200362,0.003080956,-0.154919351,0.900517657
Prkacb,-0.07893041,0.999574161,-0.257913362,0.276165229,-0.410911571,0.17547701
Sgsh,-0.062090215,0.999574161,-1.373062416,3.29673E-09,0.464660206,0.207411103
Wdr1,-0.145118632,0.999574161,0.031304521,0.942183515,-0.17323876,0.687920285
Slc2a9,-0.144565506,0.999574161,-1.57823655,2.49076E-08,4.045321766,1.05143E-33
Ndrg1,-0.233117138,0.999574161,-1.63168358,2.47537E-05,0.991749173,0.079396761
4930550C14Rik,1.000905349,0.999574161,1.623939611,0.151045654,0.853577969,0.624641476
Prdx2,-0.109276542,0.999574161,0.601630781,0.078291146,-0.661758169,0.157241305
Corin,-0.22156151,0.999574161,-0.118026762,0.912246074,0.012028267,0.991959035
Spc25,0.333448103,0.999574161,0.941868061,0.029091758,2.330219998,5.28174E-06
Dnah2,0.072448968,0.999574161,-0.370257409,0.677181617,1.780830198,0.043828531
Fgfr4,-0.801655586,0.999574161,1.013595274,0.552256125,0.597528647,0.818342135
Crbn,-0.184577225,0.999574161,-0.023093281,0.943331669,-0.205787471,0.483277564
Il5ra,-0.323234428,0.819239543,-1.415154227,1.23052E-12,0.678311101,0.018146561
Msh6,0.025632738,0.999574161,1.130607967,0.000111738,1.235270732,0.001588315
Tbl2,-0.017003237,0.999574161,1.188584802,1.46848E-11,-1.017396536,1.50859E-05
Nid1,0.328625032,0.999574161,-0.251866794,0.514092647,-0.636486334,0.153241119
Mcm5,0.117803756,0.999574161,1.955780897,3.2665E-11,-1.557309426,8.40359E-05
Hmox1,0.973056438,0.392679938,-0.590097688,0.290372573,0.856023744,0.241784083
Pafah1b3,-0.380538868,0.999574161,-1.743174543,1.68278E-07,0.819347445,0.101706583
Il27ra,-0.051305729,0.999574161,-0.443830479,0.014650149,-0.090798277,0.789854444
Prkaca,0.01171592,0.999574161,-0.080388345,0.846844161,-0.140969417,0.783504195
Asf1b,0.343562419,0.999574161,1.124196219,0.01176891,-1.591835798,0.006480605
Ddx39a,-0.124808773,0.999574161,1.483700537,1.66651E-09,-0.840919149,0.016722998
Dnajb1,-0.037811247,0.999574161,1.41348365,0.00344729,-1.3343357,0.046514789
Ndufs3,-0.113865485,0.999574161,1.236317968,4.10668E-05,-0.839740622,0.05276184
Insr,-0.178689376,0.999574161,-1.668563108,5.10105E-12,0.710608858,0.047013408
Fcer2a,-0.210904204,0.999574161,1.5119411,2.57306E-10,-0.283472153,0.510817092
Trim28,-0.160982001,0.999574161,1.762371265,1.33358E-09,-0.87697038,0.038820802
Adcy9,0.347736568,0.999574161,-0.873774255,0.03467645,-0.173419368,0.824885356
Mef2c,-0.221144846,0.999574161,-0.30310078,0.115889597,-0.346320208,0.188770733
Eif4g2,0.123382873,0.999574161,0.67597058,0.152301668,-1.078398926,0.073742281
Irag1,-0.033255272,0.999574161,-0.893035773,0.031828902,0.436991426,0.523008367
Pcyt1a,0.092279312,0.999574161,-0.55008048,0.003900672,-0.381161295,0.179094643
Zfp592,-0.113463662,0.999574161,-0.328931492,0.135254356,0.05465609,0.892728119
Insrr,-0.097450574,0.999574161,-0.476538517,0.611405057,2.192116909,0.021626592
Snx6,-0.043022683,0.999574161,0.785648734,0.001079478,-0.769439647,0.019127965
Mthfd2,0.093570265,0.999574161,2.603451734,1.04124E-18,-2.010155249,2.27291E-07
Tomm40l,-0.227629521,0.999574161,1.252808228,1.04148E-05,-0.432932867,0.356497225
Ampd3,-0.009822667,0.999574161,-1.199713002,6.27676E-07,0.444447852,0.247946913
Pard6a,-0.044341409,0.999574161,0.270135113,0.598931953,-0.584096077,0.349735144
Tfap4,0.146100835,0.999574161,2.911999877,5.54476E-41,-1.053082206,0.000532876
Ranbp1,0.117125765,0.999574161,3.047236154,2.61355E-48,-1.173988396,3.63092E-05
Psmb4,-0.217159326,0.999574161,1.297716371,0.000168677,-0.719715513,0.166237128
Mmp8,2.189876296,0.380381588,1.662482224,0.158525751,-0.202054216,0.925071066
Slc30a4,-0.244929332,0.999574161,0.638505088,0.010193732,-0.761209974,0.022050615
Sqor,0.365843498,0.999574161,-0.449463634,0.407468125,0.278987029,0.741007576
Gata6,-0.707339273,0.999574161,-0.302899819,0.886710806,1.132908206,0.628451694
Rsl1d1,-0.071990034,0.999574161,2.269058641,5.03596E-24,-1.15425675,0.000183273
Reep5,0.00482261,0.999574161,-1.275989063,4.43001E-08,0.200710133,0.649862924
Spo11,0.051314139,0.999574161,-1.464285255,3.46253E-05,1.105843806,0.023973778
Ctns,-0.174533511,0.999574161,-0.699550495,0.001404343,0.290700318,0.421566023
P2rx5,0.261292673,0.999574161,1.903109827,4.84308E-05,-0.820702084,0.269941214
Trpv1,0.675564732,0.999574161,3.680365554,0.308719167,1.56885947,NA
Tuft1,-0.150276707,0.999574161,1.563181805,1.61265E-09,0.158087996,0.762004667
Rcn1,0.060334717,0.999574161,2.280448627,2.50911E-24,-1.190656706,0.000109703
Trap1,0.023047824,0.999574161,1.658641089,4.16928E-17,-0.43092591,0.167608425
Atp5g1,-0.057378267,0.999574161,2.053466857,6.1215E-16,-0.898812052,0.014213508
Inpp5k,-0.622402199,0.024756712,-1.142656442,8.15436E-09,0.496029413,0.098020037
Eps8l1,0.050626858,0.999574161,-1.930124137,0.19227074,1.780846392,0.402970767
Prss16,0.072324086,0.999574161,0.488044116,0.521678151,-0.80954287,0.415317068
Epor,1.003721308,0.259753451,-0.129133881,0.860715163,-0.995777583,0.145231119
Ccdc159,0.044466342,0.999574161,0.535654656,0.726696938,2.848124497,0.052472053
Ttc5,-0.293940332,0.999574161,0.151385394,0.688901907,-0.145168525,0.780176718
Upk1a,-0.181237223,0.999574161,2.31683922,0.044157878,-0.612610765,0.771228648
Tmem147,-0.177319053,0.999574161,1.38714484,0.001110842,-0.45990582,0.533475284
Ggt5,0.343361737,0.999574161,-0.994565547,0.031429041,0.840946641,0.203198087
Ggt1,0.068849606,0.999574161,-2.044804917,0.133340446,2.149023685,0.243316074
Crip2,0.30598158,0.999574161,-1.404797816,0.00262036,2.705344243,2.2725E-06
Crip1,-0.228008536,0.999574161,-1.751709126,4.22615E-15,-0.365748743,0.33548196
Gcat,-0.219360269,0.999574161,1.664217382,0.00048801,-1.214617124,0.086170087
Tek,-0.450673315,0.999574161,0.780169396,0.472912108,0.745016515,0.63401528
Mpl,-0.234053323,0.999574161,-1.016559906,0.170684591,0.749526744,0.509261327
Nectin4,0.220217431,0.999574161,0.268451511,0.665781376,1.978730965,0.000650679
Neurl1a,-0.356065912,0.999574161,-1.187490081,0.248853216,1.034653979,0.494882415
Srm,0.201588044,0.999574161,2.816080827,6.79663E-55,-0.841790384,0.000943687
Epha2,-0.217973909,0.999574161,-0.053086652,0.919704797,4.863626409,9.26407E-45
Nsmf,-0.172685626,0.999574161,-0.58015315,0.015464347,0.142845205,0.748850581
Pdk1,-0.114658664,0.999574161,-0.17578541,0.382920628,-0.447806814,0.056222929
Mvd,-0.109040297,0.999574161,1.529815508,1.13899E-15,-1.111226201,1.72312E-05
Cryba2,0.11097325,0.999574161,0.487091252,0.769945341,0.725591425,0.737711197
Atp7b,0.903522218,0.999574161,2.033849439,0.028379733,-1.1939803,0.408868108
Slc4a1,-0.470697771,0.999574161,-1.100920689,0.611971067,-1.281564539,0.664595989
Slc4a3,-0.456540706,0.999574161,-1.450329254,0.051170105,-0.268027101,0.850949385
Snai3,-0.506381144,0.999574161,0.719822749,0.317058946,4.61764124,1.76123E-10
Aprt,0.034738267,0.999574161,2.390576732,7.14296E-11,0.613616159,0.314468839
Gtf2h1,-0.170134908,0.999574161,1.490619302,7.21099E-14,-0.695769362,0.015422758
Slc5a6,-0.117949966,0.999574161,1.909272452,4.42251E-12,-0.135994544,0.81267706
Pknox1,-0.183405737,0.999574161,1.307532469,4.94053E-05,-0.94932375,0.038435439
Gmnn,0.33820935,0.999574161,1.004635911,0.005204112,-1.50464282,0.001284311
Cyp27b1,-0.084785892,0.999574161,3.099423499,3.23229E-07,-0.703644624,0.519829166
Cdk4,-0.04762704,0.999574161,2.016158387,3.73902E-16,-1.285057687,0.000137797
Mettl1,-0.030499187,0.999574161,2.801111131,1.80195E-33,-0.624832226,0.079892559
Tspan31,0.230487885,0.999574161,-0.153546782,0.555783916,-0.219858204,0.522373919
Cnp,-0.135548376,0.999574161,-0.448343385,0.15718832,-0.175130733,0.746891641
Sulf2,-0.109360365,0.999574161,-0.611121405,0.190625485,3.534708544,3.66418E-13
Sod2,0.007460268,0.999574161,1.309311167,1.69911E-12,-1.040802883,2.77621E-05
Stambp,0.166660055,0.999574161,-0.696154364,0.148757243,0.724143622,0.283112858
Hap1,0.239656486,0.999574161,-0.365928233,0.445726119,-0.050040074,0.951893981
Hspa1l,0.065827971,0.999574161,1.604690954,0.00015076,-0.453225824,0.545713622
Msh5,-0.336993209,0.999574161,-0.883519712,0.009556364,0.647468565,0.198316942
Neu1,-0.14306528,0.999574161,0.225138687,0.234138412,-0.545918958,0.01525905
Ddah2,-0.505412264,0.999574161,-0.758287025,0.112387121,0.460979225,0.546558796
Atp1a4,0.450776625,0.999574161,3.396129134,0.292021077,1.243894585,NA
Casq1,0.27777528,0.999574161,2.12926655,0.037451147,0.085519667,0.968054408
Dennd2c,-0.113090915,0.999574161,-0.242723132,0.544615033,4.621530175,2.25631E-40
Gatad1,-0.083610664,0.999574161,0.064158075,0.841464517,-0.705999129,0.011529779
M6pr,0.005035344,0.999574161,1.357459337,9.99945E-10,-0.913897441,0.00316976
Tgfbr1,-0.060352977,0.999574161,0.122871959,0.607247926,-0.511055716,0.040289494
Gabrb2,-0.929668507,0.999574161,-0.76771023,0.59387326,2.549439206,0.101559253
Cav1,-0.699707344,0.999574161,-0.594116523,0.690663462,-0.194595323,0.932177529
Arpp19,-0.126761342,0.999574161,1.025813719,1.63179E-06,-0.712934095,0.018276327
Bcl2l1,-0.644452433,0.999574161,0.321123177,0.656534108,1.14240083,0.139177193
Ccdc124,0.178287195,0.999574161,2.018176013,1.51077E-18,-0.649125594,0.060897364
Cct4,0.02930551,0.999574161,1.702576759,7.98302E-12,-0.875898151,0.01405455
0610009B22Rik,0.119586263,0.999574161,1.028833809,0.030335811,-0.718509427,0.318232483
Cpt1c,-0.913179147,0.999574161,0.939201223,0.318002818,4.075896323,6.8383E-05
Zmiz1,0.004899762,0.999574161,-1.432054275,1.03632E-06,0.906142752,0.030512158
Ift43,1.362746642,0.774264544,-0.198564728,0.894723084,-0.555707899,0.741550185
Id3,-0.8491108,0.26458455,-1.172182862,0.002336625,0.176534607,0.815267947
Ctsd,0.765729396,0.259753451,-0.430835475,0.279469974,0.163008519,0.80673816
Hmgcll1,-0.592094732,0.999574161,-1.606428948,0.005161909,4.382245196,5.31712E-11
Abhd8,0.008690579,0.999574161,0.266926671,0.585080251,-0.258576508,0.709624623
Ift22,-0.334972892,0.930194188,-0.519927036,0.049174827,-0.40978728,0.300971644
Ap2s1,-0.077678527,0.999574161,0.532756327,0.087172004,-0.59644278,0.161688724
Brme1,-0.406742632,0.999574161,1.548747464,0.000219541,-0.261982859,0.75048766
Fbxw9,-0.119167306,0.999574161,-0.00657196,0.98988538,2.45176233,4.68231E-09
Cers4,0.023524841,0.999574161,-0.570046298,0.014556296,2.350066871,4.69047E-19
Snrpb2,-0.048755239,0.999574161,1.361230002,1.16826E-07,-0.916125257,0.011500656
Prpf31,-0.133222197,0.999574161,1.818394894,2.20405E-23,-0.633277726,0.01732079
Sertad1,-0.00272656,0.999574161,0.530180141,0.06703107,-0.606121593,0.125624179
Carhsp1,-0.120639578,0.999574161,-0.125170735,0.840674876,2.864401295,2.6738E-09
Elk3,-0.06304348,0.999574161,-0.235713061,0.274272505,-0.455445446,0.087093203
Nutf2,0.004997022,0.999574161,2.17111752,4.63943E-08,-0.928383686,0.125924441
Arpc5,-0.173202572,0.999574161,-0.151669521,0.639289856,-0.108788481,0.816430222
Rnf151,-0.154949306,0.999574161,1.275981549,0.410414311,-0.13187003,0.960797904
Mgst1,0.423314325,0.999574161,-1.516420497,0.000467675,0.90931429,0.15585819
Ubqln4,-0.083715786,0.999574161,1.683509101,8.38756E-12,-0.056052063,0.915662533
Cldn13,3.145904351,0.121645895,0.329534768,0.872303429,-3.127348171,0.081707053
Cd163,0.691835489,0.68012956,-0.223640747,0.687222014,0.25051186,0.741550185
Hdac5,-0.231918174,0.999574161,-0.796371175,1.26105E-05,0.348120852,0.224754641
Dynll1,-0.021760417,0.999574161,1.453871398,1.18649E-05,-1.056588786,0.023820337
Ap1b1,0.000466318,0.999574161,-0.028734207,0.938732421,-0.206725643,0.562806082
Gnat2,0.670548379,0.999574161,3.388907332,2.3381E-10,-0.976670447,0.251367019
Prr29,-0.293443361,0.999574161,-0.153500216,0.827290937,-0.134505632,0.884058669
Trpm5,-0.01648601,0.999574161,1.798440642,2.58839E-07,0.535122068,0.358235106
Trpm2,0.710328345,0.015617574,-0.070940434,0.841852084,1.104147382,0.000141752
Mpo,0.073302251,0.999574161,-0.782048073,0.28826388,1.104875078,0.251509179
Met,-0.36815101,0.999574161,-0.312446098,0.743499826,0.453986106,0.71872307
Syn2,-0.082641122,0.999574161,-0.465667074,0.573644437,-0.007668846,0.995285509
Nav1,0.21559605,0.999574161,-0.303894472,0.533863579,0.029714774,0.971844007
6330409D20Rik,0.241672378,0.999574161,-0.998071527,0.00158015,0.91768824,0.034548718
Fpgs,0.133687212,0.999574161,2.279242269,6.0553E-28,-0.731610287,0.015939137
Cbx5,0.10816492,0.999574161,1.627289854,2.29786E-10,-1.165535292,0.000951117
Tex15,0.472170626,0.999574161,4.173727886,2.8736E-13,3.845269547,1.26251E-07
Ppp2cb,-0.085209653,0.999574161,0.501285017,0.083651669,-0.540225323,0.177640062
Oit3,-0.518692732,0.999574161,-1.284795545,0.462661969,0.926018958,0.72881735
Fxyd5,0.42595936,0.809408331,-0.737107915,0.008238359,0.60992465,0.12407447
Kcnd1,0.505492625,0.999574161,1.756652691,6.54516E-05,0.012863733,0.989275208
Pou6f2,-0.25258813,0.999574161,-0.153509943,0.926674418,1.469475692,0.324517344
Pou6f1,0.251105827,0.999574161,-1.9510953,4.11973E-14,0.73078553,0.057487722
Sdhb,-0.115864745,0.999574161,0.924600848,0.0003771,-0.6883469,0.064083204
Nxf2,-0.626617607,0.999574161,1.137969287,0.373405493,0.982424038,0.608218217
Kif19a,0.06579459,0.999574161,-1.956862778,4.99982E-07,0.809091548,0.176694259
Aldh3a2,0.031241522,0.999574161,0.072155954,0.84335474,-0.364387752,0.325611126
Hyal2,-0.012947363,0.999574161,1.591534633,4.70685E-07,-0.352852308,0.53629587
Ifrd2,-0.042922688,0.999574161,2.835570326,8.38E-34,-1.053580444,0.001429348
Pifo,-0.171245832,0.999574161,-1.730868468,0.017002148,0.012703459,0.992224842
Tnfrsf13b,-0.12840822,0.999574161,-0.56766582,0.031533669,-0.788536236,0.022120914
Prox1,-0.143116945,0.999574161,-0.468416959,0.750618259,0.657486909,0.736974089
Tmem86a,0.438559001,0.999574161,-0.730525352,0.115239762,0.544968074,0.433594568
Myt1,0.163207556,0.999574161,2.616997411,0.011546876,0.412343077,0.838431135
Tsacc,-0.051677189,0.999574161,1.380540214,5.38224E-05,0.110959191,0.875142433
Mettl16,-0.055268666,0.999574161,1.691926828,6.53464E-19,-0.682209246,0.013259886
Psen2,-0.059976365,0.999574161,-0.309059199,0.129896941,-0.297762185,0.30787542
Fads1,0.739129107,0.158485181,0.908539199,0.002814782,-1.465015636,0.000165463
Lmbr1,0.014787607,0.999574161,-0.468332804,0.280161455,0.168236826,0.81885237
Cars,0.010721096,0.999574161,1.851804309,1.14647E-22,-0.595466963,0.033785608
Kdelr3,-0.219121214,0.999574161,-0.062353497,0.953093085,0.08307438,0.944240326
Apip,-0.014406723,0.999574161,0.130330466,0.738340513,-0.470670637,0.2685846
Mcoln2,0.06706506,0.999574161,-0.906407731,1.43739E-06,-0.867308548,0.000712021
Slc5a1,0.6756043,0.999574161,0.224296725,0.965684175,6.40361113,0.07012462
Tbrg1,-0.019578389,0.999574161,0.618161576,0.012451016,-0.822602198,0.011463089
Adssl1,0.073237795,0.999574161,-0.932530609,0.067648829,0.394277549,0.647762818
Cfap161,1.063059809,0.999574161,3.472116352,0.007762727,-1.176981139,0.598856381
Odc1,0.193701439,0.999574161,2.877498848,1.15239E-24,-0.403922559,0.411462797
Pabpc4,0.17603668,0.999574161,2.029895649,3.65243E-39,-0.471524943,0.042814629
Exoc3l2,-0.25918124,0.999574161,-1.233547192,0.185419538,1.772375163,0.137085254
Slc25a41,-0.714630661,0.999574161,0.860887294,0.665992315,1.876005634,NA
Pinlyp,-0.35370886,0.999574161,-1.926940268,0.187331297,4.505069801,0.004684135
Pgam1,0.031140182,0.999574161,1.885885102,7.00532E-12,-1.029548667,0.008401558
Evi5,-0.034086498,0.999574161,-0.411643231,0.031067857,-0.166317552,0.61169397
Evi5l,-0.127775052,0.999574161,-1.29667237,3.83253E-08,0.588829244,0.097566186
Scarf2,-0.413214543,0.999574161,0.233606556,0.828543452,3.662941151,2.79262E-05
Mogat1,0.753725483,0.999574161,-0.458102423,0.768790974,-1.423034187,0.433773288
Tmem167,-0.124499871,0.999574161,1.017322905,2.41178E-05,-0.770502892,0.022837729
Steap4,-0.131306664,0.999574161,-1.120681875,0.139120202,0.375524428,0.774866899
Kif11,0.602882196,0.76414849,0.56354512,0.179215131,-1.562640252,0.001438722
Rpa3,-0.188878457,0.999574161,0.757526702,0.021140713,-0.887207703,0.047082077
Mlkl,0.168880182,0.999574161,-0.684772527,0.157306056,0.532779837,0.463500943
Acp4,0.075258141,0.999574161,2.82613147,8.78993E-12,-1.28232232,0.035799975
Etv5,0.134270834,0.999574161,-0.848596114,0.023558083,1.423063123,0.00269317
Tmem190,0.009375321,0.999574161,2.227560451,8.22066E-05,-1.380965421,0.102889446
Enkd1,-0.402962822,0.999574161,0.345613326,0.671345989,-0.854871969,0.381475995
Atp6v0d1,0.051612093,0.999574161,-0.530823558,0.006111387,0.29836031,0.322224098
Ptprs,-0.491470133,0.872308815,1.683729399,1.04457E-07,0.054060529,0.938292831
Fer1l4,0.986139131,0.999574161,0.887012443,0.710920343,1.341668478,0.651861723
4931406B18Rik,0.039653524,0.999574161,-0.277079744,0.828543452,1.836197678,0.129006878
Zfp651,0.248393865,0.999574161,1.070636302,0.092589937,1.874544397,0.015512433
Card14,-0.191464308,0.999574161,-1.437822782,0.138108685,0.357974651,0.841113932
Snx31,0.596135581,0.999574161,-0.829388805,0.254301224,-0.162363989,0.899601215
Cad,0.127380356,0.999574161,2.214531438,7.34726E-18,1.488003028,1.59725E-05
Atad1,0.002964082,0.999574161,1.390562167,4.60524E-10,-1.056223806,0.000529691
Timm23,0.531911884,0.918919503,1.786267317,1.72612E-06,-1.322324893,0.011365184
Tnfaip8l2,-0.278707125,0.89576735,-0.857379406,9.36848E-06,-0.28595032,0.377036404
Trnt1,-0.162713122,0.999574161,1.06540028,1.23539E-06,-1.039802909,0.00042733
Elof1,-0.231259833,0.999574161,0.463017559,0.170611297,-0.477972141,0.316946211
St3gal1,-0.103964991,0.999574161,-1.013302893,0.005397855,-0.288788336,0.658130522
Mcemp1,-0.090138022,0.999574161,1.341745069,0.001081591,0.264377586,0.737099279
Dynlt2b,0.127324837,0.999574161,-0.180166872,0.694810395,-0.572466148,0.268096936
Chp1,-0.179688623,0.999574161,-0.619874327,0.006269424,0.125952493,0.768333413
Cacybp,0.095871166,0.999574161,2.509935186,1.76997E-14,-1.965873958,6.24433E-06
Ndufa2,-0.147814343,0.999574161,0.689095877,0.126345271,-0.434717708,0.540872376
Pam16,-0.106852094,0.999574161,1.483832193,1.25986E-07,-0.01965303,0.976378849
Mertk,0.354877121,0.999574161,-0.716264747,0.030554004,0.361941357,0.501369374
Piezo1,0.081893051,0.999574161,1.260293661,5.77448E-10,0.813942281,0.004252182
Blk,-0.101297313,0.999574161,-0.99734688,6.61065E-07,-0.177081026,0.636862722
Rnf166,-0.022425292,0.999574161,0.641820459,0.004481048,-0.744358172,0.01419306
Pkd2l2,0.011456112,0.999574161,-0.452664966,0.204842678,-0.038081785,0.955456305
Klra17,-0.933196619,0.872308815,0.317274154,0.714550476,-0.803994615,0.461651044
Wdfy2,0.245409266,0.999574161,-0.593109093,0.01961827,0.259354982,0.542222769
Csf1,-0.14748482,0.999574161,0.918704034,0.002637052,2.140194736,5.71452E-09
Kif1a,1.338859652,0.699567743,0.219212284,0.861037132,0.294845667,0.850949385
Slc25a11,-0.11171494,0.999574161,0.437926439,0.276848224,-0.524970212,0.340859458
Ceacam16,-0.427963297,0.572001815,-1.288851612,2.21692E-08,0.818330604,0.012617158
Ankrd53,0.025715454,0.999574161,0.960324919,0.193368593,-0.742391591,0.511051196
Pdcd2,-0.001232867,0.999574161,1.234431157,1.39496E-05,-0.911790386,0.023011823
Nol3,-0.262049653,0.999574161,-1.1852552,0.288006757,1.089620961,0.502068806
Slc9a5,-0.093415704,0.999574161,-0.176898785,0.761184989,-0.186299734,0.815433887
Adamts13,0.414340465,0.999574161,-0.681797292,0.514231443,0.571040094,0.706537554
Surf4,-0.027016705,0.999574161,0.810325877,0.000776348,-0.814951153,0.013041738
Surf2,-0.022464632,0.999574161,1.989941935,4.48741E-27,-0.779845573,0.003033856
Naf1,0.050744734,0.999574161,2.060791171,1.836E-19,-1.463028683,1.78223E-06
Ppp1cb,-0.165302704,0.999574161,0.230793579,0.518398436,-0.383074975,0.39783839
Trappc2l,-0.03320246,0.999574161,0.318681913,0.313192199,-0.565568206,0.154592569
Galns,-0.141092184,0.999574161,-0.632137101,0.000839321,-0.336438359,0.2545195
Gata2,-0.707484725,0.999574161,-0.627875309,0.666432728,1.078140582,0.561198961
Clic3,-0.337442474,0.999574161,0.000693136,0.998829977,-0.497998497,0.381112865
Slc25a13,-0.288252036,0.999574161,1.535947921,5.83299E-08,-0.439792618,0.360638411
Tsr3,-0.076081352,0.999574161,1.574587311,5.13924E-09,-0.670858895,0.100696885
Actn1,0.398116327,0.999574161,-0.939339151,0.014902941,0.599222166,0.30787542
Nolc1,0.074802456,0.999574161,2.893031501,1.45329E-63,-1.134729019,8.1607E-07
Map2,-0.141116444,0.999574161,-1.808453081,0.002069183,0.669111858,0.502493963
Abca1,0.119624539,0.999574161,-1.185082031,1.13497E-06,0.306592868,0.469105882
Nipsnap3b,-0.04882976,0.999574161,0.287640826,0.429525717,-0.629118485,0.14945933
Ubl4a,-0.163376588,0.999574161,1.193584472,9.36848E-06,-0.836776199,0.029069525
Gdi1,-0.044802278,0.999574161,-0.530072133,0.017251032,0.200353295,0.60224067
Sash1,0.206914989,0.999574161,-0.665229307,0.070200832,0.205186792,0.753971258
Slamf6,-0.12301482,0.999574161,-0.338683069,0.018492199,-0.138093465,0.572880196
Slamf1,-0.238273404,0.996443867,0.095961601,0.715381548,-1.004561095,2.27415E-05
Cybb,0.227363339,0.999574161,0.379969849,0.060463804,-0.956446999,6.99574E-05
Xk,0.162543044,0.999574161,0.27423434,0.341955949,-0.972136719,0.002601189
Pcolce2,0.274610594,0.999574161,-0.621147714,0.04637204,-0.011603864,0.985741789
Cd48,-0.082705936,0.999574161,0.378547963,0.247933917,-0.666123168,0.104466879
Cd83,-0.042222984,0.999574161,2.189493726,6.44694E-14,-0.455824548,0.358972058
Notch4,-0.32610923,0.999574161,-0.517527179,0.142003471,0.22624107,0.706596077
Ppt2,0.341653556,0.999574161,-0.4790972,0.249940971,0.081488563,0.911270126
Fam163a,-0.835413482,0.999574161,-0.156009539,0.970437943,3.108383424,NA
Hivep2,-0.11529997,0.999574161,-0.794926502,0.000241451,0.077595778,0.860387919
Itga2,0.147101726,0.999574161,-0.0982141,0.917764051,0.215506089,0.845846207
Atp6v0e,-0.01006013,0.999574161,0.219739577,0.422965041,-0.462682748,0.160415387
Zfp318,-0.058107997,0.999574161,-0.925296188,0.000109928,0.577181698,0.100175585
Ttbk1,0.26828681,0.999574161,-1.817745433,0.008060589,1.480261116,0.126894218
Hspa8,0.166767161,0.999574161,3.001994797,1.56628E-14,-2.172172337,3.39495E-05
Psma2,-0.157142443,0.999574161,1.311400218,4.48746E-07,-0.914430767,0.012332192
Plekho1,-0.293194984,0.86374204,-0.807336723,2.6052E-05,-0.12107182,0.748407198
Aph1a,-0.123098841,0.999574161,0.681465573,0.011456709,-0.67048735,0.072876039
Eps8,-0.352955324,0.980490136,-1.621398058,8.59736E-10,1.738916826,3.32916E-07
Med22,-0.166504839,0.999574161,0.446331516,0.194249593,-0.519537178,0.271432019
Med28,0.000161345,0.999883177,0.858118992,0.009093025,-0.918510864,0.040319813
Qdpr,0.059107591,0.999574161,1.397689472,1.92717E-05,-1.11076238,0.015071386
Gnrh1,-0.206247435,0.999574161,0.614898941,0.255570817,-0.771404791,0.308033909
Rxrg,0.006438257,0.999574161,-0.830350173,0.467929605,1.29680217,0.373032651
Rxra,0.171077165,0.999574161,-0.644859439,0.136999662,0.252530378,0.735742839
Cd5l,0.697613132,0.89576735,-0.380924893,0.551757101,0.249412979,0.791350071
Ncapg,0.614412864,0.89576735,0.631695922,0.203711532,-1.501964868,0.011376149
Lcorl,-0.224821302,0.999574161,0.510135998,0.048187169,-0.627504092,0.069514417
Lta4h,-0.016666593,0.999574161,1.168239448,1.91616E-05,-0.910656618,0.017096249
Dstn,-0.022751349,0.999574161,-0.092567225,0.842705274,1.916238707,1.56703E-07
Fcgr1,0.392434057,0.999574161,-0.747540931,0.073997599,-0.533751853,0.39947687
Wnt11,0.275055221,0.999574161,1.117032781,0.639289856,1.777595377,0.552476434
1700016C15Rik,-0.199033043,0.999574161,2.70649251,0.001142946,-0.89861102,0.542660867
Cacna1d,-0.443696359,0.999574161,-1.922703097,5.68933E-08,0.881723434,0.098503818
Chdh,-0.786096027,0.989002519,0.307328168,0.719166215,-0.363253079,0.758042965
Stk32c,-0.521606972,0.999574161,-0.218677552,0.884503654,0.674661875,0.693357878
Fli1,-0.149569104,0.999574161,-0.432376989,0.017703194,-0.106116132,0.753741718
Stard13,-0.009575151,0.999574161,1.381218217,0.233894974,-0.206597169,0.921222847
Camk1g,-0.476957815,0.999574161,1.394006963,0.149494685,0.967827259,0.519814294
Hsd11b1,0.399450119,0.849628748,-1.162565644,7.67532E-06,0.763334896,0.039909388
Syt14,0.025084071,0.999574161,1.686975077,0.0531396,-0.446168394,0.777560804
Atp5e,-0.255142113,0.999574161,0.746148553,0.064845008,-0.246510894,0.731876425
Tubb1,-0.444758158,0.999574161,-1.019818469,0.212127798,0.973900438,0.406530483
Slc25a5,0.004173882,0.999574161,1.330461953,1.70919E-06,-0.779883027,0.053903962
Ppdpf,-0.136928883,0.999574161,0.006495021,0.98694416,-0.523630716,0.206088478
Col20a1,0.613538525,0.646382587,2.289511799,6.711E-13,-0.510300116,0.340859458
Plgrkt,-0.172501779,0.999574161,-0.833302539,3.55142E-06,-0.026693388,0.947754019
Dyrk3,0.619844594,0.809408331,0.566856736,0.210091881,2.759135996,2.80699E-09
Il10,1.213179171,0.999574161,1.168174941,0.488942962,-0.433460581,0.870004979
Foxred2,0.00264128,0.999574161,2.23836614,4.61676E-18,-1.124170567,0.002017089
Eif3d,-0.055215802,0.999574161,1.957450588,1.7576E-20,-0.847860622,0.004837388
Phf21b,0.65020942,0.999574161,1.118560509,0.114204825,0.323885624,0.791350071
Cmah,-0.193095307,0.999574161,-1.034772144,5.58087E-07,0.193348617,0.615200806
Sulf1,-0.003432995,0.999574161,-0.246397951,0.833824336,0.148966628,0.924594669
Slpi,1.110802175,0.040246229,-0.278385961,0.590652343,0.040652467,0.960556051
Rbpjl,-0.448840494,0.999574161,-0.845801996,0.056176999,0.693426735,0.288230682
Sdc4,-0.190907822,0.999574161,0.375471066,0.146615796,-0.673990444,0.037440067
Il13ra1,-0.031695624,0.999574161,-0.027854102,0.970437943,-0.086162642,0.910723468
Brca1,0.091828239,0.999574161,0.585780913,0.074239337,-0.691421599,0.119845821
Mpp2,0.905018204,0.999574161,0.006836733,0.997075509,-0.013251315,0.995285509
Aldoc,-0.102312785,0.999574161,-0.914339005,0.019081803,-0.491560092,0.441303791
Stac2,-1.010019031,0.175858798,-3.731559256,3.52126E-19,2.008832074,0.000468374
Cacnb4,0.133992982,0.999574161,-0.797113111,0.010672207,0.112581362,0.855071857
Plxdc1,-0.958937082,0.780405051,-0.883322657,0.197563184,0.582615925,0.591120117
Timp2,0.383228308,0.999574161,-0.909515119,0.013331736,0.313634764,0.624158935
Cdc6,0.853246132,0.65067145,1.595431492,0.000813994,-2.008241216,0.001421297
Crlf3,-0.142991586,0.999574161,-0.507380374,0.011456709,0.054324647,0.891245525
Mmp9,1.973603805,0.150455003,-0.0039503,0.997303674,0.054787047,0.975924207
Pltp,0.226524945,0.999574161,-1.443461654,1.41616E-08,0.663232956,0.079235273
Ctsa,0.112120565,0.999574161,-0.461733123,0.005938187,-0.426919356,0.06848233
Spata25,0.452603329,0.999574161,0.047773005,0.973583214,-0.653034768,0.618967907
Myo1c,-0.278178197,0.93754633,-0.375571936,0.095807633,-0.047440136,0.909924459
Retreg3,-0.140997881,0.999574161,-0.170797153,0.58595207,-0.106849554,0.81885237
Dhx58,0.096159327,0.999574161,-0.602257032,0.024090483,0.123019769,0.805670204
Nkiras2,-0.233520393,0.999574161,0.407686692,0.133944225,-0.489533405,0.185854255
Eya2,-0.528180436,0.999574161,-0.669708683,0.454202838,1.065713194,0.355270925
Gdap1l1,-0.77749102,0.999574161,4.529459309,0.032857458,1.399527513,0.714191185
Ptgis,0.642057198,0.813611775,-1.144489435,0.009980125,-0.306576652,0.706088486
Ddx27,-0.031443701,0.999574161,1.709781839,7.71522E-32,-0.59325757,0.004503517
Cyth4,0.055227015,0.999574161,-0.937843765,7.70523E-15,-0.009447207,0.973544975
Rac3,-0.145439474,0.999574161,0.116422041,0.857696646,4.497294444,3.35645E-22
Rrp7a,-0.049468598,0.999574161,1.749177143,1.33472E-23,-0.880197269,0.000266407
H2bc4,-0.079583103,0.999574161,0.162924473,0.742735669,-0.695464167,0.177969389
Ikzf3,-0.249868367,0.999574161,-0.650610747,0.003172213,-0.474979478,0.138453626
Mfng,-0.125957134,0.999574161,-0.042296583,0.901291705,-0.387553322,0.20734931
Gdf9,-0.446435149,0.999574161,2.10965164,0.081067298,0.376028535,0.869303557
Psmb6,-0.172740185,0.999574161,1.578272312,2.75593E-09,-0.731043473,0.063658126
Pfn1,-0.146306939,0.999574161,0.51588018,0.035788333,-0.630741366,0.054492064
Tomm34,0.122407608,0.999574161,0.398094051,0.039181697,-0.671185036,0.006249539
Ksr1,0.192024962,0.999574161,1.322958065,2.91033E-15,0.694428034,0.003202234
Anxa6,-0.108563885,0.999574161,-1.800754763,3.61006E-26,-0.200967602,0.523008367
Kpna2,0.18847688,0.999574161,1.951832652,4.69524E-13,-1.543728553,1.7776E-05
Cuedc1,-0.316666156,0.999574161,0.225428418,0.650337539,2.20611994,8.1607E-07
Srsf1,-0.068325604,0.999574161,1.324009227,5.37937E-07,-0.953910068,0.009912588
Abi3,-0.078546069,0.999574161,-0.931229782,0.000125905,-0.235421961,0.592303934
Shroom1,0.002344109,0.999574161,-0.591054935,0.231146374,0.238742895,0.772871116
Septin8,0.902705199,0.717430316,-0.375249208,0.602297338,0.210133932,0.845716034
Mrm1,-0.191545747,0.999574161,1.563000872,4.90148E-06,-0.67418184,0.207497066
Gid4,-0.118689867,0.999574161,1.606745062,1.95619E-12,-0.685859115,0.042057636
Ypel2,0.147173129,0.999574161,-1.549655935,6.0828E-07,1.317828583,0.001722498
Akap1,0.034351982,0.999574161,3.329510042,2.61148E-28,1.409047778,0.000801628
Nol11,-0.058967969,0.999574161,1.722806498,1.13206E-13,-0.491706445,0.181374694
C1qbp,0.32370074,0.68012956,2.024233538,1.24187E-32,-0.474471899,0.067125609
Rpain,-0.430268367,0.89576735,-0.068415555,0.8939038,-0.209494895,0.718987911
Slc13a3,-0.837887991,0.999574161,-2.080953176,0.00628155,1.618023931,0.140633912
Kcnab3,1.389091636,0.989253296,0.370805029,0.828543452,-0.400760177,0.855071857
Chd3,0.14855685,0.999574161,0.235920512,0.360297787,-0.5756608,0.056534897
Kdm6b,-0.093010273,0.999574161,1.050275927,0.011900226,0.911015261,0.123168565
1700001P01Rik,-0.068373347,0.999574161,1.896600084,0.021406442,-0.799273871,0.571340766
Trim37,0.025494262,0.999574161,2.166365503,1.12553E-28,-0.522936958,0.08027765
Elp5,-0.094326318,0.999574161,1.796389119,4.02864E-13,-0.566066844,0.142205233
Slc2a4,0.398244259,0.999574161,-4.420232266,0.03170228,6.485622686,0.005056466
Gabarap,0.000843309,0.999574161,0.106150027,0.763101275,-0.349875356,0.370353144
2810408A11Rik,-0.581367092,0.892199085,-0.498570924,0.30138509,0.359912337,0.63401528
G3bp1,0.001700015,0.999574161,1.994931825,6.35E-23,-0.917058758,0.00122899
Atox1,-0.04827145,0.999574161,-0.213110739,0.665829551,0.165096247,0.814680949
Sparc,-0.651976638,0.999574161,-0.511798382,0.530635335,0.721074992,0.505552102
Mief2,-0.319295622,0.930194188,0.126344129,0.700086626,-0.225430388,0.592303934
Tbx3,-0.037302278,0.999574161,0.809862589,0.691424063,1.076499082,0.691603285
Crhr1,-0.237539379,0.999574161,-0.142283242,0.95894165,1.529090192,0.526633664
Tada2a,-0.080330692,0.999574161,2.14882328,3.1351E-18,-0.628262674,0.099771406
Ikzf1,-0.10891117,0.999574161,0.344699065,0.032037072,-0.908528083,1.84608E-06
Pnpo,-0.290424929,0.999574161,0.729661085,0.021449046,-0.435231053,0.37919017
Copz2,0.504473242,0.999574161,-0.609367162,0.401273726,0.459380817,0.667595629
Slc25a39,-0.340006619,0.999574161,1.517410885,0.000137152,-0.570673882,0.383611906
Aatf,0.04497832,0.999574161,2.236575214,5.72913E-66,-0.868054994,6.51041E-07
Lhx1,-1.45514063,0.999574161,-1.176035142,0.585423979,3.636315489,NA
Slc25a35,0.354394667,0.98608747,-0.137632942,0.731257909,-0.240440051,0.635568785
Zbtb4,-0.095454234,0.999574161,-1.437124404,5.09051E-14,-0.341063423,0.280489754
Atp5g3,-0.032911447,0.999574161,1.176503143,0.000676006,-0.890632463,0.071983994
Cd68,0.65569489,0.470137765,-0.257110256,0.556402215,-0.049397916,0.945296251
Acsl1,-0.063112417,0.999574161,0.269858505,0.317942768,-0.621804746,0.053274323
Lsp1,-0.277447162,0.93754633,-0.622171014,0.002675268,0.445037129,0.140566434
Myh11,-0.131967158,0.999574161,1.316924619,0.076708591,0.607201666,0.624641476
Fndc8,0.184605692,0.999574161,2.317527161,0.000105476,-1.716686333,0.047913125
Pank3,-0.143733395,0.999574161,1.471240465,2.27072E-06,-1.375012388,0.00109106
Rars,0.122405288,0.999574161,2.038133406,1.64732E-33,-1.154616891,2.47354E-07
Slc22a5,-0.153511807,0.999574161,-0.188330819,0.60374238,-0.316556999,0.495212028
Arrb1,0.079526106,0.999574161,-1.706879649,2.10403E-12,0.141114829,0.774489959
Alox15,-0.029783622,0.999574161,0.382861392,0.796453818,2.068504245,0.154601413
Ccl6,0.502799547,0.999574161,-0.513569384,0.410270272,0.538497591,0.5408616
Ccl4,0.512449902,0.999574161,-0.573413655,0.609762478,0.146143147,0.933868523
Natd1,-0.070284474,0.999574161,-1.038184142,4.08052E-05,0.831364654,0.018135787
Ywhah,0.127465855,0.999574161,0.876881815,0.001300434,-0.99426632,0.006553216
E2f2,-0.350437007,0.892199085,-1.031756626,1.31872E-05,-0.325263059,0.417202896
Fis1,-0.175385245,0.999574161,0.316513751,0.35954457,-0.298097283,0.550608022
Rab3d,0.179305677,0.999574161,-0.947795275,0.010603048,0.471954891,0.427456867
Mfsd3,-0.316392847,0.999574161,0.929615332,0.031073523,-0.228668255,0.772871116
Dnase1l1,-0.153968235,0.999574161,-1.214319824,5.9815E-05,0.500519437,0.304658679
Isyna1,-0.031644271,0.999574161,1.587388194,7.19402E-08,-0.818812473,0.059207083
Tmem160,-0.287068248,0.999574161,-0.11811941,0.811821334,0.08463061,0.899601215
Lhx9,-0.064193881,0.999574161,-1.132825841,0.19945476,1.911628493,0.084356401
Tmem129,-0.099876796,0.999574161,0.455400698,0.207296117,-0.567080968,0.247771604
Atp6v0a1,-0.042207555,0.999574161,-0.640495387,0.000589036,-0.584894213,0.023219966
Grb7,0.123253026,0.999574161,-0.519560632,0.131197761,-1.057503577,0.014015385
Noxo1,0.061124773,0.999574161,-0.855624428,0.20788769,1.89102045,0.018565236
Gdpd2,-1.0207536,0.999574161,0.115384205,0.950906193,0.733219863,0.686208615
Calm3,0.095421655,0.999574161,0.845456779,0.0022437,-0.884583311,0.018181781
Ffar3,0.339335397,0.999574161,1.822303091,0.001246261,0.146045681,0.899236651
Tlcd1,-0.008121772,0.999574161,1.64745175,4.05847E-11,-0.724406718,0.051036793
Arhgef25,0.207927326,0.999574161,0.639115419,0.648711003,-0.042484334,0.985166063
Rab4a,0.424424632,0.999574161,-1.100234488,0.140047132,0.391936043,0.759863457
Trip10,-0.228818128,0.999574161,0.590416274,0.045246275,-0.641866797,0.120124545
Rcn3,0.171223251,0.999574161,-1.198748917,0.017350206,0.357297166,0.693037448
Arid3a,-0.256128455,0.999574161,0.128756769,0.651141079,-0.913713043,0.000793827
Akt3,-0.306872152,0.562293227,-0.513906056,0.001799114,0.14633268,0.620179846
Lyst,0.027558811,0.999574161,2.056428089,1.98726E-38,-0.753584188,0.000678811
Calr3,-0.073139778,0.999574161,1.504648878,0.004853846,-0.92014508,0.266539248
Syne4,0.257704701,0.999574161,1.894809104,2.83006E-05,0.489170445,0.541782009
Polr2i,0.032026923,0.999574161,1.254088264,4.93657E-05,-0.761841204,0.095744156
Esr1,0.180433493,0.999574161,-1.313704592,6.28445E-06,1.159421544,0.003240677
Fbxo5,-0.092655575,0.999574161,0.561862657,0.103088201,-0.576634917,0.235755933
Hdac2,0.039882529,0.999574161,1.703331748,4.13479E-15,-0.494068657,0.145167332
Rwdd1,-0.080130553,0.999574161,1.418014206,2.68643E-11,-1.058337227,0.000266407
Hint3,-0.077623567,0.999574161,-0.220031644,0.602904451,-0.171171739,0.778971132
Lrp11,-0.030201605,0.999574161,1.837143469,6.79615E-07,0.945895918,0.084356401
Nr2e1,0.492202409,0.999574161,-1.122669801,0.533092298,2.229435221,0.294697479
Aig1,0.126277114,0.999574161,-0.429533839,0.005305734,0.045315702,0.881632416
Fuca2,0.140054553,0.999574161,-0.645673005,0.009008049,0.186238074,0.675191712
Ltv1,-0.086084186,0.999574161,1.94190582,3.35746E-34,-0.524654201,0.025953635
Plagl1,0.441998917,0.999574161,0.411110496,0.863442983,2.544638755,0.255734275
Cd164,0.157433665,0.999574161,0.394657134,0.123823857,-0.755237766,0.017018103
Utrn,0.058983523,0.999574161,-1.446490866,3.13972E-08,2.517182645,5.12352E-15
Smpd2,-0.149646739,0.999574161,-0.705211656,0.005668854,-0.412894473,0.297534207
Mical1,-0.045628185,0.999574161,-1.163635632,1.84274E-10,-0.351268781,0.234203292
Rab32,0.44053796,0.999574161,-0.274966305,0.617294056,-0.139437319,0.865383281
Gtf3c6,-0.016222963,0.999574161,1.715630313,1.45538E-17,-0.50054122,0.1080783
Slc16a10,0.416594383,0.930194188,-0.554898508,0.100732797,-0.059053449,0.926377179
Fyn,0.172582921,0.999574161,-0.851035599,3.42046E-05,0.794793951,0.00450927
Lama4,0.25356753,0.999574161,-0.305601006,0.831772175,0.686911391,0.689849394
Tnfaip3,-0.088212082,0.999574161,1.959195809,2.23475E-24,-0.022328792,0.959686777
Arfgef3,1.67278088,0.999574161,-0.06535476,0.979838575,1.048742155,0.732639635
Asf1a,-0.087428188,0.999574161,0.642783664,0.018183874,-0.73443114,0.046564442
Qrsl1,-0.171062366,0.999574161,0.577324416,0.050842469,-0.521611027,0.218509054
Smpdl3a,-0.079704882,0.999574161,-1.765107615,7.47697E-07,0.392159805,0.542222769
Lama2,-0.918985507,0.999574161,0.287351623,0.879599189,0.91350221,0.667595629
Lims1,-0.128588078,0.999574161,-0.137751268,0.680068202,-0.073765181,0.877805471
Ube2d1,-0.013365548,0.999574161,-0.512520934,0.003314682,-0.138053945,0.663078301
Cdk1,0.569180232,0.892199085,0.378854727,0.435482935,-1.410971024,0.007944843
Atp2b1,0.006512452,0.999574161,0.051113266,0.77502091,-0.432411998,0.008292946
Rhobtb1,0.478325376,0.989002519,-0.662930762,0.109274613,0.518814866,0.397113896
Actr6,-0.128722478,0.999574161,0.86988665,0.001432279,-0.841283205,0.025897728
Uhrf1bp1l,-0.056461555,0.999574161,0.278871513,0.085130377,-0.637275125,0.001166422
Poc1b,-0.040271239,0.999574161,-0.466757704,0.021652474,-0.252456881,0.439194311
Dusp6,-0.294613787,0.999574161,0.08894422,0.812905543,-0.439121527,0.248182881
Kitl,0.814275727,0.572809752,-0.225874437,0.719579718,-0.168559821,0.850665531
Sgk1,-0.011507309,0.999574161,-0.78894477,0.004260695,0.559064253,0.166722477
Cep290,0.531534018,0.747306229,-0.372432758,0.343521876,1.627023531,8.71847E-05
Epb41l2,0.001912444,0.999574161,-0.10047894,0.699387769,-0.392961128,0.153172689
Apaf1,-0.146471075,0.999574161,-0.791790679,0.004448156,3.858235963,1.18207E-34
Myb,-0.604611204,0.756693352,1.431047584,8.46094E-05,0.149654045,0.84161276
Ahi1,-0.161319089,0.999574161,0.110242639,0.848846006,2.59940887,6.67205E-09
Ccn2,-0.438744853,0.999574161,-0.310215748,0.816836109,0.386749513,0.825659172
Stx7,-0.05219715,0.999574161,-0.420997805,0.039181697,-0.331852196,0.268929768
Vnn3,0.261734407,0.999574161,-0.739418786,0.121461312,0.105164305,0.905442521
Hal,0.249198553,0.999574161,0.615143056,0.462670029,1.14331832,0.267987724
Snrpf,0.1774944,0.999574161,2.395487256,1.32257E-23,-0.793255375,0.023896629
Fgd6,0.134927574,0.999574161,-0.719587289,4.33004E-05,0.154523462,0.634022126
Ndufa12,0.104197674,0.999574161,2.350006523,2.36149E-20,-0.962105118,0.00844767
Nuak1,0.122146844,0.999574161,0.914599624,0.008120131,-0.942220375,0.047507869
Tcp11l2,-0.308149391,0.86374204,-2.585559439,1.07007E-39,1.1695131,9.75119E-06
Igf1,0.530498658,0.93754633,-1.34193007,0.0006868,0.477775008,0.474336128
Mybpc1,0.421096934,0.999574161,-1.209331915,0.108467192,0.403143034,0.757479202
Slc5a8,-1.072848575,0.999574161,1.58906027,0.556097489,3.369523624,NA
Ddx21,0.127603661,0.999574161,2.352835622,3.3395E-69,-0.73265189,6.61451E-05
Srgn,-0.02374007,0.999574161,-0.319638239,0.214283281,-0.526757874,0.107622982
Supv3l1,-0.040906965,0.999574161,2.079279361,3.40369E-55,-0.566608972,0.002952796
Hkdc1,-0.500673267,0.999574161,1.775873852,0.492975783,2.310599443,NA
Macroh2a2,0.184732434,0.999574161,1.361607035,0.001543432,2.791995829,4.33421E-08
Sar1a,-0.023385621,0.999574161,1.528056347,2.34322E-09,-0.901224526,0.013218445
Ppa1,0.170683893,0.999574161,3.409697464,1.58171E-21,-1.693350022,0.00066114
Pald1,-0.230663359,0.999574161,-0.84660454,0.122409586,0.592883414,0.480802636
Vsir,0.348892208,0.809408331,-0.986303942,6.30559E-06,0.552232338,0.086246676
Slc16a7,0.000642709,0.999574161,-1.085989609,4.50532E-08,0.83379696,0.002242168
Ddit4,0.677495613,0.86374204,0.152035671,0.827534924,2.57345797,5.2383E-06
Cand1,-0.035553235,0.999574161,1.305785012,6.44216E-10,-0.933613031,0.001353202
Pno1,0.028157019,0.999574161,2.842382652,1.10046E-33,-1.015749212,0.00234894
Srgap1,-0.261211955,0.999574161,-0.606142701,0.664206097,0.990799481,0.578192653
Elane,5.627965099,0.424737482,3.483514212,0.280507345,-5.299437525,NA
Vps54,-0.19218309,0.999574161,-0.086212006,0.776499618,-0.272692453,0.421921835
Pcsk4,-0.271346344,0.999574161,1.831302489,2.11926E-05,-0.630806187,0.386423883
Peli1,-0.215340735,0.999574161,-0.847832,2.95401E-05,0.272065923,0.428442504
Lgr5,-0.198778251,0.999574161,-0.903891735,0.058237876,0.944590985,0.151210764
Slc1a4,0.455173632,0.999574161,4.595310798,7.08835E-30,-2.851012105,9.03532E-08
Ptprb,-0.550414475,0.999574161,-0.947251896,0.249133885,0.671378833,0.597309674
Pwwp3a,-0.040131436,0.999574161,0.493661847,0.02448869,-0.760726511,0.007152201
Uqcr11,-0.149719305,0.999574161,1.451362515,2.01139E-06,-0.790493787,0.080462987
Tcf3,-0.278355563,0.999574161,0.23342249,0.460630334,-0.471063336,0.221774813
Rab36,-0.514821087,0.999574161,-0.493511727,0.680830813,0.560921315,0.736359624
Grb10,0.12301857,0.999574161,-0.226205562,0.850932702,2.600047896,0.011463089
Snrpd3,0.132090169,0.999574161,2.004788923,6.43875E-15,-0.256312005,0.598678476
Cpm,-0.143217169,0.999574161,-1.272522401,6.94709E-07,0.067882391,0.900523395
Mdm2,-0.074295708,0.999574161,-0.006860495,0.9813524,3.052092912,8.4703E-41
Csrp2,-0.629738267,0.774264544,-0.998635759,0.015301627,0.893790483,0.125723361
Osbpl8,-0.027348394,0.999574161,0.44856792,0.012504473,-0.6442912,0.005834034
Phlda1,-0.706005367,0.89576735,0.121161406,0.879599189,2.675425377,1.35255E-05
Glipr1l2,-0.229866232,0.999574161,-1.349367094,0.428915773,3.408960678,0.070910183
Jsrp1,0.570966644,0.999574161,2.48036593,0.131168873,-1.045369206,0.706596077
Timm13,-0.012227512,0.999574161,1.509926784,1.53232E-06,-0.791160516,0.090692941
Llph,0.048093968,0.999574161,2.002902434,9.3256E-34,0.080524683,0.818099348
Irak3,0.046070476,0.999574161,-0.711913908,0.012032113,0.396128249,0.372267526
Dip2a,-0.126931457,0.999574161,-1.397416829,7.62178E-08,0.278197614,0.558908289
Nfyb,-0.105718232,0.999574161,0.849753683,0.006064463,1.881848334,5.32031E-07
Txnrd1,0.400874635,0.675624227,1.000552756,6.29491E-06,1.018744473,0.000574358
Ppm1m,-0.147981204,0.999574161,-0.689655748,0.001542627,0.093317096,0.83035407
Hint1,-0.00733325,0.999574161,1.029643584,0.000966278,-0.857588926,0.051004874
Stk10,-0.032417633,0.999574161,-0.864913878,6.6612E-08,0.254211509,0.340159834
Il9r,0.451740479,0.997734041,0.369080474,0.393947289,-0.837241169,0.101571505
Rhbdf1,0.710558832,0.417043682,0.334446573,0.447659575,-0.748060267,0.151815126
Ahsa2,-0.011071383,0.999574161,1.383682808,0.002586738,-1.927777256,0.001268106
Hbq1a,-3.335333645,0.999574161,-1.549606814,0.765518337,1.653881808,NA
Cdc34,-0.056334352,0.999574161,1.586297103,9.40896E-09,0.730638839,0.076127986
Tpgs1,-0.079267745,0.999574161,0.417747146,0.26397645,-0.482054539,0.353383224
Sptbn1,-0.045721967,0.999574161,-0.667064911,0.00048715,0.063569126,0.869701041
Theg,1.011155976,0.999574161,-0.854013919,0.663167424,0.040701658,0.989275208
Mdh1,0.014276753,0.999574161,0.301140287,0.427108358,-0.674987088,0.132938993
Fstl3,0.292900331,0.999574161,-1.32466831,0.04637204,1.181300939,0.204931263
Ccng1,0.302749313,0.999574161,0.188086255,0.608108162,3.802146284,8.91622E-34
Nudcd2,0.034947028,0.999574161,1.395311639,1.35375E-08,1.37215693,2.20871E-05
Slc22a4,0.630561038,0.999574161,-0.236459731,0.887426639,-0.244830391,0.905442521
Mgat1,-0.179279699,0.999574161,0.005785444,0.989368858,-0.154191794,0.779818222
Flt4,0.057211013,0.999574161,-0.492933184,0.611971067,0.687483976,0.592303934
Hnrnpab,0.106021343,0.999574161,1.589362377,3.64733E-19,-0.91711962,0.000159557
Hspa4,0.047650564,0.999574161,1.880035467,1.44711E-16,-1.168707207,0.000167277
Canx,0.181272776,0.999574161,1.824778513,6.09534E-11,-0.230152484,0.66818087
Rufy1,-0.051911883,0.999574161,-0.125345591,0.576287972,-0.193009012,0.508266563
Rnf130,0.050610283,0.999574161,-0.27910754,0.209226352,-0.381958017,0.195515651
Sar1b,0.019588727,0.999574161,1.180307096,0.000441687,-1.120979744,0.015071386
Pdlim4,0.04578308,0.999574161,-0.424402505,0.570632124,0.253275585,0.8216227
Cdkn2aipnl,-0.082361914,0.999574161,1.047005248,5.89526E-05,-1.062710088,0.002601189
Nefh,0.375442246,0.999574161,3.826101803,1.82201E-37,-0.557766402,0.256740674
Havcr2,0.287807382,0.999574161,0.102713313,0.905599292,-0.125295952,0.905442521
Fam71b,0.796886602,0.999574161,0.853557261,0.585423979,0.845311136,0.693037448
Tns3,0.460563234,0.892199085,-0.048870697,0.931434608,-0.164880046,0.788066826
Btg2,-0.077523349,0.999574161,-1.020141369,0.000653192,1.968188837,9.24062E-08
Igfbp3,-1.204645046,0.999574161,-0.180341074,0.933617584,1.869851099,0.333727635
Pes1,-0.154786941,0.999574161,1.857423995,9.69839E-24,-0.819205473,0.001680957
Adcy1,-0.921530155,0.999574161,-0.297809171,0.841646351,1.977052873,0.164453108
Tcn2,0.379795044,0.89576735,-0.812861598,0.002834324,1.249164189,0.000321164
Guk1,-0.130954419,0.999574161,1.574313402,2.08852E-10,-0.620962962,0.099886577
Npc1l1,0.018550891,0.999574161,4.494608402,9.02468E-08,-0.763264232,0.629744206
Cfap36,0.059872911,0.999574161,-0.212790071,0.329456752,-0.258979583,0.386595552
Pold2,0.028728212,0.999574161,2.091562451,1.41307E-19,-1.335584543,1.81002E-05
Aebp1,0.104756505,0.999574161,1.822850671,0.000438304,-0.235829053,0.819556515
Ankrd36,1.731880739,0.999574161,1.776178946,0.618736913,1.307809115,NA
Xbp1,0.494282043,0.89576735,0.507762475,0.20066436,-0.849349285,0.0909521
Ska2,-0.006381178,0.999574161,-0.26665859,0.318002818,-0.039234477,0.935168082
Rnf187,0.003289702,0.999574161,0.793224585,0.01613209,-0.68430959,0.144206015
Galnt10,-0.086727742,0.999574161,-1.254827085,3.62613E-10,0.297806354,0.38313611
Gria1,-1.533639141,0.999574161,-1.263581872,0.837869544,7.338401662,NA
Ppm1d,-0.083082631,0.999574161,-1.03414E-05,0.999962651,2.607592773,4.68451E-20
Myo19,-0.043815284,0.999574161,2.010573784,3.26061E-20,0.050556207,0.915396064
Acaca,-0.077178856,0.999574161,1.870640027,3.11976E-24,-0.596487667,0.028137426
Shmt1,-0.09518476,0.999574161,2.936122384,2.93169E-46,-1.385009526,4.32476E-07
Drg2,-0.114205371,0.999574161,1.734359996,5.45954E-09,-0.44201511,0.380695457
Myocd,0.39096991,0.999574161,0.114893817,0.957735639,1.184015609,0.532113492
Bzw2,0.207317707,0.999574161,2.637119522,4.87171E-29,-1.305200785,4.75478E-05
Elac2,-0.051849498,0.999574161,1.78039628,2.52751E-22,-0.932738358,0.000224249
Polr1f,-0.10726614,0.999574161,1.460964046,3.68746E-12,-0.875018437,0.003039595
Atxn7l1,0.075546704,0.999574161,-1.504552567,7.77888E-11,0.673270403,0.04849576
Sypl,-0.055859175,0.999574161,-0.653575578,0.000343938,-0.118424791,0.737418348
Pdia6,0.263594411,0.999574161,1.475266908,1.12781E-07,-1.003694252,0.010294466
Nampt,0.110365584,0.999574161,1.705649227,1.20971E-14,-0.975999983,0.0015605
Pik3cg,-0.158803422,0.999574161,-0.777928361,0.002104177,-0.231377073,0.607339762
Tspan13,0.141483295,0.999574161,-0.943660282,6.77703E-07,0.253659603,0.437410779
Cyria,0.252532061,0.999574161,-0.714241091,0.000861969,0.749692251,0.009674815
Sdc1,0.483029546,0.915364898,-1.465636847,2.52178E-05,2.638295918,5.90036E-10
Lpin1,0.203353013,0.999574161,-1.230214475,2.0885E-05,4.669330949,5.41016E-44
Trib2,-0.412343766,0.989253296,-0.645052826,0.061034486,2.703357961,1.47773E-12
Apob,-1.767717376,0.999574161,0.075768691,0.983676578,4.982899879,NA
Amz2,-0.219047938,0.999574161,-0.10393491,0.778651835,-0.442623787,0.254853256
Gna13,-0.097959119,0.999574161,0.281351076,0.375785166,-0.639470198,0.089347393
Map2k6,-0.152381192,0.999574161,-1.22009788,6.56223E-08,0.283407384,0.47923108
Klhl29,-0.744699539,0.999574161,0.860115708,0.350182686,0.941662376,0.468635428
Cmpk2,-0.400082867,0.999574161,-1.749862504,9.74733E-08,0.353763304,0.553733545
Pfn4,0.83421692,0.999574161,3.485348641,0.031544281,-2.140040797,NA
Rsad2,-1.02260002,0.999574161,-1.340138488,0.33270749,0.423042755,0.856351236
Rnf144a,0.003562659,0.999574161,-2.851765516,9.00662E-28,2.047641713,1.18415E-09
Mboat2,0.31353258,0.999574161,-0.801660898,0.598081832,-0.494860683,0.830235543
Dus4l,0.132770118,0.999574161,2.943691263,3.71038E-25,-1.300165919,0.0011231
Rrm2,0.777436428,0.582542702,0.69847838,0.135344059,1.728526841,0.00180139
Klf11,-0.103324174,0.999574161,-1.310726985,4.25776E-05,1.011065528,0.024032764
Grhl1,0.477867198,0.999574161,1.94888465,8.09831E-07,-0.658981798,0.305510693
Sh3yl1,-0.413082381,0.999574161,-1.990249871,0.000941697,4.700576073,1.13842E-11
Pxdn,-0.88972003,0.999574161,-0.646974841,0.684603468,1.084625587,0.598575874
Ace,-0.118413278,0.999574161,-0.988747813,0.294906918,1.45982252,0.235972254
Rasl10b,-1.303420093,0.999574161,1.863656712,0.169032053,2.069371394,0.301312358
Mettl2,-0.052605117,0.999574161,1.823457441,3.38428E-22,-0.701280741,0.010019728
Nle1,-0.14458003,0.999574161,1.633408144,2.99913E-14,-0.375376797,0.294697479
Mrc2,-0.810759541,0.999574161,-0.046785399,0.977542162,2.217480662,0.0636415
Lig3,-0.117312346,0.999574161,1.453959478,1.17779E-10,-0.629639309,0.060932639
Tmem132e,-1.756408523,0.918919503,-1.521604507,0.320667175,0.726852645,0.777560804
Asic2,-0.994331023,0.999574161,-0.88963951,0.812905543,4.45724245,NA
Ftsj3,-0.033285675,0.999574161,2.511217817,5.6746E-45,-0.738515862,0.003891292
Psmc5,-0.000560018,0.999574161,1.713588263,1.30894E-18,-0.757842554,0.006546437
Adap2,0.21247317,0.999574161,-0.219823833,0.704274327,0.308072219,0.687754845
Tcam1,0.059873828,0.999574161,3.296659531,1.42258E-29,-0.509534925,0.302180634
Pecam1,-0.120578908,0.999574161,-0.620843328,1.39076E-05,0.294913326,0.178633197
Cacng4,-0.160423639,0.999574161,0.516698042,0.600649582,1.558954874,0.152336855
Cep112,-0.09424646,0.999574161,0.113419346,0.953093085,1.010145604,0.562355135
Grin2c,-0.836295847,0.999574161,-0.501523738,0.739517531,1.280157658,0.471388213
Jpt1,-0.200914183,0.999574161,0.569906937,0.117891912,-0.570704231,0.266569495
Sumo2,0.029444648,0.999574161,1.906639889,1.77738E-14,-1.123738905,0.001145069
Nup85,-0.039874209,0.999574161,1.398475258,2.2134E-10,-0.983029239,0.001235397
Cluh,-0.043398117,0.999574161,2.245679213,1.44612E-29,-0.49590584,0.109005788
Pafah1b1,-0.154158749,0.999574161,0.339691521,0.221754092,-0.544149188,0.124810673
Recql5,-0.063773142,0.999574161,0.011117971,0.979838575,-0.141934812,0.792185345
Itgb4,-0.166055346,0.999574161,1.331549972,0.000527098,-0.950545477,0.092051054
Galk1,-0.362276644,0.999574161,1.810975011,5.55208E-11,-1.330572732,0.000460007
Mrpl38,-0.018531956,0.999574161,2.004602182,2.18808E-15,-0.7865102,0.035109023
Acox1,0.05406417,0.999574161,-0.77838422,5.54553E-06,0.044295272,0.902571564
Tsen54,-0.108761295,0.999574161,1.698956633,4.20656E-08,1.14580871,0.0083911
Camkk1,0.206354448,0.999574161,-0.642576153,0.087114052,-0.138463445,0.844976861
P2rx1,-0.281057666,0.999574161,-0.950713228,0.369398196,0.661896946,0.685697893
Atp2a3,0.030203624,0.999574161,-2.480757043,2.94581E-18,0.215796374,0.70504351
Ankfy1,0.003250369,0.999574161,-0.085782089,0.691424063,-0.274967466,0.24980312
Spns3,0.092962669,0.999574161,-1.321541604,1.26443E-05,0.110868906,0.859975034
Med31,-0.278080584,0.999574161,0.952426413,0.003871869,-0.466074879,0.380943304
Aanat,0.189076441,0.999574161,-1.326870106,0.00793126,2.0544902,0.000930186
Rhbdf2,-0.058417855,0.999574161,-1.629893726,4.97573E-13,2.573907067,1.65306E-20
Cygb,0.344378861,0.999574161,0.333886997,0.82353057,0.12259108,0.95324521
Snhg16,-0.235231054,0.999574161,1.834927592,3.00869E-18,-0.33762948,0.350183273
Kif1c,0.049637893,0.999574161,0.253244774,0.406061955,2.053516695,3.66451E-12
Sec14l1,0.040363334,0.999574161,-0.509184004,0.038242754,0.050788368,0.915090867
Nos2,-1.403410753,0.999574161,-0.924164926,0.573644437,2.20536389,0.2545195
Dhrs13,0.063237553,0.999574161,1.783697759,0.000844275,-1.008856742,0.223968481
Slc6a4,-0.530538264,0.999574161,0.180903444,0.907655199,0.222376264,0.90728783
Rph3al,-0.108131332,0.999574161,-0.974446181,0.00191679,0.279403924,0.621225144
Nme2,-0.019531285,0.999574161,2.142434656,7.22992E-11,-0.655562792,0.21191659
Abcc3,0.115621913,0.999574161,-1.184583237,0.003344712,0.165499317,0.837630454
Cacna1g,1.65603905,0.999574161,0.75522682,0.767919944,0.997272974,0.75573924
Lrrc59,0.008527152,0.999574161,1.602951071,1.42122E-15,-0.979852836,0.000398358
Slc35b1,0.090668976,0.999574161,1.236563688,7.42435E-06,-0.923901986,0.017069533
Snx11,-0.079213988,0.999574161,1.524846557,1.94601E-09,-0.402540823,0.344970589
Scrn2,-0.363922439,0.999574161,1.690978345,7.45301E-06,-0.48014714,0.463614104
Lrrc46,-0.873753358,0.999574161,1.339028879,0.238952775,-0.152713582,0.944246852
Tmem107,0.028874476,0.999574161,0.487338502,0.618297919,-0.982415303,0.422173264
Aurkb,-0.143179358,0.999574161,-0.176522269,0.711553286,-0.210396469,0.746827952
Ctc1,-0.091796644,0.999574161,0.218307945,0.528687601,3.02605242,2.76925E-22
Pfas,0.011110715,0.999574161,1.976963688,4.867E-20,-0.489590067,0.14945933
Myh3,-0.616379094,0.999574161,2.373725615,0.080231279,1.526648667,0.47595517
Top2a,0.496653562,0.821233047,1.035463093,0.001255838,-1.514110666,0.000249858
Kat2a,0.070992807,0.999574161,1.788215453,1.51465E-17,-0.751894417,0.013115419
Stat5b,-0.037555198,0.999574161,-0.327595795,0.042422207,0.078266163,0.790266237
Lsm12,0.0732715,0.999574161,1.669846928,1.83463E-22,-0.94593976,4.80898E-05
Adam11,-0.940754173,0.735652091,-0.410085148,0.581171868,1.007315754,0.245779749
Efcab15,-0.16607054,0.999574161,-0.977585858,0.433765028,0.140790871,0.94907506
Klhl28,-0.094955948,0.999574161,0.250171363,0.566043682,-0.260385403,0.667043778
Fkbp3,-0.125918582,0.999574161,1.386536827,5.2256E-08,-0.77140033,0.037019935
Coch,-0.81818819,0.611224883,-0.114480926,0.876027048,0.54118403,0.479768272
Ap4s1,-0.147911109,0.999574161,0.548721269,0.010203832,-0.730465645,0.010088322
Ston2,0.378318618,0.999574161,-0.418983314,0.568298919,0.57560921,0.550608022
Pole2,0.139382488,0.999574161,1.209473345,9.29923E-06,-1.024307821,0.006984175
L2hgdh,0.029469952,0.999574161,1.878749307,8.79088E-14,-1.046545421,0.003346817
Cdkl1,-0.425220038,0.967329198,-1.989232213,2.15261E-09,-0.776551515,0.162245667
Ttc8,1.192147002,0.481858017,-0.12035262,0.911093175,-0.219102334,0.861949521
Polr2h,-0.110846957,0.999574161,2.133012437,1.38165E-10,-0.551549199,0.319880699
Psma6,-0.118043633,0.999574161,1.648271128,1.13298E-12,-0.912786028,0.005420533
Ngb,-1.048048601,0.999574161,2.467757418,0.009107245,1.564980036,0.301691063
Ahsa1,-0.016908527,0.999574161,2.442186507,3.41154E-12,-1.706731509,0.000377784
Slirp,-0.055478464,0.999574161,1.376873025,1.07641E-07,-1.004568679,0.005605812
Mthfd1,0.111636693,0.999574161,2.664381118,3.03789E-22,0.417417994,0.379561172
Sptb,0.501876018,0.999574161,-0.418938044,0.626856011,-0.272043161,0.831660134
Pygl,0.412043101,0.999574161,-0.898804588,0.069394483,0.382166725,0.646951339
Trim9,-0.098644537,0.999574161,-0.776404905,0.14134203,0.578840764,0.469516276
Tmx1,-0.10215198,0.999574161,0.412806238,0.159125178,-0.680447074,0.068217846
Timm9,-0.058234708,0.999574161,2.083536867,1.06118E-11,-1.155680233,0.008154695
Rtn1,-0.268221822,0.999574161,-1.203255275,0.026001944,0.547476409,0.544662932
Serpina3n,-0.563823721,0.999574161,-1.061175075,0.718415265,4.029450665,NA
Eif2s1,0.010009035,0.999574161,2.26378093,1.24129E-31,-1.026414364,0.000109703
Plek2,-0.020210654,0.999574161,0.602173295,0.576287972,-0.268866796,0.871058611
Rdh12,-0.180098366,0.999574161,-1.593670266,2.76565E-12,0.395286922,0.296704128
Galnt16,0.094542044,0.999574161,3.288288579,0.01886697,0.124775293,0.966517955
Erh,0.237034579,0.999574161,1.857068257,1.58287E-23,-0.814961828,0.001917558
Smoc1,-0.943995385,0.999574161,1.204530536,0.211875158,0.531999649,0.745529263
Gtpbp4,-0.028565513,0.999574161,2.113523392,1.32049E-38,-0.946098687,1.76095E-05
Zmynd11,-0.155958263,0.999574161,-0.252939772,0.160637229,-0.070000211,0.828039535
Esyt2,-0.172222537,0.999574161,-0.577703883,0.011259724,0.349181006,0.319844802
Cdca7l,0.070600907,0.999574161,2.593858538,2.64989E-23,-1.543095359,1.15286E-05
Rps6ka5,-0.199036747,0.999574161,-1.701682147,1.40462E-16,1.290379716,2.0872E-06
Dglucy,0.663872775,0.125159337,-1.500549988,9.56685E-09,5.054393688,4.76896E-62
Fbln5,-1.738486892,0.872308815,-0.317812123,0.860358823,2.556584574,0.13226398
Atxn3,-0.116375736,0.999574161,0.220041703,0.310069793,-0.604241063,0.015731777
Lgmn,0.179937849,0.999574161,-0.480305452,0.040225901,-0.081639347,0.855216538
Pitrm1,0.088165598,0.999574161,2.482402801,2.2275E-24,-1.233213605,0.000241812
Chga,0.402605024,0.999574161,0.902907739,0.575630663,1.072267657,0.618967907
Pfkp,0.023811621,0.999574161,0.89855331,3.03116E-07,-0.819180283,0.000549328
Asb2,0.717755665,0.299255015,-0.612153964,0.09061448,-0.196470573,0.757629324
Otub2,-0.195452535,0.999574161,-0.356569813,0.227975366,-0.110613004,0.831805609
Akr1c13,0.635213485,0.999574161,-0.679761058,0.275107427,0.334299537,0.740569516
Tshz3,-0.726168949,0.999574161,-0.453376143,0.692069418,1.561434867,0.211528248
Dpf3,1.192031384,0.999574161,0.068202286,0.975969402,0.280644935,0.899236651
Dcaf4,-0.110184166,0.999574161,0.467946761,0.135844238,2.848195953,7.22659E-18
Papln,-0.803123428,0.892199085,-1.630199233,0.008326334,3.130805679,2.70239E-05
Entpd5,-0.091567113,0.999574161,-0.328664604,0.14134203,-0.949033435,0.000279409
Aldh6a1,-0.032458064,0.999574161,-0.813614845,1.25192E-05,0.069323906,0.858980533
Fcf1,-0.100663802,0.999574161,1.692384482,4.57105E-19,-0.613534826,0.028183411
Erg28,-0.087016427,0.999574161,1.117981121,2.47712E-07,-0.875455225,0.003621561
Tgfb3,0.221882503,0.999574161,-0.378673134,0.530635335,-0.670154293,0.381112865
Evl,0.007101453,0.999574161,-0.922213606,2.65099E-09,0.406944627,0.079347593
Degs2,0.109825635,0.999574161,-0.576963462,0.008789666,-0.233415985,0.532113492
Slc25a29,-0.041519309,0.999574161,-0.193407469,0.750141876,-0.157074711,0.855216538
Hsp90aa1,0.340672097,0.999574161,3.20763824,1.1534E-15,-2.51729526,1.97361E-06
Fdft1,-0.395694013,0.980490136,1.827449359,1.52303E-10,-0.709699806,0.103156002
Cinp,-0.051874592,0.999574161,1.53331181,4.99664E-11,-0.904232784,0.006336614
Amn,0.060708034,0.999574161,2.274472656,8.90439E-05,-0.18794578,0.875142433
Exoc3l4,-0.573511357,0.999574161,0.419420974,0.784897056,-0.020729089,0.991901442
Tnfaip2,0.438497753,0.999574161,-0.873364387,0.070531448,0.462690699,0.553345109
Zfyve21,-0.102965716,0.999574161,0.097377642,0.884801913,1.988578755,0.000125898
Atp5mpl,-0.188035293,0.999574161,1.064433125,0.011701144,-0.479110309,0.492668062
Kif26a,0.18140169,0.999574161,0.631716371,0.759969764,0.510480899,0.858250839
Gpr132,-0.026608691,0.999574161,1.004197769,0.000157844,1.24513068,0.000357893
Gng4,-0.231982465,0.999574161,3.603018027,0.000663099,0.665961646,0.745599895
Gpr137b,0.090253584,0.999574161,-0.717661946,0.000462326,-0.211690956,0.557838804
Amph,-2.265194061,0.999574161,-2.482084878,0.39161058,6.550442842,NA
Trim27,-0.115410514,0.999574161,1.191939528,8.48111E-09,-0.896346605,0.00169778
Tfap2a,0.043473715,0.999574161,-0.088066867,0.940876077,2.108480987,0.015033002
Tmem14c,0.183679621,0.999574161,0.755544067,0.008321796,-0.74292757,0.060330782
Nedd9,-0.068073023,0.999574161,0.210686204,0.338663334,-0.549702027,0.03083063
Susd3,-0.317437674,0.892199085,-1.457131253,3.62859E-12,-0.025022863,0.958819084
Aspn,-0.093246243,0.999574161,-0.673216624,0.483058927,0.123848637,0.939519098
Ogn,0.154505532,0.999574161,-0.041455818,0.973583214,-0.890674979,0.394239943
Nol8,0.001426746,0.999574161,2.229168253,1.58641E-34,-0.80873232,0.001670837
Spin1,-0.070350838,0.999574161,0.084972971,0.837639039,-0.5579539,0.155368859
Pxdc1,-0.285530825,0.918026929,-0.448616239,0.040613586,-1.156944953,9.98312E-06
Ctsq,2.539368896,0.999574161,0.336325224,0.930482226,1.444143626,0.697090936
Gadd45g,-0.265325255,0.999574161,1.93658504,7.06978E-19,0.107680711,0.815267947
Ror2,0.651973198,0.999574161,0.543485145,0.84335474,1.257255317,NA
Sfxn1,0.043169442,0.999574161,1.994612587,6.45101E-17,-1.203141411,0.000240355
Habp4,-0.019092853,0.999574161,-0.541066602,0.006003921,0.150694145,0.673902154
Drd1,-0.016196812,0.999574161,-0.67207583,0.256879129,0.632440879,0.461101699
Prxl2c,0.021891331,0.999574161,-1.298665742,2.58235E-10,1.259663061,2.24189E-06
Mxd3,0.246331424,0.999574161,0.061210295,0.917764051,-0.615056858,0.250628419
Prelid1,-0.012327724,0.999574161,0.49361237,0.067795408,-0.619268453,0.086241685
Slc34a1,0.419048387,0.999574161,-3.798616324,0.083896081,3.427395538,NA
F12,-1.184345169,0.936746021,-2.233562863,0.030409591,2.233485536,0.117241698
Pdlim7,0.074526942,0.999574161,-0.658101607,0.019954186,-0.078201108,0.886503915
Txndc15,0.134208776,0.999574161,0.453535041,0.175374687,-0.696209147,0.107754187
Ptdss1,-0.131182441,0.999574161,1.016500834,8.84782E-05,-0.98072353,0.005605812
Ccnh,-0.066703045,0.999574161,0.817221952,9.04283E-05,-0.835957903,0.003202234
Golm1,0.217984123,0.999574161,-0.142388256,0.580384213,-0.227276088,0.493964869
Dapk1,-0.118343404,0.999574161,0.142657355,0.897440987,1.813001177,0.049712784
Trip13,0.143885299,0.999574161,1.36944597,4.05948E-05,-1.311305663,0.004476692
Cep72,-0.270200699,0.999574161,-0.318373251,0.416777884,0.074228537,0.909246654
Tppp,-0.103152522,0.999574161,-0.654699413,0.054516925,-0.410714896,0.446362274
Pdcd6,-0.069161381,0.999574161,0.484409364,0.067766477,-0.627872993,0.074934626
Erap1,-0.016417159,0.999574161,1.952076481,3.15708E-13,-1.010265762,0.008085274
Cast,-0.025355058,0.999574161,-1.337352089,1.00285E-14,1.822660552,1.94116E-17
Spata9,-0.000103438,0.999891172,-0.134951463,0.940876077,-0.401041842,0.84205706
Glrx,0.240132458,0.999574161,-0.962048368,0.00350635,0.670717905,0.164304371
Arsk,-0.160487076,0.999574161,-0.16525245,0.688477909,-0.187046049,0.741550185
Nsun2,-0.044187036,0.999574161,2.474289398,6.24158E-34,-1.099542122,7.93607E-05
Mctp1,-0.010810356,0.999574161,-0.876559926,0.037723491,0.295950207,0.691443856
Slf1,-0.144672349,0.999574161,0.50079381,0.090015356,-0.599741571,0.132412414
Ndufs6,0.087052149,0.999574161,1.545297982,5.27698E-09,-0.682688211,0.086638901
Mrpl36,-0.11862223,0.999574161,1.320076684,0.001733224,-0.718581985,0.270425967
Tert,0.316245097,0.999574161,0.445001563,0.29578308,1.315178778,0.006299198
Vcan,0.692661417,0.915364898,1.521234938,0.002122616,1.709938435,0.009213874
Cd180,-0.090698388,0.999574161,-0.21426032,0.336167299,-1.525263256,8.32214E-12
Marveld2,0.100947728,0.999574161,-0.706433349,0.055720906,-0.422332373,0.469105882
Naip1,0.008484647,0.999574161,-0.840108192,0.484904157,-0.271719151,0.888222703
Serf1,-0.236565436,0.999574161,2.382197513,0.00011578,-1.031408392,0.305504149
Smn1,-0.077684761,0.999574161,1.602972036,1.99274E-21,-0.723304351,0.002612524
Mccc2,0.263040013,0.999574161,-0.76191462,0.009479701,-0.027533191,0.964953277
Ptcd2,0.003253232,0.999574161,1.098149333,4.47904E-05,-0.980603238,0.00817965
Btf3,-0.070832697,0.999574161,1.433637361,4.67175E-07,-0.587898111,0.183431079
Arhgef28,0.817086196,0.999574161,0.923732535,0.687222014,1.767783231,NA
Hexb,-0.164975442,0.999574161,-1.899911058,4.49096E-35,-0.096652996,0.761438624
Polk,0.073336613,0.999574161,0.204291252,0.444982233,3.764610575,4.4894E-54
Cert1,-0.292284454,0.999574161,0.055011819,0.904527662,-0.09874565,0.858044517
Hmgcr,-0.002446942,0.999574161,1.947669689,5.73686E-22,-1.346665968,4.61289E-07
Pde8b,-0.031982076,0.999574161,-0.151808385,0.870798632,-0.012546086,0.991878438
Dimt1,-0.139497552,0.999574161,1.69212119,1.27792E-14,-0.726275775,0.023559882
Depdc1b,0.376571684,0.999574161,-0.656334545,0.437742247,-0.119901708,0.933868523
Plk2,-0.120812128,0.999574161,-0.556486017,0.275912081,7.197065289,3.43756E-48
Serinc5,-0.774678384,0.26458455,-2.567905774,7.74494E-15,1.156338524,0.015253785
Dhfr,0.256639499,0.999574161,0.848176733,0.01423564,-1.121022879,0.01419306
Rasgrf2,0.631584261,0.029060603,-0.538997242,0.019367466,0.307499054,0.388308024
Cenpk,0.309597242,0.999574161,0.666180663,0.259689175,-1.031447657,0.180692508
Rnf180,-0.338490848,0.999574161,-1.123797324,0.037474711,0.852903646,0.289209684
Parp8,-0.106887878,0.999574161,-0.654864944,2.32733E-05,0.296947246,0.220207543
Fgf10,0.349941601,0.999574161,-0.371310246,0.782122722,1.59728042,0.247290284
Slc4a7,-0.181887936,0.999574161,-0.335356071,0.226574972,-0.200080298,0.648859177
Psmd6,-0.115131001,0.999574161,1.376856977,6.85062E-07,-0.884992411,0.025156451
Oit1,1.121936631,0.999574161,-0.999304421,0.711002897,-0.025487352,NA
Map3k1,-0.172066769,0.999574161,-0.563141526,0.017470474,0.082674486,0.858044517
Vdac2,-0.124788464,0.999574161,0.930281762,6.768E-06,-0.682861197,0.018643862
Dlg5,-0.212485235,0.999574161,0.089953885,0.965392695,1.131453838,0.534124096
Prxl2a,-0.523336713,0.89576735,-0.179844623,0.734108769,-0.013925202,0.985927477
Bmpr1a,0.501694681,0.999574161,-0.232067876,0.852034333,0.363083746,0.815433887
Nid2,0.120823144,0.999574161,-0.663391121,0.21902938,0.910831308,0.199224376
Ecd,-0.120007467,0.999574161,1.487185823,8.41664E-11,-0.806966341,0.01373555
Anxa7,0.03916338,0.999574161,0.081692631,0.759379552,-0.503273021,0.051539597
Vcl,-0.122477476,0.999574161,-0.876402025,0.000119614,0.136709656,0.758920104
Txndc16,-0.072977425,0.999574161,-0.657076928,0.000260986,-0.158265335,0.630279089
Ero1a,0.044192246,0.999574161,1.637696875,7.70353E-13,-0.823344113,0.011985304
Psmc6,-0.032660231,0.999574161,1.274003297,2.28087E-07,-0.803996359,0.021820811
Samd4,0.467344171,0.999574161,-1.137658695,0.037946115,0.12629927,0.905442521
ccdc198,-0.157970958,0.999574161,3.363951433,0.00865432,-0.404498499,0.873740911
Slc35f4,0.306361373,0.999574161,2.880773514,0.001204868,-0.15272976,0.935168082
Anxa11,0.168882603,0.999574161,-0.64776211,0.00032382,-0.062658388,0.86477561
NA,-1.641212137,0.018575801,-0.623597639,0.321955502,0.364364627,0.722630706
Ppif,-0.11569335,0.999574161,1.448905515,2.30991E-09,-0.905334518,0.008348486
Gm49342,0.175194746,0.999574161,0.713825737,0.013431961,-0.881820971,0.021369733
Rnase4,0.246470637,0.999574161,-1.001527186,0.147323996,0.372048755,0.75427548
Dnah12,-0.419283768,0.999574161,-0.453818371,0.672642228,2.929663398,0.0043326
Rnase6,-0.324936362,0.999574161,-0.379839543,0.236209346,-0.059982607,0.916059231
Eaf1,-0.009884905,0.999574161,0.788029796,0.000607092,-0.867614205,0.005073931
Mettl6,-0.023530675,0.999574161,1.086773324,5.09958E-08,1.395312853,3.99809E-08
Sh3bp5,0.064870158,0.999574161,-0.716386997,0.028986132,0.095596876,0.878354468
Arhgef3,-0.162651758,0.999574161,-1.102568612,9.55616E-07,0.948557958,0.00202769
Btd,0.021213248,0.999574161,-0.282624244,0.356899918,-0.38664928,0.348128773
Ncoa4-ps,-1.820162747,0.999574161,-0.612870837,0.879022139,-0.042827948,NA
Ogdhl,-0.333197808,0.999574161,1.91939513,0.044356149,3.762283253,0.001405175
Spcs1,0.153890657,0.999574161,0.912815784,0.001028843,-1.057848431,0.004504908
Ebpl,0.136427133,0.999574161,-0.529957043,0.088538501,-0.094013267,0.871731485
Ctsb,0.492820417,0.77324363,-0.426145184,0.224011455,0.322529997,0.544374159
Zmym2,-0.062543268,0.999574161,-0.169705527,0.396621201,-0.281335082,0.267987724
Cryl1,-0.017538831,0.999574161,-1.647592512,3.05335E-06,0.673033067,0.22591844
Tkt,0.02735411,0.999574161,2.063865868,1.32289E-15,-0.983193066,0.007652767
Pinx1,-0.040607621,0.999574161,1.999573289,2.68628E-26,-0.559540374,0.048878054
Lats2,-0.15243626,0.999574161,-0.988515145,3.48368E-06,0.843779564,0.003956947
Zdhhc20,-0.212610756,0.999574161,-1.012448019,1.46791E-07,0.138581372,0.714198055
Fgf9,0.066940822,0.999574161,-0.145391563,0.882834241,1.73535729,0.036275324
Atp8a2,-0.187566106,0.999574161,2.738129536,7.04076E-06,0.518049782,0.650465193
Amer2,0.03685681,0.999574161,-1.681812093,0.265739222,2.677546641,0.14945933
Mtmr6,-0.104620548,0.999574161,-0.231584881,0.149863843,-0.266101215,0.231879921
Spata13,0.002974672,0.999574161,-0.783688001,3.46302E-06,-0.052095476,0.881632416
Lrrc63,-0.451914732,0.999574161,0.518741291,0.621446731,1.552550226,0.18558433
Lcp1,-0.001015501,0.999574161,1.187764518,5.92645E-10,-1.016874315,7.26385E-05
Slc25a30,-0.063260653,0.999574161,-0.392733006,0.124730712,0.088241269,0.850949385
Nufip1,-0.155496455,0.999574161,1.866068141,3.9654E-19,-0.842604671,0.004684135
Tsc22d1,-0.513901438,0.606547702,-0.918323071,0.001273601,1.046114129,0.006207148
Epsti1,-0.06125062,0.999574161,-0.654432475,0.000321865,0.410343173,0.12606199
Tnfsf11,-0.655551256,0.999574161,0.063894584,0.976320859,-0.591152864,0.779746911
Rgcc,1.083278718,0.637229571,0.156415018,0.876266819,1.681577743,0.047098751
Pbk,0.984402171,0.580806212,1.313593699,0.016378955,-2.463264015,0.000389006
Clu,-0.358692816,0.999574161,-0.655017338,0.40092755,0.80485386,0.447561636
Ephx2,1.013124345,0.999574161,-0.572237949,0.618297919,0.241673391,0.88580221
Trim35,0.048194557,0.999574161,-0.576863225,0.023571159,-0.242050297,0.574166373
Stmn4,-1.652466627,0.999574161,4.249041038,0.018735021,2.807494627,0.352051385
Dpysl2,-0.117266217,0.999574161,-0.867158416,0.000107018,-0.321641807,0.38447003
Bnip3l,-0.545784084,0.756693352,-1.191184532,0.000350054,0.533628753,0.315792258
Ebf2,1.502955922,0.999574161,1.027362004,0.649503088,0.733054527,0.815433887
Nefm,-0.474957751,0.999574161,-0.69113009,0.583001877,2.268224962,0.095270225
Adamdec1,-0.02935318,0.999574161,-0.52339619,0.140559419,-0.337326194,0.545713622
Entpd4b,-0.618972452,0.000237181,0.391451927,0.015074842,-0.333366725,0.154798731
Bora,0.009819151,0.999574161,1.094646362,5.36008E-06,-0.858099987,0.011093282
Tnfrsf10b,-0.083439338,0.999574161,-0.233768046,0.444982233,2.637991564,2.9038E-20
Rhobtb2,-0.084055184,0.999574161,-0.086976371,0.82648683,-1.135378507,0.000691238
Slc39a14,0.138911832,0.999574161,1.656852192,3.04003E-12,1.363456566,1.50859E-05
Bmp1,-0.591691504,0.999574161,1.258641328,0.017498427,2.850699808,9.32048E-06
Gfra2,0.500628278,0.999574161,-0.538373606,0.306468985,0.273131287,0.748879296
Rb1,-0.074115251,0.999574161,-0.961340994,0.003121024,1.823646679,6.00988E-06
Itm2b,0.299872572,0.872308815,-0.646618975,0.001466914,0.27656958,0.402386966
Uchl3,0.119108665,0.999574161,1.213044191,7.13675E-09,-1.469397785,5.467E-08
Gpc5,0.063094293,0.999574161,-1.010031569,0.379921643,1.185924675,0.445941919
Ednrb,-0.245754937,0.999574161,-0.335327946,0.778197947,2.397289065,0.030114785
Cln5,-0.121317107,0.999574161,0.045545176,0.905599292,-0.572148385,0.081156299
Acod1,1.865032391,0.872308815,-0.38738072,0.850932702,0.574962578,0.820493177
Cldn10,-0.202680831,0.999574161,-1.603151583,0.001800412,1.269251031,0.079396761
Mbnl2,-0.120064462,0.999574161,-1.125927686,2.96518E-14,0.719170859,0.000406693
Lrp10,-0.172150765,0.999574161,-0.493462159,0.02806154,-0.192243661,0.61853782
Haus4,-0.021091966,0.999574161,0.210852795,0.537931524,-0.482563663,0.238002313
Slc7a8,0.743359257,0.916610955,-1.533804892,0.005910198,1.048863708,0.203016218
C6,0.382655885,0.999574161,-0.69067819,0.178066252,-0.043752893,0.964953277
Oxct1,0.408951537,0.552225806,-0.438732508,0.059359167,-0.605638794,0.047245145
Psmb5,-0.004048797,0.999574161,1.712167072,6.72237E-08,-1.066270055,0.01797105
Pdzd2,-0.014194208,0.999574161,-1.35710783,2.16024E-05,1.858389582,5.38023E-06
Slc22a17,0.215862001,0.999574161,-0.974306065,0.09745913,0.279399965,0.788066826
Golph3,-0.085929816,0.999574161,0.565637196,0.06670012,-0.661281245,0.11305668
Sub1,-0.151938926,0.999574161,0.346259759,0.135618857,-0.509790584,0.090478833
Sema5a,1.01738587,0.382588248,-0.49006511,0.425620495,0.114572077,0.909421412
Cct5,0.018961866,0.999574161,2.208015434,7.01493E-16,-1.243140146,0.001084327
Cmbl,0.536527369,0.756612486,0.058243621,0.919365124,-0.758383049,0.11926712
Ankrd33b,0.622664031,0.370565026,2.92447833,3.00931E-26,-0.758268969,0.070232317
Ctnnd2,-0.345653826,0.999574161,-0.605084245,0.489283911,0.393056081,0.769290039
Tars,0.047143887,0.999574161,2.175512939,1.07539E-31,-1.228234888,6.57979E-07
Rai14,-0.684300167,0.999574161,-0.186655112,0.861770658,0.464202898,0.717702365
Sdc2,1.216798231,0.999574161,-0.113042153,0.961097182,0.189623493,0.938036172
Dnah5,-1.400381193,0.999574161,-0.653127906,0.84335474,4.439591574,NA
Trio,-0.039288109,0.999574161,0.445652228,0.113653537,1.617295588,3.05802E-07
Retreg1,-0.140466485,0.999574161,-1.030885657,1.47771E-05,0.238553199,0.579221859
Myo10,0.606747141,0.299255015,0.093357388,0.830386845,1.554642225,1.12214E-05
Ywhaz,-0.005498195,0.999574161,-0.040361773,0.907655199,-0.40447132,0.195842944
Grhl2,-0.799130207,0.999574161,-0.898565222,0.70423894,2.888163618,NA
Rrm2b,-0.233847148,0.999574161,-0.760304732,5.51282E-05,0.35026027,0.236476202
Slc25a32,-0.077540735,0.999574161,1.454925289,3.74941E-07,-0.858250882,0.038560275
Dcaf13,-0.050934579,0.999574161,1.376155786,1.01384E-11,-0.946493694,0.000672475
Angpt1,0.106726127,0.999574161,-0.207210509,0.841464517,0.015239559,0.991377646
Rida,0.125170432,0.999574161,-0.029299214,0.965684175,-0.10202875,0.88323138
Pop1,-0.099464658,0.999574161,2.275221617,1.45538E-17,-0.282139696,0.573558355
Khdrbs3,-0.317088179,0.999574161,0.198368654,0.906140443,0.078677902,0.972143486
Sybu,0.363313874,0.999574161,1.956076667,0.049604791,0.005838728,0.997303229
Myc,0.210492426,0.999574161,1.620410058,0.00248007,-0.413277392,0.672093367
Sqle,-0.234435707,0.999574161,2.494875507,6.52283E-26,-1.514252449,1.75333E-06
Mtss1,-0.195219983,0.999574161,-1.25699626,1.52025E-07,-0.41392487,0.28924887
Ndufb9,-0.121490689,0.999574161,1.273239215,7.92922E-05,-0.699728175,0.14945933
Fbxo32,-0.201192131,0.999574161,-1.079164252,6.67395E-05,0.95191895,0.010663051
Tbc1d31,0.120109198,0.999574161,-0.19780564,0.534419756,-0.147681792,0.75573924
Derl1,0.003143689,0.999574161,0.359421531,0.263206777,-0.507788758,0.231098267
Has2,-0.110724688,0.999574161,0.262163023,0.894611847,1.442892076,0.465564841
Col14a1,0.84721871,0.507583729,-0.474671176,0.373114296,-0.196612664,0.820725668
Sla,-0.131852015,0.999574161,-0.214337902,0.482260035,-0.257094816,0.540863498
Lrrc6,0.440638164,0.999574161,-1.202980972,0.783933089,5.65456803,NA
Asap1,0.014168936,0.999574161,-0.716210319,4.78745E-05,0.360561477,0.180532405
Gtse1,0.305864531,0.999574161,0.385196497,0.428915773,5.742653392,2.97009E-38
Tef,0.09568053,0.999574161,0.575602803,0.074705253,1.783763626,1.59258E-06
Rangap1,0.135071651,0.999574161,1.776828053,1.27614E-12,-0.794001802,0.029733516
St13,0.026051791,0.999574161,2.407500396,3.43806E-20,-1.32941499,0.000212206
Cacna1i,-0.149628997,0.999574161,-2.835570001,5.45794E-26,0.100754883,0.862273466
Enpp2,0.26799389,0.999574161,-0.594137069,0.298383475,0.111902952,0.909643395
Tomm22,-0.15941639,0.999574161,1.185941617,4.48249E-05,-0.731497372,0.086111955
Cby1,0.121728565,0.999574161,-0.353920251,0.452274243,3.062635278,4.88101E-12
Sh3bp1,-0.046411865,0.999574161,0.319797253,0.111502298,-0.712560194,0.003654601
Parvg,-0.09463692,0.999574161,0.160415828,0.617294056,-0.4604657,0.203740263
Cyp2d26,-0.165658131,0.999574161,2.11729598,0.112561579,0.57354325,0.811122358
Naga,-0.048268815,0.999574161,-0.891785587,6.53255E-05,0.470897267,0.164440449
Slc38a2,-0.149255581,0.999574161,0.76557296,0.001273952,-0.773893236,0.016673661
Rpap3,0.023771731,0.999574161,1.43957879,2.69885E-14,-0.914290686,0.000474751
Endou,-0.211037604,0.999574161,-0.893981585,0.016169604,-0.19965551,0.774489959
Rapgef3,0.011830876,0.999574161,-1.048405649,0.001726587,2.583760775,5.65054E-11
Xrcc6,-0.15894776,0.999574161,1.617397886,1.3092E-12,-0.460038341,0.20802042
Pmm1,0.166492476,0.999574161,0.721279517,0.044182133,1.094623964,0.017069533
Hdac7,-0.130397089,0.999574161,-1.394047513,6.7946E-08,0.033651816,0.953358823
Polr3h,-0.20396273,0.999574161,1.413721484,8.44129E-14,-0.924163377,0.000425272
Col2a1,0.188379837,0.999574161,2.441638828,0.021763789,2.520850347,0.075682715
Nckap1l,-0.038457282,0.999574161,-0.156534622,0.524712039,-0.148386462,0.67219645
Shisa9,0.675584919,0.999574161,1.60574121,0.804623442,3.280824943,NA
Tnfrsf17,1.644179313,0.217982184,0.00543746,0.996031461,-0.109759281,0.94288499
Ciita,-0.116698398,0.999574161,-0.264574582,0.136999662,0.034847327,0.915396064
Emp2,0.245974441,0.999574161,0.35701433,0.792167265,0.836259704,0.60588516
Bcl6,-0.367821309,0.394434183,0.678267144,0.000124287,-0.879492485,0.000139445
Trp63,-0.801254607,0.999574161,0.138174856,0.979838575,5.063748385,NA
Mgrn1,-0.100378449,0.999574161,-1.4440361,3.39425E-13,0.329790284,0.322177568
Srl,-0.591789474,0.89576735,1.926838063,7.00886E-07,0.459718741,0.508266563
Cyc1,0.026457996,0.999574161,1.4931478,1.11626E-06,-0.910342325,0.039879048
Maf1,-0.33357443,0.999574161,-0.064176744,0.895592833,-0.105852324,0.858044517
Hgh1,-0.051277722,0.999574161,1.802177153,2.98347E-15,-0.827348481,0.012016814
Bop1,-0.147983886,0.999574161,1.927224479,1.36753E-16,-0.821241835,0.014893429
Grina,0.118229167,0.999574161,-0.596129146,0.001448291,0.357888173,0.206111768
Plec,-0.040362935,0.999574161,-1.46655393,1.04799E-10,1.177565527,0.000112975
Pycrl,-0.14113928,0.999574161,1.809011057,1.92583E-07,-1.207586155,0.014179749
Gpihbp1,-0.468201101,0.999574161,-0.306156538,0.864785004,0.304050129,0.896090773
Ly6g,2.867832876,0.720002214,1.772679223,0.3877065,-1.587601538,0.572846117
Ly6c2,0.268352235,0.999574161,0.166896897,0.820849986,-0.203481939,0.832343801
Ly6i,0.095353827,0.999574161,2.288977754,0.00842459,0.594441705,0.708434405
Ly6e,-0.021908901,0.999574161,0.122285476,0.737825214,-0.24268265,0.591120117
Cyp11b2,-0.108323724,0.999574161,2.650457043,0.457586897,1.666800774,NA
Lynx1,-0.358370659,0.999574161,1.364087857,5.18702E-05,-0.15630653,0.81769116
Slurp1,-0.046539455,0.999574161,1.840069194,4.69127E-12,-1.578292861,1.04466E-05
Arc,-0.475413647,0.999574161,1.373107515,0.01654241,1.337343445,0.09436118
Cep97,-0.084061543,0.999574161,-0.547947578,0.00529546,0.204803226,0.542660867
Mapk12,0.420232796,0.967329198,-0.804004681,0.01925632,-0.587194037,0.254413426
Mapk8ip2,-0.600359509,0.999574161,-1.730151801,0.462195043,4.698175246,0.063003106
Arsa,-0.020928175,0.999574161,-0.665511751,0.030615493,0.336851675,0.501885623
Shank3,-0.496402431,0.999574161,-0.682813484,0.422965041,1.009177683,0.364014541
Kif21a,0.174277463,0.999574161,0.875239476,0.64447763,0.700674868,0.792798394
Yaf2,-0.1207269,0.999574161,0.7035291,0.002519728,-1.064565347,0.000468512
Alcam,-0.18857762,0.999574161,-0.894347319,1.8265E-07,-0.052179366,0.885112202
Retnlg,1.952737975,0.351061406,0.793502704,0.507559731,0.213552765,0.909246654
Gcsam,0.997063481,0.989002519,-0.49615811,0.641695415,-0.38614713,0.798707156
Cd200,-0.30596762,0.996959593,0.131146755,0.695452974,-0.604503827,0.078567439
Ccdc80,-0.864846704,0.999574161,-0.276316624,0.868374149,1.930434344,0.225188312
Mcm4,0.243752187,0.999574161,0.995348668,6.20401E-05,-1.224996763,0.000169114
Cep20,-0.161533952,0.999574161,0.323599198,0.321397433,-0.322681727,0.491316304
Rrn3,-0.013003597,0.999574161,1.606276843,2.19026E-10,0.504790514,0.211028971
B3gnt5,-0.361454946,0.44705238,-0.871359724,6.82885E-07,-0.780059598,0.001077615
Boc,-0.67080506,0.999574161,0.047342328,0.982346568,1.917539212,0.439194311
Sidt1,-0.012477169,0.999574161,-1.137395525,1.59059E-05,0.631831766,0.106671914
Qtrt2,-0.038533073,0.999574161,2.124734963,8.3563E-15,-0.840064595,0.03782996
Drd3,0.716891584,0.999574161,-1.185269022,0.34485022,0.039934041,0.985927477
Crybg3,-0.036638601,0.999574161,-0.62793131,0.003583837,0.196101498,0.607454462
Cmss1,-0.22405891,0.999574161,3.656295949,3.40902E-28,-0.863551067,0.094388359
Klhl22,-0.227493745,0.999574161,0.503945312,0.203507704,2.314685057,5.70065E-08
Tomm70a,-0.110875719,0.999574161,1.46791115,2.88606E-09,-0.81685104,0.021197694
Tfg,0.04791677,0.999574161,0.905925985,3.7685E-05,-0.867346427,0.003905826
Serpind1,-0.056310161,0.999574161,-0.699863423,0.143837089,-0.094312286,0.915396064
Ccdc116,-0.039323614,0.999574161,1.858893645,4.05003E-17,-0.420401983,0.248493503
Sdf2l1,0.617966419,0.65067145,1.372303195,5.63645E-05,-1.323588689,0.004359533
Igsf11,-0.100281695,0.999574161,-0.13883948,0.888489774,2.128966178,0.008048208
Tnk2,-0.025487441,0.999574161,-0.036128163,0.934112375,-0.392512199,0.302180634
Yars2,-0.061628933,0.999574161,1.58892147,5.59296E-08,-0.930082494,0.027138384
B4galt4,0.564854621,0.892199085,-0.040081234,0.95894165,-0.616184276,0.330391272
Tfrc,-0.296636892,0.999574161,1.289162145,8.81241E-07,-1.374725116,7.16512E-05
Arhgap31,-0.014678918,0.999574161,-0.817720108,0.023283374,0.611592238,0.250410403
Fyttd1,-0.160180194,0.999574161,0.95574707,0.001557275,-0.806653632,0.058010435
Umps,0.07093226,0.999574161,2.285790872,8.92767E-18,-1.628381124,4.62404E-06
Itgb5,0.38613529,0.94786974,-1.424360737,5.63458E-07,0.029486999,0.963201478
Cyp2ab1,0.039949354,0.999574161,-0.472773891,0.713282912,1.400735651,0.330404629
Ndufb4,-0.102764775,0.999574161,1.278613429,2.48145E-05,-0.868173876,0.047771724
Hgd,-0.757794173,0.999574161,3.010820764,0.024814375,0.685671745,0.788751478
Mylk,-0.441595931,0.999574161,-0.224546479,0.815981057,0.746466508,0.485517656
Ece2,-0.215435383,0.999574161,2.370898456,6.3556E-26,-0.989427882,0.002120225
Clcn2,-0.000584469,0.999574161,0.936239533,0.005856835,1.226393672,0.005940237
Ehhadh,0.275736736,0.999574161,-0.859050429,0.000417443,0.465834976,0.207070977
Tmem41a,0.19905143,0.999574161,2.037867689,2.4686E-06,-0.297082907,0.727691212
Btg3,0.118860219,0.999574161,2.011495543,1.55007E-05,-0.646490637,0.408868108
Cxadr,-0.416950885,0.999574161,1.597917214,0.000208189,0.645173416,0.359317414
Usp25,-0.129403387,0.999574161,-0.152846512,0.501763999,-0.147090739,0.650653399
Samsn1,-0.235371839,0.999574161,1.255935297,6.38934E-07,1.064974115,0.002017089
Adipoq,-0.596832894,0.999574161,3.227422483,0.006397238,0.709223254,0.756167906
Rfc4,0.013552737,0.999574161,1.252523764,0.001370574,-1.357680763,0.010574965
Robo1,0.358609196,0.999574161,-0.326408713,0.793335394,0.108228342,0.951893981
St6gal1,-0.103043433,0.999574161,-0.903899629,1.77224E-07,0.154504992,0.63410199
Mrpl39,-0.018483228,0.999574161,1.581075223,4.85178E-13,-0.845985727,0.006553216
App,0.732284602,0.040246229,-0.221446361,0.499891482,1.054445859,0.001799997
Adamts5,-0.107174568,0.999574161,-0.627710931,0.515935356,0.543354096,0.700727598
Slc15a2,0.055915766,0.999574161,-2.029193273,0.050356633,2.07089922,0.14945933
Ildr1,-0.026784843,0.999574161,-1.047212736,0.127193216,1.280703517,0.164306336
Cd86,0.227584818,0.999574161,-0.340142029,0.126179354,-0.024547494,0.954903726
Parp9,-0.009797476,0.999574161,-0.398729363,0.143596113,-0.063877465,0.899370875
Psmg1,0.016233344,0.999574161,2.399064398,3.92071E-28,-1.134355867,0.00016848
Brwd1,-0.228132293,0.999574161,-0.392195552,0.098866684,-0.121012475,0.771261145
Fam3b,-0.370781229,0.999574161,-1.649931288,0.30559563,3.572404552,0.050672741
Pigp,0.003805231,0.999574161,-0.204125256,0.680247113,-0.366211736,0.556385377
Dop1b,-0.052497113,0.999574161,-1.199494117,7.6056E-07,0.764158787,0.027113469
Cbr3,0.29320886,0.999574161,-0.995923939,0.25667843,0.628288909,0.644185921
Runx1,-0.111232754,0.999574161,-1.564180626,4.55971E-16,1.083716391,2.70827E-05
Atp5o,-0.076921383,0.999574161,1.615530269,1.49824E-09,-0.797281483,0.04176206
Gart,-0.001903506,0.999574161,2.413773045,5.25367E-22,-0.343536614,0.439013452
Tmem50b,-0.029031665,0.999574161,-0.349991906,0.205499852,-1.100150523,0.000558081
Cfap298,0.028655594,0.999574161,2.126074202,3.26401E-17,-1.514148551,9.39385E-06
Mis18a,-0.126688005,0.999574161,0.056119204,0.927851527,-0.172855519,0.798888914
Wnt10b,-0.951714562,0.67611048,3.546170623,4.02216E-14,0.456866617,0.616638351
Dhh,0.252328192,0.999574161,1.101916626,0.419323789,3.405850761,0.018643862
Tuba1b,0.254065194,0.999574161,1.681828065,6.67522E-07,-1.520312666,0.000897404
Tmbim6,0.055311448,0.999574161,-0.100293628,0.701470623,-0.256601835,0.398875262
Faim2,-0.34666513,0.999574161,-1.819995315,0.035219303,1.878612079,0.110939701
Racgap1,0.038502553,0.999574161,-0.065625844,0.833907543,-0.304646844,0.349793986
Gpd1,0.609494126,0.809408331,-0.678093768,0.123915803,-0.019182831,0.983124776
Cox14,-0.175553094,0.999574161,0.045180513,0.930786514,-0.222313947,0.682499842
Lima1,0.729330358,0.572809752,0.021923103,0.97752853,-0.037485719,0.965239617
Larp4,-0.058222649,0.999574161,1.408804744,4.36304E-09,-1.143120184,0.000454977
Cela1,0.25108852,0.999574161,-1.693975827,0.002387816,0.97838894,0.248736273
Nr4a1,0.092750601,0.999574161,1.050097646,0.037185296,0.998351083,0.1571184
Csad,-0.080027087,0.999574161,-0.664022402,0.040106801,0.400463988,0.428878899
Amhr2,0.294102251,0.999574161,2.090215638,0.004270714,0.034944788,0.982990206
Calcoco1,-0.187053688,0.999574161,-1.234953069,3.4458E-08,1.415220662,9.54327E-07
Cdkn1a,0.832144373,0.735652091,0.380935999,0.574613176,7.551267459,2.7583E-43
Cep89,-0.28517033,0.999574161,-1.294052422,1.13593E-07,0.569399106,0.124810673
Mospd1,-0.153607887,0.999574161,-0.229316927,0.497717366,-0.287599843,0.538328276
Cxcl13,0.320766569,0.999574161,0.142047824,0.935672906,1.314580343,0.39783839
Gtf2ird1,0.101085252,0.999574161,-0.990074075,0.000454449,1.146204083,0.00214493
H2-M10.2,0.063633858,0.999574161,2.017102931,0.004872201,-1.095882013,0.338232292
Ndufa5,0.086516793,0.999574161,1.853652118,1.84623E-10,-0.928587221,0.027964362
Msrb2,0.007500008,0.999574161,-0.483022271,0.153074612,0.044188656,0.947754019
Rfc2,-0.087018717,0.999574161,0.10699698,0.745800746,-0.318488417,0.392889584
Prmt5,-0.034253249,0.999574161,2.271113377,3.64588E-47,-1.036005811,8.4693E-07
Gzma,0.513319687,0.999574161,0.020289181,0.979838575,-0.197683408,0.852227007
Get1,-0.129230904,0.999574161,0.661057884,0.019298374,-0.759550103,0.049232787
Lrrc69,0.682329756,0.999574161,2.414676905,0.032927719,-1.211326485,0.509333085
Rpp14,-0.102497768,0.999574161,1.780079668,2.41521E-19,-1.055299164,9.60865E-05
Slc38a1,-0.057564527,0.999574161,-0.00133581,0.995815951,-0.440542655,0.067192625
Vwa5a,0.201741202,0.999574161,-0.317007187,0.184410077,-0.026752366,0.95324521
Epb42,-0.087818102,0.999574161,-0.505499104,0.426869841,-0.102242841,0.922962434
Kcnk5,0.245235548,0.999574161,-0.047059069,0.923655217,-1.156726872,0.001851565
Parp3,-0.086800436,0.999574161,0.75449225,0.042233284,-1.090995463,0.023461618
Acy1,-0.253862105,0.999574161,2.104483042,3.89026E-13,-0.422480708,0.399036646
Gabrr2,-0.269354348,0.999574161,2.503489207,0.000143383,-0.056329639,0.969803779
Creld2,0.631007986,0.747306229,1.229683609,0.00137413,-1.146800613,0.030422643
Twf2,0.037140778,0.999574161,0.059197638,0.890986541,-0.718314532,0.049712784
Dtwd1,-0.073485033,0.999574161,1.521601308,3.7383E-06,-0.838843946,0.087326046
Gcm1,0.20519176,0.999574161,-0.10552758,0.936870573,2.209026082,0.027975231
Clec4n,0.718751943,0.883797316,0.383743877,0.548898637,0.25615674,0.786588867
Tmem176a,0.045923772,0.999574161,-0.246866023,0.654752833,0.096279432,0.906819568
Slc17a9,-0.192822535,0.999574161,0.052924968,0.888695692,-0.399659515,0.263985841
Cela3b,0.593784099,0.999574161,0.953428899,0.658615557,0.967231301,0.743542188
Tpi1,-0.025109715,0.999574161,1.848042511,3.6264E-10,-1.48700285,0.000188029
Cdca3,0.685132853,0.831375602,0.307123082,0.607858779,-0.881954132,0.189076653
Ccndbp1,-0.284729571,0.999574161,-0.523763742,0.03321241,0.396676348,0.276553182
Rsph3b,0.13369106,0.999574161,-0.441461401,0.158724333,-0.045368106,0.939519098
Slc22a3,0.725575162,0.999574161,-0.203263768,0.919704797,-1.014108199,0.63401528
Acat2,-0.239646535,0.999574161,0.949077037,0.002305066,-0.511983647,0.293641418
1700010I14Rik,-0.284726173,0.999574161,-0.728551302,0.026615241,0.43833677,0.396512273
Phf10,-0.166158897,0.999574161,1.114970674,1.12437E-07,-0.726992028,0.014775164
Smoc2,-0.369648352,0.999574161,0.215955134,0.872015612,0.503993854,0.753741718
Zscan10,0.8018723,0.999574161,-1.752408483,0.512875792,4.127957842,NA
Paqr4,0.288892063,0.999574161,0.448812338,0.308079479,-1.081479774,0.041501614
Pla2g7,0.413711151,0.999574161,-0.807243489,0.110757366,0.889365626,0.202317237
Rhag,0.525789867,0.980490136,-0.118794793,0.853561672,-0.309927635,0.684556168
Mrpl14,-0.081000355,0.999574161,1.478932261,0.000418443,-0.60619991,0.376341399
Sgo1,0.25954603,0.999574161,0.485978591,0.342598966,-1.117632161,0.069091425
Slc29a1,0.212769226,0.999574161,2.287402902,2.5612E-17,-1.596510436,1.03917E-05
Hsp90ab1,0.1335926,0.999574161,2.300364625,6.13136E-16,-1.125388334,0.005403621
Tcte1,-0.436872267,0.999574161,-0.609565717,0.661428629,1.326923713,0.425696128
Vegfa,-0.621320017,0.999574161,1.092222569,0.051170105,0.558278772,0.542540047
Gtpbp2,-0.106888074,0.999574161,-0.578720401,0.040645668,0.103037444,0.848200891
Polh,-0.00904897,0.999574161,1.110849389,1.67693E-05,-0.971001347,0.00642232
Enpp5,0.200510763,0.999574161,-0.544828254,0.436038366,0.236369506,0.834910415
Cyp39a1,0.411957872,0.999574161,-1.647982572,6.15636E-07,-0.088197632,0.900372752
Fbxl17,-0.048731249,0.999574161,-0.488665896,0.060366178,0.004960151,0.991901442
Crip3,0.50046624,0.999574161,-1.208207906,0.005215111,0.966982271,0.109961253
Rrp36,-0.090048775,0.999574161,1.236422858,6.31089E-07,0.91861579,0.007904069
Ptk7,-1.229769107,0.999574161,-1.202933367,0.370906368,2.630845676,0.101286524
Guca1b,0.12670229,0.999574161,2.15831117,3.53166E-10,-0.195559912,0.777560804
Guca1a,0.816679796,0.999574161,0.005822859,0.99685251,-0.875414985,0.613461151
Gm20517,-0.165222606,0.999574161,1.617029443,2.01225E-05,0.123438964,0.875290264
Bysl,-0.03085588,0.999574161,2.072534311,3.37008E-30,-1.074521934,1.22472E-05
Tfeb,-0.068297153,0.999574161,-0.211522596,0.505513021,-0.580893381,0.107752014
Treml1,-0.232834775,0.999574161,-0.241749959,0.896228939,0.573149275,0.789854444
Tspo2,0.303278349,0.999574161,-0.296811377,0.750618259,-0.635871833,0.579767744
Ppil1,-0.085979438,0.999574161,0.931109011,1.04148E-05,-0.830471615,0.004299594
Mtch1,-0.123451564,0.999574161,0.144498148,0.609194152,-0.405636713,0.205221642
Fgd2,-0.267378255,0.999574161,-0.153852738,0.697610513,-1.035608494,0.006401572
Abcg1,0.198368,0.999574161,-1.175311522,3.04143E-12,0.050668256,0.887495777
Wdr4,-0.271718943,0.999574161,2.062385955,1.4699E-14,-0.548221292,0.203830394
Cbs,-0.133457038,0.999574161,2.85278138,3.04149E-06,0.004422271,0.997113414
Sik1,-0.098457274,0.999574161,1.275100389,0.001938223,1.341620571,0.015875488
Arhgap28,-0.35917099,0.999574161,-0.632266456,0.64576658,0.803552623,0.662482835
Epb41l3,0.780808977,0.572001815,-0.550389912,0.259076238,0.115990808,0.892364133
Emilin2,0.506614066,0.999574161,-0.364431861,0.646847231,0.176887535,0.878354468
Smchd1,-0.130841458,0.999574161,-0.332549597,0.081065476,-0.331045017,0.216648971
Ndc80,0.000465478,0.999574161,-1.146453845,0.000119614,-0.327718279,0.537790777
Galnt14,-0.187473083,0.999574161,-0.958976011,0.141125391,0.782680255,0.416988391
Ehd3,0.405987652,0.89576735,-0.488284084,0.126179354,-0.064556251,0.91254089
Xdh,0.498364964,0.999574161,-0.21764338,0.768790974,0.682761728,0.409702664
Dpy30,-0.02519893,0.999574161,1.389944962,4.04989E-07,-0.699882642,0.087623525
Spast,-0.197005176,0.999574161,0.658848754,0.008162164,-0.625368726,0.071202678
Yipf4,-0.23906703,0.999574161,-0.201375776,0.617968,-0.193162121,0.73753608
Ttc27,-0.152381647,0.999574161,2.368421552,1.35919E-19,-0.68948364,0.084667936
Cebpz,-0.117499797,0.999574161,1.782546417,3.08458E-21,-0.751978034,0.005237916
Qpct,-0.218336776,0.999574161,-1.161623524,0.299113184,1.354752763,0.373864717
Man2a1,-7.81327E-05,0.999883177,-0.814635582,1.80734E-05,0.153849239,0.666057425
Vapa,-0.115641682,0.999574161,1.026608114,2.77092E-05,-0.81026959,0.017850488
Srsf7,-0.033833322,0.999574161,1.439867105,4.48746E-07,-1.014244912,0.011330297
Twsg1,-0.050613393,0.999574161,-0.692706942,0.006631366,0.595543338,0.099065642
Ndufv2,-0.064100008,0.999574161,1.335540523,3.01845E-09,-0.780359462,0.015122693
Cacna1h,0.219525009,0.999574161,-1.392609778,0.007032567,0.914751523,0.238025929
Lrpprc,-0.102907903,0.999574161,1.799117897,2.08665E-18,-0.706519187,0.017922179
Prss30,-0.07488681,0.999574161,-0.838156056,0.082296839,0.692163838,0.327896295
Abca3,0.098977704,0.999574161,-0.925571731,6.37561E-11,0.564527509,0.004523489
Eci1,-0.146980364,0.999574161,1.476498247,1.76944E-07,0.068193978,0.909246654
Pigf,-0.06445688,0.999574161,1.225516518,0.000771758,1.528203249,0.001438722
Cript,-0.207385339,0.999574161,0.265191885,0.463783392,-0.396904135,0.399602744
C3,0.29166336,0.999574161,0.513848847,0.341955949,-0.389167309,0.633374228
Nme4,0.37774507,0.999574161,1.133315221,0.005860196,1.579966718,0.002745287
Pgap6,0.148207877,0.999574161,-0.442152387,0.043039446,0.113597139,0.774489959
Mrpl28,-0.164467488,0.999574161,1.093949521,0.000671234,-0.620620413,0.205859598
Pdia2,-0.000100092,0.999891172,-0.222168449,0.874707422,0.092223321,0.960390758
Fam234a,0.078984658,0.999574161,-1.018330579,1.27442E-05,1.042809606,0.000773073
Phf1,-0.050443107,0.999574161,-0.962207305,2.32733E-05,0.156019438,0.725380796
Cuta,0.13147431,0.999574161,0.770676518,0.009008049,-1.078585033,0.005418751
Plin3,-0.117721984,0.999574161,-0.25444614,0.187260318,-0.153923443,0.618577017
Rfx2,-0.20720998,0.999574161,-1.362059267,0.000143823,0.885692612,0.089614834
Uqcc2,-0.050035389,0.999574161,2.053969784,3.6893E-13,-1.094075658,0.006535248
Ip6k3,-0.667080196,0.999574161,-0.381064766,0.895592833,1.272320908,0.69581347
Grm8,-1.280517714,0.821233047,0.169481133,0.902593641,-0.327719847,0.845846207
Clps,-0.045689534,0.999574161,0.224373909,0.979838575,5.333490168,NA
Svil,-0.110896622,0.999574161,-1.112169947,8.88068E-09,1.29316838,1.92571E-07
Tmem178,0.30786628,0.999574161,-1.438381518,0.388598002,0.755644714,0.770970591
Thumpd2,0.065441168,0.999574161,0.613887767,0.039912101,2.111493262,4.72888E-10
Pkdcc,0.082504731,0.999574161,-0.211760173,0.812180397,-0.045409041,0.972143486
Cox7a2l,-0.116591447,0.999574161,-0.677707442,0.002662968,0.408481175,0.234203973
Polr2d,-0.000892166,0.999574161,1.683775976,2.11672E-11,-0.848366895,0.019338205
Thoc1,-0.088235113,0.999574161,1.664012813,1.32906E-14,-0.6011218,0.064083204
Esco1,-0.141500698,0.999574161,0.462895722,0.072197974,-0.661141202,0.048811227
Adamts10,-0.246111256,0.999574161,-0.244672477,0.316845801,0.019934108,0.964953277
Myo1f,0.167466565,0.999574161,-0.757680029,0.037130994,0.194901055,0.767980603
Kifc5b,0.132799125,0.999574161,0.22902785,0.679857231,1.980989724,7.89703E-05
Pfdn6,-0.100264531,0.999574161,1.871636659,6.08058E-12,-0.764851432,0.059939521
Wdr46,-0.025805477,0.999574161,2.303230363,4.0808E-40,-0.339724291,0.236613681
Rnf138,-0.136550496,0.999574161,0.803518322,0.000222794,-0.755971956,0.011716524
H2-Oa,-0.050352701,0.999574161,-1.256842889,1.48305E-09,0.058388466,0.896090773
Psmb8,0.005574548,0.999574161,0.340207226,0.23531069,-0.843707697,0.012617413
Btnl2,-0.212967563,0.999574161,-1.133254891,0.000108174,0.389382615,0.432154819
Hspa9,0.008836532,0.999574161,2.484840282,5.87191E-41,-1.017313379,5.90794E-05
Etf1,-0.013923434,0.999574161,1.90645611,1.37073E-23,-1.160079347,5.49365E-06
Nelfe,-0.029555239,0.999574161,1.53965833,1.04296E-12,-0.62630789,0.052200973
C2,0.230965434,0.999574161,0.122286032,0.801019522,-0.26153797,0.656151411
Epb41l4a,-0.089039952,0.999574161,2.18356523,2.32621E-05,-0.732876176,0.398875262
Stard4,0.050802627,0.999574161,0.968635857,0.000119864,-1.148805477,0.000581564
Bin1,0.042904207,0.999574161,-0.26740145,0.098773259,-0.44389488,0.030422643
Csnk2b,-0.06998138,0.999574161,1.289846245,1.62989E-08,-0.78338771,0.015888236
Myo7b,-0.751070675,0.999574161,0.195507861,0.973956026,5.441639859,NA
Aif1,0.327845785,0.999574161,-0.261458326,0.650788594,-0.278279625,0.72881735
Ltb,-0.278080401,0.999574161,0.21775841,0.492975783,-1.508721333,1.20822E-06
Tnf,-0.191993556,0.999574161,2.288472246,1.12336E-18,-2.03527469,1.55869E-09
Lta,-0.024167109,0.999574161,1.229397285,6.57182E-11,-1.350366241,3.55639E-08
Zfp521,-0.480825034,0.999574161,-0.213987137,0.850112766,-0.042654247,0.980057555
Lama3,-0.191668735,0.999574161,0.479315308,0.784897056,0.688841802,0.761484946
Ttc39c,0.452512761,0.999574161,-0.098354436,0.94920952,0.731908522,0.611658897
Ndfip1,0.098482541,0.999574161,-0.579531611,0.00655176,0.326393365,0.325103147
Mrps18b,0.012640241,0.999574161,2.133905534,2.38015E-25,-0.677118809,0.024887042
Pcdh12,-0.644361374,0.999574161,-1.086455582,0.322116911,0.687591953,0.691130347
Arap3,0.307914062,0.999574161,-0.29958568,0.644678793,0.27805592,0.760182981
H2-M5,-0.013862883,0.999574161,0.493950711,0.854885172,1.013488148,NA
Gabbr1,0.2030602,0.999574161,-0.689028618,0.013455703,0.352659778,0.42899491
Ap3s1,-0.0014117,0.999574161,0.215161727,0.601550903,-0.291439657,0.598475647
Slc4a9,-0.753837325,0.999574161,4.001326478,0.116566278,1.635459013,NA
Lars,-0.110647181,0.999574161,1.891127073,3.17174E-16,-0.744435957,0.028299608
Dpysl3,-0.21509262,0.999574161,-0.038244192,0.978737461,0.804980394,0.578336184
Mbd2,-0.054027084,0.999574161,-0.421168355,0.008471067,0.105803846,0.72105894
Sec11c,0.062720054,0.999574161,-0.167202998,0.379338763,-0.410291323,0.064853229
Pmaip1,0.323288538,0.892199085,0.443811591,0.066326092,3.148450129,7.3002E-35
Srfbp1,-0.082505108,0.999574161,2.117033662,6.06919E-27,-0.850308836,0.002383534
Lox,-0.29434559,0.999574161,2.597950733,0.127016624,1.254610153,0.656934083
Spire1,0.409510183,0.916610955,1.549353577,2.68695E-08,-1.66193546,6.30034E-06
Snx24,0.061159619,0.999574161,-0.796365104,0.187742965,0.305358807,0.765567778
Psmg2,-0.108567273,0.999574161,1.845973217,5.33099E-10,-1.04274971,0.014245554
Ppic,0.423723543,0.999574161,0.196802246,0.924122113,-0.275261331,0.908524003
Ldlrad4,0.016342739,0.999574161,-1.36234318,0.000144737,0.818497077,0.121474097
Me2,0.002921054,0.999574161,0.479367426,0.018625979,-0.687027519,0.009798128
Grpel2,-0.132805322,0.999574161,1.126789869,3.11924E-07,-0.842369991,0.006124121
Nars,0.130474884,0.999574161,1.973385854,6.20093E-23,-1.226937483,4.70581E-06
Fech,-0.869115966,0.999574161,-1.111621674,0.239180643,0.245673322,0.881153738
Nedd4l,-0.112888321,0.999574161,-0.980499136,6.61129E-06,0.445006678,0.185904029
Tmx3,-0.079528504,0.999574161,0.157776152,0.687616986,-0.72632035,0.069116572
Pdgfrb,-0.971757936,0.999574161,0.180438831,0.905650076,0.940802824,0.554270511
Csf1r,0.220800833,0.999574161,-0.691039666,0.074279432,0.102700442,0.886503915
Psat1,0.339295777,0.989002519,2.491990401,1.14806E-24,-1.717243294,7.67533E-08
Cbln2,0.190414647,0.999574161,2.157862892,0.048828738,0.547511859,0.780176718
Anxa1,-0.137666125,0.999574161,-1.525828492,0.002959362,0.439995394,0.632082596
Rab3il1,0.606509902,0.552225806,-0.401271874,0.291095553,-0.436058234,0.411462797
Fads3,0.729990992,0.999574161,0.704304815,0.344846726,-1.765358485,0.046749647
Fads2,0.022479723,0.999574161,0.462085316,0.654915484,-0.883835935,0.502068806
Tmem138,-0.051950926,0.999574161,0.963914829,0.017629384,-1.020822959,0.068217846
Tmem216,-0.148142633,0.999574161,0.414654939,0.255810533,-0.438380154,0.398080097
Ms4a7,0.608587926,0.741967236,-0.184527964,0.724883324,0.056381498,0.9430502
Ms4a1,-0.183217253,0.999574161,0.537335155,0.123945298,-0.675109378,0.148222516
Ms4a4c,-0.274307851,0.750877216,0.337056521,0.060301154,-0.944562851,7.17576E-06
Fam111a,0.060571558,0.999574161,0.709527432,0.005575899,-0.96200645,0.004110929
Lpxn,-0.014649268,0.999574161,0.465319826,0.093291937,-0.803826032,0.0210655
Rfk,-0.036817852,0.999574161,-0.278938741,0.280292872,-0.294147299,0.42050531
Pcsk5,-0.830016847,0.999574161,0.009761629,0.993676407,1.696503182,0.170641412
Carnmt1,0.051212691,0.999574161,1.542177008,3.84528E-06,-1.598493623,0.000349611
Trpm6,0.930222112,0.999574161,2.490677274,0.057116987,-0.409453112,0.86499398
Ms4a8a,0.080689662,0.999574161,-0.815133414,0.34915614,0.752940224,0.549629361
Ccdc86,-0.097924011,0.999574161,2.066658154,9.69839E-24,-0.149441628,0.720354371
Prpf19,-0.071956978,0.999574161,2.020115316,5.93251E-11,-0.735135918,0.120619214
Tmem132a,0.207918351,0.999574161,0.45153297,0.254815327,-0.988509864,0.041491948
Fen1,0.075339408,0.999574161,1.696764985,5.50434E-09,-1.168829091,0.004036412
Syt7,-0.038955432,0.999574161,-0.801131808,0.298088128,1.334509346,0.168470702
Tmc1,0.306039112,0.999574161,-1.207631771,0.325516658,1.798015078,0.246921046
Zfand5,-0.178956724,0.999574161,0.184483519,0.596829781,-0.619629457,0.100998016
Slc22a19,0.258369653,0.999574161,-0.815195423,0.098383566,0.593359487,0.422173264
Rtn3,0.064124221,0.999574161,-0.41190061,0.047422713,-0.15450321,0.666248144
Atl3,-0.003545084,0.999574161,0.45490587,0.045004948,-0.675170551,0.021215596
Cdc42bpg,0.072467214,0.999574161,-0.674857466,0.014625962,4.779480032,9.29801E-57
Ankrd22,1.48613022,0.999574161,1.526496284,0.413534702,-1.455539825,0.581861075
Stambpl1,-0.236545002,0.999574161,-0.164483705,0.505042739,-0.601581755,0.024351858
Ppp2r5b,-0.125409066,0.999574161,-0.520646734,0.105278273,0.019498287,0.976560359
Fas,0.468691742,0.999574161,2.184190957,5.28021E-07,1.669232608,0.00558828
Lipa,0.453223867,0.949061934,-0.654097236,0.075975657,0.108709284,0.874911373
Rcl1,0.102313723,0.999574161,2.400271001,1.62384E-44,-0.84845716,0.000396753
Jak2,-0.118666555,0.999574161,-0.819502332,3.13678E-05,0.063816345,0.875290264
Sac3d1,-0.16143371,0.999574161,1.492428246,1.08274E-05,1.242946842,0.00798053
Cdca5,0.440651912,0.999574161,1.028486738,0.012736731,-1.297571197,0.018638048
Tnfrsf25,-0.118009803,0.999574161,-0.006081019,0.996285227,0.616408363,0.70504351
Htr7,0.470612756,0.999574161,-0.450072904,0.75687808,-0.388991863,0.848200891
Rad9a,-0.170885819,0.999574161,0.712804997,0.038355496,-0.517416654,0.315792258
Mrpl21,0.047065663,0.999574161,1.961047877,9.27465E-13,-0.890744692,0.025919008
Coro1b,0.042494669,0.999574161,-0.596112586,0.005045402,-0.106853665,0.791344666
Eif1ad,-0.143999763,0.999574161,1.483014821,5.10665E-12,-0.992653944,0.000822108
Banf1,0.29733553,0.999574161,1.754348698,3.19388E-14,-0.416113231,0.274783321
Pitpnm1,-0.170531772,0.999574161,-0.88181275,8.06343E-07,0.75182721,0.002099425
Pold4,-0.073325068,0.999574161,-0.767722173,0.005105795,0.618675422,0.114413585
Pacs1,0.009071501,0.999574161,-1.020118662,1.62348E-06,0.320289691,0.366139797
Cdk2ap2,-0.049860501,0.999574161,0.178266876,0.663109062,-0.266896177,0.616638351
Pip5k1b,-0.31635284,0.999574161,-1.73893196,9.82792E-10,0.931832977,0.022822587
Aldh3b1,0.102791032,0.999574161,-0.198944344,0.482246488,-0.498275925,0.130611856
Asah2,0.182576022,0.999574161,-0.692317213,0.005933187,0.19981301,0.657397151
Rce1,-0.163797176,0.999574161,1.439543634,6.85062E-07,-0.894251369,0.032073448
Slc29a2,-0.118974243,0.999574161,2.674578404,7.92164E-19,-0.990653657,0.027092225
Minpp1,0.176746669,0.999574161,1.55359441,2.88382E-08,-1.38601735,0.000239671
Cpt1a,0.121230825,0.999574161,-2.519437266,3.0483E-20,1.011828169,0.010084001
Peli3,-0.15321807,0.999574161,-1.298816183,0.098015232,4.4145802,1.06341E-07
Mrpl11,-0.072023546,0.999574161,1.534464841,6.35459E-12,-0.508191195,0.143617643
Fosl1,-0.10488964,0.999574161,1.519179099,3.09858E-05,1.777730979,0.000184206
Slc1a1,0.12491915,0.999574161,-0.026934734,0.982346568,0.203059014,0.90728783
Kcnk7,-0.35658488,0.999574161,-0.721038634,0.383246438,0.125981422,0.931961322
Ehbp1l1,-0.002734351,0.999574161,-0.30508524,0.04284204,-0.088836023,0.744879685
Fam89b,-0.07048144,0.999574161,-0.981723719,0.000153454,0.066945674,0.901271221
Capn1,0.094710115,0.999574161,-1.103918092,2.06553E-10,0.35985565,0.190125298
Map4k2,-0.265524556,0.999574161,-0.999667952,0.000195385,0.26400937,0.581311457
Prdx5,-0.165529298,0.999574161,0.360193862,0.181848105,-0.385556767,0.30787542
Gpr137,0.07007141,0.999574161,0.058642919,0.895188346,-0.419479518,0.324831956
Stip1,0.082656997,0.999574161,2.538121923,5.57549E-13,-1.708971957,0.000396753
Rcor2,-0.245855042,0.999574161,1.450354379,0.000222794,-0.653170146,0.304318217
Tcf7l2,0.767027237,0.735652091,-0.587008353,0.278936696,0.185933453,0.84247175
Hhex,-0.126595994,0.999574161,-1.057878677,0.000243952,0.893878317,0.025807833
Cep55,0.420048351,0.999574161,0.356375918,0.571372471,-1.164221393,0.091600657
Prdx3,-0.029478954,0.999574161,1.500929902,3.32282E-06,-0.868615107,0.0661612
Plce1,-0.452551332,0.999574161,-0.585078882,0.405709327,0.285851589,0.798228578
Noc3l,0.045315911,0.999574161,2.213858755,4.66979E-25,-0.968110844,0.001283906
Hells,0.088539901,0.999574161,1.375595202,3.39316E-10,-1.350473456,2.74574E-06
Sorbs1,-0.247134587,0.999574161,-1.278387131,7.77322E-06,1.00538663,0.011365184
Aldh18a1,0.134891695,0.999574161,2.244001476,2.13323E-31,-1.370359456,6.68835E-08
Tctn3,0.201638043,0.999574161,0.347264081,0.312277325,-0.733784862,0.079353935
Ccnj,-0.064415102,0.999574161,-0.230299134,0.463497654,-0.541490464,0.144124946
Dntt,-1.040725324,0.892199085,-0.400836807,0.687616986,0.055926479,0.972143486
Add3,-0.137983142,0.999574161,-2.109841169,1.09312E-32,0.419928999,0.131671241
Arl3,0.065825688,0.999574161,1.019867108,0.002953499,-1.015479558,0.032672541
Fundc1,0.136401123,0.999574161,-0.020184391,0.970437943,-0.399763866,0.369823283
Msr1,-0.572630352,0.999574161,0.542281547,0.422880015,-0.045539562,0.970305736
Pcgf6,-0.046252217,0.999574161,1.845059521,1.72963E-11,-0.80523805,0.047520367
Gsto1,0.360838394,0.86374204,1.923043476,6.37178E-18,-1.066717579,0.000556112
Casp7,0.0903257,0.999574161,-0.358000383,0.335752544,2.054070291,6.543E-08
Afap1l2,-0.758133058,0.999574161,0.303910338,0.816711624,0.397879155,0.815504112
Ablim1,-0.010840055,0.999574161,-0.697476793,0.001305553,0.227433435,0.545750396
Trub1,-0.063390174,0.999574161,1.794798152,1.33825E-25,-0.28559117,0.329343692
Gfra1,-1.127636976,0.980490136,-0.6322419,0.580397052,-0.278459682,0.87749794
Hspa12a,0.798861537,0.974027795,-2.068853844,0.001407224,-0.226902569,0.861821806
Slc18a2,-0.482222131,0.65067145,0.09843712,0.812180397,-0.104594788,0.850559674
Btbd1,-0.043699346,0.999574161,0.675281095,0.001628356,-0.975913794,0.000440938
Hdgfl3,0.021900027,0.999574161,-1.120726123,0.000869307,-0.193925353,0.763961778
Ppp1r27,0.20810748,0.999574161,2.118799517,0.019093399,0.049803395,0.980057555
Ints4,-0.118840606,0.999574161,-0.6779458,0.000659689,0.22094786,0.521290177
Alyref,-0.042883973,0.999574161,2.130649589,8.49786E-19,-0.830251643,0.017513535
Pcyt2,-0.170469757,0.999574161,1.304198354,3.54797E-09,-0.740607458,0.019200764
Myadml2,-0.457997228,0.999574161,-1.998861483,0.14007296,-0.362006011,0.887537955
Cbr2,1.505134653,0.536328212,-0.504459208,0.655591561,0.162537955,0.922106136
Maged1,0.354918459,0.999574161,-0.549680471,0.0844085,-0.067550039,0.909924459
Fasn,0.007979442,0.999574161,2.021991531,1.07128E-18,-0.90032065,0.005954524
Arhgap19,0.632087536,0.1831739,-0.407288757,0.175227396,-0.415895351,0.326811117
Gps1,-0.165818366,0.999574161,1.616443877,6.94245E-09,-0.83654023,0.040046687
Zdhhc16,-0.130934742,0.999574161,0.918102272,0.000418113,-0.761265858,0.037895308
Cd7,-0.382966362,0.999574161,-0.213121236,0.702357752,-0.026211825,0.976660882
Ogfod3,-0.103202999,0.999574161,0.231927449,0.597929976,-0.640090429,0.206661772
Ankrd2,-0.742329736,0.999574161,-0.215261011,0.906205746,0.234084893,0.918223712
Fn3k,0.735197596,0.999574161,-0.680708162,0.630286731,0.7362191,0.70143447
Entpd7,-0.193934718,0.999574161,-0.573041084,0.058691635,0.20865825,0.693037448
Dnmbp,0.080706691,0.999574161,-0.993017386,2.82253E-05,0.686549091,0.042547322
Bloc1s2-ps,4.140271786,0.999574161,0.224265143,0.979838575,3.454202488,0.757297679
Scd2,0.236913132,0.999574161,0.604704822,0.01616139,1.349845755,9.39426E-06
Sfxn3,-0.068682547,0.999574161,-1.544030687,1.51862E-05,1.567570002,0.001043767
Kazald1,-0.242526566,0.999574161,0.453195988,0.613471163,2.160059347,0.016722998
Tlx1,-1.286025476,0.999574161,-0.052171374,0.979838575,0.639596394,0.810545794
Actr1a,-0.091499923,0.999574161,0.286807581,0.350907422,-0.39332102,0.3360143
Hexa,0.333698005,0.843902525,0.264860034,0.306227815,-0.652625762,0.031512132
Limd1,-0.211872679,0.999574161,0.189742049,0.623325855,-0.631538808,0.133058536
Sacm1l,0.053327085,0.999574161,0.505182338,0.06075239,-0.830277198,0.015317286
Lztfl1,-0.313116898,0.402368121,-0.431725826,0.006644749,-0.128542495,0.65493838
Tbl1x,-0.214671909,0.999574161,0.614129524,0.007005352,-0.471338971,0.153172689
Zfhx4,-1.257976252,0.999574161,-1.919291507,0.588677661,5.455281387,NA
Hsd17b10,-0.226832764,0.999574161,0.840717545,0.003122562,-0.484616111,0.268721639
Tsr2,0.010959379,0.999574161,1.768063567,5.88337E-18,-0.787566847,0.00749396
Fgd1,-0.512046242,0.999574161,1.358262797,0.089118067,0.329323887,0.82254648
Maged2,0.281883026,0.999574161,-0.879837505,0.060112979,0.888158387,0.164948395
Alas2,-1.875428559,0.999574161,-1.535910291,0.493975274,-0.815057585,0.815057788
Tro,0.189886527,0.999574161,-0.731027753,0.479069143,0.449977325,0.773831986
Dnase1l3,0.353076444,0.999574161,-0.377752841,0.354125202,0.113801069,0.86740045
Prdx4,0.185795671,0.999574161,0.367516649,0.273426565,-0.566741438,0.192056258
Sp4,-0.094414955,0.999574161,0.156599599,0.633391867,-0.379005777,0.324517344
Padi4,0.258586522,0.999574161,-0.631907677,0.528130103,1.612127625,0.153241119
Itga7,-1.59496712,0.911858097,0.122230428,0.953132655,2.362764355,0.150553293
Rdh5,0.002767137,0.999574161,-0.388608295,0.281917637,0.144765642,0.81267706
Cd63,-0.1428133,0.999574161,-0.47474128,0.613471163,0.078020439,0.959174985
Gdf11,0.123167893,0.999574161,-0.920330944,5.38224E-05,-0.952851456,0.00205759
Ormdl2,0.005019799,0.999574161,1.204392713,6.98346E-06,-1.087643453,0.003115913
Dgka,-0.12597989,0.999574161,-2.079922118,6.32168E-12,1.388090894,0.000862785
Cdk2,-0.260727201,0.999574161,0.020148189,0.961667769,-0.611149378,0.040796195
Pmel,-0.169494431,0.999574161,-1.801851417,0.000271729,1.140170964,0.115234188
Pa2g4,0.042373826,0.999574161,2.973153694,1.08806E-34,-0.627608862,0.093193437
Esyt1,-0.133361939,0.999574161,-1.522036978,3.69017E-14,-0.416699708,0.195515651
Aatk,0.76772733,0.840185128,-0.932690117,0.102948332,0.520917252,0.564812285
Atp5b,-0.069458666,0.999574161,1.740429429,1.45126E-11,-0.998078169,0.00617737
Prim1,-0.151509579,0.999574161,1.339541016,1.61426E-05,-0.472167394,0.356855071
Myo1a,0.810170499,0.999574161,2.606920211,0.000461688,-1.634957151,0.134829407
Shmt2,-0.022150247,0.999574161,3.085175812,3.88137E-55,-0.764447914,0.00749396
Gli1,0.202843677,0.999574161,-0.734462728,0.192201406,0.636996997,0.437603426
Pias2,-0.179373261,0.999574161,0.231527482,0.427915613,-0.50404983,0.148740271
Atp5a1,-0.068902944,0.999574161,1.417730601,8.12399E-09,-0.715095303,0.047294892
Crisp3,0.630526613,0.874528412,-2.544377,4.94374E-08,-1.445184261,0.046514789
Clns1a,-0.097229779,0.999574161,1.733108046,1.27614E-12,-0.78745251,0.026771638
Scart1,0.126926912,0.999574161,0.594371382,0.682913652,0.680417609,0.732639635
Adam8,0.05329213,0.999574161,0.510358853,0.145220568,2.051246815,9.22447E-08
Adgra1,-0.385416704,0.999574161,-0.041459413,0.978737461,2.398728622,0.052565447
Inpp5a,-0.325857183,0.999574161,-1.27797102,5.33351E-06,0.883601895,0.02647722
Dpysl4,-0.369569969,0.999574161,-0.700935054,0.683102709,1.701122659,0.392894829
Syce1,-4.82822638,0.351061406,1.910197284,0.413791428,2.35273735,0.519928175
Urah,-1.504981345,0.999574161,4.647862691,0.051682502,2.356071647,0.54586235
Odf3,0.423736344,0.999574161,2.403366567,0.010472076,-0.355355687,0.845846207
Ifitm5,0.04310951,0.999574161,-0.483403607,0.660099493,-0.087588568,0.959635107
Ifitm1,1.864563362,0.68012956,0.639500353,0.66751846,-0.191105935,0.932177529
Ifitm3,0.197792606,0.999574161,-0.690693865,0.160175931,0.869303947,0.186885501
Sigirr,-0.30285408,0.999574161,-1.058719774,1.71255E-05,0.643533452,0.073977264
Irf7,-0.332951563,0.999574161,-0.962742523,0.008722476,0.695095989,0.19879998
Lmntd2,-0.081097987,0.999574161,-1.27176739,0.000194819,0.621601775,0.242870061
Taldo1,0.002359579,0.999574161,0.550294528,0.091651803,-0.547332261,0.234203973
Eps8l2,0.215090755,0.999574161,0.060426349,0.978578441,1.282070871,0.547079569
Pidd1,0.029104368,0.999574161,1.041113893,0.000566351,3.189338937,1.72851E-19
Muc2,-1.678120146,0.999574161,0.400104357,0.882956904,3.225321931,NA
Tmem192,0.035417632,0.999574161,-0.01759731,0.966040108,-0.381312234,0.243960498
Tmc6,-0.144236433,0.999574161,-0.965056097,0.000464174,0.951927028,0.011260498
Rbfox3,0.341228565,0.999574161,0.982197267,0.660099493,1.118544374,0.709624623
Cbx2,-0.259105439,0.999574161,0.646709609,0.12894543,-0.711329892,0.236420343
Cbx8,-0.175370142,0.999574161,0.280199707,0.599217859,-0.92719455,0.112507437
Eif4a3,-0.208835678,0.999574161,1.641277264,2.61004E-10,-0.666653367,0.089168942
Nptx1,-0.580236416,0.999574161,-0.871150867,0.60036684,2.559827998,0.160415387
Tma16,-0.153325283,0.999574161,1.825247646,9.15755E-33,-0.439038969,0.059207083
Dach2,-0.200110309,0.999574161,0.69899935,0.20526903,1.447540234,0.030417663
Copg2,-0.146338776,0.999574161,0.425390312,0.233284102,-0.424352334,0.401925329
Podxl,-0.25638938,0.999574161,0.182298322,0.838085762,-0.059270414,0.960968061
Bach1,-0.121158635,0.999574161,-0.285817218,0.102409739,-0.017745361,0.959174985
Cct8,0.068874792,0.999574161,2.408366197,2.66946E-23,-1.330473055,5.21734E-05
Shisa5,-0.096668489,0.999574161,-1.198023999,1.25589E-09,0.471378165,0.117328396
Pfkfb4,-0.115260026,0.999574161,-1.01700243,1.01211E-08,0.105873871,0.767980603
Col7a1,-0.494677549,0.999574161,0.831728168,0.100648956,1.012859097,0.136548298
Arhgef9,-0.102988344,0.999574161,-0.417163235,0.458511689,2.662694384,1.2011E-06
Cnksr2,0.641542456,0.999574161,-0.278535633,0.860512918,1.145745985,0.49049054
Alox5,0.849144701,0.999574161,-0.257336815,0.851483226,1.392353113,0.303098031
Marchf8,0.291236913,0.999574161,-0.412859098,0.249854402,0.20397914,0.729881746
Slc28a1,-1.064587753,0.999574161,4.869797363,0.001948159,1.566752082,0.60224067
Rab40c,-0.146517228,0.999574161,0.13529743,0.787678141,1.861830873,1.1311E-05
Mcrip2,-0.178042901,0.999574161,1.495344356,0.02033062,-1.479154731,0.110314726
Jmjd8,-0.060129483,0.999574161,1.02559775,0.000192154,-0.722640407,0.06848233
Sdc3,0.606440752,0.809408331,-1.006191381,0.011384006,-0.092154549,0.906924112
Agbl1,-0.495471174,0.999574161,-1.681430661,0.005664508,1.436092597,0.094498892
Hspa4l,0.012700459,0.999574161,0.416642467,0.486828195,-1.505773714,0.020135791
Mfsd8,-0.159846747,0.999574161,-0.441940624,0.031066534,0.065997745,0.86713135
D3Ertd751e,0.139709802,0.999574161,-0.404139895,0.070200832,-0.034686603,0.93748002
Crispld1,-0.543361872,0.999574161,-0.842554802,0.351779044,0.434605955,0.764942239
Itih5,-0.286913981,0.999574161,-1.786351317,1.89533E-08,-0.084827308,0.900797959
Atp5c1,-0.118619781,0.999574161,1.012873633,0.00012461,-0.752412964,0.045302474
Exosc7,-0.125581348,0.999574161,1.634194428,6.10553E-08,-0.951256295,0.028625438
Rassf3,-0.032828774,0.999574161,-1.670200344,8.91509E-17,0.318106822,0.353383224
Ccr1,0.159591959,0.999574161,0.35703075,0.569873229,-1.003825343,0.154798731
Nudt5,-0.055214259,0.999574161,1.621642666,8.59728E-07,0.287175982,0.64186255
Pramel6,-0.313167338,0.999574161,-1.823485944,0.002077411,1.199785479,0.167657128
Prkar1b,0.237357627,0.999574161,-0.625426219,0.260732073,0.467753596,0.578402975
Dnaaf5,-0.227455618,0.999574161,0.569077086,0.063355368,-0.597652867,0.16040245
Cplx2,-0.562131582,0.999574161,-2.440180027,7.58375E-05,1.291636378,0.166216673
Higd2a,-0.068827346,0.999574161,-0.28707814,0.455481612,0.074934523,0.905442521
Nop16,-0.151177247,0.999574161,2.336859443,3.00828E-26,-1.0736767,0.000473518
Thoc3,-0.178758605,0.999574161,1.240609612,2.54261E-10,-0.679166702,0.015898554
Tspan17,0.443323631,0.999574161,-2.202903527,0.000124687,0.30221805,0.786987775
Unc5a,0.550424275,0.999574161,-1.269778214,0.048533517,0.706844846,0.485839991
Hk3,1.213840089,0.001435629,-0.374614821,0.362170989,-0.593932216,0.257188545
Casp12,0.269633719,0.999574161,-1.036183017,0.473381798,0.296369091,0.899601215
Snca,-9.873440863,0.015617574,-1.357736156,0.757851881,-0.424526618,0.95155218
Kbtbd3,-0.055389423,0.999574161,0.086509118,0.857605563,-0.275283506,0.619184685
Aasdhppt,-0.04410318,0.999574161,1.59129524,5.34997E-10,-1.020397588,0.00461057
Adhfe1,0.539106514,0.995037433,1.934625099,9.54444E-07,-1.166062047,0.041343478
Mybl1,1.025701148,0.536448709,-0.019379375,0.981038045,3.086299151,4.47101E-06
Sgk3,-0.020354359,0.999574161,-0.325947468,0.100959298,-0.355923319,0.195184294
Rdh10,-0.169101681,0.999574161,0.303531741,0.441769859,-0.602507717,0.214201183
Tfap2b,-0.137613509,0.999574161,-0.944273382,0.212656758,1.21523036,0.231098267
Paqr8,0.337606817,0.999574161,-0.6127008,0.127016624,-0.344566632,0.598856381
Tmem14a,0.338784958,0.999574161,-0.4740435,0.528927865,0.280879101,0.804512899
Tram1,-0.032835907,0.999574161,0.122254397,0.788274534,-0.270508775,0.623913752
Slco5a1,-0.601435693,0.750629678,-0.658052189,0.102621135,0.538771392,0.365763111
Idh1,0.20287511,0.999574161,-0.373704042,0.295777705,0.0123204,0.985535002
Fastkd2,-0.097861967,0.999574161,1.884229,6.35459E-12,-0.978798467,0.012697694
Adam23,0.337008669,0.999574161,-0.314701622,0.616126733,-0.017426733,0.985927477
Nrp2,0.675359938,0.717430316,-0.013413292,0.981476684,-0.314896191,0.665013075
Rftn2,-0.112377363,0.999574161,-1.030495647,0.000129482,0.422690033,0.332782959
Hspd1,0.195676169,0.999574161,3.23277315,8.00753E-24,-1.878767374,1.38545E-05
Slc40a1,0.75330684,0.741967236,-0.554292959,0.301403543,-0.025312671,0.980729662
Wdr75,0.02658924,0.999574161,2.323786266,1.05412E-25,-1.156397846,0.000143361
Ctla4,0.13583055,0.999574161,0.252725257,0.793811367,1.402799812,0.138453626
Wdr12,0.031686521,0.999574161,1.855561808,6.52178E-18,-0.646884311,0.043652992
Nop58,-0.016594988,0.999574161,2.524801288,4.22771E-47,-1.221151026,1.36586E-07
Cdk15,-0.159512701,0.999574161,-0.39034844,0.68490677,2.0231274,0.034089281
Stradb,-0.233114584,0.999574161,-0.766841846,0.011494649,0.221654724,0.686208615
Casp8,-0.018022893,0.999574161,-0.333128991,0.011202549,-0.039809303,0.877055695
Orc2,0.031286912,0.999574161,1.7365244,4.66586E-15,-0.890915034,0.004599497
Sgo2a,0.506963549,0.999574161,0.568136269,0.270658692,-1.046595266,0.103217997
Col5a2,-0.764807271,0.999574161,0.058650744,0.97498244,1.135916518,0.465564841
Col3a1,-0.721192573,0.999574161,0.210789363,0.861770658,0.650084107,0.638820249
Ercc5,0.118192768,0.999574161,0.153436406,0.581772622,2.503448927,6.7145E-25
Tex30,-0.229247519,0.999574161,1.051913852,0.00128696,-0.896549829,0.052112298
Ecrg4,-0.153804468,0.999574161,0.831892516,0.446558653,-0.950551616,0.545614624
Il1r1,0.126270645,0.999574161,-0.307499189,0.711970578,0.349474258,0.75745229
Il1r2,1.583634913,0.892199085,1.469723748,0.238408364,0.417985847,0.845375563
Chst10,0.801253315,0.017311182,2.302062607,9.33505E-22,-1.10477969,0.00097679
Mrpl30,-0.195827239,0.999574161,1.026633133,0.000839749,-0.748030879,0.092041509
Asnsd1,-0.000886577,0.999574161,0.658136644,0.023342489,-0.782791407,0.044662316
Ormdl1,-0.120270659,0.999574161,0.410514134,0.207000181,-0.734756368,0.071755941
Unc50,-0.109809924,0.999574161,0.222309428,0.582598558,-0.295320309,0.585236601
Inpp4a,0.47634021,0.288016382,-0.513468397,0.024721487,0.243761778,0.516546409
Ptpn18,-0.038187797,0.999574161,-0.622128413,4.78745E-05,0.194570523,0.457787284
Imp4,-0.033126542,0.999574161,1.508572648,6.60363E-17,-0.853290775,0.000650679
Fam135a,0.280510499,0.999574161,-0.120457262,0.911093175,0.156234838,0.904526139
Sdhaf4,-0.01162297,0.999574161,-0.153523264,0.815981057,-0.105234587,0.905442521
B3gat2,-0.309061924,0.999574161,-0.313382914,0.396710368,-0.037189946,0.954845224
Sphkap,1.920902146,0.999574161,2.129142044,0.488942962,0.688704311,NA
Wnt10a,-0.5000632,0.999574161,2.627290692,2.88804E-07,0.341434032,0.737711197
Cyp27a1,-0.051256044,0.999574161,-1.226576829,6.94709E-07,0.230749497,0.617714077
Vil1,-0.42782182,0.999574161,1.512549049,0.044462155,0.513216893,0.702625073
Ctdsp1,-0.099880585,0.999574161,-0.105197629,0.624674966,-0.157453398,0.5766916
Slc11a1,0.700541508,0.268886249,-0.335534836,0.384264622,0.203075083,0.737099279
Ppm1f,-0.130097965,0.999574161,1.01507694,0.000375754,-0.712633427,0.084431257
Igfbp5,-0.578421193,0.999574161,-0.145404355,0.965017361,2.499698612,NA
Xrcc5,0.08679782,0.999574161,1.812728327,1.66109E-19,-0.683622401,0.019199963
Atic,0.064195601,0.999574161,2.482912591,8.66655E-28,-1.34223857,1.17037E-05
Zfand2b,-0.129862169,0.999574161,-0.17127439,0.660731762,-0.307656599,0.533475284
Abcb6,0.006214418,0.999574161,1.795213149,5.42243E-19,-0.949428524,0.000784371
Tuba4a,0.085953666,0.999574161,1.400325422,1.04658E-06,-1.80621448,9.54327E-07
Ptprn,0.515167967,0.999574161,1.0185778,0.488081638,-0.091815997,0.971553328
Slc23a3,-0.259616321,0.999574161,1.9438314,0.020375452,-0.593896904,0.697090936
Speg,-0.719405317,0.999574161,-0.428881253,0.696299094,1.347207449,0.27001479
Des,-0.681257661,0.999574161,-0.087754861,0.9567589,0.818351851,0.578885926
Dnpep,-0.062985011,0.999574161,0.689348472,0.005065056,-0.739990753,0.026765922
Obsl1,-0.038587793,0.999574161,1.083918578,0.484702772,0.385749664,0.875936992
Stk11ip,-0.201872056,0.999574161,-0.80537815,0.00022037,0.234532301,0.541782009
4933407L21Rik,0.155762937,0.999574161,-0.389807723,0.597677246,0.286548667,0.788622268
2810459M11Rik,-0.091710127,0.999574161,0.053903458,0.978388904,0.021510917,0.991901442
Ncl,0.221565261,0.999574161,2.680077611,7.89664E-43,-0.722980982,0.010910132
Ptma,-0.100439029,0.999574161,1.769745084,1.50969E-10,-0.205872105,0.706088486
Farsb,-0.059961378,0.999574161,1.427512064,1.18563E-08,-1.003128326,0.004074212
Serpine2,0.128753047,0.999574161,-0.090794941,0.844068702,2.573318378,1.48178E-13
Efhd1,-0.706739965,0.999574161,-0.222253975,0.895704476,0.129055476,0.953358823
Ngef,-0.318911106,0.999574161,-0.489554435,0.886710806,4.084395656,NA
Bok,-0.620227431,0.999574161,0.313507593,0.776893704,-0.484005433,0.747893503
Ing5,-0.087390893,0.999574161,0.928112774,9.41327E-07,-0.791082935,0.00232591
Pdcd1,0.204353668,0.999574161,0.612437213,0.55424052,0.765885336,0.580053064
Iqca,-0.017163887,0.999574161,-2.229676389,0.285180616,4.293582132,0.07197083
Mlph,0.342335619,0.999574161,-0.027510828,0.979838575,1.272424501,0.239824329
Scly,-0.00940019,0.999574161,-0.131392708,0.428774767,-0.171474903,0.445701051
Asb1,-0.10468757,0.999574161,-0.515938569,0.03321241,-0.158161684,0.717702365
Hdac4,-0.079195305,0.999574161,0.935041371,0.000261948,2.382719518,6.32597E-15
Serpinb8,-0.263364081,0.999574161,-1.3878065,0.014601799,1.521758142,0.047520367
Actr3,-0.090980027,0.999574161,0.359180973,0.12550803,-0.656905843,0.024083521
Slc35f5,0.410733185,0.918177186,-0.222411038,0.580384213,-0.468847486,0.336803322
Lct,0.278468298,0.999574161,2.079952292,0.00067041,-0.570085465,0.603957997
Mcm6,0.148149991,0.999574161,1.509803876,4.05608E-08,-1.739345847,1.03568E-06
Dars,0.055781333,0.999574161,1.743736653,7.56185E-12,-1.050262362,0.003279538
Rgs18,0.065193194,0.999574161,0.007477335,0.987812982,1.994520112,9.54327E-07
Rgs1,1.306918256,0.217982184,0.535605748,0.443679809,-1.267391543,0.121346853
Rgs2,-0.34272831,0.961581296,0.037391123,0.936870573,-0.49571309,0.207995336
Nifk,0.009497282,0.999574161,2.621473399,1.01504E-33,-1.264569869,1.60491E-05
Marco,0.963630028,0.37390254,1.874139989,3.59016E-05,0.638328589,0.39783839
Nek7,0.0023144,0.999574161,-0.507731893,0.000219038,-0.369097224,0.061302467
Ptprc,-0.102391986,0.999574161,0.008537635,0.976874676,-0.819375794,1.26168E-05
Cd55,-0.33411049,0.860786796,-2.26700374,9.00662E-28,2.041750273,7.37116E-15
Cd55b,-0.32967215,0.999574161,-1.854066803,4.24962E-12,1.395078879,0.000103673
Cacna1s,1.079286257,0.717430316,0.339360141,0.706084101,-0.003256365,0.997836619
Tmem9,-0.338743466,0.999574161,-0.925533088,0.010720782,0.618442077,0.258571948
Pkp1,1.045003395,0.999574161,0.226657953,0.943680695,2.184519683,0.412705456
Tnnt2,0.65436508,0.999574161,0.156033171,0.905599292,0.958785007,0.459698724
Fcamr,0.074549572,0.999574161,-0.743004706,0.067037084,0.422923233,0.513736702
Pigr,-0.258372526,0.999574161,0.05508894,0.907655199,-0.324990425,0.509261327
Il24,-0.323789429,0.999574161,-0.414011068,0.400780111,-0.470637538,0.499474362
Rassf5,-0.11563142,0.999574161,-0.385069646,0.033791137,0.083474299,0.804512899
Avpr1b,-0.984635802,0.999574161,-1.265631275,0.421946163,4.488625521,0.006542867
Rab29,-0.20277136,0.999574161,-0.421599591,0.138403105,0.070452977,0.89314217
Slc45a3,0.578958734,0.589770753,-0.441978273,0.22650906,-0.17946016,0.769290039
Elk4,-0.026471744,0.999574161,-0.118693187,0.63762048,-0.155237464,0.644185921
Cdk18,0.278376902,0.999574161,-0.497974177,0.570632124,1.307400433,0.186885501
Lrrn2,0.657805688,0.999574161,5.342005039,2.46164E-05,1.02814052,0.651512064
Pik3c2b,-0.117032203,0.999574161,-1.660828718,3.6853E-11,0.701462965,0.060440713
Cyb5r1,0.044329747,0.999574161,-0.61141836,0.00067516,0.005637663,0.988977676
Adipor1,-0.199924318,0.999574161,-0.22512317,0.414308468,-0.115558455,0.789828246
Mr1,-0.00490422,0.999574161,-0.769971531,0.000117143,0.211908891,0.550608022
Lamc1,0.073022718,0.999574161,-1.066627757,0.00018019,2.14829403,6.18652E-10
Rgl1,0.065642636,0.999574161,-0.803574925,0.012865388,1.285583322,0.001830429
Niban1,0.263075968,0.999574161,-0.387465637,0.329456752,0.234742585,0.707008374
Parp1,-0.177674463,0.999574161,0.53329487,0.076486952,-0.558025237,0.180830346
Capn2,0.118015983,0.999574161,-0.931077023,3.45164E-06,0.459142984,0.128853911
Tmem63a,0.060677229,0.999574161,-0.965764433,1.03551E-06,0.177739184,0.630923844
Opn3,-0.169557872,0.999574161,0.014362069,0.979482002,-0.729538229,0.122629736
Fh1,-0.17845447,0.999574161,0.633611432,0.013721847,-0.841451785,0.012843962
Spta1,0.08301764,0.999574161,-0.847456123,0.686358269,-1.442044727,0.588951855
Slamf9,-0.899783689,0.238732159,0.266422741,0.609587946,-0.239849671,0.75120402
Vangl2,-0.418280489,0.999574161,-0.876859722,0.069239786,0.678416728,0.344861696
Uck2,0.119878328,0.999574161,3.091809295,1.38048E-42,-1.005514458,0.001694625
Mpzl1,0.812921638,0.251092592,-1.160793321,0.002854539,1.238769993,0.01525905
Dcaf6,-0.103644865,0.999574161,-0.573182887,0.000575156,0.334305231,0.183621814
Xcl1,0.009708033,0.999574161,0.559786674,0.499230089,-0.924659594,0.390857504
Atp1b1,-0.705278263,0.607945913,-1.187500679,0.002613639,0.651339057,0.289209684
Ccdc181,-0.093407944,0.999574161,0.121083218,0.738845609,-0.689263596,0.058135043
F5,-0.077434197,0.999574161,-0.898211269,0.233320266,0.606491548,0.605674842
Selp,-0.301015589,0.999574161,-1.465333199,0.065400573,1.432313599,0.196867735
Sell,-0.202174931,0.865714039,-2.26304264,6.68427E-72,-0.16612175,0.468635428
Sele,-0.329699264,0.999574161,-4.062833699,1.00356E-15,1.095806346,0.168299124
Kifap3,0.018097192,0.999574161,-0.940962288,0.00102454,0.382552367,0.419076512
Prrx1,-0.089932108,0.999574161,0.117406707,0.925108901,1.322405681,0.220019713
Astn1,0.009108193,0.999574161,-0.029703368,0.98100783,0.348309657,0.83315364
Sec16b,0.038585213,0.999574161,-1.544234294,0.000478939,1.004914031,0.116338626
Ralgps2,-0.179877166,0.999574161,-0.640831921,0.001462899,-0.384463404,0.206892995
Soat1,0.055406576,0.999574161,-0.016527417,0.963495365,-0.562479593,0.024957619
Smyd2,0.366448987,0.999574161,2.64078614,8.83417E-24,-0.859721287,0.025924681
Ptpn14,0.512821992,0.299255015,-0.801472089,0.000846471,2.164782071,2.02334E-14
Cenpf,0.554281318,0.852311211,-0.433024599,0.323379061,-0.431625369,0.491716436
Eprs,0.020996343,0.999574161,2.287511988,2.53318E-30,-1.00761473,0.000267598
Cr2,0.287745828,0.999574161,0.887137467,0.000318772,-1.849450795,7.64278E-10
Nek2,0.337965008,0.999574161,-0.16250914,0.767228609,-0.654376784,0.26255011
Lpgat1,-0.098378196,0.999574161,0.026014538,0.953384948,-0.473722678,0.168580004
Batf3,0.029134761,0.999574161,-0.545563838,0.347978549,-0.024364258,0.982705477
Traf5,-0.036924126,0.999574161,-0.576303972,0.063463497,0.380570734,0.42564497
Nmt2,-0.067229321,0.999574161,0.923584093,0.00010701,-1.033727509,0.001174242
Cfap126,0.71987195,0.764228794,-0.034876029,0.970290601,3.967453209,3.61781E-14
Fcgr2b,0.147252949,0.999574161,-0.373773788,0.037360802,0.020107101,0.956273488
Phyh,-0.024052907,0.999574161,-1.243100845,7.67667E-10,0.392273454,0.227123931
Mcm10,0.512366534,0.86374204,1.067287824,0.001726587,-1.488660929,0.000831203
Hsd17b7,-0.152988233,0.999574161,1.863489422,9.70005E-11,-1.394509199,0.000414194
Lmx1a,0.19926514,0.999574161,-0.268427326,0.871016076,1.135722538,0.517844014
Mgst3,0.179581661,0.999574161,-1.131197069,0.055325433,-0.512975704,0.61169397
Tnfsf4,1.459265529,0.720002214,3.147197878,2.79176E-05,5.359346435,2.72638E-10
Mrc1,0.442463698,0.999574161,-1.049388018,0.007056224,0.206699507,0.777560804
Rabgap1l,-0.183634946,0.999574161,-0.892057676,1.77324E-08,0.498106251,0.028993326
Tnn,-0.172451575,0.999574161,-1.570947493,0.073848439,1.139853121,0.384134339
Vim,-0.187305452,0.999574161,-2.227459192,3.76276E-19,1.103110619,0.001572441
4930426L09Rik,-0.584718787,0.999574161,-0.851824443,0.271897362,1.432338405,0.143494026
Pip4k2a,0.297816008,0.606547702,-0.334976654,0.057086293,-0.243362934,0.35810949
Bmi1,-0.0268471,0.999574161,0.805018883,0.000721859,-0.893203792,0.005315477
Psmb7,-0.032245864,0.999574161,1.365147369,3.05002E-07,-0.789541155,0.041206725
Nr5a1,-1.184093213,0.89576735,-0.718975195,0.495863648,0.962348559,0.505431048
Arpc5l,-0.284721281,0.999574161,0.476590102,0.062165506,-1.076729827,0.000510576
Il2ra,-0.474671585,0.964930404,0.781774754,0.038525729,1.972406837,1.14381E-05
Yme1l1,-0.047611711,0.999574161,0.819103733,0.006577464,-0.777722411,0.063003106
Slc2a8,-0.020259244,0.999574161,-1.450812582,0.000195433,1.994531485,5.2826E-05
Coq4,-0.104107082,0.999574161,1.60814098,1.29818E-10,-0.848062968,0.019102294
Barhl1,-0.519862944,0.999574161,1.584469756,0.003334988,-0.104434866,0.926158922
Ddx31,-0.06044471,0.999574161,2.044244132,3.905E-21,-0.938400327,0.002159514
Spaca9,-0.054257634,0.999574161,-0.655247737,0.347818528,0.109247709,0.92964661
St6galnac6,-0.096358391,0.999574161,1.7922552,1.69969E-12,-0.376603909,0.390271147
Eng,-0.340782565,0.999574161,-0.237908846,0.690916294,2.69382735,2.91584E-07
Gfi1b,2.261786507,0.675624227,-0.17642446,0.944076912,-1.851982998,0.391177808
Ak1,0.631792907,0.999574161,1.742879552,0.060618919,2.988243731,0.006904922
Slc25a25,-0.115029215,0.999574161,0.183551928,0.495231542,-0.647863644,0.027593655
Lcn2,3.214002858,0.109913264,1.620168364,0.252508948,-1.743898949,0.372069847
Kcnj3,0.407386589,0.999574161,-0.319378566,0.855363268,0.22217742,0.922429184
Dnm1,-0.172463759,0.999574161,0.182222424,0.808751518,2.791335435,4.54172E-06
Gpd2,-0.02075495,0.999574161,-0.129422539,0.652405437,-0.234077171,0.516212173
Gbgt1,0.319333826,0.999574161,-0.871726033,0.110648137,0.165951809,0.868596523
Ermn,-0.564116456,0.999574161,0.145614455,0.841193641,-0.2255939,0.808508153
1700007K13Rik,0.675615787,0.999574161,0.224311114,0.960821942,10.94541775,5.67278E-05
Olfm1,0.225625989,0.999574161,-0.550075632,0.528687601,0.231706841,0.86493433
Acvr1,0.572540576,0.999574161,-0.150869917,0.924546561,-0.357139967,0.845375563
Col5a1,-0.368943251,0.999574161,-0.097122998,0.950366857,0.752214784,0.605902465
Lamc3,-2.095931923,0.999574161,-0.1275719,0.969855399,4.467356149,NA
Crat,-0.074742463,0.999574161,-1.422201114,4.25415E-15,0.045972819,0.90728783
Dolpp1,-0.14533403,0.999574161,-0.004963836,0.990179709,-0.53131125,0.196390483
Ntmt1,-0.235781886,0.999574161,1.477744574,6.56717E-07,-0.721104339,0.107622982
Hspa5,0.294624335,0.999574161,1.891391554,1.1572E-13,-1.351658391,8.4743E-05
Psmd5,0.021128683,0.999574161,1.171626099,2.44338E-07,-1.042925099,0.000690689
Zeb2,-0.089542276,0.999574161,-0.563693341,0.03071973,0.28844327,0.494899964
Phf19,0.269086592,0.999574161,1.235612783,2.35137E-06,-1.839895335,4.45792E-08
Hc,-0.323497679,0.999574161,2.882123564,0.085197177,1.25637618,0.658304187
Gsn,0.050089762,0.999574161,-1.395746609,3.28121E-22,-0.560146729,0.00749396
Stom,0.505360484,0.717430316,-0.610688066,0.059240969,-0.612412585,0.176657758
Dab2ip,-0.047737496,0.999574161,-0.976169777,0.014299602,2.089348202,1.52868E-05
Mrrf,0.065749922,0.999574161,1.658504129,1.9185E-12,-0.670093957,0.057022615
Slc4a10,-0.1866663,0.999574161,-1.813789286,1.39833E-05,0.412410708,0.592303934
Strbp,-0.262184876,0.999574161,-0.727435504,0.000402553,0.093546266,0.81885237
Egfl7,-0.594042999,0.883797316,-0.019709358,0.978578441,-0.027008181,0.976560359
Agpat2,-0.203211705,0.999574161,-0.144286433,0.698577115,-0.476591873,0.253002508
Notch1,0.07117976,0.999574161,-0.441510551,0.128357677,2.898320745,2.27125E-21
Fcna,0.906307225,0.157148416,-0.136483237,0.808576921,-0.161114562,0.826668052
Tmem141,0.52298229,0.999574161,-0.167717195,0.842705274,0.020130042,0.985927477
Ccdc183,0.095386287,0.999574161,1.736150639,0.209025605,0.51369557,0.832072855
Abca2,-0.026407338,0.999574161,-0.408169429,0.097233327,0.153014392,0.720354371
Uap1l1,-0.025824961,0.999574161,-0.589758875,0.004461499,-0.10960503,0.780176718
Dpp7,-0.002345235,0.999574161,0.480968289,0.175449482,-0.593702868,0.217408431
Arl6ip6,0.010195683,0.999574161,0.446985633,0.153810317,-0.623932794,0.130611856
Itgb6,0.191326387,0.999574161,-0.035277245,0.978578441,1.687072517,0.107752014
Arrdc1,-0.277856381,0.999574161,-0.948359593,0.000590225,0.613510844,0.130770307
Zmynd19,0.037479032,0.999574161,2.02991707,2.66158E-18,-1.422755291,5.00956E-06
Il1rn,0.186315365,0.999574161,-0.241734054,0.797100146,0.571556551,0.610257581
Hnmt,0.430629959,0.999574161,-1.331352828,0.50000492,1.982405248,NA
Baz2b,-0.067940066,0.999574161,-1.163653638,2.18381E-13,1.02467296,8.18402E-07
Galnt3,0.618378599,0.716605795,-0.288921976,0.543387283,-0.106851224,0.884122491
Nckap1,0.129644881,0.999574161,-0.442896526,0.67902504,0.418570472,0.776012216
Slc25a12,0.067770774,0.999574161,-0.147291058,0.445262873,-0.253434127,0.300298306
Ube2e3,-0.165977664,0.999574161,1.494810666,1.09354E-06,-1.181505661,0.005605812
Zfp385b,0.099106152,0.999574161,-1.02919968,0.433765028,1.988810442,0.20724676
Hat1,0.088301079,0.999574161,1.518381321,1.69178E-09,-0.970806664,0.006249539
Xirp2,0.675611867,0.999574161,0.224311633,0.976874676,5.183277345,NA
Ssrp1,0.034740609,0.999574161,1.810558041,7.47146E-18,-0.884232105,0.002939029
Prg3,-0.384462004,0.999574161,-0.214473426,0.873838552,-1.416610573,0.293641418
Prg2,1.355835215,0.720002214,-0.158403164,0.907655199,0.70459945,0.628660033
Slc43a3,0.159489758,0.999574161,1.456941262,2.06634E-09,0.043590643,0.935574717
Timm10,-0.196442704,0.999574161,2.612339548,1.21013E-25,-0.984638296,0.006295139
Ube2l6,-0.580116754,0.999574161,-0.709152169,0.174100965,0.205977359,0.822413863
Tfpi,-0.281348776,0.999574161,0.496393437,0.265739222,-0.400428628,0.552434536
Mtx2,-0.033961037,0.999574161,1.594247971,1.35703E-09,-0.666512428,0.094020957
Ola1,0.019424474,0.999574161,2.230690407,6.08482E-19,-0.775990118,0.037092035
Itga6,-0.096132058,0.999574161,-1.515198656,3.29529E-16,1.093123616,9.77286E-06
Slc12a6,-0.172066583,0.999574161,-0.944082419,1.04577E-05,0.199954711,0.61169397
Katnbl1,-0.121554302,0.999574161,0.50943528,0.067163217,-0.618042508,0.100415751
Nop10,-0.00395962,0.999574161,1.809194147,3.64041E-06,-0.95720987,0.100175585
Eif3m,-0.121674042,0.999574161,1.1575533,4.52244E-05,-0.751805238,0.067860739
Prrg4,0.48720823,0.741967236,0.362118311,0.3005205,5.053978799,3.32948E-52
Fbxo3,-0.100499564,0.999574161,-0.060338136,0.846844161,-0.235035339,0.489499433
Nat10,-0.106465425,0.999574161,2.180037269,2.67798E-23,-0.426134118,0.236613681
Cat,-0.095425,0.999574161,-1.121883737,3.4262E-07,0.132345711,0.762004667
Api5,-0.066002739,0.999574161,1.404069372,5.60259E-08,-0.968205269,0.007518858
Hsd17b12,0.240422534,0.999574161,1.763621911,2.12349E-12,-0.803243825,0.028006315
Gatm,0.299321399,0.999574161,-1.318082881,0.021050613,0.458319728,0.644958115
Dut,0.127692492,0.999574161,1.79927247,7.48972E-07,-1.016063566,0.056016683
Fbn1,-0.606113612,0.999574161,0.150839467,0.907873567,0.838817444,0.536216553
Fgf7,0.446320997,0.999574161,0.988133545,0.328498673,1.009428342,0.472766322
Meis2,0.045993261,0.999574161,-0.167272497,0.886024366,1.001092381,0.380695457
Slc28a2,-0.111287952,0.999574161,-1.123509303,1.20696E-05,-0.125976429,0.807106949
Chst1,1.154591756,0.750877216,0.239386673,0.827472906,0.434241837,0.748324549
Sord,-0.159131656,0.999574161,-1.396433645,0.00067041,1.323989898,0.01797105
Creb3l1,0.557035499,0.999574161,-1.116915664,0.236071514,3.301721538,0.000981966
Lrp4,0.498434956,0.702411363,-0.523631339,0.104000693,0.238272703,0.656126831
Pacsin3,0.273207541,0.999574161,0.577984289,0.694816421,1.263365705,0.4685353
Snap25,0.348680434,0.999574161,-0.201611633,0.90510087,2.273146958,0.107518685
Mkks,-0.056441473,0.999574161,1.045128958,0.000382458,-0.932388532,0.022451727
Ehd4,-0.31623555,0.999574161,-1.81893107,5.63458E-07,3.127953949,2.87554E-12
Ltk,0.136613771,0.999574161,-2.690121189,1.85289E-19,0.070235312,0.915090867
Ndufaf1,-0.100587386,0.999574161,1.171196044,3.95096E-05,-0.657320428,0.123084084
Nusap1,0.101645484,0.999574161,0.121802258,0.827042275,-0.963359369,0.059875584
4930402H24Rik,0.033688931,0.999574161,-0.736036625,2.28429E-05,0.267351663,0.349729844
Chac1,0.79471263,0.999574161,2.825186905,0.00274849,-2.609128452,0.048878054
Gfra4,2.453647761,0.481858017,2.029381417,0.134112944,-2.488809939,0.151285855
Siglec1,0.496395443,0.923527246,-0.644521164,0.105628281,0.08164118,0.912040586
Rpusd2,-0.022817028,0.999574161,1.312895707,1.01672E-07,0.849694488,0.014765717
Cdc25b,-0.21222658,0.999574161,-2.795553754,2.80153E-23,0.073438968,0.905442521
Knstrn,0.172044525,0.999574161,-0.118552185,0.776939957,-0.176472852,0.746459129
Smox,-0.041729463,0.999574161,-0.724408575,0.191854629,1.581995473,0.017300812
Rassf2,-0.029389163,0.999574161,-0.150329837,0.535442785,-0.430474081,0.114451246
Tmem230,-0.024469364,0.999574161,0.504786028,0.19063155,-0.413093379,0.472214048
Pcna,0.082312476,0.999574161,1.759364794,1.96823E-08,-1.205766582,0.006008685
Fsip1,-0.157157476,0.999574161,-2.336075242,4.46036E-05,1.881220872,0.014896361
Gpcpd1,-0.200406971,0.999574161,-0.150750375,0.532208947,-0.400827017,0.145805363
Rasgrp1,-0.255553263,0.89576735,-1.48360859,2.70766E-18,-0.31219735,0.267987724
Chgb,3.034601535,0.999574161,6.02748259,0.011003684,-2.989967581,NA
Spred1,-0.248266288,0.999574161,1.065235615,0.000778693,-0.823445529,0.069116572
Crls1,-0.002889141,0.999574161,1.757964845,1.00669E-12,-1.061152427,0.002151716
Gabpb1,-0.142529085,0.999574161,0.978969875,1.43505E-10,1.0160347,2.80213E-07
Usp50,-0.014978966,0.999574161,1.912863141,1.0653E-07,-0.988158868,0.062921084
Stard7,-0.134657083,0.999574161,0.642067854,0.014598192,-0.688225959,0.054912983
Dusp2,-0.199957038,0.999574161,0.557002292,0.162792125,-0.525301885,0.359317414
Mrps5,-0.099755948,0.999574161,1.70354552,1.14647E-22,-0.647498283,0.01016946
Prom2,-1.045170593,0.999574161,0.091350366,0.974473038,2.387573297,0.283070821
Bub1,0.561595267,0.999574161,0.833338609,0.108467192,-1.643018921,0.01089661
Bcl2l11,-0.073578915,0.999574161,0.308877257,0.342516535,2.460897007,1.72302E-14
Ndufaf5,-0.114470286,0.999574161,0.847215305,0.031393885,-0.614997321,0.297679014
Zc3h8,-0.195186278,0.999574161,1.80755243,7.2832E-13,-0.71302657,0.060155148
Polr1b,-0.051536929,0.999574161,2.560576135,3.81911E-40,-0.980935464,0.000248491
Il1b,0.749855666,0.874528412,-0.128340941,0.877913413,0.674163046,0.421566023
Snrpb,-0.131262588,0.999574161,1.538120376,8.4089E-05,-0.671041011,0.279255607
Nop56,0.026056812,0.999574161,2.308249825,2.20125E-46,-1.028494981,1.97361E-06
Cpxm1,-0.003704317,0.999574161,2.78676021,0.001760105,-0.561247331,0.742498727
1700020A23Rik,-0.560069761,0.999574161,1.566272736,0.440085415,0.370348835,NA
Bfsp1,0.465797799,0.999574161,-1.680402847,0.160657787,1.032244818,0.573790633
Cd93,-0.687695335,0.446770693,-1.918771227,7.73018E-09,1.921999668,1.05454E-05
Cst3,0.054089145,0.999574161,-0.620450012,0.013512691,-0.172308752,0.706537554
Acss1,-0.148262439,0.999574161,-1.607413989,6.10501E-23,0.112203192,0.737099279
Gins1,0.174883963,0.999574161,1.326335781,0.000294613,-1.522931013,0.002198341
Fam110a,0.034753624,0.999574161,-0.893907223,0.04368434,2.644290817,1.87054E-07
Slc52a3,-0.014966963,0.999574161,-1.391555397,0.015134242,0.797124891,0.369982453
Tpx2,0.64436155,0.735652091,0.194581119,0.723193444,-0.959611501,0.083806757
Pdrg1,0.004632661,0.999574161,0.898320121,0.006156014,1.21399213,0.004684135
Ccm2l,-0.602998822,0.999574161,-1.492208473,0.180300445,1.909559708,0.197594349
Snta1,0.452966587,0.999574161,-0.746372145,0.223130698,0.028043523,0.981953444
Fam210b,-0.042608456,0.999574161,-0.725598038,0.024591407,-0.016898673,0.981216912
Aurka,0.405085404,0.999574161,0.209491886,0.70518892,-0.74665157,0.21492173
Tpd52,0.013589438,0.999574161,-0.866711235,1.45976E-08,0.608072593,0.004339051
Rae1,-0.203907967,0.999574161,1.512800064,1.47678E-11,-0.801758132,0.012447599
Zbp1,0.179857938,0.999574161,-0.462001013,0.068622587,0.016555935,0.975358682
Fabp12,-0.508426773,0.999574161,-0.775721069,0.656534108,1.617262254,0.44181313
Fabp5,0.194915083,0.999574161,1.422653798,5.64627E-05,-0.992767191,0.050538822
Nfatc2,0.384845022,0.809408331,-0.952416125,0.000100205,1.477985076,1.59775E-06
Car1,2.20201723,0.15444969,-0.84980412,0.454202838,-2.707751337,0.03236769
Dok5,-0.303924134,0.999574161,0.027649847,0.986625258,2.792092637,0.080579411
Car2,0.159317658,0.999574161,-1.189839619,0.288694409,2.159063401,0.121466502
Psma7,-0.043418471,0.999574161,1.71066349,5.92062E-13,-1.101516077,0.000773707
Col9a3,0.395969889,0.999574161,1.568235971,0.010578198,-0.118278465,0.922962434
Chrna4,1.813639015,0.999574161,4.591200261,0.031856768,-0.867595938,0.815057788
Srms,-0.009240886,0.999574161,-0.66968606,0.3199072,0.602400105,0.541481184
Oprl1,0.088130701,0.999574161,2.242430248,0.001223707,-0.249718097,0.858662349
Pcmtd2,-0.196971246,0.999574161,-1.400452688,5.024E-11,0.799219332,0.008129649
Ahcy,-0.161728398,0.999574161,1.457023592,3.14851E-08,0.511628079,0.222362486
Map1lc3a,-0.123527608,0.999574161,-1.095350381,0.007164126,0.267742257,0.727691212
Gss,0.093251234,0.999574161,0.366640291,0.319488105,1.810271151,2.69221E-06
Procr,-0.156021907,0.999574161,0.108836036,0.936455634,0.351634234,0.812354504
Eif6,-0.297468247,0.999574161,1.308485684,7.58419E-06,-0.688417991,0.115700705
Hps3,-0.123085735,0.999574161,-0.212911362,0.433130263,-0.216071236,0.5766916
Epb41l1,0.420205746,0.999574161,-1.179360109,0.002906259,0.880484966,0.11926712
Tbl1xr1,-0.007441191,0.999574161,0.202608139,0.104000693,-0.799895851,8.71907E-09
Rab5if,0.069186955,0.999574161,0.932814702,0.000336161,-0.934535421,0.008348486
Samhd1,-0.089418827,0.999574161,-1.638551897,5.43515E-26,0.303816996,0.234201357
Fam83d,0.664726499,0.999574161,1.52756285,0.023377227,0.538382164,0.642417692
Ccn5,1.310310608,0.999574161,-1.398057276,0.360764208,1.796172829,0.352223991
Zmat3,0.734474485,0.014332645,-0.23577604,0.416617413,3.535139535,3.21219E-40
Actl6a,-0.062110015,0.999574161,1.342537352,1.30398E-06,-0.72308979,0.077833397
Ncoa3,-0.069557788,0.999574161,-0.414574924,0.051766275,0.081718346,0.839981431
Mecom,0.367465607,0.999574161,-0.06773613,0.972693059,1.490002148,0.341792231
Tnik,0.271460714,0.999574161,-1.172499192,0.000884153,0.809296115,0.114785963
Ect2,0.294717055,0.999574161,0.130254506,0.80715179,-0.482303111,0.399481012
Anxa5,0.125456679,0.999574161,-0.753486317,0.04468257,0.555412089,0.322177568
1810062G17Rik,0.221194561,0.999574161,-2.456432576,0.031393885,2.219819103,0.140082801
Ccna2,0.698846127,0.735652091,0.679562803,0.144590329,-1.527715766,0.006697882
Spata5,-0.171921713,0.999574161,1.932394534,9.31178E-17,-0.538879533,0.138049608
Rab33b,-0.101560982,0.999574161,-0.038545835,0.919704797,-0.265211187,0.480634767
Postn,0.034314584,0.999574161,-0.370318613,0.773252976,0.849980618,0.579418176
Exosc8,-0.042575045,0.999574161,1.196946281,9.13829E-07,-0.724401393,0.039925967
Sucnr1,-0.561876693,0.999574161,-0.513716812,0.763101275,2.75076944,0.098020037
Ppm1l,-0.086413563,0.999574161,-1.021956761,6.58112E-05,0.353332221,0.409072318
Sis,0.030660182,0.999574161,-0.691142415,0.502202095,1.44757086,0.239824329
Dclk1,0.207437302,0.999574161,-0.212716115,0.808908028,0.297615897,0.789828246
Tm4sf1,-0.2439972,0.999574161,-0.214529624,0.811821334,0.047288516,0.971553328
Wwtr1,-0.726240255,0.999574161,-0.321936344,0.829527972,0.770507574,0.666248144
Ppid,-0.049870879,0.999574161,1.880285099,3.10591E-14,-0.985496117,0.005010704
Serpini1,0.027854437,0.999574161,-0.772037009,9.43251E-05,-0.084427096,0.835769476
Syt6,1.17684052,0.999574161,1.286566002,0.702357752,1.110791324,NA
Nras,-0.083613679,0.999574161,0.207683895,0.453439357,-0.403610329,0.236420343
Sike1,-0.140667234,0.999574161,-0.888436212,1.96916E-05,0.274619743,0.438191993
Sycp1,0.163747342,0.999574161,-0.295023246,0.704274327,1.767792568,0.018792024
Tspan2,-0.111247648,0.999574161,-1.430409187,3.31673E-10,0.196935606,0.653079716
Cd2,-0.164262055,0.999574161,-1.576188452,1.61515E-20,-0.842765868,0.000360485
Spag17,1.429308505,0.999574161,1.619153147,0.714332956,2.938646189,NA
Hsd3b6,0.951563615,0.999574161,0.367913074,0.768790974,-1.175154982,0.401251009
Hmgcs2,-0.99564618,0.999574161,0.137223334,0.943529027,1.049557907,0.568310393
Notch2,0.102864954,0.999574161,-0.638090955,0.000469818,-0.241095838,0.426610438
Dram2,0.077362307,0.999574161,-0.430042814,0.00865432,-0.204345791,0.443245001
Dennd2d,-0.08677862,0.999574161,-0.525105029,0.002352615,-0.250125673,0.366122692
Ddx20,-0.181429255,0.999574161,0.883271901,2.42374E-06,-0.784328026,0.002274193
S100a11,0.043003198,0.999574161,-0.770124381,0.014165552,1.752255934,3.69493E-06
Slc27a3,0.306966658,0.999574161,1.32285316,0.015333718,0.865013006,0.293554434
Jtb,-0.122078486,0.999574161,1.221872113,2.02622E-05,-0.6958535,0.101421221
Hax1,-0.065017389,0.999574161,1.632616714,1.56288E-09,-0.715911215,0.077341542
Efna1,-1.039617861,0.999574161,-1.388982696,0.225098688,3.263966693,0.014675513
Gask1b,-0.127704386,0.999574161,-0.394108322,0.333206968,2.286271832,3.35555E-08
Prss12,-0.265953553,0.999574161,0.135926673,0.853673413,-0.000239018,0.999635691
Hadh,0.072852563,0.999574161,-0.681286304,0.001452158,0.081951689,0.849883647
Tlr2,-0.007945725,0.999574161,-0.432497999,0.112814698,0.120339766,0.804756357
Sfrp2,0.146209391,0.999574161,-0.180185963,0.960821942,3.600222883,0.177969389
Casp6,0.112987931,0.999574161,-0.725502012,0.000167692,0.427102816,0.135999152
Pla2g12a,0.18667608,0.999574161,1.420090636,5.70205E-09,0.270710223,0.541481184
Gucy1b1,-0.386261847,0.999574161,-0.206362652,0.896026652,0.876094829,0.605674842
Asic5,0.689450361,0.999574161,5.547070177,1.85081E-05,-0.327919566,0.900517657
Gar1,0.2048665,0.999574161,2.486891132,2.87716E-20,-0.593313321,0.164948395
Tdo2,-0.377682576,0.789468782,0.356102756,0.181810305,-0.392319476,0.296943299
Ctso,-0.090189985,0.999574161,-0.175675157,0.415512858,-0.299565108,0.270531071
Pdgfc,0.765024122,0.809408331,-0.979516751,0.081067298,0.725904137,0.378839606
Aimp1,-0.07669664,0.999574161,1.444812976,7.85756E-10,-0.627711596,0.074214966
Dkk2,0.262312591,0.999574161,-0.050193968,0.970014556,1.63546534,0.077833397
Ptgfr,0.306776873,0.999574161,-0.909578358,0.68078351,1.981585553,0.439324286
Zbtb7b,-0.011402082,0.999574161,-0.96249027,1.93676E-05,2.069440962,2.95844E-14
Cks1b,0.346921639,0.999574161,1.18784483,0.001522612,-1.599271286,0.001250609
Hcn3,-0.06134136,0.999574161,2.974897962,4.22275E-17,0.635272682,0.278921867
Rit1,0.081986213,0.999574161,-0.137902028,0.601550367,-0.263126321,0.420709977
Arhgef2,0.045331928,0.999574161,-0.493041404,0.050065743,-0.058771398,0.902975168
Gpatch4,0.004147052,0.999574161,2.855715194,1.70938E-87,-0.676732678,0.000898096
Pear1,0.018233861,0.999574161,-1.529871925,3.11802E-09,2.082237577,1.08039E-10
Cd1d1,0.443762205,0.89576735,-0.461993513,0.196526042,-0.912407152,0.038011724
Dclk2,0.152256304,0.999574161,-1.281165368,8.6639E-08,-0.398309704,0.313056732
Fmo5,0.060373422,0.999574161,-1.285240659,9.66458E-08,1.113665162,0.000583704
Tlcd4,0.81094494,0.999574161,-0.476068947,0.6118009,-0.472795278,0.720354371
Adh5,-0.094977908,0.999574161,1.439911545,4.42866E-07,0.144697981,0.801777127
Rap1gds1,-0.120453707,0.999574161,0.099249904,0.68152295,-0.609633243,0.009467822
Tspan5,-0.237576414,0.999574161,0.806785557,0.000460933,-0.755962128,0.017965569
Eif4e,-0.086876006,0.999574161,1.753010034,3.58907E-11,-1.187110836,0.001172535
Ppp3ca,-0.214937066,0.999574161,0.115822086,0.646847231,-0.615219908,0.014283502
Manba,-0.064704875,0.999574161,-0.408076752,0.020767593,0.033016208,0.925393983
Wls,0.27453003,0.809957214,-1.026747269,3.74557E-09,0.645646608,0.008154695
Depdc1a,0.266653588,0.999574161,-0.250481526,0.701813774,-0.705103726,0.349735144
Lrrc7,-0.088498311,0.999574161,-0.365469719,0.697610513,1.882059446,0.045213128
Ccn1,-2.790378512,0.481858017,-0.345332509,0.866849262,4.572429342,0.012697694
Cryz,0.174854928,0.999574161,-0.511809732,0.198343516,0.017369248,0.982790885
Trp53inp1,-0.00903471,0.999574161,-1.672934041,1.0653E-07,4.220723885,5.35442E-29
Ccne2,0.124502403,0.999574161,0.764767387,0.021675449,-1.185818057,0.006171164
Cdh17,0.419673114,0.999574161,-0.971692369,0.00652763,-0.522739887,0.353024682
Cibar1,0.012129893,0.999574161,0.364055747,0.338663334,-0.716327725,0.125624179
Pip4p2,0.194240733,0.999574161,-0.524364348,0.064895725,-0.531975449,0.186885501
Calb1,-0.228492011,0.999574161,-0.005958564,0.995815951,2.098750676,0.042340007
Decr1,0.12939031,0.999574161,0.385193706,0.129767505,-0.605434234,0.064306949
Cpne3,0.104179051,0.999574161,-0.132481014,0.624338295,-0.542138477,0.056075797
Atp6v0d2,0.123695918,0.999574161,-0.533984792,0.639289856,1.036071929,0.457741197
Sdcbp,0.014740382,0.999574161,-0.369429418,0.197756657,-0.332412192,0.426031747
Tstd3,-0.038947305,0.999574161,-0.501772932,0.03416818,-0.000906804,0.99826477
Ccnc,-0.122601215,0.999574161,0.585217332,0.082430272,-0.470371324,0.345337763
Ndufaf4,0.108626488,0.999574161,2.604830843,1.31638E-15,-1.68878424,0.000142562
Gbp2,0.352248906,0.999574161,0.391615523,0.334602489,-0.873272126,0.071225533
Aldob,-0.791137189,0.999574161,1.005224665,0.530023723,0.59990919,0.808508153
Polr1e,0.003282721,0.999574161,2.48929783,7.39609E-30,-0.768710003,0.01644093
Exosc3,-0.122137309,0.999574161,1.174626069,5.73598E-08,-0.804413063,0.008394303
Tmod1,-0.400344124,0.999574161,-0.258952754,0.87863964,-0.175645457,0.936344659
Ncbp1,-0.086102701,0.999574161,1.466779325,4.33536E-13,-0.777544258,0.006915958
Hemgn,1.058719945,0.716605795,0.10871959,0.919704797,-0.980975263,0.322133002
Nr4a3,0.007511619,0.999574161,0.571976497,0.375229442,1.811952768,0.011463089
Tmeff1,1.202609058,0.719131064,0.19059279,0.871535267,-0.277322764,0.848200891
Zfp618,-0.04147001,0.999574161,-0.597754742,0.511359108,1.243345997,0.254334447
Tnfsf8,0.115501318,0.999574161,-0.475997745,0.356520459,3.680837571,3.87401E-14
Tnc,0.167833047,0.999574161,0.161034826,0.953132655,3.093766501,0.117362121
Astn2,-0.45676301,0.999574161,-0.778750982,0.31172643,1.717866518,0.061302467
Ugcg,-0.031325297,0.999574161,0.894082222,3.81655E-19,-1.195430811,9.6711E-22
Ptbp3,-0.107707013,0.999574161,-0.017517918,0.967348098,-0.402506677,0.218217556
Snx30,-0.119503502,0.999574161,-0.55502596,0.005841134,0.009850242,0.982705477
Slc46a2,-0.544829678,0.999574161,-1.48758446,0.19994668,0.879505642,0.634813814
Pole3,-0.036708648,0.999574161,1.756866104,1.02059E-18,-0.550054997,0.068652559
Mpdz,-0.844187271,0.999574161,0.065675657,0.97195136,0.763823631,0.660762851
Smu1,-0.092357644,0.999574161,1.490237744,3.89026E-13,-0.709864993,0.016342499
Dnaja1,0.149514969,0.999574161,2.201132209,2.94421E-06,-2.352904064,0.00016013
Tmem38b,2.914394261,0.062429386,-0.085667624,0.967682594,-2.595004793,0.087021172
Rad23b,0.112835463,0.999574161,1.573862855,2.43075E-18,-0.987666968,5.07968E-05
Nol6,-0.02513465,0.999574161,1.876379037,3.04954E-16,-0.432287664,0.250410403
Elp1,-0.160205639,0.999574161,1.640706005,4.33227E-13,-0.596016023,0.082091086
Epb41l4b,-0.39979853,0.999574161,0.97637516,0.112496069,-0.49747713,0.629477021
Dcaf12,-0.273679402,0.999574161,-0.792179121,0.009672861,-0.315855872,0.54284984
Nudt2,-0.081251958,0.999574161,1.527049941,1.24346E-05,-0.816962704,0.121784822
Cntfr,-0.93461299,0.999574161,0.484584731,0.879599189,1.468392071,0.687754845
Enho,0.951389699,0.999574161,-2.252934623,0.159125178,2.178882578,0.297358829
Dctn3,-0.22165214,0.999574161,0.77061294,0.011363424,-0.569828202,0.205483243
Stoml2,0.014516789,0.999574161,1.833429671,3.5641E-18,-1.180681506,3.44686E-05
Cd72,-0.13271101,0.999574161,0.073249171,0.802747434,-0.765195526,0.002988137
Sit1,-0.191099814,0.999574161,-0.862465792,0.008844941,-0.398662595,0.472981482
Tpm2,-0.767037051,0.999574161,0.426388513,0.74895415,1.31010546,0.38301774
Tln1,0.152913709,0.999574161,-0.548122636,0.002679217,-0.058335791,0.873447215
Gba2,0.007267185,0.999574161,-0.536593335,0.025910654,-0.095016976,0.838431135
Gne,0.031858497,0.999574161,0.214540149,0.363798594,2.358749379,1.99987E-25
Glipr2,0.038941164,0.999574161,-0.956809456,0.005015129,2.439550921,1.52178E-09
Plin2,0.223991516,0.999574161,-0.068387464,0.902943341,-0.418454843,0.451997624
Mllt3,0.151720545,0.999574161,-0.397879879,0.07273684,-0.224297632,0.530287034
Plpp3,-0.038252963,0.999574161,-0.808440735,0.004060043,0.482278395,0.261849931
Prkaa2,0.515528916,0.999574161,-0.054931805,0.975969402,2.484352173,0.03648317
Slc35d1,0.053809665,0.999574161,0.334881311,0.130517881,1.703023224,5.3859E-13
Ak4,0.571825661,0.999574161,2.805376011,0.009850207,-0.411669997,0.845049695
Dnajc6,1.341918529,0.999574161,0.556974697,0.749901583,0.079423652,0.976378849
Jak1,0.006847303,0.999574161,-0.581903291,1.4886E-05,0.175246183,0.444302493
Dph2,-0.146271261,0.999574161,1.788063228,3.96534E-08,-0.86738113,0.073250096
Bend5,-0.189734608,0.999574161,-0.176630769,0.566947044,-0.886781505,0.004780414
Rnf11,-0.206091498,0.999574161,0.495029538,0.148976529,-0.506898307,0.29578663
Osbpl9,-0.004058777,0.999574161,-0.54143477,7.00122E-05,-0.002203968,0.993268586
Usp1,0.088829892,0.999574161,1.36705098,7.72364E-11,-1.206570527,1.5184E-05
Btf3l4,-0.101223122,0.999574161,1.222905214,1.3163E-05,-0.613437575,0.14945933
Fggy,0.120841108,0.999574161,-1.438985725,0.000432905,1.138139815,0.044784836
Gpx7,1.18370222,0.738460468,-0.246616645,0.833907543,-0.122418363,0.937815238
Magoh,0.10364541,0.999574161,1.870498681,3.64238E-14,-1.069687115,0.001985964
Ndc1,0.05999183,0.999574161,1.873240272,5.09051E-14,-0.99198606,0.005011293
Tmem59,-0.063283975,0.999574161,-0.271317744,0.447659575,-0.205106949,0.703234075
Dyrk2,-0.191980931,0.999574161,-0.059457767,0.850812483,-0.28164767,0.392871819
Ctps,-0.064914086,0.999574161,2.832813816,1.35333E-33,-1.315445583,3.82725E-05
Hivep3,-0.50716568,0.999574161,0.11464156,0.890057191,-0.177917305,0.860020474
Ybx1,0.160505152,0.999574161,2.071331741,2.38501E-19,-0.548447775,0.125788106
Svbp,-0.316891363,0.999574161,0.065061773,0.900079057,-0.300542411,0.583176313
Ermap,0.784910911,0.277386204,-0.063177276,0.918917642,-0.089197986,0.9025817
Macf1,-0.068924267,0.999574161,-0.884274319,3.53947E-06,0.259766056,0.42274777
Ppie,-0.147503243,0.999574161,1.790666038,1.85557E-08,-0.49500154,0.353383224
Mycl,-0.29110986,0.999574161,-0.49591964,0.445110802,-0.367907581,0.711050291
Mfsd2a,-0.178695441,0.999574161,3.478024715,6.76702E-15,-2.07365536,0.001093207
Cap1,0.018912414,0.999574161,-0.032358686,0.929167484,-0.395775138,0.199906946
Ppt1,0.059371241,0.999574161,-0.505539542,0.00600533,-0.018001014,0.963321184
Epha8,-2.445704083,0.999574161,2.966064666,0.185033261,3.753929954,NA
Lypla2,-0.112702813,0.999574161,0.425363758,0.152127567,-0.425876908,0.312086972
Gale,-0.098840211,0.999574161,1.191572027,0.000333403,-0.773792763,0.115206006
Fuca1,0.039974527,0.999574161,0.147387889,0.603511831,1.724419152,9.16112E-12
Pnrc2,-0.173208642,0.999574161,0.217021179,0.458956606,-0.497043432,0.150553293
Kif2c,0.560177439,0.89576735,0.078162426,0.906074077,-0.58088927,0.359317414
Eif2b3,-0.080244548,0.999574161,1.737647944,2.91661E-24,-0.550805709,0.029891822
Urod,-0.099018921,0.999574161,-0.023663342,0.960821942,-0.242632072,0.573790633
Toe1,-0.155577504,0.999574161,1.027457271,0.000321673,-0.695321551,0.095253438
Prdx1,0.214702167,0.999574161,1.405105408,3.71979E-06,-0.903785567,0.03815802
Nasp,-0.02178375,0.999574161,1.582672453,5.92988E-33,-0.823677212,3.69493E-06
Tspan1,-0.151981404,0.999574161,0.968610492,0.030840127,-0.781829033,0.244630106
Lurap1,0.331279717,0.86374204,0.542290369,0.018164838,-0.919262013,0.001739888
Cyp4b1,-1.332273428,0.999574161,-0.924347727,0.591431305,1.648264455,0.44948724
Tal1,2.30624418,0.0416663,0.393085353,0.738845609,-2.367345043,0.037530374
Stil,0.454560517,0.999574161,0.579161124,0.191542349,-1.037467929,0.062800294
Cmpk1,-0.055739643,0.999574161,0.445596125,0.022909514,-0.587150887,0.022939308
Ebna1bp2,-0.071615299,0.999574161,2.103502545,6.83825E-28,-0.930125307,0.000511559
Aldh4a1,0.132558616,0.999574161,-0.301126021,0.427961248,3.909435646,1.29454E-28
Mrto4,-0.151434426,0.999574161,2.474052009,2.6396E-33,-0.906201321,0.001919482
Akr7a5,0.122974409,0.999574161,0.60928245,0.041853271,-0.956934763,0.013115419
Slc66a1,0.002085205,0.999574161,-0.006846303,0.9813524,-0.901375614,0.000529691
Pink1,0.04156375,0.999574161,-1.304003833,1.24061E-09,0.499592479,0.128969327
Alpl,0.395472853,0.999574161,3.16634399,1.52167E-24,-1.315821004,0.002696854
Ptpn12,0.101297301,0.999574161,-0.157797585,0.40258327,-0.193202684,0.45647099
Tinagl1,-0.392305408,0.999574161,-1.333323666,0.141852592,1.26463462,0.329744765
Hpca,0.516098392,0.999574161,1.815773528,0.391447094,0.987029353,0.762004667
Ak2,-0.106354934,0.999574161,1.499166328,7.04938E-12,-0.754415001,0.016350643
A3galt2,-0.058675031,0.999574161,1.587386834,0.009408812,0.538144883,0.614734332
Ccdc28b,-0.377930667,0.922318299,-1.081323686,8.95852E-05,0.135882636,0.80673816
Eif3i,-0.131063298,0.999574161,1.679804436,9.70314E-10,-0.895333691,0.023551188
Nipal3,-0.144525669,0.999574161,-1.244426375,5.93617E-14,0.68367689,0.003400107
Tmem50a,-0.084158029,0.999574161,-0.407164828,0.071591511,0.054288278,0.899601215
Rhd,1.181898794,0.259753451,-0.082813606,0.932037007,-1.472222525,0.054713562
Maco1,-0.098402871,0.999574161,-0.165145573,0.392527974,-0.143625665,0.613461151
Stmn1,0.464088014,0.780289566,1.248477522,9.29923E-06,-1.503041846,4.39064E-05
Slc30a2,0.299770089,0.999574161,-1.095555506,0.639289856,1.993454098,0.480634767
Psmb2,0.031571748,0.999574161,1.707283929,1.2184E-14,-0.843275735,0.007605237
Zfp593,-0.011232254,0.999574161,2.440713817,2.39487E-38,-1.142187992,8.159E-06
Cnksr1,1.032327528,0.999574161,4.705915371,0.000158667,-1.941948945,0.316137781
Tekt2,0.373218749,0.999574161,1.416561331,0.21282467,1.591521469,0.293405898
Nudc,0.090842401,0.999574161,2.570848544,3.13452E-36,-1.432739547,1.12526E-07
Csf3r,0.762245685,0.774264544,-0.016569042,0.981317205,0.379516697,0.661225256
Sytl1,-0.191110968,0.999574161,1.332731548,0.001730247,1.384590335,0.016137611
Hgf,-0.046257889,0.999574161,-1.160927891,0.253040448,0.955389673,0.527878943
Fgr,-0.006046898,0.999574161,-0.183721008,0.637604585,-0.043026936,0.944246852
Smpdl3b,-0.331648239,0.999574161,-1.58066946,0.127016624,1.78219329,0.206661772
Sesn2,0.416090919,0.813611775,0.082484409,0.845251912,4.559213598,6.81494E-51
Rcc1,0.247999751,0.999574161,1.953397833,3.6317E-16,-1.081678689,0.001221773
Trnau1ap,-0.088886594,0.999574161,1.613326358,6.37835E-19,-0.706949772,0.006658949
Sf3a3,-0.079159738,0.999574161,1.62310657,2.90462E-15,-0.735073613,0.013080339
Epb41,-0.302947737,0.999574161,-0.895290616,0.043585687,0.281831616,0.722635644
Ptpru,-0.699035748,0.999574161,0.212148612,0.941115998,2.703909381,0.256790564
Mecr,-0.067753864,0.999574161,1.82862703,1.10881E-13,-0.207603085,0.663233546
Casp9,0.001868748,0.999574161,-0.973329145,3.32099E-07,-0.451682958,0.120619214
Padi2,-0.097336949,0.999574161,-0.56888752,0.131129634,0.269054366,0.666229637
Kcnab2,-0.208050127,0.999574161,-1.006717804,1.16826E-07,-0.123564998,0.745529263
Acot7,0.475699663,0.999574161,3.103762575,4.57432E-12,-1.523992391,0.018135787
Espn,0.1990086,0.999574161,-0.56317616,0.463783392,2.190904278,0.007094425
Nol9,-0.03073277,0.999574161,1.704108315,9.8243E-19,-0.593361912,0.038167056
Abcf2,-0.062608995,0.999574161,1.948657654,6.26077E-17,-0.722647552,0.036273632
Tmub1,-0.087150162,0.999574161,0.621080343,0.064605449,-0.616671983,0.193044538
Park7,0.030759384,0.999574161,1.665941112,3.85664E-10,-0.605351102,0.140780672
Cdk5,-0.087871614,0.999574161,-0.419762024,0.187119421,0.163155204,0.762004667
Abcb1b,0.431522556,0.812414019,1.741154474,2.05265E-11,2.554739678,1.90763E-15
Nos3,-0.472007024,0.999574161,-0.369603169,0.81286476,0.723625833,0.707474452
Masp2,0.04222949,0.999574161,1.838986783,0.000393062,-0.220351324,0.834032012
H6pd,-0.038127652,0.999574161,-0.812723563,2.82125E-06,0.428600521,0.098020037
Slc25a33,0.131985449,0.999574161,1.703305632,4.07933E-10,-1.321300207,0.000451924
Lzic,-0.174788446,0.999574161,1.258781861,5.55265E-05,0.744319483,0.107136154
Fam126a,-0.100193669,0.999574161,-0.814722542,4.23753E-05,0.117762374,0.762004667
Fbxo44,-0.302571479,0.999574161,-0.763194551,0.051977481,0.263254691,0.706793936
Agtrap,0.170194733,0.999574161,-0.204076046,0.31087541,-0.150582835,0.624641476
Dnajc2,-0.04859042,0.999574161,1.839986394,3.10121E-33,-0.913370458,1.02276E-05
Trp73,1.738889788,0.98608747,-0.163374483,0.955117858,2.702572219,0.188602347
Dffb,-0.13264095,0.999574161,0.748478478,0.043954464,1.636342458,0.000293451
Wrap73,-0.236184161,0.999574161,0.520847969,0.223130698,1.528493238,0.001890773
Tprgl,-0.182923234,0.999574161,0.001381262,0.997075509,-0.292378787,0.507407307
Acap3,-0.095843339,0.999574161,-0.77186834,9.80538E-05,-0.208982598,0.557395488
Atad3a,-0.110012491,0.999574161,2.635086523,4.85724E-42,-0.726931542,0.009949727
Rer1,-0.092007141,0.999574161,0.943201839,0.002306824,-0.782036721,0.074180083
Prkcz,0.240339949,0.999574161,-0.318334686,0.331950116,-0.270478687,0.578974078
Plch2,-0.552800999,0.999574161,1.246126872,0.05580627,2.0068546,0.016391564
Prxl2b,0.384022896,0.999574161,-0.189230182,0.776328198,-0.188722748,0.835678019
Ttll10,0.181881513,0.999574161,0.177303233,0.927395056,2.670824729,0.075232831
Cd38,0.063101943,0.999574161,-0.706807264,0.000307717,-0.299298069,0.344410162
Sorcs2,-0.343124936,0.999574161,-2.804264468,1.09779E-09,1.664629961,0.010077611
Ablim2,0.317039723,0.999574161,-0.092133954,0.948188976,0.48975361,0.732639635
Htra3,-0.810907684,0.999574161,-1.087701225,0.610860988,2.27276373,0.375894282
Rgs12,0.044235674,0.999574161,-0.830478485,0.024110028,3.125233681,3.463E-14
Add1,-0.114144115,0.999574161,-1.627389328,9.92391E-19,0.447430465,0.117308385
Crmp1,0.084734092,0.999574161,-0.166535841,0.894216504,0.389278557,0.787615064
Rab28,-0.118277076,0.999574161,0.304613554,0.428144985,-0.510263433,0.297383195
Plb1,0.185604895,0.999574161,0.287030215,0.780765401,7.446332204,9.26956E-23
Fosl2,0.427230661,0.999574161,0.254526162,0.613471163,1.618464573,0.000887553
Krtcap3,-0.039489539,0.999574161,-0.699312486,0.027658246,0.0113164,0.98593263
Khk,-0.00945915,0.999574161,-1.365667421,7.37639E-08,0.631403494,0.097470604
Mapre3,0.367649418,0.999574161,-1.089587156,0.106663042,1.128229313,0.225680513
Ppargc1a,-0.052078114,0.999574161,-1.091286145,1.99637E-05,0.243485513,0.60588516
Cenpa,0.06383296,0.999574161,-1.130396637,5.20056E-09,0.80889512,0.002497842
Klf3,-0.064297459,0.999574161,-1.06672661,5.18434E-08,-0.104959613,0.790057216
Rfc1,-0.056749164,0.999574161,0.006000244,0.979195746,-0.604260483,0.000377784
Klb,-0.412263688,0.999574161,1.806621111,0.076353391,-0.275909232,0.886503915
Tada2b,-0.056794507,0.999574161,0.395504208,0.044582475,-0.72851718,0.003370283
Grpel1,-0.151456061,0.999574161,1.425002931,1.2371E-10,-0.826985876,0.008472972
Rhoh,-0.211456214,0.999574161,-0.506537851,0.017251032,0.07046582,0.864868281
Chrna9,-1.236735873,0.999574161,-0.615307023,0.67767294,1.718644116,0.310743697
Gabra4,2.561257886,0.999574161,1.645584876,0.558018199,-0.125351403,0.978339174
Gabrb1,-0.068645298,0.999574161,1.544952399,0.003249709,0.211705305,0.840237398
Commd8,-0.136346165,0.999574161,-0.01062304,0.979606993,-0.131188727,0.77842768
Ppat,0.14903319,0.999574161,2.552261668,5.99615E-41,-1.710434782,2.60205E-12
Paics,0.001175297,0.999574161,1.744085878,1.04573E-11,-1.279445701,0.000244353
Stap1,-0.215914444,0.89576735,0.060350869,0.788274534,-0.479942564,0.020405263
Dipk1a,-0.076442451,0.999574161,-0.790129048,2.32059E-06,-0.56478676,0.017438682
Gfi1,-0.265823414,0.999574161,0.99299249,0.009372998,-0.62534273,0.287827426
Brdt,-0.498536624,0.999574161,-1.84554897,0.000824505,2.162786752,0.002601189
Enam,1.858193627,0.999574161,-1.347027177,0.672163681,2.652874937,NA
Rufy3,0.197352437,0.93754633,0.329855867,0.032672031,-0.655843252,0.000630053
Gbp9,-0.281318084,0.89576735,-0.016660265,0.965802462,-0.224702895,0.508266563
Abcg3,0.209443581,0.999574161,-1.069499107,2.75081E-05,0.037359832,0.947754019
Hsd17b11,0.221273051,0.999574161,-0.981577191,9.47109E-09,0.57366535,0.018146596
Klhl8,0.065741208,0.999574161,0.769050673,0.102954167,0.998138236,0.109354881
Plac8,0.068213711,0.999574161,-1.178157971,8.49482E-08,-0.997175088,0.000880075
Enoph1,-0.040130183,0.999574161,1.620173921,5.10973E-14,-1.12940246,0.000121847
Fgf5,-0.054270815,0.999574161,-0.668148326,0.543048777,1.032729568,0.465763555
Antxr2,-0.392958104,0.46684825,-1.345114486,2.24485E-12,0.450443406,0.130043185
Crybb3,0.018846194,0.999574161,-0.795066599,0.54945933,1.365362655,0.407054342
Dck,-0.044301364,0.999574161,-1.3366312,1.3568E-09,1.002045046,0.000887176
Rassf6,0.189299341,0.999574161,-1.61510956,0.010872055,-0.123077289,0.922962434
Ppbp,-0.118692002,0.999574161,-1.116870291,0.177359431,0.824179931,0.513308154
Pf4,-0.655703119,0.999574161,-0.341128021,0.788230218,1.192473265,0.392871819
Ccng2,-0.334008033,0.741967236,-1.73507652,1.2494E-19,0.108105186,0.784042558
Gtf2h3,-0.099293715,0.999574161,1.520085332,8.19657E-10,-0.598460054,0.113569563
Eif2b1,-0.092479637,0.999574161,1.50313489,1.03706E-10,-0.866842647,0.008805911
Tmed2,0.018374049,0.999574161,1.152764954,1.67623E-07,-0.943519376,0.00179883
Naaa,0.12588133,0.999574161,-0.761731595,3.22022E-06,-0.398561375,0.10565786
Kntc1,0.654702164,0.68851294,1.122663626,0.003104502,-1.73310699,0.00040338
Sdad1,-0.176945037,0.999574161,1.990856767,3.53254E-26,-0.743705356,0.00591285
Slc15a4,-0.186018316,0.999574161,-0.469592526,0.07212242,-0.199056014,0.651512064
Scarb2,0.049558729,0.999574161,-0.841377986,1.72139E-08,0.758098316,0.00014354
Stx2,-0.154349328,0.999574161,-1.018238531,2.2757E-06,-0.081466802,0.858346529
Ran,-0.030720175,0.999574161,2.291318375,1.47439E-14,-1.408657751,0.000605468
Rhof,-0.088087354,0.999574161,0.531119757,0.10843694,-1.296232637,0.001051449
Fam168a,0.008549242,0.999574161,-1.269997091,1.08916E-08,2.345672571,4.92838E-18
Fam216a,-0.225292869,0.999574161,0.36075925,0.467295342,2.672883676,2.79335E-08
P2rx7,0.278064157,0.999574161,-0.560645878,0.089171973,2.068031897,1.80217E-08
Camkk2,-0.250288205,0.999574161,-0.254328833,0.391790583,-0.043564753,0.93230446
Aacs,-0.095755686,0.999574161,1.368718719,4.57132E-14,-1.154200212,1.56999E-06
Anxa3,-0.012263992,0.999574161,-0.29287546,0.691858806,0.17943324,0.866346161
Pxmp2,0.06157614,0.999574161,-0.933933644,0.21996257,0.567384864,0.635358754
Pgam5,-0.220175703,0.999574161,1.282473327,4.36563E-06,-0.875949664,0.027476804
P2rx2,0.586656419,0.999574161,2.589691728,0.065077901,-1.19428939,0.607978961
Pus1,0.0880683,0.999574161,2.186278502,2.26121E-25,-0.807253071,0.007658447
Ulk1,-0.029765501,0.999574161,-0.161513448,0.653502139,1.932991395,9.0965E-10
Cit,0.356730118,0.999574161,-0.582583335,0.089865965,0.190696726,0.753089155
Rab35,-0.105369798,0.999574161,0.16549465,0.534419756,-0.367045923,0.248493503
Chek2,0.082269241,0.999574161,0.545031834,0.145251673,1.503775966,0.000576086
Tes,-0.080680367,0.999574161,0.312889462,0.100396574,-0.505189464,0.037869436
Snx8,-0.176313222,0.999574161,-0.204455369,0.462715526,-0.502144669,0.121580268
Oasl2,0.053513981,0.999574161,-0.877106773,0.065400573,0.477413036,0.534410377
Lfng,0.030637865,0.999574161,-0.86304751,1.09734E-08,-0.062363329,0.845632029
Tmem106b,0.021318936,0.999574161,-0.333046913,0.093991988,-0.107156578,0.759863457
Fscn1,-0.102792499,0.999574161,-0.548625709,0.41000309,0.023173256,0.984939025
Ung,0.138823515,0.999574161,1.732933498,1.60401E-13,-1.245663136,9.58885E-05
Rbm19,-0.099234545,0.999574161,1.897744643,6.67197E-25,-0.217290707,0.522496166
Dtx1,0.410911705,0.680827656,0.118053139,0.725265956,-0.621750965,0.063083265
Aimp2,-0.021302334,0.999574161,2.343337429,1.30804E-30,-1.186909807,1.79577E-05
Erp29,-0.128831817,0.999574161,0.255607558,0.39261876,-0.425438568,0.261721023
Arpc1b,-0.140296106,0.999574161,0.514545425,0.027220363,-0.622050788,0.046221015
Ndufa4,-0.043228264,0.999574161,1.314387195,0.000160103,-0.80885173,0.115584407
Gm5578,0.671013644,0.999574161,1.008769702,0.594252545,1.301397604,0.603933068
Glcci1,-0.316432855,0.717430316,-0.356925823,0.078090297,-0.02082444,0.959055291
Slc46a3,0.026082532,0.999574161,-0.70432626,0.000107186,-0.543785977,0.036708163
Hsph1,0.195018098,0.999574161,2.843976686,2.65482E-10,-2.373094802,8.32439E-05
Col1a2,-0.800013968,0.999574161,0.027325723,0.979838575,1.251292451,0.225680513
Wnt16,-0.507153403,0.999574161,0.057657622,0.972507172,0.693396873,0.651512064
Fam3c,-0.156118906,0.999574161,-0.333826912,0.055393307,-0.551219019,0.01319594
Ssc4d,-0.517922591,0.999574161,-1.377209771,0.006270088,1.14258073,0.11264638
Gnb2,-0.017655644,0.999574161,-0.532166683,0.005516163,0.012075032,0.977275886
Agfg2,-0.017299999,0.999574161,0.19176033,0.518946813,-0.853049057,0.006603561
Cyp3a13,0.186486302,0.999574161,-0.972496759,0.41000309,0.742601814,0.67050851
Asns,1.915631414,0.120509557,2.726661743,0.000153591,-2.656584755,0.00643239
Dlx6,0.035304368,0.999574161,-0.255096508,0.779076006,1.570529052,0.073231488
Pon3,0.876009318,0.675624227,-0.199326047,0.790437805,0.14437408,0.886485764
Akr1b8,-0.580626991,0.999574161,-0.056615377,0.978218248,0.92905439,0.630783705
Exoc4,-0.021149314,0.999574161,0.29161935,0.333971686,3.243252773,9.59197E-29
Ccdc136,0.64458916,0.999574161,-0.859899292,0.73202258,2.759844707,0.288817629
Irf5,-0.162777112,0.999574161,0.189660876,0.504499079,-0.785285668,0.0088819
Klhdc10,-0.165704972,0.999574161,0.380942623,0.136944039,-0.494097652,0.148740271
Gars,0.005512236,0.999574161,1.861122129,2.05187E-13,-0.684505838,0.073196394
Nt5c3,-0.047031083,0.999574161,0.234317233,0.473247924,-0.529432327,0.172034224
Fkbp9,-0.036386064,0.999574161,-0.315234416,0.693633895,0.464803596,0.656497055
Sspo,0.040116482,0.999574161,-0.104412667,0.932037007,0.569200201,0.645901731
Herc6,0.035786328,0.999574161,-0.750195628,0.00015076,0.204771449,0.560105228
Tmem176b,-0.046629741,0.999574161,-0.438415884,0.525881199,0.271591462,0.793029383
Igf2bp3,-0.822265312,0.002973439,0.515648127,0.037420567,-0.080236282,0.866346161
Nfe2l3,-0.074363889,0.999574161,0.35964793,0.280420607,-0.553709939,0.200780286
Cbx3,-0.06609908,0.999574161,0.849086173,6.34952E-05,-1.188998068,1.31531E-05
Ptn,0.589141911,0.999574161,-0.151167671,0.945707415,1.251815512,0.536216553
Mtpn,-0.195684789,0.999574161,0.103357402,0.807465488,-0.621232602,0.126911557
Hoxa1,-0.459923545,0.999574161,-1.374359265,0.296044065,1.696482737,0.338445802
Stra8,-0.354632915,0.999574161,-1.166805176,0.24501822,2.990153553,0.008989264
Zyx,-0.011175341,0.999574161,-1.057076126,9.1271E-09,0.707940094,0.006017572
Casp2,-0.215187505,0.999574161,0.179823295,0.613471163,-0.320220281,0.475021009
Gstk1,0.414822868,0.999574161,-0.458513736,0.336633102,-0.343629597,0.635354109
Kel,1.925980045,0.747306229,-0.122913372,0.958035589,-2.395822093,0.179088126
Ephb6,0.146157714,0.999574161,-0.892014884,0.231075928,2.036918184,0.01893954
Ccdc184,0.729784018,0.999574161,-0.379011763,0.914539858,3.106981546,NA
Clec5a,0.951080717,0.999574161,0.499763361,0.706084101,-0.61782099,0.729881746
Mkrn1,-0.532004739,0.999574161,-0.41908055,0.418498102,0.591000135,0.384984005
Rab19,-0.053182375,0.999574161,-0.478129366,0.088194913,-0.010697735,0.985193689
Tbxas1,0.190192636,0.999574161,-0.577860386,0.071140964,0.199239925,0.724880141
Pcyox1,0.078742681,0.999574161,-0.121032952,0.694810395,-0.263458289,0.480634767
Add2,2.393922671,0.288016382,-0.228381677,0.903102284,-2.136486111,0.205221642
Cct7,0.028558216,0.999574161,1.854880179,6.92747E-10,-1.175907373,0.005403621
Pradc1,-0.066312171,0.999574161,1.015342797,0.000617127,-1.02595698,0.01193904
Fbxl14,-0.104515425,0.999574161,0.503046233,0.091648848,-0.656437203,0.097351274
Kbtbd8,0.012721924,0.999574161,1.700662093,4.80608E-09,-0.949916273,0.022939308
Wdr54,-0.482874275,0.999574161,0.567357598,0.746572261,1.830499443,0.347627209
Wbp1,-0.066890219,0.999574161,-0.477694068,0.08928293,-0.054683205,0.918131669
Mogs,-0.023800648,0.999574161,1.676676257,8.58073E-09,-1.336363643,0.000773707
Mrpl53,-0.083435445,0.999574161,0.943806007,0.002408815,-0.854653287,0.051160296
Pole4,-0.177948705,0.999574161,1.333920034,0.000711401,-0.815084369,0.165697403
Mrpl19,-0.10249253,0.999574161,1.653365526,4.89193E-19,-0.739004898,0.005380181
Arhgap25,-0.248582998,0.680827656,-0.210832631,0.192721749,-0.108670602,0.682719245
Hmces,0.053166665,0.999574161,-0.357916203,0.252316449,-0.393850064,0.368087332
Rpn1,0.222797029,0.999574161,1.630399538,1.29059E-09,-1.242040584,0.000711238
Frmd4b,0.488225422,0.589770753,-0.351081063,0.255498585,0.079758328,0.881153738
Foxp1,-0.116218798,0.999574161,-0.747152423,5.46691E-06,0.245946216,0.366950526
Gm20696,-0.15934346,0.999574161,-1.189552434,0.000200674,0.371352827,0.502264639
Ruvbl1,0.007228525,0.999574161,2.521708605,1.06978E-26,-1.265828978,8.51236E-05
Abtb1,-0.248647511,0.999574161,-1.214771177,2.16179E-08,1.177389979,3.95706E-05
Plxna1,0.525538913,0.751787836,-0.674890856,0.050593613,3.54423166,4.5315E-21
Klf15,0.66608169,0.999574161,-0.426995085,0.551262399,0.563530101,0.547192331
Aldh1l1,1.031194093,0.812414019,-0.957812942,0.231893577,0.277875008,0.841208116
Slc41a3,-0.083769315,0.999574161,-1.029393437,0.042667955,0.886444654,0.225354006
Ret,-0.495227582,0.999574161,-1.264105394,0.181132818,1.554338806,0.222340616
Klrg1,0.803223571,0.999574161,-0.172198755,0.889458874,-0.249199012,0.86740045
Ptms,0.190844772,0.999574161,-0.762502554,0.020870251,0.614205837,0.199224376
Lag3,-0.133028979,0.999574161,-1.243362468,0.023228232,1.216507068,0.109593172
Lrrc23,-0.357383372,0.999574161,-2.757497512,0.015449862,1.346523763,0.46200454
Cops7a,-0.08199698,0.999574161,1.886544081,3.38536E-15,-0.692313261,0.053206916
Clec4d,0.976384925,0.999574161,0.729334219,0.479991855,0.473721148,0.760182981
Clec4b1,0.516620457,0.999574161,-0.275566997,0.714200485,0.027297329,0.982157723
Klrk1,-0.108312661,0.999574161,-0.285838256,0.670645902,0.444473785,0.607726476
Clec2d,-0.154724005,0.999574161,0.196930162,0.483237658,-0.448026239,0.177640062
Clec1b,0.211570556,0.999574161,-1.113477963,0.028672437,0.607713177,0.452507877
Gabarapl1,0.389236223,0.999574161,-0.10511368,0.867568942,-0.084594168,0.915662533
Klrd1,-0.530191351,0.999574161,-0.50043668,0.423307204,0.803422155,0.316333888
Klrc1,-0.324862593,0.999574161,-0.364207283,0.625460419,0.416498206,0.686208615
Adipor2,-0.102916926,0.999574161,0.720042039,0.010807539,-0.747421178,0.053274323
Klra13-ps,-0.223461457,0.999574161,-0.190031397,0.851756834,0.729123337,0.512978925
Klra2,0.542729568,0.999574161,-0.252731985,0.719579718,0.125829319,0.900797959
Magohb,0.078886357,0.999574161,1.523448744,5.04057E-07,-1.081900052,0.011599234
Ybx3,0.049685002,0.999574161,2.555548583,6.83825E-28,-1.112744563,0.000629938
Bcl2l14,-0.119150365,0.999574161,-0.598221166,0.405327902,0.348593866,0.757297679
Plbd1,0.335813428,0.916610955,-0.406851373,0.130517881,-0.32671827,0.412733028
Art4,0.18555797,0.999574161,-0.746922903,0.200243976,0.068608375,0.951236703
Arhgdib,-0.092147478,0.999574161,-0.716141465,0.000892673,0.258534652,0.478232387
Strap,-0.101875779,0.999574161,1.676573089,2.32063E-18,-0.742324691,0.006913099
Pik3c2g,0.278797106,0.999574161,-2.82984269,0.276383133,4.146340195,NA
Ldhb,-0.350667563,0.999574161,-1.284339617,0.148532985,4.09526095,2.77621E-05
Kcnj8,-0.969846214,0.999574161,-0.351463298,0.826768779,0.366111654,0.862911339
Sspn,-0.349001141,0.999574161,-2.892827517,4.04286E-14,3.392472188,2.49586E-13
Bhlhe41,-0.012735276,0.999574161,-1.136577427,0.000153272,3.431976409,2.06612E-22
Srgap3,0.480727638,0.999574161,-0.411895959,0.431542285,0.011029115,0.990590289
Lrmp,-0.38109077,0.892199085,-0.11227241,0.772057577,-0.148376091,0.769913985
Bcat1,0.159735434,0.999574161,2.782176798,1.13047E-14,-1.22871875,0.018792024
Etnk1,-0.168460479,0.999574161,-0.376552155,0.175449482,0.118691403,0.805670204
C2cd5,-0.027947861,0.999574161,-0.748358312,0.000217617,0.135229644,0.72910818
Il17rc,-0.491572608,0.999574161,0.792847229,0.257827704,1.056031831,0.262195949
Cmas,-0.160661175,0.999574161,-0.424711389,0.036837548,-0.093667506,0.804612688
Sec13,-0.11814743,0.999574161,1.224762048,2.0506E-05,-0.712043901,0.093618137
Dennd5b,-0.064064366,0.999574161,-1.082040103,1.46865E-09,-0.102782438,0.775460725
Vgll4,-0.003885609,0.999574161,-0.846497172,2.94492E-05,0.467893136,0.121784822
Timp4,-0.206250272,0.999574161,-0.962170824,0.194275899,0.867124281,0.420885718
Mbd4,-0.135374688,0.999574161,-0.54925051,0.003776802,0.010917581,0.980057555
Klrb1c,-0.023594919,0.999574161,0.133589232,0.886710806,0.502441869,0.623843138
Cd27,0.09524389,0.999574161,-0.591377488,0.065717323,0.392677434,0.426249388
Vamp1,-0.082848496,0.999574161,-0.590814072,0.011723399,0.21576664,0.594402577
Ltbr,0.387221506,0.999574161,-0.327022458,0.611306439,0.468013942,0.578276019
Tnfrsf1a,0.319595802,0.999574161,-0.473801278,0.21282467,0.337181123,0.56273853
Dyrk4,1.824801161,0.259753451,-0.339603272,0.791655136,-0.941880018,0.517723507
Prmt8,0.081226331,0.999574161,-0.688743156,0.68078351,1.122023043,0.598678476
Tspan9,0.101071025,0.999574161,-0.696438729,0.144288089,0.113123606,0.899093413
Fkbp4,0.042006919,0.999574161,2.607273086,3.8972E-16,-1.507014825,0.000665515
Clec2i,-0.33342127,0.741967236,-0.415142223,0.054281553,-0.798198886,0.003039595
Slc8a2,-0.408078024,0.999574161,0.543002048,0.728178293,1.265124763,0.499474362
Zik1,-0.671847134,0.894038857,0.801799767,0.11175228,-0.312115121,0.725610488
Vasp,0.010625248,0.999574161,0.046257947,0.873618471,-0.71561111,0.002653624
Qpctl,0.127060296,0.999574161,0.300525926,0.337370682,2.923357894,4.65861E-22
Dmpk,0.58446447,0.843902525,-0.719332644,0.087681272,0.749969933,0.197715971
Pglyrp1,0.098191716,0.999574161,-1.243834422,2.6259E-06,0.875355231,0.018181781
Pdcd5,0.035585646,0.999574161,1.647287437,4.16928E-17,-0.902655373,0.000974872
Lilra6,-0.163798703,0.999574161,-2.277963173,2.49782E-12,0.338054189,0.579221859
Tmem238,0.109887527,0.999574161,2.237128703,3.32591E-11,-0.975556781,0.052200973
Psd3,-0.215391776,0.999574161,-1.842909561,8.43555E-19,1.037159359,0.000285901
Siglecg,-0.222166501,0.999574161,-0.856346606,0.011755722,0.015483246,0.983304938
Faap24,-0.263167324,0.999574161,0.771991892,0.003091876,-0.66730045,0.072063742
Prmt3,-0.088631226,0.999574161,1.994599306,1.07167E-16,-0.634234527,0.083156475
Cers3,0.674794568,0.999574161,4.304149442,0.000522734,-1.839614143,0.352190832
Snrpa1,-0.131930983,0.999574161,2.240837804,6.28235E-20,-1.129801758,0.000968123
Tjp1,0.841382953,0.849628748,-0.332005321,0.671345989,0.003016008,0.997801089
Fam189a1,-0.814837513,0.999574161,-0.059479331,0.976581436,2.844543595,0.04176206
Mphosph10,0.037079368,0.999574161,2.346449244,3.19415E-37,-0.728812146,0.006022694
Cib1,-0.038982266,0.999574161,0.229926015,0.618297919,-0.37426829,0.530051155
Idh2,-0.08951485,0.999574161,0.370834142,0.205796291,-0.423809335,0.296579609
Nr2f2,-0.011428131,0.999574161,0.008588125,0.993676407,1.06898087,0.351182564
Pgpep1l,0.309841532,0.999574161,-2.10982559,0.011489411,1.1738963,0.355042255
Synm,0.115183952,0.999574161,-0.27880649,0.800659611,0.728719065,0.570840978
Ctsc,0.167509661,0.999574161,0.216457847,0.387884562,-0.921822118,0.000562426
Cd22,-0.078920669,0.999574161,-0.446192202,0.013791139,-0.92336125,3.17554E-05
Tyrobp,0.151777983,0.999574161,-0.122438815,0.753706787,-0.179182753,0.728302072
Rasgrp4,-0.207471053,0.999574161,-0.57724916,0.092055249,0.198592766,0.743213257
Fam98c,-0.017163763,0.999574161,-0.782992245,0.001273952,-0.224272765,0.609099574
Psmc4,-0.102400893,0.999574161,1.774085374,6.14759E-09,-0.905149517,0.042594564
Mfge8,-0.601389514,0.809408331,-0.795493149,0.055393307,2.698891376,1.0557E-08
Hapln3,-0.244500113,0.999574161,0.202108493,0.927851527,1.999519303,0.308601541
Aen,-0.014112924,0.999574161,1.83285662,7.7768E-15,1.935248924,1.16755E-10
Mrpl46,-0.094279283,0.999574161,1.618965833,4.92054E-14,-0.66273513,0.037392931
Tmem126a,-0.02602064,0.999574161,0.657605021,0.01117133,-0.756146262,0.030422643
Sytl2,0.198564054,0.999574161,-0.291884521,0.654798932,1.910274003,0.002113704
Zfand6,-0.138140499,0.999574161,-0.42561668,0.167955159,-0.16350077,0.756946655
Sh3gl3,1.105830946,0.999574161,1.443458451,0.47476917,0.588214895,0.852227007
Ddias,0.323267672,0.999574161,0.867432858,0.013771831,4.659133906,1.83266E-33
Rab30,-0.020908839,0.999574161,0.24837081,0.405063066,-0.818732789,0.01319594
Arl6ip1,-0.049005031,0.999574161,0.633469543,0.059378724,-0.773620139,0.085632075
Xylt1,-0.205242095,0.999574161,-1.556385644,6.66928E-09,0.536304764,0.207496995
Nucb2,0.057089647,0.999574161,0.256325217,0.233079166,-0.671067674,0.008110509
Ipo5,0.051972694,0.999574161,2.587369176,3.57697E-30,-1.153277048,0.000231243
Kif22,0.180969149,0.999574161,0.13892824,0.717723528,-0.660011452,0.093891337
Pagr1a,-0.772074518,0.999574161,-0.716623631,0.326720864,0.925309958,0.346991634
Sez6l2,0.165414292,0.999574161,2.330843307,1.66041E-09,-0.460900449,0.507407307
Stard10,0.224638544,0.999574161,-1.241793286,6.56223E-08,1.041773278,0.000773707
Fchsd2,-0.196497475,0.999574161,-0.76867232,0.000455165,0.006343796,0.989275208
Aldoa,0.023119159,0.999574161,1.007460578,4.48249E-05,-0.914799792,0.006913099
Gdpd3,-0.109552822,0.999574161,-0.322817431,0.507956676,-0.062451121,0.939178578
Coro1a,-0.273822792,0.999574161,-0.525573248,0.10381543,-0.410619707,0.392871819
Dnajb13,-0.069184832,0.999574161,-0.091555136,0.845572147,-0.880197782,0.036547151
Nupr1,0.034572239,0.999574161,-0.458706925,0.700933927,1.420361157,0.284280388
Cd19,-0.085621053,0.999574161,0.2634238,0.525785665,-0.386592908,0.476155765
Lipt2,-0.130207259,0.999574161,2.30388659,8.12151E-08,-1.121391704,0.083101648
Gm9755,2.707806093,0.999574161,0.224276948,0.978578441,3.276967796,NA
Slco2b1,0.808195677,0.392679938,-1.896190681,1.15094E-06,0.555637225,0.395943435
Eif3c,0.08547889,0.999574161,1.858968879,2.15435E-38,-0.825417665,2.20871E-05
Dgat2,1.30946691,0.064663719,1.261822105,0.009043901,0.462957511,0.561389521
Nsmce1,-0.2939198,0.92820252,-0.586192944,0.008249543,-0.549316866,0.078861018
Far1,-0.082101228,0.999574161,0.358891004,0.250443838,-0.904361515,0.013555348
Arhgap17,-0.205774098,0.999574161,-0.584986141,0.023712418,0.177712525,0.702625073
NA,-0.071627908,0.999574161,-1.005003806,0.634916904,1.413604812,0.608733894
Dkk3,0.136721366,0.999574161,-0.90768594,0.414089443,0.217811957,0.906587362
Pak1,0.26173447,0.999574161,-0.226580056,0.656814547,-0.159750743,0.830235543
Cox6a2,0.254649527,0.999574161,-0.816670242,0.149525575,-0.248549171,0.804125527
Itgam,0.311098187,0.999574161,-0.363885095,0.514055908,0.710826688,0.296579609
Rnf141,-0.041297361,0.999574161,-0.540723769,0.002533822,0.274364354,0.332862374
Adm,-0.42332753,0.999574161,2.789956259,2.68517E-20,-0.293165523,0.615130845
Dkkl1,0.112395027,0.999574161,-1.870192418,0.003436321,3.308928381,1.0715E-05
Cd37,-0.095585456,0.999574161,-0.311700141,0.279560578,0.179226471,0.697603762
Abcc6,-0.069763224,0.999574161,0.197584638,0.958354358,3.130242604,NA
Ush1c,-0.045713168,0.999574161,0.224338108,0.978218248,5.965270412,NA
Rgs10,0.219905347,0.999574161,-0.420670783,0.282944706,-0.239116844,0.704507818
Bag3,0.06949663,0.999574161,-0.748875105,0.275087999,1.005988741,0.266569495
Chp2,-0.655216385,0.999574161,-2.161543087,0.040757742,1.199448145,0.479014025
Plk1,0.675371905,0.932119716,0.118028961,0.886710806,-0.436762217,0.629744206
Ubfd1,0.068801108,0.999574161,1.401536094,6.31167E-06,-1.12577235,0.008953369
Gga2,-0.101851138,0.999574161,-0.841488932,0.000748434,-0.261547829,0.548315114
Cdr2,-0.779664886,0.89576735,-0.28614978,0.714626109,0.178262722,0.873926348
Mrpl17,-0.103043097,0.999574161,1.598448083,3.28299E-18,-0.820087351,0.001498684
Polr3e,-0.211399405,0.999574161,1.852398254,1.49164E-14,-0.421448767,0.293554434
Uqcrc2,-0.060218618,0.999574161,1.334395609,8.43731E-08,-0.827248804,0.019338205
Rrp8,-0.099905675,0.999574161,1.827140813,1.26554E-15,-0.875008547,0.007416995
Trim30a,-0.007549016,0.999574161,-0.332893778,0.371716502,0.231485515,0.685789653
Thumpd1,-0.016873923,0.999574161,2.007941722,3.34993E-22,-0.921115248,0.001589993
Fam53b,-0.2271778,0.999574161,-0.328614903,0.369398196,2.155547413,4.41161E-09
Trim21,-0.114158332,0.999574161,0.911053781,0.001743392,-0.653092952,0.122629736
Knop1,-0.042100624,0.999574161,1.642955823,2.06735E-13,-0.813086337,0.011260498
Bccip,0.029014899,0.999574161,1.578544412,7.32129E-24,-0.940239455,8.64425E-06
Dhx32,-0.130966646,0.999574161,0.058941869,0.84554808,-0.382737306,0.193890847
Stim1,-0.062904063,0.999574161,-1.1909311,1.91836E-10,0.681400594,0.010299313
Mki67,0.75518327,0.717430316,0.502359019,0.348200669,-1.336597063,0.030131182
Atp6ap2,-0.036536637,0.999574161,0.454410836,0.195302447,-0.561846338,0.238057455
Swap70,-0.109641236,0.999574161,1.515194749,3.15018E-24,-0.912236673,4.9745E-06
Wee1,0.096288084,0.999574161,1.8016799,3.38724E-09,-1.137709971,0.008292946
Tmem9b,-0.025160708,0.999574161,-0.345659568,0.14232262,-0.300416394,0.386011967
Denn2b,-0.099094683,0.999574161,1.515484489,1.09779E-09,-0.516969213,0.191477471
Trim66,-0.35383651,0.999574161,1.267272014,0.19227074,2.133477383,0.081707053
Tub,-0.193229838,0.999574161,-0.907219312,0.043566945,0.868997016,0.167918974
Usp11,0.064981966,0.999574161,-0.365142424,0.036286989,0.071172189,0.830235543
Glrx3,-0.110881003,0.999574161,1.719442319,1.38772E-08,0.038380261,0.954922392
Fgf15,-0.054456942,0.999574161,0.214621995,0.883278455,2.363848596,0.056183603
Ano1,-0.104843312,0.999574161,0.540817553,0.74134522,0.605624248,0.781736186
Dock11,-0.172183424,0.999574161,-0.459339137,0.016835072,-0.22609197,0.468635428
Tnni2,-0.478719454,0.930194188,-0.078170183,0.89457807,-0.434241299,0.477763658
Sash3,-0.074193816,0.999574161,0.415332884,0.108056587,-0.591423582,0.079198952
Elf4,0.095742441,0.999574161,-0.546980233,0.033870244,0.094996453,0.84709928
Enox2,-0.052583823,0.999574161,-0.490067826,0.008310483,0.164947149,0.613461151
Stk26,-0.301463149,0.999574161,-1.007556361,0.005142001,-0.231451324,0.732751961
Gpc4,0.393169683,0.999574161,-0.981992822,0.278788905,0.139802433,0.932091938
3830403N18Rik,-0.777217624,0.999574161,-1.6000537,0.181414479,1.241048688,0.493143607
Slc9a9,0.352820161,0.999574161,-0.948854107,0.004653478,0.370114042,0.512978925
Cd40lg,-0.107036326,0.999574161,-0.992617686,0.495148344,-0.076578318,0.976560359
Mcf2,0.248349077,0.999574161,-1.338030589,0.074603731,0.598226309,0.630923844
Plp2,-0.161930719,0.999574161,-0.864036288,6.49114E-07,-0.474468161,0.066684973
Praf2,0.119671175,0.999574161,1.501181908,4.52515E-05,-0.843854899,0.125065929
Ccdc120,0.255281619,0.999574161,2.532259749,0.043470627,-0.391817443,0.868891745
Slc35a2,-0.120204754,0.999574161,-0.075804176,0.882956904,-0.156156594,0.798178731
Pqbp1,-0.100227227,0.999574161,0.466436115,0.022370844,-0.635771922,0.017513535
Gata1,2.043362304,0.351061406,-0.205354423,0.903348822,-1.462344503,0.361425641
Wdr13,-0.090973015,0.999574161,-0.393490425,0.058300272,-0.210284315,0.534928256
Ebp,-0.017185176,0.999574161,0.330621589,0.240968574,-0.672281126,0.052254051
Slc38a5,0.628656464,0.999574161,-0.404805402,0.735666068,0.449756382,0.777560804
Vbp1,-0.175808477,0.999574161,0.558025482,0.19227074,-0.728822951,0.203563304
Heph,-1.876373955,0.999574161,-1.295155227,0.67794791,3.933137989,NA
Stard8,0.111198986,0.999574161,-0.92837553,0.005861078,0.510866069,0.33113258
Magee2,0.250507252,0.999574161,0.820659051,0.670803988,-1.4528903,0.555105656
Cox7b,-0.062963531,0.999574161,1.506195107,7.31748E-07,-0.795587001,0.077083782
Itm2a,-0.099760111,0.999574161,-0.561535103,0.235240376,2.95798152,1.59425E-09
Hmgn5,0.549692389,0.843902525,-0.253998021,0.603511831,0.007646649,0.991901442
Sh3bgrl,0.186178442,0.999574161,-0.781265119,0.000725545,-0.210207069,0.613461151
Xkrx,0.026458712,0.999574161,-0.700203043,0.712750722,3.624930934,0.056534897
Btk,-0.170184344,0.999574161,-0.63680623,0.01276469,0.077489038,0.876412493
Col4a5,1.102278619,0.883797316,-0.489205826,0.65613268,-0.475016974,0.753971258
Slc7a3,0.245090209,0.999574161,1.935108498,0.00823374,-0.043755734,0.978339174
Zmym3,-0.061511516,0.999574161,-0.38583524,0.089132533,0.032891215,0.941067506
4930519F16Rik,-0.116014621,0.999574161,-0.493768653,0.333394789,0.137571635,0.874811764
Flna,-0.130998783,0.999574161,-0.859902305,9.78975E-07,-0.056140575,0.877767864
Mtm1,-0.132121566,0.999574161,-0.492410631,0.003340788,0.197034515,0.484495324
Gpm6b,-0.134320753,0.999574161,-0.343772729,0.404603059,0.062066938,0.930335836
Nsdhl,-0.043930221,0.999574161,1.381863961,3.6189E-11,-0.8404894,0.004606418
Hccs,-0.162260618,0.999574161,0.871820816,0.009333305,-0.680955274,0.161143641
Rbbp7,0.0142943,0.999574161,1.52760928,1.24145E-11,-0.835226353,0.009224584
Amelx,0.35056993,0.999574161,-1.262560686,0.197974159,1.772523284,0.149975038
Arhgap6,0.311280808,0.999574161,-0.877337564,0.000646302,0.998140797,0.003327096
Ctps2,-0.240765755,0.989002519,-1.112698682,5.61398E-10,0.377406586,0.181374694
Bgn,-0.349374809,0.999574161,-0.592424094,0.470522418,1.465193527,0.123084084
Atp2b3,0.702881019,0.999574161,1.151890651,0.63385344,1.038681445,0.757297679
Bmx,0.007319743,0.999574161,-0.423308378,0.805869146,1.369189619,0.468635428
Abcd1,-0.233116578,0.999574161,-1.118354407,1.0683E-05,0.245095179,0.599000039
Plxnb3,0.398756718,0.999574161,-0.398825509,0.749901583,0.041186893,0.983162079
Renbp,0.014492394,0.999574161,-0.182690072,0.609271257,-0.038200969,0.947754019
Arhgap4,-0.10513629,0.999574161,-1.098691321,1.24476E-08,-0.348082613,0.266125452
Avpr2,-0.036219159,0.999574161,-0.754158265,0.02389834,-0.661924473,0.167369274
Plxna3,-0.242725622,0.999574161,1.512696886,5.53953E-05,-0.61307104,0.311874444
Fam3a,-0.118631697,0.999574161,-0.574562732,0.154984841,0.710723579,0.192056258
Mpp1,-0.212644804,0.999574161,-0.454649251,0.080646118,-0.248178334,0.554598549
Dkc1,0.012909555,0.999574161,2.574791571,1.45329E-63,-1.427478919,3.67602E-13
Morf4l2,0.108249689,0.999574161,1.758284475,1.89228E-13,-1.336775981,2.94597E-05
Zcchc18,0.018110631,0.999574161,-0.538054258,0.03071973,-0.557478152,0.108582497
Tsc22d3,0.230016862,0.999574161,-0.286236923,0.706030658,-0.557829673,0.553326509
Prps1,0.052743255,0.999574161,1.638213495,1.91836E-10,-0.883504957,0.016673661
Mcf2l,-0.163767156,0.999574161,-0.794315312,0.181471275,0.94450963,0.243717212
Lamp1,0.164054535,0.999574161,0.431524109,0.146539713,-0.585015447,0.135335023
Atp4b,1.730287405,0.999574161,4.372266119,0.049604791,-1.457262432,NA
Gas6,1.025781128,0.68851294,-0.708011649,0.33270749,0.70022629,0.495620861
1700029H14Rik,-0.638325433,0.999574161,0.472950543,0.613471163,1.8371408,0.064014032
Rasa3,-0.164623323,0.999574161,-2.387903683,3.81125E-61,0.990865576,2.57203E-07
Agpat5,0.028807772,0.999574161,1.876076781,1.47547E-12,0.739205396,0.061975808
Slc25a15,-0.029134695,0.999574161,1.595908123,1.75407E-06,-1.227939444,0.008472972
Chrnb3,-0.145399296,0.999574161,-0.329859798,0.72935306,1.896443711,0.041346536
Cd209a,-1.405763738,0.146018554,-0.324865434,0.671345989,0.956733629,0.274502332
Cd209d,-1.627443558,0.71545531,-0.379934903,0.78613852,-0.795008558,0.664120534
Col4a1,-0.761453977,0.999574161,-0.567898961,0.477459172,1.040545648,0.296579609
Col4a2,-0.854911401,0.999574161,-0.589075346,0.55060158,1.319103076,0.258338178
Tex29,0.625355575,0.999574161,3.012778906,0.00076588,-0.454681064,0.789854444
Leprotl1,-0.077270991,0.999574161,0.086206007,0.873678248,-0.409784693,0.468635428
Gpm6a,1.736903684,0.774264544,-0.189779696,0.921665618,-0.828622379,0.685268064
Dlc1,0.057082508,0.999574161,-0.597412338,0.102409739,0.375269136,0.513226717
Dusp4,-0.37459053,0.89576735,0.675827931,0.012534311,-0.48211925,0.234414283
Ap3m2,-0.030051818,0.999574161,-0.918684803,2.02907E-10,0.34848802,0.115700705
Ank1,0.807530105,0.939957864,-0.759518259,0.285691401,-0.24139778,0.844076976
Tenm3,0.314248888,0.999574161,-0.213932728,0.895062031,1.15165551,0.477763658
Dctd,-0.073472533,0.999574161,3.713747381,9.16075E-49,-1.382358755,7.60724E-05
Mak16,-0.126823568,0.999574161,1.885104385,1.16489E-20,-0.600702808,0.047294892
Rbpms,-0.089691062,0.999574161,-0.348292413,0.390162559,-0.044249566,0.951429566
Msmo1,-0.174407114,0.999574161,1.646330655,2.10419E-11,-0.842884325,0.017069533
Hpgd,0.271099491,0.999574161,-0.945096089,0.025937971,-0.293663188,0.699969031
Nr3c2,1.164011184,0.172257037,-1.293964489,0.013931955,0.27060175,0.778386048
Sorbs2,0.02307708,0.999574161,-0.827751825,0.10922979,-0.065470172,0.948979575
Irf2,-0.011568371,0.999574161,-0.884786918,1.20323E-06,0.73625261,0.003284227
Pdlim3,-0.36594182,0.999574161,-0.529901614,0.522159189,0.337312842,0.788051299
Lrp2bp,0.096114608,0.999574161,-0.700445056,0.130996119,-0.243594618,0.763863211
Tlr3,0.871205126,0.152854127,-0.635577292,0.102526112,-0.544051383,0.337499966
Heatr3,0.078946756,0.999574161,1.73093934,1.72289E-23,-1.269277076,2.41825E-08
Adcy7,-0.144143792,0.999574161,-1.599430738,5.48446E-31,0.285682117,0.203759622
Snx20,0.007704587,0.999574161,-0.02291704,0.962081825,2.322044982,1.16971E-15
Rbl2,-0.010839215,0.999574161,-0.941466391,6.14114E-06,2.957802617,2.13421E-33
Orc6,0.013313975,0.999574161,1.197049931,9.21248E-06,-0.979008082,0.009221732
Mylk3,-0.296796304,0.999574161,-0.246036121,0.848846006,0.251393037,0.879918274
Gpt2,0.096984049,0.999574161,1.716259205,2.02271E-06,-1.500143474,0.002696854
Rfx1,-0.217648036,0.999574161,-0.878698047,0.00042385,0.222270096,0.623913752
Tecr,-0.198407866,0.999574161,0.252238073,0.336910846,-0.370032882,0.282062663
Tbc1d9,0.479802652,0.999574161,-0.709107022,0.083946497,-0.082937376,0.91445704
Gab1,0.140356791,0.999574161,-0.805435202,0.303146393,0.803467622,0.469105882
Hp,0.520940233,0.999574161,-0.182730086,0.894047583,0.946069529,0.49548863
Zfp821,-0.340272486,0.741967236,-1.120061212,3.48327E-08,0.40820396,0.207214884
Dhodh,-0.019034162,0.999574161,1.351651057,8.57956E-06,-0.697536774,0.126703969
Phlpp2,0.031155703,0.999574161,-0.595451108,0.03169621,-0.061469016,0.909235261
Mmp2,0.256310728,0.999574161,-0.277443089,0.838466295,1.581723843,0.225188312
Amfr,-0.074245975,0.999574161,0.013677613,0.975969402,-0.39650913,0.2545195
Nudt21,-0.084728218,0.999574161,1.219904061,1.18123E-05,-0.917976635,0.018705168
Bbs2,-0.007362718,0.999574161,-0.852669684,5.92878E-05,0.682587982,0.021004774
Mt2,1.943332399,0.481858017,-0.063937021,0.975969402,0.023714047,0.991377646
Mt1,0.499710048,0.999574161,-0.705981222,0.33270749,1.283898806,0.150373945
Arl2bp,0.014444013,0.999574161,-0.443372232,0.060246643,0.0969779,0.824885356
Cx3cl1,-0.054523597,0.999574161,2.888865896,0.01053341,-0.419651881,0.850949385
Ccl22,0.613926018,0.999574161,3.852739559,4.83983E-11,-0.597838583,0.579681935
Ccl17,0.123856156,0.999574161,2.164584317,0.115127669,-0.735983988,0.760249034
Adgrg1,-0.510054273,0.999574161,3.6164902,5.15922E-14,-0.411984517,0.659014371
Mmp15,-0.169132341,0.999574161,-1.420199405,0.179220597,3.448084258,0.003558399
Usb1,-0.211182766,0.999574161,0.353435539,0.308683285,-0.382201372,0.43393847
Tpm4,-0.127941499,0.999574161,-0.361163611,0.117633778,0.078965992,0.852033155
Phxr4,0.046906969,0.999574161,-1.417590325,1.41202E-07,-0.040044076,0.947754019
Gins2,0.082752569,0.999574161,0.230175967,0.63762048,-0.622850316,0.266569495
6430548M08Rik,0.563861545,0.774264544,-0.447045391,0.277445198,0.166043679,0.810514329
Crispld2,-0.644543047,0.999574161,1.508427473,0.179181231,1.544408405,0.33413614
Klhl36,-0.017923269,0.999574161,-0.098825102,0.760431856,-0.242387962,0.534410377
Mast3,-0.043456331,0.999574161,-0.264807279,0.447985707,-0.184798529,0.72910818
Rab3a,-0.20471943,0.999574161,-0.369921644,0.377664044,-0.069786246,0.922429184
Pde4c,-0.394181625,0.999574161,-0.649329017,0.192201406,0.627187902,0.379231538
Bco1,-0.007157585,0.999574161,0.526655975,0.678965042,1.260279293,0.394239943
Pbx4,-0.052421092,0.999574161,-1.026854305,0.001925739,0.129984937,0.846370929
Lpar2,-0.037664438,0.999574161,0.365016112,0.228746818,-1.221356564,0.000405986
Cdh5,-0.542366,0.980490136,-0.469276272,0.35145391,-0.067163839,0.941067506
Cmtm3,0.629783454,0.242047705,0.059159281,0.900079057,-0.396487515,0.380284126
Ces2g,1.281239255,0.461414861,-0.26733512,0.787263079,-0.392443685,0.756213862
Cdh16,0.183470847,0.999574161,1.881351548,0.349979299,0.682715135,NA
Car7,-0.237419116,0.999574161,-0.771056619,0.221389718,0.528465669,0.592303934
Hsd11b2,-0.258243516,0.999574161,-1.07796305,0.040106801,0.992631637,0.181105324
Tsnaxip1,-0.728225825,0.980490136,-1.230340532,0.045597349,0.096482273,0.93997825
Psmb10,0.081611324,0.999574161,0.764146249,0.004487005,-1.141280116,0.001001723
Pla2g15,0.401929286,0.774264544,-0.804986428,0.001501026,-0.006840684,0.990178227
Slc7a6,-0.182512032,0.999574161,2.027324327,2.04372E-19,-0.956775688,0.002650983
Zfp90,-0.050238368,0.999574161,-0.233500587,0.31480073,-0.074872329,0.850949385
Nip7,-0.143729312,0.999574161,1.746357904,2.68873E-18,-0.961365515,0.000531012
Tmed6,0.184630051,0.999574161,0.578486682,0.664137377,-0.972601567,0.574658422
Cyb5b,-0.09708136,0.999574161,1.158820361,6.23105E-08,-0.881483898,0.002935978
Maml2,0.097897389,0.999574161,-2.065958752,2.04699E-08,0.403414092,0.54586235
Ankrd49,-0.115045049,0.999574161,2.105264364,1.32026E-16,-0.824471318,0.027252383
Taf1d,-0.083514268,0.999574161,1.977133376,3.9262E-31,-0.418747163,0.115599359
Kars,0.021562517,0.999574161,2.248198552,5.43515E-26,-1.141633424,8.76168E-05
Gabarapl2,-0.162606601,0.999574161,-0.390392388,0.149525575,-0.026281114,0.959821553
Tmem231,0.692151792,0.750877216,-0.457479982,0.397812664,-0.917452116,0.167850627
Tmem170,0.087995882,0.999574161,-0.408368247,0.24703242,-0.139533122,0.818099348
Cfdp1,0.145226026,0.999574161,2.44497117,6.37952E-26,-1.050823899,0.001268068
Bcar1,-0.727745753,0.999574161,-0.565213708,0.688353585,1.624763357,0.308477756
Ctrb1,-0.045712106,0.999574161,0.224340179,0.978578441,5.611875287,NA
Ldhd,-0.188057794,0.999574161,-0.668778284,0.060533442,0.154906337,0.81501041
Aars,0.202464326,0.999574161,2.057357914,3.51269E-30,-1.204168767,4.64295E-07
Bmper,-0.617171567,0.999574161,-0.076658815,0.978218248,2.254337881,0.334120474
Acad8,-0.074628272,0.999574161,0.603096769,0.136623776,3.192742399,1.21649E-13
Ccsap,-0.224957428,0.999574161,-0.545386659,0.115933839,0.252008909,0.664248006
Abcb10,0.233812461,0.999574161,-0.315136094,0.288761882,0.07383934,0.884971614
Urb2,-0.129195082,0.999574161,1.900927094,2.66946E-23,-0.978765571,0.000203534
2310022B05Rik,-0.012568545,0.999574161,0.443626529,0.123823857,-0.737333621,0.047913125
2810004N23Rik,-0.015867537,0.999574161,2.266902012,2.69642E-24,-0.807424755,0.012617158
St14,0.207144068,0.999574161,0.051098255,0.89705182,2.242295226,5.2392E-16
Dcun1d5,-0.119174136,0.999574161,1.244873633,1.85486E-06,-0.990390615,0.006300533
Sesn3,0.151895266,0.999574161,-1.033143353,2.52892E-12,-0.369053857,0.101418947
Thy1,0.204898683,0.999574161,-0.363680366,0.570632124,-0.927037265,0.215995703
Sc5d,-0.096424773,0.999574161,1.21408382,4.8822E-10,-1.470200152,5.1629E-09
Rexo2,0.328857092,0.999574161,1.848305359,1.88403E-12,-0.951041328,0.011297347
Nxpe2,0.126931798,0.999574161,1.323753651,3.19962E-11,-1.14390161,1.61558E-05
Ets1,-0.220637012,0.999574161,-0.581281254,0.000946893,-0.551096599,0.022360983
Abhd12,-0.055652423,0.999574161,-0.592016159,0.00407913,0.18202159,0.618967907
Acat1,-0.034804862,0.999574161,-0.032462008,0.91420161,-0.364237291,0.165697403
Rdx,-0.141676011,0.999574161,1.30712191,1.41858E-10,-0.834295838,0.003442718
Pou2af1,-0.141753696,0.999574161,-0.396995611,0.004091799,0.018729828,0.949282215
Tex12,-0.378320855,0.999574161,-0.352577111,0.808576921,-1.016524104,0.563092384
Bco2,0.180589065,0.999574161,-0.109988033,0.87863964,-0.609188527,0.401222595
Cadm1,0.436214408,0.937979159,-0.578130422,0.105280745,-0.113663738,0.862584187
Bace1,-0.027873672,0.999574161,-0.300256601,0.193727346,-0.029357009,0.947754019
Ddx25,-0.181774732,0.999574161,-2.273351693,8.35606E-10,1.482848969,0.003516074
Pus3,-0.055202726,0.999574161,1.698859739,6.86495E-11,-0.67155193,0.088185058
Pdzd3,3.436215436,0.741967236,4.173405151,0.033097735,-2.12603403,0.434430792
Nlrx1,0.378313508,0.925766343,-0.981142368,0.00112783,1.240098589,0.001268068
Trappc4,-0.029477139,0.999574161,1.096939516,0.000832327,-0.845781184,0.071570249
Chek1,0.203307545,0.999574161,2.203909721,1.25885E-10,-1.874454247,4.6713E-05
Slc37a4,-0.183152683,0.999574161,0.159348939,0.61315384,-0.363571716,0.33448851
Stt3a,0.056762711,0.999574161,1.264101121,2.13707E-08,-0.911826544,0.003665014
Fez1,1.717020832,0.999574161,1.754818835,0.556402215,1.693049857,NA
C2cd2l,-0.029038024,0.999574161,-0.925896845,0.00083197,-0.005224226,0.991971125
Slc37a2,0.052871604,0.999574161,0.105590185,0.902593641,1.512756156,0.03268272
Dpagt1,0.016824397,0.999574161,1.320838003,1.28389E-09,-1.059842108,0.000388099
Robo4,-0.5730625,0.999574161,-0.630330252,0.628764731,1.240919195,0.439196455
Hmbs,0.498701352,0.94786974,1.259471043,0.000699051,-1.49106883,0.002574701
Robo3,-1.768556654,0.741967236,-1.17226336,0.369606972,8.617455147,1.67188E-11
Abcg4,1.838566387,0.484011504,1.831500784,0.065048962,-1.615591075,0.24421553
Mcam,-0.352324943,0.999574161,-0.436625471,0.568298919,3.937990434,2.0252E-08
Icam5,0.394974715,0.999574161,1.129049962,0.140198426,0.771257761,0.507407307
Pde4a,0.508716582,0.702198766,0.059663017,0.905209071,-1.018395801,0.01193904
Ldlr,-0.114455756,0.999574161,2.038185108,1.89096E-06,-1.641978377,0.005605812
Lipc,0.619033625,0.884874556,1.534236071,0.000207627,-1.033305023,0.085235003
Rsl24d1,-0.143742573,0.999574161,2.118017181,6.08502E-21,-0.818641135,0.012158142
Nedd4,-0.062150749,0.999574161,1.559412158,1.12703E-09,-1.21265461,0.000510576
Ccnb2,0.690933331,0.927917933,0.288192023,0.684057287,-1.186242674,0.108238847
Mns1,0.591586324,0.89576735,-0.074700441,0.917764051,-0.353842532,0.638897427
Fam81a,0.12880547,0.999574161,-0.253188508,0.810009271,1.953437944,0.042633277
Anxa2,0.230605545,0.999574161,-0.672738434,0.142911991,0.129610151,0.876038311
Cgnl1,0.19052626,0.999574161,0.400183792,0.712083582,0.641790274,0.644958115
Rp9,-0.130903844,0.999574161,-0.172765904,0.585423979,-0.15695122,0.731348405
Itga11,0.363187116,0.999574161,1.617661762,0.035382788,0.178927567,0.904495365
Cln6,0.212384405,0.999574161,-0.763012575,0.042064356,0.612581566,0.261721023
Anp32a,0.168738144,0.999574161,0.549165141,0.002258551,-0.727770104,0.002045692
Irak1bp1,0.11713122,0.999574161,0.832267044,0.067294386,1.586406754,0.004658011
Kif23,0.486294385,0.780405051,-0.101583241,0.83048533,-0.567193426,0.229721074
Lca5,-0.180349052,0.999574161,-1.198819525,3.3656E-06,2.121863103,1.23848E-11
Tent5a,-0.092530225,0.999574161,-1.64845181,7.72666E-16,0.26629784,0.46701277
Cyp19a1,0.011309602,0.999574161,-1.039735582,0.274188394,1.524847573,0.215474986
Paqr5,-0.033032414,0.999574161,-0.361964693,0.439712267,2.374037485,2.04264E-07
Idh3a,-0.010564799,0.999574161,1.582501004,2.01866E-15,-0.858633915,0.002180569
Imp3,-0.047187249,0.999574161,0.727385064,0.050222362,-0.54854837,0.322177568
Pkm,0.067518354,0.999574161,1.674501957,4.58112E-12,-0.865098461,0.012462448
Psma4,0.000732094,0.999574161,1.988235368,8.74295E-18,-0.994949104,0.002262825
Nrg4,-0.048934291,0.999574161,0.255291938,0.574741677,-0.450225586,0.436414841
Csk,-0.207072019,0.999574161,-0.061649213,0.852602142,-0.634964502,0.030024184
Pstpip1,-0.154192459,0.999574161,-1.159754479,1.69717E-08,1.204933863,7.44132E-06
Stra6,1.196276078,0.999574161,0.13477311,0.972950053,3.257086007,0.245552075
Tmem30a,-0.008870402,0.999574161,-0.023483962,0.961667769,-0.457690808,0.227186889
Cox7a2,-0.145433894,0.999574161,0.823492324,0.017734393,-0.769178185,0.115121038
Col12a1,-1.613628162,0.98608747,0.473100214,0.788274534,2.579037836,0.148740271
Stoml1,-0.19930926,0.999574161,-1.496657337,1.72813E-12,0.540819718,0.094449706
Loxl1,-0.264102774,0.999574161,-3.53204246,1.2447E-07,0.733961977,0.545713622
Neo1,-0.024101183,0.999574161,-1.434347771,0.02990021,1.095851487,0.2545195
Gsta4,0.374305314,0.999574161,-0.799328657,0.370015484,-0.177096773,0.906819568
Ctsh,-0.040815909,0.999574161,-0.870415802,1.29971E-05,0.416067887,0.173107836
Hcrtr2,-0.310081335,0.999574161,-2.369866317,7.2867E-14,0.54812005,0.302353057
Tpm1,-0.196621051,0.89576735,-0.361305244,0.01276469,0.02518058,0.932681994
Car12,1.411755037,0.702198766,3.571853238,6.36474E-07,-0.954293257,0.408868108
Plod2,0.244665107,0.999574161,0.846166397,0.183502547,3.828217713,1.22176E-08
Aph1b,0.581669122,0.789468782,-0.251520804,0.613471163,-0.557845463,0.349735144
Plscr4,0.485722618,0.999574161,-0.558931496,0.702203828,-0.07539533,0.974092311
Dapk2,0.6766862,0.999574161,0.551238657,0.507559731,-0.681729894,0.54586235
Ciao2a,-0.135775006,0.999574161,1.177897996,2.70736E-05,-0.865045305,0.029496051
Csnk1g1,-0.00539376,0.999574161,0.244017389,0.295988195,1.950792854,5.76005E-17
Parp16,-0.02655674,0.999574161,-1.050310726,0.015629048,-0.089984305,0.917700038
Tfdp2,-0.486172392,0.872308815,-1.068985354,0.001221243,0.822851934,0.081728503
Ube2cbp,-0.119023255,0.999574161,2.007631126,2.64216E-09,-0.436471294,0.464995603
Me1,1.644653747,0.999574161,-1.096118416,0.6463969,1.090075721,0.72881735
Syncrip,-0.071727206,0.999574161,1.674142487,1.45722E-38,-0.710954635,5.33576E-05
Cmtm6,-0.157361754,0.999574161,0.077288045,0.861868788,-0.228047989,0.654402839
Cmtm7,-0.220810647,0.999574161,-0.101148201,0.813274704,-0.775115518,0.050439839
Stt3b,-0.061162293,0.999574161,-0.014979339,0.961910834,-0.597701949,0.005231725
Rbp2,-0.045733055,0.999574161,0.224308941,0.970472157,6.428546588,NA
Mrps22,-0.007157835,0.999574161,1.512704413,2.03422E-08,-0.982442453,0.010084001
Pik3cb,0.288366366,0.999574161,-0.61433096,0.159882436,0.469023227,0.475865693
Mras,0.247338986,0.999574161,-1.06021,0.07913935,1.166202337,0.15498543
Ngp,2.923214078,0.252041413,0.683889118,0.707248626,-1.391594323,0.534124096
Ptgs2,1.539935471,0.999574161,0.550133381,0.78613852,0.812920163,0.743954368
Kif9,-0.066227402,0.999574161,-1.317060006,1.4421E-05,0.459312598,0.35936563
Ltf,3.12694926,0.211239547,1.000531191,0.569873229,-1.707577034,0.438856993
Fbxl2,-0.012405164,0.999574161,-0.114892478,0.80393054,-0.210573336,0.717643775
Scn5a,-0.367309463,0.999574161,1.249197967,0.315399382,0.94566821,0.618577017
Rab6b,0.203346475,0.999574161,-0.822648897,0.025716306,0.665699169,0.211791551
Trf,0.34029129,0.999574161,-0.732572265,0.053832708,0.04629511,0.951893981
Bfsp2,-0.022513624,0.999574161,-0.993570743,3.75087E-06,2.780861634,5.13402E-28
Gnai2,-0.059955215,0.999574161,-0.534694398,0.006346136,-0.077914695,0.841113932
Mrpl3,-0.069712434,0.999574161,1.307467421,2.17678E-11,-0.85263319,0.001717095
Cpne4,0.635050189,0.999574161,-1.323349789,0.411906178,0.900314562,0.707474452
Aste1,-0.279127782,0.999574161,0.447531645,0.072445756,-0.513503183,0.131999913
Atp2c1,-0.063979248,0.999574161,0.030560563,0.953093085,-0.56257525,0.154798731
Col6a4,-0.705787576,0.999574161,0.590241094,0.651930548,1.119137692,0.492917663
Manf,0.297953359,0.999574161,1.388627953,1.977E-06,-1.317382411,0.000830867
Mapkapk3,-0.138298833,0.999574161,-0.000872539,0.998246524,2.577170364,4.03026E-16
Mst1,0.214550849,0.999574161,-0.232537023,0.473679236,-0.385517595,0.354668898
Ip6k1,-0.207889594,0.999574161,-0.65555863,0.01276469,0.309523751,0.471256395
Uba7,-0.168776755,0.999574161,-0.639714352,0.012692869,0.30859633,0.459676756
Nicn1,0.019791504,0.999574161,-0.844589643,0.039953097,0.236441376,0.753054182
Eml4,-0.247282887,0.89576735,0.480944868,0.006583179,-0.839406848,0.000164471
Chsy1,0.021015559,0.999574161,0.567308274,0.00800282,-0.793102352,0.004504908
Gpr19,-0.22067492,0.999574161,-0.479332365,0.196252693,0.315518156,0.588951855
Oas3,0.020075769,0.999574161,-0.664275156,0.069578806,0.474940923,0.390271147
Cd59a,0.507033756,0.999574161,-0.492420532,0.318002818,0.286385693,0.712959779
Malt1,-0.011434831,0.999574161,-0.083605437,0.74790541,-0.635659812,0.008931794
Oas2,-0.065553496,0.999574161,-0.793402845,0.027980598,0.533475084,0.330404629
Nlrp3,0.647781671,0.89576735,0.050188966,0.955258056,-0.157458378,0.865014525
Lmo2,-0.071630891,0.999574161,-1.05746312,7.00886E-07,-0.690863787,0.023015365
Kank1,-1.042192333,0.999574161,0.146919674,0.935223135,0.971200979,0.588951855
Syde1,-0.894155737,0.735652091,-0.701131199,0.26224556,0.005409143,0.995672943
Trib3,0.159004775,0.999574161,2.209126613,0.00065462,-1.467413722,0.130043185
Mansc1,-0.139930538,0.999574161,-1.023850118,0.36297378,1.056682008,0.506050665
Folr2,-0.190446812,0.999574161,-1.020019706,0.191939453,0.249437495,0.859894956
Snx33,-0.077757121,0.999574161,-0.936752918,3.74557E-09,0.353857579,0.152054743
Inppl1,-0.003173225,0.999574161,0.123789772,0.688669823,-0.610010935,0.051539597
Tpcn1,0.037310143,0.999574161,-1.379191697,6.42067E-06,0.872987025,0.047388422
Heyl,-0.371788066,0.999574161,-0.252822833,0.841464517,3.741867984,0.0002091
Gab3,0.014874244,0.999574161,-1.038794789,0.000182543,1.002186975,0.007897462
Gng11,-0.422294709,0.999574161,-1.358356497,0.199461788,1.070859111,0.502068806
Mctp2,-0.521777768,0.299255015,-1.128605848,1.66322E-06,-0.11816271,0.804612688
Troap,0.580698905,0.999574161,-0.31126899,0.74929795,-0.171221401,0.900797959
Lama1,1.970947806,0.908916025,-1.428918536,0.478323656,2.407115251,0.314539528
Fanca,-0.214147054,0.999574161,-0.093768338,0.768037902,-0.348636536,0.31177648
Igdcc4,-0.257081459,0.999574161,0.30686049,0.814949383,2.021100263,0.099720898
Loxhd1,-0.652718658,0.999574161,-3.424691035,1.30178E-05,1.212450479,0.348903543
Ppp1r9a,0.211500613,0.999574161,-0.710301115,0.084773343,0.421569634,0.518432153
Pwp2,-0.161548842,0.999574161,2.689887226,1.1461E-31,-0.830740818,0.013039918
Arhgef17,-0.806441672,0.999574161,0.084932357,0.960782146,0.77404327,0.624008286
Acsl3,0.001696373,0.999574161,1.792893935,7.52884E-15,-1.519222316,6.00952E-07
Gm6685,-7.665381276,0.000186591,0.310546893,0.896612526,3.657840257,0.16390835
Rims3,0.643304966,0.481858017,-1.252633695,0.000135874,0.099685104,0.881153738
Rangrf,-0.182601859,0.999574161,2.282074141,2.60156E-08,-1.432207074,0.014509417
Fbxo21,0.064776854,0.999574161,-0.000569726,0.998365029,-0.387054447,0.203968645
Slc16a1,0.025670693,0.999574161,2.657153086,1.08169E-23,-2.412336107,1.03972E-12
Sgpp2,-0.158857241,0.999574161,-1.770408721,9.78565E-15,-0.262210756,0.539392845
Cspg4,-1.171252631,0.999574161,1.216305856,0.676649381,3.18003871,NA
Lrig2,-0.236135753,0.999574161,-0.241337824,0.372386257,0.049247392,0.914228583
Adgre4,0.114006903,0.999574161,-0.331147158,0.462715526,-0.118558194,0.870004979
Rasgrp2,-0.012718414,0.999574161,-1.758740573,6.55533E-14,-0.442864007,0.247989417
Pebp1,-0.120918225,0.999574161,1.957130687,1.99107E-07,-0.694540092,0.248736273
Ift57,-0.308452471,0.999574161,1.216762305,0.000758765,-0.635110803,0.265402057
Chpf,0.138819308,0.999574161,1.333613368,1.08879E-08,-1.124844746,0.000429331
Polr2f,-0.142198285,0.999574161,2.120474494,6.29294E-19,-0.831907962,0.016722998
Klra9,0.16211004,0.999574161,-0.077013173,0.953093085,0.498630731,0.692389721
Klrc3,-0.230489572,0.999574161,0.889143168,0.367010982,0.548685543,0.724613127
Calhm2,-0.024456391,0.999574161,-1.166106949,1.51021E-05,1.467387028,2.5769E-05
Gm7879,-0.341142188,0.999574161,-1.365216107,0.131921879,-0.310180386,0.853377773
Eif3l,-0.059849225,0.999574161,1.599512284,9.09493E-14,-0.649251132,0.04074143
Pygb,0.031710367,0.999574161,0.107860501,0.67912718,-0.716830501,0.004147931
Lmo7,0.910297464,0.382588248,-0.122161107,0.865981201,0.011476084,0.990590289
Clec1a,-0.223599189,0.999574161,-0.22143344,0.777652154,0.185847709,0.862853657
Tbc1d4,-0.060008027,0.999574161,-0.624445841,0.041383506,0.369054212,0.443352823
Cdc14b,0.038030669,0.999574161,-0.762227623,0.000197836,0.564997757,0.05248579
Lss,-0.188210334,0.999574161,1.362195951,6.89584E-11,-0.995335289,0.000511559
Slc35d2,0.022101815,0.999574161,-0.577924653,0.01258247,0.193704515,0.63401528
Atg9a,-0.155032267,0.999574161,-1.200391496,3.81093E-11,0.330538387,0.267708294
Phldb2,-0.924872051,0.999574161,0.046082427,0.976874676,0.786865498,0.575830078
Atp1a1,0.090801507,0.999574161,1.576654746,2.66921E-10,-0.841170988,0.018643862
Dis3,0.029549755,0.999574161,2.281411437,2.85832E-41,-1.01597269,9.43632E-06
Card10,0.099294993,0.999574161,0.130766302,0.933479825,0.680420013,0.667070916
Tmprss7,0.602322382,0.999574161,3.002801178,0.076486952,-0.587241132,NA
Mzt1,-0.163610609,0.999574161,0.370745115,0.128657476,-0.656964307,0.032383857
Lpcat2,0.115950418,0.999574161,-1.204689072,1.32871E-08,0.298061517,0.412270742
Myh2,-0.045694591,0.999574161,0.224366003,0.979838575,5.517236826,NA
Ttc28,0.104563486,0.999574161,-1.623536041,3.75268E-09,2.409633296,1.47773E-12
AA467197,2.041395052,0.999574161,3.765579679,0.018892657,-2.095402384,0.381475995
Gm9758,0.675610246,0.999574161,0.224309452,0.976874676,5.014992507,NA
Rac2,-0.047142529,0.999574161,0.322782581,0.163984395,-0.466803809,0.122250897
Wnt6,-1.571141436,0.949805993,1.04502162,0.397612481,4.064392986,0.004072664
Slc35a4,-0.113537822,0.999574161,1.361581556,4.35034E-06,-0.639635036,0.157241305
Ptprm,0.763934677,0.259753451,-0.197495606,0.679575232,-0.311666686,0.611297884
Kctd17,0.120297112,0.999574161,-0.222278589,0.87863964,0.891878528,0.565517223
Noc4l,-0.081857433,0.999574161,1.464824978,6.83522E-10,-0.901425749,0.007347263
Ptprf,-0.934210126,0.92820252,-0.813571707,0.320505143,1.048704331,0.346810456
Mif,0.101308356,0.999574161,2.93377236,3.2108E-25,-0.473244091,0.324517344
Fbxl8,-0.066943237,0.999574161,-0.903711036,0.005725701,-0.016338985,0.982573374
Gstt2,0.04649747,0.999574161,-0.807473152,0.016473951,-0.164417494,0.794802754
Tnxb,-1.064576416,0.999574161,-0.058508002,0.976874676,0.182012062,0.932501996
Rtp4,-0.119912805,0.999574161,-0.658833053,0.130545227,0.210212046,0.780866743
Pus7l,-0.063534342,0.999574161,2.077457453,1.04423E-31,-0.680314435,0.008292946
Trim69,0.154418666,0.999574161,2.590367331,0.001192266,-1.23056412,0.338271793
Atp6v0b,-0.212838702,0.999574161,0.180005143,0.653829327,-0.338012396,0.497551621
Frrs1,-0.080025175,0.999574161,0.154799514,0.67886598,1.985151128,7.67649E-10
Agl,-0.018030691,0.999574161,-1.015989858,1.82328E-05,0.911686198,0.004965839
Syce1l,-0.492118845,0.999574161,1.029953658,0.634635613,1.799576078,NA
Gucd1,-0.215346496,0.999574161,-1.029388396,3.97049E-09,0.238955982,0.431047222
Tagap,-0.212459112,0.999574161,0.947083668,0.00023349,-0.97008124,0.005470749
Armcx1,-0.752490817,0.999574161,-0.400579405,0.868374149,1.316235475,0.629744206
Crlf2,0.123483827,0.999574161,-0.48924769,0.018085192,0.143460902,0.702625073
Cysltr2,1.158652485,0.809408331,0.49793534,0.620161038,-0.39952359,0.777560804
Gtf2a2,-0.168494782,0.999574161,0.608770343,0.04734935,-0.47337133,0.297383195
Angptl1,-0.093634161,0.999574161,-1.238793079,1.48929E-07,-0.193292707,0.667568547
Fam20b,-0.085711602,0.999574161,0.24082403,0.261965326,-0.410650203,0.129980159
Rbfox2,-0.396533908,0.999574161,-0.441237083,0.712956206,1.172396924,0.398080097
Myo6,0.292575643,0.999574161,-0.507060473,0.239498662,0.26228817,0.708597819
Igf2bp2,-0.026273324,0.999574161,-0.165926526,0.902943341,1.388231338,0.264285372
Reep4,-0.028149518,0.999574161,0.262409663,0.418961217,-0.46018047,0.260867288
Rfwd3,0.04460791,0.999574161,0.578158145,0.040933734,-0.847657591,0.020409272
Pank1,-0.021314846,0.999574161,0.104361613,0.806437552,-0.58533276,0.163422454
Map3k13,0.141809956,0.999574161,1.843201818,0.001846227,-0.000498626,0.999635691
Hacd3,0.040963585,0.999574161,1.193249053,8.22651E-05,-1.290574478,0.001486303
Clec18a,-0.204421466,0.999574161,-0.652570632,0.196200561,0.256782281,0.764942239
Piwil2,0.558753329,0.999574161,3.795307973,9.9751E-21,-0.540967267,0.447105309
Ucp2,-0.028068161,0.999574161,-0.270273592,0.282492535,-0.258827529,0.47528611
Smyd5,-0.09656,0.999574161,2.485098614,3.56656E-32,-0.873575561,0.003711622
Lrrc24,0.120885498,0.999574161,1.784874479,1.21609E-12,-0.669192421,0.078340649
Sfxn5,0.123629627,0.999574161,-1.083328014,2.77004E-07,0.771782036,0.008401558
Vav3,-0.010935693,0.999574161,-0.420938922,0.022688046,0.134959554,0.682719245
BC034090,0.051285133,0.999574161,0.479539105,0.369551396,2.844918276,1.02447E-07
Sf3b3,-0.063083457,0.999574161,1.687479573,1.91726E-15,-0.574688918,0.073455825
Gadd45gip1,-0.097329985,0.999574161,1.669883636,4.18847E-11,-1.044075212,0.003260029
Mnd1,-0.021968458,0.999574161,1.808442925,0.001705515,-0.16216393,0.889412806
Recql4,0.446399763,0.949061934,1.801341038,9.05782E-09,-1.402392424,0.001168794
Nrxn2,-0.237751846,0.999574161,-1.248192587,0.00923865,2.452998024,2.58735E-05
Dysf,0.478639384,0.95280769,-0.816778675,0.036199276,0.097985641,0.897304995
Alg3,0.118316109,0.999574161,2.161096602,2.01146E-24,-0.967906742,0.001178673
Dnah8,-0.037382807,0.999574161,-1.545247839,2.66139E-06,1.154245727,0.012016814
Pla2g4c,0.631355556,0.999574161,1.651117293,0.030458486,-1.976193183,0.056077343
Gm28042,-0.158293487,0.999574161,0.34661636,0.583901737,-0.315929212,0.72881735
Kcnk10,-0.197141695,0.999574161,3.296083919,1.27203E-17,0.314552608,0.681902327
Ston1,0.01345842,0.999574161,-0.065661401,0.960138491,2.504011392,0.004490693
Klf9,0.209626833,0.999574161,-0.220611929,0.691111534,-0.109333391,0.893031537
Pxk,-0.169431223,0.999574161,-0.135546195,0.566656561,-0.527397086,0.034062568
Gucy1a1,-0.357867949,0.999574161,-0.308937275,0.75290803,0.673839119,0.574935985
Trim36,-0.063228973,0.999574161,-1.225238451,0.001846227,0.523204959,0.41629147
Aspm,0.625896611,0.999574161,0.842986448,0.133714926,-1.141159908,0.123084084
Rfc3,-0.080177498,0.999574161,0.957969755,0.002814782,-0.853432195,0.057823799
Zfp944,-0.27100678,0.999574161,0.22868071,0.426216811,-0.614583693,0.063046946
Coil,-0.017002859,0.999574161,1.547390836,6.71159E-14,-0.794168252,0.007241455
Dnah17,-0.01550044,0.999574161,1.411551392,0.006870419,0.910797503,0.247642709
Ttc37,-0.17272763,0.999574161,1.431764208,1.29775E-08,0.194445519,0.691443856
Rxfp1,0.659362917,0.54842995,-0.323929987,0.469105389,0.003816476,0.995285509
Cct2,-0.12361225,0.999574161,1.756316931,6.0352E-11,-0.754889234,0.058330912
Fgd5,-0.52315625,0.999574161,-0.376291359,0.70882592,0.883231169,0.464124636
Lyl1,-0.248952809,0.999574161,-0.107061388,0.747768909,-1.234797418,2.38624E-05
Phka1,-0.042744326,0.999574161,-1.322126401,7.498E-14,-0.061075769,0.872480679
Myrfl,0.057692509,0.999574161,3.710942972,0.00170526,-0.605875461,0.790057216
Ypel4,3.075185396,0.217982184,0.786700199,0.67274495,-1.918533861,0.361644097
Kctd7,0.018913706,0.999574161,0.01083145,0.979838575,-0.471199433,0.24980312
Tmed8,-0.104508117,0.999574161,-0.272262579,0.420898112,0.010973768,0.985582469
Scn11a,-0.510216034,0.999574161,-0.299005386,0.869299343,1.009202805,0.620938649
Vav1,-0.033855086,0.999574161,0.081741095,0.738689021,-0.370605301,0.139544503
Ptgdr2,0.126748488,0.999574161,2.352523896,0.004849718,-0.866933237,0.546599591
Pomt2,-0.163682247,0.999574161,1.418495102,4.90554E-05,1.592860993,0.000585255
Tspan8,0.96818421,0.999574161,-0.231878469,0.92976646,-1.552564445,0.550151798
Tmem63c,-0.598559625,0.999574161,1.491702467,0.4726412,1.775121268,0.538986752
Emid1,-0.119341589,0.999574161,-1.82461904,4.55987E-13,-0.099112298,0.855239192
Ccnd3,0.191285374,0.999574161,-0.491081299,0.38669047,0.171314661,0.855239192
Faah,0.121792288,0.999574161,-1.130889024,0.000310519,0.737395429,0.10768527
Rnf43,0.417514629,0.999574161,0.419338408,0.276848224,-0.878633609,0.061651605
Hsdl1,-0.156973483,0.999574161,0.116345831,0.730438066,-0.244159512,0.553854054
Chmp7,-0.146379474,0.999574161,0.976172059,0.002620585,-0.596259297,0.225680513
Gas2l1,-0.26424396,0.999574161,-0.757903376,0.21996257,0.929580607,0.267126012
Chchd4,-0.038350389,0.999574161,2.310600718,8.68471E-25,-1.238892508,5.40697E-05
Rasl10a,-0.989299881,0.999574161,-1.572593655,0.117891912,0.994517911,0.541529523
Foxj1,0.217374384,0.999574161,2.869998207,9.43102E-07,-0.593637985,0.578192653
Gm884,0.675594161,0.999574161,1.618184138,0.719909365,4.526375968,NA
Hdac11,0.140582572,0.999574161,-1.477729182,1.26188E-06,0.069409737,0.915031174
Plekhm1,0.082408532,0.999574161,-1.347304377,3.60432E-09,0.911738241,0.004212579
Slc25a37,-0.249286826,0.999574161,-0.86025135,0.00303488,-0.555182842,0.2024725
Zdhhc14,0.035039567,0.999574161,-0.926516578,0.000109383,0.01127131,0.983761606
Igsf9b,0.460107794,0.999574161,-0.603700934,0.778769285,3.678823309,0.05742373
Evpl,0.173781859,0.999574161,5.058923294,3.04908E-13,-0.208972762,0.886503915
Med13,-0.186845356,0.999574161,-0.053731799,0.87863964,-0.378544212,0.253531472
Sdr42e1,-0.180793471,0.999574161,-1.080541058,0.002665858,0.987121158,0.047577876
Kif4,0.490688378,0.999574161,0.488101291,0.335752544,-1.239161025,0.036763501
Trim59,-0.129302719,0.999574161,-0.932781364,0.000592186,-0.220090811,0.659014371
Exosc1,-0.143933168,0.999574161,1.913624111,1.36634E-28,-0.87120388,0.000285901
Kctd9,-0.127775441,0.999574161,0.458227256,0.085520006,-0.588850017,0.098752561
Plcg2,-0.060966246,0.999574161,-0.319767537,0.0650382,-0.041327625,0.900517657
Zbed4,-0.122421526,0.999574161,0.536363668,0.060964406,-0.722734847,0.055100237
Cbl,-0.009074935,0.999574161,-0.452435657,0.087114052,0.198302621,0.654402839
Ramp1,-0.193457213,0.999574161,-0.434704169,0.652801002,0.272625174,0.848200891
Mtmr3,-0.200558947,0.999574161,-0.243806955,0.395912727,0.086244705,0.855478522
Cpne2,0.282116228,0.999574161,-0.732006871,0.127016624,3.390853712,1.44545E-11
Csta1,-0.068569539,0.999574161,1.969411691,0.016473951,0.845014601,0.539622597
Tkfc,-0.067693301,0.999574161,0.185227079,0.622242334,-0.5602954,0.181218985
Lif,0.037959203,0.999574161,0.266792993,0.68132174,2.88434198,1.98777E-07
Spata6,-0.303549975,0.854930941,-2.010647262,8.39281E-24,0.877797349,0.001864083
Pja1,-0.005513958,0.999574161,0.898277716,0.00975651,-0.924832427,0.052472053
Pkd1l2,0.032111043,0.999574161,-0.830516344,0.579162444,5.750070218,1.38208E-05
Gcsh,-0.018830018,0.999574161,2.892300025,3.03725E-30,-1.140376785,0.001438259
Cops8,-0.128814945,0.999574161,1.227754443,8.06965E-05,-0.731946544,0.11258663
Gm9761,-0.60554213,0.999574161,4.134326118,0.05901335,0.349484684,0.935680975
Gbp8,0.752120013,0.259753451,-0.066842322,0.906140443,-0.319690897,0.594279948
Trmt5,0.126220179,0.999574161,1.885207296,1.70261E-11,-1.054545572,0.008122212
Cyb561a3,-0.11932903,0.999574161,0.03212234,0.965526916,-0.370322996,0.57810006
Eda2r,2.395008285,0.999574161,0.224289157,0.961728363,6.690152075,0.019372269
Rasd2,-0.03025239,0.999574161,-0.438579238,0.68078351,1.731657496,0.118119185
Snx2,-0.213264727,0.999574161,-0.324230249,0.094728191,-0.058368482,0.870955782
Uaca,-0.467259259,0.999574161,-1.211519468,0.228993871,1.065376513,0.47162558
Zfp395,-0.093848397,0.999574161,-1.032113406,0.001984864,0.867298447,0.064984917
Morc2a,-0.086092964,0.999574161,1.73477855,3.84332E-21,-0.541400442,0.049679465
Zfyve9,-0.034698985,0.999574161,-0.128849652,0.870353439,0.336276548,0.71691388
Ccpg1,0.243859992,0.999574161,-0.821189238,0.002505674,0.701811,0.065950156
Ptpn13,0.177239289,0.999574161,-0.016701546,0.986627806,0.955788129,0.390271147
Tent4a,-0.086285626,0.999574161,0.581165443,0.056413433,-0.857481556,0.030422643
Hid1,0.854785371,0.999574161,-0.331004467,0.748152854,0.547612465,0.675415034
Slc41a2,0.301111879,0.999574161,-0.698973254,0.004767488,0.241224669,0.573930091
Ppp1r18,-0.018230433,0.999574161,-0.097164991,0.756684615,-0.698621892,0.017850488
2700049A03Rik,-0.137913637,0.999574161,-0.383478103,0.050936065,0.163058403,0.624611009
Pik3ip1,-0.248124377,0.999574161,-1.348006973,1.87428E-05,1.064986643,0.015189994
Mtrr,-0.134987092,0.999574161,1.441588154,4.24772E-15,-0.803065817,0.001863093
Rxylt1,0.014741093,0.999574161,0.867571554,0.001738752,2.578662537,1.90763E-15
Ly6d,-0.164983268,0.999574161,0.876868838,0.004156284,-0.574668508,0.20874362
Tiparp,0.038771133,0.999574161,-0.03439796,0.935875599,-0.530029057,0.122629736
Lrrn1,-0.791895641,0.999574161,-0.619014491,0.696411624,-0.029859895,0.990590289
Ythdc2,-0.109922266,0.999574161,0.331041904,0.21996257,-0.462945932,0.193567278
Tmem109,-0.021147596,0.999574161,0.278302917,0.43493826,-0.861556338,0.031421352
Xpot,0.058306635,0.999574161,1.827896511,6.16558E-24,-0.695830326,0.007604179
Pbx2,-0.073130593,0.999574161,0.410124612,0.138079869,-0.527561362,0.153089672
Fras1,-1.296814662,0.911858097,-1.050802782,0.350096992,1.773884254,0.215995703
Dnai2,-0.653865014,0.999574161,-1.431786822,0.454202838,2.083435166,0.39947687
Ttyh2,0.181774624,0.999574161,-0.982053748,0.002489949,0.342238878,0.541481184
Cnot6l,-0.272503099,0.999574161,-0.158234385,0.588626509,-0.151639216,0.715437748
Adgrb1,0.813913767,0.999574161,0.625232676,0.802171944,1.328235497,0.647805358
Pabpc5,1.198995916,0.999574161,-2.450087123,0.177453295,2.506223154,0.276553182
Nostrin,-0.226586307,0.999574161,-0.556172166,0.421730334,1.528313997,0.051113003
Tle6,-0.340874612,0.999574161,1.99429813,0.002620279,-0.254300728,0.850559674
Glis1,0.6565446,0.999574161,3.157811864,0.000114917,-0.234110217,0.88580221
Tle2,-0.109664949,0.999574161,-0.643033017,0.283216213,0.029537453,0.980057555
Gpsm3,-0.185153015,0.999574161,-0.835410288,3.5817E-05,-0.05770269,0.891545256
Gna15,0.103751417,0.999574161,-1.018647646,0.006413892,3.352898289,5.53389E-15
Ccdc122,0.172212019,0.999574161,-0.348038308,0.578828331,3.101387839,5.79577E-08
Scn7a,-0.756285329,0.999574161,-0.170648594,0.936870573,0.878899576,0.692753067
Celf5,-0.132194327,0.999574161,-0.209802791,0.761677934,4.881335428,4.11722E-19
Nup54,-0.078646054,0.999574161,1.392067448,1.13397E-12,-0.812545492,0.003184849
Tet3,-0.015558585,0.999574161,-0.148287298,0.718415265,-0.168040453,0.762004667
Tespa1,0.164770329,0.999574161,0.710534625,0.014358707,-1.109915517,0.002939605
Plvap,-0.501620174,0.999574161,-0.662738154,0.348200669,0.380425799,0.736974089
Mfsd12,-0.034370979,0.999574161,1.229149447,7.2832E-13,-0.968558045,2.74782E-05
Cxcl10,-0.68223583,0.999574161,-0.139720118,0.901009938,-0.272593749,0.84133752
Fam214a,-0.078947928,0.999574161,-2.021318643,2.30498E-40,1.734572508,6.65734E-20
Ankrd27,-0.110165784,0.999574161,0.948597729,1.16784E-06,-0.858356296,0.001245146
Myl12b,0.011102504,0.999574161,-1.22267712,6.15636E-07,0.002680969,0.995285509
Gipc3,-0.491693605,0.999574161,-1.685065137,0.054587712,2.484765202,0.023594589
Nudt19,-0.00777092,0.999574161,1.442993462,1.08091E-06,-1.51926161,0.000115072
Tbxa2r,-0.062455952,0.999574161,-1.885160344,1.26707E-07,3.02039942,2.56966E-12
Lrr1,0.62363834,0.999574161,1.236725146,0.253890299,-1.783343364,0.218984208
Filip1,0.08961236,0.999574161,-0.628210124,0.653894116,1.625566297,0.305556718
Pip5k1c,-0.125068677,0.999574161,-0.234148132,0.342154805,-0.053428461,0.899601215
Cobll1,-0.023398961,0.999574161,-1.373664721,6.47385E-06,-0.441431517,0.386423883
Tjp3,0.040976397,0.999574161,-1.086244481,2.79176E-05,0.931874896,0.008738152
Cdhr2,-0.240982211,0.999574161,-1.661554513,0.353174465,4.090610933,0.036827093
Dhcr24,-0.015921597,0.999574161,2.284907338,3.18348E-13,-1.481407878,0.000621772
Synrg,-0.055009442,0.999574161,-0.431856968,0.067363385,-0.030408438,0.94904184
Cebpa,0.235019125,0.999574161,-0.878184342,0.144115629,-0.005998568,0.995285509
Atcay,-0.408713532,0.999574161,-1.226853856,0.11915524,0.939347948,0.428442504
Parm1,1.297940871,0.894038857,-0.263799143,0.860292769,0.199107412,0.915641278
Hrh2,-0.103737235,0.999574161,-0.719357,0.019611893,0.381678825,0.439194311
Dpp4,-0.209065761,0.999574161,-1.587447141,9.98165E-22,0.654123062,0.005871627
Rrp12,0.032960488,0.999574161,2.800943141,3.88137E-55,-0.661875492,0.011365184
Zc4h2,0.111967882,0.999574161,0.170717006,0.787263079,-0.400963829,0.600848659
Eef2k,0.072800851,0.999574161,-0.052667907,0.874707422,-0.428981896,0.163483469
Arhgap5,0.23427948,0.999574161,0.331608572,0.153172961,-0.648560932,0.023462581
Mitf,0.046973004,0.999574161,-0.552403848,0.20436958,0.374551684,0.578885926
Zc3h12c,0.538329968,0.392679938,2.547078083,2.23416E-25,-1.863885208,4.74083E-09
1110059E24Rik,-0.157090787,0.999574161,-0.238485816,0.20526903,-0.092537647,0.771228648
Ppp1r32,-0.406773786,0.999574161,2.24720974,4.28597E-05,0.862304036,0.337637169
Ubd,1.029034296,0.89576735,0.5431773,0.571921017,-0.546259891,0.685789653
Rfpl4,0.141975735,0.999574161,1.143915734,0.628324949,1.822095022,NA
Arl6ip5,0.031397422,0.999574161,-0.22599967,0.330601441,-0.530677146,0.054137049
Lars2,1.872516391,0.573906595,1.485678392,0.193727346,-2.127403216,0.153580709
Slfn8,-0.017184905,0.999574161,-0.979810794,0.00102983,0.229471077,0.677872196
Xrra1,0.256060433,0.999574161,0.588102569,0.254254321,1.923219952,0.000650679
Leprot,0.041939163,0.999574161,-0.380654353,0.184920513,-0.007573545,0.989123278
Lsm7,0.24492777,0.999574161,2.295512897,0.000618089,-0.508267997,0.685268064
Scai,-0.176996185,0.999574161,-0.553489599,0.005544291,0.011258046,0.980057555
Oaz1,-0.322345073,0.999574161,0.309494718,0.402201932,-0.254013155,0.640980573
Abi3bp,0.179812602,0.999574161,0.2266424,0.747439001,-0.643087015,0.433796962
Amh,0.055371371,0.999574161,1.812005542,0.000103607,-0.969480865,0.177007967
Pkig,-0.154635049,0.999574161,0.369380118,0.120598335,-0.603241416,0.046655145
Hpse,-0.28494409,0.999574161,-0.909096288,0.000392417,-0.39338784,0.345402461
Ssc5d,-0.04443634,0.999574161,2.343788569,0.018992143,1.018528393,0.542540047
Adrb1,0.372440189,0.999574161,-0.651676226,0.396107063,0.165022668,0.898735748
Mid1,-0.500003723,0.999574161,1.190669816,0.009308604,1.265738689,0.042159626
Gnptab,-0.033598563,0.999574161,0.065913519,0.741134032,-0.428362423,0.025108895
Fbxo33,-0.142173092,0.999574161,-0.29738185,0.33270749,-0.080208905,0.877055695
Uchl4,0.019917002,0.999574161,-0.479766048,0.138109779,0.102484298,0.861956644
Lzts2,0.442515629,0.999574161,-0.027221162,0.978578441,0.020802313,0.985927477
Nup37,-0.109503088,0.999574161,1.360659932,2.53014E-07,-0.655883675,0.099999385
Kcnh4,0.193909507,0.999574161,2.603085288,2.40297E-14,-0.629134166,0.261769664
Pdzrn3,-0.632611078,0.999574161,0.625900244,0.749469341,0.476055778,0.86346666
Parpbp,0.702566908,0.89576735,0.476200592,0.438305548,-0.978672684,0.189310788
Rmi1,-0.079958365,0.999574161,0.140283408,0.512780391,-0.429898172,0.072046228
Pcsk7,-0.100004525,0.999574161,-0.176279968,0.472200921,-0.199241759,0.559967544
Brsk1,0.162757186,0.999574161,-0.26881528,0.812905543,0.258332198,0.863123232
Cfap53,0.023809913,0.999574161,0.541843563,0.328498673,1.547013824,0.013809866
Klf16,-0.073438083,0.999574161,0.697715401,0.010703471,-1.239491618,0.000359978
Crb2,-0.029625055,0.999574161,-0.891249669,0.242415983,0.427349025,0.736553879
Thyn1,0.295271436,0.999574161,2.310211339,2.38987E-13,2.260032506,2.55548E-08
Ccr3,0.523820056,0.717430316,0.097624371,0.840674876,-0.348275767,0.511931667
Foxa1,0.165442054,0.999574161,-1.290971911,0.288318873,2.524009688,0.076336381
Fignl1,0.123590084,0.999574161,1.560740025,2.33637E-09,-1.421506735,4.86694E-05
Prdm8,0.169903273,0.999574161,-0.609728004,0.374714535,1.128969365,0.180037672
Stab2,-0.066385492,0.999574161,-0.750922115,0.16699743,0.393439354,0.656126831
Slc25a21,1.154804294,0.999574161,-0.341425478,0.828930927,0.244059118,0.906307683
Galm,0.320014304,0.999574161,-0.596747085,0.363638003,-0.080449882,0.945716449
Tgfbi,0.097656024,0.999574161,-0.608213648,0.149638911,0.138546816,0.856203508
Ccdc180,-0.437920926,0.999574161,-1.254596729,0.060876585,0.891299107,0.380695457
Aldh1b1,-0.182423593,0.999574161,0.212963399,0.639212239,-0.429729431,0.444302493
Utp6,0.027915489,0.999574161,1.852469927,1.24987E-31,-0.988478584,3.31421E-06
L3mbtl1,-0.187891961,0.999574161,2.999022564,0.000930779,0.116559655,0.952900593
Tsen34,-0.216862947,0.999574161,-0.085977136,0.784717502,-0.416648799,0.19899629
Melk,0.454946694,0.999574161,2.530148302,1.68236E-08,-1.352667324,0.038129781
Isg15,-0.134086336,0.999574161,-0.334517254,0.444315605,0.187170939,0.78168394
Slc51a,0.185258746,0.999574161,-0.965017122,0.374110557,-0.787516332,0.638897427
Alg8,0.040969505,0.999574161,2.230828728,1.97349E-16,-1.002901514,0.010299313
Dok3,-0.223752337,0.999574161,-1.778631163,2.04909E-12,0.647976176,0.091733414
Usp35,-0.178478424,0.999574161,-0.850728937,0.000616747,0.455191849,0.238025929
Abca7,-0.186928709,0.999574161,-1.265323529,4.94726E-12,0.397945055,0.166422659
Dagla,0.283549651,0.999574161,0.273496069,0.816758551,2.614094799,0.0091037
Wdr18,-0.146044569,0.999574161,2.182187236,2.95022E-19,-0.939466332,0.00706442
Fbxo45,-0.083917426,0.999574161,0.940862398,0.005022375,-0.632356833,0.206661772
Mrps2,-0.036049836,0.999574161,1.680013127,2.86416E-14,-0.591436703,0.077418979
Cd99l2,0.015147746,0.999574161,-1.212727566,4.61112E-05,-0.025770306,0.969799157
Acta2,-0.707082315,0.999574161,-0.661218522,0.453576627,0.709052249,0.57311453
Cep19,0.015426088,0.999574161,0.252235933,0.544289541,-0.94768825,0.036447941
Plekhs1,0.504938668,0.999574161,-2.386376597,0.303035097,4.598909159,0.063759294
Polr3g,0.001530455,0.999574161,2.260583974,2.93169E-46,-1.325494449,1.32684E-10
Lysmd3,-0.075843129,0.999574161,0.242284442,0.492659178,-0.552789944,0.187039253
Cdhr3,-1.848572024,0.86374204,0.078791784,0.972693059,2.628661971,0.133613435
Palm,-0.315501486,0.999574161,-0.778312297,0.075911964,3.29566761,5.23682E-12
Rnf126,-0.098860534,0.999574161,1.472297684,8.72247E-10,-0.55513887,0.133851897
Cerk,-0.308719152,0.999574161,-1.439504516,5.41956E-10,0.938649797,0.00380507
Rnase1,-0.633047376,0.999574161,3.230704731,0.026932118,0.940281742,0.72910818
Cd276,0.061122464,0.999574161,-0.987053297,0.059378724,0.189960265,0.848139207
Bbs9,-0.230036841,0.93754633,-1.58845166,6.0991E-22,0.503905616,0.041359927
Pknox2,-0.298355449,0.999574161,0.374845428,0.901009938,1.84967023,0.550608022
Aldh5a1,0.876886545,0.999574161,-0.623073361,0.691796001,0.490499742,0.822413863
Pip4p1,-0.129057371,0.999574161,0.034080493,0.935027007,-0.516313619,0.124773997
Apex1,-0.1200722,0.999574161,2.971090795,6.88958E-31,-0.984836969,0.00802315
Rusc2,0.27405892,0.999574161,-0.923266027,0.196804098,1.023695922,0.295831285
Gm7008,0.007143662,0.999574161,1.370604046,0.002887229,0.821827619,0.238869674
Fam214b,-0.05608408,0.999574161,-1.184583407,0.000578884,0.236756295,0.717897568
Ripor2,-0.13067582,0.999574161,-1.752676658,8.48206E-22,0.044784467,0.909924459
Tmem63b,-0.219356167,0.999574161,1.446309292,0.00011762,2.004911732,3.21225E-05
Prtg,-0.763999915,0.999574161,-1.846614671,0.168678248,3.578554095,0.026146055
Adamtsl2,-0.603718951,0.999574161,0.068430742,0.969321364,1.260941192,0.372266274
5031439G07Rik,-0.188517906,0.999574161,-0.568590884,0.042403342,-0.542567559,0.168005963
Slc2a6,0.151733619,0.999574161,-0.642721428,0.000590225,0.13966634,0.690793861
Galt,-0.227679245,0.999574161,-0.143390216,0.688901907,-0.150017503,0.761635769
Sigmar1,0.03699708,0.999574161,1.919845747,5.91827E-30,-1.036319674,5.88504E-06
Slain2,-0.063754857,0.999574161,0.24233719,0.166808978,-0.555617813,0.008472972
Arl5a,-0.034642517,0.999574161,0.779746029,0.000430452,-0.916864019,0.001851565
Rpp25l,-0.249503909,0.999574161,0.925186366,0.030753063,-0.554634124,0.407269282
Frmd7,-0.443343266,0.999574161,-1.079429697,0.419700988,-0.057459656,0.982157723
Ccdc38,-0.139711259,0.999574161,1.494553101,1.58014E-06,-0.860205523,0.0636415
H1f2,-0.557045517,0.1831739,-1.11644571,7.14266E-07,0.910838779,0.003315618
Sapcd1,-0.637477289,0.999574161,-0.956688119,0.138993034,0.332036603,0.769377679
Dipk1b,-0.156364021,0.999574161,1.52331625,8.38366E-07,-0.804857881,0.083053445
Rorb,-0.049319487,0.999574161,-0.063149273,0.955892198,1.746238402,0.032689989
Leap2,0.08495212,0.999574161,-0.626896466,0.363798594,-0.09765569,0.936056885
Pdzrn4,-1.38625811,0.999574161,-0.186066934,0.962017887,3.591863495,NA
Ska1,0.542135826,0.999574161,0.595726148,0.365428264,-1.525909223,0.050538822
Ube2r2,0.064743812,0.999574161,0.097777955,0.711380688,-0.623185433,0.014604579
Trpm8,1.365623513,0.999574161,3.201635468,0.344632449,1.708081532,NA
Igfbp7,-0.56108539,0.999574161,-0.611236844,0.404936367,0.447329167,0.687754845
Fstl4,-0.18631177,0.999574161,-1.069157772,0.371606276,3.288564778,0.01130841
Lrrk2,-0.005264456,0.999574161,-1.181785863,3.38182E-08,0.606886466,0.053277066
Ap5m1,-0.163206671,0.999574161,0.287132635,0.478611804,-0.474973296,0.358235106
Zdhhc23,0.127560265,0.999574161,0.451101695,0.219266678,-1.097385034,0.013447951
Rpl39-ps,0.043273306,0.999574161,0.997057447,0.050030736,0.429777501,0.616638351
Skp1,-0.132582587,0.999574161,1.584202941,1.64571E-06,-0.787120103,0.11305668
Polr1h,-0.04036967,0.999574161,0.89228427,0.001157687,-0.736841334,0.058266642
H2-Ea,-0.517264323,0.999574161,0.027380932,0.979838575,-0.078375334,0.957995965
Srp72,-0.031190494,0.999574161,1.118402838,2.12784E-08,0.791021695,0.004476692
Igsf10,-0.569956689,0.999574161,-0.416680072,0.729673174,0.643428836,0.685268064
P2ry12,-0.173233201,0.999574161,-1.118138465,0.007260914,0.17752783,0.828117876
Serbp1,0.082320873,0.999574161,1.886819559,1.0456E-32,-0.824573086,0.000155243
9530077C05Rik,-0.567376508,0.999574161,-1.496651837,0.015134242,0.598438321,0.573198471
Arsi,0.451556393,0.999574161,-0.263274127,0.810921916,-0.671616004,0.60588516
Thap11,-0.159007496,0.999574161,0.876964858,0.009657294,-0.984734545,0.03167193
Arhgap26,-0.030783287,0.999574161,-0.939128064,2.4533E-07,0.398406111,0.153749069
Marchf1,-0.096536258,0.999574161,-1.132815806,1.13836E-13,0.40213739,0.081814847
Prss56,0.675604689,0.999574161,0.224297036,0.965017361,6.699059071,0.047771724
Rnf39,-0.108126813,0.999574161,0.536322739,0.428538408,-0.494032183,0.61976483
Card11,0.160029459,0.999574161,-0.91578401,0.000252667,0.190200439,0.685789653
Cdc42ep3,0.046617046,0.999574161,-1.14061037,2.31832E-07,-0.166380859,0.703234075
Akap14,0.065778802,0.999574161,0.962108582,0.292404093,0.862733816,0.518245499
Iqce,-0.13026395,0.999574161,-0.537437734,0.014654327,0.132053371,0.746827952
Lgi4,-0.01106138,0.999574161,-0.717242572,0.812155774,3.44123721,NA
Ndrg4,0.111473061,0.999574161,1.766846487,0.16014902,0.102617373,0.967203722
Ttyh3,-0.060160012,0.999574161,-1.268751226,8.85981E-06,0.23120834,0.667043778
Fxyd1,0.690300066,0.999574161,-0.000289149,0.999962651,0.697174742,0.669086818
Upf3b,0.05570262,0.999574161,-0.07797734,0.725265956,1.985713131,1.83996E-28
Fgf1,0.594001876,0.89576735,-0.7419782,0.118361347,0.395046067,0.60588516
Arhgap21,0.240075338,0.895862131,0.165169687,0.438305548,1.593745886,2.48389E-15
H2-Aa,-0.036549898,0.999574161,-0.165809242,0.531412871,-0.609774634,0.031657272
Chst12,0.079903763,0.999574161,-0.68061045,0.005940937,0.158199555,0.734427917
Etl4,0.393471524,0.999574161,-0.465108774,0.555783916,1.257119235,0.155368859
Atp13a2,-0.067585686,0.999574161,-0.92432134,0.000373452,1.113750155,0.001168794
Ccdc148,0.467097739,0.892199085,-0.921851949,0.006915659,0.407395958,0.466258941
Dennd3,0.016061905,0.999574161,-0.297207776,0.34485022,-0.515579691,0.193109229
Tmtc3,0.265301197,0.999574161,-0.261688592,0.553664168,2.076974857,4.59755E-07
Aaas,-0.069096012,0.999574161,0.846258951,0.004539126,2.899704409,3.92579E-17
Nop14,0.158923362,0.999574161,1.871429383,1.35919E-19,-0.375674119,0.272222992
Micall2,0.900175091,0.637229571,0.181779622,0.820472241,2.06307481,0.001660631
Tubb4b,-0.013839989,0.999574161,1.203119959,0.001144793,0.454657453,0.464665374
Kif15,0.278530585,0.999574161,0.593169239,0.113664906,-0.722703468,0.152756883
Stpg3,0.162614272,0.999574161,0.796241187,0.548241421,1.532580724,0.334120474
Anln,0.563662899,0.86374204,0.044670167,0.95138073,-1.084314921,0.04324049
Rps27l,-0.044432287,0.999574161,1.644885797,1.0316E-07,1.347305438,0.001422174
Cnep1r1,-0.059864046,0.999574161,-0.177373796,0.64846562,-0.205416481,0.701400291
Slc6a20a,0.577703402,0.999574161,-0.02003155,0.993676407,-0.644994182,0.845632029
Sun1,-0.107849961,0.999574161,-0.193037377,0.40231039,-0.080685333,0.830677046
Ssx2ip,0.359384465,0.999574161,0.154266541,0.78613852,-0.81362417,0.154589564
Mrpl41,-0.194947474,0.999574161,1.197718366,9.73127E-08,-0.798872702,0.012239183
Mcoln3,0.295741793,0.999574161,0.918207009,0.009183594,-1.873884502,1.72086E-05
Mrpl55,-0.163372278,0.999574161,1.545855236,6.78417E-10,-0.808300305,0.02680464
Dchs1,0.130657856,0.999574161,-0.616666941,0.307827888,0.266624575,0.787841731
Syde2,0.103374041,0.999574161,2.495984003,0.017261233,-1.989952196,0.201573096
Abcc12,-1.471694017,0.999574161,3.4970664,0.265239518,2.599836046,NA
Acaa2,-0.181632752,0.999574161,-0.620956421,0.049441071,0.326459949,0.524645555
Arhgap33,-0.218651228,0.999574161,-2.04377073,0.000167142,0.473239508,0.635143136
C1qa,0.496687442,0.833943571,-0.264008431,0.526298401,-0.243104644,0.685445671
Rap2b,0.266896487,0.999574161,-0.198525432,0.607542775,2.985749653,5.65741E-19
C1qc,0.548810677,0.750877216,-0.372224597,0.356986686,-0.182396659,0.777374533
Neto2,-0.284944516,0.999574161,3.354722436,2.05527E-17,-0.339080296,0.660471265
C1qb,0.535371418,0.843902525,-0.316765579,0.473628972,-0.140865653,0.842635964
Unc93b1,0.043945586,0.999574161,0.3957614,0.165667746,-0.648034465,0.074033392
Kirrel2,1.365188932,0.999574161,2.512218309,0.505042739,2.070581136,NA
Stag3,-0.550106369,0.872308815,1.283388012,0.000354587,0.438736293,0.475865693
Nfkbid,-0.221057594,0.999574161,2.067368968,5.34997E-10,-0.318287711,0.611297884
Tmem71,-0.24947412,0.999574161,-1.971765633,2.83246E-19,1.214463995,4.03524E-05
Slc39a12,1.44865743,0.918919503,0.14451674,0.944230138,-0.390821991,0.856203508
Kifbp,0.059771348,0.999574161,-0.057284832,0.890997495,-0.344955641,0.402010172
Wnt8b,0.298509481,0.999574161,1.548541247,0.182533637,0.017710995,0.992416286
Cnpy4,-0.057007343,0.999574161,0.736426013,0.014060098,-0.832510488,0.040939055
Zic4,-0.050944264,0.999574161,-0.048228415,0.982091228,2.348475583,0.301312358
Tfb1m,0.027031236,0.999574161,1.506295864,7.00662E-05,-0.85213667,0.133023823
Zdhhc9,-0.011636158,0.999574161,-0.293144101,0.227102047,-0.117340197,0.773246647
Pml,-0.06761348,0.999574161,-1.27446172,1.26707E-07,0.903426151,0.007399656
Nxt1,-0.09540645,0.999574161,1.24401654,1.6455E-05,-0.994944097,0.013949615
Asap3,0.17487533,0.999574161,0.827814561,0.109152255,3.630626659,2.5314E-11
Hk1,0.279185872,0.999574161,-0.693528738,0.003200069,0.117702505,0.79353633
Frem2,-0.263594517,0.999574161,0.50314166,0.846988501,1.977772956,0.480634767
Tspan15,-0.025643399,0.999574161,-0.973741177,6.42192E-05,0.033700098,0.950543854
Apbb1,0.111816662,0.999574161,0.134774552,0.828543452,-1.156917924,0.043903792
Smpd1,-0.155313157,0.999574161,-0.949555421,2.38578E-05,0.319373652,0.396512273
Cavin3,-1.035568534,0.999574161,-0.589522611,0.60374238,0.543984298,0.743822529
Sh3glb1,-0.039258524,0.999574161,-0.260995933,0.14134203,-0.177108539,0.520373402
Lrg1,0.5446513,0.999574161,-0.0487643,0.978578441,1.163468177,0.493323599
Dcaf15,-0.213939505,0.999574161,-0.236307499,0.463171272,-0.019929701,0.972143486
Trim58,2.195603,0.59169558,0.316607082,0.874144842,-0.932711526,0.673921202
Tmprss13,0.210770805,0.999574161,-1.764410445,0.029605375,1.126428299,0.359317414
Aff3,-0.251198704,0.999574161,-1.857115969,4.27952E-14,0.728239573,0.046181923
Tas2r108,0.198336377,0.999574161,2.751451388,0.01778842,-0.908840255,0.656934083
Ddx1,0.076731387,0.999574161,2.046483846,3.46059E-19,-0.394617414,0.303325838
Mycn,0.022991639,0.999574161,-1.297368797,0.063409639,1.315934882,0.17033686
Krt80,-0.467749916,0.999574161,-0.978823812,0.299142541,1.383006397,0.264858067
Grhl3,0.937932942,0.999574161,-1.374017408,0.564337262,9.481225374,5.69514E-07
Prf1,0.20621657,0.999574161,-0.511113989,0.197485176,0.194781344,0.771228648
Lipt1,-0.002473954,0.999574161,1.618275603,1.08238E-06,-0.804632566,0.109118321
Mospd3,0.178366567,0.999574161,-0.855543503,0.090269767,0.501319699,0.53323081
Zfyve28,0.112922385,0.999574161,-0.859475196,0.006358062,0.732699992,0.099627631
Mxd4,-0.039948718,0.999574161,-2.317557333,1.88675E-36,1.25580743,2.2674E-07
Zfp692,-0.134731733,0.999574161,0.444562977,0.254926413,1.60997158,0.000201689
Rsrp1,0.005631637,0.999574161,-0.139201869,0.719269437,-0.221696421,0.656176988
Gemin5,-0.050729589,0.999574161,2.232761157,8.1067E-27,-1.020628053,0.000420765
Tmem97,-0.102960062,0.999574161,2.456324917,8.39719E-17,-1.826775848,3.83368E-06
Ldlrap1,-0.029773233,0.999574161,-0.819721553,0.015664656,2.263746154,1.36432E-08
Man1c1,0.239103094,0.999574161,-0.606256065,0.223238247,0.443598699,0.55836175
Jade3,-0.194970228,0.999574161,1.986511729,3.30633E-11,-0.317108983,0.568310393
Traf3ip3,-0.153658946,0.999574161,-0.514980776,0.01246062,0.326684527,0.297867142
Bbs7,0.464069265,0.999574161,0.41035491,0.443464214,1.352237441,0.018661904
Slc9a7,-0.223127374,0.999574161,0.195193748,0.531412871,-0.263208347,0.528968713
Nudt22,-0.145525982,0.999574161,-0.259536178,0.51712082,0.008645372,0.990099316
Enpp1,0.024592576,0.999574161,-0.722832491,1.9276E-05,0.385274985,0.128716006
Trmt6,-0.102780808,0.999574161,1.612000028,5.76858E-33,-0.571750481,0.003037871
Spon2,-0.375385001,0.999574161,2.184090996,0.156028251,0.348374392,0.902077067
Rims2,-0.136578705,0.999574161,-2.786493198,0.026855278,1.793683488,0.33413614
Atp11b,-0.095868838,0.999574161,-0.489165928,0.00576881,0.043376646,0.90288903
Icam1,0.056837356,0.999574161,1.85402331,5.93101E-15,0.68773851,0.052211452
Serpine1,0.812547724,0.918919503,-0.712565805,0.352807936,0.897596531,0.368919006
Dmxl1,-0.260111465,0.999574161,-0.255689503,0.344813966,-0.486946648,0.142838581
Best1,0.227849099,0.999574161,-0.266211006,0.822546747,0.192722562,0.902571564
Endod1,0.015638847,0.999574161,0.161440981,0.667359228,-0.77028193,0.042969768
Depdc5,-0.087647166,0.999574161,-0.082799478,0.829867132,2.2750318,1.20581E-14
Fer1l5,-0.156866684,0.999574161,0.628311582,0.266431352,-1.107926546,0.120619214
Slc30a1,0.171250459,0.999574161,-0.264702826,0.316845801,-0.107711372,0.80518725
Adam32,-0.161067501,0.999574161,1.712680075,0.100049667,1.628605691,0.268817234
Azin1,-0.059577341,0.999574161,0.857490445,0.000118616,-0.925197579,0.001969057
Klf10,-0.083167785,0.999574161,1.089370732,0.000277289,-1.081727296,0.008352457
Tedc1,-0.158967579,0.999574161,-0.958281264,0.001485254,0.311807831,0.553733545
Cib2,-0.498790278,0.999574161,-1.586401536,0.000294019,0.686595913,0.337440031
Nenf,0.100964805,0.999574161,0.121572894,0.815981057,-0.337546096,0.578192653
Mavs,0.107523596,0.999574161,1.090959478,0.004556716,-1.095711144,0.03782996
Mrpl47,-0.087211917,0.999574161,1.443577334,4.76805E-07,-0.898622442,0.028946306
Fbxo34,0.013031535,0.999574161,0.196250071,0.537931524,1.785392737,1.72633E-09
H2-DMb2,-0.06800164,0.999574161,-0.342600399,0.156233798,-0.073984901,0.865014525
Plekhg2,-0.038112658,0.999574161,-1.72679469,2.54628E-13,-0.264681577,0.543370503
Vash2,0.23084301,0.999574161,-0.081020666,0.914081599,-0.430763505,0.579767744
Kcnh3,-1.560722445,0.849628748,-0.356846027,0.815981057,1.721543519,0.284336034
Gch1,-0.105975582,0.999574161,-0.779560725,7.40702E-05,0.402778785,0.181374694
Nme1,0.03985039,0.999574161,2.789571212,1.13329E-18,-1.016248552,0.028826283
Osbpl5,-0.124856342,0.999574161,-1.523682541,5.59111E-18,0.252400001,0.415095179
Atoh8,-0.806841282,0.999574161,1.168363667,0.451335129,0.81241857,0.737418348
Wdtc1,-0.02827585,0.999574161,-0.769679366,0.00432387,0.409951044,0.333404114
Cdkn3,0.143566837,0.999574161,0.191853615,0.797371772,-0.540850431,0.536944121
Zbtb42,0.245482442,0.999574161,-1.541789755,0.000590132,3.410246164,7.22434E-11
H2-DMa,-0.09648213,0.999574161,-0.171028289,0.640365624,-0.233171678,0.630923844
Armc3,0.381618566,0.999574161,-2.598397693,2.00666E-06,0.211426496,0.852227007
Atp8a1,0.073689317,0.999574161,-0.748770081,3.34218E-06,-0.176108011,0.542540047
Ahdc1,0.030319051,0.999574161,-1.146866652,0.000429599,0.885978821,0.054933968
Tecta,-0.304582259,0.999574161,0.107874215,0.970992966,2.714105667,NA
Fam13a,-0.03312715,0.999574161,-2.00525262,0.002385882,3.004513362,0.000141777
Fermt2,-0.615896926,0.999574161,-0.149699507,0.92064631,0.621344526,0.705398946
Ccdc33,0.675588195,0.999574161,1.611790918,0.758976556,3.577220033,NA
Tmem33,-0.058704288,0.999574161,1.175127036,0.00206556,-1.226322202,0.017728797
Ckap2,0.310636847,0.999574161,1.051886357,0.00241368,2.795789442,6.54023E-12
Limch1,-0.592635744,0.999574161,-0.309965343,0.789812848,1.183915117,0.344699542
Slc16a9,0.529992387,0.774264544,-0.852120887,0.013889096,0.069345924,0.919576484
Vopp1,0.034097235,0.999574161,-0.343530993,0.178409379,2.446464269,1.13875E-20
Fam76b,-0.203637216,0.999574161,0.020209383,0.960782146,-0.295196602,0.380695457
Abhd18,-0.084338424,0.999574161,-0.864803497,0.001510547,0.763532966,0.044784836
Tgm2,0.55366158,0.915364898,-0.372893439,0.455350538,0.159586035,0.843432247
Smim14,-0.235958972,0.999574161,-1.600276189,6.63344E-14,0.144902639,0.737711197
Tspan14,-0.120125655,0.999574161,-0.426155027,0.102954167,-0.016379052,0.975988636
Gm5884,0.057069597,0.999574161,-0.159172699,0.902593641,-0.174256729,0.911625009
Rtkn2,0.076002271,0.999574161,-1.227225123,0.037716585,1.525265663,0.049745077
Iars,-0.037479996,0.999574161,2.230109666,2.67936E-27,-0.727685316,0.01525905
Zfp365,0.036579429,0.999574161,-0.494734291,0.405408566,6.868285868,5.50196E-37
Egr2,-0.586308096,0.843902525,-0.320009506,0.516011128,0.181929496,0.811122358
Wdr19,0.050302318,0.999574161,-0.550819736,0.077558242,-0.230252413,0.663647326
Pcdh18,-1.669502811,0.892199085,-0.622742915,0.694810395,1.002723941,0.63401528
H2az1,-0.117313734,0.999574161,1.070298354,0.042712283,-0.890802703,0.245915165
Sirpa,0.336671858,0.999574161,-0.182770124,0.724479477,0.180861715,0.798392633
Bri3bp,-0.063450999,0.999574161,1.371176525,1.92273E-13,-1.362720693,1.68623E-08
Ankrd13b,-0.560062403,0.918919503,1.959173605,1.42455E-08,2.953386183,1.16278E-11
Ddx60,0.056276907,0.999574161,-1.304298345,6.45225E-06,0.542817323,0.234408116
Bank1,-0.129870474,0.999574161,-0.517713088,0.019277479,-0.377036567,0.250587036
Crp,-0.086405854,0.999574161,-0.601907055,0.104401956,0.281755588,0.6479188
Fgd3,-0.201326645,0.999574161,-0.830119152,0.001120885,0.70903279,0.047160853
Card19,-0.058324651,0.999574161,-0.819313305,0.019689996,-0.46050448,0.412733028
Snn,-0.3580396,0.999574161,-0.957521884,0.00078604,-0.542926159,0.211254874
Muc5ac,-3.01431895,0.717430316,-1.223205414,0.573941142,6.5719434,0.004110929
Wnk2,-0.741043313,0.999574161,-2.071062019,0.168115111,2.571504682,0.197667959
Igsf9,-0.591558898,0.925766343,0.865021238,0.059671019,0.377618564,0.625718341
Slc24a2,-0.315661915,0.999574161,-4.237388602,0.094173331,6.246303306,NA
Acd,-0.227428068,0.999574161,-0.025917047,0.957270091,-0.212211169,0.635668472
Dnah10,0.223623874,0.999574161,4.006088874,1.06569E-07,0.272473403,0.862256187
Rapgefl1,-1.136979347,0.299255015,-0.193275695,0.809541706,0.77366408,0.364014541
Dennd4c,-0.008756336,0.999574161,-0.080102221,0.779040952,-0.391408247,0.176949253
Kcnj9,0.482199498,0.999574161,-0.672786315,0.172450119,0.059519162,0.949612084
Igsf8,0.299572613,0.999574161,-0.352992351,0.299414896,-0.096914746,0.867507892
Ptpdc1,0.502777817,0.809408331,0.469512066,0.199137246,2.687682478,1.50343E-12
Sult6b1,0.000244807,0.999883177,-1.243796596,0.00346477,0.176459309,0.836424505
Dexi,-0.099029961,0.999574161,-0.669226291,0.001960216,0.131830233,0.749329325
Kmt2c,-0.176944235,0.999574161,-0.412407843,0.020478684,0.061843765,0.858044517
Nod1,0.19566803,0.999574161,-1.242926165,6.70907E-07,0.071467918,0.892490633
Smim3,-0.576252138,0.89576735,1.287195634,0.001428953,0.030803482,0.972143486
Dlec1,0.010658644,0.999574161,-0.611854355,0.434850862,1.612553937,0.071755941
Mturn,-0.436732422,0.667266188,-2.559203099,4.5046E-24,1.569721452,2.66664E-06
Rnf144b,0.481303393,0.999574161,-1.104786184,0.018277286,0.501546597,0.516546409
Kdm1b,-0.190284457,0.999574161,1.349821011,1.23081E-05,-0.733937858,0.110880787
Ccdc50,-0.08695324,0.999574161,0.430811368,0.007401168,-0.962068038,8.18402E-07
Tmem181a,-1.042478994,2.16323E-09,-0.486622768,0.013470942,0.163159354,0.645018054
Notch3,-0.926908783,0.813611775,-0.136458539,0.888695692,3.705989892,3.30099E-07
Ormdl3,-0.070113449,0.999574161,0.941025483,0.000241896,-0.769095605,0.032893315
Prdm1,0.634599969,0.717430316,-0.338080069,0.480935715,0.213022874,0.769377679
Gstp2,0.407230764,0.999574161,-1.23450088,0.001745764,-0.17933812,0.81769116
P3h2,-0.300204843,0.999574161,-0.616394201,0.424062583,1.324766656,0.14987075
Mylip,-0.139030725,0.999574161,-1.619839159,1.15421E-32,0.474139508,0.017300812
Slc43a2,-0.180955489,0.999574161,-0.881861163,0.00095344,0.351446227,0.425696128
Slamf7,-0.190543172,0.999574161,1.035329193,0.000124251,0.815553522,0.031320865
Iqca1l,-1.065364757,0.999574161,3.660728601,0.045807657,1.699284267,0.604174838
Prkab2,0.004249683,0.999574161,0.614662665,0.004477982,-0.873795063,0.001996421
Fbxo8,-0.129155288,0.999574161,-0.363308201,0.079110095,0.110349562,0.763863211
Pgap3,-0.420396923,0.892199085,0.050029636,0.920677865,-0.275875162,0.603705374
Bend3,-0.134248774,0.999574161,2.308396661,3.06353E-24,-0.821001747,0.013109316
Serpinf2,0.185182777,0.999574161,1.369347735,0.221244059,-1.221368515,0.464124636
Primpol,-0.13578786,0.999574161,0.238817378,0.359914979,-0.383886707,0.251509179
Cep250,0.19893785,0.999574161,-1.093907534,5.33828E-09,1.366933458,9.88958E-09
Aox4,0.566184862,0.999574161,-0.426412621,0.660916664,0.833224365,0.477825002
Usp38,-0.068403332,0.999574161,0.536216951,0.030753063,-0.629794576,0.059413615
Sema7a,0.671320976,0.809408331,1.53787855,0.000279374,-1.236020998,0.037850482
Slc22a23,0.456130781,0.223979981,0.187188135,0.451571696,-0.757720394,0.004696803
Ovca2,0.183142465,0.999574161,1.434727104,2.88863E-07,-1.146437026,0.002988137
Nop2,-0.071349054,0.999574161,2.832292978,4.41433E-43,-1.027780112,0.000332211
Bphl,-0.190452888,0.999574161,-1.0494117,0.000238754,0.383443231,0.425624509
Snx25,-0.064217476,0.999574161,-0.314305339,0.271225626,-0.44643178,0.236449025
Atg9b,-0.71261845,0.999574161,0.387190103,0.777652154,3.975356598,0.001005628
Galnt18,-0.359389709,0.999574161,0.002171173,0.998911538,1.746252129,0.389547999
Pdzk1,0.166971862,0.999574161,2.652825605,0.013386887,-0.228015777,0.914409096
Wdr36,-0.082000442,0.999574161,2.191754254,1.75496E-20,-0.80857969,0.018643862
Kcnh2,0.592010553,0.999574161,-0.123524926,0.963841559,1.483293331,0.518541742
1700066M21Rik,-0.114545123,0.999574161,0.243762804,0.601978073,-0.262078636,0.687617099
Sesn1,-0.135937552,0.999574161,-0.806869671,1.69718E-05,0.428585475,0.127205099
Tsr1,0.020670636,0.999574161,2.619477747,9.18324E-34,-0.894894041,0.003813884
Plcl1,0.198936874,0.999574161,-0.631190691,0.251171105,0.710319244,0.349735144
Sgsm2,-0.129499491,0.999574161,0.375405776,0.293845609,2.751630124,1.57017E-14
Arl5c,-0.310629774,0.932119716,-1.350722242,8.64422E-10,0.424119431,0.232386501
Camp,2.631505235,0.147719762,1.088263052,0.39899477,-1.915665082,0.23163987
Focad,0.065686192,0.999574161,1.715300539,7.16859E-13,0.185498502,0.693243229
Mpp6,0.070109112,0.999574161,1.351675612,1.68634E-12,-1.05387338,4.0369E-05
Gpr162,-0.769397724,0.999574161,0.366107261,0.695547907,-0.211819294,0.878354468
Higd1a,-0.125401643,0.999574161,1.477382673,1.03375E-07,-0.926858413,0.019200764
Fcrla,-0.221352291,0.999574161,-0.692286802,0.036742824,-0.224863125,0.703127325
Mllt6,-0.055939493,0.999574161,-0.42650953,0.126276969,-0.159677044,0.741522866
Olfml2b,0.711725088,0.999574161,0.348306599,0.82353057,1.340712634,0.398875262
Nos1ap,0.680025701,0.999574161,-0.304557415,0.745800746,0.395779985,0.748237359
Cdk19,-0.168112951,0.999574161,-1.379339075,6.2952E-17,0.758292598,0.000949972
Tfdp1,0.331770119,0.999574161,2.622903875,6.39359E-20,-0.85032231,0.047497278
Ptov1,-0.158087836,0.999574161,0.033016475,0.946161017,-0.395873356,0.351508865
Mesd,0.07456577,0.999574161,1.800901553,1.11698E-16,-1.088510843,0.000266407
Gdf15,0.574607059,0.999574161,-0.080261258,0.961667769,2.560396306,0.024351858
Rpf2,-0.024899965,0.999574161,2.535061687,3.54765E-36,-1.096891191,7.39455E-05
C1s1,-0.509682284,0.999574161,0.995711168,0.39899477,0.454890559,0.811592486
Mfsd4b5,-0.155109993,0.999574161,-0.044559325,0.972507172,1.739464509,0.057449813
BC028528,-0.035869134,0.999574161,-0.10211592,0.655965995,-0.472318071,0.045354655
Cul7,-0.145372699,0.999574161,-0.954076992,0.000581673,0.508809977,0.235972254
Ciart,-0.301249958,0.999574161,2.27730455,1.84623E-10,-0.981765682,0.069039477
Sp6,0.015093512,0.999574161,0.291453921,0.763101275,2.977602347,0.000452142
Ift172,0.139285029,0.999574161,-1.137880351,7.17817E-10,0.246118979,0.445344934
Saxo2,0.093934736,0.999574161,1.903054395,3.66091E-05,-0.259068722,0.775378504
Susd1,-0.309015833,0.999574161,-1.104895218,4.25302E-05,0.072419773,0.899178645
Pptc7,-0.086349995,0.999574161,0.285207818,0.320450444,-0.606179482,0.079892559
Akap12,-0.568837215,0.93754633,-1.781827791,1.58106E-05,2.13606941,7.28641E-05
Ripor1,0.08454866,0.999574161,-1.009408528,0.00139982,0.876469314,0.047160853
Samd10,-0.10422207,0.999574161,-0.226050736,0.528037321,-0.151041854,0.777560804
Gng10,-0.343192614,0.999574161,1.047881813,0.005560605,-0.901791413,0.091635334
Mcl1,-0.218300817,0.999574161,-0.026757954,0.943529027,-0.334645907,0.288817629
Tm6sf1,0.140020038,0.999574161,-1.932111352,6.39295E-37,-0.426409408,0.067860739
Zkscan16,-0.541636538,0.999574161,-2.90375143,0.000717586,2.892679301,0.010101613
Degs1,-0.101524322,0.999574161,0.23238259,0.393113111,-0.455467355,0.171087488
Ctss,0.13157955,0.999574161,0.681777679,0.005546795,-0.92816306,0.003917357
Pold1,-0.155835174,0.999574161,0.248654174,0.440338772,-0.852986772,0.015597498
Ramac,-0.231795196,0.999574161,-0.139561257,0.687616986,-0.225268977,0.616021465
Creb3l2,0.384056653,0.999574161,-0.790430381,0.061648014,0.708520737,0.24218871
Rnh1,-0.202752915,0.999574161,0.292289446,0.570818045,-0.472603238,0.472766322
Fsd2,0.245131994,0.999574161,-0.582841059,0.140559419,0.138304433,0.84709928
Dgki,0.818276269,0.40090081,-0.821167427,0.060572182,0.83072624,0.169043816
Mybpc2,-0.422211748,0.999574161,2.487195925,6.15636E-07,1.064665279,0.165871997
Trps1,0.183407386,0.999574161,-0.427949522,0.012941729,0.005842809,0.986997221
Pak1ip1,-0.157584634,0.999574161,1.346711575,6.75486E-07,-0.740822129,0.062800294
Atp5j2,-0.094005394,0.999574161,1.092221369,0.000237025,-0.665557699,0.130611856
Taf5l,-0.07381576,0.999574161,1.510435361,5.45575E-14,-0.871912579,0.001941732
Mindy1,0.065393521,0.999574161,-0.985981559,4.61899E-10,0.262845448,0.31862032
Pkhd1l1,2.097271629,0.229220186,0.300023055,0.833907543,-1.543960802,0.278970776
Wdr26,-0.074417353,0.999574161,-0.320477747,0.122923094,0.029581196,0.941067506
Nudcd1,0.001013417,0.999574161,1.758667646,3.52312E-11,-0.832588179,0.031657272
Nup205,-0.115555097,0.999574161,1.919464693,1.68272E-14,-0.813157816,0.025840755
Alpk3,-0.28406408,0.999574161,1.612316349,0.022689862,1.24412941,0.232386501
9130409I23Rik,0.408420486,0.999574161,-0.278468751,0.828543452,-0.634052252,0.685268064
Vill,0.84387824,0.299255015,-0.437178835,0.373073331,-0.12816069,0.874911373
Ephx1,-0.105211208,0.999574161,-1.970093721,2.03321E-12,3.245173209,3.9403E-21
Lefty1,0.767256986,0.999574161,-0.223253401,0.836039374,-0.765482462,0.523095384
Scgb1c1,-2.333729211,0.999574161,3.297689576,0.147323996,2.418429609,0.519694027
Ctnnal1,0.053607684,0.999574161,-0.274632779,0.383655712,-0.282031499,0.534410377
Ralgps1,-0.219280579,0.999574161,-1.349538031,3.38456E-10,0.707848587,0.02222128
Gcnt1,-0.017428081,0.999574161,-0.564230064,6.44805E-05,-0.276531219,0.207412447
Phb,-0.100592791,0.999574161,2.509946284,1.00007E-24,-0.957360963,0.006401572
Baiap2l1,0.102730163,0.999574161,-0.57238987,0.290372573,0.109497314,0.90728783
Pi4kb,-0.10607721,0.999574161,0.183868093,0.488942962,-0.551826818,0.063658126
Bpgm,-1.496505253,0.999574161,-1.145076065,0.444112417,0.663635528,0.773246647
Rpl12,-0.040121287,0.999574161,1.759975968,1.06118E-11,-0.432378956,0.316946211
Plcl2,-0.183516743,0.999574161,-0.424086232,0.014550284,0.144508571,0.633932492
Tcfl5,-1.039704212,0.999574161,2.337348519,0.179220597,1.299579568,NA
Slco4a1,-0.711497926,0.843902525,-0.107736744,0.888700818,-0.787455356,0.288227287
Pdk2,-0.188861494,0.999574161,-2.371096695,6.35198E-10,1.460118745,0.006084979
Rabggtb,-0.016841402,0.999574161,1.865490266,1.59297E-16,-0.647818588,0.056231576
Ppp1r9b,0.101230171,0.999574161,0.05658427,0.833824336,-0.508432013,0.035721533
Rbbp8nl,0.573617566,0.999574161,1.575605426,0.385936075,0.87564539,0.755137143
Cfap157,-0.136679596,0.999574161,2.022191488,0.001497807,-0.224109917,0.862273466
Cables2,-0.205258614,0.999574161,0.302514119,0.44269219,-0.321965727,0.561230114
Txndc5,0.276915187,0.999574161,-0.34310882,0.397412111,0.011476514,0.987071814
Bmp6,-0.525119152,0.999574161,-0.857557951,0.392006521,0.527979739,0.739083303
Tlr4,0.21796303,0.999574161,0.06378973,0.890057191,-1.033576067,0.005689221
Cpq,0.348775889,0.999574161,-0.446920073,0.313914644,-0.177464614,0.809806988
Timm8b,-0.099190974,0.999574161,1.016230896,0.005149613,-1.032743335,0.038560275
Arhgap18,0.026801866,0.999574161,-1.791450177,2.47953E-13,0.374003733,0.371937304
Tsga13,0.630121939,0.999574161,-0.432376149,0.629661289,-0.159202478,0.906656476
Usp6nl,-0.003218219,0.999574161,0.092844418,0.707525905,-0.480830816,0.052472053
Myo16,-0.119168121,0.999574161,0.077115122,0.983427078,3.335333608,NA
Anpep,-0.069227845,0.999574161,-1.105214333,0.087130972,0.726632096,0.467052504
Echdc3,-0.345026121,0.999574161,-1.515177073,0.012897517,0.615926068,0.554468327
Cpa4,1.409510473,0.999574161,3.29170843,0.194425246,2.029614983,NA
Chad,0.403543083,0.999574161,-1.434374588,0.000263416,0.179893368,0.818116636
Rreb1,0.043777442,0.999574161,-0.624833953,0.007025859,0.34244445,0.345402461
L3mbtl3,0.034992385,0.999574161,-0.638366512,0.004214531,-0.073400513,0.868699144
Itga9,0.486396205,0.849628748,-0.440333205,0.233380977,0.136817188,0.831846881
Camk1d,-0.018780304,0.999574161,-1.327691162,2.12071E-12,0.226118462,0.509065155
Akna,-0.025874966,0.999574161,-0.430352098,0.231327097,-0.027167146,0.969014222
Ube2h,-0.010789759,0.999574161,-1.532824503,1.21E-06,0.823485167,0.077341542
Akap7,0.095715192,0.999574161,-0.824190811,1.49401E-05,0.135306441,0.714882867
Adgrl4,-0.558533774,0.999574161,-0.741674633,0.567685639,0.114540189,0.957995965
Dap,0.08135618,0.999574161,-1.150058336,0.000160979,0.404103841,0.428878899
Tbc1d19,-0.116900354,0.999574161,-0.743629822,0.025863784,0.272320102,0.638897427
Nubp2,-0.081157415,0.999574161,1.384406262,5.09029E-09,-0.779813292,0.022009717
Adk,0.236918572,0.999574161,2.570099462,1.85614E-12,-1.014296328,0.063046946
Atf7ip2,-0.074487992,0.999574161,0.640374998,0.732149175,0.10486679,0.971553328
Metrnl,0.399832224,0.999574161,-0.401647818,0.520590576,0.130622905,0.895489366
Il18,0.040901763,0.999574161,-0.141585046,0.827290937,0.290695072,0.713862866
Rpl22l1,-0.359588089,0.999574161,0.635696385,0.229902923,-0.315951202,0.7173949
Suv39h1,-0.183277886,0.999574161,1.092185776,4.2605E-06,-0.69719977,0.042113602
Sec24d,0.593637029,0.16271801,-0.488801839,0.069076252,-0.15229875,0.750221255
Isg20,-0.587583084,0.999574161,-0.482349116,0.455327725,0.851529867,0.293858344
Tgfb2,0.593499068,0.999574161,2.922820151,4.55902E-06,-0.877485985,0.412733028
Gimap3,-0.064427568,0.999574161,-0.902215461,1.13369E-06,-0.298062396,0.329123502
Megf9,0.127000306,0.999574161,-0.7871094,0.000425127,0.29416643,0.428984534
Foxk2,0.064586655,0.999574161,1.409254171,3.64096E-11,-1.010217278,0.000536311
Cybc1,0.016107455,0.999574161,0.219774196,0.711970578,-0.842254624,0.182868696
Rnf122,-0.078659297,0.999574161,-0.655934731,0.016473951,-0.242582297,0.60844483
Tsga10ip,0.354694034,0.999574161,0.278981608,0.850932702,-0.649748177,0.718934086
C130074G19Rik,-0.018514594,0.999574161,-0.277294807,0.807663689,1.687527763,0.120064151
Exosc2,-0.053727733,0.999574161,1.749759863,6.24124E-21,-0.737229032,0.005797857
Drd5,0.097149191,0.999574161,-0.361284582,0.783033277,-0.994698717,0.523095384
Mreg,-0.032376988,0.999574161,3.131900784,5.51312E-24,0.21925028,0.72881735
Prdm16,-0.073269067,0.999574161,1.615111255,0.002759242,-1.680189626,0.024201034
Ttc36,-0.452518855,0.999574161,1.064005147,0.383388605,0.371139901,0.855731951
Dcxr,0.005453767,0.999574161,-0.85215492,0.052940098,5.528342629,8.62804E-32
Ppl,0.931352691,0.036796336,-1.586435837,2.98529E-06,0.570364337,0.288673125
Col10a1,0.092172495,0.999574161,-0.922833789,0.001513516,0.684828644,0.101418947
Tspyl4,0.324576121,0.650220241,-0.544505762,0.004125623,-0.070693627,0.85183482
Dse,0.345589123,0.999574161,-0.557388185,0.069343497,-0.087696551,0.87780828
Atp8b1,-0.603702772,0.999574161,0.079138118,0.97037165,1.901236624,0.245805989
NA,-0.028845642,0.999574161,-0.272072108,0.277356263,-0.580791828,0.057259373
Cylc2,-0.045737618,0.999574161,1.605112807,0.809952744,4.674875809,NA
Myo9a,0.257122086,0.849628748,0.150032335,0.484904157,-0.61614547,0.006988773
Fam149b,-0.216106723,0.999574161,-1.263410662,1.94831E-08,1.044997609,0.000617181
Rbms3,-0.584211655,0.999574161,-0.373585916,0.634635613,1.862804179,0.018146561
Mocos,0.762926863,0.999574161,-0.410315963,0.643619861,0.202167128,0.875825595
Gm7488,-0.091316621,0.999574161,1.322674896,0.000589461,-0.895571593,0.111413354
Prex1,0.045981183,0.999574161,-1.10112349,0.000105835,0.28684784,0.57311453
Coro7,-0.01232957,0.999574161,-1.189872387,9.6691E-05,1.615770746,3.90009E-05
Mrpl12,-0.00635563,0.999574161,1.844301644,1.60231E-16,-0.560959588,0.103053261
Vasn,0.050254532,0.999574161,-1.455407617,1.01842E-05,1.931185884,4.9745E-06
Oxld1,-0.062156031,0.999574161,0.667314273,0.118186607,2.068914743,2.17725E-05
Capsl,-0.741024372,0.999574161,1.385849542,0.137536419,-0.505220689,0.761484946
Mrps6,0.058991741,0.999574161,2.013197301,4.41504E-10,-0.029075207,0.969197772
Lap3,0.567418869,0.299255015,2.214588435,1.38109E-19,-1.776687575,2.52334E-08
Zer1,-0.154797899,0.999574161,-1.04028656,7.01803E-07,0.759751645,0.009625225
Ncoa7,0.168199763,0.999574161,-0.86348727,5.88155E-07,0.22607141,0.449215949
Trp53rka,-0.122112264,0.999574161,1.403093798,3.45486E-07,-0.702176529,0.087374519
Fnbp1l,-0.104717774,0.999574161,1.558207321,3.5059E-05,-0.955962425,0.084819091
Orai2,-0.406610257,0.999574161,-1.432876069,4.90148E-06,2.321666957,3.08396E-09
Fbxl5,-0.309219703,0.94786974,0.320534112,0.227120302,-0.368658169,0.31349936
Thap3,-0.023022393,0.999574161,-0.440743975,0.085644325,0.08987374,0.850950714
Il22ra2,0.289295378,0.999574161,1.920891397,0.107074398,-1.358100248,0.461990869
Ypel5,-0.19989758,0.999574161,-1.19750707,9.63853E-07,0.282645575,0.516942111
Polr2j,-0.130127799,0.999574161,1.505637924,8.95556E-11,-0.598465793,0.088768046
Galnt12,0.116214047,0.999574161,-0.165969106,0.487815827,-0.391537451,0.166722477
Cpeb2,0.17160595,0.999574161,-0.680994744,0.033245024,0.349959062,0.499954094
Kmo,-0.237748396,0.999574161,-0.250914692,0.440951848,-0.687008848,0.064031696
Cercam,0.089716824,0.999574161,0.196637219,0.712711909,3.393665784,1.30608E-14
Zfp597,-0.088440788,0.999574161,0.186199693,0.613471163,-0.603053126,0.135569748
Tbc1d2,-0.130000352,0.999574161,-0.324643971,0.58662346,2.353827462,2.9987E-05
Slc44a3,0.041088829,0.999574161,-0.782673593,0.230359477,0.292587443,0.790041552
Neurl2,-0.266986837,0.999574161,-0.612462569,0.221410564,-0.444950097,0.571974227
Txlnb,0.601656989,0.632730681,0.400148096,0.318021308,1.528447353,0.000351388
Fgl2,0.760319882,0.68851294,-0.356104008,0.533434048,-0.034867952,0.971745229
Slc26a11,-0.343123403,0.999574161,-1.71437545,1.26293E-08,0.466938055,0.358750145
Spsb1,-0.09307494,0.999574161,0.438575549,0.573644437,2.388882851,0.001844006
Urb1,-0.121671824,0.999574161,1.967021644,6.39188E-21,-0.699821294,0.022554702
Gsap,0.14896872,0.999574161,-0.776343644,0.002365409,0.716020066,0.043080752
Dag1,0.028543787,0.999574161,-0.441311504,0.161955741,0.199446851,0.706596077
Stk32a,0.377541328,0.999574161,-0.210322095,0.846988501,-0.248020363,0.860058757
Hip1,0.449138613,0.872308815,0.691612632,0.029490009,-1.031182969,0.01193904
Zc3h12d,-0.007101426,0.999574161,-0.775571959,3.21715E-05,0.440297539,0.112194441
Sinhcaf,-0.177412664,0.999574161,1.282381321,1.79279E-09,-1.273790443,5.67872E-06
Ifi203,-0.09667226,0.999574161,-0.569027485,0.003010048,-0.455173111,0.096770351
Bahd1,-0.048833353,0.999574161,-0.452496106,0.113532348,0.109607448,0.834032012
Slc7a5,0.184873744,0.999574161,2.568078274,2.15409E-36,-1.080751151,0.00011548
Saa4,0.174588033,0.999574161,-0.550949166,0.526636256,1.431685934,0.148740271
Stat2,0.190993561,0.999574161,-0.414086301,0.058758697,-0.062997671,0.877805471
Nup43,-0.154903181,0.999574161,1.85844699,3.32739E-11,-1.066859735,0.007448938
Disp2,-0.290744303,0.999574161,-0.72859069,0.488081638,2.06507992,0.080579411
Ndufb10,-0.041925876,0.999574161,0.95940443,1.39013E-05,-0.774331476,0.01189193
Baz2a,0.011133166,0.999574161,-0.8951238,0.000314756,0.255380033,0.560622986
Plcb2,-0.172121923,0.999574161,-1.056328601,5.304E-09,0.488465207,0.069586541
Ptges3-ps,0.345413077,0.999574161,2.226899871,3.1291E-11,-1.56308708,0.00068399
Bmf,-0.63604306,0.399690942,-0.817877341,0.011094423,-0.2537422,0.657397151
Cacna2d1,0.21259028,0.999574161,-0.745994891,0.519663829,1.84874623,0.164440449
Zmym5,-0.014357261,0.999574161,-0.490197088,0.005434635,-0.159582122,0.607339762
Abcc8,-0.02970596,0.999574161,-3.218515153,0.182311273,6.494849254,NA
Tdrd6,-0.844070919,0.999574161,-0.352555716,0.914539858,4.134197062,NA
Thbs1,-0.034448972,0.999574161,-0.636416392,0.435024362,1.193677477,0.236420343
Tax1bp3,-0.177337175,0.999574161,-0.726710658,0.003154458,0.512958331,0.156290549
Fmo1,0.025903653,0.999574161,-0.619929396,0.000830185,0.077022132,0.837630454
Ttc12,-0.230968806,0.999574161,-0.016372253,0.991219235,0.46788793,0.812212349
Gpr34,0.409134077,0.999574161,0.087368235,0.868374149,-0.84002555,0.074092898
Tm7sf3,0.012270274,0.999574161,-0.264422967,0.472092348,2.005583763,1.61985E-08
Tbc1d10c,-0.201869334,0.999574161,-1.092809945,2.02582E-05,-0.083190018,0.875290264
Lrp1,0.591821668,0.999574161,-1.026561541,0.048895907,0.874408909,0.246494282
Gbp7,0.291743837,0.940637416,-0.606069307,0.006715854,-0.136699102,0.744879685
Sema3d,-0.045365633,0.999574161,-0.2723629,0.722146871,0.27713861,0.790266237
Klhdc4,0.008594509,0.999574161,1.966985367,3.60915E-20,-0.005239799,0.991377646
Gbp2b,0.663022952,0.999574161,2.713643469,1.07951E-05,-1.030159456,0.297211672
Mrps28,-0.000834485,0.999574161,1.880287813,2.91138E-10,-0.332006538,0.54284984
Bach2,-0.174459036,0.999574161,-2.143412835,1.69481E-15,1.010317845,0.008624635
Cdk6,-0.270668893,0.989002519,1.323528816,2.7689E-11,-0.485601868,0.110238743
Pacsin1,0.058849212,0.999574161,-0.75178702,0.002591591,-0.388412397,0.327315704
Ndufa4l2,-0.412632788,0.999574161,2.597941371,0.009730237,-1.796286657,0.25163928
Ddx58,-0.121026239,0.999574161,-0.938247252,1.50827E-08,-0.060290956,0.862875523
Alx4,-0.1256996,0.999574161,-0.590212154,0.423690966,1.710773295,0.039090304
Slc25a24,0.092750797,0.999574161,-0.988136292,6.3328E-05,0.712873472,0.041660972
Gm15429,-0.307049838,0.999574161,-0.23964331,0.748152854,0.099804404,0.926158922
Tex45,-1.058723975,0.999574161,0.896442315,0.667775346,2.70080572,NA
Arhgap9,-0.140488547,0.999574161,-1.231998404,9.46174E-19,0.207709877,0.392062444
Trim7,0.079530279,0.999574161,-1.228390004,1.08238E-06,3.075344363,2.55869E-24
Mars1,-0.025413967,0.999574161,2.030571839,7.653E-16,-0.606883261,0.119803474
Bcor,-0.047442344,0.999574161,-0.234638276,0.356986686,-0.308251495,0.366682353
Ppp1ca,-0.257433054,0.999574161,0.466968822,0.097934058,-0.610579812,0.101706583
Wdr47,-0.102585175,0.999574161,-1.010656452,1.94455E-06,0.252411157,0.502493963
Abhd13,-0.131907895,0.999574161,0.789088764,0.012583072,-0.609435167,0.185847123
Havcr1,0.300004789,0.999574161,1.854081851,2.63466E-06,-0.16213883,0.843798398
Dtx3,-0.279740579,0.883797316,-0.479174111,0.016888959,0.217812246,0.517110971
Pitpnc1,0.168840304,0.999574161,-1.361420389,9.2768E-14,1.650537268,4.71668E-13
Zbtb38,0.136729214,0.999574161,-0.679142217,0.007652441,0.148981188,0.755174754
Slc26a10,-0.053463808,0.999574161,-0.251125607,0.481669921,-0.270416903,0.594402577
Spns2,-0.227222558,0.999574161,-2.978483713,8.12109E-31,-0.306630536,0.534410377
Sgms1,-0.13312201,0.999574161,-1.151195016,2.20675E-08,1.060894504,0.000109703
Mybbp1a,0.172356336,0.999574161,2.209996537,4.08771E-30,-0.458708484,0.131706942
Blvrb,0.192223339,0.999574161,-0.435498872,0.172467255,-0.564924514,0.18568313
Xaf1,-1.156631236,0.005372245,-0.692383689,0.061077245,0.321000368,0.603933068
Ltbp4,-0.732377933,0.915364898,0.728743872,0.213830316,0.832746883,0.309793822
Marchf9,-0.205179601,0.999574161,-0.008374707,0.991104738,-0.329330612,0.72849436
Manea,-0.065949492,0.999574161,-0.216450774,0.241772844,-0.090278013,0.77044824
Tlr8,0.773627885,0.552225806,0.200432811,0.733020231,-0.477889032,0.493785219
Abhd11,-0.207646276,0.999574161,1.519001864,2.30963E-06,-0.302723976,0.611297884
Matn1,1.777678902,0.89576735,2.472994381,0.043128409,4.189456162,0.002161527
Ctdsp2-ps,0.139988991,0.999574161,-0.932774749,0.010938286,0.452364467,0.44394443
Pitpnm3,-1.005659307,0.999574161,-0.457788675,0.792658883,0.938331609,0.663376685
Mettl27,-0.456166356,0.999574161,-0.928987144,0.193368593,1.710073599,0.052472053
Wdr7,-0.053781112,0.999574161,-0.751873047,1.80406E-05,0.282028914,0.323489189
Apoc1,-0.621831738,0.999574161,-0.867748599,0.209915041,0.240411281,0.845846207
Abcb1a,1.050350107,0.259753451,0.204824968,0.766960578,-0.064626129,0.94925433
Cd79b,-0.367402941,0.93754633,-0.248779813,0.468386549,-0.63664372,0.107726039
Pogk,-0.306541055,0.999574161,2.719354528,4.84859E-27,-0.784873427,0.037440067
Nlrp4a,0.290237991,0.999574161,-0.335020637,0.821597296,0.002283241,0.999092715
Bace2,-0.851267981,0.999574161,-0.768685682,0.605572046,0.851619962,0.685445671
Pck2,-0.067656077,0.999574161,-0.742280376,0.000353403,-0.168891516,0.660471265
Aicda,0.709757427,0.999574161,-0.28472272,0.789985168,-0.432361674,0.753741718
Dok4,-0.06008197,0.999574161,0.164060727,0.719728179,-0.623002531,0.21382911
Ppp1r14c,0.161676491,0.999574161,-1.332982042,0.097889965,1.06070868,0.364114142
Clcf1,-0.114346188,0.999574161,-1.083768011,3.22826E-05,0.395223396,0.355881848
Sh3bgr,0.180640386,0.999574161,-0.04007497,0.978218248,1.609209084,0.155276902
Phc1,-0.294868102,0.999574161,-0.033703214,0.942832369,-0.273288125,0.533475284
Mthfd1l,-0.087701729,0.999574161,1.74431367,2.66946E-26,-0.332634998,0.213885015
Hmgn1,-0.038788426,0.999574161,1.157422267,7.77687E-05,-0.877605043,0.033967228
Madd,-0.03718756,0.999574161,-0.809355589,0.000350172,0.425459135,0.222340616
Tbl3,-0.170481375,0.999574161,2.146055314,2.62639E-25,-0.844477965,0.004219656
Col16a1,-0.286556943,0.999574161,0.416143627,0.717888205,0.561050833,0.716012039
Limd2,-0.229887834,0.999574161,-0.043043629,0.913261808,-0.772199777,0.013895188
St8sia4,-0.229295652,0.999574161,-0.599124332,0.002520579,-0.521111051,0.06131332
Sh3pxd2b,-0.101261846,0.999574161,-1.320747045,0.276848224,3.206442811,0.02442149
Camta2,0.059832853,0.999574161,-0.396736025,0.138079869,0.063079425,0.899236651
Creg1,0.52184202,0.702411363,-0.41733619,0.233284102,0.091157375,0.881153738
Klc3,-0.042887565,0.999574161,-0.598221486,0.44389869,0.161462582,0.900517657
Rsc1a1,-2.136088248,0.999574161,0.936354531,0.907655199,-6.18801361,0.444933693
Scamp5,0.658130887,0.789468782,-0.534070941,0.282057833,0.392535474,0.603012063
Kcna2,0.393584908,0.999574161,-0.676018097,0.141852592,0.396253093,0.589426126
Cep126,1.867545709,0.999574161,2.81894215,0.105148793,-0.252850997,0.93550874
Ppp1r13l,0.380335034,0.999574161,1.340751397,0.105643972,1.859760935,0.076658383
Rnf167,-0.608078067,0.683668096,-0.28016975,0.536606276,0.315616095,0.615750949
Cd53,-0.166706143,0.999574161,0.235883967,0.576413482,-1.423792511,0.000615373
Lat2,-0.138387601,0.999574161,-0.911396084,0.00072341,-0.243596078,0.616638351
Myh6,-0.011798277,0.999574161,-1.253267033,0.809541706,5.964000497,NA
Cept1,-0.001768953,0.999574161,0.184098879,0.541473584,-0.565492285,0.090230962
Iqsec3,0.120253882,0.999574161,-0.587123551,0.555783916,1.383163353,0.232386501
S100g,-0.513671973,0.999574161,-2.060642509,0.006360699,1.338948025,0.238025929
Chil3,0.985424561,0.999574161,0.168376795,0.907655199,-0.549818667,0.739434712
Tex264,0.101253896,0.999574161,0.145331941,0.528375876,-0.519582183,0.038560275
Dennd6a,-0.189995372,0.999574161,-0.179594221,0.426869841,-0.418352033,0.11592831
Snrpd2,-0.175332591,0.999574161,1.44052748,0.000174905,-0.70959514,0.2350554
Gpr161,-0.062603755,0.999574161,-0.430920978,0.514092647,0.069061109,0.951040844
Gm11639,-0.622210806,0.999574161,1.779054029,0.33431691,0.962030265,NA
Reps2,0.222047551,0.999574161,-0.716272844,0.258184727,0.485020713,0.620446872
Dlk1,-0.528618152,0.999574161,0.626051937,0.760431856,2.189381688,0.328962075
Begain,-0.240962203,0.999574161,-0.764001165,0.145212599,0.51378572,0.531744103
Gfer,-0.052988128,0.999574161,1.939629145,2.52847E-10,0.810791682,0.077833397
Foxa3,0.722271241,0.999574161,0.538582372,0.755177048,0.964085674,0.650465193
Kcnd3,-1.169342195,0.999574161,1.144028583,0.418543527,1.079572081,0.60588516
Slc19a2,0.032622287,0.999574161,0.830402403,0.02593809,4.810856762,3.40025E-32
Rfx3,-0.300734279,0.961581296,-0.800075459,0.000424312,0.411640573,0.242875093
Padi6,-1.494469935,0.999574161,1.280207525,0.380043881,2.124984232,0.275504838
Arhgef1,0.062248917,0.999574161,-1.342403846,2.42609E-08,0.684724645,0.052472053
Cables1,0.154498059,0.999574161,1.114936003,0.118361347,0.973475286,0.345888341
Arhgef10l,-0.748955792,0.999574161,-0.565642732,0.473738271,1.5273647,0.090636442
Sh3kbp1,0.011911226,0.999574161,-1.061551888,1.1735E-11,-0.157249999,0.592303934
Abhd4,0.206178435,0.999574161,-0.669519803,0.051059063,2.685731686,1.44737E-12
Npnt,-0.675185005,0.999574161,0.460087398,0.655965995,0.560067723,0.691413384
Trim62,0.049610185,0.999574161,-1.047874965,0.107207379,1.089694637,0.225562009
Iffo2,0.021872874,0.999574161,-0.531808148,0.064008997,0.193704289,0.700727598
Ramp3,0.816627124,0.999574161,1.756989563,0.547731136,3.124081857,0.352080428
Slc7a13,-0.503577159,0.999574161,-0.456874128,0.646847231,1.984029773,0.052472053
Wdr43,-0.03903887,0.999574161,2.28305256,9.77103E-43,-0.971529716,1.67566E-05
Pif1,0.802103466,0.999574161,-0.86720047,0.366839893,-0.739757937,0.604291101
Nacad,-0.014981717,0.999574161,-0.992199883,0.000990127,0.67879438,0.122611004
Ostc,0.029951049,0.999574161,1.579381306,3.06105E-08,-1.20869629,0.002119249
H2az2,-0.184392868,0.999574161,-0.785437518,0.000107135,0.255218453,0.463614104
Chrnb1,-0.249913066,0.999574161,-1.303448917,2.64625E-06,0.038140264,0.95155218
Pla2g2d,0.303604797,0.999574161,-0.403790926,0.502529759,0.067332453,0.947754019
Map6d1,-0.202375881,0.999574161,1.070093298,0.009929499,0.826601012,0.17033686
Yeats2,-0.102169375,0.999574161,1.061117402,1.3884E-05,0.98937085,0.002909725
Elovl6,-0.163375294,0.999574161,1.37217703,8.49843E-09,-0.812556291,0.017852297
Ublcp1,-0.02116087,0.999574161,-0.133926649,0.664446562,-0.057273562,0.900517657
Pklr,2.062330436,0.242047705,0.613547641,0.618297919,-1.821693963,0.180174298
Wnk3,0.162462446,0.999574161,1.997628958,1.52077E-12,-0.559275062,0.220019713
Lamp3,0.356347905,0.999574161,-2.356026293,1.26707E-07,0.646364437,0.38447003
Kcnj1,-0.710977929,0.508669069,-1.278125964,0.000721859,0.832370461,0.139544503
Uspl1,-0.153950487,0.999574161,1.296323229,9.14173E-08,-0.879372875,0.010046786
Nkx6-2,-0.235300275,0.999574161,-1.674901182,0.124663818,0.25676245,0.900517657
Ak7,0.922724738,0.989253296,2.497925805,0.000208189,-0.585244179,0.628409417
Atp1b2,1.466437769,0.940637416,1.533116856,0.216715445,-2.782644932,0.073942701
Bdkrb1,0.400846847,0.999574161,2.321731838,0.002536848,-0.23895172,0.87567777
Rap1gap,0.555196936,0.897197989,-0.869041247,0.042498271,-0.025364403,0.977777392
Rgl2,-0.24233979,0.999574161,-0.200290188,0.611206627,0.080103351,0.893236883
Ssr2,0.012705923,0.999574161,1.182591112,0.00011434,-0.678298989,0.138453626
Pum3,0.039407975,0.999574161,2.457848045,4.85724E-42,-0.819313838,0.001336221
Shtn1,0.443846859,0.999574161,-0.275118626,0.695460575,0.130875564,0.899236651
Cldn5,-0.490127296,0.999574161,-0.493556636,0.707841471,-0.582011494,0.750912121
Mdfic,0.311787555,0.552225806,0.363007072,0.037324913,-0.949612619,4.83841E-06
Nthl1,-0.820753354,0.809408331,1.513295718,0.00304134,1.074232891,0.153894184
Ccnb1,0.460562116,0.999574161,-0.366545479,0.468591784,-0.387060454,0.588221789
Mfsd6,-0.188516173,0.999574161,-1.099037772,0.000300002,0.887376798,0.037779854
Arhgap32,0.274419737,0.999574161,-0.664038472,0.091651803,0.481487817,0.416594175
Mmrn2,-0.519545233,0.999574161,-0.712633189,0.346579554,1.32109623,0.157473087
Gpr12,0.607394811,0.999574161,0.179225465,0.947581087,1.881142341,0.409994055
Serpina3g,0.419347878,0.999574161,-0.358132599,0.502202095,-0.205467296,0.800781428
Piezo2,-0.035859189,0.999574161,-0.381986943,0.725265956,0.801535622,0.545713622
Rrp9,-0.045138727,0.999574161,2.477806696,1.94208E-28,-1.048569351,0.000832516
Irf8,-0.08754476,0.999574161,0.519836624,0.002011022,-1.096052895,9.85292E-08
Ago1,-0.089801881,0.999574161,-0.055485353,0.902247231,-0.165920747,0.745693578
H2-Ob,-0.29387175,0.962700501,-2.127956213,1.74987E-24,0.332451928,0.352080428
Prelp,-0.139017733,0.999574161,1.223807806,0.619559843,1.046833133,NA
Entpd3,0.010083426,0.999574161,1.631113247,0.203507704,0.529078603,0.81137282
Gucy1a2,-0.766084363,0.999574161,-0.504209121,0.700604601,1.084563868,0.500339247
Mrps27,-0.009867747,0.999574161,1.726489653,4.867E-20,-0.438257821,0.139125575
Kctd12b,0.270779419,0.999574161,-0.661664204,0.051137727,0.075369691,0.90728783
Kif21b,-0.139833091,0.999574161,-2.073017381,5.20434E-14,1.091699066,0.005142607
Klf8,0.334040602,0.999574161,-0.973874849,0.015615821,-0.0555745,0.947754019
Rims1,-0.108330114,0.999574161,-1.22036869,0.225838213,1.905641557,0.133476395
Lrrc18,-0.02391022,0.999574161,-0.037626055,0.919157627,-0.294295139,0.39947687
Fcho2,0.051756722,0.999574161,-0.795213096,1.06605E-05,0.471317367,0.074230185
Cox6a1,0.054594567,0.999574161,0.971815938,0.001235463,-0.828950722,0.049759178
Tmem273,0.671643021,0.402368121,-0.150958189,0.759563205,-0.444030623,0.427456867
Ubr7,-0.140400349,0.999574161,0.794694891,0.000336161,-0.872592435,0.003467374
Gm20604,-0.126088071,0.999574161,0.534022226,0.180816283,-0.423767828,0.482076172
Kirrel,-1.013869458,0.999574161,0.188578451,0.925695972,1.320564781,0.504375848
Tspo,-0.216132856,0.999574161,-1.350572381,1.70124E-07,-0.052143657,0.925809184
Utp15,-0.099660099,0.999574161,1.851644815,1.56349E-22,-1.068171312,3.18417E-05
Cd1d2,0.994806192,0.843902525,1.528711887,0.021427204,-1.379348647,0.139810208
Trem3,0.802713678,0.999574161,0.225172999,0.84335474,-0.253667721,0.861949521
Gpr155,-0.232974295,0.999574161,-1.212210221,1.92875E-10,-0.246197502,0.468635428
Ubac2,-0.12527178,0.999574161,-0.271283131,0.333394789,0.063068261,0.896090773
Enc1,0.165684796,0.999574161,0.234868978,0.52549896,4.381808064,7.98848E-42
Ydjc,-0.041886581,0.999574161,1.929059424,4.69162E-22,-0.745174345,0.010356964
Tram2,0.014028306,0.999574161,-1.338030648,4.25922E-05,0.461785467,0.396403871
Abca9,0.28193481,0.999574161,-0.558635674,0.342516535,-0.203202469,0.838240719
Phlda3,1.114919775,0.675624227,-2.881930954,0.029570646,11.61101833,1.03485E-20
Efhc1,-0.112184208,0.999574161,-1.788955002,0.070959411,0.852320646,0.603705374
Oasl1,-0.383252029,0.999574161,-0.130949951,0.841464517,-0.590443456,0.384678875
Ptpre,-0.108337516,0.999574161,-1.032741009,2.36935E-05,1.024680336,0.001873437
Fhdc1,1.361275208,0.809408331,1.734118231,0.060210273,-1.637679218,0.2077885
Rhod,-0.721609436,0.999574161,-1.790696664,0.263940677,8.092285002,1.12526E-07
Card6,-0.018733201,0.999574161,-0.723779119,0.000741286,0.31452338,0.364014541
Oosp1,0.713294361,0.999574161,0.239273444,0.816711624,0.10882178,0.939178578
Mcm3,0.083756732,0.999574161,1.500867805,3.77267E-10,-1.29131315,5.49106E-05
Shisa4,-0.120578662,0.999574161,2.852315544,0.013714941,0.50625244,0.819226546
Wipi1,0.308017037,0.999574161,-0.833283433,0.024887393,1.838342199,2.88901E-05
Tdrkh,0.484313737,0.989002519,0.730909666,0.069397028,-0.898536788,0.098210136
Ammecr1l,-0.081810112,0.999574161,0.104007626,0.773825386,-0.366672244,0.353812295
AW549877,-0.05637623,0.999574161,-0.093332744,0.747777012,-0.192426822,0.589928489
Agrn,-0.04267429,0.999574161,2.194631292,2.88907E-11,1.206163237,0.010160264
Mfsd9,-0.018296345,0.999574161,-0.995685777,0.036908049,0.563860919,0.456361652
Tnfrsf18,-0.019411789,0.999574161,-0.405379142,0.428915773,2.6963307,1.02447E-07
S100a10,-0.300127931,0.999574161,-1.041185958,0.001136685,1.876012836,2.5049E-06
Arhgef11,-0.119885987,0.999574161,-0.534745747,0.01607916,0.213397638,0.57311453
Hrnr,0.67561779,0.999574161,0.224323623,0.978578441,4.818500317,NA
Zbed3,-0.012598214,0.999574161,0.036686683,0.955606999,-0.488695614,0.38274669
Acacb,-0.446009597,0.999574161,2.086795551,0.000335982,0.110298359,0.929144172
Ncapg2,0.55984896,0.239234031,0.243747231,0.420047396,-0.801691688,0.016302556
Myo3b,0.015413318,0.999574161,-1.597997282,0.002229442,2.968585341,2.53017E-06
Tmcc2,0.089169916,0.999574161,-0.826102492,0.061860499,0.079122042,0.926158922
Abhd14b,0.074231411,0.999574161,-0.561547081,0.194275899,0.35475401,0.603933068
Hnrnpf,-0.009832533,0.999574161,1.177977735,9.03183E-08,-0.830743832,0.006999823
Kank3,-0.411219048,0.999574161,1.334819994,0.001024781,4.019429421,3.92579E-17
Dmgdh,0.418896015,0.999574161,0.171000265,0.953919166,0.213634699,NA
Ccdc115,-0.167573138,0.999574161,1.465278395,1.10881E-13,-0.833725788,0.002732714
Ssh1,0.163172505,0.999574161,-1.328581015,5.33828E-09,-0.097640788,0.83939017
Rassf4,0.212263723,0.999574161,-0.926091625,0.003200069,-0.227931246,0.693930889
Dzip1,0.438303409,0.999574161,-0.447363384,0.428915773,3.975918915,6.60281E-14
Pnliprp1,-0.045690091,0.999574161,0.224372383,0.979838575,5.602763934,NA
Bend6,0.148215473,0.999574161,-0.288186915,0.483112294,-0.090497843,0.892241928
Slc35f2,-0.084921933,0.999574161,2.790467477,6.27837E-22,-1.412229001,0.000570126
Abhd14a,0.046631439,0.999574161,2.374253871,4.61447E-11,0.210420293,0.772564482
Bag2,0.359587948,0.999574161,2.40870088,7.64544E-10,-2.107486561,7.10035E-05
Lyn,-0.045598666,0.999574161,-0.209692681,0.171539424,-0.104142463,0.681280095
Rabif,-0.063627213,0.999574161,0.614021609,0.020985257,-0.562773104,0.13421022
Ptchd4,-0.736570941,0.999574161,-1.014456417,0.696965823,4.038184871,NA
Trem1,0.412776533,0.999574161,-0.829231276,0.248824691,0.960013885,0.326423253
Nxt2,0.084632455,0.999574161,0.175538277,0.636221926,-0.490134461,0.248493503
Itga1,0.05034048,0.999574161,-0.381778699,0.675713311,-0.180198838,0.892996759
S100a13,-0.026053894,0.999574161,-0.615976503,0.045597349,0.034719864,0.956184324
Specc1,-0.261176091,0.999574161,-0.757578164,0.30477826,0.305338745,0.802469518
Ikbke,0.411883369,0.999574161,0.145188334,0.764204477,3.855782629,1.2361E-23
Grap2,-0.150163767,0.999574161,-1.095168284,3.54547E-07,0.72323558,0.017303672
Frem3,-1.441529054,0.999574161,-0.628355306,0.772057577,1.826765021,NA
Gnl3,-0.022083401,0.999574161,2.877686815,8.84307E-50,-1.188798831,5.48819E-06
Lgalsl,0.103843567,0.999574161,0.926660747,0.016305235,-0.893425042,0.101610931
Fam83g,-0.024046959,0.999574161,2.000138367,4.23784E-11,0.466329825,0.364114142
Esm1,-0.535611427,0.999574161,-0.741099787,0.514692431,0.827079932,0.604175294
Atf4,-0.07416066,0.999574161,1.686416019,1.32388E-14,-0.834650583,0.00749396
Prdm14,-0.045787921,0.999574161,5.367321569,0.065015752,0.552053044,NA
Ccno,3.416485723,0.892199085,4.458145273,0.055187889,-0.75876885,0.850949385
Dhx29,-0.01015128,0.999574161,1.646417725,4.42676E-18,-0.860917886,0.001198564
Zfp532,0.298390776,0.999574161,-0.443690443,0.439859106,0.510477094,0.520494264
Mindy2,-0.155312616,0.999574161,-0.700189573,0.000498873,-0.278750109,0.398875262
Mybph,0.664387386,0.999574161,-1.578701329,0.308885241,1.316298659,0.545713622
C1galt1,-0.269859943,0.999574161,-0.163811523,0.675437974,-0.343545035,0.466821416
Dctpp1,0.009346246,0.999574161,3.085522919,1.32903E-14,-1.401649799,0.01525905
Fcmr,-0.157084629,0.999574161,-0.236004041,0.349586492,-0.514823688,0.087905474
Leo1,0.018677934,0.999574161,1.608540943,5.96285E-17,0.530139644,0.067860739
Hoxd11,0.101623432,0.999574161,-0.178643988,0.958035589,3.224126579,0.207070977
Ago4,-0.059507823,0.999574161,-1.825870945,7.70612E-12,0.856835695,0.026645748
Usp22,-0.141581883,0.999574161,0.477309828,0.032442787,-0.570110203,0.057448246
AA986860,0.08832429,0.999574161,2.191592488,0.010582108,-0.088131651,0.960390758
Klhl14,-0.20575867,0.999574161,-0.794613471,0.016289847,-0.006384802,0.991901442
Sun2,-0.058099086,0.999574161,-0.439875955,0.017261233,-0.054058617,0.879564419
Adprs,-0.164843261,0.999574161,1.245586499,3.66683E-05,0.806508034,0.064984917
Ipo11,-0.024356133,0.999574161,1.440180211,4.83422E-11,-0.8264126,0.007809505
Kdm7a,-0.115022019,0.999574161,-1.173954568,3.29673E-09,0.449116957,0.141560778
Hirip3,0.201061015,0.999574161,2.938397598,5.5038E-66,-0.991123062,2.12552E-05
Stk40,0.010698024,0.999574161,0.140272636,0.544165895,-0.431024102,0.093885483
Pbxip1,-0.009325016,0.999574161,-0.793648112,5.48882E-06,0.711312044,0.002842162
Gucy2c,0.916123641,0.821793879,1.883219473,0.000699959,0.658750638,0.464580727
Itpr3,0.006811535,0.999574161,-0.545469933,0.007480798,0.115762893,0.761665739
Alkbh5,0.076048453,0.999574161,0.482833615,0.080298276,-0.881579748,0.010654357
Shisal2b,1.429681682,0.999574161,2.667046105,0.386296879,2.363208947,NA
Wdr55,-0.055388077,0.999574161,2.125981063,2.98569E-25,-1.195990594,1.57604E-05
Dusp15,-1.476131105,0.999574161,-1.206086953,0.759730975,8.107347914,NA
Ypel3,-0.283064299,0.999574161,-2.484250461,2.42802E-21,2.390395836,4.71668E-13
Jph1,0.054218998,0.999574161,-0.539804409,0.585442858,0.677923831,0.611297884
Mapk6,-0.180409317,0.999574161,0.822794221,3.44822E-06,-0.712063781,0.003524498
Sipa1l1,-0.058328132,0.999574161,-1.007796371,9.59693E-09,0.424176155,0.111954719
Naa25,-0.105024731,0.999574161,1.726893471,9.03114E-19,-0.681115691,0.016146465
Map3k9,-0.061627216,0.999574161,-1.257942794,8.51479E-07,2.552308375,1.87839E-16
Trafd1,0.071949006,0.999574161,-1.016386874,1.32994E-06,1.241923184,4.84163E-06
Wdr74,-0.137265188,0.999574161,2.28762646,4.01462E-23,-0.6936925,0.045354655
Ttc9,-0.333561046,0.999574161,-3.266017855,0.179718839,7.156879279,0.006904922
Dpm3,-0.19099744,0.999574161,-0.121948775,0.831772175,0.213559352,0.763961778
Id1,-0.706064924,0.999574161,1.422743506,0.077817643,1.389411977,0.229466409
Tmem108,-0.425382385,0.995037433,-2.299620485,1.38276E-11,3.153247382,3.08002E-14
Apobr,0.690013532,0.872308815,-0.103378199,0.895126971,-0.035485789,0.972143486
Maneal,-0.303570373,0.999574161,1.156638314,0.017567842,-0.522632994,0.525078248
Trim46,-0.173378375,0.999574161,-2.809528407,0.000124635,1.305528756,0.247770059
Hebp1,0.507878602,0.94786974,-0.093009308,0.882834241,-0.012440592,0.988130101
Muc1,-0.441415123,0.999574161,-1.766395676,0.073431588,1.367716769,0.348128773
Krba1,-0.185140405,0.999574161,-1.116395744,4.25851E-10,0.661716153,0.008979912
Gpr151,-0.061365384,0.999574161,1.023012322,0.011343776,-0.910621158,0.117111265
Snai1,0.040693245,0.999574161,3.842605996,8.73035E-11,0.262271774,0.833285829
Fgf11,-0.102095547,0.999574161,-0.629482503,0.518946813,1.444763089,0.206558344
Nrep,0.069914251,0.999574161,-0.149120525,0.917764051,0.834907545,0.57061652
Wfdc12,-0.116968018,0.999574161,-0.646455513,0.490272268,0.545799057,0.692753067
Zc3h6,-0.215582695,0.999574161,-0.837149905,0.017475504,1.724510675,6.40969E-05
Aida,-0.117391587,0.999574161,-0.61354073,0.000180844,0.204234788,0.464995603
Foxo4,-0.10891532,0.999574161,-0.517977992,0.020321751,0.234118322,0.530051155
Egflam,-0.792882477,0.999574161,0.458298375,0.848996668,1.847007366,0.480246739
Sbk1,-0.276147442,0.999574161,-1.520563488,8.57956E-06,1.070694225,0.026703689
Ifnk,0.021113317,0.999574161,-1.143163347,0.139843654,0.168864134,0.906674404
Gng2,-0.055162098,0.999574161,-1.133385978,9.64936E-12,0.130166775,0.691130347
Klhl6,-0.13759209,0.999574161,-0.988131683,1.91836E-10,0.263889109,0.304658679
Ptgir,-0.405230214,0.999574161,-0.446811252,0.726696938,0.722044011,0.660882711
Spice1,-0.038139526,0.999574161,0.059213783,0.907655199,-0.335713372,0.523008367
Dpy19l1,0.123906646,0.999574161,0.993561931,4.46897E-05,-1.227779864,0.000117031
Synpo,-0.091773578,0.999574161,-0.020894854,0.98589818,0.973992486,0.474790035
Hic1,0.411982413,0.999574161,0.997893777,0.053001901,4.025185833,4.28944E-13
Qrfp,-0.38186406,0.999574161,-1.945407769,5.77239E-07,0.491680031,0.474336128
Lrrn4,-0.538597015,0.999574161,-0.080532859,0.960821942,-0.042807507,0.982573374
D830039M14Rik,-0.213876894,0.999574161,-0.519149178,0.57278579,-0.014810117,0.991901442
Mob1a,-0.000363826,0.999721535,0.785802706,0.006793082,-0.797323108,0.045354655
Crppa,-0.12922823,0.999574161,-0.809588584,0.0311392,0.027876836,0.972143486
Hpdl,-0.073901409,0.999574161,1.540038916,0.02701182,-1.523784626,0.130611856
Arl11,0.734948188,0.999574161,-0.521458392,0.583001877,-0.170440108,0.906814114
Niban3,-0.61581461,0.717430316,1.455888931,4.46108E-05,0.868221747,0.098752561
Tmem64,-0.091558483,0.999574161,0.492116726,0.153810317,-0.802181118,0.068226239
Pigv,-0.125786521,0.999574161,-0.741015325,0.003515191,0.425138445,0.276618379
Hoxd9,-0.515916224,0.999574161,-0.72846886,0.531412871,1.905897678,0.150553293
Gm6741,0.031299944,0.999574161,0.513615943,0.428538408,-0.757448843,0.372069847
2510009E07Rik,0.388733487,0.999574161,-0.19340417,0.78613852,-0.162947521,0.865769026
Otud1,-0.331282943,0.999574161,-1.589983796,5.05256E-07,0.582219401,0.249973615
Rnf227,-0.15847895,0.999574161,1.635068275,5.89183E-05,-2.138988485,9.10243E-05
Eif3j2,0.049646439,0.999574161,1.945391193,3.60811E-15,-0.72339063,0.049895322
Psapl1,0.009413857,0.999574161,-2.482434031,0.024533507,0.920494501,0.624641476
Leng9,-0.158556103,0.999574161,-0.110485215,0.790350787,-0.006323222,0.991449915
Pgp,0.023119355,0.999574161,0.961600115,0.029375847,-1.19809779,0.042756079
Adam30,-0.244769448,0.999574161,3.360551631,0.000375318,1.360528384,0.378779699
Gm6863,-0.382226158,NA,0.212456492,NA,-0.491516435,NA
Acot6,0.550083153,0.999574161,1.565292483,0.001878845,0.089537867,0.932091938
Tril,0.144828322,0.999574161,-0.764038565,0.311485972,0.855256728,0.410932812
NA,-0.146265402,0.999574161,-0.255600208,0.860600302,1.043598958,0.505205127
Gimap5,-0.154006107,0.999574161,-0.062935303,0.825510363,-0.228586654,0.462268944
Setx,-0.137093919,0.999574161,0.008212287,0.979482002,-0.226370375,0.4685353
Fam90a1b,0.60877406,0.999574161,0.064252387,0.977460454,1.978467035,0.248713
Unc5cl,-0.295753095,0.999574161,-1.003565139,0.002815315,0.763256496,0.115643866
Eif5al3-ps,-6.082200361,5.0728E-07,2.157092266,0.001960216,-0.580994005,0.798707156
1700019D03Rik,0.331946667,0.980490136,0.447225596,0.110757366,-1.401757236,1.74855E-05
Fam221b,-0.218782859,0.999574161,0.914871317,0.398188615,0.161250301,0.931961322
0610009L18Rik,-0.410289806,0.999574161,-0.602828744,0.195368284,0.532987075,0.437467647
Fem1a,-0.045986656,0.999574161,1.04709075,1.23741E-05,-0.877183003,0.008081547
Pkhd1,-0.74967763,0.999574161,0.19358042,0.975969402,5.570225356,NA
Gm12481,0.12000851,0.999574161,0.044282452,0.970992966,-0.367497343,0.75798492
1700048O20Rik,-0.152331131,0.999574161,-0.389151191,0.260732073,-0.249138961,0.648083038
Vwce,1.725438869,0.999574161,4.086979483,0.052154392,-0.529029915,0.884971614
Kifc5c-ps,-1.474633285,0.999574161,-4.204293128,0.056862856,8.066071187,0.001246084
Oaz1-ps,0.277513852,0.999574161,-2.386163228,0.324603793,2.944859787,0.355042255
Clec4a3,0.473567078,0.999574161,-0.592706232,0.162792125,-0.080453529,0.917527713
Taf10,0.010947193,0.999574161,1.304054317,6.20202E-09,-0.792479919,0.012867841
Zmym1,0.065840515,0.999574161,0.917322849,0.003639891,-0.892261775,0.040475605
Chil5,0.030713507,0.999574161,-1.734020939,0.002011022,0.279757644,0.796266856
Kbtbd7,-0.084171863,0.999574161,0.386239641,0.318876328,-0.419764953,0.439324286
S1pr2,0.840372958,0.999574161,-0.418079828,0.666853475,-0.661740846,0.597309674
Olfr544,0.375269282,0.999574161,1.356307706,0.350237574,1.632239911,0.395139753
Gimap7,0.206864642,0.999574161,-0.382654808,0.196804098,-0.502850567,0.205221642
Klri2,-0.220792364,0.999574161,-0.075934907,0.941235207,0.357414569,0.736974089
Wdfy3,0.597008684,0.892199085,-0.919714096,0.035150857,0.365402302,0.623913752
Naalad2,-0.19642295,0.999574161,1.681919556,0.011060351,-0.735069835,0.507753879
Cep164,0.022707988,0.999574161,-1.027703995,2.63722E-07,0.971842293,0.000266407
Gls2,0.13068643,0.999574161,1.934636876,4.80591E-05,-0.572887525,0.490546876
Cilp2,1.073066338,0.999574161,3.294373472,0.008474828,-0.429708235,0.855731951
Mrpl50,-0.098356303,0.999574161,1.41004499,6.69191E-12,-0.745296761,0.011529779
Rell2,0.001786041,0.999574161,2.250468745,2.08917E-09,-0.308685725,0.669673987
Npb,0.542243687,0.999574161,1.141368378,0.401273726,-1.672358782,0.356471588
Als2cl,-0.161787589,0.999574161,-0.450911066,0.63200549,1.473673821,0.150553293
Ccr10,1.41792065,0.93754633,0.133001987,0.94920952,-0.152823767,0.947754019
Gpr22,-0.338934652,0.999574161,-0.291015376,0.484540248,0.046511899,0.948426784
Eml6,0.322142803,0.89576735,-0.839595045,0.000402103,0.794821565,0.013041738
Efcab8,-0.118889106,0.999574161,1.498960519,0.013577911,2.156145158,0.00586194
Arf6,-0.131334646,0.999574161,0.518433868,0.046023849,-0.766183387,0.022360983
Nkrf,0.00078427,0.999574161,2.044444156,4.93324E-28,-0.497841084,0.081814847
Hepacam2,0.50365323,0.536328212,-1.502610985,1.12898E-08,0.762306963,0.046181923
Tnip3,-0.085475114,0.999574161,0.029240922,0.970298734,2.09825549,1.67566E-05
Bcl2l15,0.658146308,0.911858097,0.546601892,0.336141066,1.865279638,0.002104624
Ptx4,-0.04578069,0.999574161,4.520923061,0.182306936,1.695969863,NA
Gpr146,-0.196822098,0.999574161,-1.690700511,1.05534E-14,0.571165793,0.086445473
S1pr4,-0.357174472,0.843902525,-2.298900159,2.85984E-25,0.37519309,0.318289032
Vsig4,0.191870524,0.999574161,-1.006179212,0.356149367,0.682782379,0.683026924
Nkx2-3,-0.700831587,0.999574161,-1.481601826,0.235163479,1.522698456,0.388035383
Nxpe4,0.152588719,0.999574161,-0.220129443,0.421946163,-0.326530785,0.360564258
Nhlrc1,-0.317186877,0.999574161,2.139616101,0.000932411,-0.548485057,0.647762818
Pcsk9,-0.418280238,0.999574161,1.028385356,0.153476247,0.144111591,0.913517482
Crb3,-0.010864965,0.999574161,-1.310016901,0.001336263,0.355819783,0.630923844
Ubb-ps,-0.309959816,0.999574161,0.280932484,0.853673413,1.241514683,0.441231662
Apol7c,-0.472901369,0.999574161,0.50572544,0.396432563,-1.540564878,0.021369733
Mab21l3,0.798853631,0.999574161,-0.295293915,0.817448542,-0.160041794,0.925809184
Trp53i13,-0.126805464,0.999574161,-0.830275182,0.009551554,0.640292074,0.168470702
Gm9790,-2.382586188,0.999574161,1.059300897,0.711948361,2.343282138,0.508119549
Ackr3,0.524534422,0.999574161,1.290001467,0.006793082,-1.097821086,0.104441033
Aplnr,-0.492764261,0.999574161,-0.965680594,0.561623947,-0.178370091,0.948792789
Slc25a53,0.023096026,0.999574161,-0.052293991,0.883725282,-0.338515605,0.328707257
Lacc1,0.278576438,0.999574161,0.383973185,0.194425246,2.97777487,6.11983E-23
Sowaha,0.578933454,0.999574161,0.071688634,0.965802462,-0.296758616,0.862455411
Cxxc4,0.02982428,0.999574161,-1.074323454,0.35658186,1.482132011,0.328975901
Gm13080,3.040727103,0.999574161,4.268441284,0.277356263,-1.415318008,NA
Adig,0.788773904,0.999574161,2.428998041,0.142815034,-0.257501766,0.933651462
Sptssa,-0.070238002,0.999574161,0.383156273,0.387521656,-0.584071226,0.309793822
Gm9493,-0.768309846,0.999574161,-0.295721434,0.841464517,0.567416121,0.755174754
Gm9791,15.26510045,NA,16.15558145,NA,-11.45281415,NA
Ffar1,0.130216387,0.999574161,0.253355936,0.423099442,-1.134557279,0.000681396
Rin3,0.119932404,0.999574161,-1.417168766,9.16959E-11,0.071274278,0.87749794
Fam160a2,-0.022226962,0.999574161,0.330429452,0.247113694,1.705950674,1.42735E-08
Tent5c,-0.950565209,0.999574161,-1.391380513,0.302039514,0.81221036,0.705398946
2510039O18Rik,-0.082987622,0.999574161,0.341664183,0.271225626,-0.458456951,0.267987724
Zfp758,-0.193243747,0.999574161,0.221140543,0.609194152,-0.667100029,0.16438186
Rps2,-0.013374994,0.999574161,1.602994839,3.96725E-08,-0.348416583,0.502493963
Ackr2,0.614676493,0.563034413,-0.681703769,0.055436577,-0.931193523,0.047376297
Rasip1,-0.215903761,0.999574161,-0.32257656,0.773252976,0.714358951,0.600187103
Tlr7,0.074025927,0.999574161,-0.251158838,0.426100566,-0.645749008,0.076181836
Cnrip1,-0.105971202,0.999574161,-0.666940657,0.046023849,0.368634536,0.492915168
Pard6b,0.16000005,0.999574161,1.769842763,1.23268E-07,-1.092414881,0.023268704
Ly6k,1.74269316,0.190161335,1.89966274,0.011269591,-1.94138272,0.05742373
Phf11a,0.188218439,0.999574161,0.066107524,0.914081599,-0.484026332,0.411341357
Kcnj10,0.839607306,0.334164098,-0.054165492,0.941259321,-0.122506779,0.87773851
Gemin7,-0.119788778,0.999574161,0.304134976,0.420047396,-0.663653375,0.140748957
E230025N22Rik,-0.00618318,0.999574161,2.277945433,0.003175338,-0.565870487,0.692866418
Serpinb1a,-0.42844411,0.370565026,-2.875700249,1.55406E-49,-0.489925841,0.109863805
Klk14,-0.117795423,0.999574161,-0.106871814,0.959452047,3.095574825,0.031791482
Abca6,-0.952065561,0.87016768,-1.704937586,0.011691458,1.756595314,0.058266642
Gm6430,-1.339639561,0.999574161,0.481624011,0.769487064,-0.929388145,0.662160547
Trmt10c,0.010513731,0.999574161,1.705770319,3.51962E-11,-1.106084582,0.002033481
Scml4,-0.232245411,0.999574161,-2.34428727,1.72787E-25,1.498079888,4.20975E-07
Hjurp,-0.289928434,0.581978972,-0.237594597,0.180594522,-0.029925648,0.927150336
Cd300c2,0.273216036,0.999574161,-0.271329294,0.61315384,0.258996035,0.734699526
Olfr543,-0.172118374,0.999574161,0.698207727,0.442835709,1.733775949,0.097270239
D630023F18Rik,0.092499726,0.999574161,-0.042682571,0.965802462,2.043687624,0.001799997
Olfr545,0.046623942,0.999574161,2.003078023,0.403149282,2.088785513,NA
Lsm11,-0.086145216,0.999574161,0.951126969,0.000647828,-0.927853024,0.01525905
Ankrd50,-0.019590114,0.999574161,-0.533133289,0.045423695,0.443153872,0.252395166
Zfp367,-0.021832964,0.999574161,0.185297655,0.536606276,-0.78388046,0.013115419
Ubtd2,-0.102399453,0.999574161,1.819039498,1.40236E-09,0.091543295,0.88580221
Mylk4,-0.09783033,0.999574161,-0.124073884,0.900079057,1.995652753,0.011529779
Fzd5,0.019110864,0.999574161,0.071798369,0.870474653,1.796830878,7.33338E-08
Tubg2,0.247421746,0.999574161,-0.822344878,0.122409586,-0.649481464,0.425696128
Prss22,0.076517575,0.999574161,-0.606205734,0.702576963,1.538632849,0.399401606
Prkce,-0.168242427,0.999574161,-1.712682104,1.74008E-09,1.988293021,5.06496E-08
Megf8,0.097492556,0.999574161,-0.723097531,0.199148854,0.545470211,0.523008367
Lrfn4,0.089622091,0.999574161,2.202772945,9.71755E-05,-0.666299603,0.501369374
Kcng3,0.338205242,0.999574161,2.299197227,0.036135439,-0.159587686,0.942604606
Zc2hc1c,-0.022645902,0.999574161,0.578488345,0.210867446,-0.545631638,0.42050531
9930022D16Rik,-0.363416328,0.999574161,-0.990655812,0.114647393,0.369394748,0.739434712
S1pr1,0.062722946,0.999574161,-0.676831543,0.000655567,-1.833190493,9.19865E-15
Arhgef37,-0.346948416,0.999574161,-0.179336225,0.902943341,0.18768569,0.916597981
Magi1,-0.198472313,0.999574161,0.173696376,0.907655199,0.525457098,0.758567541
Olfr1445,1.720778902,0.999574161,3.027129221,0.234795068,-0.106755198,NA
Tubb2b,-0.206224698,0.999574161,-1.18535202,0.000336595,0.65399721,0.19449834
Pigw,0.010213481,0.999574161,1.631885884,1.45008E-12,-0.766460701,0.02222128
AI467606,-0.321435884,0.918919503,-1.246308435,3.19137E-08,-0.154114015,0.732639635
Borcs6,-0.349537225,0.999574161,-0.022038087,0.971137447,-0.081613601,0.899236651
Asxl3,-1.045696724,0.999574161,-0.382570502,0.81904808,2.013256996,0.232386501
BC106179,-0.274990366,0.999574161,-0.673877063,0.012745382,0.444399354,0.278403464
Rln3,-0.354626843,0.999574161,-1.595302026,0.060872691,0.210293856,0.899601215
Eola1,-0.179740046,0.999574161,0.452076212,0.252508948,1.454242639,0.001115944
Zfp688,-0.194715624,0.999574161,0.024366447,0.970211117,2.276686987,5.39848E-09
Ush1g,-0.217163239,0.999574161,-0.713292845,0.618292384,1.794004686,0.275693756
Insig1,-0.257178878,0.999574161,2.012918437,7.79074E-15,-1.469396636,2.36105E-05
Fndc7,0.051253068,0.999574161,-0.993389068,0.016424964,-0.033034636,0.970889986
Cenpe,0.606662703,0.892199085,-0.306131247,0.581341803,-0.607741598,0.369300163
Nyap1,0.044624141,0.999574161,-1.012682044,0.570632124,1.403085351,0.54586235
Sh2d5,-0.307739955,0.999574161,2.811986089,2.01751E-11,-1.082380438,0.096192171
Fam186a,0.675570691,0.999574161,3.885744276,0.17322146,1.720079621,NA
Tnfrsf26,-0.167483992,0.999574161,-1.149535758,3.95096E-05,2.790457936,6.47012E-17
Wdr81,-0.136862752,0.999574161,-0.582401274,0.007154453,-0.035341357,0.937582367
Tmem88,-0.039870338,0.999574161,0.161940779,0.847321403,-0.333279947,0.750964093
Cxcr4,0.23452188,0.999574161,-0.031089632,0.975282165,-0.293596847,0.75573924
Epcam,0.557250882,0.999574161,-0.236901764,0.723193444,-0.634763354,0.412733028
Kcnk13,0.211926607,0.999574161,-0.543932317,0.076486952,0.225968288,0.663347065
2410002F23Rik,-0.178119599,0.999574161,1.692072368,8.61577E-18,-0.677245954,0.017899171
Tmem60,-0.225176833,0.999574161,0.410883671,0.246623622,-0.505718652,0.298234427
Gm9797,0.293646646,0.999574161,3.398922213,1.74869E-13,-1.986395366,0.002096627
Sys1,-0.168762641,0.999574161,-0.078692525,0.81772231,-0.217336512,0.582455896
Ddx28,-0.172459421,0.999574161,1.218663117,8.16225E-05,-0.713478897,0.122218605
Fpr1,0.528378076,0.999574161,0.801175014,0.09185192,-0.788725831,0.239960735
Penk,-1.209711223,0.999574161,-0.638860246,0.749979488,3.294940675,0.101054854
Sh3tc2,1.183151008,0.999574161,-0.664768268,0.660731762,-0.908781246,0.648399841
Mtus1,0.536891019,0.999574161,0.093572654,0.943680695,0.021237609,0.989123278
Vwc2l,-0.00406892,0.999574161,-2.05490553,0.111583481,1.487043539,0.436069571
Plekha7,-0.156610902,0.999574161,-1.051676693,0.00049848,5.322601102,7.13426E-56
Henmt1,-0.867209356,0.999574161,1.224575281,0.359914838,0.76948969,0.720354371
Cdc42ep2,0.223849801,0.999574161,0.112371481,0.885304229,0.02245487,0.983162079
Mfsd5,-0.116764942,0.999574161,1.173436652,2.17788E-05,-0.843397273,0.031985186
Togaram2,-0.714920482,0.999574161,0.305758335,0.899426883,2.732262178,NA
B230219D22Rik,-0.163505808,0.999574161,0.34799131,0.233284102,-0.369277413,0.367263404
Slc16a5,0.321016334,0.999574161,-0.317121872,0.751976359,-0.04090091,0.980057555
Gm9800,-0.271441264,0.999574161,1.213959376,0.153476247,1.308623006,0.268352736
Hsf3,0.579390253,0.999574161,-1.518713904,0.357683817,-0.396593454,NA
Ptprcap,-0.295123875,0.999574161,0.409098036,0.212127798,-0.509303423,0.250371309
Serpinb9,0.283221163,0.999574161,-0.047373163,0.926457791,-0.37105009,0.442378699
Gvin1,0.020977729,0.999574161,-0.561147571,0.244146915,-0.675329228,0.304146446
Gm9803,0.185561074,0.999574161,0.524459732,0.682170568,-0.301406236,0.870955782
Gm20715,0.198064235,0.999574161,-0.666257073,0.253846318,0.373243221,0.690793861
Clec14a,-0.26499204,0.999574161,-0.409730378,0.828543452,0.31481902,0.900797959
Ifit2,-0.048065013,0.999574161,-0.808843639,0.098958764,0.034215787,0.972143486
Mrps12,-0.053099572,0.999574161,1.61048753,3.37574E-07,-0.810308818,0.085739739
Cavin2,-0.326729614,0.999574161,-0.628944809,0.492975783,0.402125279,0.772041993
Gpr158,-0.045716955,0.999574161,0.224332822,0.978218248,5.802491368,NA
Eif4g1,0.086545003,0.999574161,1.816179972,1.42132E-35,-0.471781842,0.028986679
Polr2k,-0.133677099,0.999574161,1.345762108,9.88644E-06,-0.789860867,0.078158709
Gapt,-0.027117098,0.999574161,-1.46408011,5.73592E-07,-0.384669043,0.453895432
Pnlip,-0.045633673,NA,0.224449049,NA,7.672810457,NA
Calhm6,-0.07689826,0.999574161,0.052187653,0.913261808,-0.931088724,0.016145297
Rp1l1,1.368987067,0.999574161,0.531187119,0.874707422,1.526380498,NA
Clec9a,-0.464391067,0.780405051,-0.277520937,0.446503418,-0.244496703,0.651512064
4931422A03Rik,-0.208961517,0.999574161,-0.681973125,0.087600413,0.154430667,0.837052134
Tmem229b,-0.118414714,0.999574161,0.188883189,0.562779144,-0.692712424,0.046514789
Kcnrg,0.046809395,0.999574161,-0.393591576,0.293877736,-0.551413517,0.276618379
Adamts6,-0.410941482,0.741967236,-2.073974733,2.41851E-18,0.450602422,0.248713
E2f8,0.557863824,0.892199085,0.344786779,0.477114581,-0.783450246,0.172857622
Cd109,0.698590396,0.999574161,0.541176674,0.807336803,2.299959969,0.285431831
Pik3r6,-0.122034388,0.999574161,0.169647609,0.882956904,0.378897006,0.777560804
Plaur,0.191821775,0.999574161,-0.131793107,0.868374149,-0.17405142,0.861949521
Scand1,-0.100608775,0.999574161,-0.899898391,0.023442342,1.326071448,0.009817576
Hepacam,-1.457417793,0.999574161,-2.170517256,0.442378606,6.189930195,NA
Pilra,0.454251566,0.89576735,-0.380225541,0.321957082,-0.062940608,0.925071066
Olfr1444,-0.481208295,0.999574161,1.340388244,0.24309048,0.415041769,0.838584877
Stxbp6,0.052295345,0.999574161,0.077588031,0.955168778,1.850744407,0.06605158
Hs3st2,0.778339056,0.789468782,0.15550415,0.840674876,0.035797431,0.973944558
Gm6195,-0.096515684,0.999574161,-0.498493814,0.442212151,-0.672730534,0.452924769
Gm11223,3.689806197,0.999574161,4.606730445,0.317058946,0.447962111,0.956266932
Jrk,-0.22438851,0.999574161,1.36047599,1.41234E-06,-0.604498204,0.164021785
1700067K01Rik,-0.110186598,0.999574161,1.368491245,0.011667719,-1.486136734,0.049130912
Lrrc75a,-0.102652742,0.999574161,0.162800962,0.703788545,-0.60360428,0.192311078
Gm5564,-0.174634503,0.999574161,0.855210929,0.369398196,0.696349953,0.623913752
Cmtr2,-0.084689784,0.999574161,1.535802585,5.33417E-07,-1.035543015,0.017048371
Ppm1e,-0.63852588,0.288016382,-0.259122412,0.482846003,0.343249571,0.491318864
Nexmif,-0.30466371,0.999574161,-1.035485746,0.56723943,5.015177032,0.003115913
Tmem150b,-0.522971183,0.999574161,-0.808104129,0.419222769,0.295422314,0.858080908
Scn4b,-0.776266628,0.999574161,-1.491707283,0.075554793,6.955832221,3.6536E-15
Golph3l,-0.09688621,0.999574161,0.392898067,0.19803473,-0.421474181,0.324816636
Spin2c,0.908765149,0.999574161,0.250233173,0.894611847,-1.735013101,0.345402461
Unc119b,-0.038229928,0.999574161,-0.200746203,0.576287972,-0.394088116,0.369684171
Tmem215,-1.882560777,0.775180721,-0.852635155,0.579821125,1.159304959,0.58501097
Bdh1,0.21757248,0.999574161,0.816553285,0.004944435,-1.157898052,0.002574701
Pkd1l1,0.590870051,0.999574161,2.751660695,0.013721847,0.275755632,0.899236651
Gm7729,1.05890713,0.999574161,1.627870792,0.426421782,-1.430772557,0.630923844
Cxxc5,-0.314609697,0.999574161,-1.017420057,0.000436577,0.791619762,0.053602639
Tifa,-0.382715724,0.735652091,-1.117507268,5.37937E-07,0.388514334,0.283248172
Chtf8,0.042282267,0.999574161,1.208411152,1.47771E-05,-0.895918173,0.022357989
Rpl14-ps1,0.127734256,NA,1.078382028,NA,-1.585424441,NA
Cdc42se1,-0.18354165,0.999574161,-0.52275236,0.018029506,-0.124875203,0.760249034
Gprc5a,-1.037832907,0.999574161,0.774166691,0.768214243,5.015055163,0.050654525
Fat4,-0.599375472,0.999574161,-0.475261262,0.74790541,0.934864326,0.611787591
Mrps7,-0.104420195,0.999574161,1.579509324,7.26795E-10,-0.93408177,0.010356964
Fam83h,-0.020493653,0.999574161,0.348102583,0.617107125,2.595180051,6.79407E-05
Rhoj,0.056069824,0.999574161,-0.237316461,0.879599189,1.118660236,0.489244728
Mpeg1,0.509490751,0.669102138,-0.443234379,0.17392167,0.376471632,0.432752333
Lrrc75b,-0.142806421,0.999574161,-0.726717443,0.20436958,0.564413248,0.514997541
Ddit4l,0.357538974,0.999574161,-0.558837766,0.30399042,4.10113464,1.72395E-15
Mettl21e,-0.070530672,0.999574161,-0.666619979,0.549840886,0.045787563,0.981690449
Ckap4,0.412546353,0.999574161,-0.924767664,0.013267002,0.083521192,0.909421412
Pip5kl1,0.462263604,0.999574161,2.546115811,0.000941697,-1.252119274,0.302353057
Gpr1,-0.447965905,0.999574161,1.632562112,0.066682033,-0.496402422,0.759100302
Hectd3,-0.053237573,0.999574161,-0.998314331,1.11878E-09,0.132177055,0.67898311
Fbl,0.094485595,0.999574161,2.500743459,1.09905E-43,-0.568486149,0.034792378
Atxn1,0.529982757,0.351061406,-0.119039989,0.744187696,-0.456186676,0.241588703
Irgm1,0.028791328,0.999574161,1.039032017,0.001455228,-0.984954069,0.028299608
Zfp740,-0.186225622,0.999574161,-0.142576325,0.661753476,-0.170084355,0.701517626
Nqo2,-0.037917172,0.999574161,-0.951227271,0.000151858,0.491996262,0.2024725
4930432E11Rik,0.520053748,0.999574161,-0.095828663,0.970437943,2.476093993,0.198505119
Gpr156,0.351680296,0.999574161,-0.74619601,0.08632599,-0.039320725,0.964225873
Pla2g4f,-0.389777062,0.999574161,1.3566129,0.263263136,0.060087465,0.980057555
BC053393,-0.146550999,0.999574161,-0.345118824,0.592132323,0.215551628,0.82314406
Mars2,-0.215793015,0.999574161,0.364728317,0.246623622,-0.444358988,0.300225685
Zfp41,-0.246054163,0.999574161,0.518676781,0.246939393,-0.336868479,0.632082596
Fbxo41,-0.5450952,0.999574161,1.512675346,0.097233327,-0.509120331,0.753741718
Tmem164,-0.044601222,0.999574161,0.04675918,0.871144108,-0.297853284,0.289562715
Dusp28,-0.119535053,0.999574161,0.030305684,0.970437943,-0.241128323,0.761503893
Tmem198b,-0.235726602,0.999574161,-0.726176846,0.029253501,0.61169198,0.204561519
Dnajb7,-0.030991792,0.999574161,0.0373808,0.96714338,-0.562480427,0.469516276
Cltc,0.013196285,0.999574161,0.382851104,0.051545697,-0.558455646,0.028247395
Cd24a,-0.311930991,0.999574161,0.624605195,0.081970999,-1.087638496,0.015787589
Neurl3,-0.204401482,0.999574161,-1.647236786,1.50017E-19,0.843679144,0.000870429
Samd14,0.493777877,0.999574161,-0.493218135,0.482246488,0.558543921,0.563187925
Dync2h1,-0.298360195,0.940637416,1.377017011,5.58793E-11,0.351066099,0.315873218
Gm527,0.050890638,0.999574161,-1.30673268,0.062222303,0.431818329,0.72910818
Taf9b,0.098699939,0.999574161,0.257979122,0.397812664,-0.59965053,0.098020037
H2bc6,-0.29310653,0.999574161,0.111032689,0.843107689,-0.303523956,0.638897427
Ptgs1,0.348854451,0.999574161,-1.17859743,0.001620512,0.166566638,0.820725668
Emc6,-0.077575036,0.999574161,1.590419749,2.39132E-10,-0.806818799,0.026670588
Zfp358,-0.104890529,0.999574161,0.297570255,0.475845665,-0.296004984,0.620938649
Gpr15,-0.097709236,0.999574161,0.23403767,0.904417622,-0.260490087,0.912909008
Smgc,0.410772236,0.999574161,2.288065225,0.104180747,0.935372215,0.691443856
Kcnv2,-0.095565037,0.999574161,4.857147485,0.039803001,-0.11844242,NA
Mettl21c,-0.403156984,0.999574161,-0.049456441,0.952957613,-0.099095107,0.910723468
Lancl3,0.86681543,0.999574161,1.342160113,0.420898112,-0.417451652,0.87633657
Cstad,-0.284609689,0.999574161,-0.875439944,0.406776206,1.009064665,0.489244728
Abhd17b,-0.145503248,0.999574161,-0.415810109,0.227975366,-0.688660697,0.115834028
Gm7367,0.222833758,0.999574161,0.310128141,0.820644461,-0.390354243,0.825708102
Flrt2,-0.868360976,0.999574161,-0.787241107,0.655965995,0.505791363,0.84632106
Gpr68,0.093397608,0.999574161,-0.484069398,0.151004788,2.748007212,6.78591E-15
Gphn,0.16072887,0.999574161,2.078467126,1.23319E-28,-0.340357194,0.275906454
Gpr141b,0.007627599,0.999574161,-0.424510258,0.573340283,0.567799954,0.572846117
Olfr1396,-1.398465917,0.999574161,2.367221717,0.102982739,1.084803101,0.662482835
Dmbt1,-0.549000056,0.999574161,0.58407073,0.844068702,3.834613624,0.170424635
Mafa,-1.371000745,0.999574161,-1.868230913,0.165749027,4.243229946,0.006964285
Paxx,-0.223452893,0.999574161,0.076935568,0.867787206,-0.341383574,0.48676106
Cd3eap,-0.094111467,0.999574161,2.295673175,3.84116E-34,-1.002037052,0.000115072
Rpsa-ps10,-0.527066184,NA,0.185754691,NA,2.533612788,NA
Ust,0.190896985,0.999574161,-0.760855862,0.100601718,1.816436581,0.000811165
Samd9l,-0.181933235,0.999574161,-0.458665472,0.080831546,-0.525273619,0.140780672
Utf1,0.090899402,0.999574161,2.928584866,0.000279374,1.173442957,0.365867787
Fancb,0.054985071,0.999574161,0.716346444,0.02718173,-0.914861629,0.035234919
Atg16l2,-0.203966625,0.999574161,-0.438667538,0.028762583,0.247011701,0.436399148
Phf13,0.004364891,0.999574161,-0.295417776,0.589736252,-0.259648904,0.744352511
Sned1,0.065946017,0.999574161,-0.475572849,0.344070702,-0.501377358,0.480634767
Trim16,-0.71227206,0.999574161,-2.373772469,0.002635101,1.008854412,0.44181313
Pygo2,-0.110623144,0.999574161,0.113853857,0.808908028,-0.316853754,0.558309108
Cdca4,-0.127637267,0.999574161,0.794290218,0.01098246,-0.656746391,0.141620687
Diras2,-0.211253329,0.999574161,-0.99815191,0.007449814,0.754389218,0.164193466
Bri3,0.051675062,0.999574161,-0.280336558,0.539760016,-0.092592727,0.899236651
Bex4,2.066185436,0.999574161,-0.710111001,0.832378619,-0.573027936,NA
Foxi1,0.485089628,0.999574161,6.084559161,0.002219938,-0.204625871,0.960023452
Gimap6,-0.262151575,0.892199085,-0.151497224,0.509902278,-0.314790959,0.25525375
A4galt,0.452929331,0.999574161,0.462853449,0.348867991,-0.726017298,0.2545195
Rell1,0.143466727,0.999574161,-1.118007763,0.000248505,2.006764153,7.78944E-08
Tshz2,-0.117959249,0.999574161,0.218793287,0.894961329,0.9731448,0.577638041
Npm2,-0.293740587,0.999574161,2.532621683,0.066756329,0.233865975,0.932177529
Marcksl1,-0.117506584,0.999574161,2.577584952,1.11857E-19,0.361429838,0.479566751
Rpl9-ps7,-0.367865223,0.999574161,0.086722639,0.904417622,-0.301931596,0.707866703
Dipk1c,1.005854084,0.999574161,0.641627247,0.770254466,0.009735237,0.997223568
Timm8a1,-0.463396922,0.980490136,2.49968141,3.85616E-14,-1.091854104,0.023640713
Neurod4,0.375618271,0.999574161,0.157756888,0.859467085,-1.75805094,0.030026997
Tmem229a,0.07707041,0.999574161,-0.38130181,0.585933394,0.248515118,0.811122358
Rgmb,1.003449949,0.113396393,0.085382234,0.897357082,-0.542395995,0.395139753
Tenm4,0.339297803,0.999574161,-1.777463095,9.67305E-06,0.638186631,0.329343692
Gm4737,0.404039738,0.999574161,2.277516105,1.32611E-10,0.504454384,0.406810061
Lmod1,-0.512303612,0.999574161,3.695683957,0.065889048,0.787918588,0.838431135
Entpd1,0.33123928,0.299255015,-0.804478254,8.73559E-08,0.206841007,0.421921835
Col6a3,-0.855331299,0.999574161,0.44953258,0.734397507,0.541463541,0.7613222
Nat8l,0.001571471,0.999574161,0.240264564,0.735894735,-0.642601966,0.443386501
Mcmbp,-0.105925583,0.999574161,0.486593866,0.010203832,-0.609149916,0.015217938
Gm8181,5.130061248,0.717430316,8.404048125,0.003840721,-3.787132543,0.394012426
Gpr85,0.445510984,0.999574161,1.918364732,0.170161451,0.667092864,0.776103315
Amigo2,0.400563719,0.999574161,1.307486146,1.80364E-05,-1.709464116,1.66335E-05
Crebrf,-0.202620801,0.999574161,-1.110885043,2.04116E-10,0.458014692,0.081280394
Bcl11b,0.118304396,0.999574161,-0.259680078,0.750141876,1.132175502,0.179968852
Gm4884,-0.045712799,0.999574161,0.224339332,0.978578441,5.512013055,NA
Ckap2l,0.736080603,0.89576735,0.593959069,0.34435997,-1.20291882,0.115342291
Omd,0.672695811,0.999574161,-0.378005292,0.828298581,-0.577084069,0.791466066
Ranbp3l,-0.135281228,0.999574161,-0.755795314,0.506842205,0.305536044,0.865383281
Smim5,-0.102827424,0.999574161,-0.435033047,0.211875158,-0.297323131,0.587695339
Ccdc57,0.24384778,0.999574161,2.430501384,1.0975E-06,-0.211942686,0.838431135
Inka2,0.039662917,0.999574161,-0.160044353,0.760528799,5.574161703,3.10263E-42
Mypop,0.18684938,0.999574161,-0.341776211,0.330667981,-0.219820232,0.690769579
Zdhhc22,0.341066658,0.999574161,2.245031909,0.191477689,0.049375669,0.988130101
Depp1,-0.189732742,0.999574161,-0.758895108,0.107282265,0.005821897,0.994580002
Mmgt2,-0.040464455,0.999574161,0.029696899,0.94505355,-0.539949207,0.108238847
Cd300e,1.236877766,0.019532271,0.355164171,0.488942962,-0.694946661,0.267501402
Duxbl1,-1.210680544,0.999574161,0.312625512,0.844301858,0.730794524,0.706088486
Phldb1,-0.277038576,0.999574161,0.327499158,0.75277399,0.574523384,0.663078301
Nhlh2,0.05769535,0.999574161,-0.025218156,0.991171525,2.553948813,0.265878564
Myof,0.662105552,0.150455003,0.147327907,0.691424063,-0.995930876,0.005154598
Gm6377,0.614061703,0.643095911,0.169543705,0.730730413,-1.420420725,0.001828978
Ctxn1,-0.315717191,0.999574161,2.566569408,0.000636315,2.317478689,0.025924681
Mex3d,-0.127006668,0.999574161,1.377548865,3.10435E-05,-1.376935439,0.002383534
Speer4b,1.203040786,0.999574161,-2.219216442,0.568982906,5.094950198,NA
Mcat,-0.083945968,0.999574161,1.040946754,0.004015642,-0.6560251,0.231937131
Foxo3,0.0579184,0.999574161,-0.628133139,0.011437888,2.457921948,3.04547E-18
Cyb561d1,-0.069775902,0.999574161,-0.356812795,0.246728901,0.088331005,0.869303557
Slc35e4,0.115547062,0.999574161,-1.569650169,0.025503839,4.19060484,9.20903E-08
Pkd1l3,0.138971174,0.999574161,1.737001271,7.09241E-18,-0.13544458,0.741696767
Gm12185,-0.095134844,0.999574161,-0.284220265,0.264862541,-0.425798861,0.204503289
Slc25a47,-0.472709368,0.999574161,1.634975174,4.48249E-05,-0.2498322,0.756189364
Cdk5r1,0.198424,0.999574161,2.356726331,2.11888E-18,0.024753266,0.969037547
Zfp710,-0.019951425,0.999574161,-0.105607292,0.686291638,-0.257971206,0.398875262
Rimkla,1.672224325,0.999574161,-0.851287679,0.816836109,2.65653382,NA
Efna5,0.075925494,0.999574161,-0.308231642,0.84644242,3.52141892,0.006214121
Ccdc125,-0.237222177,0.999574161,-0.843814298,2.62831E-05,0.203384113,0.577469059
Gm6206,0.694900175,0.918919503,2.300637182,1.97267E-06,-1.162785804,0.108155958
Mrgpre,0.086982402,0.999574161,-0.870919619,0.086146423,0.94346669,0.176428686
Yjefn3,0.852172416,0.999574161,2.843671588,0.000155081,-1.027982148,0.399036646
Rapgef4,0.08311386,0.999574161,-2.805632968,4.75289E-22,0.695663663,0.124129735
Bmyc,0.186941956,0.999574161,-0.124980247,0.755177048,-0.175721917,0.741419883
Sephs2,-0.092132863,0.999574161,1.679299932,1.0768E-10,-1.056001135,0.003840831
Gpr137c,0.314812849,0.999574161,0.195228188,0.72243672,-0.556681984,0.375190708
Ccr2,-0.160347176,0.999574161,0.249611488,0.68490677,-0.051310976,0.957384213
Themis,0.107293461,0.999574161,0.216005025,0.813274704,0.87308216,0.366079215
Agtr1a,0.198095992,0.999574161,0.385692209,0.894611847,0.105651606,NA
Frmd3,-0.094677387,0.999574161,-0.666916144,0.613471163,1.678564606,0.266125452
Gm8186,-0.00861544,0.999574161,1.363773063,0.001222939,-0.675366979,0.309988946
C5ar1,0.617264056,0.999574161,0.105789401,0.953093085,0.81605896,0.623913752
Flg2,0.6755952,0.999574161,1.621943233,0.700194688,4.828224277,0.281848234
Nrap,-0.409799973,0.999574161,-0.239561982,0.919189736,2.727709282,0.174540801
Zfp518a,-0.144168607,0.999574161,0.615975858,0.021519862,-0.586591858,0.117633885
Frmpd4,1.020629683,0.999574161,0.277199809,0.953132655,2.707414995,NA
4930515G13Rik,-0.319328807,0.999574161,-2.82602951,0.201356452,3.333751917,NA
Skint7,0.071353145,0.999574161,-0.641179849,0.521605427,0.882270572,0.506237237
Apoo-ps,-0.398822214,0.999574161,0.868275847,0.58662346,1.539083282,0.441540151
Gm7324,3.033417803,0.999574161,5.270393733,0.180681466,-1.959929882,NA
Zfp219,-0.145045234,0.999574161,-0.964735704,0.002205463,2.399487247,1.18092E-10
Trappc1,-0.01741461,0.999574161,0.367380134,0.285162215,-0.600221661,0.171340259
Syt12,-0.385443107,0.999574161,-0.287868898,0.598296765,3.818565954,4.06147E-16
Sorl1,-0.096327615,0.999574161,-0.736814455,0.01877404,0.514990057,0.272263446
Fbxw13,0.014885924,0.999574161,-1.492547937,0.026863579,-0.72163889,0.538128247
Zfp2,0.002302925,0.999574161,0.800335477,0.08460714,-0.631821619,0.361644097
Kmt5a,0.098921007,0.999574161,1.809239838,3.21772E-17,-0.761107387,0.014126338
Tenm2,0.495813192,0.999574161,0.277699201,0.920677865,2.381147931,0.341100595
Retreg2,-0.057703194,0.999574161,0.228792552,0.531412871,-0.691815238,0.089736296
Zg16,-0.276516223,0.999574161,-1.661731051,0.180569569,2.083747495,0.204561519
Gemin4,0.681757886,0.402368121,2.681029683,8.59246E-18,-1.275428724,0.003939987
Prokr1,0.315184495,0.999574161,1.962349431,0.012575964,-1.685215106,0.135354347
Zfp683,-0.088407671,0.999574161,-0.811515284,0.676410586,0.724227158,0.788066826
Chchd10,-0.187633915,0.999574161,-0.262664376,0.468797806,-0.840714599,0.03787941
Aff4,-0.101546907,0.999574161,-0.625843345,0.006390578,0.286288562,0.443744439
Pls1,1.155464944,0.86374204,0.760021991,0.427936056,-0.43307496,0.769377679
Cdc42ep1,-1.032747414,0.999574161,-0.926458829,0.531412871,1.37137311,0.484495324
H1f1,0.123960476,0.999574161,-0.292449606,0.571372471,-0.536954175,0.399602744
Fzd9,-1.363697065,0.86374204,2.67339253,0.000659089,-0.001935483,0.999092715
Polr1a,-0.051115409,0.999574161,2.078794298,1.16736E-34,-0.572561978,0.021291222
Tmie,0.113921742,0.999574161,0.161519748,0.925695972,1.579595243,0.304053813
Cfap46,0.067382378,0.999574161,0.243178623,0.852034333,2.18477158,0.060157374
Tsku,0.208931671,0.999574161,-1.571554365,0.001938223,1.815877652,0.005929916
Grm5,-0.179266534,0.999574161,-0.744190402,0.125069879,0.469409639,0.539673185
Ccdc69,0.097085297,0.999574161,-1.021055892,1.67789E-06,0.070713565,0.87465162
Gpr55,1.009285361,0.033960335,0.117497622,0.827290937,1.557328383,0.000491552
C1ql3,-1.359916891,0.999574161,-1.119757281,0.574848607,3.134900085,0.162452596
Gpr3,-0.072275628,0.999574161,1.979621463,0.344181543,1.000879786,0.763961778
Pheta2,1.326453591,0.62295095,0.854634339,0.33275509,-1.179222645,0.305746092
Rxfp4,-0.135244683,0.999574161,0.417653037,0.694810395,-0.894392791,0.501369374
Arhgap15,-0.266003908,0.999574161,-1.686629642,3.28521E-14,0.439922187,0.220849326
Rpl36al,0.079713979,0.999574161,1.509877911,3.10533E-08,-0.81897818,0.038714806
Micos13,-0.130620397,0.999574161,1.179712753,0.00089616,-0.548364463,0.334120474
Tmsb4x,-0.0426231,0.999574161,-0.107559104,0.789725709,-0.374545668,0.396084031
Sertad2,0.090047114,0.999574161,0.02648234,0.952146822,-0.472327792,0.165697403
Rbx1-ps,-0.581661799,0.999574161,0.974451622,0.117219901,0.418580219,0.693037448
Nlrc3,0.006855258,0.999574161,-1.198712473,2.5205E-05,0.239203406,0.651512064
Vcpkmt,-0.210572236,0.999574161,1.574365841,1.5132E-13,-0.401068451,0.253788034
Rasd1,-0.612842167,0.999574161,0.444903295,0.568298919,3.38467177,4.0561E-06
2610318N02Rik,-0.130992166,0.999574161,2.736754071,2.48873E-18,-0.637035266,0.213249752
Slc35c1,0.035149858,0.999574161,-0.716055865,0.005686325,0.330194499,0.433398297
H2ax,0.335928365,0.999574161,0.683744993,0.053565252,-0.873301609,0.0636415
Rpp38,-0.079995545,0.999574161,2.408798692,7.12514E-19,-0.98370422,0.012682855
Mrps16,-0.195526917,0.999574161,0.665682608,0.074239337,-0.305691396,0.623913752
Lrrc25,0.352537805,0.999574161,-0.692450868,0.044247898,0.302839307,0.601104938
Ppp1r3d,1.725490594,0.741967236,0.319074336,0.850119249,0.384122571,0.855071857
Apol10b,0.577020093,0.999574161,0.044270085,0.970992966,1.454755141,0.095567125
Fhl4,0.120507045,0.999574161,0.885576752,0.171789431,0.964699482,0.280436827
Tmx2,0.066177607,0.999574161,1.149087063,8.24614E-05,-0.930095027,0.022523936
Gpr171,0.572670918,0.999574161,0.879373874,0.105628281,0.460458779,0.603933068
Vwa3b,0.672617239,0.999574161,-1.150822493,0.538385555,1.657383574,0.48676106
Sarm1,0.130417904,0.999574161,0.639528259,0.214283281,1.611423683,0.006657384
Eif5a2,0.080213897,0.999574161,0.534195008,0.162288887,-0.892341774,0.067133773
Scd4,-0.157440571,0.999574161,0.521171439,0.322367222,2.085085762,0.000248491
Lgr4,0.263970112,0.999574161,2.024364927,2.00608E-05,-0.74176734,0.340859458
Eva1b,0.011227724,0.999574161,-1.044099827,0.003961232,0.117489077,0.871844656
Cxcr3,0.304468711,0.999574161,-0.396782201,0.555783916,-0.281623318,0.776012216
Gm5446,-3.894275302,0.999574161,-3.624148623,0.608108162,12.39903649,0.102498327
Heatr1,-0.047883864,0.999574161,2.560880717,4.1404E-30,-0.933935824,0.003576305
Evc2,0.306610395,0.999574161,1.017783777,0.45335718,1.090371614,0.562658009
Ndufaf6,-0.310608316,0.999574161,1.634982071,5.2758E-09,-0.693086434,0.107679798
Lgals3,0.476338925,0.999574161,-0.585628907,0.281512417,0.840761295,0.238422513
Gpr18,-0.040350698,0.999574161,0.261234022,0.17666566,-0.660815743,0.003965729
Hoxd10,-0.095928855,0.999574161,-0.81273192,0.660326322,3.514063371,0.052200973
Il31ra,0.243874776,0.999574161,-0.644007266,0.685435756,1.495966465,0.42050531
Septin6,-0.052127448,0.999574161,0.00219449,0.992711513,-0.234703918,0.349585186
Tcf19,0.376963232,0.999574161,0.668164942,0.194068596,-1.355111583,0.032229397
Cyp8b1,0.576479158,0.999574161,-0.750223931,0.470059825,-0.342941933,0.837630454
Fam167b,-0.168370612,0.999574161,0.015538656,0.992957007,-0.513509603,0.824885356
Mgat4f,-0.502018095,0.999574161,-0.693910265,0.737422993,2.15261183,0.346991634
Gm9845,-0.44621691,0.999574161,0.700167974,0.381522017,0.670268095,0.561851181
Hyls1,-0.039788359,0.999574161,0.656190633,0.005408022,-0.894137759,0.003917357
Mmp13,-0.575081443,0.999574161,-0.312782991,0.838620138,0.767490391,0.672745926
Zfp831,-0.172530767,0.999574161,-1.914523646,1.04993E-22,0.864448635,0.001650838
Zfp61,-0.244029824,0.999574161,-0.541175905,0.051302933,0.317994359,0.472766322
Rps27rt,0.093498495,0.999574161,-2.575243082,0.575392352,4.30045178,0.459698724
Gpd1l,-0.392346692,0.843902525,-0.736609539,0.004891431,-0.371417027,0.372069847
Trhde,2.360149469,0.999574161,0.15764438,0.978218248,1.843605473,NA
Vstm4,0.652348785,0.892199085,-1.061467302,0.028691928,-0.117992252,0.900517657
Ism2,-0.356194213,0.999574161,2.220074241,0.117885708,-1.378934305,NA
Emilin3,0.033764202,0.999574161,2.906303649,0.415391252,1.408871607,NA
Plekho2,-0.016586809,0.999574161,-0.24830069,0.264862541,1.979671531,9.48595E-19
Arhgap42,-0.045754737,0.999574161,-0.626544886,0.252905113,0.360588436,0.682499842
Vamp8,-0.147329538,0.999574161,-0.524157279,0.003329505,-0.07047737,0.844160677
Pgbd5,-0.424747497,0.999574161,-0.966630715,0.492373746,1.605498166,0.366915491
Gp1bb,-0.306783885,0.999574161,-0.888674578,0.717723528,1.746241418,NA
Tmem37,0.069920815,0.999574161,-0.84269014,0.264105262,1.151552009,0.245915165
B3galt6,-0.348246643,0.999574161,1.553644225,1.64692E-06,-0.418342954,0.458244557
Fam131a,-0.313915855,0.999574161,-0.716641267,0.268587301,5.531400616,1.80808E-18
Slc29a4,0.245010521,0.999574161,-1.938298874,0.001088805,0.650157339,0.519977956
Cdh20,0.589466475,0.999574161,0.016438777,0.989471379,0.363475158,0.824885356
Atp5k,-0.086580386,0.999574161,1.490375681,8.45556E-08,-0.589359099,0.172785765
Phospho1,-0.716766652,0.999574161,-2.204182688,0.250526923,2.189209682,0.42050531
Tmem123,-0.113230038,0.999574161,1.574996166,5.94478E-12,-1.295802909,2.10338E-05
Ankrd37,-0.144364788,0.999574161,-0.159727555,0.789725709,-0.219084582,0.777560804
Dcaf12l2,-0.17317856,0.999574161,-1.156817095,0.351931667,2.479124878,0.089798662
Map10,-0.415495468,0.999574161,0.260462621,0.670645902,0.085596844,0.925790008
Efcab5,0.059626339,0.999574161,-1.044314526,0.113085796,0.933604076,0.323489189
Gja1,0.068372122,0.999574161,0.124415341,0.907655199,1.687678646,0.059207083
Insl6,0.38041031,0.999574161,-0.787857428,0.135344059,-0.72831685,0.349793986
Prkca,0.058323777,0.999574161,-0.82613022,4.48249E-05,0.063579683,0.87780828
Apol10a,2.97301428,0.843902525,0.027709585,0.992957007,-0.565840423,0.886503915
Adgb,0.829849354,0.999574161,-0.223237289,0.874389579,0.074324613,0.969037547
Fam160a1,0.614442145,0.989002519,1.985737387,1.20696E-05,-0.425087907,0.607978961
Hs3st1,0.573302273,0.999574161,-0.232381113,0.746790283,0.170294957,0.865014525
Rgs13,0.207122022,0.999574161,0.528753452,0.417242166,-1.483377717,0.047294892
Mblac2,0.022173432,0.999574161,-0.22935861,0.415512858,-0.221091161,0.589518686
Gimap9,-0.166266094,0.999574161,0.22399651,0.449845098,-0.805731894,0.012562813
Gm6293,-0.233172236,0.999574161,-1.745653869,0.003671246,1.600824958,0.051539597
Camk2n2,-0.478474271,0.999574161,2.487093576,1.977E-06,-0.63787585,0.499954094
Adnp,0.369810352,0.999574161,-0.860218272,0.121065388,1.025967797,0.170478812
Commd3,-0.066318844,0.999574161,0.490740993,0.119254348,2.074326822,2.10883E-09
Zfp524,-0.040884717,0.999574161,0.124984598,0.798702136,-0.204830452,0.744690325
Fam174a,-0.157282596,0.999574161,-0.123695177,0.688477909,-0.235614136,0.542540047
Gpr183,-0.123608092,0.999574161,1.000415535,1.00319E-06,-0.944883753,0.000608185
Ercc6l,0.162449723,0.999574161,1.315266866,2.67571E-05,-1.391248246,0.000958375
Bzw1,-0.119302591,0.999574161,1.480429077,7.28798E-08,-0.776594305,0.054041426
Tmem199,-0.090312984,0.999574161,1.591830695,1.25651E-09,-0.536145549,0.197594349
Islr2,-0.389691361,0.999574161,-1.09509782,0.261500998,1.414941309,0.278669731
Gm6563,5.261270367,0.999574161,6.233000065,0.371077161,-6.737255183,NA
Jagn1,-0.035510717,0.999574161,1.320947085,2.63863E-07,-0.864661721,0.01764617
Trap1a,0.520266926,0.999574161,-0.358180599,0.870474653,0.775900904,0.763330847
Nat8f3,-0.062053362,0.999574161,-0.113248356,0.94505355,0.025223188,0.989275208
Gdf6,-1.3500674,0.999574161,-0.347134181,0.879996551,0.975222919,0.717702365
Ffar2,1.003979435,0.299255015,-0.756059754,0.150264738,-0.676308465,0.374625701
Taf7,-0.136225435,0.999574161,1.705617549,2.60428E-16,-0.755557075,0.011927397
Mtln,-0.266290931,0.999574161,1.191909281,0.004582548,-0.453575875,0.529221792
Gfod1,-0.676197981,0.932119716,-0.898697102,0.099995167,1.556757916,0.023066968
Rab11fip5,-0.118674155,0.999574161,-1.371898884,0.011270072,1.656612095,0.020252029
Spryd4,-0.239615103,0.999574161,1.725986236,2.08773E-08,-0.329869479,0.55836175
Samd3,0.088768361,0.999574161,-0.094799805,0.929167484,0.283493394,0.810219935
Six1,0.33354332,0.999574161,-0.342767844,0.927815891,2.696950859,NA
Kif18b,0.77380705,0.741967236,-0.021047569,0.979482002,2.519848245,1.98935E-05
Tacstd2,-0.149630276,0.999574161,0.48948416,0.26108587,-0.983479288,0.06848233
NA,0.135067659,0.999574161,0.607299103,0.184917058,-0.75239063,0.225680513
Fhad1,0.190491745,0.999574161,0.428492794,0.791271776,1.731075758,0.304581246
Bbs12,-0.030872054,0.999574161,1.297830206,0.000184466,-1.103414969,0.023594589
Spn,0.033081979,0.999574161,-0.683070252,0.001620616,0.460119375,0.149032331
Foxd4,3.700512141,0.911858097,3.31198277,0.272255161,-0.983918254,NA
Kcnj16,0.053044882,0.999574161,-0.802871804,0.087702563,0.552317546,0.442116288
Ufsp1,0.236025861,0.999574161,1.137219727,0.022901299,0.724092624,0.342093559
Siglech,-1.12105801,0.217982184,0.157911213,0.831772175,-0.299067014,0.746557632
Rps19bp1,-0.045456016,0.999574161,2.156055661,8.75903E-19,-0.44976472,0.265643518
Gm5124,0.730707333,0.999574161,2.630780134,0.013181978,-0.21253908,0.91826984
Pusl1,-0.264683011,0.999574161,2.246160836,2.54986E-16,-1.235296475,0.001363079
Map3k19,0.267840594,0.999574161,-1.862184044,2.34302E-15,0.2752888,0.52167233
Rap2a,-0.001157471,0.999574161,-0.026260502,0.968333046,2.554668945,8.08078E-11
Krt9,-0.04571234,0.999574161,0.224340324,0.978578441,5.337095282,NA
B3gnt2,0.01453048,0.999574161,-0.190970421,0.314941756,-0.362224718,0.122629736
AU021092,-0.273678885,0.999574161,0.556657715,0.363798594,-0.542908107,0.545713622
Dcun1d4,0.284362814,0.94786974,0.128315494,0.667602122,-0.541402661,0.082530857
Trim32,-0.021119107,0.999574161,0.677352315,0.111312958,1.590516246,0.001805368
Treml4,0.419338407,0.999574161,0.048104438,0.940559204,-0.08284114,0.906924112
Kctd14,0.024739131,0.999574161,-1.352889464,0.000694463,0.12763588,0.875142433
Ttn,0.111739463,0.999574161,1.165117555,0.041548815,0.422858915,0.668321655
Wfdc21,-0.899733077,0.925766343,-2.062454367,0.002984426,1.383983396,0.180830346
Nlgn2,-0.685844818,0.89576735,1.444087637,0.001862366,0.918585348,0.191477471
Adam6b,-0.221527453,0.999574161,-0.854163652,0.010435777,0.366247998,0.514997541
Cox6b2,0.071295351,0.999574161,-0.060774799,0.963495365,5.816902271,2.48262E-14
Sox12,-0.18976861,0.999574161,2.110356337,3.86879E-10,-0.574022116,0.309793822
Gypa,-0.787964776,0.999574161,-1.088418027,0.596784746,-1.373495195,0.620945102
Rtl8c,0.659101518,0.999574161,-0.755412964,0.451085608,-0.339490294,0.832534513
Sox6,1.335582651,0.999574161,-0.447782023,0.787263079,-1.0260953,0.606867385
Spats2,0.151222079,0.999574161,-0.220601648,0.877020068,-0.356270221,0.841208116
B3glct,0.139277537,0.999574161,0.139006187,0.667920387,-0.583987639,0.087294441
Tlr11,0.083253937,0.999574161,-0.552205086,0.298454697,-0.543694124,0.484495324
Erich1,-0.132548833,0.999574161,0.573208459,0.001089913,1.64923785,1.16971E-15
Igfn1,-0.373647154,0.999574161,0.18005445,0.951014922,2.770348859,0.230869931
Lax1,0.215728775,0.999574161,-0.436952838,0.165814872,-0.863912633,0.025677076
Tagap1,-0.245794393,0.999574161,1.692303761,1.41413E-09,-0.587077485,0.181374694
Klf13,-0.092243931,0.999574161,-1.198522194,3.5511E-07,0.4851228,0.18568313
Zfp217,-0.086489118,0.999574161,-0.434261545,0.009107245,-0.309983389,0.208726879
Rgs14,-0.143539132,0.999574161,-0.529252701,0.026569672,-0.619290156,0.054912983
Gnpda1,0.151340336,0.999574161,-0.586777181,0.003124387,0.073423308,0.853469602
Akr1b7,0.482243368,0.999574161,-1.88887681,0.001262919,1.109588084,0.204561519
Rasal3,-0.004980245,0.999574161,-0.754135878,2.07139E-05,-0.058958891,0.872161758
Plpp2,-0.355689427,0.999574161,-0.749009977,0.1044867,0.229631957,0.779217756
Pld4,-0.094552541,0.999574161,-1.046899383,4.07192E-06,0.367025154,0.323602696
Serpinb6c,-0.784937375,0.999574161,1.982277506,0.30297484,1.931620473,NA
Cd177,1.927341474,0.392679938,0.795622499,0.512635168,-1.13129415,0.474336128
Ppp1r36,-0.525104669,0.999574161,-0.214622698,0.904527662,5.470959129,2.20871E-05
Dnah3,-1.393679206,0.999574161,1.876208572,0.357683817,2.557600961,0.368727429
Taf9,-0.243662071,0.999574161,1.030130123,0.000988701,-0.571229847,0.23950177
Cdc42se2,-0.100319416,0.999574161,-0.548368047,0.009437564,0.033520285,0.93884894
Hbb-bs,-2.320859929,0.999574161,-1.76525424,0.504589574,-1.932798117,0.602076308
Ankrd44,-0.199817378,0.999574161,-2.258041765,1.10046E-33,0.66498501,0.01457931
1700024B05Rik,2.552436935,0.999574161,1.614706844,0.740733967,2.07216062,NA
Cx3cr1,-0.193748192,0.999574161,-0.726747188,0.24914728,0.864956042,0.315792258
Cemip,-0.3369934,0.999574161,0.875433285,0.265232511,0.457562162,0.722126484
Tmem106c,0.091926629,0.999574161,-0.186779074,0.691424063,-0.029058204,0.969197772
4921508M14Rik,-0.649736637,0.999574161,-1.156971215,0.282944706,1.10863042,0.478232387
Acot4,0.49114838,0.999574161,-1.841126411,0.138122689,1.530404647,0.376833213
Tchh,1.76859542,0.999574161,-2.259254255,0.462661969,5.029004368,0.119019957
Get3,-0.08195575,0.999574161,1.504383649,4.13644E-08,-0.759109014,0.060897364
Tcp10c,-0.045778379,0.999574161,4.395141398,0.204058571,1.995687448,NA
Robo2,-1.221002174,0.999574161,0.368872581,0.842705274,1.194961312,0.57311453
Spdya,-0.181663195,0.999574161,0.619444053,0.249047923,-1.017734936,0.143954548
Pbx1,0.295990396,0.999574161,-0.516299232,0.291095553,0.389652158,0.60022592
St6galnac3,0.158178676,0.999574161,-2.055979718,7.78909E-08,0.912364568,0.113569563
D930048N14Rik,-0.174593076,0.999574161,-1.247809712,0.006494818,-0.594895457,0.433103586
H1f3,-0.523653227,0.872308815,-0.481737559,0.236824992,0.659300476,0.222724355
Serp2,-0.490505055,0.999574161,-2.750805985,0.000570672,1.821051205,0.108700008
Rnf103,-0.068456453,0.999574161,-0.91921042,3.46887E-06,0.451855074,0.131493044
5830454E08Rik,-0.272419115,0.999574161,0.01473969,0.989056378,0.480106003,0.725218625
Rap1b,-0.035809523,0.999574161,-0.103146587,0.675395647,-0.434766887,0.086445473
Jun,0.013832639,0.999574161,0.557601301,0.212811934,2.458868073,3.63853E-07
Rab7b,0.19669074,0.999574161,-0.492898524,0.406165342,0.605015627,0.451997624
BC004004,-0.046233772,0.999574161,0.065797437,0.795104964,-0.271716149,0.312086972
Klrc2,-0.126659225,0.999574161,0.363027179,0.647053017,0.574664357,0.573790633
Trim30b,-0.114934415,0.999574161,-1.443519157,2.96581E-10,0.582968478,0.092272086
Repin1,-0.107793704,0.999574161,1.481991306,1.44659E-06,0.051295093,0.939519098
Gpr25,-1.064139645,0.999574161,-1.184224443,0.460398271,4.053817503,0.017368753
Oas1a,-0.106808209,0.999574161,-0.949956852,0.009556364,0.213836234,0.755336027
1700030K09Rik,0.023893416,0.999574161,1.028106339,0.004158702,-1.166038918,0.015512433
Gm9892,0.086919657,0.999574161,1.388061601,0.151004788,0.38630734,0.8216227
Junb,-0.179259495,0.999574161,1.501320653,1.45906E-09,0.908548021,0.009770822
Dnah6,0.70681598,0.999574161,-1.028621206,0.601550903,1.717469156,0.474336128
Prkg1,-0.49881678,0.999574161,2.969506287,0.00028621,0.11317191,0.950543854
Glis3,0.394270884,0.999574161,-0.787117137,0.069104418,0.781696739,0.195866933
Cd8b1,-0.145987748,0.999574161,0.103642938,0.884801913,-0.171944392,0.845375563
Clec12a,0.069115878,0.999574161,-0.716785586,0.01081115,0.257207748,0.598575874
2700081O15Rik,-0.600750197,0.606547702,0.926211123,0.005588236,-0.393758841,0.48027214
Gm5129,-0.342301556,0.999574161,0.034228003,0.981317205,0.732687066,0.686208615
Mapk11,-0.120949155,0.999574161,-0.394338799,0.210411957,-1.052792499,0.004494211
Ptprt,-0.118027668,0.999574161,-0.06158073,0.970472157,1.20618036,0.375894282
Fes,-0.027473252,0.999574161,-1.195854865,1.36779E-05,0.463557235,0.295467162
Rpl18-ps2,0.645329694,0.999574161,-1.044305086,0.575552467,0.240906412,0.935376651
Prx,-0.721780435,0.999574161,-1.080998786,0.242574303,1.455668434,0.238869674
Aldh1a1,-0.556603436,0.999574161,-1.425242187,0.342701771,-1.180568594,0.603705374
Ddx10,-0.082075554,0.999574161,1.741982264,2.27125E-42,-0.489860986,0.008129649
AI854703,0.32149034,0.999574161,0.762485193,0.482846003,-0.88064448,0.561230114
Nrgn,-0.065871127,0.999574161,-0.27815507,0.731257909,-0.063597213,0.958819084
Slamf8,-0.144973402,0.999574161,0.405688433,0.465295896,-0.48987055,0.523461522
Phgdh,0.008602125,0.999574161,2.307801573,2.25954E-13,-1.374849268,0.001739888
Hhipl2,-0.404186881,0.999574161,2.208484987,0.026035707,0.448553294,0.813704358
Gm13534,-0.045780163,0.999574161,5.39325773,0.059125058,1.799650761,0.721318855
Tcf4,-0.014269457,0.999574161,-0.278443422,0.044356149,-0.384455153,0.03405364
Gvin-ps6,-0.067021705,0.999574161,-0.301489415,0.148961114,-0.168078849,0.61853782
3110082I17Rik,-0.062543084,0.999574161,2.581809655,1.90982E-34,-0.458788117,0.176915289
Smagp,0.388735836,0.999574161,-0.806983662,0.058974986,-0.15747919,0.845375563
Tanc2,0.114890439,0.999574161,2.031705913,1.06893E-17,-0.797795016,0.021291222
Zfp472,-0.299125099,0.999574161,0.975363304,0.000414907,-0.726636658,0.066814968
4930442H23Rik,-0.032245506,0.999574161,0.991025876,0.108091102,-1.017351102,0.248182881
Rpia,-0.228616176,0.999574161,1.171212251,9.62096E-09,-0.734766387,0.011163264
Sh3pxd2a,-0.103205639,0.999574161,-0.90998888,0.000207783,0.326902788,0.425621391
Plxnb1,-0.419800182,0.999574161,-0.370776059,0.711880489,0.817184293,0.501991777
Mast1,0.167108579,0.999574161,-0.737122621,0.032180223,0.430216788,0.42564497
Nebl,0.563017766,0.907216201,0.127099942,0.840674876,-0.961788619,0.099065642
B430305J03Rik,-0.045556282,0.999574161,0.224552238,0.979838575,11.21420729,0.209343659
Tmem39b,0.071726632,0.999574161,0.578317727,0.045313465,-0.830543626,0.028678627
Ptrh1,0.040496862,0.999574161,2.266195075,2.62739E-08,0.145870142,0.864933496
Exoc6,-0.13733938,0.999574161,-0.378747079,0.026873501,0.072472852,0.823140842
Grwd1,-0.160961804,0.999574161,2.853885531,6.0855E-21,-0.906450567,0.046514789
Camk2d,-0.031400314,0.999574161,-0.846570012,7.85985E-09,0.474790655,0.024032764
Gm9923,-0.266346973,0.999574161,0.74829293,0.285180616,-0.601712358,0.569037684
H2-T24,-0.133183599,0.999574161,-1.180062065,2.24955E-08,0.111324344,0.793929502
Lipg,-0.007533454,0.999574161,4.054818212,2.24243E-09,-1.031476297,0.372069847
Fpgt,0.096993423,0.999574161,0.564603837,0.060011164,-0.81879287,0.036275324
Ech1,-0.086498924,0.999574161,-0.473136606,0.101259577,0.117377222,0.822413863
Mat2a,0.03144036,0.999574161,1.884953865,6.08058E-12,-1.019725421,0.008878672
Nanp,0.669592039,0.999574161,0.877343402,0.306012512,0.436411493,0.753054182
Cnn3,-0.187676663,0.999574161,-0.834460932,0.000325495,-0.506016153,0.143272753
Lgals4,-0.079477034,0.999574161,-0.983194619,0.000676653,0.818211563,0.043415722
Gm9930,0.381715898,0.999574161,0.159793617,0.953884353,0.178617966,0.953358823
Tdrd9,0.326069647,0.999574161,1.272847712,0.655965995,2.319695681,NA
Ndst1,0.134186842,0.999574161,-0.554144218,0.000191281,-0.189837281,0.449563616
Pkp3,0.022422422,0.999574161,-0.673607467,0.00407913,-0.080452513,0.86346666
Iigp1,0.962474343,0.680827656,0.114456556,0.902593641,-1.270964478,0.115197169
Utp18,-0.034299945,0.999574161,2.023297292,2.33893E-23,-0.910196638,0.001448669
Syne3,-0.021922554,0.999574161,-2.072956358,7.06861E-13,2.693275499,6.95472E-14
Fam83e,0.243059229,0.999574161,2.467134472,3.07931E-06,-1.135288009,0.163561622
Klf1,2.207167122,0.147719762,-0.626182801,0.612926905,-1.249282993,0.398875262
Ifi205,-0.08397397,0.999574161,-0.078810811,0.894216504,-0.734667461,0.164686936
Fgfr3,-0.772438697,0.999574161,-0.025567811,0.979838575,0.645742994,0.578402975
Lifr,-0.755073005,0.59169558,-1.054159342,0.013386887,0.130715765,0.87567777
P2ry10b,-0.306100962,0.980490136,-1.031360564,7.42435E-06,-0.29352851,0.464225066
Mrps21,0.001122755,0.999574161,1.473678001,2.26663E-08,-0.83223509,0.028710669
Taf4b,-0.108467856,0.999574161,2.093490877,9.46163E-27,-0.187920072,0.618283149
Kcnn4,0.443117728,0.999574161,-0.381792256,0.370571785,0.039288952,0.958819084
Pnma1,-0.322166789,0.999574161,-0.652948505,0.388633865,0.309608471,0.798707156
Ceacam2,0.769144145,0.637022491,-0.687428128,0.162470196,-1.785519786,0.002708378
Cklf,-0.112029201,0.999574161,-0.693187415,0.009310401,0.079495665,0.878354468
Slfn5,0.214884691,0.999574161,-0.882342229,0.017002148,0.222538601,0.744798674
Tmem120b,0.171777841,0.999574161,1.428468759,1.37656E-06,-1.205222836,0.003239117
Gimap4,0.226450966,0.999574161,-0.461211946,0.121065388,-0.603527337,0.125624179
Cpa1,0.518265814,0.999574161,1.958221261,0.477459172,2.047280546,0.588221789
Tle5,0.035063975,0.999574161,-0.147193866,0.652251387,-0.392155421,0.29406275
Dedd2,-0.093876787,0.999574161,0.150844907,0.792423201,-0.405289934,0.545614624
Parp4,0.072868686,0.999574161,-0.865888544,9.78975E-07,0.593881267,0.017153493
Trim65,-0.009572262,0.999574161,0.917399457,0.00935397,-1.001087144,0.03648317
Sh3bp2,-0.083989005,0.999574161,-1.06515496,3.89494E-10,-0.030469094,0.935920176
Ugt1a6a,0.592720996,0.999574161,0.351345979,0.781839757,0.610438146,0.70143447
Usp17la,0.04878276,0.999574161,0.035035525,0.976874676,1.864554465,0.026633754
Gm9949,-0.056707262,0.999574161,-1.385872596,0.005372841,6.09166669,3.99716E-30
Cggbp1,-0.102431725,0.999574161,0.491315839,0.076719044,-0.62952258,0.087905474
Mgmt,0.037406279,0.999574161,-0.53631422,0.382567873,4.185670246,9.10209E-13
Mettl7a1,0.208396738,0.999574161,-1.805936987,9.76819E-08,0.419226984,0.480634767
Xlr,0.194854943,0.999574161,-0.11023145,0.874144842,-0.301273032,0.710785194
Slc8a1,0.181252581,0.999574161,-0.361999691,0.436578074,0.126022243,0.867290605
Mmrn1,-8.061990381,0.000301453,-0.954317978,0.675799837,1.813887856,0.629744206
Ano9,0.065891372,0.999574161,0.607851619,0.731553525,2.724984323,0.118932948
Scart2,0.962814451,0.999574161,0.886315423,0.410270272,-0.114797508,0.951474292
Hmgb2,0.362974342,0.892199085,0.104028544,0.777797062,-0.468837416,0.218061069
Lrrc8c,0.088481554,0.999574161,-1.980900829,3.61072E-11,0.893494046,0.04201651
Vmac,-0.105415493,0.999574161,-0.826555841,0.017426675,2.148380333,1.61067E-07
Phactr1,-0.036283194,0.999574161,-0.152864382,0.898209791,2.040133184,0.038602602
Set,0.053165217,0.999574161,2.375732338,2.51631E-38,-1.198229143,9.54327E-07
Klhl18,0.074058603,0.999574161,-0.1265183,0.607858779,-0.277471753,0.346991634
Smim10l2a,0.12581389,0.999574161,-0.55218178,0.85504427,2.027561356,0.537603195
4930578G10Rik,-0.638990597,0.999574161,-0.454899948,0.800885935,2.951783669,0.080462987
Zfp667,-0.019547391,0.999574161,-0.684161519,0.008060997,0.163267509,0.736974089
Arhgef33,0.341886946,0.999574161,2.211549263,0.001134016,1.63908685,0.081743213
Klhl5,0.065513467,0.999574161,0.045055014,0.903611507,-0.32405407,0.364114142
Afp,0.089823465,0.999574161,-1.305419815,0.000677488,-0.11645141,0.881927628
Agtr1b,-0.135924698,0.999574161,-1.419375155,0.171867061,1.297060959,0.38274669
Naaladl1,0.219241209,0.999574161,1.807635883,0.000471993,1.143240442,0.126874386
Lrtm2,-0.45773521,0.999574161,-1.146938618,0.078078446,0.790824701,0.431379206
Gm9961,0.096249782,0.999574161,-0.0152189,0.987815625,2.460365286,0.004872231
Smyd1,-0.247956437,0.999574161,-0.735825798,0.655965995,0.716849397,0.756576481
Pdlim1,0.088691737,0.999574161,-0.514703109,0.015874233,0.073090812,0.861054914
Nfic,0.042751245,0.999574161,-0.745028407,0.035197704,1.889581461,6.42587E-06
Rab39,-0.053570415,0.999574161,-0.231993436,0.552625986,-0.100491775,0.86740045
Rps27a-ps3,0.008590891,0.999574161,0.318914315,0.886739194,-0.07458524,0.980939903
Phxr2,-0.002623992,0.999574161,-1.041384866,0.013601136,0.397940279,0.58124025
Cgrrf1,-0.118629633,0.999574161,-0.677843885,0.000703506,0.248338144,0.465763555
Klf2,-0.389278576,0.97395737,-2.622346844,9.56874E-21,0.736229511,0.086856676
Ifng,-0.963213821,0.999574161,-1.421521673,0.160973894,1.268381649,0.398875262
C1ra,-0.030709961,0.999574161,-0.486557045,0.146609539,0.031754328,0.960677784
Sertad3,-0.330471057,0.999574161,-0.394162301,0.220159893,-0.929010077,0.018792024
9330161L09Rik,-0.013400119,0.999574161,0.167913802,0.790386125,-0.588455113,0.402386966
Mrfap1,0.069723267,0.999574161,1.598211575,8.37489E-09,-1.065102663,0.006214121
Tns1,0.245847154,0.999574161,-0.73450041,0.249405732,0.852008717,0.33114021
Fat2,-1.000483832,0.999574161,-1.814123962,0.558460197,5.939742298,NA
Pcdh9,-0.82964541,0.999574161,0.561105444,0.64447763,0.479256005,0.781736186
Gm9970,-0.462827205,0.999574161,-1.750247085,0.069663146,2.42258565,0.047602585
Nap1l5,0.34717167,0.999574161,-1.915563349,7.7417E-05,1.506362562,0.022009717
Maf,0.393663239,0.999574161,-0.369213622,0.434349968,0.104099511,0.89314217
Cd47,0.046390822,0.999574161,-0.701373022,0.005408022,0.008015354,0.988145915
Gm7353,4.350001061,0.962700501,5.637618703,0.102621135,-3.403960954,0.513503505
Soga1,0.068685375,0.999574161,-0.530921623,0.33754462,1.070208552,0.110851981
Epm2a,0.439862817,0.999574161,-0.931753121,0.103516099,0.961400761,0.220019713
Zcchc24,-0.111759377,0.999574161,-2.182002507,2.50603E-11,2.068712553,1.12505E-06
Lair1,0.319187866,0.999574161,-0.304930933,0.408597909,-0.27710343,0.60588516
Timd4,-0.091976682,0.999574161,0.259697115,0.615655257,-0.327900948,0.637897097
Tcp10b,-1.581613905,0.999574161,2.93413296,0.040225901,1.829348344,0.442720896
Cdca7,-0.073285771,0.999574161,2.922685804,5.75283E-23,-1.996807218,3.37336E-07
B4galnt4,0.289835194,0.999574161,0.134571921,0.952146822,1.437393299,0.452507877
Hmcn2,0.380583558,0.999574161,-0.292783797,0.618297919,5.050989254,1.09801E-24
Klhl25,-0.225946804,0.999574161,-0.250613936,0.611206627,-0.043591134,0.956266932
Mettl4,-0.055436461,0.999574161,1.404331829,1.08708E-05,-0.897568468,0.051994474
Kbtbd11,0.224023357,0.999574161,-1.201730394,3.53293E-06,0.023853284,0.967842045
Gm5069,-0.022261229,0.999574161,-0.458303732,0.676575549,-0.506426271,0.743954368
Gja6,-0.063329717,0.999574161,-1.372092287,0.202165419,0.870861522,0.605695732
Tmem191c,-0.307563066,0.999574161,-1.117263537,0.007735611,1.368527858,0.013521364
Klhl26,0.015216005,0.999574161,0.65062325,0.044541518,2.585826765,9.10209E-13
Slain1,-0.18886917,0.999574161,-0.587734803,0.022966612,0.283100526,0.505566314
Rras2,0.01364303,0.999574161,0.640422417,0.011636836,-0.750993863,0.02706306
Nap1l3,1.424982723,0.741967236,-0.7701408,0.531412871,0.397212254,0.827707526
Rtl6,-0.133986764,0.999574161,-0.347775296,0.322116911,0.23967385,0.656929165
Gsdmc4,-0.661778065,0.999574161,3.657921399,1.19609E-05,0.34519226,0.84504513
Gemin6,-0.106407138,0.999574161,2.059501476,3.92627E-10,-1.0347131,0.031125905
Eef1d,0.148228339,0.999574161,1.840595949,6.92768E-15,-0.905218617,0.007205553
Abcd2,0.270154079,0.999574161,-0.43048333,0.233813676,0.127517999,0.841113932
Fmnl1,-0.059915115,0.999574161,-1.064979065,3.30721E-05,0.159490806,0.751391606
Fancm,-0.309798169,0.741526739,-0.233853418,0.284380369,-0.419154629,0.126676632
Triqk,0.783149228,0.999574161,0.588404307,0.590683786,-1.248816488,0.348128773
Irs1,-0.601603326,0.999574161,-1.249218437,0.077263705,0.474946197,0.702625073
S100a8,2.198049403,0.517028247,0.542490495,0.741449116,-0.122978993,0.959821553
S100a9,2.505350816,0.299255015,0.963141665,0.520793318,-0.6238373,0.779818222
Grik2,-0.12537175,0.999574161,-0.75590303,0.094704738,0.183473287,0.826085102
St3gal5,0.078810365,0.999574161,-0.870606424,0.145991316,-0.038536946,0.974574664
Trim34a,-0.097110525,0.999574161,-1.553104571,3.96955E-18,0.424985818,0.126874386
Snx32,-0.060323496,0.999574161,-0.533175682,0.007369171,-0.403923862,0.170791437
Pgpep1,-0.24574122,0.999574161,-0.726818526,0.021586367,0.243483928,0.661348361
Npm3,-0.180130713,0.999574161,2.380131793,2.94026E-20,-0.947305049,0.011165054
Pard6g,-0.139550571,0.999574161,1.686765857,6.47464E-06,0.916665537,0.099246264
Pla2g4a,0.488215819,0.860786796,-0.355048831,0.371585071,0.179267806,0.775460725
Ncoa4,-0.045473054,0.999574161,0.6286808,0.01654241,-0.70502371,0.047160853
Ms4a4b,-0.303337945,0.940637416,-0.571362755,0.014946358,0.295210413,0.433398297
Usp39,-0.082679947,0.999574161,1.643814196,1.92803E-12,-0.95118094,0.003854362
Tcim,-1.048954542,0.999574161,-0.421079847,0.746572261,0.525418066,0.763961778
Myh1,0.106735277,0.999574161,-0.451714568,0.844685015,1.987434956,0.398875262
Actr3b,-0.348453659,0.999574161,-0.837513728,0.090249077,0.381880791,0.647762818
Lig1,0.556403789,0.288016382,0.827727723,0.001062548,-1.274503263,8.13495E-05
Psenen-ps,2.275023625,NA,3.382254411,NA,18.5152675,NA
Adap1,-0.138333624,0.999574161,1.51450331,2.8388E-14,-1.493702844,9.04901E-09
Slit3,0.694185481,0.999574161,0.042151874,0.972507172,-0.433188967,0.706793936
Prl2c3,-0.24415187,0.999574161,-6.924953954,0.001144106,3.762346506,0.215373936
Adgrf5,-0.519002387,0.999574161,-0.554296897,0.550789764,0.197468498,0.892208905
Tmem154,0.293492801,0.999574161,-0.126283256,0.749901583,-0.606407185,0.131999913
1700001K19Rik,0.145777223,0.999574161,0.257787982,0.750995378,-0.959041234,0.289209684
Rab31,0.081309729,0.999574161,-0.926326527,0.000788608,0.300094662,0.532014512
Ptafr,0.526448521,0.892199085,-0.385052938,0.387068066,-0.169869266,0.813022986
Fry,-0.185061076,0.999574161,-2.096888503,2.96414E-09,0.985695848,0.059308248
Ppp1r14b,-0.057322343,0.999574161,2.594211543,1.31932E-28,-0.520807015,0.16157906
Dsg3,0.028772924,0.999574161,-0.723098815,0.699387769,2.118124697,0.306239599
Apol8,4.279551749,0.095937397,4.475706885,0.002754747,-3.239048524,0.092777856
Them6,-0.274607961,0.999574161,1.456786832,1.88541E-06,-0.982002714,0.023888015
Kdm5d,-1.416969219,0.035520795,0.435741372,0.476522983,0.618232773,0.443517128
Gpr173,0.174677094,0.999574161,-0.811034297,0.512875792,1.650213927,0.264071646
Gm13199,-0.126829897,0.999574161,1.163791972,0.007919723,0.737815661,0.266569495
Nbeal2,0.219350242,0.999574161,-0.066001676,0.868374149,-0.318967167,0.439527858
Capg,-0.100678681,0.999574161,-1.663408245,1.75313E-06,2.340648136,1.12526E-07
Nfil3,0.441045051,0.999574161,0.185683488,0.809420042,2.217075265,0.000544121
Dnah9,-0.374605423,0.999574161,1.510199365,0.067648586,0.757766775,0.577872833
Pou3f4,-0.785052234,0.999574161,-1.068950967,0.317058946,2.654708447,0.031657272
Glipr1,0.127290627,0.999574161,-0.108560629,0.651930548,2.518625005,3.51531E-36
H2bu2,-0.160569105,0.999574161,-0.895565013,0.067626457,0.172620693,0.852227007
Gm5620,0.288505272,0.999574161,2.282535526,0.007261907,-1.289889603,0.336277624
Sipa1,-0.061126692,0.999574161,-0.192872145,0.719269437,-0.56605787,0.351042501
Tatdn2,-0.112903909,0.999574161,0.882564432,2.01921E-07,-0.880861308,9.43153E-05
Jmjd6,-0.142763042,0.999574161,1.095898389,4.35757E-06,-0.854111142,0.010307689
Magel2,0.048164469,0.999574161,-1.182296876,0.519663829,2.740359118,0.187119754
Fam71d,0.421063352,0.999574161,3.63909543,0.000209716,-0.560121448,0.765515119
Ero1b,-0.053911999,0.999574161,-0.774321564,1.76327E-07,-0.291603744,0.21382911
Ebf1,-0.105328053,0.999574161,-0.852235346,1.2891E-05,0.454113263,0.120157324
Npm1,0.181641546,0.999574161,2.497586796,3.19205E-26,-1.141420462,0.000492799
Txnl4a,-0.019391542,0.999574161,2.008511107,3.13461E-14,-1.069056445,0.00442088
Scimp,-0.741749839,0.149120888,-0.502215639,0.126676798,-1.13442724,0.006058459
Tmem140,0.304365727,0.89576735,-0.30895954,0.207969716,-0.153940414,0.70436807
Prss2,0.507299227,0.999574161,-1.344652167,0.712711909,4.267832897,NA
AB124611,-0.053789963,0.999574161,-1.925390565,1.45209E-25,0.428524299,0.139290435
Slc44a2,-0.061923678,0.999574161,-0.691181918,5.12285E-06,-0.328433321,0.155368859
Dmac2,-0.21765046,0.999574161,-0.719935642,0.000960113,0.346591951,0.315908286
Gm6139,-0.225823804,0.999574161,1.095133786,0.379963933,-0.8821531,0.637897097
BC051142,-0.131795548,0.999574161,-1.5459466,0.00030682,1.489535354,0.010403579
Rpl15-ps6,-0.452615392,0.999574161,-0.090428873,0.961667769,-1.833967712,0.225354006
Snrpg,-0.164898635,0.999574161,1.262924647,0.000729592,-0.458697889,0.467985774
Cep170,-0.152920616,0.999574161,-0.244791249,0.227954156,-0.13253243,0.687550539
Chst3,-0.290265181,0.999574161,-0.402990976,0.176235569,-0.623560718,0.103156002
Mrpl18,0.003890553,0.999574161,1.148084847,3.33742E-05,-1.041589099,0.006207148
Antkmt,-0.12008118,0.999574161,-0.00377345,0.994094995,0.053050449,0.943695067
Phex,-0.271948865,0.999574161,0.382549844,0.654798932,1.365370829,0.134369494
E2f6,0.231893078,0.999574161,1.431547615,2.98589E-07,-1.118990269,0.003972043
Fam136a,-0.187934892,0.999574161,2.278559286,8.15078E-22,-1.484847804,2.96363E-06
Bloc1s2,-0.029712989,0.999574161,0.445733181,0.079733541,2.186833252,2.6221E-15
Pus7,0.038311482,0.999574161,2.948970209,5.48914E-64,-1.044229891,1.05454E-05
Lgals8,-0.054785799,0.999574161,-0.411710521,0.04567843,0.090755608,0.812378952
Eif1a,0.037071498,0.999574161,2.005357237,7.07028E-20,-1.360775115,3.43251E-06
NA,-0.046025729,0.999574161,6.765937601,0.322188546,-5.906263636,NA
Rps18-ps3,-1.743368485,0.999574161,-0.012224477,0.995437326,0.477532367,0.865383281
Gapdh,0.239341022,0.999574161,1.350105192,2.25216E-06,-1.083265508,0.006171164
Mex3b,-0.152600124,0.999574161,-1.534477473,1.97267E-06,0.274917693,0.653079716
Megf6,-1.397885767,0.989253296,0.584104733,0.680542193,2.35386925,0.121826627
Mab21l2,-0.089692646,0.999574161,-1.055228855,0.002294328,1.004181179,0.034379787
Bak1,-0.015021601,0.999574161,0.983324804,2.75081E-05,-0.984672719,0.001940378
Olfr1446,-1.48092481,0.999574161,0.725401357,0.792616861,3.631524995,NA
Xlr3a,0.138417311,0.999574161,0.180303195,0.840674876,0.804299894,0.384678875
Cbx3-ps6,1.039135816,0.999574161,2.586537288,0.354219526,-3.074407619,0.421921835
Adgrf2,-0.170667147,0.999574161,1.652736069,0.13416447,0.042334243,0.984939025
Cacnb2,0.095907765,0.999574161,1.584558277,0.003498284,0.102851152,0.926158922
Gm17136,-0.395759648,0.999574161,-0.328003834,0.620140572,0.042773873,0.969533305
Sema3b,0.198128605,0.999574161,2.621053547,8.46094E-05,-1.181453529,0.264285372
Mdn1,-0.04931367,0.999574161,2.951612348,1.37064E-37,-0.300194086,0.470991827
Ces5a,0.19955766,0.999574161,-0.080642158,0.973583214,2.32241001,0.208443674
4933430I17Rik,0.55748132,0.999574161,2.204644918,0.001218432,0.199281744,0.881733578
Palld,0.544153983,0.999574161,-0.060678564,0.964524165,0.378400454,0.771228648
Gm10036,-0.300088022,0.999574161,0.566046259,0.525189698,0.260546725,0.852227007
Nfam1,0.13431578,0.999574161,-0.84514264,3.94999E-08,0.189774917,0.485256523
Tpm3-rs7,-1.125132033,0.780289566,0.503769898,0.572176008,1.050208423,0.341896378
Gstm1,0.293683456,0.999574161,-1.524894389,0.002417429,0.880574216,0.248493503
Sez6l,0.902124168,0.999574161,-1.495543439,0.346595237,1.575916678,0.456838514
Arhgap35,-0.211896536,0.999574161,0.652541438,0.005856835,2.167492575,2.6221E-15
Cryzl1,-0.055363587,0.999574161,-0.021937834,0.965108858,-0.185169475,0.698857805
Kcnh1,-0.311762328,0.999574161,-0.306221787,0.870474653,0.763170869,0.732660021
Idi1,-0.072231612,0.999574161,2.595790582,2.3638E-19,-1.513390408,0.000122618
Serpina9,-0.260881714,0.999574161,-0.489565906,0.623215707,2.092117061,0.042057636
Espl1,0.572641375,0.892199085,0.354722186,0.479069143,-1.099625524,0.050213832
Dock1,0.023405495,0.999574161,-0.462758456,0.602054347,0.260915073,0.845632029
Abce1,0.02489372,0.999574161,2.176945077,7.98876E-25,-1.106319627,0.00013559
Gm6612,-0.23139932,0.999574161,1.236104158,0.148603009,-0.77526281,0.577638041
H2bc8,-0.076442663,0.999574161,0.187369694,0.754172934,-0.389852562,0.598188675
Rrp1b,-0.08047353,0.999574161,2.613487345,2.48872E-37,-0.944860587,0.00104074
Syt17,-0.082656049,0.999574161,-0.238389792,0.825185623,2.35582723,0.012617413
Cxcl2,0.593771215,0.999574161,-0.675447025,0.807663689,3.082147193,0.247642709
Btnl4,1.151810786,0.750629678,-1.209228397,0.14628,0.553033741,0.685268064
Znrf2,-0.106852672,0.999574161,-0.008136525,0.979838575,-0.366228803,0.278921867
Gm26920,0.056712787,0.999574161,4.091207019,0.029465338,-1.945470459,0.531756547
Gm8369,-0.528597823,0.15338099,-1.216950286,2.4144E-09,0.979368086,0.000406669
Wdr91,-0.196925297,0.999574161,-0.598684899,0.056396158,2.626260009,3.6481E-14
Scp2-ps2,0.095143634,NA,0.013552221,NA,2.95065306,NA
Gpc6,-0.03432404,0.999574161,-0.091161363,0.935027007,1.695691661,0.049551978
Cela2a,0.280514765,0.999574161,0.248550084,0.904527662,1.389803688,0.505107452
Tmod3,-0.079804634,0.999574161,-0.463472107,0.021427204,-0.200247811,0.552885954
Anks1b,0.242905555,0.999574161,-1.374138777,0.164641895,3.368680025,0.002135479
Gda,-0.742035801,0.999574161,-0.850170385,0.592298378,0.486309682,0.840161331
Gm17383,-0.16492904,0.999574161,0.94172913,0.639212239,0.807652409,0.775460725
Capn11,0.255503,0.999574161,-3.224179679,0.416617413,2.946386318,0.607339762
Nkx2-9,0.246743858,0.999574161,-0.887566472,0.119446619,0.841176829,0.299017397
4932411N23Rik,-0.274093619,0.999574161,-0.384386744,0.649594077,1.8575576,0.028944426
Tubb2a,0.514712585,0.93754633,0.082984715,0.896868845,-0.445946351,0.492917663
Fcer1g,0.558663754,0.833943571,-0.28458774,0.549679141,0.175202488,0.80518725
Cd300c,-0.997022478,0.536328212,-0.296632046,0.682019166,0.45745051,0.633664521
Kcnt1,0.694312708,0.999574161,3.512862105,0.018613705,-0.405892952,0.886503915
Kcnj14,0.259598306,0.999574161,3.805862043,0.00062099,-1.022131318,0.607978961
Zfp958,-0.131627625,0.999574161,0.99178268,0.002511749,1.638986375,7.63576E-05
Thra,-0.743565014,0.15444969,-1.049378641,0.000578506,1.097626256,0.008137985
Rnf169,-0.225506093,0.999574161,0.337642233,0.240478625,2.380827603,5.59985E-16
H1f5,0.098736947,0.999574161,-0.562628168,0.146440438,-0.391841448,0.512524416
Nfe2,0.611724761,0.999574161,-0.067646674,0.946102439,-0.112291934,0.91826984
Hspd1-ps3,-0.09557295,0.999574161,2.555400255,0.062170642,-1.191940669,0.607339762
Pirb,-0.039157062,0.999574161,-1.109374718,9.67305E-06,0.484045925,0.216704086
Opn1sw,-0.688402174,0.999574161,0.327208222,0.775782416,0.17777295,0.912076675
Rps27a-ps2,-0.08871277,0.999574161,-0.701944309,0.473247924,0.553243993,0.70513031
Zfp708,-0.445020241,0.989253296,1.162640311,0.000586844,-1.038408106,0.029456364
Gm10051,0.024356753,0.999574161,0.947613346,0.724883324,0.285807336,0.944240326
Gm10052,-0.003302136,0.999574161,1.299810007,0.001926788,0.372601503,0.618980819
Gm10053,0.041003701,0.999574161,2.260660423,2.97318E-09,-1.019015371,0.073231488
Gm2174,5.270407669,0.999574161,0.224015381,0.979838575,-4.680745815,NA
Cfi,-0.505387767,0.999574161,1.921363348,0.369897372,2.934673597,NA
Tlcd3b,-1.15846647,0.999574161,1.647578287,0.519284914,2.376740984,NA
Sh2d3c,-0.094141452,0.999574161,-1.124053673,1.10469E-05,1.416172302,1.81451E-05
Kcp,-0.438629107,0.999574161,0.128163826,0.936246468,0.98039285,0.518541742
Eno1b,-0.388756423,0.999574161,-0.286447794,0.910486859,0.461101288,0.878354468
Frem1,-0.930614135,0.999574161,0.046407954,0.978578441,0.857628031,0.625718341
Tma7-ps,-1.111165619,0.999574161,0.256137234,0.856296261,2.249663276,0.081814847
Fcgr4,0.777882964,0.593932763,-0.312589048,0.580230263,-0.078733949,0.930044587
Ifitm6,0.392154049,0.999574161,-0.427540798,0.585976861,-0.181072774,0.878354468
Zfp945,-0.140299693,0.999574161,-0.619668619,4.37459E-05,0.157178963,0.563738892
Mfsd4a,-0.067660318,0.999574161,-0.210726275,0.350461509,-0.10544335,0.770823
Skap2,-0.040349197,0.999574161,-0.369924104,0.047159556,-0.057132835,0.871917106
Gm12715,-0.548559865,0.999574161,1.938152225,0.401731783,5.295799981,0.044784836
Ppp1r2-ps4,-1.349325704,0.999574161,-5.948457717,0.227364071,8.935302027,0.149765669
Septin9,0.355846329,0.242047705,-0.439923371,0.005956106,0.058533389,0.853469602
Naa38,0.031204078,0.999574161,0.830299905,0.012941729,-0.810118049,0.081814847
Slc27a4,0.055309858,0.999574161,-0.077523742,0.888489774,-0.368431894,0.523008367
Hopx,0.057053621,0.999574161,-0.195307292,0.580280797,-0.931543246,0.012462448
Slc14a1,-0.453597897,0.892199085,-0.972816272,0.002002351,1.02845448,0.015715361
Mamld1,-0.086441973,0.999574161,0.118933303,0.963495365,0.583077237,0.821919196
Ppp2r5d,-0.035304689,0.999574161,1.294766326,2.70715E-07,1.300698789,9.50351E-05
Fxyd2,-0.74988355,0.999574161,-0.872371967,0.570287482,-0.189924964,0.941067506
Gm8116,-0.226279804,0.999574161,2.047470715,0.003896342,1.139102598,0.301312358
Gm7331,-0.217276182,0.999574161,0.113575473,0.94505355,-0.380696722,0.831943165
B3gnt8,-0.352434625,0.999574161,-2.486363895,3.67931E-17,1.395579706,0.00062342
Nhs,0.24982767,0.999574161,0.447890527,0.488010474,-0.811941462,0.320599631
Fcgr3,0.465741083,0.999574161,-0.88103867,0.024234131,0.299785811,0.660762851
Uqcr10,-0.031799548,0.999574161,1.380051751,0.0001812,-0.567635121,0.341792231
Trp53,1.782178742,1.303E-25,1.987709644,6.62197E-26,-1.110931502,1.12214E-05
Gm5292,0.177656138,0.999574161,0.256901234,0.79695135,-1.146295829,0.284957651
Cbx3-ps7,-6.208475868,0.999574161,-5.938312363,0.366475523,14.6007462,0.057022615
Stfa2l1,1.988556925,0.999574161,-0.379963433,0.892517035,1.104853592,0.7173949
Mif-ps6,-0.177032112,0.999574161,1.111475283,0.451810832,-0.001129623,0.999635691
Akap17b,-0.419835167,0.843902525,-1.103179305,5.68683E-05,-0.170220656,0.753971258
Rcan3,-0.083783403,0.999574161,-0.63088158,0.016503004,0.134529444,0.785188086
Flot1,-0.109486225,0.999574161,-1.123649959,0.001030309,0.539089585,0.321581555
Ndufs8,-0.153823513,0.999574161,0.852438769,0.001093393,-0.574806763,0.133851897
Myl3,0.354174459,0.999574161,-0.982674721,0.171539424,0.955807599,0.341792231
Fdps,-0.295495045,0.999574161,2.367939836,4.79056E-18,-1.777388252,9.54327E-07
Rpl13-ps6,0.192916822,0.999574161,-0.251638692,0.676346119,-0.211294604,0.803662609
Nrm,-0.266031635,0.999574161,-0.675328429,0.003386474,-0.786337521,0.011529779
Rgs3,0.370533029,0.763859855,-0.570023319,0.017002148,0.484056759,0.154589564
Kcng2,0.566297305,0.999574161,-1.082282645,0.281844274,0.869656905,0.550608022
Hydin,0.835179441,0.999574161,1.189396749,0.670602484,2.666246607,0.393023414
Ntng1,1.426915101,0.999574161,1.227050785,0.608108162,1.0537875,0.746827952
Olfr1393,-0.400680623,0.999574161,2.47610744,0.073378477,1.199492347,0.604174838
Ptp4a3,0.029588624,0.999574161,-0.89739799,0.000288136,2.621525822,2.92549E-19
Zfp930,-0.016787303,0.999574161,1.049039626,2.23869E-05,-0.978154726,0.003982633
Hspa2,-0.197643822,0.999574161,0.40776008,0.279157912,2.055938962,1.95489E-07
Ntm,-0.243263951,0.999574161,-0.151275975,0.886046665,2.038059731,0.018792024
Atxn7l3,-0.197258689,0.999574161,0.896057478,0.000380036,-0.743063146,0.035721533
H2aj,-0.005884812,0.999574161,0.655134089,0.027686134,1.775644054,3.96427E-07
Tmem26,0.180781339,0.999574161,-0.027417525,0.945770364,-0.466099265,0.144206015
Alox5ap,0.503670802,0.999574161,-0.321915967,0.56724118,-0.21738689,0.791350071
Psma3,-0.03314295,0.999574161,1.248980593,4.3766E-08,-0.794066115,0.014015385
Rp2,-0.03806162,0.999574161,1.003234716,1.65113E-06,-0.806608059,0.005426806
Amd-ps3,-1.098096564,0.999574161,1.752329099,0.24982103,2.11739371,0.308483678
Prmt7,-0.231647287,0.999574161,2.148991236,6.79985E-17,-0.698086364,0.073742281
Gm10076,-0.998062744,0.999574161,0.560916565,0.838466295,3.957013838,0.123084084
Serpinb6a,0.286755512,0.999574161,-0.437950232,0.25605525,0.265982627,0.661497913
Myh13,-1.267895887,0.999574161,0.350216962,0.902495445,1.784321699,NA
Gm11353,-0.645770133,0.999574161,0.357836096,0.800659611,0.074312512,0.972143486
Zfp462,-0.793474758,0.999574161,-0.102409161,0.955606999,1.408330834,0.360869626
Arrb2,-0.00260012,0.999574161,-0.018650557,0.955345349,-0.649106261,0.005122119
Bckdha,-0.333418751,0.999574161,-0.620133645,0.042712283,0.628072635,0.139270244
Chst8,0.383570714,0.999574161,2.048175668,0.265222711,0.479026393,NA
Rps16-ps2,0.061484849,0.999574161,-0.867979811,0.010545059,0.745885148,0.120954999
Sntb1,0.232539446,0.999574161,-0.131426562,0.91620567,1.075602909,0.351713432
Sycp2,1.775089973,0.999574161,0.315723821,0.904527662,1.279509981,0.637073757
Adgrg3,0.312641511,0.999574161,1.913354493,0.05131442,-0.93149041,0.566293694
0610040J01Rik,-0.179709279,0.999574161,-1.201784918,0.043755269,1.334939108,0.096770351
Dcc,-0.7453936,0.999574161,1.05529776,0.861037132,3.854760596,NA
Tmem219,-0.046560562,0.999574161,-0.249051064,0.230101436,-0.191212709,0.54586235
Tnfrsf19,-0.667685697,0.980490136,1.564254639,0.002002849,-0.778063242,0.337499966
Ifitm2,0.323781068,0.999574161,-0.091276266,0.917764051,0.379120056,0.691130347
Eno3,-0.794242274,0.15444969,0.328197141,0.404768317,0.263296366,0.653079716
Nkpd1,-1.118351883,0.999574161,0.504765196,0.760431856,1.090925544,0.598856381
Atp8b2,-0.040117937,0.999574161,0.223908917,0.233235585,-0.550776688,0.013226266
H4c3,-0.703896039,0.15444969,-0.563957344,0.06625784,0.608246651,0.14945933
Slc9a6,-0.070402626,0.999574161,-0.040708878,0.932371205,-0.406055453,0.344239067
Cd302,0.385970678,0.936330855,-0.415819053,0.206708129,0.051703709,0.93230446
Plekhh1,-0.22688396,0.999574161,0.989919265,0.008520246,1.170743942,0.019313341
H3f3a,-0.295996341,0.999574161,-0.125382571,0.733385138,-0.289363663,0.512443926
Tsga10,-0.368361431,0.999574161,-0.581964155,0.082526601,0.298806856,0.587397824
Gmfg,-0.263831146,0.980490136,-1.67260523,3.75606E-18,0.575598973,0.045385702
Tssk5,-0.545949309,0.999574161,1.337186994,0.028255125,-0.34371625,0.762004667
Gstp1,0.156281083,0.999574161,0.780397165,0.029196453,-1.005759775,0.033653556
Gm10088,-0.694186237,0.999574161,1.102657368,0.181679735,0.640070839,0.633932492
Arr3,-0.893368068,0.999574161,0.781966945,0.60036684,1.018913317,0.617674933
Arl1,0.009190236,0.999574161,0.952823267,2.86714E-06,-0.902619723,0.001075673
Trmt61a,-0.179785905,0.999574161,2.726935431,8.4907E-30,-0.748677697,0.037519862
Tdrd5,0.34619698,0.999574161,1.581362069,0.100601718,0.274115506,0.87633657
Gm11847,0.511896997,0.999574161,0.952202185,0.592437809,-0.325413938,0.905442521
Copz1,-0.082361118,0.999574161,1.055825918,0.000920072,-0.690183377,0.141529438
Rrs1,0.109084087,0.999574161,2.318958305,5.94414E-48,-0.588921155,0.011314783
Myl4,-0.019776489,0.999574161,0.50150867,0.05150063,-0.867538901,0.008292859
Maml3,-0.376562658,0.999574161,-1.098474964,0.000293704,1.123266057,0.006267218
Rpl15-ps3,-0.511492042,NA,-1.037119175,NA,0.028134285,NA
Gm14173,0.824183421,0.999574161,0.466285879,0.813274704,0.073707998,0.980057555
Rag1,-1.027060933,0.706064219,-1.781019317,0.003709661,-3.035029794,0.000650679
Cxcl12,-0.635591382,0.999574161,0.112251253,0.93034196,0.746204064,0.552350421
Nuggc,1.418503446,0.751787836,-0.507185943,0.680208386,-0.61954561,0.706793936
Phf5a,-0.105465504,0.999574161,1.435155354,2.43585E-05,-0.917303672,0.063404275
Zfp873,-0.241509803,0.999574161,0.112216818,0.812690679,-0.169104916,0.776965338
Uba52-ps,-0.803181846,0.999574161,-0.156300614,0.969449692,0.443222995,0.914409096
Zcchc14,-0.165983109,0.999574161,-0.501772538,0.441067669,0.367609009,0.71019687
Stx17,-0.231640794,0.999574161,-0.535619666,0.006545445,0.296012829,0.337637169
Mrps36,-0.065295068,0.999574161,1.387331156,1.26047E-07,-0.882695264,0.018565236
Snrpa,0.173447816,0.999574161,2.06517569,4.40642E-17,-0.956370187,0.006476077
Cox5b,-0.026978359,0.999574161,1.442808265,4.34171E-07,-0.620772816,0.156305418
4921509C19Rik,-0.105900601,0.999574161,0.043551188,0.98988538,2.911149701,NA
Orm2,-0.225043142,0.999574161,-0.38610589,0.412293602,-0.210908892,0.775460725
Wdr61,-0.20792602,0.999574161,1.573156567,1.03434E-07,-0.07485514,0.905442521
Ksr2,0.287239641,0.999574161,-0.873294461,0.016959754,0.564619347,0.308680465
Akap6,1.026059103,0.999574161,-0.321660342,0.886208292,1.194626989,0.616638351
U2af1,0.007344105,0.999574161,1.846473545,5.84786E-32,-0.780075851,0.000359521
H2ac4,0.638826164,0.916706825,0.420789947,0.468591784,-1.525539055,0.01525905
Gdpd1,0.442947062,0.980490136,-0.943244903,0.011345712,0.446092384,0.457246834
Rpl21-ps8,-0.346754871,0.999574161,-0.324265673,0.744127276,0.835282151,0.472390017
Gm2423,2.142367193,0.999574161,-4.141816304,0.182038731,-1.552816632,NA
Cyp2d22,-0.257551627,0.999574161,-1.512291978,2.45675E-05,1.253959977,0.011139852
Slc22a12,-0.56410444,0.999574161,-1.813355407,0.038017811,4.248788979,3.82725E-05
Kalrn,-0.348707493,0.999574161,-0.376335951,0.52155685,0.470831744,0.554598549
Akr1b10,0.051207244,0.999574161,-1.056484684,0.000287156,3.348715342,7.80697E-23
Mospd2,-0.041485891,0.999574161,0.013314171,0.978051003,-0.432381169,0.2545195
Rufy4,0.796525448,0.999574161,0.098439716,0.960782146,0.666280193,0.722826462
Ces2c,0.222846158,0.999574161,0.473654353,0.888489774,-0.2730222,0.951040844
Gm6311,0.043447518,0.999574161,2.082144573,0.055401465,0.118220783,0.957384213
Suclg2,0.025166349,0.999574161,1.856332729,1.45538E-17,-0.16031969,0.713964783
Gm53056,1.28356945,0.146018554,-0.732579916,0.236046699,-0.010092674,0.991959035
Gm6822,-0.380141289,0.999574161,-0.388862243,0.767919944,0.354794055,0.84632106
Gm14292,-0.141274427,0.999574161,1.447804558,0.205702242,1.028687158,0.558307706
Serpina10,0.340328519,0.999574161,-0.2515044,0.845306075,2.788125867,0.011841221
Flot2,0.01836302,0.999574161,-1.058172671,0.000112097,0.522484866,0.217652425
Rps12,1.303195885,0.999574161,3.059425172,0.17867378,-0.805885385,0.843432247
H2ac10,0.266837121,0.999574161,0.183211988,0.776466555,-0.928652475,0.151210764
Zfp13,-0.786226999,0.999574161,-1.369412462,0.365243621,3.207489556,0.064782863
Gmfb,-0.164361305,0.999574161,0.283999577,0.392064502,-0.784477855,0.038129781
Irgc1,-0.126404161,0.999574161,-1.270996938,0.002069183,0.25817119,0.744352511
Gm10108,0.463371045,0.999574161,2.36295459,0.000213534,-1.903814113,0.034089281
Iah1,-0.25413979,0.999574161,1.54897788,1.15087E-05,-0.690216275,0.210221432
Pgk1,-0.041567756,0.999574161,1.642450531,7.00886E-07,-1.233483758,0.00749396
Lmnb2,-0.013904739,0.999574161,2.354464163,1.81802E-20,-0.6991069,0.069604236
Qk,-0.122695514,0.999574161,0.043160861,0.899426883,-0.308675727,0.340596416
Gm6055,-0.253257784,0.999574161,-0.120814246,0.924546561,0.755483208,0.550307283
Cd200r4,1.058298909,0.76531709,0.349779136,0.707248626,-0.505873828,0.676812765
Rpl13a-ps1,-0.143817004,0.999574161,-0.336828457,0.812223125,-0.195192826,0.919576484
Gm10110,-1.460421361,0.999574161,0.516336908,0.763101275,1.126663871,0.598575874
Btbd3,-0.191327685,0.999574161,-0.868329142,0.224619847,0.012311426,0.991959035
Cttnbp2nl,0.164887938,0.999574161,-0.989339901,0.080338097,0.63960869,0.465763555
Hs6st2,-1.063492793,0.995037433,-0.408413569,0.730438066,1.055854617,0.448511556
Gspt1,0.016540293,0.999574161,1.702400003,2.42365E-23,-0.916773403,8.51885E-05
Olfr1373,-0.045779909,0.999574161,6.397355033,0.002848885,1.241049762,0.760429372
Erbb4,-0.045715089,0.999574161,0.224335425,0.978218248,5.88559582,NA
Tnfaip8,0.001758519,0.999574161,-0.177623502,0.363418397,-0.550818222,0.012151127
Cks2,0.439117671,0.999574161,1.8208158,2.99222E-05,-1.818001484,0.002113704
Gm6030,-0.375737544,0.999574161,0.689386074,0.5102049,0.665329812,0.656151411
Nectin2,-0.010802523,0.999574161,-0.759795678,0.457586897,0.455797611,0.771228648
Rpp25,1.505222216,0.999574161,6.05880835,0.001442146,-3.705251241,0.158841277
Erbb2,0.033192626,0.999574161,-1.13938705,0.062632591,0.081506766,0.947821181
Serpinb2,-0.858062511,0.999574161,-0.253615287,0.903003778,2.19206414,0.251610336
Itgb1bp1,-0.225414478,0.999574161,0.978553497,9.54356E-05,-0.680944971,0.059846091
Gm15772,0.313812955,0.999574161,0.745104266,0.599217859,-1.478388474,0.398875262
Otof,-0.75091299,0.999574161,-1.202213161,0.789773379,7.294423179,NA
Tmem65,0.046357145,0.999574161,-0.6698193,0.056306741,0.086198333,0.899216704
Hsd3b3,1.196712531,0.999574161,-0.607171988,0.726457868,-0.182316395,0.943186572
Arf2,-0.077928478,0.999574161,0.471688453,0.132318373,-0.724634495,0.073742281
Cyp26c1,-0.089634959,0.999574161,-0.801772405,0.282588596,0.081357409,0.95324521
Adam1b,-0.749817999,0.999574161,0.764319451,0.646847231,1.009265917,0.653079716
Rpl9-ps6,-0.982530249,NA,0.735368251,NA,4.9502525,NA
Ctrc,-0.460848589,0.999574161,-0.733284931,0.231937691,-0.091350435,0.935773091
Acat3,-0.205163658,0.999574161,1.24031435,0.000151571,-0.661048717,0.191015659
Ifit3b,-0.001491781,0.999574161,-1.00770165,0.005516163,0.618428586,0.262374737
Fabp4,0.110597017,0.999574161,-0.763353864,0.285162215,1.477923916,0.089798662
Ncr1,0.193314833,0.999574161,-0.176896217,0.839579288,0.067733707,0.954922392
Tlr12,-0.42212448,0.999574161,-1.596313528,4.43458E-06,0.709309277,0.191652361
Gm12751,-0.684445787,0.999574161,1.512948884,0.213029442,-0.62459704,0.760446971
Cnr2,-0.110685062,0.999574161,0.284482145,0.321955502,-0.917850516,0.00449557
Tubb4a,0.000548058,0.999574161,0.051539606,0.933546474,-0.539853025,0.326226304
Rps3a2,0.633204122,0.999574161,1.57647496,0.269893424,-0.983769419,0.660471265
2310039H08Rik,-0.298446448,0.999574161,1.484534984,4.55902E-06,-0.403551621,0.475870615
Btnl1,-0.531372809,0.999574161,-0.994818002,0.102409739,-0.153647999,0.896090773
Ganc,0.006744372,0.999574161,-0.980499284,1.44122E-13,0.242176349,0.266737718
Ncs1,-0.096595769,0.999574161,2.628393013,9.74685E-06,-1.126055697,0.237429606
H2bc12,0.334883601,0.999574161,-0.040712746,0.965108858,-1.300915049,0.050140655
AI413582,-0.226595673,0.999574161,-0.16692852,0.732605822,-0.222465294,0.73462102
Gm16477,-1.479025206,0.999574161,0.607034332,0.787263079,1.321064285,0.633932492
Ei24,0.212148269,0.999574161,0.44330116,0.099019261,3.230411173,2.73522E-30
Csprs,0.818217803,0.012522385,-0.935659729,0.00027267,0.164823961,0.739434712
Kcnc3,-0.289231849,0.999574161,1.316814817,6.68751E-07,1.064174498,0.003629087
Actg1,0.06405821,0.999574161,-0.109839798,0.81312152,0.039406002,0.951893981
Gm14176,-2.754929575,0.999574161,-0.503120057,0.963495365,4.81888258,0.630923844
Phactr2,0.186414783,0.999574161,-0.494365303,0.196264394,0.233204806,0.714198055
Impdh2,-0.04440454,0.999574161,2.405948412,6.98991E-18,-0.942197561,0.020409272
Rpl31-ps11,0.188444588,0.999574161,1.093020471,0.355111504,-0.366046709,0.854657456
Klhl24,-0.263600933,0.999574161,-1.562737576,2.32707E-11,0.799246557,0.017153493
Hdac10,-0.239245481,0.999574161,-0.207034319,0.609271257,-0.05996106,0.922962434
Gm10123,0.236158982,0.999574161,1.952407631,2.64216E-09,-0.812913096,0.101415588
Mtap,0.073231433,0.999574161,2.025330343,1.34906E-24,-1.498193511,6.79256E-09
Kdr,-0.276810278,0.999574161,-0.112860325,0.857384259,0.022812126,0.980057555
Cped1,-0.223784015,0.999574161,-0.427882668,0.761573356,0.992603276,0.557162792
Mrpl42,0.171076802,0.999574161,2.061434619,9.33267E-15,-1.329293203,0.000266453
Ica1,0.085990056,0.999574161,1.399167684,0.115167249,0.165613811,0.920855668
Ccni,-0.140204829,0.999574161,-0.659176416,0.000499481,-0.402815905,0.153439929
Mapk3,-0.053574558,0.999574161,-0.566859509,0.05026992,-0.493069161,0.242387178
Csn2,0.288424271,0.999574161,-0.463683475,0.676575549,-0.155544786,0.925393983
Cd300lb,-0.391877579,0.999574161,-1.237859729,0.048698564,1.514596394,0.070661107
Ldha,0.053470388,0.999574161,2.096876222,8.27948E-24,-1.484984885,5.4909E-08
Gvin-ps7,-0.012555981,0.999574161,-0.694403404,5.17503E-06,-0.375945592,0.096963505
Rpl27,-0.270060669,0.999574161,1.558735415,6.17967E-07,-0.507246075,0.324816636
Usp31,-0.127249633,0.999574161,1.898600768,2.67897E-12,-0.937638197,0.016336139
Krr1,-0.025307344,0.999574161,1.648446495,4.98989E-16,0.305996021,0.381429191
Zfp947,-0.134947162,0.999574161,-0.282876848,0.566947044,0.065815753,0.934739668
Stk24,-0.146594942,0.999574161,-0.536737623,0.003683159,0.131858995,0.700727598
Gm10131,-0.196737361,0.999574161,1.743701701,1.77324E-08,-0.709885969,0.135497396
Gm7117,0.162899196,0.999574161,0.679530806,0.705339935,-0.438746916,0.865383281
Ube2d2b,-0.132277768,0.999574161,-1.091469586,0.077654785,0.050344655,0.969014222
Lrmda,0.425704908,0.999574161,-0.280316298,0.721428533,-0.128510223,0.909246654
Gm5616,-20.30559919,NA,0.384369719,NA,21.64220477,NA
Gm10132,-0.205984298,0.999574161,1.467506396,0.162271937,-0.994286273,0.54586235
Jazf1,-0.184116943,0.999574161,-1.022244361,0.013984095,0.447068919,0.520894193
Gng8,-1.476023771,0.999574161,0.200501635,0.970298734,6.59082773,NA
Gm10135,0.042630592,0.999574161,-0.413791174,0.816653203,0.502698778,0.829967507
Zbtb18,-0.109543677,0.999574161,0.311951958,0.302729962,-0.433509092,0.278569477
Olfr98,1.266985077,0.121645895,-1.470706996,0.004416756,0.021593345,0.984939025
H2ac21,-0.581785967,0.741967236,-0.132360195,0.804231944,-0.024419449,0.975988636
Cycs,0.035554538,0.999574161,1.737671317,3.4648E-21,-0.704977778,0.007691209
Rnf217,-0.219134427,0.999574161,-0.359380048,0.732161603,0.411141833,0.771267667
Chchd1,-0.095495491,0.999574161,1.823221081,1.01974E-11,-0.935490067,0.015138579
Hspbp1,-0.10970904,0.999574161,1.767367037,6.24551E-07,-0.58363408,0.315792258
Alms1,-0.080112062,0.999574161,0.006815133,0.981476684,-0.522235412,0.072538507
Arl9,0.542237974,0.999574161,2.393690646,0.000714786,0.643659946,0.603933068
Gm6065,-1.001686599,0.999574161,1.40532081,0.229902923,0.534794392,0.792416277
Gpx1,-0.169752775,0.999574161,-0.080493556,0.859467085,-0.268450669,0.599595904
Slc24a3,-0.195443371,0.999574161,0.454191322,0.820849986,1.55788362,0.477812795
Ptcd3,-0.448571202,0.999574161,0.531514744,0.224011455,-0.200402646,0.785523775
Gm6498,0.658467913,0.999574161,1.480153883,0.233894974,0.071391083,0.976378849
Gm7964,0.051130535,0.999574161,1.279967298,0.36297378,-0.784092179,0.725156244
Klk1,-0.129964573,0.999574161,0.111943698,0.916852815,-1.48566045,0.11051813
Srrm4,0.380122561,0.999574161,0.647279121,0.773252976,1.883196298,0.448568364
Pepd,-0.183765433,0.999574161,1.462770096,6.46963E-07,-0.218518222,0.702625073
H2ac19,-0.243863929,0.999574161,-0.389434049,0.307982655,0.003792249,0.995285509
Ipcef1,0.169458254,0.999574161,-0.741499638,4.93657E-05,0.476687396,0.072257199
Hcst,0.111024685,0.999574161,-1.053579884,0.000595228,-0.070004879,0.911683896
Rhox8,0.268419893,0.999574161,-0.16900227,0.845262197,0.993118044,0.24299174
Zfp69,0.011967255,0.999574161,-0.881588018,0.021722632,0.793978919,0.142184254
Rab44,0.424918519,0.999574161,0.542597905,0.496889415,1.846945002,0.029952352
Prol1,0.675612017,0.999574161,0.224311434,0.976796603,5.318564947,NA
Izumo1,0.396648753,0.999574161,-0.876176309,0.431405459,1.656040149,0.213558881
NA,0.386006395,0.999574161,-0.169728059,0.813274704,-1.039241684,0.133955382
Gm4735,-1.470427092,0.999574161,-5.948906255,0.372789018,2.05986346,NA
Gm10145,0.439397463,0.999574161,3.893579974,0.413028411,-2.193354937,0.766716173
Ano6,-0.017829085,0.999574161,-0.949256937,1.52303E-10,0.445943061,0.040348548
Ifi27,-0.048746241,0.999574161,-0.890771542,0.00191679,0.353819297,0.460445721
Paqr9,0.431333524,0.747306229,-0.704682864,0.009759906,-0.27956793,0.545713622
Chil1,2.110713944,0.259753451,0.749881924,0.546036993,-0.631033055,0.721115253
Ethe1,0.19603396,0.999574161,-0.039718953,0.94505355,-0.400519911,0.433796962
Gimap8,-0.132425616,0.999574161,-0.462270401,0.012981166,-0.258806813,0.374801346
Zfp428,-0.229956417,0.999574161,1.800251984,1.57222E-05,0.782994714,0.234217447
Hvcn1,-0.281350804,0.999574161,0.054113382,0.919383545,-0.539670693,0.25906919
H4c12,-0.030564175,0.999574161,-0.417476613,0.467791279,-0.543971147,0.483096934
4921528I07Rik,-0.520540698,0.999574161,0.945463534,0.516011128,3.024366991,0.057917848
Gm10146,-0.395618152,0.999574161,2.12997772,6.44791E-05,-0.631059244,0.49548863
Siva1,-0.059037312,0.999574161,1.339427913,0.000159577,0.320237109,0.620938649
mt-Co2,0.119485598,0.999574161,0.422196434,0.703269632,1.450953811,0.230690001
mt-Atp8,0.167150927,0.999574161,0.184900736,0.778101615,-0.013358811,0.989123278
Cpped1,0.169843503,0.999574161,0.018183633,0.970437943,2.417717091,4.23786E-17
Cd209b,0.858420143,0.999574161,-0.83180027,0.568825546,-0.441030831,0.843432247
Aurkaip1,-0.103644729,0.999574161,1.151848129,1.39355E-05,-0.709270577,0.066699587
Zfp600,-0.468506507,0.999574161,1.341405162,0.276716939,0.732799731,0.715072637
Muc5b,-0.13629733,0.999574161,2.09339676,0.013889096,0.893500207,0.531744103
Adamtsl1,0.969898729,0.999574161,1.670151975,0.627673602,2.364133336,NA
Gm10154,0.857438881,0.999574161,0.078625077,0.984118312,-0.831960291,0.882456559
Gm10155,-0.5749478,0.999574161,0.375618863,0.719728179,-0.031529341,0.984939025
Cacng3,-0.714228466,0.999574161,0.350113682,0.82672158,2.292430327,0.130611856
Anks6,-0.260218942,0.999574161,-0.407158114,0.679575232,-0.016556522,0.991377646
Ipo7,-0.028156316,0.999574161,1.721465266,2.40634E-17,-0.816023879,0.004738141
Gm10157,-0.636502289,0.999574161,1.056241594,0.628887338,1.102324017,0.719904804
Gm12918,-0.000725568,NA,-9.436503509,NA,10.44863547,NA
Wdr6,-0.003890208,0.999574161,-0.340628474,0.294617028,0.226963814,0.651512064
Rps13-ps1,-0.793130316,0.999574161,0.253414989,0.945707415,0.891990479,0.821768416
Serpina3f,0.829620847,0.925766343,-0.11351099,0.913132991,-0.186483003,0.87780828
Rdh11,-0.187457021,0.999574161,0.802031207,0.000179814,-0.812668709,0.005426806
Gm10163,-0.155142925,0.999574161,-0.067971238,0.977158499,0.307586301,0.900517657
Gm5786,0.006857316,0.999574161,1.297160073,0.092027671,-0.757120034,0.54284984
Rpl17-ps9,-0.019787525,0.999574161,0.15001535,0.9567589,-0.614426526,0.830249835
Gm6969,0.642027013,0.999574161,-1.440857335,0.605644213,4.217775375,0.153749069
Insyn1,-0.115215816,0.999574161,3.703263107,8.42626E-08,0.525393704,0.696988023
Tecpr1,-0.085362003,0.999574161,-0.763814196,7.48697E-05,0.539065727,0.050940841
Pgk1-rs7,-0.045925673,0.999574161,7.334723662,0.274527362,-0.94862962,0.937871678
Pilrb2,0.321840866,0.999574161,-0.343212378,0.395909531,-0.031693204,0.964953277
Pilrb1,0.427135157,0.999574161,-0.188332146,0.698286855,-0.160395429,0.814769897
Zbtb16,-0.084171078,0.999574161,-0.329136927,0.762533632,1.99869374,0.056634775
Gm10172,0.102805844,0.999574161,0.422597302,0.629629856,1.296196887,0.180532405
Rnasel,0.152085965,0.999574161,-1.155723301,1.9454E-05,1.010341881,0.006535248
Gm10181,-0.269730085,0.999574161,-0.94192593,0.365428264,2.484644936,0.03734815
Hmcn1,-0.605519423,0.999574161,-0.030684114,0.976874676,0.320524635,0.753741718
Oas1g,0.034998225,0.999574161,-0.698405682,0.21636393,0.482982819,0.579221859
Rps23-ps2,-0.898336455,0.999574161,-0.42890676,0.917764051,0.489737178,NA
Cryba4,0.893177109,0.999574161,-0.453128984,0.746273106,-0.409604663,0.832057084
Serpinb7,-0.585289543,0.999574161,-0.736830256,0.162792125,0.254873205,0.783657353
Vmn2r10,0.048965351,0.999574161,-0.850220069,0.390626742,0.795019219,0.576563471
Capza1-ps1,-0.397350175,0.999574161,0.064177801,0.967682594,-0.640693425,0.662482835
Rps12-ps3,-0.065097608,0.999574161,0.281228123,0.741598717,-0.44326527,0.687617099
Rps15a-ps5,-0.525195167,0.999574161,-0.251377367,0.790445718,0.723900111,0.508266563
Rpl7a-ps11,-0.846897314,0.999574161,0.307332897,0.914081599,2.787651279,NA
Jchain,1.52284578,0.552225806,0.246002998,0.845271044,-0.156909868,0.925071066
Eif1ax,-0.113091136,0.999574161,1.925047978,2.72251E-14,-1.177013102,0.000770879
Frat1,-0.408195131,0.606547702,-1.063915496,1.67417E-06,0.719862782,0.022791076
H2-T23,-0.005135879,0.999574161,-0.803580534,0.000110343,0.220686822,0.547800641
Nipal1,-0.127401176,0.999574161,1.941042398,0.017313788,0.636060047,0.65748647
Cnga1,-0.011789252,0.999574161,0.112819208,0.944420667,2.208039245,0.069586541
Gm10203,0.01419026,0.999574161,-0.799136987,0.331731019,2.216473748,0.017603231
H2-Eb2,-0.043857266,0.999574161,-0.149679268,0.554387582,-1.000196115,4.88951E-05
Rps25-ps1,-0.617098564,0.999574161,0.860245883,0.520590576,0.541016413,0.789479358
B430203G13Rik,-0.102997163,0.999574161,-0.115297327,0.920677865,2.247681484,0.012985227
Tmem128,-0.085698787,0.999574161,0.214818833,0.530635335,-0.310316763,0.492668062
Lyar,0.104995233,0.999574161,2.286102045,1.06092E-23,-0.969530028,0.002696854
B3galt4,-0.180598854,0.999574161,0.3441569,0.218752639,-0.517710889,0.159286622
H4c11,-0.194073125,0.999574161,-0.51673763,0.215370596,-0.236130494,0.736974089
Olfr1456-ps1,-0.082414642,0.999574161,-0.927007641,0.492975783,2.058991127,0.197667959
Gm7666,-0.000784483,0.999574161,2.550853461,9.08849E-08,-0.793466833,0.312091951
Rpl35a-ps3,-0.206549604,0.999574161,-0.277916416,0.955168778,4.109747692,0.294697479
S1pr3,0.511899304,0.39947255,-0.369673488,0.196804098,-2.375821899,4.89734E-15
Klra3,-0.215902929,0.999574161,0.023863634,0.981476684,-0.661237691,0.606745326
Klra7,-0.253450188,0.999574161,-0.204416439,0.827389254,0.292434457,0.805967344
Gm5862,-0.254429227,0.999574161,-0.29425731,0.855323884,0.476234205,0.814673337
Lpar5,0.20319859,0.999574161,-0.132565479,0.805283764,-1.013179219,0.044193349
Gm10221,0.676986433,0.999574161,1.499347665,0.669220717,-0.530209592,0.91826984
BC003965,-0.045713828,0.999574161,1.830668848,1.81665E-10,-0.725297758,0.096097879
Khdc1a,-0.710294842,0.999574161,0.334520974,0.848846006,0.36446886,0.873740911
Myl9,-0.398891836,0.999574161,-1.327224882,0.139843654,1.198451978,0.355881848
Zic3,0.571806848,0.999574161,0.454887624,0.930482226,1.738654344,NA
Tcea1-ps1,0.515120677,NA,3.071056994,NA,1.126294418,NA
Casp16,0.161597616,0.999574161,2.531988148,0.014857266,-0.883907423,0.628660033
Rex2,-0.545717857,0.999574161,-0.638773747,0.818846891,-0.554320391,0.881153738
Rtl8b,0.028689825,0.999574161,-1.036937529,0.010438955,1.110914428,0.041520353
Rtl8a,0.213763935,0.999574161,-1.073871212,0.015801127,0.789856787,0.225188312
Gtf2f2,-0.024274957,0.999574161,1.840730104,2.49654E-19,-0.79892001,0.006519441
Gm14648,1.680376011,0.999574161,1.596621851,0.426409563,-1.428858515,0.623843138
Mas1,0.263636748,0.999574161,1.692693283,0.542201697,1.871901771,NA
Tcp1,-0.031856616,0.999574161,1.849705875,2.8388E-14,-1.012081351,0.003112685
Cenpm,0.217288926,0.999574161,1.580510678,5.33722E-05,0.014068328,0.986921469
Tnfrsf13c,-0.23730623,0.999574161,0.528270626,0.021698759,-0.684859545,0.023940503
Ndufaf2,0.271245317,0.999574161,2.051351036,1.50451E-14,-0.615177079,0.139505328
Lgals1,0.001179535,0.999574161,-0.610534317,0.051711425,0.147583368,0.796363315
Apol9b,0.610834803,0.999574161,-0.248205729,0.902593641,-0.021637289,0.992223226
Apol7b,-0.200317899,0.999574161,0.015291552,0.988483571,-0.346859435,0.804169793
Usf3,-0.091110679,0.999574161,-0.677431039,5.54535E-05,0.044334465,0.899601215
Nat8f4,-0.111602722,0.999574161,0.159862172,0.734108769,-0.280874934,0.638897427
Slc4a5,-0.243946976,0.999574161,1.839635013,0.063893028,-0.561571177,0.755174754
Gml,1.302082345,0.980490136,1.394551105,0.217369391,-3.079274433,0.026613925
D430041D05Rik,-0.162506757,0.999574161,-0.605494536,0.56007363,1.800055659,0.115732965
Gm10240,0.291284193,0.999574161,-1.057738327,0.580214404,1.227308964,0.637073757
Rnase12,-0.08071935,0.999574161,-0.858744843,0.344813966,-1.455284463,0.251026479
Pnp2,0.712090506,0.999574161,-0.815929528,0.327760396,-0.756584016,0.539112967
Duox2,0.675610162,0.999574161,0.224308977,0.976796603,5.106599724,NA
Uty,-2.641657216,1.64534E-07,-0.017352767,0.982106514,2.071693034,0.003558399
Gm5518,0.189826304,0.999574161,2.565597986,0.001001141,-0.851143769,0.530051155
Gng5,-0.109653162,0.999574161,0.669214153,0.042425313,-0.860265516,0.049433988
Zfp467,0.032481871,0.999574161,-0.887892642,0.01607916,0.072391351,0.921834248
Myadm,-0.327620605,0.999574161,-2.702155867,4.24962E-12,0.424665481,0.554598549
Rpl7a-ps3,-1.581900227,0.999574161,1.227592174,0.469105389,0.877689589,0.740528001
Mgam,2.351089424,0.579404689,0.391846472,0.848846006,0.704706254,0.771170517
Gml2,1.046232947,0.999574161,0.938411884,0.630568073,-2.342618101,0.313164435
Gm8225,-1.888434047,0.735652091,0.468305823,0.751834202,2.186352187,0.174036982
Flnc,-3.52404725,0.87016768,-1.669939143,0.579388768,7.297731077,NA
Tmem167b,-0.11835271,0.999574161,0.594546493,0.02213652,-0.575053196,0.11364446
Trp53i11,-0.218002891,0.999574161,-1.546924665,8.79676E-09,1.944039784,1.38798E-08
Celsr2,-0.761144452,0.747306229,-0.068799656,0.934372334,2.240407469,0.000153428
Psrc1,0.181641142,0.999574161,-0.264409359,0.597474555,6.631879706,3.80145E-56
Mybphl,0.428634213,0.999574161,-0.1429752,0.951014922,2.730459275,0.100127499
Sort1,0.719091937,0.552103887,-0.941086045,0.017470474,-0.053451147,0.948564687
Ptprz1,0.521303363,0.999574161,0.245632893,0.87863964,1.403363727,0.366122692
Psma5,-0.093102436,0.999574161,1.716500808,9.20569E-10,-0.949280418,0.017965569
Il3ra,0.124675244,0.999574161,-0.812340371,0.02742066,0.733243561,0.156386462
Rap1a,0.053468038,0.999574161,0.385314915,0.031653975,-0.906388591,2.75268E-05
H2bc21,-0.159214681,0.999574161,-0.126326886,0.8108284,-0.189699322,0.775866886
Sf3b4,-0.131831724,0.999574161,1.272907432,2.30256E-06,-0.573590537,0.166046519
Gm128,-0.120576906,0.999574161,-0.38978486,0.481808498,-0.272714558,0.748850581
Selenbp1,0.233490077,0.999574161,-0.836207301,0.036732017,-0.084240068,0.913695822
Ssb,0.020488246,0.999574161,1.661212267,7.76233E-20,-0.898315992,0.000358239
Sprr2a2,-0.192842312,0.999574161,0.453127929,0.81312152,0.384302914,0.878354468
Gm5537,1.320962009,0.562293227,2.535195251,0.000242239,-0.82056398,0.486711553
Gm10254,2.360876239,0.999574161,3.763329602,0.494029065,-0.698880416,NA
Ddx3y,-6.072993388,NA,0.750624791,NA,3.71653074,NA
Eif2s3y,-5.904062759,NA,0.225962073,NA,3.996277971,NA
Gm10259,6.123675701,0.562293227,6.856262036,0.038335652,-6.700392473,0.126794646
Zbtb10,-0.145389039,0.999574161,1.118124879,1.56412E-05,1.271914491,0.000191327
Cep43,-0.349272503,0.989253296,0.439260566,0.146345796,-0.394668168,0.368448031
Zfp874a,-0.149150043,0.999574161,0.232964689,0.531412871,2.277787208,3.7272E-11
Fam8a1,-0.077390428,0.999574161,-0.220808789,0.420736857,-0.286033824,0.439943939
Dusp22,-0.304894566,0.932119716,-0.320417617,0.215286349,-0.007558067,0.988113346
H3c2,0.528961487,0.999574161,0.225730637,0.706923611,-1.322398094,0.024040338
H2bc7,0.061012167,0.999574161,0.68009433,0.134575225,-0.750380054,0.233699721
H2ac6,-0.125923529,0.999574161,-0.17245042,0.77500454,-0.352806243,0.633932492
H2ac8,0.278398445,0.999574161,0.163246999,0.811291738,-1.090177779,0.091720463
H4c6,-0.002611532,0.999574161,-0.287790998,0.588776498,-0.697359868,0.262195949
H2bc11,0.284440112,0.999574161,0.193946102,0.779235601,-0.692017175,0.358972058
H2ac11,0.309694769,0.999574161,0.156199583,0.841464517,-0.771261651,0.332726041
H2ac12,0.612356412,0.999574161,0.208711033,0.787263079,-1.863717608,0.008292859
H2bc24,-0.159834022,0.999574161,0.333511715,0.578828331,0.022508764,0.98277215
H4c18,1.073736702,0.038466376,0.046252146,0.947273208,0.219014068,0.758920104
H4c17,-8.932223898,3.52018E-15,-0.226481789,0.916852815,0.235076355,0.932894117
H2bc22,-0.068458041,0.999574161,0.053686659,0.960782146,1.3057066,0.099886577
H3c3,0.353879218,0.999574161,-0.068035995,0.919209996,-1.054808363,0.053717745
Lyz1,0.719409306,0.999574161,-0.82144647,0.254815327,-0.413400409,0.728276521
Lyz2,0.015889252,0.999574161,-0.420806234,0.564350293,-0.620699534,0.513945411
Gm11733,0.400907802,0.999574161,-2.68970787,0.09417597,2.130039558,0.337499966
Cd300ld3,0.159492335,0.999574161,-0.825011299,0.158772997,0.468214813,0.61853782
Cd300ld4,0.579457669,0.999574161,1.511057175,0.381120573,-1.268642114,0.620446872
Gm10273,0.828621942,0.999574161,4.501116776,0.009547617,-1.852627887,0.522482174
Pex11g,-0.079410812,0.999574161,-1.23412021,4.49955E-05,1.058107281,0.011256822
4933406P04Rik,-0.71342309,0.999574161,-0.300845944,0.710920343,1.071947268,0.225188312
Ube2u,0.215697687,0.999574161,-0.148406519,0.961667769,1.973632818,0.439943939
Psmb3,-0.097148414,0.999574161,1.487247803,2.38263E-06,-0.829156494,0.073942701
Tmem100,5.087760808,0.157675496,1.208463695,0.69012163,-1.329096339,0.706747929
Wfdc17,1.530376623,0.288016382,-0.401280859,0.684210048,0.014667358,0.991901442
Slfn9,-0.446130084,0.999574161,-0.585459065,0.235240376,0.717003516,0.284669001
Ccdc92b,3.310829149,0.481858017,1.266207459,0.576359519,-1.825524528,0.511471257
Nlrp1a,2.6736267,0.002910588,-1.9144089,0.139128082,2.349905993,0.110975338
Ahnak,-0.225334552,0.999574161,-1.291655092,4.00554E-05,0.540689915,0.280118199
Irgm2,0.211251952,0.999574161,-0.18740352,0.525182779,-0.545144786,0.099654973
9930111J21Rik1,-0.077911299,0.999574161,0.112425857,0.744127276,-0.764671105,0.019019376
Spdl1,0.108368032,0.999574161,2.234811043,1.87216E-14,-0.727294591,0.104696922
Insyn2b,-0.034111884,0.999574161,-0.637579394,0.000941697,0.16862675,0.628622078
Hba-a2,-2.204794961,NA,-1.671980417,NA,-1.969706014,NA
Hba-a1,-2.204495195,0.999574161,-1.472841003,0.603907045,-2.467755155,0.494069393
4932416K20Rik,0.052849869,0.999574161,0.291380237,0.834979043,1.474582412,0.293430126
Fcho1,-0.092432379,0.999574161,-0.459104742,0.015997383,0.105297617,0.764942239
Fam149a,0.326786643,0.999574161,-0.799265503,0.274272505,-0.403561299,0.738145313
Mfhas1,0.453878232,0.139501795,-0.836477436,1.88541E-06,-0.258923838,0.378505527
Ndufaf3,-0.072721757,0.999574161,0.266283646,0.510633434,-0.718300713,0.121580268
Trcg1,-0.281732708,0.999574161,2.327075225,4.93657E-05,0.343485024,0.761258878
Eif3g,0.067254913,0.999574161,1.969712242,3.39907E-38,-1.048314594,2.13783E-07
Mmp27,0.960887173,0.999574161,-1.134728594,0.452682325,0.661749225,0.772871116
Tmem235,-0.753198994,0.999574161,4.002889194,0.127193216,1.77154932,NA
Qrich2,-0.433986569,0.999574161,1.077096073,0.254999898,0.804556739,0.578885926
Gpr179,-0.283579808,0.999574161,1.080433391,0.138872723,2.560117061,0.003115913
Hsf5,-0.720422755,0.999574161,2.340123446,0.000429257,-0.029815484,0.984890863
Ccnd1,0.129556082,0.999574161,0.360453132,0.29930775,-0.985083689,0.014533573
Itgad,0.338331535,0.999574161,-0.586794098,0.099093483,0.169752888,0.787304164
Capza1,-0.158108441,0.999574161,0.5520906,0.080940795,-0.663285093,0.119201921
Nlrp1b,1.653750675,0.000239752,-0.242746402,0.687222014,0.085089428,0.922729969
Tmem256,-0.292303776,0.999574161,-0.049611496,0.941115998,-0.310221577,0.636308614
Art5,-0.862451205,0.999574161,0.341959761,0.815237991,-0.104301125,0.960390758
Serpinh1,-0.11531403,0.999574161,0.147180973,0.900079057,-0.586143779,0.646483261
Tlnrd1,-0.013622628,0.999574161,0.360458938,0.25433283,-0.661297181,0.093839905
Erich6,-0.046432378,0.999574161,2.997583589,8.46094E-05,0.071375992,0.966968553
Fam217b,0.562908161,0.999574161,-0.315818451,0.792167265,0.816310016,0.555381062
Chchd2,-0.193172762,0.999574161,1.314090574,0.003168682,-0.928181064,0.154367771
Tmem132b,-0.653129715,0.999574161,2.389666054,0.000237552,0.658454873,0.573790633
Gm6505,-0.029399833,0.999574161,2.253719534,1.40466E-06,-0.629245491,0.433950585
Spaca4,-0.378666067,0.999574161,2.372121866,0.050648029,-0.947850215,0.658213327
Trmt112-ps2,0.273952705,0.999574161,0.08973501,0.982849423,-0.132363743,0.984048539
Gm572,0.002636819,0.999574161,-1.392586265,0.236886658,0.634833955,0.745855269
Vmn2r84,0.070284285,0.999574161,1.225644366,0.017734233,-0.894562644,0.245092733
Gm10282,-0.001845808,0.999574161,1.039017591,0.224197904,-0.604344389,0.660083901
Rbm44,0.69845019,0.999574161,1.852377842,0.001428101,-1.59865697,0.050578346
Ceacam20,-0.207156226,0.999574161,-0.66466454,0.420343326,1.800464229,0.054390932
Pnmal2,-0.286083907,0.999574161,-1.034969068,0.63207487,2.247949476,0.376341399
Cited4,1.52283551,0.89576735,-0.891314323,0.60036684,1.501542261,0.442941218
Bicra,0.033566048,0.999574161,-0.898413463,0.009628323,0.729359552,0.141996229
NA,0.250591549,0.999574161,-0.844648897,0.004273825,0.598890011,0.164948395
Aurkc,0.052065214,0.999574161,2.782980596,0.236368034,-0.616504743,0.880847592
Vmn2r30,-0.313013067,0.999574161,2.90815052,0.146862502,0.346251498,NA
Zfp804a,0.031297419,0.999574161,0.603056852,0.722889078,1.739816051,0.359317414
Skint3,-0.273233188,0.999574161,-0.600654469,0.544874632,0.394040429,0.789854444
Lilra5,0.389897094,0.999574161,-0.488078409,0.538597947,0.35138989,0.763538566
Ldlrad1,-0.705324842,0.999574161,0.196719483,0.916262165,1.276321035,0.492744341
Gad1,-0.531819964,0.930194188,-1.357162692,0.000647436,0.975519959,0.090253248
Gm13288,0.074390192,0.999574161,-0.528861127,0.656468738,0.270834315,0.876412493
Klhl9,0.04328452,0.999574161,-0.014410995,0.977931792,-0.505721469,0.206558344
Speer4d,-0.045712152,0.999574161,0.224339406,0.978218248,6.097540211,NA
Gm19680,2.57997112,0.999574161,1.77579952,0.57807234,-5.794495792,0.107934308
Actl7a,0.010408743,0.999574161,1.889806866,0.001232271,-1.173411214,0.191281936
Actl7b,-1.21241032,0.999574161,0.941344957,0.743126808,2.377674419,NA
Ccl19,-0.005358291,0.999574161,0.520911569,0.78613852,1.321096836,0.554598549
Ndufb6,-0.266392252,0.999574161,1.400061201,0.004648162,0.520716581,0.538986752
Gm10309,-0.136877631,0.999574161,-2.442846783,5.06431E-09,2.439842562,6.79893E-06
Camkmt,0.188473745,0.999574161,-1.124129187,0.00019854,0.431267798,0.38301774
Impdh2-ps,1.00507309,0.999574161,0.959673458,0.779866386,0.527437883,0.910591443
Rasgrp3,-0.096014527,0.999574161,0.358501686,0.140708663,-0.461469282,0.154549292
Treml2,-0.373701708,0.999574161,-1.030341855,0.000798969,0.256166213,0.647642695
Ptges3,0.213210794,0.999574161,1.988353589,3.94527E-17,-1.418704242,6.79893E-06
Lrrc73,-0.573202182,0.999574161,1.428016629,0.222847094,0.966151041,0.601602227
Jund,-0.285604994,0.999574161,-0.188163338,0.57052754,-0.289189805,0.500556069
Rpl36a-ps3,-18.8590158,NA,0.422218263,NA,24.00273158,NA
Srsf3,-0.107465765,0.999574161,0.972746511,0.000449283,-0.855301101,0.025897728
Arhgef10,-0.209197121,0.999574161,-0.599047078,0.025890085,0.314728105,0.471239432
Naip5,0.297442288,0.999574161,-0.668661634,0.018115634,0.229319474,0.64218029
Cecr2,-0.512522547,0.923527246,0.112347419,0.847321403,2.019787826,1.74858E-05
2210408I21Rik,-0.161920321,0.999574161,-1.391542012,0.000277289,0.690343349,0.247525979
Zfp946,0.23874327,0.999574161,0.100438294,0.847321403,-0.419375933,0.453276752
Zfp942,-0.244623215,0.999574161,0.411313018,0.16087112,-0.562228352,0.146745854
Rps8-ps1,0.433956313,0.999574161,1.040368888,0.459209005,-0.667881545,0.756853423
Tcp10a,1.520391837,0.999574161,3.829903919,0.082775437,-0.221544808,NA
Lsmem1,-0.205623927,0.999574161,0.868527134,0.494526343,-0.488774113,0.805286551
C1qtnf9,-0.246105447,0.999574161,1.940136639,0.174352833,0.617422322,0.804512899
Map3k5,-0.015215814,0.999574161,-1.138238764,9.34599E-07,0.603715773,0.078340649
Hpcal1,0.265079034,0.999574161,-1.171990325,9.23034E-05,2.635799136,1.42108E-13
Grid2,0.001961895,0.999574161,-0.205311484,0.906545824,1.701911118,0.293430126
Psmg4,-0.062637533,0.999574161,1.162002708,0.001976445,-0.719936516,0.204931263
H2ac7,-0.635926163,0.999574161,-0.076027131,0.941712502,0.441983429,0.667595629
Nutf2-ps1,0.071143226,0.999574161,2.452595227,6.39145E-20,-1.07692058,0.00494931
H2ac13,-0.090757362,0.999574161,0.133754986,0.827242769,-0.194643248,0.800781428
Atp5md,-0.174407094,0.999574161,1.65192226,6.10729E-09,-0.680819439,0.115914839
Gm10335,-0.381481757,0.999574161,1.026826901,0.521979154,0.772236258,0.746827952
3425401B19Rik,-0.195746158,0.999574161,-0.950686035,0.207885022,0.948476104,0.375686667
Nt5dc2,0.295443652,0.999574161,1.75996425,0.00114019,-1.540240738,0.044015345
Tigit,0.305718727,0.999574161,-0.14979319,0.883278455,1.729564646,0.046077118
Gm10339,6.440209975,NA,6.232844826,NA,-11.85953667,NA
Rom1,-0.220597354,0.999574161,-0.604984986,0.110081134,0.267356156,0.677872196
B3gat3,0.063742172,0.999574161,-0.238666928,0.373965403,-0.099826658,0.819693549
1810009A15Rik,0.092816716,0.999574161,1.707945722,6.99844E-12,-0.900819778,0.011432261
Bscl2,-0.088196014,0.999574161,0.160992949,0.702576963,1.845935558,6.83549E-07
Zbtb3,0.03266519,0.999574161,0.886752684,0.022044763,-0.845169289,0.121781402
Polr2g,-0.02297378,0.999574161,1.30136342,0.000136534,-0.826258675,0.098851845
Snx29,-0.188761876,0.999574161,-2.195554813,2.05007E-32,0.916607014,0.000366888
Gm960,-1.051440375,0.93754633,1.081325013,0.189023565,1.142056186,0.338271793
Sms,-0.231126268,0.999574161,1.245773216,6.88253E-09,-0.844470554,0.005073931
Smpd5,0.12124021,0.999574161,-0.664278844,0.142815034,0.271998925,0.72728892
Gm14698,-0.259678198,0.999574161,0.850659226,0.008220788,-0.680193111,0.14159921
Rhox4e,0.795881668,0.999574161,-0.171136956,0.941939847,0.822397594,0.728303567
Rhox4b,-0.124488288,0.999574161,-0.217330964,0.828085339,-0.234419922,0.859826613
Lrrtm2,-0.089707788,0.999574161,-1.211704078,0.001851095,0.473412171,0.468635428
Ppia,-0.094381383,0.999574161,1.918331654,6.30218E-10,-0.59438363,0.234270665
Fndc1,0.762109345,0.999574161,-0.68531421,0.75529753,2.376695657,0.30787542
Ccnf,0.421552329,0.999574161,0.672458759,0.097182879,2.806167696,2.69125E-10
Ang,0.675797364,0.999574161,-1.10395281,0.477459172,0.427094906,0.861399106
Gm10354,-0.045695261,0.999574161,0.224364271,0.979606993,5.866656479,NA
Septin5,1.479890242,0.999574161,1.414664655,0.317058946,-1.002639748,0.634472086
Tuba1a,-0.056530923,0.999574161,-0.403638717,0.066783988,-0.649470334,0.021206359
Nanos1,0.054687287,0.999574161,0.018991515,0.978578441,1.982800601,4.25012E-05
Lratd2,0.146366814,0.999574161,-0.157951549,0.685959303,-0.633596703,0.121982585
Ptrh2,-0.154280987,0.999574161,0.528268934,0.039447564,-0.576809759,0.101186751
Ear2,-0.229170387,0.999574161,-0.962386092,0.037801537,0.797466226,0.236490856
Gm10384,-0.044342013,0.999574161,-0.85337947,0.469573261,0.101517391,0.960016016
Slfn10-ps,-0.461275198,0.999574161,-0.821849689,0.149525575,1.333501223,0.066275099
Zfp783,-0.270796641,0.999574161,1.548592719,3.10058E-11,0.078375757,0.874911373
Ugt3a1,-0.058830576,0.999574161,-0.223712046,0.61855456,-0.319280185,0.597416457
NA,-5.403214317,0.580806212,-1.952862041,0.585423979,6.300531429,NA
Gm10392,-0.932311939,0.94786974,-1.452785963,0.064008769,0.916599126,0.464665374
NA,-0.17019156,0.999574161,1.902683339,0.108272071,-1.681975547,0.347107643
Tmem254a,-1.641212137,0.018575801,-0.623597639,0.321955502,0.364364627,0.722630706
NA,-0.964560083,0.250003867,-1.109858051,0.011911226,0.838856194,0.19802194
Gm10401,-0.045911289,0.999574161,6.663957691,0.331945717,-0.737595551,NA
Klra10,-0.54473524,0.999574161,-0.264030034,0.890617204,1.521039582,0.425806033
Myo18b,0.318146464,0.999574161,-1.00127338,0.179718839,1.605650619,0.086997372
Klra14-ps,-0.16160357,0.999574161,-0.035035178,0.978695637,0.657887723,0.624641476
Grcc10,-0.146051265,0.999574161,-0.019177117,0.970992966,-0.503186121,0.216517234
Gm10420,-0.48655334,0.999574161,1.424495272,0.075516414,0.486509895,0.735742839
Abcb5,-0.387372263,0.999574161,-1.163875541,0.025910654,0.711203055,0.382725432
NA,0.559547082,0.999574161,-0.894886485,0.153074612,3.885866211,2.85171E-09
Cep170b,0.115323385,0.999574161,0.235433298,0.519545816,4.76043874,1.13714E-49
Gm10434,0.623863119,0.999574161,0.807296056,0.707853635,0.994829239,0.72881735
Gm12258,-0.092625224,0.999574161,-0.431623092,0.116362235,0.334016906,0.416594175
Noxred1,0.008396801,0.999574161,-0.44528854,0.172024551,-0.203315298,0.712959779
Gm10443,-0.206992227,0.999574161,0.467834018,0.714320874,0.051753857,0.980057555
Acot1,-0.065577875,0.999574161,-1.236160419,0.052896463,3.242636401,1.22472E-05
Tmsb15l,-0.218854541,0.999574161,-0.649921533,0.103483652,0.090124354,0.905442521
Gpr174,-0.175307203,0.999574161,-0.095695301,0.687222014,-0.734257502,0.001005013
Gm5127,-0.373672646,0.999574161,-1.67158316,0.036526231,0.462703547,0.753741718
Zxdb,-0.071681758,0.999574161,0.16356229,0.793168052,-0.209401578,0.796486042
Hbq1b,-0.707578263,0.999574161,-2.206098487,0.351931667,-0.777327286,0.852227007
Xlr3b,0.880621251,0.999574161,1.347094656,0.314076457,-1.738057464,0.334120474
Gm1141,1.456327437,0.999574161,4.519394509,0.005158404,-1.618872274,0.535005223
Vma21,-0.005755949,0.999574161,0.217059217,0.5224404,-0.533595734,0.178584533
Zfp449,-0.060115621,0.999574161,-0.307475997,0.784897056,1.36113802,0.24006686
5730507C01Rik,-0.15778571,0.999574161,0.543796939,0.369613078,-0.791839817,0.328707257
Bnip3l-ps,-4.075623199,0.999574161,-3.805528511,0.530023723,9.481426446,NA
Trim10,-0.919957645,0.999574161,-0.863408801,0.710920343,-1.793390041,0.533475284
Lst1,0.255252894,0.999574161,-0.477763051,0.272776225,-0.324862494,0.630923844
C4b,0.960528648,0.717430316,0.276583242,0.734013267,0.115434078,0.921222847
Btnl5-ps,1.677144162,0.147719762,-0.250468873,0.81595494,-0.224425996,0.870955782
H2-Ab1,0.00874549,0.999574161,-0.026861418,0.944420667,-0.388406312,0.212538773
Zfp414,-0.15292997,0.999574161,-0.501635678,0.044247898,0.280298608,0.483231578
Arhgdig,-0.441820467,0.999574161,1.805996337,0.118361347,-0.794609402,0.687754845
Wdr90,-0.179747565,0.999574161,-0.636801897,0.10148653,0.112744784,0.875290264
Nme3,-0.081631096,0.999574161,0.516949289,0.216715445,-0.464860686,0.4475007
Eme2,-0.135935586,0.999574161,1.415707141,5.84275E-09,-0.443704277,0.259600563
Gm10509,-0.123915001,0.999574161,0.458725213,0.462559502,-0.443270487,0.627091471
Smok2b,-0.252511077,0.999574161,0.402755629,0.82648683,2.073902331,0.253347997
Sft2d1,-0.227760959,0.999574161,-0.089812455,0.84335474,-0.014944262,0.982157723
Csnk1g3,-0.16340452,0.999574161,-0.56319469,0.001620616,-0.127182479,0.704507818
Arl14epl,-0.188453316,0.999574161,-0.722060385,0.604736385,2.655497444,0.064984917
Ecscr,-0.57317542,0.999574161,0.142219769,0.948949616,0.887962946,0.685697893
Prob1,0.343813783,0.999574161,1.105186207,0.000493781,0.701597249,0.130561006
Gm10557,-0.061233191,0.999574161,1.779124083,5.69466E-06,-0.131074761,0.872161758
Hspe1,0.039498919,0.999574161,2.411493581,8.78993E-12,-1.09164089,0.034948052
Pgap1,-0.414373472,0.697037591,-1.260166963,4.64606E-08,-0.342227879,0.379907668
Faap20,-0.007139403,0.999574161,-0.063684189,0.860358823,-0.512625353,0.127205099
Lmbrd1,-0.122971123,0.999574161,-0.839370048,1.04148E-05,-0.1905701,0.580073491
Cdkn2b,0.330604294,0.999574161,0.994020737,0.200781996,2.683377471,0.002054625
Tufm,0.047093791,0.999574161,1.873870175,4.22615E-15,-0.865982345,0.011599234
Mup7,-0.045727116,0.999574161,0.2243174,0.973583214,6.543487947,NA
Gm5859,0.829013792,0.999574161,-0.769661512,0.639561141,2.7836716,0.099687248
Il11ra1,-0.084904948,0.999574161,-0.397267139,0.135665108,0.084136834,0.862875523
Gvin3,0.046352645,0.999574161,-0.193803954,0.462195043,-0.730129867,0.010154881
Olfr692,1.258638731,0.999574161,3.215226768,0.05976707,0.101862542,0.976257833
Mob3b,0.237228263,0.999574161,-0.33295636,0.431448506,-0.036221031,0.960390758
Hbb-bt,-2.197006756,0.999574161,-1.72458003,0.50121788,-1.837482501,0.610043202
Rhog,0.074797117,0.999574161,-0.541946488,0.009939774,0.059001186,0.886390588
Omp,0.0406577,0.999574161,-0.124542004,0.85868161,-0.339638825,0.683380818
Osgin1,0.737267776,0.999574161,-1.178128319,0.098068231,0.88249031,0.399401606
Svip,0.024703676,0.999574161,-0.061989388,0.959294417,-0.902052812,0.378628371
Cmtm2a,-0.006436236,0.999574161,-0.816413729,0.342516535,0.195102569,0.895147706
Il4i1,0.16021599,0.999574161,1.704731636,1.73849E-19,0.126986539,0.741550185
Zfp788,0.021306699,0.999574161,0.468507532,0.029923868,-0.623651578,0.028693158
AW146154,-0.101425263,0.999574161,0.38616645,0.230982924,-0.45850988,0.300298306
Znhit6,0.110486635,0.999574161,2.369670794,3.63644E-49,-1.056243133,9.54327E-07
G430095P16Rik,-0.225297035,0.999574161,-0.907629786,0.461868072,0.64142356,0.734265646
Sdhaf1,-0.16347972,0.999574161,1.909068657,1.58221E-13,0.801554911,0.035105098
Gm10642,-0.001364032,0.999574161,-1.992569574,0.002135031,1.66080696,0.062800294
Gm10644,0.168396037,0.999574161,-0.611953249,0.208169706,-0.016303552,0.985927477
4932431P20Rik,-0.337854896,0.999574161,-1.613763665,0.329677117,4.045966496,0.026043158
Gm10645,0.151986492,0.999574161,-0.780265116,0.212811934,-0.140564019,0.900797959
Gm10651,-0.962596003,0.999574161,1.447062123,0.5321329,0.826891435,0.816702049
Gm10654,-0.122958304,0.999574161,2.769683101,0.022884981,-0.562394273,0.808139752
Ceacam1,-0.277630519,0.999574161,-2.168892288,9.30983E-16,0.568972991,0.186307588
Phldb3,-0.206235431,0.999574161,-0.732641961,0.001628356,0.38482669,0.291081031
I830077J02Rik,0.552478924,0.849628748,-0.727421223,0.064655857,-0.938315563,0.072762936
Tmigd3,0.389744145,0.999574161,0.230853889,0.850932702,-0.740870241,0.598678476
Ehd2,-0.292065221,0.999574161,-0.390251344,0.298441101,0.217408373,0.719585666
H3c13,0.102565147,0.999574161,-0.515433696,0.16087112,0.104271938,0.875142433
Gm10689,-0.996138864,0.999574161,0.5932993,0.602297338,0.143670585,0.937871678
Gm14548,0.027589182,0.999574161,-1.660130685,1.96672E-07,0.389265259,0.490546876
Gm15448,-0.121957955,0.999574161,-2.327150836,3.04003E-12,0.70795121,0.179029368
Gm10693,-0.418602464,0.999574161,-2.118416152,1.50826E-06,1.066453231,0.106325415
Gm15319,0.572047341,0.999574161,1.943747723,0.058093897,-0.099590128,0.960466625
Gm10702,-0.239802608,0.999574161,-0.700601829,0.823850259,2.782100542,0.39947687
Rtraf-ps,-0.341462416,0.999574161,1.656961712,0.627694835,1.274295252,0.794764201
Mex3a,-0.25825919,0.999574161,2.29678466,1.3918E-21,-0.99289854,0.004287133
NA,-0.083416413,0.999574161,-2.152282541,2.8312E-15,1.523103204,3.02134E-05
Zfp558,0.254040057,0.999574161,1.905067955,4.05419E-08,-0.644004723,0.249973615
Fat3,-0.855968333,0.999574161,0.209673319,0.91620567,2.064226193,0.247989417
Gm10705,-0.099384179,0.999574161,1.185675322,0.004754473,-0.79572551,0.205370962
Arfip1,-0.12616414,0.999574161,0.003506826,0.992711513,-0.183439738,0.693037448
Gm14327,0.196533988,0.999574161,0.63991332,0.265227994,-0.591530796,0.480802636
Gm10720,-1.825415096,0.999574161,0.200582263,0.964668543,7.396535906,0.016664697
Kcng1,0.189986841,0.999574161,-1.798512923,3.56827E-08,0.43648371,0.438856993
Ripor3,-0.266505873,0.999574161,-0.142144035,0.902943341,0.167163492,0.906695331
Mgst2,0.025151572,0.999574161,-1.400674915,1.08287E-08,1.444822512,5.92871E-06
Tox2,0.601525461,0.999574161,-0.452635521,0.762315124,0.780250391,0.678188629
1700034I23Rik,-0.077894238,0.999574161,-1.645434662,0.002366466,0.798454072,0.352223991
Mafb,0.541854592,0.999574161,-0.686104094,0.162476903,0.739214914,0.278828109
Arhgap40,1.416337534,0.999574161,6.607471662,0.001309606,-0.737588657,0.858044517
Tldc2,-0.349739238,0.999574161,-2.228894886,0.017942141,0.980876966,0.533475284
3110070M22Rik,-0.143204091,0.999574161,0.658330555,0.582798004,1.155578591,0.441231662
Lrrc31,0.166822856,0.999574161,0.067583458,0.970290601,-0.200040281,0.913517482
Eif2s2,0.16256424,0.999574161,1.733930594,3.22497E-27,-1.038360225,1.14557E-06
Tspyl3,-0.009882785,0.999574161,-0.176549612,0.664079051,-0.178327268,0.753089155
Ttll9,-0.160829084,0.999574161,0.018555196,0.978578441,2.20567774,2.9828E-06
Sirpb1c,0.128712375,0.999574161,-0.474879424,0.617485483,0.120001506,0.936056885
Gm10750,-0.320750815,0.999574161,-1.294057865,0.078203959,0.724665981,0.542540047
Thbd,-0.437158282,0.999574161,-1.003459713,0.087205819,1.091083062,0.176673654
Arrdc3,-0.062409718,0.999574161,0.895009338,0.00113139,0.983855145,0.007759604
Gm4149,-0.288230959,0.999574161,0.425854282,0.807014468,0.692847927,0.753054182
Gm10762,-0.667145667,0.999574161,0.511227503,0.45912299,0.495772613,0.618980819
Gm10774,1.422670637,0.999574161,6.012716214,0.243824012,0.941009122,0.918109083
Zfp934,-0.204425848,0.999574161,0.839262144,0.069764478,-1.015433711,0.108135857
Zfp808,0.015680333,0.999574161,0.274604997,0.455630497,-0.478487134,0.303325838
Grk6,-0.236903459,0.999574161,-0.711253361,0.001807374,0.16124906,0.705388467
Ifit3,-0.11189165,0.999574161,-0.976683688,0.039455766,0.33811473,0.685268064
Sptbn5,-0.083933776,0.999574161,-1.152098213,0.002352615,1.981097837,2.0517E-05
Gm2058,-2.33788836,0.999574161,-0.64244153,0.882834241,4.262763873,0.312086972
Ranbp6,-0.070675504,0.999574161,0.521146207,0.108091102,-0.539684971,0.235381519
Chst14,0.281895934,0.999574161,-1.002295369,0.001394448,1.176598427,0.003854362
Pak6,-0.031433365,0.999574161,-0.947788291,0.163826033,2.059504511,0.010654357
Gm13981,0.089441795,0.999574161,0.60281893,0.792616861,1.203288606,0.667568547
Grem1,-0.087910794,0.999574161,-0.455409759,0.655965995,1.469166463,0.187048368
Actg-ps1,0.130636401,0.999574161,-1.41513697,0.189839714,1.498556486,0.307690484
Gm10800,-1.797783442,0.999574161,0.497825176,0.909051777,7.815733576,0.028660465
Gm10801,-1.706752023,0.999574161,0.581231762,0.891236361,7.700016716,0.029069525
Accsl,-0.031676493,0.999574161,1.09107446,0.763101275,3.849694257,NA
H2bc3,0.027019943,0.999574161,-0.101054943,0.878962746,-0.843954841,0.161169953
Gm4981,-2.057555665,0.999574161,-0.438881166,0.922117461,6.826690705,0.067860739
Duxf3,-1.465694113,0.999574161,1.621128624,0.787678141,6.775790408,0.278403464
Yae1d1,0.020894091,0.999574161,1.79853018,3.16127E-12,-1.065107064,0.003345688
Olfr1506,-0.045779595,0.999574161,4.194302801,0.264862541,1.952630734,NA
Cd80,0.500458591,0.665628053,0.300979407,0.387884562,4.436581007,1.36983E-43
F930017D23Rik,-1.086470437,0.999574161,-1.54125528,0.481570233,0.892265386,0.791350071
Znhit2,-0.17244038,0.999574161,0.568440938,0.085236632,-0.440301923,0.372432687
Ccdc58,-0.064280548,0.999574161,1.56591731,1.35515E-10,0.517537006,0.176949253
Amd1,-0.042978468,0.999574161,1.342832298,6.33063E-07,-1.263148494,0.000506583
Cenpw,-0.111578556,0.999574161,-0.316755329,0.566656561,-0.223494915,0.78698858
Gm10819,0.203060292,0.999574161,-1.255690795,0.125391991,2.63826826,0.006722601
Pde11a,-0.101552653,0.999574161,0.212363795,0.850119249,1.633537089,0.115643866
Ttc30a1,-0.128309951,0.999574161,1.199741019,0.002242985,-0.584748162,0.352048777
Ttc30b,-0.345533755,0.999574161,-0.480128414,0.263206777,0.149894306,0.843432247
Mrpl23-ps1,-0.197767585,0.999574161,1.425234324,3.96534E-08,-0.390242925,0.372364505
Wipf1,-0.057085097,0.999574161,-0.477944829,0.078390714,-0.277979063,0.520494264
Carns1,-0.225943545,0.999574161,-0.981448383,0.000969575,0.537925313,0.240427438
H60b,-0.053338129,0.999574161,-1.282862879,4.49612E-08,0.808801458,0.014808261
Gm13597,-0.335385644,0.999574161,-1.687940006,0.124101522,1.291732708,0.428080392
Zbtb2,-0.29294616,0.999574161,0.938017014,0.000261292,-0.682235072,0.064806187
Smim6,0.110164766,0.999574161,-0.267568612,0.568401789,-0.255874825,0.703234075
Olfr288,-0.138989358,0.999574161,-1.508216917,0.017256435,1.161793838,0.206661772
Dnlz,-0.15188386,0.999574161,1.328463452,4.69807E-08,-0.602321409,0.101007299
Alg10b,-0.029282835,0.999574161,0.925592222,0.003971027,-0.726327987,0.115656133
Aarsd1,-0.096314064,0.999574161,1.436716623,2.19399E-06,-0.771967258,0.08679337
Nrbp2,-0.440609752,0.999574161,0.154618839,0.927851527,1.048823141,0.53034553
Nynrin,-0.280671889,0.999574161,0.027449683,0.986617896,0.455763987,0.839982603
Zfp652,0.001778864,0.999574161,-0.171340202,0.463497654,-0.199025341,0.539673185
Smok3c,-1.472993185,0.999574161,1.243603109,0.75277399,5.916610914,0.128965144
Smok3a,0.806529565,0.999574161,0.083259324,0.977158499,1.708365234,0.480242729
Slurp2,-1.078339416,0.999574161,3.688378612,0.001873905,0.584188203,0.813704358
Gpx4,-0.087735248,0.999574161,-1.004915655,3.10704E-06,0.325203098,0.364014541
Ywhaq,0.003629953,0.999574161,1.299433728,6.25471E-08,-1.014529988,0.002136723
Acsf2,0.400164741,0.809408331,-1.628597284,3.17861E-11,0.209239136,0.656497055
Ass1,0.362757735,0.999574161,0.242862999,0.518778142,2.996870262,1.2187E-18
Trbj1-5,0.290590648,0.999574161,0.866974433,0.5838937,-0.050280529,0.984939025
Trbj1-6,0.501927152,0.999574161,-0.091014419,0.969641114,0.98474899,0.634658652
Trbc2,-0.170383119,0.999574161,-0.256094611,0.615353375,0.079499821,0.918844483
Trbv31,-0.354648742,0.999574161,-0.793999436,0.604620157,3.528973324,0.019306232
Igkv2-137,0.130408691,0.999574161,0.184885684,0.783033277,-0.205876676,0.81769116
Igkv17-127,0.223102821,NA,0.432268944,NA,0.808977704,NA
Igkv9-123,1.187499852,0.609668037,0.197674597,0.849288766,0.899029914,0.39947687
Igkv2-112,0.313979588,0.999574161,0.410381723,0.634350574,0.253440132,0.843637633
Igkv16-104,0.872504407,0.806009598,0.334522332,0.660680992,-0.251377233,0.817603256
Igkv15-103,0.021358658,0.999574161,0.19436137,0.895704476,1.277515064,0.372267526
Igkv1-99,-0.813940014,0.999574161,0.357248514,0.791244274,0.694567576,0.680018169
Igkv11-106,-0.036449403,0.999574161,-0.495610717,0.70369411,-0.23458949,0.903628581
Igkv12-89,0.93734744,0.999574161,0.887195538,0.43108162,0.193686785,0.917095841
Igkv4-86,0.829258155,0.999574161,0.39793929,0.671345989,-0.390655817,0.762004667
Igkv13-84,0.609108631,0.872308815,0.568680347,0.229603449,-1.189722354,0.038560275
Igkv4-81,-0.205508093,0.999574161,-0.5497575,0.167991151,-0.194387929,0.780176718
Igkv4-80,-0.304952159,0.999574161,-0.945810735,0.157954256,0.233179123,0.84709928
Igkv4-79,-0.118709324,0.999574161,0.267824977,0.626902604,-0.534584989,0.436161918
Igkv4-72,0.58016617,0.999574161,0.378585704,0.571372471,-0.209698307,0.837630454
Igkv4-69,-0.093716534,0.999574161,0.677635027,0.162788859,-0.72944012,0.291642295
Igkv4-68,0.789826724,0.999574161,0.193818271,0.8578912,-0.557202999,0.654402839
Igkv4-63,0.479232382,0.999574161,-0.042390189,0.970437943,-0.234575867,0.839981431
Igkv4-61,0.274041129,0.999574161,-0.103890115,0.965017361,1.753804308,0.363556298
Igkv4-57,0.560275107,0.999574161,0.121956769,0.899146887,-0.088893014,0.941677765
Igkv4-83,-0.602031426,0.999574161,-0.113347813,0.94505355,-1.058619191,0.512580779
Igkv4-50,1.794515063,0.741967236,-0.094967814,0.964869923,-1.606920115,0.355804737
Igkv5-39,2.76935513,0.699399021,0.444662625,0.861770658,1.336504841,0.646951339
Igkv12-38,0.779003829,0.999574161,0.026737366,0.983427078,-0.640920373,0.706088346
Igkv5-37,0.428461161,0.999574161,-0.131198857,0.94505355,0.343684861,0.866346161
Igkv7-33,-0.040117489,0.999574161,0.188539189,0.870188561,-0.055214589,0.972143486
Igkv6-32,0.268957114,0.999574161,0.217236194,0.745800746,0.147401066,0.875142433
Igkv6-29,-0.615029295,0.999574161,-1.045452964,0.335983914,0.21441611,0.909924459
Igkv8-27,0.317513522,0.999574161,0.30294226,0.690678131,0.277186159,0.792176253
Igkv8-24,0.34095951,0.999574161,0.560000229,0.474423859,0.25143877,0.841208116
Igkv3-10,0.571742386,0.650220241,-0.042418178,0.944440182,-0.464823387,0.376298466
Igkj2,0.184108278,0.999574161,0.054285746,0.955278025,0.155101851,0.87749794
Igkj3,-0.338777714,0.999574161,-0.132157285,0.743179793,-0.331263706,0.494645159
Igkj4,-0.016230537,0.999574161,-0.017935491,0.978578441,-0.167785413,0.820435119
Igkj5,0.078580552,0.999574161,0.115996844,0.902593641,0.481264556,0.634658652
Igkc,0.736485506,0.93754633,0.282386295,0.713964961,-0.012487153,0.991377646
Ighg2c,2.168475616,0.94786974,0.006129951,0.998132492,0.48284279,0.881930321
Ighg2b,2.900269988,0.299255015,-0.119195696,0.964524165,0.674966256,0.794802754
Ighg1,3.672327116,0.003864351,0.840729626,0.550032695,-0.774770504,0.700727598
Ighg3,1.220937112,0.892199085,-0.10253364,0.94920952,0.733340684,0.63146761
Ighm,0.527453221,0.999574161,0.159202787,0.830124155,-0.071447501,0.945155329
Ighj3,0.15223776,0.999574161,-0.958191842,0.018340028,1.239686459,0.019748799
Ighj2,0.487695129,0.999574161,-0.332760658,0.614218458,0.924233943,0.215995703
Ighj1,0.607230548,0.999574161,-0.057540321,0.960782146,0.571512505,0.579418176
Ighv2-6-8,0.913784758,0.999574161,0.229705966,0.864019352,-1.053470464,0.453276752
Ighv7-3,0.783926573,0.89576735,0.37036693,0.62219817,0.144312719,0.899601215
Ighv4-1,1.223642532,0.042056175,0.446622464,0.396520861,-0.087832292,0.920972269
Ighv7-1,-0.376449577,0.999574161,0.437832551,0.566656561,-0.386789548,0.726561428
Ighv14-4,-0.241042941,0.999574161,-0.113374536,0.801576004,-0.124082916,0.838431135
Ighv3-5,1.71599507,0.999574161,0.424453625,0.86710446,-0.114158587,0.974092311
Ighv3-6,0.728909839,0.999574161,0.861341828,0.387791926,-0.551019032,0.722630706
Ighv3-8,0.806079358,0.756612486,-0.139862797,0.85986616,-0.434611084,0.628622078
Ighv12-3,0.174868753,0.999574161,0.265269372,0.732149175,-0.257606984,0.809609963
Ighv6-3,0.54062488,0.999574161,-0.17112752,0.853945357,0.656050404,0.519829166
Ighv6-6,0.998325658,0.999574161,0.116338732,0.94505355,0.129525228,0.947754019
Ighv1-18,0.573115362,0.999574161,0.095622606,0.924122113,-0.021808515,0.985927477
Ighv1-47,0.996157967,0.930194188,0.150680087,0.902943341,-1.292064364,0.253809474
Ighv1-49,0.095441541,0.999574161,-0.059889107,0.95894165,-0.936136653,0.331293915
Trgc1,-0.422537956,0.999574161,0.188677332,0.914081599,0.378991891,0.855478522
Traj12,0.126083335,0.999574161,0.16258876,0.94505355,1.230433857,0.578192653
Iglv1,0.322040782,0.999574161,0.425591776,0.334359386,-0.903448186,0.088271669
Iglc2,-0.109291415,0.999574161,0.150777503,0.658615557,-0.442401269,0.246921046
Iglv3,-0.223566052,0.999574161,-0.031570418,0.941235207,-0.209575082,0.613319408
Rps12l1,-0.604040346,0.999574161,1.247199429,0.751719621,0.435935626,0.940152553
Rpl23a-ps3,1.760766555,NA,1.551031865,NA,1.795545987,NA
Gm2399,0.783411976,0.999574161,-0.96706578,0.651697061,0.211753855,0.949288171
Capns2,-0.020779396,0.999574161,-1.228484205,0.074239337,0.359780595,0.770277285
Psme2b,0.091105864,0.999574161,0.382036465,0.016349564,-0.655294185,0.001178758
Gm12184,1.770729955,0.89576735,1.182088206,0.452397237,1.077740306,0.618967907
Lenep,3.564669987,0.999574161,4.889811384,0.417242166,0.330853354,0.975924207
Gm20900,-0.339612524,0.999574161,0.07071815,0.936152208,-0.268767993,0.777560804
Gm15610,-0.906277044,0.999574161,-0.613871103,0.645295129,0.648006967,0.731348405
Chml,-0.225685955,0.999574161,0.370140879,0.191854629,-0.820910119,0.016351156
Gm12854,-0.257642564,0.999574161,0.786482985,0.57052754,-0.861391069,0.65808113
Hmga1b,0.287288918,0.999574161,1.73663649,0.347036336,0.756563636,0.798780116
Gm2606,-0.411077602,0.999574161,-1.324422231,0.497865912,1.535389214,0.569435333
AW011738,0.81518675,0.00062775,0.027248697,0.947581087,-0.476071821,0.140808765
Smim1,0.301744781,0.999574161,0.879330488,0.039155568,-1.078682027,0.06279042
Mos,1.632663559,0.999574161,4.332569981,0.017426675,-1.425413155,0.637073757
Gm4294,-1.283307927,0.999574161,1.283118481,0.888489774,0.916953174,0.937776883
Ctdsp2,-0.121117071,0.999574161,-2.571336813,1.76697E-40,0.829271168,0.0025083
AU041133,-0.146694853,0.999574161,0.009668281,0.982346568,-0.338254484,0.519814294
Smim24,-0.255677411,0.999574161,-1.80304973,4.64218E-08,0.819525034,0.099687248
Raet1d,-0.50087523,0.999574161,1.284262181,0.095984962,0.276690034,0.848200891
Zfp268,0.097299183,0.999574161,0.302121371,0.363593351,-0.643541433,0.107760295
Nkain1,-0.454759631,0.999574161,3.920067507,0.00343393,-0.817846978,0.755174754
Bnip3,-0.159913673,0.999574161,-0.304776261,0.414270775,-0.658302548,0.148740271
1110065P20Rik,-0.207913347,0.999574161,1.343776853,0.000312534,-0.592265989,0.328707257
Ccdc24,0.082609465,0.999574161,2.573999627,0.022539468,-0.615025136,0.768166577
Gvin2,0.676412449,0.036368973,-0.490742234,0.047307271,-0.883025796,0.004503517
Gm5901,-4.21943625,0.819239543,-3.949375626,0.227120302,10.66363784,NA
Trim30c,0.326169857,0.999574161,-1.201220653,0.001420918,-0.042588451,0.958312041
Marchf10,-3.050746505,0.999574161,-2.780685325,0.528375876,8.745871939,NA
Lrrc37a,-1.129709627,0.999574161,-0.378176805,0.925695972,5.241056178,NA
Gm7336,-0.174423393,0.999574161,0.01120846,0.994916686,0.149750817,0.951893981
Gm17546,0.070238114,0.999574161,-1.106280707,0.04539868,0.735829593,0.381112865
Aoc2,0.045744749,0.999574161,1.99747653,4.36249E-19,-0.547095616,0.115570496
Psme3,-0.125490744,0.999574161,1.848803149,4.93014E-18,-0.814731756,0.007799344
Cisd3,-0.031226234,0.999574161,-1.187886309,5.77239E-07,-0.233870387,0.603933068
Tomm5,-0.155654606,0.999574161,2.093591958,1.28972E-12,-1.393215848,0.000608815
Gm12394,-1.280565808,0.999574161,0.084105691,0.977931792,2.186938895,0.3856212
Haus5,-0.140865987,0.999574161,-0.425030169,0.105163167,0.26527053,0.520880136
Rad54b,0.4186899,0.999574161,1.501357986,0.001106455,-1.210837787,0.065040458
Zfp59,-0.171389671,0.999574161,1.429285848,2.66875E-09,-0.917038004,0.006965928
Gm5150,0.408455706,0.999574161,-0.079987627,0.916852815,-0.225419771,0.792798394
Gm9733,0.605868048,0.999574161,0.370712991,0.788230218,-0.591386089,0.739434712
Rbis,-0.142115115,0.999574161,1.701745541,1.75431E-17,-0.773924988,0.006970324
Dph1,0.162661047,0.999574161,2.001943538,1.19168E-15,-0.807684815,0.027352994
Dact3,-0.672303633,0.999574161,0.433764677,0.586232981,6.572698523,1.64457E-21
Ceacam15,2.349272052,0.999574161,0.148416423,0.978578441,1.818813331,NA
Eif5a,0.094320824,0.999574161,2.381084561,8.61439E-18,-1.024740611,0.010190246
Prkcg,-0.587895972,0.999574161,-1.426413622,0.013001747,0.628996446,0.511471257
Gm10999,0.433632087,0.999574161,-0.32774034,0.851299703,0.718204314,0.73407745
H2aw,-0.130976496,0.999574161,-0.486160967,0.274312429,0.513815591,0.410585103
Gm14322,-0.43517609,0.999574161,-0.398813724,0.882956904,0.328592206,0.922962434
Gm14418,0.149953192,0.999574161,0.675983794,0.528687601,-0.81898496,0.579767744
Gm14434,-0.624616729,0.999574161,1.938823631,0.301840168,0.703220041,0.826085102
Gm2026,-0.333273295,0.999574161,0.094805023,0.907669788,-0.599069386,0.466964294
Gm14288,2.376246652,0.999574161,8.502613314,0.01246062,-2.736065357,0.635143136
Gm4724,-0.02442661,0.999574161,1.143907528,0.008848082,-0.469778926,0.523778018
Gm14440,-0.088250504,0.999574161,0.048330692,0.955345349,-0.667873575,0.352080428
Fam186b,-0.523249745,0.999574161,1.368152106,0.55392951,2.405281935,NA
Gm11011,-0.246381838,0.999574161,-0.620701329,0.583043191,0.516365105,0.753942953
Ifi47,-0.049510651,0.999574161,0.955651854,0.009387715,-1.288631461,0.007542437
Tgtp2,0.52054254,0.883797316,-0.153487109,0.767363557,-1.16794043,0.015512433
Pdf,-0.092786099,0.999574161,1.256781447,0.000488655,-0.785258948,0.14336265
1700025C18Rik,0.237287859,0.999574161,3.149179113,0.045497115,0.910675669,0.746287111
Ak6,-0.278312882,0.999574161,1.265886764,1.63784E-08,-0.775089804,0.015122693
Naip6,0.124029462,0.999574161,-0.867594808,0.042709879,0.330676049,0.652708206
Naip2,0.259419902,0.999574161,-0.420891482,0.105628281,0.084325152,0.860058757
Gm11027,-0.09166587,0.999574161,-0.092448534,0.951782254,2.111174503,0.059300571
Zfp456,-0.195111581,0.999574161,0.503784162,0.116821546,1.880711813,1.58115E-07
Samd1,0.036901361,0.999574161,1.922371977,6.54125E-10,-1.891715255,3.952E-06
Gm14147,0.988126319,0.999574161,1.968271582,0.618297919,1.485650431,NA
Gm14139,0.548907471,0.999574161,1.4764453,0.13948384,-2.358622101,0.077083782
Serpina3i,0.249354674,0.999574161,-0.53283927,0.688243062,-0.114082861,0.956101869
Ifi27l2a,-0.440004565,0.999574161,-1.111258894,0.004091799,0.655954019,0.267987724
Ly6c1,-0.216560159,0.999574161,1.132484522,0.127193216,1.113643462,0.290015873
Gm21961,0.03961769,0.999574161,-0.655007915,0.329456752,1.225327841,0.138453626
Gsdmc,-0.976789073,0.999574161,3.05924325,0.199265316,1.824804645,NA
Mef2b,0.637228282,0.964930404,1.913253688,3.66683E-05,2.109288249,0.000535482
Alkbh1,-0.131445748,0.999574161,1.82443904,4.76047E-21,-0.52650008,0.074092898
Prnp,0.567088568,0.563034413,-0.234846168,0.560169184,0.019742358,0.977080786
Fastkd5,-0.151965397,0.999574161,1.360056542,4.47779E-09,-0.820646722,0.013041738
Gm11042,-0.287972648,0.999574161,-0.466571008,0.688827011,1.259154204,0.345337763
Hmgn2-ps1,1.261516303,0.999574161,1.91585964,0.111181315,-0.798184348,0.69397899
Slc28a2b,-0.018455221,0.999574161,-0.683824946,0.000818693,0.252120011,0.465763555
Gm3086,-0.133353885,0.999574161,-0.153707327,0.860512918,0.151825286,0.89314217
Ccdc82,0.095070275,0.999574161,-0.746854356,0.002665858,0.029025909,0.956575335
Tgm7,0.512237889,0.999574161,0.717804297,0.833907543,2.466252489,NA
Prps1l3,0.023875478,0.999574161,1.422546639,1.73926E-07,-0.837449265,0.03271857
Gm8818,0.028490063,0.999574161,-1.138867622,0.030565857,2.529862822,3.79335E-05
Gm4204,5.362005949,0.999574161,0.224170523,0.979838575,0.817797959,NA
C030005K15Rik,-0.413288472,0.999574161,-0.213680089,0.809495724,-0.45553259,0.682668938
Psme2,-0.061706351,0.999574161,2.234225035,4.707E-15,-0.679918064,0.123327372
Gm6565,-0.215031797,0.999574161,1.003951366,0.251259937,-0.791840692,0.548374256
Gm9531,-0.228684646,0.999574161,2.382557979,1.41034E-05,-0.727053581,0.436161918
Clec7a,-0.697415952,0.999574161,-0.683461747,0.346884047,0.870303914,0.374337882
Klrb1,-0.153473927,0.999574161,-1.6668724,0.087230912,4.747719374,6.34903E-06
Lemd1,0.058204178,0.999574161,0.194816214,0.901940165,1.206847526,0.433796962
Ifit1bl1,-0.266961991,0.999574161,-1.466160841,3.88736E-07,-0.921024565,0.0277066
C1s2,0.807967815,0.999574161,-1.196170414,0.85139268,4.306768493,NA
Gm9006,0.068549676,0.999574161,-0.800076095,0.667775346,4.013083552,0.030125127
Gm43302,-0.443605039,0.999574161,-0.374109827,0.911093175,0.413724306,0.918293038
Gm8334,1.491318216,0.999574161,2.445773161,0.777818489,3.549872348,0.750964093
Gm3443,0.040346862,0.999574161,-1.560980843,0.340981571,1.382014956,0.55836175
Gm3298,1.427592614,0.999574161,1.928048188,0.205730671,-0.511097738,0.845846207
Gm11110,0.054057055,0.999574161,-0.020649393,0.978218248,-0.768093699,0.210449459
Cntf,-0.155182787,0.999574161,1.159650557,0.001402426,-0.873574788,0.100796159
St6galnac4,0.018410459,0.999574161,1.85333669,4.80044E-18,-0.543702726,0.098857435
B3gnt7,0.206363571,0.999574161,1.42011296,0.043875163,0.513077349,0.674972759
Prdm12,0.800441875,0.999574161,1.0781113,0.617968,0.635045209,0.842635964
Utp14b,0.164109613,0.999574161,1.323301058,2.65756E-09,-1.24508495,2.38624E-05
Znrd2,-0.220640678,0.999574161,2.140426355,2.33186E-17,-0.895062218,0.014668217
Phyhd1,0.001900142,0.999574161,-0.538838094,0.107714547,0.27553773,0.616638351
Apoo,0.178910629,0.999574161,1.599017581,0.000180898,0.362013313,0.644185921
Tmsb10,-0.128258485,0.999574161,0.184152391,0.457586897,-0.466094064,0.103855263
Igkv13-85,1.787813666,0.03312399,0.314175036,0.714550476,-0.652760233,0.53629587
Igkv13-87,-0.275966758,0.999574161,1.507288059,0.197495134,-0.7971007,0.685268064
Kifc1,0.479119801,0.930194188,-0.08599965,0.884251925,3.138519027,4.17873E-14
Marchf2,-0.407403849,0.93754633,-0.488368216,0.147453146,0.297330821,0.578266692
Hoxa3,-0.674524647,0.999574161,-0.360170768,0.828380199,1.66249629,0.332782959
Pglyrp2,0.17757704,0.999574161,-0.308333503,0.242863467,-0.089261915,0.846771155
Rbpj-ps3,3.456332402,0.536328212,5.083028256,0.003424183,-2.396188702,0.362913424
C1qtnf5,-0.428873186,0.999574161,1.069821249,0.626469541,0.507639649,0.87749794
NA,2.385301959,0.999574161,1.207785312,0.728351806,3.16000507,0.375686667
Rhox4f,0.090548689,0.999574161,-0.582946629,0.211875158,0.312217979,0.682461944
Rhox4c,-0.270533041,0.999574161,-0.955712113,0.421946163,-0.38693156,0.845049695
Rhox4a,-0.549171818,0.999574161,-0.475786876,0.722207535,1.053818491,0.516546409
Rpl39,-0.026647311,0.999574161,0.05878063,0.945513064,-0.664211216,0.371777748
Fam71f2,-0.062443478,0.999574161,2.026770769,0.005780978,0.572375527,0.664120534
Rab26,-0.038560391,0.999574161,1.87146206,4.35034E-06,-0.475853665,0.511389633
Tmem243,-0.174165298,0.999574161,0.007198536,0.982366714,-0.273329367,0.483231578
Fdx2,-0.070763995,0.999574161,1.820303264,9.66455E-14,-0.408679361,0.320636603
Zglp1,0.299733265,0.999574161,3.069071506,9.56685E-09,-1.475387294,0.06373353
Dynlt2a1,-0.230844722,0.999574161,0.904231518,0.147079324,0.958903218,0.270321319
Dynlt2a2,0.487122732,0.986923909,1.431442663,6.07328E-05,0.485126671,0.409470954
Xlr4a,-0.027351993,0.999574161,0.526745276,0.395912727,-0.36421529,0.702813585
Klra4,-0.194093248,0.999574161,-0.184535721,0.841464517,0.900468468,0.337059534
Klra1,-0.808900135,0.809408331,-1.156606193,0.040106801,0.855192738,0.318232483
Gm10698,0.150053384,0.999574161,1.698167234,0.001915928,-1.150192755,0.153283778
Gm16073,0.208892531,0.999574161,0.303459665,0.805283764,-0.252223157,0.87749794
Cox5b-ps,-0.010030876,0.999574161,-0.128763189,0.955606999,-1.14494795,0.604745221
Gm5566,0.032446821,0.999574161,2.014988276,0.070753441,-1.146904052,0.530659436
Gm5915,-0.25248108,0.999574161,-0.713335297,0.098988858,0.188098723,0.811564759
Gm14448,-1.177874184,0.999574161,0.452758537,0.882956904,1.707165325,NA
Gm12340,0.462266557,0.999574161,-0.441022991,0.715381548,-0.213632347,0.902975168
H2bu1-ps,-0.047736802,0.999574161,-0.453992287,0.350993716,0.052900018,0.951893981
Gm16077,-0.263040912,0.999574161,-0.787299248,0.306866862,0.921628122,0.383228767
Gm12543,0.06994421,0.999574161,-0.76446667,0.19227074,0.927867937,0.243093973
Gm6368,0.5432523,0.999574161,2.720002136,0.022798524,-1.430363839,0.454981235
Gm12174,-0.223776017,0.999574161,0.83381557,0.462753552,-1.392350556,0.354929794
Gm8250,-0.033525669,0.999574161,-0.722304715,0.098807446,0.510156429,0.444043746
Gm9159,0.249443473,0.999574161,-0.540716091,0.299858053,-0.276334568,0.746827952
Gm9385,0.469149747,0.999574161,1.01271346,0.432768478,-0.415166454,0.843685047
Rpl30-ps3,-0.037020118,0.999574161,0.80327239,0.227505678,-0.41299776,0.706596077
Gm7332,1.862678886,0.999574161,1.910144009,0.74929795,0.057170642,0.994429586
Rpl22-ps1,-0.267457511,0.999574161,-0.003763569,0.996563328,-0.335199872,0.766588979
Rpl10-ps6,-0.272065837,0.999574161,-0.653733234,0.554387582,0.312847831,0.855653494
Ndufa12-ps,-0.533500998,0.999574161,0.177832608,0.888700818,0.179340441,0.909924459
Gm14567,-0.40478419,0.999574161,0.417541457,0.82648683,-0.222722748,0.932091938
Ywhaq-ps3,0.143547031,0.999574161,1.42003078,0.007919723,0.122188714,0.908524003
Gm12269,0.052311537,0.999574161,-0.909544465,0.225772844,-0.701901194,0.55266864
Gm12463,0.012817521,0.999574161,1.314151684,0.05219143,-0.933715477,0.371057246
Gm15925,-0.676202915,0.999574161,-1.206618781,0.051682502,1.115779773,0.210960828
Got2-ps1,-0.149898616,0.999574161,-0.832113521,0.344813966,0.558554906,0.684269442
Gm9208,-0.213880281,0.999574161,-0.701999721,0.01431259,-0.129084746,0.815597505
Gm16056,2.032805188,NA,2.848560384,NA,19.49667106,NA
Gm16128,-0.450450802,0.999574161,-1.036265481,0.322483978,0.635189203,0.705388467
Gm11490,-0.550115638,0.999574161,-1.333341493,0.199265316,1.046198433,0.506162736
Gm13772,4.814031808,0.999574161,7.856215877,0.101734728,-2.471788821,0.763727188
H2ac5-ps,-0.623897805,0.999574161,-0.865932346,0.28645246,0.081695946,0.957707265
Gm12846,0.124340812,0.999574161,-1.519432505,0.025716306,1.339905208,0.152199858
Gm15427,-0.083974619,0.999574161,-0.370878403,0.881471497,1.256064083,0.647762818
Gm6305,0.485303684,0.999574161,2.458589037,0.012285025,-1.705005894,0.248713
H3c15,0.722263198,0.813845018,-0.181896934,0.793335394,-0.976649683,0.157192308
Rps15a-ps7,-0.020109086,NA,1.178441214,NA,4.230843598,NA
Rpl19-ps11,-1.004638727,0.999574161,-0.420635563,0.817470621,2.590843906,0.139544503
Gm5913,0.821752803,0.999574161,3.023203359,0.044162495,-1.45923283,0.550608022
Gm15784,-0.247692742,0.999574161,1.270605592,0.30399042,-0.674979174,0.741550185
BC022960,-0.403495127,0.999574161,-0.877461588,0.318876328,0.991560812,0.417202896
Gm12922,0.095216359,0.999574161,1.004426511,0.32373564,-0.548327694,0.740480508
H3f3a-ps2,-1.182686997,0.999574161,0.097248421,0.969984765,1.335804649,0.548374256
Gm13136,-1.43693479,0.86374204,0.698954884,0.567921433,0.862359475,0.611297884
Gm11271,1.570617067,0.999574161,4.056416297,0.078900621,-0.639278617,NA
Gm13858,0.89591786,0.999574161,-1.763372959,0.473125902,4.913766359,0.040023746
Gm6964,-0.397437431,0.999574161,-0.457481764,0.734732336,-0.928505722,0.598475647
Rpl35a-ps2,-0.206549604,0.999574161,-0.277916416,0.955168778,4.109747692,0.294697479
Gm4297,0.012937402,0.999574161,-1.071375483,0.307934737,2.222977007,0.073742281
Gm14760,0.639433718,0.999574161,1.377323628,0.299717303,-1.035842926,0.607726476
Gm16089,1.14518789,0.999574161,0.329377724,0.916852815,1.505849272,NA
Gm13574,-0.125415787,0.999574161,-1.191016293,0.000197454,0.972196825,0.028944426
Gm13529,-0.013773311,0.999574161,-0.805416912,0.342154805,-0.234396447,0.871058611
Gm15554,-0.373526963,0.999574161,-0.701233419,0.621446731,-0.091716283,0.969775955
Gm12112,-0.341493217,NA,0.270242119,NA,0.708619043,NA
Ap2m1-ps,-0.268213559,0.999574161,0.216958402,0.853673413,-1.202881702,0.327441038
Rpl7-ps9,-0.36903736,0.999574161,0.805497487,0.579821125,-0.453272403,0.841113932
Gm13673,-0.741139483,0.999574161,1.221177327,0.300340103,1.52594391,0.348624821
Gm12397,0.150690259,0.999574161,1.483908166,0.038209997,-0.980046846,0.371937304
Gm16071,0.342199613,0.999574161,-0.302450066,0.688827011,2.314113306,0.000638717
Gm14303,-9.85764674,NA,-0.159851689,NA,11.53188154,NA
Gm13818,0.437832684,0.999574161,-0.219584927,0.862046248,-0.531367637,0.72881735
Gm15011,0.205762448,0.999574161,-0.612813036,0.528037321,0.106750825,0.947877987
Gm14686,0.582337538,0.999574161,0.97384171,0.68132174,1.327672364,0.667070916
Rps13-ps4,0.027616172,0.999574161,0.782291086,0.362170989,-0.808258864,0.512524416
Gm12752,0.815354401,0.999574161,0.003580952,0.998246524,1.591921999,0.331541929
Rps6-ps4,0.672291476,0.999574161,0.71291423,0.875486696,0.340665341,0.954922392
Gm6161,5.133287263,0.429322992,8.432327687,0.000321499,-6.14719277,0.046042714
Gm12734,-0.391336871,0.999574161,-0.16900794,0.767120377,-0.032722391,0.970305736
Pou5f1-rs13,0.303823955,0.999574161,-0.334331229,0.786885513,-0.2581556,0.877805471
Gm4853,-0.72125106,0.999574161,-0.851454473,0.486004215,0.910571783,0.603705374
Gm12338,-0.031931096,0.999574161,1.001017924,0.068750556,-0.452414503,0.623843138
Gm15368,1.295414209,0.999574161,1.132090106,0.654445546,-0.074485783,NA
Gm9311,-0.311108236,0.999574161,-0.906140865,0.020691837,0.547733651,0.371202308
Gm11623,-0.11122777,0.999574161,-4.259455498,0.042105592,4.476556805,0.080243427
Gm12924,-0.772821897,0.999574161,-1.881099947,0.008638656,0.170675494,0.907905901
Slc48a1,0.404612607,0.999574161,-0.808326403,0.024721487,0.283292817,0.65098339
Gm12411,-0.961749554,0.999574161,-0.793904515,0.687616986,0.929197862,0.734765581
Gm9218,1.327419667,0.999574161,1.429279207,0.47819715,0.288421513,0.928583924
Gm12490,0.208314729,0.999574161,-1.497657746,0.06625784,-1.078775836,0.39947687
Gm11841,1.378693609,0.999574161,2.49453169,0.087237767,-0.701599403,0.780176718
Gm14681,-0.064667459,NA,3.578678888,NA,1.415801307,NA
Gm11518,0.175332789,NA,0.81906215,NA,-1.960758465,NA
Gm9436,0.093999528,0.999574161,2.168480128,0.021449046,-2.529058975,0.057022615
Gm13351,-0.231367991,0.999574161,-0.797287412,0.110393338,0.195271247,0.832343801
Gm14633,-0.447060257,0.999574161,0.703236639,0.335752544,-0.382515034,0.747568962
Gm5937,0.399457192,0.999574161,1.13593561,0.207000181,-1.486698068,0.2281535
Rplp0-ps1,-1.18243337,0.843902525,1.132133458,0.154161239,0.834106496,0.511389633
Gm15530,-0.354993195,0.999574161,-3.083322652,0.019386417,2.468204934,0.176949253
Gm11787,0.178242657,0.999574161,-1.242031846,0.30508238,0.52256726,0.79099722
Gm15922,-0.290657634,0.999574161,-1.511698663,5.33875E-08,0.71899151,0.083101648
Gm13167,5.843185558,0.89576735,0.224180389,0.978218248,-1.522700499,NA
Gm11874,-0.136809839,0.999574161,-0.133698695,0.934305677,-0.938703726,0.564997772
Rps2-ps13,0.464160389,0.999574161,1.474475189,0.432835814,-0.546778111,0.858240895
Rpsa-ps5,-0.372907558,0.999574161,-0.073378068,0.970616117,-0.143544956,0.948792789
Rps11-ps3,0.492305165,0.999574161,2.646631048,0.016951578,0.072828309,0.975924207
Gm12391,0.949744905,0.999574161,1.004939099,0.626469541,0.947537691,0.737711197
Gm15931,0.31978345,0.999574161,-0.588736296,0.519181987,0.59431478,0.641613359
Gm13785,0.068121347,0.999574161,-1.321107387,0.000748997,1.059196454,0.052472053
Hmgb1-ps2,0.815043674,0.999574161,1.847988125,0.303347451,-0.903284159,0.756167906
Sms-ps,-0.365539147,0.999574161,1.591641019,8.10564E-05,-1.127479739,0.05240443
Gm15152,0.067130561,0.999574161,-0.797704074,0.401387059,-0.040450797,0.982157723
Gm13991,-0.570842355,0.999574161,-0.394042821,0.931434608,3.342779002,NA
Gm5898,-0.407111558,0.999574161,1.219307084,0.307952685,1.981187314,0.194162999
Gm8662,-0.535148928,0.999574161,0.001979925,0.998829977,0.500785376,0.798228578
Gm8152,0.869120072,0.999574161,-1.185788322,0.395404375,0.473435489,0.831022915
Gm12713,-0.062367484,0.999574161,-0.836728921,0.17666566,0.414506442,0.686208615
Rpl17-ps5,0.33481628,0.999574161,-0.363456366,0.778101615,1.36746322,0.322131268
Gm12039,-0.261064707,0.999574161,-1.22087927,0.132781984,0.547501289,0.690793861
Gm14752,-0.346273048,0.999574161,-0.34983648,0.884513885,2.43777712,0.279725598
Rpl17-ps10,-0.16160402,0.999574161,0.118161439,0.909051777,-0.326785809,0.786987775
Gm15536,2.486032634,NA,3.610177463,NA,19.39839729,NA
Gm9078,0.10352963,0.999574161,0.737764947,0.724465439,1.449321513,0.57241295
Gm12435,0.09781278,0.999574161,0.543732617,0.607858779,1.435211385,0.235972254
Gm11620,-0.409610164,0.999574161,1.559084034,0.235600408,1.019174305,0.623843138
Gm14017,3.736565982,0.999574161,4.339868875,0.264018373,-2.203341439,NA
Rps8-ps3,-0.017536057,0.999574161,-0.874448029,0.363418397,1.090836087,0.398875262
Dnajb3,0.07175918,0.999574161,0.962703392,0.38669047,1.240342519,0.39947687
Gm13859,0.893332414,0.999574161,0.190863418,0.959259639,3.974145753,0.114883214
Gm13461,-0.367343894,NA,1.54505848,NA,1.27842373,NA
Gm13216,-0.132523559,0.999574161,-0.367566081,0.68886266,-0.328280943,0.802153043
Pgam1-ps2,-1.097857011,NA,0.441209534,NA,0.000930452,NA
H3f3c,-0.862482543,0.999574161,-0.231279946,0.861291433,-0.564303604,0.732202052
Rpl17-ps8,0.61161063,NA,1.769821577,NA,2.440083439,NA
Ywhaq-ps2,1.250681292,0.999574161,1.312059776,0.453032005,-0.249399903,0.93154094
Gm9246,0.078468846,0.999574161,-0.827700719,0.482246488,1.268998241,0.398875262
Gm13230,0.017216652,0.999574161,1.487214285,0.124123791,-1.238975436,0.391834633
Gm12138,0.606745005,0.999574161,2.309903853,0.172190044,-1.850717789,0.466964294
Gm12013,0.295719415,NA,1.115925718,NA,4.079954216,NA
Slfn14,1.387502373,0.999574161,0.304140393,0.894611847,-1.765540171,0.439194311
Gm15320,-1.544840873,0.89576735,-2.013069317,0.119213732,2.673836374,0.11867988
Gm14445,0.227470768,0.999574161,0.819491535,0.556775488,-1.643695057,0.341512764
Gm13577,1.677555642,0.999574161,3.26398233,0.124128063,0.630880546,0.869303557
Gm11824,-0.577264502,0.999574161,0.38591564,0.824914894,0.172486674,0.944246852
Gm12266,-0.006391379,0.999574161,-1.125762283,0.068248422,0.79881006,0.390271147
Gm13002,-0.260988117,0.999574161,-0.709564788,0.031750475,0.483499439,0.337612649
Gm7091,0.11625433,0.999574161,1.074869366,0.479002562,-0.589697555,0.803784777
Gm12230,0.689295154,0.999574161,-0.826302126,0.21636393,0.741011498,0.438191993
Gm12403,0.245538929,0.999574161,-1.201931063,0.037718078,0.334265274,0.749980788
Gm13641,-0.350395418,0.999574161,-0.760933437,0.550592759,0.638591216,0.73394016
Rpl5-ps1,0.015045208,0.999574161,1.144668236,0.277445198,-0.928146833,0.562180403
Gm15763,-0.179828169,0.999574161,-1.533532075,0.135230022,1.162527381,0.446882848
Gm6506,0.867901907,0.999574161,-0.010689186,0.995815951,0.957358894,0.693930889
Gm6292,3.414641756,0.961581296,2.212323016,0.486828195,-1.418974015,NA
Gm7429,-0.064424411,0.999574161,-0.832171966,0.569220169,0.125347176,0.958819084
Gm15807,-0.117891232,0.999574161,0.512841528,0.697610513,2.294165651,0.090292405
Gm12870,0.040032403,0.999574161,-0.865212752,0.139599255,0.557225145,0.54284984
Gm15333,-0.097712932,0.999574161,-1.46899877,0.015577289,0.352195219,0.75573924
Gm14791,-0.039949047,0.999574161,-1.108223619,0.268045569,2.627394091,0.021466896
Gm16523,-0.126664472,0.999574161,-0.869252691,0.005522323,0.493545049,0.309793822
Actr3-ps,-0.466089767,0.999574161,0.196693245,0.863328686,-0.439995785,0.75573924
Gm14253,0.501341546,0.999574161,1.165156575,0.151436372,1.058180741,0.361414213
Gm13921,0.588824637,0.999574161,-1.554233643,0.254926413,0.350498972,0.880279018
Gm14287,-0.764839314,0.999574161,-0.297323664,0.9681574,2.771190985,0.688532835
Gm12363,-0.416322226,0.999574161,-1.228536642,0.005702177,0.619968971,0.384245551
Gm12928,3.111670896,0.999574161,4.073149899,0.29170492,-2.0309113,0.7457428
Gm14970,0.192747143,0.999574161,1.635417204,0.596590216,1.497233928,0.73326371
Gm15148,-0.419920226,NA,1.042487582,NA,2.008987345,NA
Gm13171,0.343308378,0.999574161,-0.191357193,0.888489774,-0.484300367,0.761275985
Gm11231,-0.108588085,0.999574161,-0.368787703,0.850569035,3.523535307,0.042679271
Gm9025,-0.348710444,0.999574161,-1.434691295,0.022909514,1.475252777,0.086997372
Gm11688,-0.382684999,0.999574161,0.223570633,0.634457194,-0.308092157,0.626711096
Gm15765,-0.271885024,0.999574161,-0.659313548,0.127945262,-0.49092976,0.466475211
Gm7206,-1.20207572,0.999574161,-0.959318207,0.721428533,0.393651265,0.92021928
Gm11687,-0.325912596,0.999574161,0.924993901,0.510294413,-0.598312731,0.779188653
Gm12937,-0.053215721,0.999574161,-0.969856422,0.512357112,0.605041113,0.786041477
Gm12229,0.154061018,0.999574161,-0.931325674,0.016724148,0.822725595,0.131706942
Gm12902,-0.182962706,0.999574161,-0.367202037,0.671345989,-0.175662779,0.892364133
Gm12168,-0.317469587,0.999574161,1.071850316,0.154678802,0.106927172,0.941067506
Gm15580,0.572536965,0.999574161,1.662308876,0.016742542,-1.758160813,0.068604309
Gm15711,-0.358410969,0.999574161,-2.445134663,2.34483E-07,0.506297694,0.563797512
Gm15387,0.193696428,0.999574161,1.361340913,1.42781E-05,-1.452517708,0.000518529
Gm14227,0.009904187,0.999574161,-0.703124926,0.192555424,0.049870663,0.960797904
Gm8482,1.337618548,0.854930941,-0.015985458,0.991219235,3.755789716,0.001242632
Gm13239,0.013089497,0.999574161,-2.290771989,0.676029483,5.253333147,NA
Gm14834,-0.379685481,0.999574161,-1.281193051,0.012897517,0.411416051,0.654433275
Gm15779,-0.053718433,0.999574161,-1.593380588,0.058882597,-0.159324951,0.922962434
Gm15897,-0.393568204,0.999574161,-2.327220201,1.21113E-11,1.101113319,0.02698832
Gm15516,-2.076071275,NA,1.247217097,NA,5.525950542,NA
Gm12774,0.057491161,0.999574161,0.036507765,0.95894165,-0.758646527,0.164948395
Gm12961,-0.256571664,0.999574161,-2.275080715,0.004089535,0.67225206,0.635227593
Dynlt1-ps1,-0.353869646,0.999574161,-0.473093495,0.86519594,1.151483095,0.72881735
Gm15190,-0.176987276,0.999574161,0.292558243,0.891472583,0.186276724,0.947754019
Gm14416,-0.139771455,0.999574161,0.304326425,0.699387769,-0.728732536,0.44181313
Gm11424,1.953818105,0.999574161,1.769314978,0.496877521,2.543222572,0.390271147
Gm12366,0.714692346,0.999574161,0.299271823,0.723193444,-0.544188592,0.608677794
Gm14411,-0.393777403,0.999574161,0.442560798,0.684935582,0.09045977,0.957995965
1700064H15Rik,-0.227041027,0.999574161,1.191377939,0.15386362,-0.624930554,0.647762818
Gm4875,0.472197574,0.999574161,4.102782687,0.118988525,0.2574602,NA
Gm12176,-0.431889353,0.999574161,1.230347636,0.103819646,0.331128057,0.809914318
Gm16106,-0.676285597,0.999574161,-1.033317882,0.227703595,3.046533369,0.00156257
Gm15780,-0.141721997,0.999574161,-1.636351698,4.12664E-05,0.256294113,0.746287111
Gm12591,-0.231298725,0.999574161,0.710177701,0.588358019,-0.502957373,0.796363315
Gm14519,0.128217267,0.999574161,-0.298689284,0.768790974,1.422584788,0.167918974
Gm11362,0.100857958,0.999574161,0.721915511,0.45981515,1.290849713,0.283593148
Gm14745,0.554982618,0.999574161,0.279907011,0.900750275,1.976042836,0.340859458
Gm15367,0.155517464,0.999574161,-1.773080032,0.012900079,0.16191234,0.909138775
Gm5844,-0.554726212,0.999574161,2.694879688,0.003960022,-1.506381107,0.314468839
Rps8-ps5,0.355112581,0.999574161,0.531064278,0.729340895,-0.497355654,0.815057788
Gm13736,-0.209042809,0.999574161,0.618135121,0.498635317,-0.238194407,0.869303557
Gm8770,1.367565389,0.999574161,1.861023263,0.519284914,2.201179794,0.541481184
Gm13864,-0.070528471,0.999574161,0.576369583,0.481808498,-1.043402829,0.324517344
Gm13135,-0.281537956,0.999574161,1.56457258,0.486630859,0.427524295,0.906698084
Gm8172,-0.347171146,0.999574161,0.235702759,0.907935017,-0.137040484,0.958819084
Gm12785,-0.225427119,0.999574161,-1.679499826,0.018523608,0.684352921,0.573790633
Gm13586,-0.189146031,0.999574161,0.067516787,0.955606999,-0.477253291,0.689380187
Gm7658,-0.071120058,0.999574161,1.528869261,0.017111016,0.544596313,0.624848736
Gm2810,-0.001217186,0.999574161,-0.416341687,0.608108162,1.660547923,0.049712784
Gm11540,-0.047917825,0.999574161,-1.393278941,0.139708365,1.373337416,0.296579609
Gm12507,0.305657552,0.999574161,-0.054699418,0.975897304,1.201565426,0.398080097
Naip3,0.768404708,0.999574161,-0.768864733,0.405327902,0.394465391,0.781736186
Gm6754,-0.176117276,0.999574161,-0.689526015,0.515479333,1.190176314,0.370300306
Olfr1274,0.675551536,0.999574161,5.193143626,0.090127755,0.147778675,NA
Gm11389,-0.171038158,0.999574161,-0.620008611,0.296759374,0.477949318,0.598475647
Fam220a,-0.715905162,0.809408331,0.308847732,0.611971067,-0.336266811,0.691130347
Gm12978,0.13829847,0.999574161,-0.254725382,0.84554808,-0.459886667,0.776965338
Gm9083,-0.023721966,0.999574161,-0.830404579,0.099924259,0.244841864,0.783254087
Gm13433,-0.068890172,0.999574161,-0.00162829,0.998246524,-0.252747457,0.804756357
Gm16100,-0.175615563,0.999574161,-0.454276938,0.705339935,-0.022654577,0.990590289
Gm14140,-0.624125073,0.999574161,1.334483169,0.380563827,0.369770006,0.885112202
Gm12191,-0.945305304,0.999574161,-5.898159224,0.235659229,-0.063450055,0.994014637
Gm11408,0.511860319,0.999574161,0.2086129,0.925695972,0.468342202,0.853479515
Gm15382,-0.050849796,0.999574161,-1.302506726,0.005298775,0.09479266,0.921061475
Gm11249,0.270442845,0.999574161,1.705729631,0.05038029,-1.338870756,0.30531987
Gm14494,-0.478612594,0.999574161,0.996330565,0.054831435,-0.223840678,0.815433887
Gm5303,1.682974484,0.999574161,2.907652854,0.227975366,0.555046849,NA
Gm14421,-0.114863582,0.999574161,0.554808603,0.253549452,-0.732455498,0.264056363
Gm6341,-0.290079133,0.999574161,-1.371378909,9.82104E-05,-0.009137682,0.990644671
Gm11852,-2.411137756,0.999574161,-2.1410588,0.763256883,7.592125915,NA
Gm11427,0.150918848,0.999574161,2.348558123,1.57805E-29,-0.357035353,0.311059259
Gm11344,-0.465456143,0.999574161,-1.740454817,0.000169142,-0.402043341,0.64621246
Vmn1r-ps97,0.040112012,0.999574161,-0.396469723,0.756796852,1.935321048,0.127243927
Gm12693,0.208095996,0.999574161,2.21771916,4.44374E-08,-0.983987959,0.109052667
Gm11805,0.00366909,0.999574161,-1.083942811,0.001575945,0.371337627,0.531684405
Gm9432,-0.890196451,0.999574161,-0.554715958,0.78613852,2.097464563,0.340577539
Gm14869,-0.17039973,0.999574161,-1.015425348,0.047962022,0.752573759,0.326989255
Gm11410,0.073146555,0.999574161,0.503471063,0.69107988,1.174227972,0.432154819
Gm13246,0.096280294,0.999574161,-1.012515296,0.519530803,1.942486746,0.303325838
Gm13453,-0.068942355,0.999574161,0.50980359,0.861770658,1.013224208,0.773831986
Gm15180,-0.543866999,0.999574161,-1.222738537,0.286490875,-1.703759037,0.340689785
Gm7816,-1.621010046,0.999574161,1.24790571,0.615391134,-0.401160796,0.917527713
Ctsf,-0.080935217,0.999574161,-0.91742874,0.047525731,0.436696529,0.571974227
Idi1-ps1,1.544357352,0.809408331,4.780962729,3.02395E-07,-3.081742478,0.018792024
AA414768,0.003802777,0.999574161,-0.663040509,0.422163212,0.673334171,0.564812285
Gm15185,-0.503709943,0.999574161,-0.72631814,0.519284914,3.41145029,0.003202234
Gm11539,-0.559813808,0.999574161,1.213950954,0.473753224,-0.856165481,0.746827952
Llph-ps2,-0.026621513,0.999574161,2.065309896,1.59089E-09,0.096643378,0.895489366
Gm12895,0.171487076,0.999574161,-3.264138624,0.000429599,3.358393592,0.007152201
Ndufb4c,0.069037881,0.999574161,1.76732767,2.48588E-10,-0.764543524,0.066980706
Gm6335,0.586611428,0.999574161,2.783357225,0.051485174,-3.209290989,0.109289527
Gm15542,0.372368781,0.999574161,2.107050834,1.66028E-05,-1.86245262,0.005663162
Gm5466,-0.340563714,0.999574161,1.016892293,0.039927214,1.113532391,0.100308504
Gm15725,0.122128875,0.999574161,1.005872687,0.07344126,-0.910518324,0.261721023
Gm14300,0.032188528,0.999574161,1.011265923,0.001616204,1.074842318,0.012878588
Rpl35a-ps4,-0.206549604,0.999574161,-0.277916416,0.955168778,4.109747692,0.294697479
Gm13437,-0.584580712,0.999574161,2.4348902,0.075533375,-1.29238325,0.576477373
Gm15824,0.10746105,0.999574161,-0.651926221,0.075450065,0.378889816,0.516535217
Gm13207,-0.36366136,0.999574161,-0.130429742,0.891959916,-0.67698764,0.508266563
Gm7541,-0.521806465,0.999574161,1.742457214,0.017677412,0.144982546,0.922429184
Gm12749,0.016870979,0.999574161,-0.769328292,0.124577251,0.552796455,0.468635428
Gm12466,-0.489561981,0.999574161,-1.049370231,0.401273726,0.020881447,0.991901442
Gm12035,0.632674597,0.999574161,-0.73085178,0.484540248,-0.226469661,0.892963817
Gm12896,0.171487076,0.999574161,-3.264138624,0.000429599,3.358393592,0.007152201
Gm15885,0.201428748,0.999574161,1.840163311,0.071027567,0.312301942,0.868891745
Gm14741,0.080340981,0.999574161,-0.160556622,0.908477282,1.403041909,0.276840673
Gm9200,-0.468269018,0.999574161,-2.657962886,0.143311783,0.267916397,NA
Oaz2-ps,-0.248236614,0.999574161,-1.457774275,0.16623366,0.921736311,0.578138776
Gm12795,0.543094627,0.999574161,-1.020875156,0.447659575,0.572192743,0.777560804
Gm4459,-0.045808676,0.999574161,8.885366301,0.000124325,-2.262201643,0.588951855
Gm15602,0.232606629,0.999574161,-1.144336412,0.079006117,2.365114397,0.001851565
Gm13148,1.232656075,0.999574161,2.857539991,0.144328071,-0.002708233,0.999450004
Gm14086,-0.24732784,0.999574161,-0.984329808,0.019095605,0.074141048,0.932177529
Gm6829,0.490369055,0.999574161,4.275127221,0.115762925,1.416455008,0.763230665
Kpna2-ps,0.060632801,0.999574161,-1.150333033,0.644467797,-2.37688635,0.443508388
Gm15154,0.015967631,0.999574161,-0.962439801,0.107578255,-0.195901188,0.860014589
Gm2986,-0.256784236,0.999574161,-0.320336726,0.599238534,-0.531430378,0.507743601
Gm13592,1.998585773,0.999574161,1.671055983,0.68886266,-2.494383939,NA
Gm13123,1.48051103,0.999574161,0.224308663,0.978578441,4.704632013,NA
Gm13854,-0.168653758,0.999574161,-0.661105663,0.080338097,4.098423865,8.57424E-25
Gm13543,-0.221750242,0.999574161,-1.397059196,0.001298725,0.345877995,0.664248006
Gm7803,-0.409444883,0.999574161,-0.409915759,0.806426689,-0.116741358,0.960677784
Gm15988,-0.25021316,0.999574161,-1.531782636,0.08457373,3.554571313,0.00040338
Gm13394,-1.290805807,0.999574161,0.531649255,0.905599292,-0.019859074,0.997109602
Gm7180,1.058041027,0.999574161,-1.36636758,0.338919228,0.873117874,0.682719245
Gm6092,-0.001375798,0.999574161,-0.136572375,0.884925695,2.077863874,0.006668978
Gm15712,-0.0645757,0.999574161,-3.006436253,1.28255E-10,1.609303838,0.013077715
Gm13477,0.033715265,0.999574161,-0.229188366,0.501164243,-0.364066488,0.412733028
Gm13886,0.459293906,0.999574161,1.420879227,0.253040448,1.771872128,0.268817234
Gm13213,-0.095537798,0.999574161,-1.516783322,0.101318615,1.397431478,0.280436827
Gm12093,0.463326507,0.999574161,2.620416823,0.273426565,3.174327273,0.302733271
Gm10600,1.199354994,0.999574161,-0.210190975,0.904527662,1.643835047,0.300518834
Gm11483,0.003915697,0.999574161,-0.261184065,0.733831399,-0.281910878,0.78957563
Gm13786,0.099110251,0.999574161,-0.780956778,0.089148839,0.337123261,0.662482835
Gm12527,0.082079194,0.999574161,-1.445909294,0.036955211,-0.336202028,0.794764201
Gm9003,0.614179547,0.999574161,1.192312676,0.338718441,1.354570587,0.408868108
Gm13302,1.745049115,0.999574161,1.193905156,0.687795244,0.219681801,NA
Gm7416,-0.35843587,0.999574161,-0.508553522,0.679443385,2.228058145,0.073742281
Gm5934,-0.170699205,0.999574161,-0.1159093,0.937173995,1.754336156,0.138314079
Gm12079,0.055689781,0.999574161,-0.072656206,0.965017361,0.530427766,0.740217824
Gm12941,0.491472926,0.999574161,1.421020604,0.005782937,-1.458237087,0.041031047
Vmn1r-ps135,1.520531189,0.974027795,1.026404331,0.484540248,-0.112970897,0.963324961
Gm13252,-0.185734716,0.999574161,-0.754223767,0.454202838,0.368847766,0.818342135
Gm6136,-0.042784861,0.999574161,0.597978762,0.697610513,1.788302242,0.300583103
Gm14277,-0.245909849,0.999574161,-0.195604761,0.928560946,0.066996724,0.98131085
Gm14915,1.697814843,0.999574161,0.881974553,0.758988337,0.604152409,NA
Gm15644,0.838729904,0.999574161,-0.053267245,0.981396997,0.711051987,NA
Gm12696,0.431217167,0.999574161,1.786700284,6.24741E-06,-0.386152567,0.593027361
Gm16420,-0.119429667,0.999574161,-1.115888511,0.287786945,1.148822814,0.436161918
Gm13508,-0.514409303,0.999574161,0.256493536,0.888506455,0.832010698,0.687722874
Gm11926,-0.366880434,0.999574161,-0.42687872,0.734705001,0.377202284,0.832057084
Gm14388,0.146631236,0.999574161,-1.121024948,0.11175228,-0.081303646,0.95324521
Gm11975,0.087861543,0.999574161,-0.768014185,0.153791524,0.291394464,0.753741718
Gm15421,-0.192404347,0.999574161,1.550125324,0.005308809,0.983906371,0.241874382
Rpl36a-ps4,1.246700983,0.999574161,1.198998676,0.451571696,3.461776732,0.028993326
Gm14914,0.037329685,0.999574161,-0.317017171,0.74790541,1.459051514,0.147128911
Gm13535,-0.046777809,0.999574161,-1.101985684,0.030313831,0.510171039,0.545713622
Rps15a-ps3,0.288611217,0.999574161,0.52252086,0.750141876,0.836546078,0.691603285
Tpt1-ps3,0.057365328,0.999574161,-0.599794022,0.248439336,1.055394697,0.104441033
Rpl3-ps1,-0.732794291,0.999574161,0.910003747,0.602297338,0.149508187,0.958312041
Gm15452,-0.493868322,0.999574161,1.233995129,0.167955159,-0.36716985,0.817603256
2610024D14Rik,-0.462303446,0.999574161,-1.587490334,0.00931773,0.293407452,0.802345173
Gm13370,0.291284193,0.999574161,-1.057738327,0.580214404,1.227308964,0.637073757
Gm5526,1.103177561,0.945474565,-1.851726885,0.094583339,2.181928814,0.112850624
Gm16274,0.227584406,0.999574161,-1.966359876,0.01607916,0.394031834,0.796363315
Gm10241,-0.170255792,0.999574161,1.908966411,0.171889387,0.230876878,0.92950507
Tmem240,-0.046811896,0.999574161,0.57864075,0.194425246,-1.131774764,0.046514789
Gm1980,1.245716538,0.999574161,2.119213685,0.297584932,-1.686737505,0.578369463
Ccdc85c,0.100837654,0.999574161,3.10769804,2.36161E-09,-1.349547953,0.087933774
Hba-ps4,-0.763093114,0.999574161,0.809838602,0.23506631,-0.343821222,0.766935356
Gm14349,-0.045695046,0.999574161,0.22436492,0.979838575,5.702437405,NA
Gm13857,-0.59232057,0.999574161,-3.244836705,0.125391991,5.685798994,0.015134285
Crocc2,1.099810764,0.999574161,-0.529195802,0.738845609,0.436444272,0.841841757
Gm16260,0.367911937,0.999574161,-1.171142823,0.514092647,0.972254709,0.706738048
BC021767,0.706276952,0.999574161,-0.16025167,0.958465561,2.105971983,0.387468373
A730046J19Rik,0.45005842,0.999574161,-0.391846147,0.868374149,1.449769649,0.565517223
Gm12254,-0.225148746,0.999574161,1.500249139,0.2210966,-2.445244243,0.137085254
Gm16305,-0.078075735,0.999574161,-0.456895161,0.393466079,0.024356916,0.980903221
Gm16363,-0.645381697,0.999574161,0.733920186,0.775858404,-0.701595463,0.845021034
Gm13767,-3.05691215,0.93754633,2.147151512,0.329677117,4.264770583,NA
Meiosin,-0.279998949,0.999574161,3.375890109,0.024649367,-0.18260435,0.953358823
Gm11346,-0.195151339,0.999574161,-1.680235838,3.41518E-06,0.949834579,0.073802942
Tdg-ps2,1.814478517,0.999574161,2.790880844,0.098441871,-1.02550571,0.711718953
Gm15163,1.052835154,0.999574161,1.988919752,0.220399867,0.413183332,0.880038029
Gm13092,0.089983503,0.999574161,2.141398986,4.21957E-07,-0.900245904,0.168470702
Rpl30-ps9,-0.400269288,0.999574161,-0.043822483,0.988749199,3.687548894,0.247989417
Zfp703,0.234381326,0.999574161,-0.951451615,0.00849324,2.031838156,3.24486E-06
Gm15899,-0.003174795,0.999574161,0.10695217,0.95894165,-0.501218209,0.809684902
Gm15258,0.675588238,0.999574161,2.496752319,0.556097489,4.174981448,0.423548493
AW822252,-0.23583487,0.999574161,-0.164626441,0.8657781,2.041038167,0.01319594
Wipf3,0.131760064,0.999574161,-0.427822387,0.707525905,1.08122017,0.413479607
4930563I02Rik,2.645993782,0.999574161,4.215216115,0.107786842,-2.421917978,NA
Gm16060,-0.304364134,0.999574161,0.350987152,0.790471186,-0.449720028,0.798652424
Nbdy,0.344485477,0.999574161,-0.400127721,0.445706555,-0.147005878,0.862869274
E130218I03Rik,-0.328173352,0.999574161,1.739019938,0.000261595,-0.572759899,0.489813287
Gvin-ps1,0.840430677,0.89576735,-0.954635982,0.180905745,0.125402273,0.922429184
Cd101,0.285095134,0.999574161,-0.885385879,0.224792114,1.08046684,0.2685846
Btbd18,-0.262712157,0.999574161,-0.330878428,0.456651899,-0.127687841,0.861399106
Gm13194,0.392664725,0.999574161,-0.431804475,0.639561141,-0.030733947,0.983986417
Gm11560,0.203766997,0.999574161,2.004520709,0.164812426,-0.729116673,0.769377679
Gm15432,-1.835309973,0.999574161,-2.286596334,0.632638443,8.152287669,NA
Gm13835,0.222757823,0.999574161,1.351283626,0.012060346,-1.065661992,0.170870739
Gm12248,0.20994283,0.999574161,2.071152888,0.002005515,-0.861605059,0.437159
Rtl10,0.153100141,0.999574161,1.137054381,0.008614814,2.37069365,5.81412E-06
Gm12103,-0.069148142,0.999574161,-0.033533114,0.975969402,-0.234809338,0.832343801
Gm6706,0.711581432,0.999574161,2.212131724,0.171903118,-0.047446962,NA
Gm13570,-0.068992201,0.999574161,-1.180818046,0.029455211,0.759904224,0.359317414
1700073E17Rik,0.370193116,0.999574161,-0.648756369,0.279560578,2.235755263,0.000493187
Gm13147,0.184495856,0.999574161,1.83447582,0.000139154,-0.574076499,0.491367653
Btf3-ps2,0.410823219,0.999574161,0.117519955,0.937173995,-0.975824047,0.493334061
Gm16254,1.749790722,0.999574161,3.63187511,0.094573057,-0.413099041,NA
Tmem170b,0.109806566,0.999574161,-0.008698671,0.979838575,-0.367226882,0.255401675
Gm15517,-1.638281376,0.999574161,4.504709785,0.010463451,0.21249324,0.958312041
Gm15501,-0.741904208,0.999574161,-0.745810546,0.437742247,1.74822472,0.121223282
Gm7023,-0.045686359,0.999574161,0.224378801,0.979838575,5.261900476,NA
Gm14389,0.088107052,0.999574161,-1.111243005,0.030345855,-0.18383722,0.853995345
Gm13414,15.41361015,NA,-5.245162637,NA,10.90783678,NA
Ighe,3.366978574,0.481858017,0.989913361,0.687222014,-1.945396121,0.499474362
Gm13493,0.614588403,0.999574161,1.079705936,0.312377478,-1.521935286,0.284548009
Gm9727,-0.355953883,0.999574161,-0.491125207,0.754261766,1.140528987,0.545713622
Nat8b-ps,-0.308990449,0.999574161,0.556460199,0.653894116,-1.289331449,0.407021463
Gm16353,-0.303228622,0.999574161,-0.566728667,0.136999662,0.012281486,0.986921469
Mia,0.052743461,0.999574161,2.237408668,0.024529194,-0.383478575,0.843018208
Gm14057,0.450350019,0.999574161,-0.437799332,0.733831399,-0.900155078,0.578121808
Tnfsf13,0.617055987,0.999574161,-0.405691468,0.60612088,0.336904788,0.763123116
Bcl2l2,0.277168529,0.892199085,-0.41583925,0.046885095,0.096274221,0.802153043
Nat8f7,1.426772604,0.999574161,2.306797241,0.072445756,-0.842878612,0.701517626
Gm2541,0.694921689,0.999574161,2.723333714,0.06925286,-1.338466255,0.587364754
Cbx6,-0.417570147,0.962700501,0.333906284,0.385238814,-0.687111813,0.139810208
Cd300ld5,1.556855571,0.999574161,0.783102449,0.760528799,-0.55718771,0.875142433
Clec2f,0.708694415,0.699567743,-0.275285135,0.650615265,2.161631197,4.97015E-05
Gm8428,-0.334374865,0.999574161,-0.957070393,0.04103743,0.261221325,0.760446971
Gm20431,-0.104693438,0.999574161,0.01732128,0.993676407,-0.924216648,0.741550185
Ier5l,-0.606842754,0.999574161,0.488986468,0.514055908,4.878316436,1.24178E-12
Tmsb15b1,-0.348941344,0.999574161,-1.428594656,0.042372302,0.801154617,0.476155765
Gm16574,0.173941746,0.999574161,-0.498099037,0.795017353,2.313775723,0.22591844
Gm16270,-0.830960501,0.999574161,-0.256131203,0.882956904,0.613936903,0.764942239
Gm10171,-0.182962897,0.999574161,1.973860518,1.92801E-05,-1.325644346,0.046486186
Gm7162,-0.082347371,0.999574161,0.36100206,0.831772175,1.838070296,0.278403464
Gm2962,0.057395894,0.999574161,-0.847162438,0.011129915,0.207926578,0.73830629
Umad1,-0.087384329,0.999574161,-0.310954605,0.351052436,-0.152506958,0.776103315
Gm44503,-1.874864132,0.999574161,-6.252859485,0.308531597,8.311347822,0.302540933
Gm8113,-0.187181089,0.990514076,-0.691675489,1.18671E-06,0.162044118,0.525671476
Bcl2a1b,0.024318444,0.999574161,2.200907855,7.00532E-12,-0.309671191,0.609239577
Pira2,0.408514911,0.999574161,-0.60653558,0.10148653,0.04668653,0.94910881
Ugt1a5,-0.145090393,0.999574161,-0.122013501,0.964869923,1.329577199,0.588951855
Pakap,0.588088414,0.995037433,1.870658584,2.77092E-05,-0.078708954,0.935342539
Zfp968-ps,-0.039311571,0.999574161,0.747332282,0.140233961,-0.711274135,0.334062582
Gm16165,-1.069757759,0.999574161,-1.635812143,0.153476247,0.937829335,0.621332146
Ugt1a1,0.987121915,0.999574161,0.053635729,0.981317205,1.366453605,0.60588516
Gm16550,-0.424070104,0.999574161,0.139063508,0.970198214,1.158124536,0.741550185
Gm2389,1.168850299,0.999574161,-0.866890229,0.60036684,-0.036432043,0.989123278
Crb1-ps,-0.282884771,0.999574161,0.041774735,0.979482002,2.060120522,0.126230555
Tmsb15b2,-1.205261224,0.999574161,-6.499822531,0.001066756,6.571254776,0.006256943
Gm6485,-0.328854295,0.999574161,2.248673507,0.331957881,3.861968379,0.184973728
Gm16125,-0.148507361,0.999574161,0.084025594,0.889243179,-0.37114259,0.572880196
Gimap1,-0.083751624,0.999574161,-0.15327368,0.537931524,-0.098959536,0.789854444
Galnt4,-0.096332438,0.999574161,-0.035280751,0.927851527,-0.189213916,0.63401528
Gm16167,-0.294390131,0.999574161,-0.205425773,0.737927297,0.163434569,0.851375305
Nwd2,-0.467999043,0.999574161,-1.532221715,0.588645203,4.180601695,NA
1110002E22Rik,-1.02645993,0.999574161,3.380735042,0.129767505,2.176192123,0.552434536
Lime1,0.078565485,0.999574161,0.600122306,0.257967627,-0.540907513,0.485517656
Cmc4,-0.056508593,0.999574161,0.328533771,0.571372471,-0.246416947,0.771170517
Gm8185,0.284871267,0.999574161,0.083621649,0.970198214,0.027405603,0.990644671
Ugt1a7c,0.270852477,0.999574161,-0.273741005,0.784897056,1.056197003,0.320489437
BC035044,-0.040018425,0.999574161,1.715560564,1.79777E-18,0.77624497,0.005403621
Fbxw10,-0.250662564,0.999574161,-1.903139389,6.39496E-09,0.995570536,0.03636898
Gm52951,0.794763878,0.999574161,-0.556735569,0.652251387,-0.150915136,0.936258725
Trim34b,-0.031239791,0.999574161,-0.667216067,0.029731634,0.121778602,0.837630454
Pcp4,-1.123135054,0.160822151,-0.744052846,0.149525575,-0.95388356,0.21191659
Gm11559,0.324963682,0.999574161,-0.535203103,0.250957316,0.22375687,0.771228648
Cfb,0.146607931,0.999574161,0.210869786,0.702458297,-0.747879652,0.212453491
Bloc1s1,-0.137883491,0.999574161,-0.079519973,0.871232634,-0.253348995,0.647961677
Mettl23,-0.347210862,0.989253296,0.631007106,0.025102368,-0.500736642,0.22531448
Mndal,-0.103942539,0.999574161,0.039646699,0.911093175,-0.332892436,0.31547589
Adh6-ps1,0.487944993,0.999574161,-0.629397598,0.807949609,2.985498293,0.236449025
Gm6158,-1.162040872,0.999574161,1.885510962,0.261500998,0.679911815,0.811318668
4930523C07Rik,-0.14408901,0.999574161,-0.535808501,0.000455165,-0.116485902,0.684556168
Gm17402,-0.071056437,0.999574161,-0.052254606,0.975969402,1.651912964,0.191281936
Gm17271,0.325496531,0.999574161,0.553948899,0.709067274,-1.513146764,0.392357066
Sfta2,-0.078482904,0.999574161,0.79272134,0.64101012,0.977794651,0.66818087
NA,-0.218677952,0.999574161,-0.374188695,0.476331135,0.020408704,0.983124776
Snrpe,-0.21287717,0.999574161,1.400639775,6.44805E-05,-0.781813227,0.136131995
Gm17169,0.077064702,0.999574161,-0.417203312,0.589736252,-0.156416304,0.897450419
Gm17571,-0.16283643,0.999574161,-0.629206813,0.390712877,1.111409132,0.225521193
Gm5611,-1.199810102,0.999574161,1.615965983,0.192721749,-0.024698836,0.99183939
Tex9,-0.289839816,0.999574161,-1.279654595,8.15419E-07,1.246635434,0.000328924
Gm8126,2.401194383,0.999574161,1.739635832,0.68078351,2.153518459,NA
NA,2.694469649,0.999574161,4.699153714,0.036732017,-2.848969178,0.412733028
Zfp493,0.087618325,0.999574161,1.290647222,1.2734E-06,-1.065247301,0.004040341
Gm17213,-0.105394413,0.999574161,-1.267690861,0.027878173,0.454279336,0.651512064
1700092M07Rik,0.240911432,0.999574161,2.078335433,0.000192495,-0.601199823,0.541481184
Heatr4,0.189331316,0.999574161,1.38336881,0.247113694,-1.378713578,0.428080392
Hspa1b,1.381544332,0.999574161,3.943869649,0.002006338,-2.187333023,0.266125452
Phf11,0.153781088,0.999574161,-0.562398077,0.094704738,0.085093515,0.892891174
Ccdc71l,-0.018524153,0.999574161,-0.288756089,0.377664044,-0.666825781,0.085632075
Lrrc32,-0.582437575,0.999574161,-0.178019456,0.843043152,0.264183461,0.816702049
Gm17655,-0.139180357,0.999574161,0.925158147,0.002837156,-0.628463019,0.170261044
Gm20458,-0.496413815,0.999574161,-0.866403877,0.189382624,0.213297852,0.858346529
Vmn2r69,-0.25983385,0.999574161,0.496917793,0.675713311,1.85518466,0.135354347
D630036H23Rik,-0.120043895,0.999574161,-1.208754819,0.275336771,-0.07793538,0.971538313
Gm10722,-1.34600871,0.999574161,0.603063755,0.873031473,7.1520738,0.025850444
Gm17538,-0.174746316,0.999574161,0.977379544,0.210867446,0.189267535,0.892490633
Rpl6l,-0.78342587,0.999574161,0.232588188,0.908209819,-0.31892196,0.899236651
NA,0.390857646,0.999574161,0.555338053,0.77936024,2.273947698,0.269291856
Ccdc152,-0.104394466,0.999574161,-2.15603074,0.088199692,0.397986956,0.866346161
Gm17181,-0.045679076,0.999574161,0.224388511,0.979838575,5.595165603,NA
Gm17020,-0.367054816,0.999574161,-3.740893203,0.03104769,1.406898086,0.630783705
Serpine3,-0.49642918,0.999574161,0.294845252,0.691352089,-0.304214773,0.771228648
Gm17545,-0.589105197,0.999574161,-0.203964199,0.917764051,0.656804422,0.765131169
Gm2619,1.067203753,0.155677192,-0.864367768,0.082056696,0.482097569,0.53792257
Gm20390,-0.330878085,0.999574161,2.660482372,9.9738E-12,-0.552466481,0.413776957
Speer4e,0.675621771,0.999574161,0.224327888,0.978578441,5.325764563,NA
Gm1818,-0.487388259,0.999574161,0.922754979,0.12894543,-0.939755101,0.291179125
Spata31d1b,0.675589354,0.999574161,1.623680486,0.691424063,3.80620481,NA
Gm5415,-0.167991391,0.999574161,-0.407760989,0.692783365,1.297453264,0.25438196
Col6a5,-0.117126524,0.999574161,-0.191330585,0.953384948,1.575670824,NA
Gm17711,6.299384179,0.999574161,6.154892468,0.349922329,-11.64072754,NA
Olfr443-ps1,0.601021724,0.999574161,0.482160565,0.766960578,1.896710757,0.251509179
Gm17084,-0.182854476,0.999574161,0.189280644,0.771731397,-0.528195641,0.494882415
Gm10039,4.097627101,NA,3.023986429,NA,-0.095719588,NA
Vmn2r97,0.637163076,0.999574161,0.15349142,0.933669525,0.424131199,0.835070413
Mpc1-ps,-0.382543674,0.999574161,1.547864426,0.066814841,0.996184169,0.44649472
Gm17194,-0.279407996,0.999574161,-0.555354452,0.398188615,0.502948418,0.602664787
Gm6548,-0.179247778,0.999574161,-0.360553337,0.146615796,-0.114520648,0.792013453
H60c,-0.128058593,0.999574161,-1.48031424,1.05608E-07,0.72424282,0.080414523
Phf11b,-0.036242338,0.999574161,0.202348163,0.628887338,-0.506900609,0.298170087
Apol11b,0.445339029,0.999574161,-0.997899311,0.701470623,-1.481321233,0.662482835
Sec14l5,-0.575909859,0.999574161,1.273087631,0.250833903,3.322822491,0.010459229
Gm17126,-0.045716614,0.999574161,0.224332567,0.976874676,6.455042095,NA
Gm17541,0.072477271,0.999574161,-0.942451697,0.085425294,0.493179791,0.578885926
Yy2,-0.102950975,0.999574161,0.261652575,0.613471163,-0.566392146,0.366122692
Gm3208,-0.045689729,0.999574161,0.224373368,0.979838575,5.425303334,NA
Sco2,-0.059571108,0.999574161,1.469371757,0.001389087,-0.927808855,0.180037672
Igkv1-115,-0.54880127,0.999574161,-0.320636335,0.850932702,-1.227505031,0.54586235
Gm4707,-0.213836887,0.999574161,-0.855527476,0.005516163,0.169871575,0.771132458
Gm8251,-0.15903936,0.999574161,2.584647639,8.15852E-11,-0.89803065,0.148740271
Gm3851,0.452714425,0.999574161,0.524918419,0.746572261,-0.65859446,0.76127014
Ube2d2a,-0.130137106,0.999574161,0.121564852,0.744566401,-0.449798119,0.262195949
Tnnc1,0.071601096,0.999574161,-0.183107455,0.84335474,1.965199712,0.014324024
Gm6460,4.172581699,0.809408331,0.224259346,0.970014556,2.009251503,NA
Gm2564,-0.575891421,0.999574161,-1.360464742,0.564337262,2.985037146,NA
Hspa1a,1.879243821,0.666856186,4.417795675,1.39883E-05,-1.985212923,0.204122546
Gm17072,0.089547446,0.999574161,-0.710664526,0.283905513,-0.139510079,0.905442521
Myh15,0.758243255,0.999574161,1.04054444,0.57807234,0.856064688,0.745855269
Gbp11,2.144728835,0.813611775,1.536292332,0.349178556,-0.446628445,0.865609938
Gm9027,0.035205768,0.999574161,0.661802955,0.595101625,-1.403412595,0.355377559
Peg10,-0.365559034,0.999574161,0.731573192,0.457500479,-0.671595899,0.646919199
Gm2244,0.503328901,0.999574161,0.702161922,0.618297919,0.044135911,0.984939025
Vmn2r85,-0.077520802,0.999574161,2.54181033,0.136999662,-0.480209407,0.87749794
Gm4540,-0.094235471,0.999574161,-1.495870162,0.284706678,0.554995633,0.813704358
Dynlt1a,0.428868489,0.999574161,-0.343154607,0.446202569,-0.00624195,0.992416286
Olfr101,0.116169905,0.999574161,-0.301455821,0.814104499,1.085104841,0.432752333
Gm17528,-3.489516307,0.883797316,-3.219464928,0.270584895,9.537983812,NA
Gm5819,-0.617073335,0.999574161,-0.078445638,0.97195136,1.406134345,0.457472218
Fancf,-0.477075365,0.999574161,1.114748758,0.005762935,-0.445908568,0.516405828
Gm20432,0.024922378,0.999574161,-0.768653259,0.315793552,0.05831616,0.967842045
Dnaaf4,-0.133910149,0.999574161,-0.213425966,0.8442013,0.157955765,0.911625009
Gm19345,-0.055635635,0.999574161,-1.227926525,0.006616581,0.513563662,0.497347843
Gm20519,0.154458945,0.999574161,-1.526569636,0.01654241,-0.02811897,0.983986417
Gm8752,0.790091446,0.999574161,1.589959237,0.028741252,0.188121587,0.893236883
Cdk3,-0.691528203,0.999574161,1.268928191,0.07030695,0.102356959,0.9430502
Galnt2l,-0.836287754,0.999574161,0.418237001,0.814401639,0.98774682,0.638897427
Olfr754-ps1,1.004547856,0.259753451,-1.587269407,0.000866632,-0.413730546,0.63026991
Hspe1-ps3,-0.56794841,0.999574161,-1.1529468,0.178826439,0.640852572,0.647762818
Gm20430,-0.085747906,0.999574161,-1.577965177,0.309164818,2.201374363,0.270068027
Gm20479,-0.856756374,0.999574161,-4.216116664,0.104353923,4.096169095,0.251026479
Gm19203,-0.269923881,0.999574161,-0.578086692,0.592132323,2.507038072,0.023462581
Gm18343,-0.067667383,0.999574161,-1.394210851,0.13948384,0.704237982,0.647762818
Gm20547,-0.939436225,0.999574161,-5.304822188,0.462670029,1.528883342,NA
Fam71e2,-1.81506797,0.999574161,1.269532503,0.680542193,4.11228232,NA
Nlrp1c-ps,6.168227287,1.3627E-15,-0.531548953,0.763101275,0.983377312,0.579622413
Pagr1b,0.699253006,0.999574161,2.789911812,0.040106801,-0.375712774,0.882456559
Gm8750,0.801217627,0.999574161,2.757865137,0.095407033,-1.211947378,0.660785631
Serpinb10,-0.419175227,0.999574161,-0.436430041,0.703224757,0.319529578,0.846949828
Btnl6,1.470800537,0.113396393,-0.508676028,0.486154039,0.071224649,0.953358823
Gm20689,-0.500313209,0.999574161,0.418848833,0.734946467,1.266584644,0.363869682
Gm6061,-0.987543205,0.999574161,1.62770469,0.473381798,-1.297765699,0.704507818
Gm18588,0.32184266,0.999574161,0.06032395,0.967682594,0.290781577,0.84632106
Gm20702,0.087168285,0.999574161,-0.799016731,0.365353469,0.402647351,0.774138902
Gm20708,0.343125995,0.999574161,1.840936614,8.52009E-07,-0.07269377,0.92793856
Gm20691,0.001943281,0.999883177,1.511002138,0.580280797,1.4814963,0.701517626
Gm18367,-0.515563217,0.999574161,-2.083593553,0.19063155,3.390977216,0.080538678
Gm20683,-0.147671331,0.999574161,1.185392546,0.036208239,-0.91555165,0.276618379
Gm21970,0.915246162,0.999574161,-0.485007743,0.924122113,1.423842107,NA
Gm20612,0.312316563,0.999574161,-0.352169479,0.502202095,-0.749848987,0.242948657
H3c14,0.226981916,0.999574161,0.317122167,0.77334787,-0.61424377,0.653079716
Gm20648,0.092550566,0.999574161,0.369285445,0.618297919,-0.887215232,0.318232483
Gm8355,-0.127769179,NA,3.410326752,NA,0.152428511,NA
Asmt,3.435668222,0.989002519,5.633536399,0.027878685,-2.969762775,NA
Gm6900,0.118562442,0.999574161,1.065248029,0.500230208,-0.196061382,0.941067506
Ighv3-1,0.909014463,0.896062358,0.653293169,0.41315389,-0.482848509,0.687983204
Lrit3,-1.476583028,0.999574161,5.345284244,0.017853586,1.124334274,0.789854444
Gsdmcl2,-0.243581769,0.999574161,1.207053828,0.121156154,0.654210702,0.605836269
Ighv1-53,0.751061123,0.999574161,3.96793E-05,0.999962651,0.79359802,0.634079647
Ighv1-76,1.214177074,0.54842995,-0.038305394,0.976320859,-0.109730737,0.93550874
Tomm20,-0.190924349,0.999574161,1.181061246,1.41698E-05,-0.815675345,0.035721533
Obox4-ps28,-2.990489449,0.999574161,-2.720369749,0.746228548,9.804030301,0.27801708
Hmgcs1,-0.146124134,0.999574161,2.296910641,7.53203E-18,-2.014966769,5.98801E-09
Evi2b,-0.009919311,0.999574161,-0.17033105,0.560883194,-0.082373053,0.855071857
Gm16867,-3.381969115,2.139E-29,-0.201781728,0.681714389,0.032966364,0.967416101
Ighv1-34,1.691011821,0.217982184,0.871756789,0.311166436,-0.512717517,0.706719575
Gm21909,1.906106197,0.789468782,1.387046047,0.329456752,-1.069337635,0.60588516
Gm2237,-0.571907404,0.593932763,0.188264102,0.658615557,-0.223996459,0.707474452
Igkv4-59,0.264619007,0.999574161,-0.093473765,0.883278455,-0.282665431,0.69636039
Gm21762,-1.011582252,0.999574161,0.65655167,0.687616986,-1.514127174,0.454390542
Ighv3-3,-0.233191733,0.999574161,0.11135364,0.900295982,-0.530205454,0.578192653
Ighv1-36,1.147442433,0.930194188,-0.106374764,0.946102439,-0.545804948,0.735376504
Ccl21d,-0.045680209,0.999574161,0.224387,0.979838575,5.543320301,NA
Ighv1-80,1.127935791,0.999574161,-0.177231489,0.935223135,0.842187778,0.70846842
Gm4767,0.096327509,0.999574161,0.756137269,0.131767708,-1.449894308,0.021971494
Ighv1-61,1.57692399,0.918919503,-0.018130883,0.991438432,-0.340059746,0.88220435
Gm8494,-5.804002203,3.44758E-18,1.601567814,0.009334783,-0.29858583,0.844976861
Gm21885,-0.37390757,0.999574161,-0.041378679,0.970298734,-0.105993563,0.927876692
Ighv9-2,1.396746433,0.774264544,0.125136515,0.937173995,-1.369897798,0.322224098
Gm8922,1.146049131,0.999574161,3.354936573,0.256362734,0.260128463,NA
NA,0.225988295,0.999574161,2.143335877,0.001357128,-1.703177657,0.074214966
Igkv3-12,0.669395706,0.999574161,0.468579837,0.748152854,0.369896171,0.856203508
Gm3233,-0.045693246,0.999574161,0.224368482,0.979838575,5.319031333,NA
Rpl31-ps9,-0.141116965,0.999574161,0.696420406,0.831412445,0.275316361,0.951893981
Ighv1-74,0.430124827,0.999574161,-0.098011072,0.963841559,1.113900703,0.558309108
G530012D18Rik,0.114894125,0.999574161,-3.897582468,0.017807992,5.200382586,0.015554828
Ighv5-15,-0.118518469,0.999574161,-0.216324877,0.826648648,-0.251562695,0.845846207
Ighv6-4,0.205524263,0.999574161,-0.660684441,0.68132174,0.530176629,0.815057788
Ighv5-16,0.911536042,0.999574161,0.665927614,0.592298378,-0.435758725,0.81267706
H2ac23,-1.591912284,0.94786974,-0.74469644,0.648142486,2.678796732,0.124810673
Gm14536,0.444435812,0.999574161,-2.100578468,0.531412871,4.385941302,NA
Igkv4-62,0.98705961,0.999574161,-0.05143285,0.978218248,-0.160027341,0.937776883
Igkv4-78,-0.559473464,0.999574161,-0.16047815,0.864284958,-0.73017807,0.483718836
Ighv9-4,0.504559676,0.999574161,-0.015019582,0.983676578,0.088334109,0.93550874
Gm10045,0.074392713,0.999574161,-0.366956483,0.738479964,0.240992911,0.875825595
H2bc13,0.346052231,0.999574161,0.049344973,0.962081825,-0.902663972,0.273765299
Igkv14-126,0.776552192,0.962700501,0.487211389,0.520085508,0.095823508,0.93884894
Gm8783,0.752078036,0.999574161,1.256063547,0.159125178,1.03319744,0.427332634
Gm3788,-0.567069468,0.999574161,-0.428883164,0.929167484,2.677698607,0.57513881
Gm38394,-0.106285574,0.999574161,-0.430972501,0.135259867,-0.179368125,0.715072637
Igkv10-96,1.025496672,0.351061406,0.426034201,0.492659178,-0.335646494,0.716372764
Gm21969,-0.476105236,0.999574161,-0.136442738,0.886596983,3.829856232,2.5259E-08
Gm6344,0.076732804,0.999574161,0.0486207,0.986273394,-5.356901082,0.077418979
Purb,-0.18883893,0.999574161,0.541468027,0.074487599,-0.681718068,0.092041509
Gm21958,-0.028870714,0.999574161,-0.449150953,0.452397237,0.052036136,0.959723364
Igkv1-133,0.868994061,0.766007251,0.314783791,0.676575549,-0.439732612,0.654402839
Vmn1r-ps73,0.378274767,0.999574161,0.876667396,0.60374238,1.273880682,0.559554334
Ighv1-69,0.753867994,0.999574161,0.138739738,0.938342691,0.569007577,0.761484946
Ighv8-6,-0.791881471,0.999574161,-2.135048966,0.005454121,0.921813611,0.477617944
Ighv14-1,0.867064536,0.999574161,-0.318933762,0.761184989,-0.621443093,0.633337358
NA,-0.344755741,0.999574161,-1.713650286,0.100979852,0.968393855,0.563187925
Gm21451,-2.749629367,1.56366E-07,-1.178865182,0.042922156,-0.456292076,0.66818087
Ighv11-1,-0.168743562,0.999574161,-0.195928184,0.894611847,-0.758625522,0.649603098
Ighv1-26,0.593936802,0.999574161,0.031199293,0.975969402,-0.173176652,0.867107929
Pramel39,-0.045688708,0.999574161,0.224375669,0.979838575,5.154417556,NA
Ighv1-22,0.603222985,0.999574161,0.056932616,0.952026153,-0.469351175,0.588951855
Gm15027,0.444435812,0.999574161,-2.100578468,0.531412871,4.385941302,NA
Gm10251,-0.364416456,0.999574161,-1.973896816,0.243062423,2.558479878,0.253276144
Fsbp,-0.023073766,0.999574161,-0.429436143,0.459209005,-0.138726315,0.882683276
Gm3055,5.963990542,0.461414861,5.948951223,0.061034486,-5.491460804,0.215220917
Gm10182,-0.119738839,0.999574161,-0.040161122,0.975969402,-0.346397034,0.789308528
Gal3st2,0.610877214,0.999574161,0.20501775,0.92729374,-0.800786105,0.741696767
Ighv1-42,0.398205907,0.999574161,-0.349842782,0.846842376,1.540178525,0.417202896
Rpl35a-ps6,-0.206549604,0.999574161,-0.277916416,0.955168778,4.109747692,0.294697479
Gm6902,-0.253826764,0.999574161,-0.556183939,0.266878878,-0.197206943,0.819681516
Ccl21a,-1.379019234,0.999574161,0.162804881,0.94920952,2.464312139,0.241261415
Ighv1-81,1.214102016,0.593932763,-0.013078963,0.989471379,-0.56908465,0.634853375
Gm10359,-0.447021175,NA,3.590405224,NA,20.58128518,NA
H2ac24,0.358519061,0.999574161,0.42905446,0.427528662,-1.055667171,0.093618137
Gm14403,0.231984889,0.999574161,0.741777095,0.298571712,-1.115208802,0.238422513
Ighv1-54,0.879893479,0.892199085,0.185668935,0.845984943,-0.187939911,0.877805471
BC147527,-0.500977926,0.89576735,-0.055677658,0.929167484,-0.91761351,0.070736867
Igkv6-15,0.022660707,0.999574161,-0.41874887,0.42810801,0.351737917,0.650465193
NA,0.384639262,0.999574161,-0.06247131,0.979606993,-0.154889881,0.959998798
Muc3a,-0.221916114,0.999574161,-2.702287084,0.00020321,1.344370973,0.229371391
Ighv1-56,0.609158402,0.999574161,0.435260165,0.841601702,1.135342687,0.651512064
Zfp131,-0.176673677,0.999574161,1.314097668,2.12296E-10,-0.750111978,0.01089661
Gm9726,-1.297708283,0.989253296,-0.506829199,0.723193444,0.699968717,0.716012039
Gm15093,-0.045769953,0.999574161,3.035599074,0.609674039,2.984039816,NA
Ighv5-6,1.401586212,0.372906687,-0.292718532,0.767919944,-0.838852133,0.460282925
Eif4a3l1,-0.183139371,0.999574161,-1.14350744,0.044517049,0.195051895,0.859080516
Igkv4-51,-0.708613254,0.593932763,-0.97558949,0.016662839,0.095209789,0.90728783
Igkv12-41,0.577812442,0.892199085,0.5640089,0.218984572,-0.825924832,0.166216673
Sirpb1b,0.396349787,0.999574161,-0.413382523,0.507565309,0.206779264,0.832072855
Gm36079,-0.005742835,0.999574161,-1.997152977,0.158645826,3.295050302,0.053698784
1700001J03Rik,-0.006501856,0.999574161,1.792542893,0.072547112,-0.139889014,0.944246852
Gm13146,0.011546365,0.999574161,0.598603888,0.659884393,-0.429078286,0.830235543
E030018B13Rik,0.155107656,0.999574161,-1.159273465,0.001543793,0.58612863,0.30787542
AF067061,0.148517582,0.999574161,1.26299341,0.002492853,-1.889903932,0.000575396
Igha,2.90880108,1.5814E-10,-0.375037978,0.572790779,0.25093618,0.797094556
Gm13285,-0.462389511,0.999574161,-1.019593582,0.170349321,2.961429693,0.000401234
Edaradd,-0.299274267,0.999574161,0.025250815,0.967344001,-0.275627791,0.620080109
Ighv1-82,0.86434073,0.572809752,0.149274172,0.837295211,-0.242912405,0.78698858
Ighv1-39,0.828307138,0.999574161,-0.015039605,0.991104738,0.198185611,0.912100378
Gm10718,-1.265508179,0.999574161,0.334257213,0.931322891,7.169014912,0.014797153
Gm20939,-0.251309576,0.999574161,1.676818509,2.52738E-07,-0.711373196,0.155160707
Ighv1-59,0.746418509,0.999574161,0.281947381,0.750618259,-0.233111193,0.850949385
Ighv1-52,0.627825916,0.999574161,0.236655209,0.800754073,-0.480195307,0.675191712
Ighv5-9-1,0.635927018,NA,0.169685814,NA,1.830298035,NA
H2bc15,0.196216359,0.999574161,-0.057917917,0.945926911,-0.790707155,0.26628002
NA,-0.981914973,0.999574161,0.190993026,0.96282335,7.099032692,0.011349461
Gm21119,2.18276638,0.999574161,3.190408142,0.074879972,-3.159232923,0.197594349
Gm906,-0.045712503,0.999574161,0.224339462,0.978578441,5.697393408,NA
Gm12573,-0.157871136,0.999574161,-0.733721696,0.038006886,-0.197747505,0.762146295
Igkv3-9,0.274412264,0.999574161,0.298636308,0.881471497,-1.233200526,0.574935985
Igkv3-2,0.973690393,0.862110375,0.745354272,0.335044386,-0.773532806,0.47911114
Gm21860,-0.703594158,0.999574161,0.877777253,0.380556157,-0.87140263,0.545713622
Rps2-ps6,-0.48887615,0.999574161,1.009402054,0.608898585,-0.426421025,0.886390588
Ighv5-12,1.087171477,0.892199085,0.353196074,0.745800746,-0.071076011,0.965539841
Fignl2,0.354929125,0.999574161,-0.18421881,0.930482226,0.608123815,0.788066826
Ighv1-4,0.871317462,0.999574161,-0.020560142,0.98405493,0.403519142,0.771228648
Entpd4,-0.639651514,0.001851862,0.280145376,0.161078818,-0.22686339,0.449822658
D13Ertd608e,-0.486875467,0.999574161,0.59627899,0.419132399,-1.660926814,0.054095294
Gm10243,-0.206549604,0.999574161,-0.277916416,0.955168778,4.109747692,0.294697479
Gm10719,-1.345898964,0.999574161,0.360473948,0.920677865,7.308077254,0.009786762
Erdr1,0.467407059,0.999574161,1.54307414,0.010218114,-0.660196412,0.509911373
Gm20474,-0.219691868,0.999574161,-2.319560308,0.47476917,4.448312537,NA
Ighv2-9-1,1.109436518,0.999574161,0.092694412,0.959579144,-0.052712544,0.980057555
Noc2l,-0.021864418,0.999574161,2.406353797,1.43541E-43,-0.74348456,0.002683663
Ighv5-17,1.183351384,0.89576735,-0.013519173,0.991283002,-0.198014852,0.90728783
Ighv1-55,0.921104473,0.562165091,0.085196386,0.919704797,0.188633207,0.848200891
Gm21188,0.563865633,0.999574161,-0.233878468,0.960782146,-0.434879995,NA
Ighv5-4,1.06843511,0.999574161,0.010327304,0.993938111,-0.040647482,0.984628284
Ighv14-3,0.644435297,0.911858097,0.47622554,0.402201932,-0.925231904,0.183050884
Gvin-ps3,-0.129106839,0.999574161,-0.763740473,0.162841689,0.420008228,0.634538028
Gm8935,0.507086316,0.999574161,2.572037106,0.000268643,-1.564952456,0.134829407
Gm2310,-1.087606633,0.999574161,-0.841678125,0.675884932,3.092344481,0.144557878
Gm10662,-0.315113726,0.999574161,-1.204429638,0.021952906,0.694831706,0.39947687
Rnaset2a,-0.20624857,0.999574161,-0.1519265,0.767335931,-0.088458376,0.902069694
Gm8221,-0.28487779,0.999574161,-0.64174576,0.528375876,-0.931914695,0.495212028
Igkv4-53,0.599632311,0.849628748,-0.030162136,0.970198214,-0.245526679,0.746574957
Ighv1-20,-0.442018525,0.999574161,-0.73714201,0.575753449,1.048561864,0.545713622
Igkv14-111,1.192833949,0.288016382,0.551536477,0.410080963,-0.730047816,0.412733028
Sirpb1a,0.576200397,0.999574161,-0.438015189,0.451810832,0.024766646,0.981690449
Igkv6-17,0.498409125,0.989002519,0.221000793,0.68132174,-0.647769061,0.283112858
Gm5451,-0.38339921,0.999574161,0.914008254,0.558498495,-0.357818986,0.882683276
Ighv1-43,-0.107147312,0.999574161,-0.135658058,0.936201396,0.28747157,0.87780828
Gm13237,0.405447799,0.999574161,-0.101166653,0.900751918,-0.313141951,0.733530253
Ighv2-4,0.25259186,0.999574161,-0.438696805,0.676545697,0.378324509,0.794954476
Gm10717,-1.372434346,0.999574161,0.339757025,0.929167484,7.282992013,0.012099402
Nim1k,-0.224816755,0.999574161,1.979741716,0.000508618,-0.24741176,0.830286025
Gm12671,-0.447021175,NA,3.590405224,NA,20.58128518,NA
Gm3183,-2.28568301,0.999574161,-2.166028297,0.470891855,5.408232341,NA
Gm5891,-0.315113726,0.999574161,-1.204429638,0.021952906,0.694831706,0.39947687
Gm21060,-0.313089739,0.999574161,1.120286316,0.141852592,-1.020298229,0.371968792
Gm16513,-0.045689534,0.999574161,0.224373909,0.979838575,5.333490168,NA
Ighv1-75,0.644299022,0.89576735,-0.021735439,0.978578441,-0.605375309,0.422173264
Odaph,0.274778211,0.999574161,-2.2224354,0.017677412,-0.04326906,0.983185809
Gm21698,-0.045693133,0.999574161,0.22436786,0.979838575,5.635964578,NA
Syne1,-0.084512088,0.999574161,-0.97901756,1.65113E-06,0.637847365,0.028556369
Ighv1-72,0.962454258,0.999574161,0.214974712,0.902593641,1.022185082,0.578192653
Ighv1-62-2,1.097411036,0.380381588,0.252998661,0.741598717,-0.057975491,0.959635107
Ighv11-2,0.558770372,0.999574161,-0.032136037,0.976242437,0.458760045,0.633693711
Dnah7a,-0.523565622,0.999574161,2.057355902,0.014073055,0.925263647,0.509137437
B020004C17Rik,-0.345510091,0.999574161,-1.23576561,0.087637562,-0.728635618,0.539673185
Ighv1-85,0.924579023,0.980490136,0.083613492,0.95138073,-0.896714013,0.449896032
Gm9242,4.446030802,0.999574161,0.22420944,0.979482002,0.866914292,NA
Gm8055,0.185621353,0.999574161,-0.245028421,0.942183515,0.687777802,0.850949385
Gm21761,-0.081589337,0.999574161,-0.387033905,0.406359055,-0.024090301,0.977777392
Cmtm4,0.415693837,0.990595373,-0.051717314,0.929167484,-0.809686712,0.086778116
Gm10715,-1.132339968,0.999574161,0.397558306,0.929167484,7.346668119,0.035763709
H1f0,-0.307904999,0.999574161,-0.448250583,0.456129309,0.462401389,0.588951855
Gm2916,-0.258450318,0.999574161,-0.83602344,0.099037646,0.4929774,0.542660867
Gm21874,-0.04566972,0.999574161,0.224400986,0.979838575,6.023291769,NA
NA,-0.766178249,0.999574161,0.848254964,0.689794183,2.05713209,0.412733028
NA,0.63101995,0.999574161,1.241524959,0.464929486,-0.692047122,0.79099722
Dynlt1b,-3.852390138,3.50614E-10,-0.459227702,0.611405057,0.148145486,0.915396064
4930467E23Rik,2.705859227,0.999574161,0.224272991,0.978695637,3.045083741,NA
NA,0.575987579,0.999574161,-2.098600959,0.000776348,0.724705208,0.484639976
Gm10302,-0.045750111,0.999574161,1.806467921,0.767363557,3.828329659,NA
Ighv1-78,1.900630541,0.65067145,0.165332731,0.931322891,-0.385142708,0.858346529
Samd11,0.011288435,0.999574161,1.5601944,0.000866632,-0.585855983,0.458993029
Gm11168,-1.663351768,0.999574161,-0.064346525,0.984118312,7.782507931,0.01235412
Ighv1-19,0.636880989,0.999574161,0.111457281,0.899425128,-0.139724963,0.896090773
Igkv12-44,0.668236545,0.915364898,0.46301063,0.439411364,-0.735554895,0.338247116
Gm8104,0.773379672,0.999574161,-0.177728502,0.964869923,1.101515193,NA
Ighv1-77,0.900947473,0.717430316,-0.254694958,0.741598717,0.046376835,0.969014222
Moap1,0.035771257,0.999574161,1.103113063,0.037163393,-0.969734653,0.207131691
Ighv9-3,0.852342695,0.999574161,0.439791207,0.728178293,0.225273974,0.900797959
Ighv2-2,0.514603694,0.999574161,0.246256951,0.675799837,-0.614270625,0.366682353
Cdkn2d,-0.36768824,0.892199085,-2.194234609,2.70766E-18,0.092517947,0.866346161
Gm6919,0.108190481,0.999574161,-1.991911577,0.069394483,1.360794372,0.398875262
Gm10721,-1.324235233,0.999574161,0.754220232,0.816371605,7.40975145,0.009836585
Gm4617,-0.036316365,0.999574161,2.466791186,5.10655E-12,0.335942275,0.620321902
Prickle4,0.032902048,0.999574161,0.986265812,0.423877064,-0.873959583,0.631061282
Gm10097,0.12179425,0.999574161,-1.099890905,0.08221703,0.486525144,0.645901731
Gm2956,2.034033381,0.999574161,0.224283406,0.979482002,3.194020538,NA
Ighv1-71,1.246718105,NA,-0.055135963,NA,2.539914855,NA
Igkv1-132,-0.288946975,0.999574161,0.312945042,0.823746785,0.017655708,0.991959035
Gm15801,0.752078036,0.999574161,1.256063547,0.159125178,1.03319744,0.427332634
Tpbgl,0.829066104,0.999574161,-1.073863837,0.190556855,0.474709294,0.726895176
Gm5559,-0.83447058,0.999574161,-0.586637014,0.847413027,0.465445242,0.90728783
Ighv2-9,0.696429304,0.999574161,0.330590546,0.667775346,0.078131273,0.948426784
Gm904,1.464396854,0.999574161,0.224303826,0.973583214,5.79730697,0.248182881
Ighv1-63,-0.011728455,0.999574161,-0.671419891,0.33767572,0.766758341,0.427824407
Zfp960,0.088474794,0.999574161,0.516104461,0.106330643,-1.008980986,0.011163264
Igkv3-4,0.399569264,0.999574161,0.139363391,0.867717503,-0.148117101,0.887537955
Zfp781,-0.918614113,0.999574161,-0.089289607,0.977158499,0.199444222,0.95324521
Mrgpra2b,4.270604143,0.563034413,2.804003803,0.26744959,-2.276626891,0.49581234
Hmgb1-ps9,-0.040708434,0.999574161,1.304309511,0.295988195,-0.681635647,0.740569516
Gm5558,0.320068006,0.999574161,2.677909106,0.020316678,-2.143365736,0.211806862
Gm17535,-0.938429643,0.999574161,0.366824369,0.915975935,6.645387485,0.015217871
Lbhd1,-0.273783385,0.999574161,1.133019539,9.48764E-05,-0.747318427,0.077494376
Gm21985,0.652594761,0.866561542,0.144270086,0.832378619,-0.827987037,0.218509054
Gm47283,0.409674576,0.999574161,1.939115472,1.78799E-06,-1.314235803,0.022222782
Tmem181b-ps,-1.314459246,2.28401E-11,-0.590880659,0.008382049,0.686839695,0.024439129
NA,1.429871118,0.125159337,-0.869740115,0.194022747,-0.442982159,0.682668938
Ighv9-1,0.883709406,0.843902525,0.477863074,0.522159189,-1.100621201,0.211521811
NA,0.50663425,0.999574161,0.00569214,0.993938111,-0.505160748,0.574036649
Ighv2-7,-0.877244481,0.999574161,-0.512673917,0.823746785,2.02415181,0.408552828
Igkv4-55,0.203829759,NA,0.108206757,NA,2.84127681,NA
Igkv6-14,-0.076538608,0.999574161,0.158562608,0.846844161,1.202971729,0.114018672
Gm8890,1.784877065,0.999574161,0.875858315,0.745525881,0.534154839,0.88220043
Gm21748,-0.703594158,0.999574161,0.877777253,0.380556157,-0.87140263,0.545713622
Gm13301,0.704761369,0.999574161,-2.312962322,0.299399946,4.164363977,0.102699924
Shisa8,-0.698276534,0.892199085,2.097564871,5.34601E-06,-0.716052416,0.349793986
A730071L15Rik,-0.879615616,0.999574161,0.334528399,0.758976556,1.607478339,0.151210764
Rps19-ps6,-0.010561613,0.999574161,0.208430968,0.922317432,-1.2553171,0.573558355
Gm16531,-0.206432076,0.999574161,-2.276840809,0.000107227,2.054273132,0.010232323
Gm1972,0.021155961,0.999574161,-1.357377475,3.96799E-06,0.546312875,0.241588703
NA,-0.225943545,0.999574161,-0.981448383,0.000969575,0.537925313,0.240427438
Gm27029,0.049581903,0.999574161,1.36590584,0.02990021,-1.230719343,0.175684985
Hmgb1-ps8,0.056960295,0.999574161,-1.345297634,2.94417E-12,1.038110685,5.68682E-05
Tnfsf12,-0.077155727,0.999574161,-0.940123977,0.137878529,0.629751248,0.522373919
Gm3200,-0.086170224,0.999574161,-1.149044337,0.117005444,2.406293244,0.005513298
Gm26965,-0.840752161,0.999574161,1.101677977,0.822136385,0.001831983,0.999635691
Gm26528,-0.127803412,0.999574161,-1.710162176,5.02466E-07,1.395463821,0.002524355
Gm26509,0.178480206,0.999574161,1.837208477,0.025415833,0.198072174,0.901165712
Gm26712,-0.446821492,0.999574161,0.841973716,0.588729432,0.392499806,0.868815894
Gm5976,-0.033178798,0.999574161,-1.031324288,0.114951229,0.427827,0.703234075
Gm9625,0.134448084,0.999574161,1.244841457,0.044319966,-0.944273363,0.310501228
Gm17799,-0.545190755,0.999574161,-1.530891901,0.207000181,0.646575403,0.756167906
Gm27026,-0.050655126,0.999574161,1.594027024,3.57523E-05,-0.796985591,0.184713887
Gm9522,-0.168476121,0.999574161,-1.200856331,0.458511689,0.011679258,0.996094589
Gm27014,0.290421222,0.999574161,0.060563694,0.904527662,-0.635674102,0.155368859
Gm7765,0.655411977,0.999574161,1.574610017,0.349586839,-0.221582784,0.940152553
Gm5345,-0.221509146,0.999574161,-0.271600983,0.900751918,0.334606137,0.900246538
Gm5300,1.401209795,0.999574161,-1.156600616,0.531412871,1.545449731,0.492917663
Gm6981,0.953060769,0.999574161,2.898755058,0.053891963,-2.264930512,NA
Gm26992,12.52925278,2.14095E-10,2.149439098,0.417340696,-2.507401989,0.420739839
Gm27006,0.024270547,0.999574161,1.434960697,9.94668E-05,-0.941452968,0.081280394
Gm6085,-0.108987713,0.999574161,1.936612407,0.002006338,0.530992523,0.637368138
Gm4654,0.406743026,0.999574161,-1.163582384,0.375748383,-0.446259672,0.839982603
Gm7507,-0.059817957,0.999574161,-0.422712439,0.707298946,-0.272186607,0.868891745
Ccdc166,-0.150347382,0.999574161,1.136430801,0.000207353,-0.730571674,0.107661593
Rps12-ps24,-0.291666371,0.999574161,0.725976349,0.56808872,-0.204639669,0.91826984
Gm9169,-2.628228101,0.89576735,1.43403214,0.447058955,3.478690135,0.156305418
Arl14,0.329283696,0.999574161,-0.278909693,0.867787206,0.095796622,0.966968553
Gm5224,-0.273977715,0.999574161,-2.132398941,0.066014456,2.994770109,0.036284229
H2-Pa,0.220607848,0.999574161,-2.123864712,0.032737503,0.793334935,0.63586965
NA,0.174470469,0.999574161,0.531908491,0.86599722,-1.310784574,0.728276521
Pet117,-6.096476382,0.288016382,2.081581494,0.510976736,6.829271789,0.067192625
Gm27149,-0.380928078,0.999574161,-1.015380499,0.405709327,1.613732531,0.300583103
NA,0.746285834,0.999574161,-0.627005613,0.45912299,0.515779714,0.678567011
C1rb,-0.045732298,0.999574161,0.224310072,0.970992966,6.363371823,NA
Rgs21,-0.330961696,0.999574161,0.324516611,0.86599722,2.153935991,0.239465348
Kctd12,-0.052350131,0.999574161,-0.102768781,0.816836109,-0.752345456,0.068499686
Commd1b,-0.227709811,0.999574161,-0.059787853,0.939873076,-1.111697568,0.06848233
Mroh6,1.738231732,0.980490136,3.142863924,0.015990958,-2.183253018,0.245132241
Gm28041,-0.231613145,0.999574161,1.163809178,0.00061482,2.234089803,8.54083E-08
Gm28038,-0.045771452,0.999574161,5.152241592,0.013230518,2.131638467,0.540863498
Igkv19-93,0.092610089,0.999574161,0.38572464,0.526636256,-0.30773014,0.73326371
Gm18190,0.365501934,0.999574161,1.697006566,0.010193732,-0.627842642,0.579221859
Tmem185b,-0.168814333,0.999574161,1.191192282,0.000432373,-0.523326678,0.336871642
Gvin-ps4,0.127787451,0.999574161,-1.486576751,6.30218E-10,-0.289034096,0.503324786
Gm28035,0.535944125,0.562165091,-0.934961733,0.002035396,-0.183298427,0.751391606
Gvin-ps2,0.205599045,0.999574161,-1.296979055,0.000990259,-0.800990115,0.173871098
Gm18180,0.327582111,0.999574161,1.179159039,0.494535362,-0.168808416,0.953497752
Gm2497,14.1636544,NA,13.7622517,NA,-7.264237173,NA
Ms4a14,1.335934305,0.15444969,0.356357675,0.634457194,-0.155528671,0.886503915
Gm6657,-0.206584443,0.999574161,2.718239869,0.003782468,-0.683683716,0.696676737
Gm17826,-0.219466073,0.999574161,0.423015112,0.554366677,1.803741688,0.014245554
H3c8,0.564266919,0.999574161,0.146812053,0.852602142,-1.356950619,0.057022615
H3c4,0.394015344,0.999574161,0.476852804,0.334331656,-0.58769851,0.380695457
Gm17969,-0.416721614,0.999574161,0.258008065,0.844180187,2.137824503,0.07216459
Gm5776,0.235115343,0.999574161,1.151581663,0.160392104,-0.701565043,0.590476952
2310034G01Rik,0.26890062,0.999574161,2.327085815,0.001078579,-0.431969683,0.751391606
Gm2316,-0.053347027,0.999574161,-0.957076941,0.07728222,1.596013295,0.019165114
Gm29013,0.058464314,0.999574161,-0.101262343,0.951598763,2.775281886,0.018643862
NA,0.01719875,0.999574161,2.905709411,5.78035E-20,-0.782959209,0.112507437
Gm28802,-0.295436308,0.999574161,-0.279522,0.825510363,-0.143176354,0.93550874
Rps10-ps2,-0.461163641,0.999574161,-0.770099982,0.741598717,0.019439439,0.995285509
Gm28583,-0.045712598,0.999574161,0.224339739,0.978578441,5.448605875,NA
Gm18665,-8.099858368,0.580919337,0.210527118,0.978578441,6.157022828,0.374756385
Gm21742,-0.674430951,0.999574161,1.484761102,0.17636877,-0.687019116,0.710785194
Rbm3-ps,-2.649950027,0.999574161,-0.99436638,0.762533632,6.086690567,0.061174015
Gm28551,-0.536315566,0.999574161,0.311672645,0.713282912,-0.415244453,0.718987911
Gm8226,0.182642194,0.999574161,1.247810132,0.276383133,1.726347495,0.253809474
Gm9226,-0.045692814,0.999574161,0.224367677,0.979606993,5.942701339,NA
Bcl2a1d,0.171340874,0.999574161,2.708857514,1.16369E-16,-0.594505306,0.270310716
Gm5619,-0.681976827,0.999574161,0.528345454,0.571769452,-0.255474269,0.860014589
Gm21136,1.445678054,0.999574161,0.224297058,0.978218248,4.106075733,NA
Gm6501,-0.092906898,0.999574161,1.690033024,0.03321241,-0.386962445,0.791350071
Gm8141,-0.395762251,0.999574161,2.351115097,0.00922712,-1.03486586,0.499954094
Gm8337,-0.158621926,0.999574161,2.647092418,0.005080562,-1.80733997,0.207411103
Gm29598,0.156168817,0.999574161,-1.757866052,0.349586839,0.834247161,0.779746911
Trpc2,6.117898403,0.999574161,0.224143806,0.979838575,0.278820583,0.983162079
Gm6644,0.126882459,0.999574161,-0.377949004,0.905599292,-3.005504962,0.347444105
Gm29640,-0.212564037,0.999574161,2.696519708,0.047962022,0.899816442,0.711050291
Gm28688,-0.045736833,0.999574161,0.224303075,0.965017361,7.427167829,0.025498518
Gm28911,14.3695587,NA,-3.341387627,NA,10.43146034,NA
Gm7266,0.082888118,0.999574161,1.61824462,0.205499852,-0.618497265,0.776103315
Gm12960,-0.145450247,0.999574161,-4.020311121,3.48307E-06,2.925712738,0.010779223
Gm19280,-0.205063703,0.999574161,-0.9469331,0.19227074,0.266548066,0.839199875
Gm28374,-0.801339521,0.999574161,0.600284556,0.605282206,1.070731161,0.468635428
Gm28466,0.193049628,0.999574161,-0.305881535,0.697610513,-0.364973759,0.736974089
Gm15459,-0.115914204,0.999574161,2.523239018,0.000227517,-2.225192883,0.019474142
Gm29094,0.11669629,0.999574161,2.284752432,0.000214678,-0.347971221,0.771261145
Gm10925,0.804138019,0.999574161,-0.050758296,0.979606993,0.921626213,0.668321655
Gm12669,0.209379002,0.999574161,4.083797813,1.31021E-09,0.205025977,0.884971614
Gm6610,0.007090977,0.999574161,-0.740794484,0.203711532,0.104659534,0.921573635
Lhb,0.154682307,0.999574161,2.015330586,0.080078459,-1.238831278,0.501240393
Gm8520,-0.841657177,0.999574161,0.708772578,0.556402215,2.027361758,0.138453626
Nscme3l,-0.151982181,0.999574161,-1.032305412,0.020595805,0.103580177,0.906924112
Gm28900,0.098740388,NA,0.471617989,NA,3.547134184,NA
Gm28372,0.269910855,0.999574161,1.147822726,0.416617413,-0.412382549,0.858662349
Gm29072,-0.039700449,0.999574161,0.435778469,0.728178293,1.575375708,0.241874382
Gm5692,-0.317103479,0.999574161,-0.467873598,0.592132323,-0.530059867,0.672713207
Gm28451,-3.048878418,0.999574161,-1.399177133,0.838467748,6.878808793,NA
Gm4017,-8.134349683,0.572520657,-0.258429152,0.975969402,6.587616873,0.333704637
Gm8498,-0.119212829,0.999574161,-0.966376883,0.517982776,1.920609663,0.282776318
Gm28069,-0.284519314,0.999574161,3.812358701,0.016298219,0.836259984,0.777560804
Gm28437,-0.309174966,0.999574161,-0.15122039,0.936690629,-0.565453484,0.777560804
Gm17981,0.319124605,0.999574161,0.018176056,0.981317205,2.295582012,0.00051588
Macroh2a3,-0.203696471,0.999574161,1.109161708,0.000818269,3.244882909,4.59541E-17
Eif4a-ps4,0.252772496,0.999574161,3.308552562,1.48722E-36,-1.909974184,2.81241E-08
Gm6750,0.182089909,0.999574161,1.672198954,0.005308809,0.076843623,0.951893981
Gm8326,-0.067526978,0.999574161,2.688988958,0.025745701,-1.972071867,0.278970776
Gm18342,1.618081397,0.028500052,-0.986226298,0.129896941,0.369681826,0.734765581
H3c10,-0.448147253,0.999574161,-0.345586636,0.690132341,1.002337368,0.305594212
Gm18291,-1.512151824,0.999574161,0.156711593,0.978218248,5.944101712,NA
Ms4a4a,-0.345919552,0.999574161,-0.582976729,0.33431691,0.703489121,0.394431021
Gm2617,-0.005087144,0.999574161,-1.035278102,0.495141466,0.984383737,0.647762818
Gm29441,-0.342758034,0.999574161,-1.344120586,0.453200552,3.912232533,0.038003606
Gm336,0.777128632,0.999574161,0.387639395,0.826798877,2.507093736,0.124091348
Rpl7a-ps10,-0.919861885,0.999574161,0.461962258,0.777620729,0.974702112,0.63146761
Gm8004,-0.339003999,0.999574161,-0.272106349,0.74929795,0.1222558,0.921200688
Olfr1392,0.431426047,0.999574161,6.476884596,0.001044247,-0.438026457,0.910591443
Gm2427,0.010360649,0.999574161,-0.57280349,0.573644437,0.404017334,0.786330364
Gm18800,0.506418274,0.999574161,1.905588972,0.172450119,-1.911422887,0.341531494
Olfr1391,-0.04578699,0.999574161,5.434895085,0.058680445,0.699176442,NA
Gm8203,0.605322202,0.999574161,3.235873977,0.416479541,-2.043869507,0.741007576
9130401M01Rik,-0.084170467,0.999574161,2.007553084,5.16132E-11,0.444115089,0.39783839
Gm29427,-0.466697567,0.999574161,3.152393644,0.194068596,-2.48829692,NA
Gm10074,0.55147433,0.999574161,2.28544219,0.100588452,-0.985260558,0.673921202
Gm28438,-2.847082583,0.999574161,5.719120178,0.184399477,5.307886811,0.398875262
1700001J11Rik,-0.20755313,0.999574161,-0.910705422,0.005353007,0.82672408,0.07048678
Gm28693,-0.094435639,0.999574161,-1.273744881,3.04478E-05,-0.250991016,0.660882711
Gm6198,-0.152224484,0.999574161,-1.24220611,0.069343497,2.183874208,0.010002708
Ly6a2,0.826652053,0.999574161,0.077077366,0.967344001,0.326513261,0.861949521
Gm37108,-1.0544757,0.999574161,0.749674044,0.571207244,-0.648571964,0.746827952
NA,-0.059138231,0.999574161,-1.969126791,0.482846003,2.082958286,0.593027361
Gm37493,-0.925453663,0.999574161,-0.473568016,0.697219293,0.306371853,0.86493433
Gm19035,0.101712142,0.999574161,-0.51300455,0.594169307,1.302633863,0.238057455
Gm30280,0.088744708,0.999574161,-1.693889726,0.133944225,3.122035105,0.017438682
Ighv8-2,-0.002830667,0.999574161,0.026186511,0.977810927,-0.416040424,0.632736618
Ighv8-5,0.804261848,0.999574161,0.041151764,0.974779158,-0.236163222,0.855071857
Sh2d1b1,0.681794011,0.481858017,-0.774216708,0.040757742,-0.123250401,0.863570577
Ighv1-10,1.879733089,0.999574161,0.224284996,0.978578441,3.369147177,NA
Pcdhgc5,-0.287244758,0.999574161,0.176696641,0.848686591,2.460983512,0.001310152
Gm37037,1.292128816,0.999574161,6.218948802,0.001136685,-1.237815047,0.711832028
Gm18553,-0.265807541,0.999574161,-0.566573357,0.190348098,-0.052768322,0.949288171
Dchs2,-1.066422475,0.999574161,0.3381014,0.918606759,2.96050631,NA
Pcdhgb2,0.130891119,0.999574161,-0.172693374,0.867054141,-0.063196429,0.964251096
Gm7694,0.349915951,0.999574161,-1.017317589,0.188016789,0.112613554,0.937871678
Gm6185,-0.36115238,0.999574161,2.313372557,0.034683395,0.622429255,0.756946655
Gm8242,0.241642816,0.999574161,-0.236953477,0.864019352,0.032641827,0.985927477
Pcdhgc3,-0.278260069,0.999574161,0.175282304,0.812690679,3.53736216,9.33344E-10
Gm34727,-0.316172867,0.999574161,-1.892854518,3.38724E-09,0.97214857,0.037212464
Gm8797,-0.016924469,NA,0.243402002,NA,4.855187768,NA
Gm7871,-0.236238879,0.999574161,-0.534136011,0.72243672,-0.196056862,0.931961322
Gm18752,0.138832817,0.999574161,-0.799273895,0.115933839,-0.252697574,0.777560804
Gm2053,0.637714457,0.999574161,2.269812043,0.000808429,-0.75492744,0.512702078
Gm5842,0.006649095,0.999574161,-0.554048405,0.18509629,-0.514606553,0.401695887
Ighv3-2,-0.443666378,0.999574161,0.068280963,0.94758453,-0.062431458,0.959174985
Pcdhga2,-0.007375838,0.999574161,0.008320985,0.993676407,-0.046547592,0.976560359
Gm38158,0.205775796,0.999574161,-1.230955857,0.229902923,1.437981474,0.294439317
Gm37116,-0.729087919,0.999574161,0.854720297,0.570632124,0.44381685,0.849738735
Gm38053,-0.08517138,0.999574161,-1.538446816,0.205796291,1.925149351,0.230690001
Gm17952,-0.269935472,0.999574161,-0.466185131,0.618297919,1.626634854,0.106378846
Pcdhga4,-0.518531209,0.999574161,-0.881134705,0.413192855,1.343498789,0.33478736
Gm38038,-0.077254822,0.999574161,-0.330057047,0.732161603,-0.260972489,0.851375305
Gm6162,0.26774183,0.999574161,-0.269828028,0.946558895,2.435002362,NA
Gm38317,0.590705558,0.999574161,-2.076420806,0.107578255,0.679176944,0.760970812
Gm38392,0.341173997,0.999574161,2.584536525,0.017278254,-0.603625874,0.762004667
Gm7899,-0.086346391,0.999574161,2.53292947,0.124178789,-2.799202112,0.227842398
Gm37009,1.993383234,0.999574161,2.802095063,0.096350868,-4.167908676,0.05742373
Tigd5,-0.383672033,0.999574161,0.792666324,0.057436694,-0.744089234,0.220019713
Ighv3-4,0.394510355,0.999574161,-0.522656506,0.680830813,0.534760731,0.759100302
Gm37449,-0.045696133,0.999574161,0.224362687,0.979482002,6.038701027,NA
Gm5539,0.105775681,0.999574161,-0.357541812,0.833656304,-0.43806513,0.845375563
Gm17771,0.973585033,0.999574161,2.914001267,0.018025876,-2.001155813,0.275289332
Gm37025,0.071057805,0.999574161,-0.517696905,0.449845098,-0.220043993,0.84509045
Gm18692,0.428874419,0.999574161,-0.15533271,0.937720518,-1.603771142,0.384245551
Gm37988,0.116055851,0.999574161,2.71852933,0.035511315,-0.385870607,0.875825595
Ighv1-14,0.688046669,0.999574161,0.073092261,0.963495365,1.375282363,0.266125452
Ighv8-8,-0.144791061,0.999574161,-0.303722956,0.554387582,0.34854099,0.621225144
Igkv4-60,-0.266968855,0.999574161,-0.338125537,0.743933676,-0.005226224,0.997113414
Gm30023,0.264112685,0.999574161,2.022852847,0.087114052,-1.506131543,0.404304374
Gbp6,0.911483484,0.158485181,0.302078116,0.531412871,-0.559521063,0.349735144
Gm43058,0.19219972,0.999574161,2.776501653,0.00016373,0.530356952,0.703234075
Igkv8-34,0.931926051,0.854930941,0.246024561,0.792797588,-0.542001319,0.630923844
4930515G16Rik,-0.347755322,0.999574161,0.343080517,0.630286731,-0.567599862,0.548749925
Gm43710,0.36222856,0.999574161,0.604984001,0.613471163,-1.459329757,0.313014132
Gm8234,-0.475382864,0.999574161,2.093662221,0.050438385,0.806139768,0.663497466
Gm18747,-0.864205269,0.999574161,1.09194896,0.414089443,1.087074669,0.577340269
Igkv1-108,0.259220018,0.999574161,-1.741667693,0.000575309,-0.012788378,0.990644671
Gm43064,-0.708962217,0.999574161,0.134604675,0.902593641,1.656903641,0.075682715
Aqp10-ps,-0.305974115,0.999574161,0.26481424,0.686103201,-0.274217241,0.765131169
Gbp10,1.000283485,0.1831739,0.947081676,0.031066534,-1.247390303,0.030687919
Gm43191,0.741721949,0.999574161,0.938293345,0.426506835,-0.969113157,0.561431453
Ighv1-79,0.52765092,0.999574161,-0.263872544,0.907655199,-0.292247808,0.915565286
Gm5297,-0.065612198,0.999574161,2.221667055,0.058680445,0.997235828,0.611297884
Ckb-ps1,-0.77189318,0.999574161,2.802880877,0.192843478,4.499878091,0.095846086
Gm43738,-1.122601041,0.999574161,0.338893866,0.816371605,-0.491519327,0.798707156
Iglj3,-0.424695853,0.999574161,0.226084246,0.751272733,-0.005619402,0.995285509
Gm5281,-0.197746171,0.999574161,-0.541890878,0.033600503,-0.290850332,0.478529872
Gm43214,0.412489681,0.999574161,-0.972962199,0.281527015,0.349086536,0.817186235
Gm9504,0.11514192,0.999574161,-1.506195189,0.105630991,-0.546584951,0.741550185
AU022133,-0.323887775,0.999574161,1.622992315,0.146576274,-0.043473355,0.984939025
Gm43802,0.46052923,0.999574161,-0.574444372,0.600873395,0.121285189,0.945346562
Igkv11-114,-0.103274983,0.999574161,0.046992213,0.978578441,-1.620850008,0.309793822
Gm8458,0.181585083,0.999574161,-0.650934334,0.636653784,1.226382739,0.466809536
Gm42672,-0.101249764,0.999574161,-0.629446556,0.160392104,0.445618839,0.520494264
Gm43218,-0.088197361,0.999574161,0.19481285,0.85230247,-0.877892628,0.435094366
Igkv4-77,-0.549870364,0.999574161,0.187408525,0.818825463,-0.695169847,0.447960474
Igkv13-78-1,-0.37523154,0.999574161,0.161106111,0.917764051,-1.748928768,0.238025929
Iglc3,-0.276621162,0.999574161,-0.09225935,0.84335474,-0.245861008,0.650465193
Gm43384,0.143990753,0.999574161,-0.073939162,0.970290601,1.717227946,0.253002508
Fbxw14,0.655993227,0.999574161,0.477566959,0.768214243,0.378504529,0.86346666
Gm6649,6.099046681,0.288016382,8.730988098,0.000869574,-5.33924475,0.140860411
Gm8828,-1.361149845,0.999574161,-0.970703218,0.565816591,-0.928670564,0.72881735
Gm42845,3.590587163,NA,4.671665362,NA,22.00448613,NA
Gm18985,-0.751974525,0.999574161,-0.275024657,0.967938281,4.31121112,NA
Iglc1,0.128012942,0.999574161,0.113700822,0.833907543,-0.849809276,0.09168751
Gm43555,-0.04567564,0.999574161,0.224393093,0.979838575,5.752420647,NA
Gm17951,-0.089025519,0.999574161,-1.340734667,0.092055249,1.799963875,0.077741535
Igkv4-56,-0.443710894,0.999574161,-0.258775645,0.899426883,0.139639398,0.958312041
Gm8848,-0.782776577,0.916706825,-1.399312609,0.022311995,-0.507166845,0.656126831
Gm4332,-0.12155605,NA,-0.342665238,NA,0.23302134,NA
Gm4962,0.086310186,0.999574161,0.006031965,0.995815951,1.672307895,0.12471239
Gm42804,-0.032141734,0.999574161,-0.09877885,0.953431653,-0.250929221,0.889573343
Gm43704,0.962094165,0.999574161,0.8132795,0.560559582,-0.177323831,0.936258725
Gm9710,0.058844007,0.999574161,2.539771587,0.161955741,0.01629228,NA
Gm9728,-0.118392656,0.999574161,-0.24710195,0.85474381,-0.309323223,0.860014589
Igkv12-47,-1.002926998,0.974027795,-2.175990541,0.011046968,1.317633809,0.325234558
Gm2287,-0.723232771,0.999574161,-1.241767905,0.284278587,3.014868045,0.023550535
Gm42958,-0.761065454,0.999574161,-1.723142733,0.155536608,-1.029988736,0.637073757
Gm40414,-0.246499348,0.999574161,0.572140002,0.362614204,-0.753982331,0.388308024
Ckb-ps2,1.80292249,0.999574161,1.220633671,0.682156222,3.731182902,0.189787248
Kif19b,0.115728669,0.999574161,4.303295558,6.44047E-09,-0.546795989,0.706747929
Igkv14-126-1,-0.606114956,0.999574161,-0.107002876,0.940559204,-0.050664027,0.977547351
Igkv4-73,-0.837744306,0.892199085,0.042147533,0.970463192,-0.349488882,0.75798492
Iglj3p,-0.595891262,0.911858097,0.195938636,0.748801839,-0.607647347,0.392871819
Gm9273,1.370036758,0.999574161,5.08488534,0.04857376,-0.457051821,NA
Gm9771,0.919922584,0.999574161,0.585167907,0.840674876,1.787572245,NA
Igkv2-107,0.452457106,0.999574161,-0.884790687,0.09815048,0.052043982,0.960135287
Gm43070,-0.466079281,0.999574161,-0.285919457,0.569899573,-0.332215571,0.637073757
Gm43103,-0.172052598,0.999574161,-1.677861627,0.003273676,1.177754192,0.155160707
Gm21680,1.133966647,0.999574161,2.642119729,0.405327835,1.639730742,0.734699526
Iglj1,-0.349937433,0.999574161,-0.346067711,0.735165209,0.180624385,0.901714982
Tmem265,-0.106428353,0.999574161,-0.202545921,0.799128387,-0.171146282,0.873447215
Gm5442,-1.466391237,0.999574161,-1.19633477,0.849035729,6.926821929,NA
Gm7961,-0.045715085,0.999574161,0.224335606,0.978306133,5.75888582,NA
Ube2n-ps1,0.087319582,0.999574161,1.293147232,2.3282E-05,-0.827347607,0.062579472
Ybx1-ps2,0.06456766,0.999574161,2.172919917,0.079193441,-0.806332057,0.710593461
Gm43580,1.510150495,0.999574161,-2.762507318,0.285752508,5.302175026,0.056183603
Gm4482,-0.123695785,0.999574161,1.274017344,0.118361347,0.172232952,0.909421412
Gm42742,0.274266122,0.999574161,0.777673513,0.04706267,-0.932684399,0.076563902
Gm35648,-0.206959501,0.999574161,0.48509134,0.563435667,-0.509062993,0.667595629
Gm36378,-0.074180614,0.999574161,-2.303942878,0.002344112,0.9094106,0.468635428
Gm43442,-0.08270839,0.999574161,-0.114159812,0.953093085,1.212548308,0.472405514
Gm30708,0.07186118,0.999574161,0.214548743,0.886710806,-0.100195301,0.959611623
Gm7452,1.232283977,0.694583286,-0.003961835,0.997075509,-0.091805786,0.95324521
Gm4366,-0.350115004,0.999574161,0.248383745,0.843737213,0.453561753,0.770823
Gm4782,-0.796213781,0.999574161,-1.24751286,0.791655136,6.958067449,NA
Gm44216,0.19227652,0.999574161,-0.751313419,0.125691421,2.914749024,3.86029E-08
Stambp-ps1,0.227745828,0.999574161,1.659880783,0.07636387,-1.934653313,0.13577516
Gm44790,-0.264250189,0.999574161,1.403237789,0.447108862,1.524826927,0.554598549
Gm19244,-0.262718277,0.999574161,-0.644674413,0.611561224,-0.134841099,0.948792789
Gm44282,0.338913717,0.999574161,0.382433394,0.787089088,-1.536036523,0.324222028
Gm44011,0.058326731,0.999574161,-1.384179685,0.156696034,0.843826071,0.579767744
Gm45062,-0.044137204,0.999574161,0.119751866,0.820120913,-1.28794119,0.005142607
Gm16042,-0.012053346,0.999574161,-0.021479306,0.979482002,-0.854438771,0.249225449
Gm8774,-0.258403502,0.999574161,1.39473698,2.62045E-05,1.164503476,0.011314783
Gm43962,-0.375855424,0.999574161,-0.94941601,0.073467449,0.629998132,0.443561018
Gm18791,0.091586221,0.999574161,-1.169647172,0.041853271,0.280449701,0.789840093
Gm5315,0.197900246,0.999574161,-0.069562575,0.978578441,1.716269349,0.449563616
Gm44511,-0.480568563,0.999574161,-0.23368561,0.940029365,1.592575701,NA
Gm43951,0.256883317,0.999574161,0.603088911,0.175978088,1.402877873,0.007461328
Gm44524,0.069323434,0.999574161,-0.592242984,0.451571696,0.002866648,0.998112806
Gm6210,-0.199017708,0.999574161,2.741036224,0.002918571,-2.29455154,0.083053445
Gm44419,0.456497408,0.999574161,2.843305403,0.35145391,1.021955376,0.841148789
Gm8479,-0.331039883,0.999574161,-1.156614345,0.266404718,1.750209721,0.191281936
Gm6786,-1.497361752,0.999574161,-1.227318381,0.732149175,8.971445997,0.004040341
Gm7039,-0.050110116,0.999574161,2.369179958,0.038956241,-0.396276348,0.858044517
Gm19653,0.902048642,0.999574161,-0.293768627,0.87863964,-0.179859113,0.942604606
Olfr1372-ps1,-0.196160023,0.999574161,-0.408624959,0.112357838,0.162003214,0.715072637
Gm44063,0.075383564,0.999574161,-1.423934275,0.09417597,0.256695703,0.870955782
Gm44024,-0.210771954,0.999574161,0.888453604,0.573644437,-0.047977871,0.985680571
Gm44429,-0.045667131,0.999574161,0.224404438,0.979838575,6.141770476,NA
Prkcz2,-0.011999505,0.999574161,-0.242680769,0.398110526,-0.143005015,0.753596514
Usf2-ps1,0.064477769,NA,-3.940156875,NA,6.209681547,NA
Erfl,0.027006967,0.999574161,-0.507007334,0.55392951,-0.229289866,0.863570577
Gm8209,0.144229077,0.999574161,0.831235408,0.407945391,1.279886536,0.318424519
Ywhaq-ps1,0.167976392,0.999574161,-0.680772362,0.268045569,0.154754806,0.884248686
Rpl15-ps5,-0.084686186,0.999574161,-0.736595965,0.190348098,0.288642016,0.762257322
Gm5587,-0.2487544,0.999574161,2.123887739,0.013230518,-0.56710577,0.726070594
Gm45186,-0.108459968,0.999574161,-0.369563468,0.416617413,-0.028853489,0.972143486
Gm45080,0.322402863,0.999574161,0.263294579,0.945707415,-2.139690814,NA
Gm18988,0.047642007,0.999574161,0.128073999,0.733020231,-0.630735128,0.100308738
Gm18905,-0.045785477,0.999574161,4.819577661,0.130545227,0.962292201,NA
Gm6063,-0.119122797,0.999574161,0.131208066,0.958072969,-1.178192324,0.613461151
Gm18959,0.233537928,0.999574161,-0.380133918,0.430364822,2.860079508,1.82433E-10
Gm44911,-0.045731335,0.999574161,0.224310478,0.965526916,8.524560398,0.010586697
NA,0.330873301,0.999574161,-0.917433325,0.051407426,-0.013609763,0.98900133
Cc2d2b,-0.344688282,0.999574161,-3.211352749,3.53315E-13,0.182004003,0.849738735
Gm7972,0.17458009,0.999574161,1.255050933,0.017801988,0.656331532,0.435305378
Gm45209,0.139533868,0.999574161,-1.420710808,0.109433939,3.085339838,0.002262825
Gm10046,-1.301110739,0.999574161,-2.437691463,0.385238814,4.810794257,NA
3110009M11Rik,-0.028057083,0.999574161,3.811495236,0.032528293,-0.727290303,0.831627637
Zfp264,0.197295366,0.999574161,1.557475037,0.42854419,0.934268891,0.756995241
Gm10297,-0.535909193,0.999574161,-0.033383672,0.982346568,1.152257384,0.533475284
Fam81b,0.242914963,0.999574161,1.861259109,0.125391991,0.091572168,0.969803779
Gm44833,-0.080855997,0.999574161,0.379759996,0.739517531,-2.214434533,0.069422477
Gm35060,-0.080760451,0.999574161,0.699467597,0.629046694,0.382986317,0.859719428
Prmt1,-0.090124381,0.999574161,1.599819512,1.44612E-29,-0.112662519,0.691130347
Gm9195,0.675565312,0.999574161,3.043347263,0.554194288,2.332591704,NA
Gm45224,-0.02783308,0.999574161,0.747885881,0.712083582,3.507196529,0.077418979
Gm7451,-0.173857816,0.999574161,1.792764239,0.000685349,2.540137789,0.000180566
Gm33882,-0.200861787,0.999574161,-0.724667931,0.217218609,-0.216770154,0.838431135
Gm21033,-0.045694639,0.999574161,0.224364978,0.979589993,5.969782732,NA
Gm42417,6.042655355,0.21336305,7.263074028,0.002754765,-5.106933621,0.115107538
Nup62,-0.044954715,0.999574161,1.681552062,4.58281E-15,-1.211045729,2.62523E-05
Gm6882,-0.129942669,0.999574161,-1.064516731,0.001314776,0.975516966,0.032977843
Muc16,-1.176231016,0.999574161,-0.311038939,0.925695972,4.675588049,0.082924268
Pvrig,0.622618508,0.872308815,-0.178392847,0.779866386,-0.347318215,0.659475385
Eid3,0.53924686,0.774264544,0.415951803,0.295988195,1.514513542,0.000440303
Exosc6,-0.045647387,0.999574161,0.224430763,0.979838575,7.04523915,0.47911114
Igip,0.121415385,0.999574161,0.622978495,0.135259867,-0.82557597,0.137085254
Pde2a,-0.420609747,0.735652091,-1.889121312,3.09868E-15,1.718404202,3.04292E-08
Flt3l,-0.026070698,0.999574161,-0.994946643,2.68818E-07,0.640537784,0.019262642
Rnf223,0.193519071,0.999574161,3.149028305,3.92547E-06,-1.598783984,0.123632214
Cmtm1,-0.222608313,0.999574161,-1.342653427,0.243379281,0.630385465,0.743213257
Gm20946,-4.378751417,0.999574161,-0.117014753,0.982346568,6.363792458,NA
Lilr4b,0.850396006,0.872308815,0.656173379,0.338663334,-0.076300552,0.951099963
Lilrb4a,1.128211595,0.125159337,1.174725395,0.008975684,-0.209608961,0.806384825
Gm9742,0.383222237,0.999574161,1.212686385,0.008722476,1.299585613,0.037715637
Adat3,-0.088912572,0.999574161,0.288515267,0.542201697,-0.974004672,0.059875584
Scamp4,0.116926868,0.999574161,1.128812214,2.77865E-06,-1.366904333,1.48997E-05
