genes,WTvsMu_lfc,IRvsMock_lfc,Interaction_lfc
Gnai3,-0.098320733,0.759955305,-0.658503492
Cdc45,0.510144395,1.638405487,-1.499256625
Scml2,0.544682211,0.928792905,1.149341018
Narf,-0.229809935,-0.972746792,0.162427651
Cav2,-0.592772511,-1.278882755,0.555039119
Cox5a,0.187557398,1.455863888,-1.20171767
Ngfr,0.162829021,-1.742590234,1.651424485
Fer,0.160516876,-0.561398007,0.036317765
Axin2,-0.33482916,-0.717191613,0.950136334
Gna12,0.250885006,0.106313668,-0.638841043
Itgb2l,2.51871419,1.066154761,-1.055410631
Dlat,-0.120739079,1.147618318,-0.814402149
Sdhd,-0.179606932,1.191599447,-0.878117043
Ccnd2,0.263508594,2.779884992,-1.039500235
Slfn4,1.036291289,0.510833513,0.23030576
Th,-0.47536238,-1.807152329,1.719977454
Tspan32,-0.101876709,-0.437945155,-0.330882516
Clec2g,0.179597484,-0.565464883,2.794517916
Gmpr,-0.729848354,-0.660362245,1.078537011
Glra1,0.53488844,3.770046048,0.171297114
Trim25,0.155618511,-0.68927726,0.439987492
Scpep1,-0.019798591,-0.415169645,-0.36602808
Pemt,-0.082672925,1.787055356,-0.504697866
Cdh1,-0.112168183,-0.380204881,0.087697872
Ckmt1,0.675603383,1.651108057,8.172629207
Bcl6b,0.012095643,0.399113915,-1.068024936
Clec10a,-0.717308762,0.362587771,-0.172208971
Dazap2,-0.200056419,0.046621009,-0.221927018
Mcts1,-0.066662965,0.623960637,-0.588058785
Rem1,-1.00899562,-0.148883418,0.365610731
Rnf17,-0.256157917,1.200259749,-1.312443786
Ccm2,-0.268047321,-0.769476821,0.500690018
Tmprss2,-0.520122353,-0.952582055,1.094342385
Mx1,-0.294536938,-0.637082723,2.565151196
Gcg,0.514556009,1.507006291,0.400196195
Ndufa9,0.024880438,1.2414065,-0.858671643
Egfl6,-0.133973035,-0.890262776,0.872588044
Lck,-0.019592476,-0.393859622,0.042128429
Cttnbp2,-0.819595307,-0.131408469,1.560877556
Acvrl1,0.278163559,-0.546347955,0.765431752
Acvr1b,-0.13351081,-0.123030496,-0.15471098
Tom1l2,-0.140330992,-1.17604649,1.01630688
Zfp385a,0.139578135,-1.623300777,3.828516107
Atp5pb,-0.014341376,1.140369495,-0.817880456
C1d,-0.299747814,0.577971592,-0.474197142
Gm2a,0.105181117,-0.716417698,-0.061726291
Vmn2r88,0.222623457,-0.278306386,1.144934223
Grm6,0.560426516,1.536989987,0.149018985
Hk2,0.187227843,2.285056822,-1.420508115
Myo18a,0.008824968,-1.134748961,0.641837667
Cd52,0.015273385,0.882003188,-0.964594347
Abhd15,0.247393642,-0.476839064,0.032598499
Hoxb6,0.265969961,0.762610661,0.483443573
Kat2b,-0.06074793,-1.519878266,0.237562021
Icosl,-0.084186886,0.320355089,-0.77432284
Rpa1,-0.027134582,0.159176944,-0.622146596
Polr3d,0.068506372,2.385553949,-0.493731634
Il12rb1,0.440271619,0.677568806,-1.289613949
Kcnn3,-1.033118416,-1.872717672,4.569595325
Txnrd3,-0.256972538,2.492265537,-0.57624824
Zfp512b,-0.185770299,-0.531641196,0.395905165
Fmr1,-0.031642666,0.132903489,-0.365830146
Bcl11a,-0.025878856,-0.334146348,0.00083948
Pxmp4,-0.128492453,-0.907391729,0.854249062
Dlg3,0.231176613,-0.093568991,-0.31303372
Gnb1l,-0.394766555,1.685376654,2.104606303
Mmp11,-0.1963679,-0.037693282,-0.46156412
Vpreb3,-0.510014954,-1.247013763,-0.733577169
Nsun5,-0.10883253,1.954539008,-1.016483106
Top1mt,0.018716203,2.406756792,0.100284741
Mmp14,-0.386861899,-0.615472251,0.690330974
Ccl3,0.642018323,0.363180377,-0.48669852
Wfdc18,0.789469005,-1.684251696,0.730773142
Snapin,-0.186497309,-0.026083244,0.010241174
S100a6,0.077786835,-0.998548874,1.013319775
Scn4a,-0.098928178,-1.602905326,0.442502302
Icam2,-0.299513124,0.130093937,-0.686214415
Epn2,0.054439609,0.178434048,-0.502255458
N4bp3,-0.203606565,-0.110538417,-0.285517113
Rmnd5b,-0.223962212,-0.097961921,-0.342680408
Nhp2,0.059196065,2.839142786,-1.336945816
Mfsd10,-0.027984536,-1.396207697,0.195036011
Sebox,-0.259851965,1.667065244,-1.266497361
Ift20,-0.045676747,1.32462974,-0.836836974
Col6a1,-1.360007452,-0.383428217,2.042800594
Timp1,0.574256223,2.444419591,-0.260246572
Uxt,-0.10889819,1.536050962,-0.569694323
Oas1c,-0.244834409,-1.029907246,0.750286061
Calm1,-0.069893704,0.550842327,-0.647048645
Sema6b,-0.442480232,-1.285987974,0.929860161
Uhrf1,0.386298665,1.870556312,-2.273441382
Ramp2,0.102190289,-0.114734194,0.57721617
Ckb,0.564219906,-0.987135027,0.906058914
Itgb7,0.082576402,-2.329934382,-0.319189493
Myg1,-0.061756647,1.204264264,-1.005589796
Rarg,0.232097641,-0.411097513,2.348148545
Rrp15,-0.078418417,2.843239639,-0.816566152
Acp5,0.205970869,-1.6043873,0.329029047
Hars,0.001636605,1.641645586,-0.788503986
Cct3,-0.123552711,2.633623846,-1.324926707
Tmem79,-0.099912455,1.912855249,-0.177766679
Slc19a1,-0.14374396,2.49579917,-1.220396655
Kpnb1,0.029269927,1.758766413,-1.111752912
Tbx21,0.334057807,-0.494952703,0.031643637
Cyp51,-0.156103922,2.352873017,-1.686621159
Nkx2-1,0.490573642,-0.38927531,1.911536778
Gtf2h4,-0.008928816,1.832020554,-0.660309064
Tubb5,0.074797954,1.207556904,-1.310661727
Jup,0.412644382,-1.30611407,0.491050315
Fkbp10,-0.515869138,0.702606978,1.816210706
Ergic1,0.053623712,2.141630399,0.11353777
Acap1,-0.113118644,-0.742760606,-0.457770533
Tcea3,0.228290075,-1.576173588,0.506181248
Ifrd1,-0.113157657,2.191568177,-0.72810749
Gstt1,1.567161015,0.616591493,0.086168952
Ddx18,0.030586391,2.155770282,-1.098952266
Eef1e1,-0.17252723,1.894988579,-1.247632759
Il16,-0.111999182,-0.213461596,-0.073706299
Naglu,0.12042166,0.15117109,-0.411734591
Rin2,0.15838911,-0.810785071,0.969195972
Chordc1,0.076690966,2.182421844,-1.865941307
Pwp1,-0.099209497,2.004743102,-0.591836615
Fbxo7,-0.019154884,0.186895133,-0.534458369
Capns1,0.044379595,-0.205850046,-0.126089679
Rac1,0.089254334,0.075087873,-0.395467668
Ugp2,-0.014057208,0.340649087,-0.594076895
Kcnh6,-0.190747559,-1.888590263,1.381829173
Siae,0.138116988,-0.590031232,-0.020201497
Gria3,-0.371822659,-0.192650134,3.452065577
Sipa1l2,-0.008488765,-1.456927847,0.834582282
Srpk3,-0.286612998,-1.364764917,-0.705342469
Idh3g,-0.165591272,0.680341856,-0.442188661
Pnck,-1.297127167,-0.966606713,1.681792948
Bcap31,-0.112841416,0.35677061,-0.519920289
Unc119,-0.048601269,-0.170818161,-0.344124726
Sdf2,-0.108066799,-0.436979006,0.070856614
Ccne1,-0.012553764,-1.579017655,0.145135392
Bbc3,0.668924794,0.199918569,5.774002758
Psmc3,-0.049257739,1.476729378,-0.716370623
Rapsn,-0.496268107,0.653712724,0.750287477
Celf2,0.005687588,-0.490590432,-0.361164655
Ddb2,-0.188625396,-0.609255196,0.172416788
Rmnd5a,-0.082399265,0.060449252,-0.347215773
Ppm1j,0.027159474,-0.118822396,0.40587554
Peg3,-0.076977199,0.304879705,0.861594473
Metrn,-0.24676408,0.553918315,-0.487793898
Angptl4,0.391091485,1.293225506,-1.602052187
Cd320,-0.19730292,2.32381591,-0.497196861
Ipo4,-0.050838431,2.465230563,-0.3669123
Irf9,-0.115508723,0.028383326,-0.141706571
Dhrs1,0.012294781,-0.544263518,0.134531853
Armc6,-0.068642065,1.771332825,-1.291195666
Slc25a42,0.125489112,0.059971597,2.266318647
Ocel1,0.043567037,0.326839589,-0.47015074
Dyrk1b,-0.190293164,-0.327522081,-0.183354368
Rgs19,-0.060439443,0.271768951,-0.631600028
Snrpd1,0.137439536,2.516999959,-1.223416995
Rpl3l,-1.633726759,-0.951547047,1.482543253
Slc9a3r2,-0.707609247,-0.800162818,0.563760861
Scin,-0.294395827,-0.074526144,-0.097800841
Mien1,0.057071427,0.842163596,-0.790458558
Axl,0.389787122,-0.957313934,0.224957442
Tgfb1,-0.19814789,-0.611735447,0.256187392
Zfp40,-0.254474716,-0.009479681,-0.099464041
Shh,0.049794568,-0.59077599,0.533366844
Gtf2f1,0.058982017,1.997120079,-0.697453998
Clpp,-0.032793598,1.649090249,-0.861665032
Alkbh7,-0.242997895,0.71038029,-0.599470401
Dennd1c,0.010368338,-1.341447919,0.623357704
Lcp2,0.370453997,-0.499910652,0.371438329
Mrpl2,-0.17697715,1.483124653,-0.831703568
Gnmt,-0.08391021,1.498506715,0.065298055
Kdelr1,0.089893728,0.108004092,-0.476868156
Jag2,-0.335342996,0.327033182,3.702582024
Epdr1,2.131638874,-2.414045654,0.017102442
Qtrt1,-0.278352972,2.022536659,-0.530659504
Chaf1a,0.474222075,1.192857137,-1.601382926
Pla1a,-0.657784737,2.115376037,1.002312829
Mcm2,0.133025837,1.812857046,-1.577577461
Tpra1,-0.1466461,-0.365882655,0.002259316
Adgre5,0.126866333,-0.367332651,-0.148693636
Il17ra,-0.075289308,-0.790267084,-0.174202108
Kcnn1,-0.057890846,2.843572368,-1.243245169
Ppp1r17,-0.464846901,-0.566388638,2.54793246
Cd36,0.155501394,1.845893205,-2.365424303
Bcam,-0.698744592,-0.518520603,1.246541819
Tomm40,-0.109010658,2.008315679,-0.840254449
Apoe,-0.001567906,-0.788639793,0.178268555
Apoc2,0.153763109,-1.396151056,1.243235801
Prkar2b,0.272886822,-0.059143558,-0.786848796
Cdkn1b,-0.092144549,-0.84836772,-0.01227709
Ap1m1,-0.000109804,-0.393427913,-0.125379768
Efna2,0.692560324,3.20524317,-2.064490499
Slc2a3,0.01973864,0.070100022,-0.677740234
Bcl2l12,-0.163874906,0.866203655,-0.65368188
Mpnd,-0.145109573,-0.298752958,0.052685717
Eif2b5,-0.185517418,1.540042505,-0.605974305
Dlgap1,-0.071783084,1.397663112,0.473897388
Plag1,-0.823591064,-0.302527437,0.332841466
Hck,-0.14789565,-0.941832512,0.195643393
Keap1,-0.012396625,0.414249068,-0.696003592
Ap1m2,-0.251836166,-1.936706217,0.352673255
Atp8b3,1.128337641,5.141594444,-1.168674438
Abhd17a,-0.212527891,0.466321984,-1.056900874
Fkbp11,0.761355558,-0.435197621,-0.064509467
Pld3,0.495248655,-0.792699325,0.11448423
Cd79a,-0.102080067,-0.676824324,-0.225201943
Rabac1,-0.074168071,-0.45103434,-0.416568122
Elavl3,0.079909226,0.336071135,0.999151333
Rab3b,-0.339088026,0.484038077,1.33974816
St8sia6,0.606898624,2.543861458,-1.156081971
Fcgrt,0.122064475,-1.419704309,-0.011436741
Timm50,-0.042871896,1.897882276,-1.064285788
Med29,-0.205711893,1.336276436,-0.782794568
Phyhip,2.324847183,0.733705341,-1.349292412
Crhr2,-0.04572453,0.224321844,5.760067838
Cyp4f18,-0.165638672,-1.902776764,0.437139176
Ier3,0.624275764,1.302370122,0.050851596
Fosb,-0.458245492,-0.526981235,0.408567698
Klc4,-0.185077764,-1.267427823,0.732853098
As3mt,0.156806084,0.651129994,-0.704326964
Homer3,-0.266287625,-0.217225091,2.636038549
Sec14l2,0.782327796,0.474403449,-0.241522757
Aven,0.09275492,1.915223503,-0.464173869
Cp,0.168569254,-0.634801621,0.203053365
Man1a,0.174885173,-0.085649982,-0.397180461
Kif20a,0.397326231,0.687666168,-1.008689475
Gcdh,-0.023342433,0.14254704,3.688860201
Syce2,0.23131963,1.812129983,0.188263281
Nqo1,0.564973345,1.143997615,-0.540136557
Gys1,-0.054390918,-0.310819578,-0.14432171
Ruvbl2,-0.058683154,2.297045238,-1.171496262
Bax,0.08116973,1.231090793,2.177900862
Efnb3,-0.232591751,1.582133761,0.22089965
Fam162a,0.123361706,2.570746161,-0.637898786
Gstm5,1.407953908,-0.239490733,-1.643535166
Cavin1,-0.597917077,-0.654724708,1.070439114
Col5a3,-1.09777468,-3.168964028,0.806176109
Ppan,-0.125910075,2.648312489,-0.658310977
Angptl2,-0.216469842,-1.903329982,1.24452447
Cacna1e,0.230464017,-1.843565867,0.486526952
Cacna1b,-0.205407368,0.155346544,2.196344675
Etv1,0.363711024,-1.287629156,0.664394371
Kifc2,-0.174615863,-1.285849104,0.934210565
Psap,0.341183709,-0.827678706,-0.024673248
Pax2,0.675606981,0.224303412,5.137831156
Phb2,-0.257487996,1.334545767,-0.62143315
Ptpn6,-0.081077423,0.773051938,-1.003981845
Emg1,-0.161113423,1.375225279,-0.807521449
Atp6v1f,-0.198959375,0.54666607,-0.473241343
Hif3a,0.097529533,-0.311874383,0.027700829
Utp20,-0.032247806,2.544393075,0.405102529
Ddx56,-0.216527828,1.929243117,-0.633297835
Bid,0.100213163,1.825903802,-0.971264185
Gab2,0.214145298,-0.540326028,0.217215004
Ctse,0.008985793,-1.675419752,1.283062302
Arhgef18,-0.228868226,-2.345272823,1.47114954
Nkg7,0.319230732,-0.472754521,0.900243054
Slbp,-0.030276691,0.640464131,-0.749930012
Aqp1,2.222377631,-0.350756561,-2.630082991
Cnn2,-0.115712608,-0.984560078,-0.147730222
Abca13,0.801317899,0.241030603,-0.25942788
Hdac9,-0.231150915,-0.247816123,-0.03054731
Adgre1,0.44321735,-0.201526546,-0.507858851
Mtfp1,0.233192458,2.858527147,-1.438509803
Pgf,-0.207849089,-0.429391858,3.69647283
Ulk2,-0.03736051,-0.396238119,0.129468327
Ccl24,0.649140604,-0.592431648,0.282624745
Grap,-0.13254908,1.661162559,-0.267858957
Pou1f1,-0.101785732,-0.166284468,3.447962428
Ap1s1,0.165991658,-0.177430396,-0.318495747
Lbr,-0.203965348,-0.078382807,-0.126060404
Nes,-0.437595475,0.310216455,1.77892059
Hdgf,0.098873617,2.622177939,-1.181137348
Thop1,-0.018406904,3.204806833,-1.422788275
Matk,-0.254663009,-0.617892871,0.304022753
Map2k1,-0.086651012,0.375326255,-0.512307409
Hspb1,-0.204378768,1.834959815,-0.158013202
Fxyd4,0.051566481,1.812200362,-0.154919351
Prkacb,-0.07893041,-0.257913362,-0.410911571
Sgsh,-0.062090215,-1.373062416,0.464660206
Wdr1,-0.145118632,0.031304521,-0.17323876
Slc2a9,-0.144565506,-1.57823655,4.045321766
Ndrg1,-0.233117138,-1.63168358,0.991749173
4930550C14Rik,1.000905349,1.623939611,0.853577969
Prdx2,-0.109276542,0.601630781,-0.661758169
Corin,-0.22156151,-0.118026762,0.012028267
Spc25,0.333448103,0.941868061,2.330219998
Dnah2,0.072448968,-0.370257409,1.780830198
Fgfr4,-0.801655586,1.013595274,0.597528647
Crbn,-0.184577225,-0.023093281,-0.205787471
Il5ra,-0.323234428,-1.415154227,0.678311101
Msh6,0.025632738,1.130607967,1.235270732
Tbl2,-0.017003237,1.188584802,-1.017396536
Nid1,0.328625032,-0.251866794,-0.636486334
Mcm5,0.117803756,1.955780897,-1.557309426
Hmox1,0.973056438,-0.590097688,0.856023744
Pafah1b3,-0.380538868,-1.743174543,0.819347445
Il27ra,-0.051305729,-0.443830479,-0.090798277
Prkaca,0.01171592,-0.080388345,-0.140969417
Asf1b,0.343562419,1.124196219,-1.591835798
Ddx39a,-0.124808773,1.483700537,-0.840919149
Dnajb1,-0.037811247,1.41348365,-1.3343357
Ndufs3,-0.113865485,1.236317968,-0.839740622
Insr,-0.178689376,-1.668563108,0.710608858
Fcer2a,-0.210904204,1.5119411,-0.283472153
Trim28,-0.160982001,1.762371265,-0.87697038
Adcy9,0.347736568,-0.873774255,-0.173419368
Mef2c,-0.221144846,-0.30310078,-0.346320208
Eif4g2,0.123382873,0.67597058,-1.078398926
Irag1,-0.033255272,-0.893035773,0.436991426
Pcyt1a,0.092279312,-0.55008048,-0.381161295
Zfp592,-0.113463662,-0.328931492,0.05465609
Insrr,-0.097450574,-0.476538517,2.192116909
Snx6,-0.043022683,0.785648734,-0.769439647
Mthfd2,0.093570265,2.603451734,-2.010155249
Tomm40l,-0.227629521,1.252808228,-0.432932867
Ampd3,-0.009822667,-1.199713002,0.444447852
Pard6a,-0.044341409,0.270135113,-0.584096077
Tfap4,0.146100835,2.911999877,-1.053082206
Ranbp1,0.117125765,3.047236154,-1.173988396
Psmb4,-0.217159326,1.297716371,-0.719715513
Mmp8,2.189876296,1.662482224,-0.202054216
Slc30a4,-0.244929332,0.638505088,-0.761209974
Sqor,0.365843498,-0.449463634,0.278987029
Gata6,-0.707339273,-0.302899819,1.132908206
Rsl1d1,-0.071990034,2.269058641,-1.15425675
Reep5,0.00482261,-1.275989063,0.200710133
Spo11,0.051314139,-1.464285255,1.105843806
Ctns,-0.174533511,-0.699550495,0.290700318
P2rx5,0.261292673,1.903109827,-0.820702084
Trpv1,0.675564732,3.680365554,1.56885947
Tuft1,-0.150276707,1.563181805,0.158087996
Rcn1,0.060334717,2.280448627,-1.190656706
Trap1,0.023047824,1.658641089,-0.43092591
Atp5g1,-0.057378267,2.053466857,-0.898812052
Inpp5k,-0.622402199,-1.142656442,0.496029413
Eps8l1,0.050626858,-1.930124137,1.780846392
Prss16,0.072324086,0.488044116,-0.80954287
Epor,1.003721308,-0.129133881,-0.995777583
Ccdc159,0.044466342,0.535654656,2.848124497
Ttc5,-0.293940332,0.151385394,-0.145168525
Upk1a,-0.181237223,2.31683922,-0.612610765
Tmem147,-0.177319053,1.38714484,-0.45990582
Ggt5,0.343361737,-0.994565547,0.840946641
Ggt1,0.068849606,-2.044804917,2.149023685
Crip2,0.30598158,-1.404797816,2.705344243
Crip1,-0.228008536,-1.751709126,-0.365748743
Gcat,-0.219360269,1.664217382,-1.214617124
Tek,-0.450673315,0.780169396,0.745016515
Mpl,-0.234053323,-1.016559906,0.749526744
Nectin4,0.220217431,0.268451511,1.978730965
Neurl1a,-0.356065912,-1.187490081,1.034653979
Srm,0.201588044,2.816080827,-0.841790384
Epha2,-0.217973909,-0.053086652,4.863626409
Nsmf,-0.172685626,-0.58015315,0.142845205
Pdk1,-0.114658664,-0.17578541,-0.447806814
Mvd,-0.109040297,1.529815508,-1.111226201
Cryba2,0.11097325,0.487091252,0.725591425
Atp7b,0.903522218,2.033849439,-1.1939803
Slc4a1,-0.470697771,-1.100920689,-1.281564539
Slc4a3,-0.456540706,-1.450329254,-0.268027101
Snai3,-0.506381144,0.719822749,4.61764124
Aprt,0.034738267,2.390576732,0.613616159
Gtf2h1,-0.170134908,1.490619302,-0.695769362
Slc5a6,-0.117949966,1.909272452,-0.135994544
Pknox1,-0.183405737,1.307532469,-0.94932375
Gmnn,0.33820935,1.004635911,-1.50464282
Cyp27b1,-0.084785892,3.099423499,-0.703644624
Cdk4,-0.04762704,2.016158387,-1.285057687
Mettl1,-0.030499187,2.801111131,-0.624832226
Tspan31,0.230487885,-0.153546782,-0.219858204
Cnp,-0.135548376,-0.448343385,-0.175130733
Sulf2,-0.109360365,-0.611121405,3.534708544
Sod2,0.007460268,1.309311167,-1.040802883
Stambp,0.166660055,-0.696154364,0.724143622
Hap1,0.239656486,-0.365928233,-0.050040074
Hspa1l,0.065827971,1.604690954,-0.453225824
Msh5,-0.336993209,-0.883519712,0.647468565
Neu1,-0.14306528,0.225138687,-0.545918958
Ddah2,-0.505412264,-0.758287025,0.460979225
Atp1a4,0.450776625,3.396129134,1.243894585
Casq1,0.27777528,2.12926655,0.085519667
Dennd2c,-0.113090915,-0.242723132,4.621530175
Gatad1,-0.083610664,0.064158075,-0.705999129
M6pr,0.005035344,1.357459337,-0.913897441
Tgfbr1,-0.060352977,0.122871959,-0.511055716
Gabrb2,-0.929668507,-0.76771023,2.549439206
Cav1,-0.699707344,-0.594116523,-0.194595323
Arpp19,-0.126761342,1.025813719,-0.712934095
Bcl2l1,-0.644452433,0.321123177,1.14240083
Ccdc124,0.178287195,2.018176013,-0.649125594
Cct4,0.02930551,1.702576759,-0.875898151
0610009B22Rik,0.119586263,1.028833809,-0.718509427
Cpt1c,-0.913179147,0.939201223,4.075896323
Zmiz1,0.004899762,-1.432054275,0.906142752
Ift43,1.362746642,-0.198564728,-0.555707899
Id3,-0.8491108,-1.172182862,0.176534607
Ctsd,0.765729396,-0.430835475,0.163008519
Hmgcll1,-0.592094732,-1.606428948,4.382245196
Abhd8,0.008690579,0.266926671,-0.258576508
Ift22,-0.334972892,-0.519927036,-0.40978728
Ap2s1,-0.077678527,0.532756327,-0.59644278
Brme1,-0.406742632,1.548747464,-0.261982859
Fbxw9,-0.119167306,-0.00657196,2.45176233
Cers4,0.023524841,-0.570046298,2.350066871
Snrpb2,-0.048755239,1.361230002,-0.916125257
Prpf31,-0.133222197,1.818394894,-0.633277726
Sertad1,-0.00272656,0.530180141,-0.606121593
Carhsp1,-0.120639578,-0.125170735,2.864401295
Elk3,-0.06304348,-0.235713061,-0.455445446
Nutf2,0.004997022,2.17111752,-0.928383686
Arpc5,-0.173202572,-0.151669521,-0.108788481
Rnf151,-0.154949306,1.275981549,-0.13187003
Mgst1,0.423314325,-1.516420497,0.90931429
Ubqln4,-0.083715786,1.683509101,-0.056052063
Cldn13,3.145904351,0.329534768,-3.127348171
Cd163,0.691835489,-0.223640747,0.25051186
Hdac5,-0.231918174,-0.796371175,0.348120852
Dynll1,-0.021760417,1.453871398,-1.056588786
Ap1b1,0.000466318,-0.028734207,-0.206725643
Gnat2,0.670548379,3.388907332,-0.976670447
Prr29,-0.293443361,-0.153500216,-0.134505632
Trpm5,-0.01648601,1.798440642,0.535122068
Trpm2,0.710328345,-0.070940434,1.104147382
Mpo,0.073302251,-0.782048073,1.104875078
Met,-0.36815101,-0.312446098,0.453986106
Syn2,-0.082641122,-0.465667074,-0.007668846
Nav1,0.21559605,-0.303894472,0.029714774
6330409D20Rik,0.241672378,-0.998071527,0.91768824
Fpgs,0.133687212,2.279242269,-0.731610287
Cbx5,0.10816492,1.627289854,-1.165535292
Tex15,0.472170626,4.173727886,3.845269547
Ppp2cb,-0.085209653,0.501285017,-0.540225323
Oit3,-0.518692732,-1.284795545,0.926018958
Fxyd5,0.42595936,-0.737107915,0.60992465
Kcnd1,0.505492625,1.756652691,0.012863733
Pou6f2,-0.25258813,-0.153509943,1.469475692
Pou6f1,0.251105827,-1.9510953,0.73078553
Sdhb,-0.115864745,0.924600848,-0.6883469
Nxf2,-0.626617607,1.137969287,0.982424038
Kif19a,0.06579459,-1.956862778,0.809091548
Aldh3a2,0.031241522,0.072155954,-0.364387752
Hyal2,-0.012947363,1.591534633,-0.352852308
Ifrd2,-0.042922688,2.835570326,-1.053580444
Pifo,-0.171245832,-1.730868468,0.012703459
Tnfrsf13b,-0.12840822,-0.56766582,-0.788536236
Prox1,-0.143116945,-0.468416959,0.657486909
Tmem86a,0.438559001,-0.730525352,0.544968074
Myt1,0.163207556,2.616997411,0.412343077
Tsacc,-0.051677189,1.380540214,0.110959191
Mettl16,-0.055268666,1.691926828,-0.682209246
Psen2,-0.059976365,-0.309059199,-0.297762185
Fads1,0.739129107,0.908539199,-1.465015636
Lmbr1,0.014787607,-0.468332804,0.168236826
Cars,0.010721096,1.851804309,-0.595466963
Kdelr3,-0.219121214,-0.062353497,0.08307438
Apip,-0.014406723,0.130330466,-0.470670637
Mcoln2,0.06706506,-0.906407731,-0.867308548
Slc5a1,0.6756043,0.224296725,6.40361113
Tbrg1,-0.019578389,0.618161576,-0.822602198
Adssl1,0.073237795,-0.932530609,0.394277549
Cfap161,1.063059809,3.472116352,-1.176981139
Odc1,0.193701439,2.877498848,-0.403922559
Pabpc4,0.17603668,2.029895649,-0.471524943
Exoc3l2,-0.25918124,-1.233547192,1.772375163
Slc25a41,-0.714630661,0.860887294,1.876005634
Pinlyp,-0.35370886,-1.926940268,4.505069801
Pgam1,0.031140182,1.885885102,-1.029548667
Evi5,-0.034086498,-0.411643231,-0.166317552
Evi5l,-0.127775052,-1.29667237,0.588829244
Scarf2,-0.413214543,0.233606556,3.662941151
Mogat1,0.753725483,-0.458102423,-1.423034187
Tmem167,-0.124499871,1.017322905,-0.770502892
Steap4,-0.131306664,-1.120681875,0.375524428
Kif11,0.602882196,0.56354512,-1.562640252
Rpa3,-0.188878457,0.757526702,-0.887207703
Mlkl,0.168880182,-0.684772527,0.532779837
Acp4,0.075258141,2.82613147,-1.28232232
Etv5,0.134270834,-0.848596114,1.423063123
Tmem190,0.009375321,2.227560451,-1.380965421
Enkd1,-0.402962822,0.345613326,-0.854871969
Atp6v0d1,0.051612093,-0.530823558,0.29836031
Ptprs,-0.491470133,1.683729399,0.054060529
Fer1l4,0.986139131,0.887012443,1.341668478
4931406B18Rik,0.039653524,-0.277079744,1.836197678
Zfp651,0.248393865,1.070636302,1.874544397
Card14,-0.191464308,-1.437822782,0.357974651
Snx31,0.596135581,-0.829388805,-0.162363989
Cad,0.127380356,2.214531438,1.488003028
Atad1,0.002964082,1.390562167,-1.056223806
Timm23,0.531911884,1.786267317,-1.322324893
Tnfaip8l2,-0.278707125,-0.857379406,-0.28595032
Trnt1,-0.162713122,1.06540028,-1.039802909
Elof1,-0.231259833,0.463017559,-0.477972141
St3gal1,-0.103964991,-1.013302893,-0.288788336
Mcemp1,-0.090138022,1.341745069,0.264377586
Dynlt2b,0.127324837,-0.180166872,-0.572466148
Chp1,-0.179688623,-0.619874327,0.125952493
Cacybp,0.095871166,2.509935186,-1.965873958
Ndufa2,-0.147814343,0.689095877,-0.434717708
Pam16,-0.106852094,1.483832193,-0.01965303
Mertk,0.354877121,-0.716264747,0.361941357
Piezo1,0.081893051,1.260293661,0.813942281
Blk,-0.101297313,-0.99734688,-0.177081026
Rnf166,-0.022425292,0.641820459,-0.744358172
Pkd2l2,0.011456112,-0.452664966,-0.038081785
Klra17,-0.933196619,0.317274154,-0.803994615
Wdfy2,0.245409266,-0.593109093,0.259354982
Csf1,-0.14748482,0.918704034,2.140194736
Kif1a,1.338859652,0.219212284,0.294845667
Slc25a11,-0.11171494,0.437926439,-0.524970212
Ceacam16,-0.427963297,-1.288851612,0.818330604
Ankrd53,0.025715454,0.960324919,-0.742391591
Pdcd2,-0.001232867,1.234431157,-0.911790386
Nol3,-0.262049653,-1.1852552,1.089620961
Slc9a5,-0.093415704,-0.176898785,-0.186299734
Adamts13,0.414340465,-0.681797292,0.571040094
Surf4,-0.027016705,0.810325877,-0.814951153
Surf2,-0.022464632,1.989941935,-0.779845573
Naf1,0.050744734,2.060791171,-1.463028683
Ppp1cb,-0.165302704,0.230793579,-0.383074975
Trappc2l,-0.03320246,0.318681913,-0.565568206
Galns,-0.141092184,-0.632137101,-0.336438359
Gata2,-0.707484725,-0.627875309,1.078140582
Clic3,-0.337442474,0.000693136,-0.497998497
Slc25a13,-0.288252036,1.535947921,-0.439792618
Tsr3,-0.076081352,1.574587311,-0.670858895
Actn1,0.398116327,-0.939339151,0.599222166
Nolc1,0.074802456,2.893031501,-1.134729019
Map2,-0.141116444,-1.808453081,0.669111858
Abca1,0.119624539,-1.185082031,0.306592868
Nipsnap3b,-0.04882976,0.287640826,-0.629118485
Ubl4a,-0.163376588,1.193584472,-0.836776199
Gdi1,-0.044802278,-0.530072133,0.200353295
Sash1,0.206914989,-0.665229307,0.205186792
Slamf6,-0.12301482,-0.338683069,-0.138093465
Slamf1,-0.238273404,0.095961601,-1.004561095
Cybb,0.227363339,0.379969849,-0.956446999
Xk,0.162543044,0.27423434,-0.972136719
Pcolce2,0.274610594,-0.621147714,-0.011603864
Cd48,-0.082705936,0.378547963,-0.666123168
Cd83,-0.042222984,2.189493726,-0.455824548
Notch4,-0.32610923,-0.517527179,0.22624107
Ppt2,0.341653556,-0.4790972,0.081488563
Fam163a,-0.835413482,-0.156009539,3.108383424
Hivep2,-0.11529997,-0.794926502,0.077595778
Itga2,0.147101726,-0.0982141,0.215506089
Atp6v0e,-0.01006013,0.219739577,-0.462682748
Zfp318,-0.058107997,-0.925296188,0.577181698
Ttbk1,0.26828681,-1.817745433,1.480261116
Hspa8,0.166767161,3.001994797,-2.172172337
Psma2,-0.157142443,1.311400218,-0.914430767
Plekho1,-0.293194984,-0.807336723,-0.12107182
Aph1a,-0.123098841,0.681465573,-0.67048735
Eps8,-0.352955324,-1.621398058,1.738916826
Med22,-0.166504839,0.446331516,-0.519537178
Med28,0.000161345,0.858118992,-0.918510864
Qdpr,0.059107591,1.397689472,-1.11076238
Gnrh1,-0.206247435,0.614898941,-0.771404791
Rxrg,0.006438257,-0.830350173,1.29680217
Rxra,0.171077165,-0.644859439,0.252530378
Cd5l,0.697613132,-0.380924893,0.249412979
Ncapg,0.614412864,0.631695922,-1.501964868
Lcorl,-0.224821302,0.510135998,-0.627504092
Lta4h,-0.016666593,1.168239448,-0.910656618
Dstn,-0.022751349,-0.092567225,1.916238707
Fcgr1,0.392434057,-0.747540931,-0.533751853
Wnt11,0.275055221,1.117032781,1.777595377
1700016C15Rik,-0.199033043,2.70649251,-0.89861102
Cacna1d,-0.443696359,-1.922703097,0.881723434
Chdh,-0.786096027,0.307328168,-0.363253079
Stk32c,-0.521606972,-0.218677552,0.674661875
Fli1,-0.149569104,-0.432376989,-0.106116132
Stard13,-0.009575151,1.381218217,-0.206597169
Camk1g,-0.476957815,1.394006963,0.967827259
Hsd11b1,0.399450119,-1.162565644,0.763334896
Syt14,0.025084071,1.686975077,-0.446168394
Atp5e,-0.255142113,0.746148553,-0.246510894
Tubb1,-0.444758158,-1.019818469,0.973900438
Slc25a5,0.004173882,1.330461953,-0.779883027
Ppdpf,-0.136928883,0.006495021,-0.523630716
Col20a1,0.613538525,2.289511799,-0.510300116
Plgrkt,-0.172501779,-0.833302539,-0.026693388
Dyrk3,0.619844594,0.566856736,2.759135996
Il10,1.213179171,1.168174941,-0.433460581
Foxred2,0.00264128,2.23836614,-1.124170567
Eif3d,-0.055215802,1.957450588,-0.847860622
Phf21b,0.65020942,1.118560509,0.323885624
Cmah,-0.193095307,-1.034772144,0.193348617
Sulf1,-0.003432995,-0.246397951,0.148966628
Slpi,1.110802175,-0.278385961,0.040652467
Rbpjl,-0.448840494,-0.845801996,0.693426735
Sdc4,-0.190907822,0.375471066,-0.673990444
Il13ra1,-0.031695624,-0.027854102,-0.086162642
Brca1,0.091828239,0.585780913,-0.691421599
Mpp2,0.905018204,0.006836733,-0.013251315
Aldoc,-0.102312785,-0.914339005,-0.491560092
Stac2,-1.010019031,-3.731559256,2.008832074
Cacnb4,0.133992982,-0.797113111,0.112581362
Plxdc1,-0.958937082,-0.883322657,0.582615925
Timp2,0.383228308,-0.909515119,0.313634764
Cdc6,0.853246132,1.595431492,-2.008241216
Crlf3,-0.142991586,-0.507380374,0.054324647
Mmp9,1.973603805,-0.0039503,0.054787047
Pltp,0.226524945,-1.443461654,0.663232956
Ctsa,0.112120565,-0.461733123,-0.426919356
Spata25,0.452603329,0.047773005,-0.653034768
Myo1c,-0.278178197,-0.375571936,-0.047440136
Retreg3,-0.140997881,-0.170797153,-0.106849554
Dhx58,0.096159327,-0.602257032,0.123019769
Nkiras2,-0.233520393,0.407686692,-0.489533405
Eya2,-0.528180436,-0.669708683,1.065713194
Gdap1l1,-0.77749102,4.529459309,1.399527513
Ptgis,0.642057198,-1.144489435,-0.306576652
Ddx27,-0.031443701,1.709781839,-0.59325757
Cyth4,0.055227015,-0.937843765,-0.009447207
Rac3,-0.145439474,0.116422041,4.497294444
Rrp7a,-0.049468598,1.749177143,-0.880197269
H2bc4,-0.079583103,0.162924473,-0.695464167
Ikzf3,-0.249868367,-0.650610747,-0.474979478
Mfng,-0.125957134,-0.042296583,-0.387553322
Gdf9,-0.446435149,2.10965164,0.376028535
Psmb6,-0.172740185,1.578272312,-0.731043473
Pfn1,-0.146306939,0.51588018,-0.630741366
Tomm34,0.122407608,0.398094051,-0.671185036
Ksr1,0.192024962,1.322958065,0.694428034
Anxa6,-0.108563885,-1.800754763,-0.200967602
Kpna2,0.18847688,1.951832652,-1.543728553
Cuedc1,-0.316666156,0.225428418,2.20611994
Srsf1,-0.068325604,1.324009227,-0.953910068
Abi3,-0.078546069,-0.931229782,-0.235421961
Shroom1,0.002344109,-0.591054935,0.238742895
Septin8,0.902705199,-0.375249208,0.210133932
Mrm1,-0.191545747,1.563000872,-0.67418184
Gid4,-0.118689867,1.606745062,-0.685859115
Ypel2,0.147173129,-1.549655935,1.317828583
Akap1,0.034351982,3.329510042,1.409047778
Nol11,-0.058967969,1.722806498,-0.491706445
C1qbp,0.32370074,2.024233538,-0.474471899
Rpain,-0.430268367,-0.068415555,-0.209494895
Slc13a3,-0.837887991,-2.080953176,1.618023931
Kcnab3,1.389091636,0.370805029,-0.400760177
Chd3,0.14855685,0.235920512,-0.5756608
Kdm6b,-0.093010273,1.050275927,0.911015261
1700001P01Rik,-0.068373347,1.896600084,-0.799273871
Trim37,0.025494262,2.166365503,-0.522936958
Elp5,-0.094326318,1.796389119,-0.566066844
Slc2a4,0.398244259,-4.420232266,6.485622686
Gabarap,0.000843309,0.106150027,-0.349875356
2810408A11Rik,-0.581367092,-0.498570924,0.359912337
G3bp1,0.001700015,1.994931825,-0.917058758
Atox1,-0.04827145,-0.213110739,0.165096247
Sparc,-0.651976638,-0.511798382,0.721074992
Mief2,-0.319295622,0.126344129,-0.225430388
Tbx3,-0.037302278,0.809862589,1.076499082
Crhr1,-0.237539379,-0.142283242,1.529090192
Tada2a,-0.080330692,2.14882328,-0.628262674
Ikzf1,-0.10891117,0.344699065,-0.908528083
Pnpo,-0.290424929,0.729661085,-0.435231053
Copz2,0.504473242,-0.609367162,0.459380817
Slc25a39,-0.340006619,1.517410885,-0.570673882
Aatf,0.04497832,2.236575214,-0.868054994
Lhx1,-1.45514063,-1.176035142,3.636315489
Slc25a35,0.354394667,-0.137632942,-0.240440051
Zbtb4,-0.095454234,-1.437124404,-0.341063423
Atp5g3,-0.032911447,1.176503143,-0.890632463
Cd68,0.65569489,-0.257110256,-0.049397916
Acsl1,-0.063112417,0.269858505,-0.621804746
Lsp1,-0.277447162,-0.622171014,0.445037129
Myh11,-0.131967158,1.316924619,0.607201666
Fndc8,0.184605692,2.317527161,-1.716686333
Pank3,-0.143733395,1.471240465,-1.375012388
Rars,0.122405288,2.038133406,-1.154616891
Slc22a5,-0.153511807,-0.188330819,-0.316556999
Arrb1,0.079526106,-1.706879649,0.141114829
Alox15,-0.029783622,0.382861392,2.068504245
Ccl6,0.502799547,-0.513569384,0.538497591
Ccl4,0.512449902,-0.573413655,0.146143147
Natd1,-0.070284474,-1.038184142,0.831364654
Ywhah,0.127465855,0.876881815,-0.99426632
E2f2,-0.350437007,-1.031756626,-0.325263059
Fis1,-0.175385245,0.316513751,-0.298097283
Rab3d,0.179305677,-0.947795275,0.471954891
Mfsd3,-0.316392847,0.929615332,-0.228668255
Dnase1l1,-0.153968235,-1.214319824,0.500519437
Isyna1,-0.031644271,1.587388194,-0.818812473
Tmem160,-0.287068248,-0.11811941,0.08463061
Lhx9,-0.064193881,-1.132825841,1.911628493
Tmem129,-0.099876796,0.455400698,-0.567080968
Atp6v0a1,-0.042207555,-0.640495387,-0.584894213
Grb7,0.123253026,-0.519560632,-1.057503577
Noxo1,0.061124773,-0.855624428,1.89102045
Gdpd2,-1.0207536,0.115384205,0.733219863
Calm3,0.095421655,0.845456779,-0.884583311
Ffar3,0.339335397,1.822303091,0.146045681
Tlcd1,-0.008121772,1.64745175,-0.724406718
Arhgef25,0.207927326,0.639115419,-0.042484334
Rab4a,0.424424632,-1.100234488,0.391936043
Trip10,-0.228818128,0.590416274,-0.641866797
Rcn3,0.171223251,-1.198748917,0.357297166
Arid3a,-0.256128455,0.128756769,-0.913713043
Akt3,-0.306872152,-0.513906056,0.14633268
Lyst,0.027558811,2.056428089,-0.753584188
Calr3,-0.073139778,1.504648878,-0.92014508
Syne4,0.257704701,1.894809104,0.489170445
Polr2i,0.032026923,1.254088264,-0.761841204
Esr1,0.180433493,-1.313704592,1.159421544
Fbxo5,-0.092655575,0.561862657,-0.576634917
Hdac2,0.039882529,1.703331748,-0.494068657
Rwdd1,-0.080130553,1.418014206,-1.058337227
Hint3,-0.077623567,-0.220031644,-0.171171739
Lrp11,-0.030201605,1.837143469,0.945895918
Nr2e1,0.492202409,-1.122669801,2.229435221
Aig1,0.126277114,-0.429533839,0.045315702
Fuca2,0.140054553,-0.645673005,0.186238074
Ltv1,-0.086084186,1.94190582,-0.524654201
Plagl1,0.441998917,0.411110496,2.544638755
Cd164,0.157433665,0.394657134,-0.755237766
Utrn,0.058983523,-1.446490866,2.517182645
Smpd2,-0.149646739,-0.705211656,-0.412894473
Mical1,-0.045628185,-1.163635632,-0.351268781
Rab32,0.44053796,-0.274966305,-0.139437319
Gtf3c6,-0.016222963,1.715630313,-0.50054122
Slc16a10,0.416594383,-0.554898508,-0.059053449
Fyn,0.172582921,-0.851035599,0.794793951
Lama4,0.25356753,-0.305601006,0.686911391
Tnfaip3,-0.088212082,1.959195809,-0.022328792
Arfgef3,1.67278088,-0.06535476,1.048742155
Asf1a,-0.087428188,0.642783664,-0.73443114
Qrsl1,-0.171062366,0.577324416,-0.521611027
Smpdl3a,-0.079704882,-1.765107615,0.392159805
Lama2,-0.918985507,0.287351623,0.91350221
Lims1,-0.128588078,-0.137751268,-0.073765181
Ube2d1,-0.013365548,-0.512520934,-0.138053945
Cdk1,0.569180232,0.378854727,-1.410971024
Atp2b1,0.006512452,0.051113266,-0.432411998
Rhobtb1,0.478325376,-0.662930762,0.518814866
Actr6,-0.128722478,0.86988665,-0.841283205
Uhrf1bp1l,-0.056461555,0.278871513,-0.637275125
Poc1b,-0.040271239,-0.466757704,-0.252456881
Dusp6,-0.294613787,0.08894422,-0.439121527
Kitl,0.814275727,-0.225874437,-0.168559821
Sgk1,-0.011507309,-0.78894477,0.559064253
Cep290,0.531534018,-0.372432758,1.627023531
Epb41l2,0.001912444,-0.10047894,-0.392961128
Apaf1,-0.146471075,-0.791790679,3.858235963
Myb,-0.604611204,1.431047584,0.149654045
Ahi1,-0.161319089,0.110242639,2.59940887
Ccn2,-0.438744853,-0.310215748,0.386749513
Stx7,-0.05219715,-0.420997805,-0.331852196
Vnn3,0.261734407,-0.739418786,0.105164305
Hal,0.249198553,0.615143056,1.14331832
Snrpf,0.1774944,2.395487256,-0.793255375
Fgd6,0.134927574,-0.719587289,0.154523462
Ndufa12,0.104197674,2.350006523,-0.962105118
Nuak1,0.122146844,0.914599624,-0.942220375
Tcp11l2,-0.308149391,-2.585559439,1.1695131
Igf1,0.530498658,-1.34193007,0.477775008
Mybpc1,0.421096934,-1.209331915,0.403143034
Slc5a8,-1.072848575,1.58906027,3.369523624
Ddx21,0.127603661,2.352835622,-0.73265189
Srgn,-0.02374007,-0.319638239,-0.526757874
Supv3l1,-0.040906965,2.079279361,-0.566608972
Hkdc1,-0.500673267,1.775873852,2.310599443
Macroh2a2,0.184732434,1.361607035,2.791995829
Sar1a,-0.023385621,1.528056347,-0.901224526
Ppa1,0.170683893,3.409697464,-1.693350022
Pald1,-0.230663359,-0.84660454,0.592883414
Vsir,0.348892208,-0.986303942,0.552232338
Slc16a7,0.000642709,-1.085989609,0.83379696
Ddit4,0.677495613,0.152035671,2.57345797
Cand1,-0.035553235,1.305785012,-0.933613031
Pno1,0.028157019,2.842382652,-1.015749212
Srgap1,-0.261211955,-0.606142701,0.990799481
Elane,5.627965099,3.483514212,-5.299437525
Vps54,-0.19218309,-0.086212006,-0.272692453
Pcsk4,-0.271346344,1.831302489,-0.630806187
Peli1,-0.215340735,-0.847832,0.272065923
Lgr5,-0.198778251,-0.903891735,0.944590985
Slc1a4,0.455173632,4.595310798,-2.851012105
Ptprb,-0.550414475,-0.947251896,0.671378833
Pwwp3a,-0.040131436,0.493661847,-0.760726511
Uqcr11,-0.149719305,1.451362515,-0.790493787
Tcf3,-0.278355563,0.23342249,-0.471063336
Rab36,-0.514821087,-0.493511727,0.560921315
Grb10,0.12301857,-0.226205562,2.600047896
Snrpd3,0.132090169,2.004788923,-0.256312005
Cpm,-0.143217169,-1.272522401,0.067882391
Mdm2,-0.074295708,-0.006860495,3.052092912
Csrp2,-0.629738267,-0.998635759,0.893790483
Osbpl8,-0.027348394,0.44856792,-0.6442912
Phlda1,-0.706005367,0.121161406,2.675425377
Glipr1l2,-0.229866232,-1.349367094,3.408960678
Jsrp1,0.570966644,2.48036593,-1.045369206
Timm13,-0.012227512,1.509926784,-0.791160516
Llph,0.048093968,2.002902434,0.080524683
Irak3,0.046070476,-0.711913908,0.396128249
Dip2a,-0.126931457,-1.397416829,0.278197614
Nfyb,-0.105718232,0.849753683,1.881848334
Txnrd1,0.400874635,1.000552756,1.018744473
Ppm1m,-0.147981204,-0.689655748,0.093317096
Hint1,-0.00733325,1.029643584,-0.857588926
Stk10,-0.032417633,-0.864913878,0.254211509
Il9r,0.451740479,0.369080474,-0.837241169
Rhbdf1,0.710558832,0.334446573,-0.748060267
Ahsa2,-0.011071383,1.383682808,-1.927777256
Hbq1a,-3.335333645,-1.549606814,1.653881808
Cdc34,-0.056334352,1.586297103,0.730638839
Tpgs1,-0.079267745,0.417747146,-0.482054539
Sptbn1,-0.045721967,-0.667064911,0.063569126
Theg,1.011155976,-0.854013919,0.040701658
Mdh1,0.014276753,0.301140287,-0.674987088
Fstl3,0.292900331,-1.32466831,1.181300939
Ccng1,0.302749313,0.188086255,3.802146284
Nudcd2,0.034947028,1.395311639,1.37215693
Slc22a4,0.630561038,-0.236459731,-0.244830391
Mgat1,-0.179279699,0.005785444,-0.154191794
Flt4,0.057211013,-0.492933184,0.687483976
Hnrnpab,0.106021343,1.589362377,-0.91711962
Hspa4,0.047650564,1.880035467,-1.168707207
Canx,0.181272776,1.824778513,-0.230152484
Rufy1,-0.051911883,-0.125345591,-0.193009012
Rnf130,0.050610283,-0.27910754,-0.381958017
Sar1b,0.019588727,1.180307096,-1.120979744
Pdlim4,0.04578308,-0.424402505,0.253275585
Cdkn2aipnl,-0.082361914,1.047005248,-1.062710088
Nefh,0.375442246,3.826101803,-0.557766402
Havcr2,0.287807382,0.102713313,-0.125295952
Fam71b,0.796886602,0.853557261,0.845311136
Tns3,0.460563234,-0.048870697,-0.164880046
Btg2,-0.077523349,-1.020141369,1.968188837
Igfbp3,-1.204645046,-0.180341074,1.869851099
Pes1,-0.154786941,1.857423995,-0.819205473
Adcy1,-0.921530155,-0.297809171,1.977052873
Tcn2,0.379795044,-0.812861598,1.249164189
Guk1,-0.130954419,1.574313402,-0.620962962
Npc1l1,0.018550891,4.494608402,-0.763264232
Cfap36,0.059872911,-0.212790071,-0.258979583
Pold2,0.028728212,2.091562451,-1.335584543
Aebp1,0.104756505,1.822850671,-0.235829053
Ankrd36,1.731880739,1.776178946,1.307809115
Xbp1,0.494282043,0.507762475,-0.849349285
Ska2,-0.006381178,-0.26665859,-0.039234477
Rnf187,0.003289702,0.793224585,-0.68430959
Galnt10,-0.086727742,-1.254827085,0.297806354
Gria1,-1.533639141,-1.263581872,7.338401662
Ppm1d,-0.083082631,-1.03E-05,2.607592773
Myo19,-0.043815284,2.010573784,0.050556207
Acaca,-0.077178856,1.870640027,-0.596487667
Shmt1,-0.09518476,2.936122384,-1.385009526
Drg2,-0.114205371,1.734359996,-0.44201511
Myocd,0.39096991,0.114893817,1.184015609
Bzw2,0.207317707,2.637119522,-1.305200785
Elac2,-0.051849498,1.78039628,-0.932738358
Polr1f,-0.10726614,1.460964046,-0.875018437
Atxn7l1,0.075546704,-1.504552567,0.673270403
Sypl,-0.055859175,-0.653575578,-0.118424791
Pdia6,0.263594411,1.475266908,-1.003694252
Nampt,0.110365584,1.705649227,-0.975999983
Pik3cg,-0.158803422,-0.777928361,-0.231377073
Tspan13,0.141483295,-0.943660282,0.253659603
Cyria,0.252532061,-0.714241091,0.749692251
Sdc1,0.483029546,-1.465636847,2.638295918
Lpin1,0.203353013,-1.230214475,4.669330949
Trib2,-0.412343766,-0.645052826,2.703357961
Apob,-1.767717376,0.075768691,4.982899879
Amz2,-0.219047938,-0.10393491,-0.442623787
Gna13,-0.097959119,0.281351076,-0.639470198
Map2k6,-0.152381192,-1.22009788,0.283407384
Klhl29,-0.744699539,0.860115708,0.941662376
Cmpk2,-0.400082867,-1.749862504,0.353763304
Pfn4,0.83421692,3.485348641,-2.140040797
Rsad2,-1.02260002,-1.340138488,0.423042755
Rnf144a,0.003562659,-2.851765516,2.047641713
Mboat2,0.31353258,-0.801660898,-0.494860683
Dus4l,0.132770118,2.943691263,-1.300165919
Rrm2,0.777436428,0.69847838,1.728526841
Klf11,-0.103324174,-1.310726985,1.011065528
Grhl1,0.477867198,1.94888465,-0.658981798
Sh3yl1,-0.413082381,-1.990249871,4.700576073
Pxdn,-0.88972003,-0.646974841,1.084625587
Ace,-0.118413278,-0.988747813,1.45982252
Rasl10b,-1.303420093,1.863656712,2.069371394
Mettl2,-0.052605117,1.823457441,-0.701280741
Nle1,-0.14458003,1.633408144,-0.375376797
Mrc2,-0.810759541,-0.046785399,2.217480662
Lig3,-0.117312346,1.453959478,-0.629639309
Tmem132e,-1.756408523,-1.521604507,0.726852645
Asic2,-0.994331023,-0.88963951,4.45724245
Ftsj3,-0.033285675,2.511217817,-0.738515862
Psmc5,-0.000560018,1.713588263,-0.757842554
Adap2,0.21247317,-0.219823833,0.308072219
Tcam1,0.059873828,3.296659531,-0.509534925
Pecam1,-0.120578908,-0.620843328,0.294913326
Cacng4,-0.160423639,0.516698042,1.558954874
Cep112,-0.09424646,0.113419346,1.010145604
Grin2c,-0.836295847,-0.501523738,1.280157658
Jpt1,-0.200914183,0.569906937,-0.570704231
Sumo2,0.029444648,1.906639889,-1.123738905
Nup85,-0.039874209,1.398475258,-0.983029239
Cluh,-0.043398117,2.245679213,-0.49590584
Pafah1b1,-0.154158749,0.339691521,-0.544149188
Recql5,-0.063773142,0.011117971,-0.141934812
Itgb4,-0.166055346,1.331549972,-0.950545477
Galk1,-0.362276644,1.810975011,-1.330572732
Mrpl38,-0.018531956,2.004602182,-0.7865102
Acox1,0.05406417,-0.77838422,0.044295272
Tsen54,-0.108761295,1.698956633,1.14580871
Camkk1,0.206354448,-0.642576153,-0.138463445
P2rx1,-0.281057666,-0.950713228,0.661896946
Atp2a3,0.030203624,-2.480757043,0.215796374
Ankfy1,0.003250369,-0.085782089,-0.274967466
Spns3,0.092962669,-1.321541604,0.110868906
Med31,-0.278080584,0.952426413,-0.466074879
Aanat,0.189076441,-1.326870106,2.0544902
Rhbdf2,-0.058417855,-1.629893726,2.573907067
Cygb,0.344378861,0.333886997,0.12259108
Snhg16,-0.235231054,1.834927592,-0.33762948
Kif1c,0.049637893,0.253244774,2.053516695
Sec14l1,0.040363334,-0.509184004,0.050788368
Nos2,-1.403410753,-0.924164926,2.20536389
Dhrs13,0.063237553,1.783697759,-1.008856742
Slc6a4,-0.530538264,0.180903444,0.222376264
Rph3al,-0.108131332,-0.974446181,0.279403924
Nme2,-0.019531285,2.142434656,-0.655562792
Abcc3,0.115621913,-1.184583237,0.165499317
Cacna1g,1.65603905,0.75522682,0.997272974
Lrrc59,0.008527152,1.602951071,-0.979852836
Slc35b1,0.090668976,1.236563688,-0.923901986
Snx11,-0.079213988,1.524846557,-0.402540823
Scrn2,-0.363922439,1.690978345,-0.48014714
Lrrc46,-0.873753358,1.339028879,-0.152713582
Tmem107,0.028874476,0.487338502,-0.982415303
Aurkb,-0.143179358,-0.176522269,-0.210396469
Ctc1,-0.091796644,0.218307945,3.02605242
Pfas,0.011110715,1.976963688,-0.489590067
Myh3,-0.616379094,2.373725615,1.526648667
Top2a,0.496653562,1.035463093,-1.514110666
Kat2a,0.070992807,1.788215453,-0.751894417
Stat5b,-0.037555198,-0.327595795,0.078266163
Lsm12,0.0732715,1.669846928,-0.94593976
Adam11,-0.940754173,-0.410085148,1.007315754
Efcab15,-0.16607054,-0.977585858,0.140790871
Klhl28,-0.094955948,0.250171363,-0.260385403
Fkbp3,-0.125918582,1.386536827,-0.77140033
Coch,-0.81818819,-0.114480926,0.54118403
Ap4s1,-0.147911109,0.548721269,-0.730465645
Ston2,0.378318618,-0.418983314,0.57560921
Pole2,0.139382488,1.209473345,-1.024307821
L2hgdh,0.029469952,1.878749307,-1.046545421
Cdkl1,-0.425220038,-1.989232213,-0.776551515
Ttc8,1.192147002,-0.12035262,-0.219102334
Polr2h,-0.110846957,2.133012437,-0.551549199
Psma6,-0.118043633,1.648271128,-0.912786028
Ngb,-1.048048601,2.467757418,1.564980036
Ahsa1,-0.016908527,2.442186507,-1.706731509
Slirp,-0.055478464,1.376873025,-1.004568679
Mthfd1,0.111636693,2.664381118,0.417417994
Sptb,0.501876018,-0.418938044,-0.272043161
Pygl,0.412043101,-0.898804588,0.382166725
Trim9,-0.098644537,-0.776404905,0.578840764
Tmx1,-0.10215198,0.412806238,-0.680447074
Timm9,-0.058234708,2.083536867,-1.155680233
Rtn1,-0.268221822,-1.203255275,0.547476409
Serpina3n,-0.563823721,-1.061175075,4.029450665
Eif2s1,0.010009035,2.26378093,-1.026414364
Plek2,-0.020210654,0.602173295,-0.268866796
Rdh12,-0.180098366,-1.593670266,0.395286922
Galnt16,0.094542044,3.288288579,0.124775293
Erh,0.237034579,1.857068257,-0.814961828
Smoc1,-0.943995385,1.204530536,0.531999649
Gtpbp4,-0.028565513,2.113523392,-0.946098687
Zmynd11,-0.155958263,-0.252939772,-0.070000211
Esyt2,-0.172222537,-0.577703883,0.349181006
Cdca7l,0.070600907,2.593858538,-1.543095359
Rps6ka5,-0.199036747,-1.701682147,1.290379716
Dglucy,0.663872775,-1.500549988,5.054393688
Fbln5,-1.738486892,-0.317812123,2.556584574
Atxn3,-0.116375736,0.220041703,-0.604241063
Lgmn,0.179937849,-0.480305452,-0.081639347
Pitrm1,0.088165598,2.482402801,-1.233213605
Chga,0.402605024,0.902907739,1.072267657
Pfkp,0.023811621,0.89855331,-0.819180283
Asb2,0.717755665,-0.612153964,-0.196470573
Otub2,-0.195452535,-0.356569813,-0.110613004
Akr1c13,0.635213485,-0.679761058,0.334299537
Tshz3,-0.726168949,-0.453376143,1.561434867
Dpf3,1.192031384,0.068202286,0.280644935
Dcaf4,-0.110184166,0.467946761,2.848195953
Papln,-0.803123428,-1.630199233,3.130805679
Entpd5,-0.091567113,-0.328664604,-0.949033435
Aldh6a1,-0.032458064,-0.813614845,0.069323906
Fcf1,-0.100663802,1.692384482,-0.613534826
Erg28,-0.087016427,1.117981121,-0.875455225
Tgfb3,0.221882503,-0.378673134,-0.670154293
Evl,0.007101453,-0.922213606,0.406944627
Degs2,0.109825635,-0.576963462,-0.233415985
Slc25a29,-0.041519309,-0.193407469,-0.157074711
Hsp90aa1,0.340672097,3.20763824,-2.51729526
Fdft1,-0.395694013,1.827449359,-0.709699806
Cinp,-0.051874592,1.53331181,-0.904232784
Amn,0.060708034,2.274472656,-0.18794578
Exoc3l4,-0.573511357,0.419420974,-0.020729089
Tnfaip2,0.438497753,-0.873364387,0.462690699
Zfyve21,-0.102965716,0.097377642,1.988578755
Atp5mpl,-0.188035293,1.064433125,-0.479110309
Kif26a,0.18140169,0.631716371,0.510480899
Gpr132,-0.026608691,1.004197769,1.24513068
Gng4,-0.231982465,3.603018027,0.665961646
Gpr137b,0.090253584,-0.717661946,-0.211690956
Amph,-2.265194061,-2.482084878,6.550442842
Trim27,-0.115410514,1.191939528,-0.896346605
Tfap2a,0.043473715,-0.088066867,2.108480987
Tmem14c,0.183679621,0.755544067,-0.74292757
Nedd9,-0.068073023,0.210686204,-0.549702027
Susd3,-0.317437674,-1.457131253,-0.025022863
Aspn,-0.093246243,-0.673216624,0.123848637
Ogn,0.154505532,-0.041455818,-0.890674979
Nol8,0.001426746,2.229168253,-0.80873232
Spin1,-0.070350838,0.084972971,-0.5579539
Pxdc1,-0.285530825,-0.448616239,-1.156944953
Ctsq,2.539368896,0.336325224,1.444143626
Gadd45g,-0.265325255,1.93658504,0.107680711
Ror2,0.651973198,0.543485145,1.257255317
Sfxn1,0.043169442,1.994612587,-1.203141411
Habp4,-0.019092853,-0.541066602,0.150694145
Drd1,-0.016196812,-0.67207583,0.632440879
Prxl2c,0.021891331,-1.298665742,1.259663061
Mxd3,0.246331424,0.061210295,-0.615056858
Prelid1,-0.012327724,0.49361237,-0.619268453
Slc34a1,0.419048387,-3.798616324,3.427395538
F12,-1.184345169,-2.233562863,2.233485536
Pdlim7,0.074526942,-0.658101607,-0.078201108
Txndc15,0.134208776,0.453535041,-0.696209147
Ptdss1,-0.131182441,1.016500834,-0.98072353
Ccnh,-0.066703045,0.817221952,-0.835957903
Golm1,0.217984123,-0.142388256,-0.227276088
Dapk1,-0.118343404,0.142657355,1.813001177
Trip13,0.143885299,1.36944597,-1.311305663
Cep72,-0.270200699,-0.318373251,0.074228537
Tppp,-0.103152522,-0.654699413,-0.410714896
Pdcd6,-0.069161381,0.484409364,-0.627872993
Erap1,-0.016417159,1.952076481,-1.010265762
Cast,-0.025355058,-1.337352089,1.822660552
Spata9,-0.000103438,-0.134951463,-0.401041842
Glrx,0.240132458,-0.962048368,0.670717905
Arsk,-0.160487076,-0.16525245,-0.187046049
Nsun2,-0.044187036,2.474289398,-1.099542122
Mctp1,-0.010810356,-0.876559926,0.295950207
Slf1,-0.144672349,0.50079381,-0.599741571
Ndufs6,0.087052149,1.545297982,-0.682688211
Mrpl36,-0.11862223,1.320076684,-0.718581985
Tert,0.316245097,0.445001563,1.315178778
Vcan,0.692661417,1.521234938,1.709938435
Cd180,-0.090698388,-0.21426032,-1.525263256
Marveld2,0.100947728,-0.706433349,-0.422332373
Naip1,0.008484647,-0.840108192,-0.271719151
Serf1,-0.236565436,2.382197513,-1.031408392
Smn1,-0.077684761,1.602972036,-0.723304351
Mccc2,0.263040013,-0.76191462,-0.027533191
Ptcd2,0.003253232,1.098149333,-0.980603238
Btf3,-0.070832697,1.433637361,-0.587898111
Arhgef28,0.817086196,0.923732535,1.767783231
Hexb,-0.164975442,-1.899911058,-0.096652996
Polk,0.073336613,0.204291252,3.764610575
Cert1,-0.292284454,0.055011819,-0.09874565
Hmgcr,-0.002446942,1.947669689,-1.346665968
Pde8b,-0.031982076,-0.151808385,-0.012546086
Dimt1,-0.139497552,1.69212119,-0.726275775
Depdc1b,0.376571684,-0.656334545,-0.119901708
Plk2,-0.120812128,-0.556486017,7.197065289
Serinc5,-0.774678384,-2.567905774,1.156338524
Dhfr,0.256639499,0.848176733,-1.121022879
Rasgrf2,0.631584261,-0.538997242,0.307499054
Cenpk,0.309597242,0.666180663,-1.031447657
Rnf180,-0.338490848,-1.123797324,0.852903646
Parp8,-0.106887878,-0.654864944,0.296947246
Fgf10,0.349941601,-0.371310246,1.59728042
Slc4a7,-0.181887936,-0.335356071,-0.200080298
Psmd6,-0.115131001,1.376856977,-0.884992411
Oit1,1.121936631,-0.999304421,-0.025487352
Map3k1,-0.172066769,-0.563141526,0.082674486
Vdac2,-0.124788464,0.930281762,-0.682861197
Dlg5,-0.212485235,0.089953885,1.131453838
Prxl2a,-0.523336713,-0.179844623,-0.013925202
Bmpr1a,0.501694681,-0.232067876,0.363083746
Nid2,0.120823144,-0.663391121,0.910831308
Ecd,-0.120007467,1.487185823,-0.806966341
Anxa7,0.03916338,0.081692631,-0.503273021
Vcl,-0.122477476,-0.876402025,0.136709656
Txndc16,-0.072977425,-0.657076928,-0.158265335
Ero1a,0.044192246,1.637696875,-0.823344113
Psmc6,-0.032660231,1.274003297,-0.803996359
Samd4,0.467344171,-1.137658695,0.12629927
ccdc198,-0.157970958,3.363951433,-0.404498499
Slc35f4,0.306361373,2.880773514,-0.15272976
Anxa11,0.168882603,-0.64776211,-0.062658388
NA,-1.641212137,-0.623597639,0.364364627
Ppif,-0.11569335,1.448905515,-0.905334518
Gm49342,0.175194746,0.713825737,-0.881820971
Rnase4,0.246470637,-1.001527186,0.372048755
Dnah12,-0.419283768,-0.453818371,2.929663398
Rnase6,-0.324936362,-0.379839543,-0.059982607
Eaf1,-0.009884905,0.788029796,-0.867614205
Mettl6,-0.023530675,1.086773324,1.395312853
Sh3bp5,0.064870158,-0.716386997,0.095596876
Arhgef3,-0.162651758,-1.102568612,0.948557958
Btd,0.021213248,-0.282624244,-0.38664928
Ncoa4-ps,-1.820162747,-0.612870837,-0.042827948
Ogdhl,-0.333197808,1.91939513,3.762283253
Spcs1,0.153890657,0.912815784,-1.057848431
Ebpl,0.136427133,-0.529957043,-0.094013267
Ctsb,0.492820417,-0.426145184,0.322529997
Zmym2,-0.062543268,-0.169705527,-0.281335082
Cryl1,-0.017538831,-1.647592512,0.673033067
Tkt,0.02735411,2.063865868,-0.983193066
Pinx1,-0.040607621,1.999573289,-0.559540374
Lats2,-0.15243626,-0.988515145,0.843779564
Zdhhc20,-0.212610756,-1.012448019,0.138581372
Fgf9,0.066940822,-0.145391563,1.73535729
Atp8a2,-0.187566106,2.738129536,0.518049782
Amer2,0.03685681,-1.681812093,2.677546641
Mtmr6,-0.104620548,-0.231584881,-0.266101215
Spata13,0.002974672,-0.783688001,-0.052095476
Lrrc63,-0.451914732,0.518741291,1.552550226
Lcp1,-0.001015501,1.187764518,-1.016874315
Slc25a30,-0.063260653,-0.392733006,0.088241269
Nufip1,-0.155496455,1.866068141,-0.842604671
Tsc22d1,-0.513901438,-0.918323071,1.046114129
Epsti1,-0.06125062,-0.654432475,0.410343173
Tnfsf11,-0.655551256,0.063894584,-0.591152864
Rgcc,1.083278718,0.156415018,1.681577743
Pbk,0.984402171,1.313593699,-2.463264015
Clu,-0.358692816,-0.655017338,0.80485386
Ephx2,1.013124345,-0.572237949,0.241673391
Trim35,0.048194557,-0.576863225,-0.242050297
Stmn4,-1.652466627,4.249041038,2.807494627
Dpysl2,-0.117266217,-0.867158416,-0.321641807
Bnip3l,-0.545784084,-1.191184532,0.533628753
Ebf2,1.502955922,1.027362004,0.733054527
Nefm,-0.474957751,-0.69113009,2.268224962
Adamdec1,-0.02935318,-0.52339619,-0.337326194
Entpd4b,-0.618972452,0.391451927,-0.333366725
Bora,0.009819151,1.094646362,-0.858099987
Tnfrsf10b,-0.083439338,-0.233768046,2.637991564
Rhobtb2,-0.084055184,-0.086976371,-1.135378507
Slc39a14,0.138911832,1.656852192,1.363456566
Bmp1,-0.591691504,1.258641328,2.850699808
Gfra2,0.500628278,-0.538373606,0.273131287
Rb1,-0.074115251,-0.961340994,1.823646679
Itm2b,0.299872572,-0.646618975,0.27656958
Uchl3,0.119108665,1.213044191,-1.469397785
Gpc5,0.063094293,-1.010031569,1.185924675
Ednrb,-0.245754937,-0.335327946,2.397289065
Cln5,-0.121317107,0.045545176,-0.572148385
Acod1,1.865032391,-0.38738072,0.574962578
Cldn10,-0.202680831,-1.603151583,1.269251031
Mbnl2,-0.120064462,-1.125927686,0.719170859
Lrp10,-0.172150765,-0.493462159,-0.192243661
Haus4,-0.021091966,0.210852795,-0.482563663
Slc7a8,0.743359257,-1.533804892,1.048863708
C6,0.382655885,-0.69067819,-0.043752893
Oxct1,0.408951537,-0.438732508,-0.605638794
Psmb5,-0.004048797,1.712167072,-1.066270055
Pdzd2,-0.014194208,-1.35710783,1.858389582
Slc22a17,0.215862001,-0.974306065,0.279399965
Golph3,-0.085929816,0.565637196,-0.661281245
Sub1,-0.151938926,0.346259759,-0.509790584
Sema5a,1.01738587,-0.49006511,0.114572077
Cct5,0.018961866,2.208015434,-1.243140146
Cmbl,0.536527369,0.058243621,-0.758383049
Ankrd33b,0.622664031,2.92447833,-0.758268969
Ctnnd2,-0.345653826,-0.605084245,0.393056081
Tars,0.047143887,2.175512939,-1.228234888
Rai14,-0.684300167,-0.186655112,0.464202898
Sdc2,1.216798231,-0.113042153,0.189623493
Dnah5,-1.400381193,-0.653127906,4.439591574
Trio,-0.039288109,0.445652228,1.617295588
Retreg1,-0.140466485,-1.030885657,0.238553199
Myo10,0.606747141,0.093357388,1.554642225
Ywhaz,-0.005498195,-0.040361773,-0.40447132
Grhl2,-0.799130207,-0.898565222,2.888163618
Rrm2b,-0.233847148,-0.760304732,0.35026027
Slc25a32,-0.077540735,1.454925289,-0.858250882
Dcaf13,-0.050934579,1.376155786,-0.946493694
Angpt1,0.106726127,-0.207210509,0.015239559
Rida,0.125170432,-0.029299214,-0.10202875
Pop1,-0.099464658,2.275221617,-0.282139696
Khdrbs3,-0.317088179,0.198368654,0.078677902
Sybu,0.363313874,1.956076667,0.005838728
Myc,0.210492426,1.620410058,-0.413277392
Sqle,-0.234435707,2.494875507,-1.514252449
Mtss1,-0.195219983,-1.25699626,-0.41392487
Ndufb9,-0.121490689,1.273239215,-0.699728175
Fbxo32,-0.201192131,-1.079164252,0.95191895
Tbc1d31,0.120109198,-0.19780564,-0.147681792
Derl1,0.003143689,0.359421531,-0.507788758
Has2,-0.110724688,0.262163023,1.442892076
Col14a1,0.84721871,-0.474671176,-0.196612664
Sla,-0.131852015,-0.214337902,-0.257094816
Lrrc6,0.440638164,-1.202980972,5.65456803
Asap1,0.014168936,-0.716210319,0.360561477
Gtse1,0.305864531,0.385196497,5.742653392
Tef,0.09568053,0.575602803,1.783763626
Rangap1,0.135071651,1.776828053,-0.794001802
St13,0.026051791,2.407500396,-1.32941499
Cacna1i,-0.149628997,-2.835570001,0.100754883
Enpp2,0.26799389,-0.594137069,0.111902952
Tomm22,-0.15941639,1.185941617,-0.731497372
Cby1,0.121728565,-0.353920251,3.062635278
Sh3bp1,-0.046411865,0.319797253,-0.712560194
Parvg,-0.09463692,0.160415828,-0.4604657
Cyp2d26,-0.165658131,2.11729598,0.57354325
Naga,-0.048268815,-0.891785587,0.470897267
Slc38a2,-0.149255581,0.76557296,-0.773893236
Rpap3,0.023771731,1.43957879,-0.914290686
Endou,-0.211037604,-0.893981585,-0.19965551
Rapgef3,0.011830876,-1.048405649,2.583760775
Xrcc6,-0.15894776,1.617397886,-0.460038341
Pmm1,0.166492476,0.721279517,1.094623964
Hdac7,-0.130397089,-1.394047513,0.033651816
Polr3h,-0.20396273,1.413721484,-0.924163377
Col2a1,0.188379837,2.441638828,2.520850347
Nckap1l,-0.038457282,-0.156534622,-0.148386462
Shisa9,0.675584919,1.60574121,3.280824943
Tnfrsf17,1.644179313,0.00543746,-0.109759281
Ciita,-0.116698398,-0.264574582,0.034847327
Emp2,0.245974441,0.35701433,0.836259704
Bcl6,-0.367821309,0.678267144,-0.879492485
Trp63,-0.801254607,0.138174856,5.063748385
Mgrn1,-0.100378449,-1.4440361,0.329790284
Srl,-0.591789474,1.926838063,0.459718741
Cyc1,0.026457996,1.4931478,-0.910342325
Maf1,-0.33357443,-0.064176744,-0.105852324
Hgh1,-0.051277722,1.802177153,-0.827348481
Bop1,-0.147983886,1.927224479,-0.821241835
Grina,0.118229167,-0.596129146,0.357888173
Plec,-0.040362935,-1.46655393,1.177565527
Pycrl,-0.14113928,1.809011057,-1.207586155
Gpihbp1,-0.468201101,-0.306156538,0.304050129
Ly6g,2.867832876,1.772679223,-1.587601538
Ly6c2,0.268352235,0.166896897,-0.203481939
Ly6i,0.095353827,2.288977754,0.594441705
Ly6e,-0.021908901,0.122285476,-0.24268265
Cyp11b2,-0.108323724,2.650457043,1.666800774
Lynx1,-0.358370659,1.364087857,-0.15630653
Slurp1,-0.046539455,1.840069194,-1.578292861
Arc,-0.475413647,1.373107515,1.337343445
Cep97,-0.084061543,-0.547947578,0.204803226
Mapk12,0.420232796,-0.804004681,-0.587194037
Mapk8ip2,-0.600359509,-1.730151801,4.698175246
Arsa,-0.020928175,-0.665511751,0.336851675
Shank3,-0.496402431,-0.682813484,1.009177683
Kif21a,0.174277463,0.875239476,0.700674868
Yaf2,-0.1207269,0.7035291,-1.064565347
Alcam,-0.18857762,-0.894347319,-0.052179366
Retnlg,1.952737975,0.793502704,0.213552765
Gcsam,0.997063481,-0.49615811,-0.38614713
Cd200,-0.30596762,0.131146755,-0.604503827
Ccdc80,-0.864846704,-0.276316624,1.930434344
Mcm4,0.243752187,0.995348668,-1.224996763
Cep20,-0.161533952,0.323599198,-0.322681727
Rrn3,-0.013003597,1.606276843,0.504790514
B3gnt5,-0.361454946,-0.871359724,-0.780059598
Boc,-0.67080506,0.047342328,1.917539212
Sidt1,-0.012477169,-1.137395525,0.631831766
Qtrt2,-0.038533073,2.124734963,-0.840064595
Drd3,0.716891584,-1.185269022,0.039934041
Crybg3,-0.036638601,-0.62793131,0.196101498
Cmss1,-0.22405891,3.656295949,-0.863551067
Klhl22,-0.227493745,0.503945312,2.314685057
Tomm70a,-0.110875719,1.46791115,-0.81685104
Tfg,0.04791677,0.905925985,-0.867346427
Serpind1,-0.056310161,-0.699863423,-0.094312286
Ccdc116,-0.039323614,1.858893645,-0.420401983
Sdf2l1,0.617966419,1.372303195,-1.323588689
Igsf11,-0.100281695,-0.13883948,2.128966178
Tnk2,-0.025487441,-0.036128163,-0.392512199
Yars2,-0.061628933,1.58892147,-0.930082494
B4galt4,0.564854621,-0.040081234,-0.616184276
Tfrc,-0.296636892,1.289162145,-1.374725116
Arhgap31,-0.014678918,-0.817720108,0.611592238
Fyttd1,-0.160180194,0.95574707,-0.806653632
Umps,0.07093226,2.285790872,-1.628381124
Itgb5,0.38613529,-1.424360737,0.029486999
Cyp2ab1,0.039949354,-0.472773891,1.400735651
Ndufb4,-0.102764775,1.278613429,-0.868173876
Hgd,-0.757794173,3.010820764,0.685671745
Mylk,-0.441595931,-0.224546479,0.746466508
Ece2,-0.215435383,2.370898456,-0.989427882
Clcn2,-0.000584469,0.936239533,1.226393672
Ehhadh,0.275736736,-0.859050429,0.465834976
Tmem41a,0.19905143,2.037867689,-0.297082907
Btg3,0.118860219,2.011495543,-0.646490637
Cxadr,-0.416950885,1.597917214,0.645173416
Usp25,-0.129403387,-0.152846512,-0.147090739
Samsn1,-0.235371839,1.255935297,1.064974115
Adipoq,-0.596832894,3.227422483,0.709223254
Rfc4,0.013552737,1.252523764,-1.357680763
Robo1,0.358609196,-0.326408713,0.108228342
St6gal1,-0.103043433,-0.903899629,0.154504992
Mrpl39,-0.018483228,1.581075223,-0.845985727
App,0.732284602,-0.221446361,1.054445859
Adamts5,-0.107174568,-0.627710931,0.543354096
Slc15a2,0.055915766,-2.029193273,2.07089922
Ildr1,-0.026784843,-1.047212736,1.280703517
Cd86,0.227584818,-0.340142029,-0.024547494
Parp9,-0.009797476,-0.398729363,-0.063877465
Psmg1,0.016233344,2.399064398,-1.134355867
Brwd1,-0.228132293,-0.392195552,-0.121012475
Fam3b,-0.370781229,-1.649931288,3.572404552
Pigp,0.003805231,-0.204125256,-0.366211736
Dop1b,-0.052497113,-1.199494117,0.764158787
Cbr3,0.29320886,-0.995923939,0.628288909
Runx1,-0.111232754,-1.564180626,1.083716391
Atp5o,-0.076921383,1.615530269,-0.797281483
Gart,-0.001903506,2.413773045,-0.343536614
Tmem50b,-0.029031665,-0.349991906,-1.100150523
Cfap298,0.028655594,2.126074202,-1.514148551
Mis18a,-0.126688005,0.056119204,-0.172855519
Wnt10b,-0.951714562,3.546170623,0.456866617
Dhh,0.252328192,1.101916626,3.405850761
Tuba1b,0.254065194,1.681828065,-1.520312666
Tmbim6,0.055311448,-0.100293628,-0.256601835
Faim2,-0.34666513,-1.819995315,1.878612079
Racgap1,0.038502553,-0.065625844,-0.304646844
Gpd1,0.609494126,-0.678093768,-0.019182831
Cox14,-0.175553094,0.045180513,-0.222313947
Lima1,0.729330358,0.021923103,-0.037485719
Larp4,-0.058222649,1.408804744,-1.143120184
Cela1,0.25108852,-1.693975827,0.97838894
Nr4a1,0.092750601,1.050097646,0.998351083
Csad,-0.080027087,-0.664022402,0.400463988
Amhr2,0.294102251,2.090215638,0.034944788
Calcoco1,-0.187053688,-1.234953069,1.415220662
Cdkn1a,0.832144373,0.380935999,7.551267459
Cep89,-0.28517033,-1.294052422,0.569399106
Mospd1,-0.153607887,-0.229316927,-0.287599843
Cxcl13,0.320766569,0.142047824,1.314580343
Gtf2ird1,0.101085252,-0.990074075,1.146204083
H2-M10.2,0.063633858,2.017102931,-1.095882013
Ndufa5,0.086516793,1.853652118,-0.928587221
Msrb2,0.007500008,-0.483022271,0.044188656
Rfc2,-0.087018717,0.10699698,-0.318488417
Prmt5,-0.034253249,2.271113377,-1.036005811
Gzma,0.513319687,0.020289181,-0.197683408
Get1,-0.129230904,0.661057884,-0.759550103
Lrrc69,0.682329756,2.414676905,-1.211326485
Rpp14,-0.102497768,1.780079668,-1.055299164
Slc38a1,-0.057564527,-0.00133581,-0.440542655
Vwa5a,0.201741202,-0.317007187,-0.026752366
Epb42,-0.087818102,-0.505499104,-0.102242841
Kcnk5,0.245235548,-0.047059069,-1.156726872
Parp3,-0.086800436,0.75449225,-1.090995463
Acy1,-0.253862105,2.104483042,-0.422480708
Gabrr2,-0.269354348,2.503489207,-0.056329639
Creld2,0.631007986,1.229683609,-1.146800613
Twf2,0.037140778,0.059197638,-0.718314532
Dtwd1,-0.073485033,1.521601308,-0.838843946
Gcm1,0.20519176,-0.10552758,2.209026082
Clec4n,0.718751943,0.383743877,0.25615674
Tmem176a,0.045923772,-0.246866023,0.096279432
Slc17a9,-0.192822535,0.052924968,-0.399659515
Cela3b,0.593784099,0.953428899,0.967231301
Tpi1,-0.025109715,1.848042511,-1.48700285
Cdca3,0.685132853,0.307123082,-0.881954132
Ccndbp1,-0.284729571,-0.523763742,0.396676348
Rsph3b,0.13369106,-0.441461401,-0.045368106
Slc22a3,0.725575162,-0.203263768,-1.014108199
Acat2,-0.239646535,0.949077037,-0.511983647
1700010I14Rik,-0.284726173,-0.728551302,0.43833677
Phf10,-0.166158897,1.114970674,-0.726992028
Smoc2,-0.369648352,0.215955134,0.503993854
Zscan10,0.8018723,-1.752408483,4.127957842
Paqr4,0.288892063,0.448812338,-1.081479774
Pla2g7,0.413711151,-0.807243489,0.889365626
Rhag,0.525789867,-0.118794793,-0.309927635
Mrpl14,-0.081000355,1.478932261,-0.60619991
Sgo1,0.25954603,0.485978591,-1.117632161
Slc29a1,0.212769226,2.287402902,-1.596510436
Hsp90ab1,0.1335926,2.300364625,-1.125388334
Tcte1,-0.436872267,-0.609565717,1.326923713
Vegfa,-0.621320017,1.092222569,0.558278772
Gtpbp2,-0.106888074,-0.578720401,0.103037444
Polh,-0.00904897,1.110849389,-0.971001347
Enpp5,0.200510763,-0.544828254,0.236369506
Cyp39a1,0.411957872,-1.647982572,-0.088197632
Fbxl17,-0.048731249,-0.488665896,0.004960151
Crip3,0.50046624,-1.208207906,0.966982271
Rrp36,-0.090048775,1.236422858,0.91861579
Ptk7,-1.229769107,-1.202933367,2.630845676
Guca1b,0.12670229,2.15831117,-0.195559912
Guca1a,0.816679796,0.005822859,-0.875414985
Gm20517,-0.165222606,1.617029443,0.123438964
Bysl,-0.03085588,2.072534311,-1.074521934
Tfeb,-0.068297153,-0.211522596,-0.580893381
Treml1,-0.232834775,-0.241749959,0.573149275
Tspo2,0.303278349,-0.296811377,-0.635871833
Ppil1,-0.085979438,0.931109011,-0.830471615
Mtch1,-0.123451564,0.144498148,-0.405636713
Fgd2,-0.267378255,-0.153852738,-1.035608494
Abcg1,0.198368,-1.175311522,0.050668256
Wdr4,-0.271718943,2.062385955,-0.548221292
Cbs,-0.133457038,2.85278138,0.004422271
Sik1,-0.098457274,1.275100389,1.341620571
Arhgap28,-0.35917099,-0.632266456,0.803552623
Epb41l3,0.780808977,-0.550389912,0.115990808
Emilin2,0.506614066,-0.364431861,0.176887535
Smchd1,-0.130841458,-0.332549597,-0.331045017
Ndc80,0.000465478,-1.146453845,-0.327718279
Galnt14,-0.187473083,-0.958976011,0.782680255
Ehd3,0.405987652,-0.488284084,-0.064556251
Xdh,0.498364964,-0.21764338,0.682761728
Dpy30,-0.02519893,1.389944962,-0.699882642
Spast,-0.197005176,0.658848754,-0.625368726
Yipf4,-0.23906703,-0.201375776,-0.193162121
Ttc27,-0.152381647,2.368421552,-0.68948364
Cebpz,-0.117499797,1.782546417,-0.751978034
Qpct,-0.218336776,-1.161623524,1.354752763
Man2a1,-7.81E-05,-0.814635582,0.153849239
Vapa,-0.115641682,1.026608114,-0.81026959
Srsf7,-0.033833322,1.439867105,-1.014244912
Twsg1,-0.050613393,-0.692706942,0.595543338
Ndufv2,-0.064100008,1.335540523,-0.780359462
Cacna1h,0.219525009,-1.392609778,0.914751523
Lrpprc,-0.102907903,1.799117897,-0.706519187
Prss30,-0.07488681,-0.838156056,0.692163838
Abca3,0.098977704,-0.925571731,0.564527509
Eci1,-0.146980364,1.476498247,0.068193978
Pigf,-0.06445688,1.225516518,1.528203249
Cript,-0.207385339,0.265191885,-0.396904135
C3,0.29166336,0.513848847,-0.389167309
Nme4,0.37774507,1.133315221,1.579966718
Pgap6,0.148207877,-0.442152387,0.113597139
Mrpl28,-0.164467488,1.093949521,-0.620620413
Pdia2,-0.000100092,-0.222168449,0.092223321
Fam234a,0.078984658,-1.018330579,1.042809606
Phf1,-0.050443107,-0.962207305,0.156019438
Cuta,0.13147431,0.770676518,-1.078585033
Plin3,-0.117721984,-0.25444614,-0.153923443
Rfx2,-0.20720998,-1.362059267,0.885692612
Uqcc2,-0.050035389,2.053969784,-1.094075658
Ip6k3,-0.667080196,-0.381064766,1.272320908
Grm8,-1.280517714,0.169481133,-0.327719847
Clps,-0.045689534,0.224373909,5.333490168
Svil,-0.110896622,-1.112169947,1.29316838
Tmem178,0.30786628,-1.438381518,0.755644714
Thumpd2,0.065441168,0.613887767,2.111493262
Pkdcc,0.082504731,-0.211760173,-0.045409041
Cox7a2l,-0.116591447,-0.677707442,0.408481175
Polr2d,-0.000892166,1.683775976,-0.848366895
Thoc1,-0.088235113,1.664012813,-0.6011218
Esco1,-0.141500698,0.462895722,-0.661141202
Adamts10,-0.246111256,-0.244672477,0.019934108
Myo1f,0.167466565,-0.757680029,0.194901055
Kifc5b,0.132799125,0.22902785,1.980989724
Pfdn6,-0.100264531,1.871636659,-0.764851432
Wdr46,-0.025805477,2.303230363,-0.339724291
Rnf138,-0.136550496,0.803518322,-0.755971956
H2-Oa,-0.050352701,-1.256842889,0.058388466
Psmb8,0.005574548,0.340207226,-0.843707697
Btnl2,-0.212967563,-1.133254891,0.389382615
Hspa9,0.008836532,2.484840282,-1.017313379
Etf1,-0.013923434,1.90645611,-1.160079347
Nelfe,-0.029555239,1.53965833,-0.62630789
C2,0.230965434,0.122286032,-0.26153797
Epb41l4a,-0.089039952,2.18356523,-0.732876176
Stard4,0.050802627,0.968635857,-1.148805477
Bin1,0.042904207,-0.26740145,-0.44389488
Csnk2b,-0.06998138,1.289846245,-0.78338771
Myo7b,-0.751070675,0.195507861,5.441639859
Aif1,0.327845785,-0.261458326,-0.278279625
Ltb,-0.278080401,0.21775841,-1.508721333
Tnf,-0.191993556,2.288472246,-2.03527469
Lta,-0.024167109,1.229397285,-1.350366241
Zfp521,-0.480825034,-0.213987137,-0.042654247
Lama3,-0.191668735,0.479315308,0.688841802
Ttc39c,0.452512761,-0.098354436,0.731908522
Ndfip1,0.098482541,-0.579531611,0.326393365
Mrps18b,0.012640241,2.133905534,-0.677118809
Pcdh12,-0.644361374,-1.086455582,0.687591953
Arap3,0.307914062,-0.29958568,0.27805592
H2-M5,-0.013862883,0.493950711,1.013488148
Gabbr1,0.2030602,-0.689028618,0.352659778
Ap3s1,-0.0014117,0.215161727,-0.291439657
Slc4a9,-0.753837325,4.001326478,1.635459013
Lars,-0.110647181,1.891127073,-0.744435957
Dpysl3,-0.21509262,-0.038244192,0.804980394
Mbd2,-0.054027084,-0.421168355,0.105803846
Sec11c,0.062720054,-0.167202998,-0.410291323
Pmaip1,0.323288538,0.443811591,3.148450129
Srfbp1,-0.082505108,2.117033662,-0.850308836
Lox,-0.29434559,2.597950733,1.254610153
Spire1,0.409510183,1.549353577,-1.66193546
Snx24,0.061159619,-0.796365104,0.305358807
Psmg2,-0.108567273,1.845973217,-1.04274971
Ppic,0.423723543,0.196802246,-0.275261331
Ldlrad4,0.016342739,-1.36234318,0.818497077
Me2,0.002921054,0.479367426,-0.687027519
Grpel2,-0.132805322,1.126789869,-0.842369991
Nars,0.130474884,1.973385854,-1.226937483
Fech,-0.869115966,-1.111621674,0.245673322
Nedd4l,-0.112888321,-0.980499136,0.445006678
Tmx3,-0.079528504,0.157776152,-0.72632035
Pdgfrb,-0.971757936,0.180438831,0.940802824
Csf1r,0.220800833,-0.691039666,0.102700442
Psat1,0.339295777,2.491990401,-1.717243294
Cbln2,0.190414647,2.157862892,0.547511859
Anxa1,-0.137666125,-1.525828492,0.439995394
Rab3il1,0.606509902,-0.401271874,-0.436058234
Fads3,0.729990992,0.704304815,-1.765358485
Fads2,0.022479723,0.462085316,-0.883835935
Tmem138,-0.051950926,0.963914829,-1.020822959
Tmem216,-0.148142633,0.414654939,-0.438380154
Ms4a7,0.608587926,-0.184527964,0.056381498
Ms4a1,-0.183217253,0.537335155,-0.675109378
Ms4a4c,-0.274307851,0.337056521,-0.944562851
Fam111a,0.060571558,0.709527432,-0.96200645
Lpxn,-0.014649268,0.465319826,-0.803826032
Rfk,-0.036817852,-0.278938741,-0.294147299
Pcsk5,-0.830016847,0.009761629,1.696503182
Carnmt1,0.051212691,1.542177008,-1.598493623
Trpm6,0.930222112,2.490677274,-0.409453112
Ms4a8a,0.080689662,-0.815133414,0.752940224
Ccdc86,-0.097924011,2.066658154,-0.149441628
Prpf19,-0.071956978,2.020115316,-0.735135918
Tmem132a,0.207918351,0.45153297,-0.988509864
Fen1,0.075339408,1.696764985,-1.168829091
Syt7,-0.038955432,-0.801131808,1.334509346
Tmc1,0.306039112,-1.207631771,1.798015078
Zfand5,-0.178956724,0.184483519,-0.619629457
Slc22a19,0.258369653,-0.815195423,0.593359487
Rtn3,0.064124221,-0.41190061,-0.15450321
Atl3,-0.003545084,0.45490587,-0.675170551
Cdc42bpg,0.072467214,-0.674857466,4.779480032
Ankrd22,1.48613022,1.526496284,-1.455539825
Stambpl1,-0.236545002,-0.164483705,-0.601581755
Ppp2r5b,-0.125409066,-0.520646734,0.019498287
Fas,0.468691742,2.184190957,1.669232608
Lipa,0.453223867,-0.654097236,0.108709284
Rcl1,0.102313723,2.400271001,-0.84845716
Jak2,-0.118666555,-0.819502332,0.063816345
Sac3d1,-0.16143371,1.492428246,1.242946842
Cdca5,0.440651912,1.028486738,-1.297571197
Tnfrsf25,-0.118009803,-0.006081019,0.616408363
Htr7,0.470612756,-0.450072904,-0.388991863
Rad9a,-0.170885819,0.712804997,-0.517416654
Mrpl21,0.047065663,1.961047877,-0.890744692
Coro1b,0.042494669,-0.596112586,-0.106853665
Eif1ad,-0.143999763,1.483014821,-0.992653944
Banf1,0.29733553,1.754348698,-0.416113231
Pitpnm1,-0.170531772,-0.88181275,0.75182721
Pold4,-0.073325068,-0.767722173,0.618675422
Pacs1,0.009071501,-1.020118662,0.320289691
Cdk2ap2,-0.049860501,0.178266876,-0.266896177
Pip5k1b,-0.31635284,-1.73893196,0.931832977
Aldh3b1,0.102791032,-0.198944344,-0.498275925
Asah2,0.182576022,-0.692317213,0.19981301
Rce1,-0.163797176,1.439543634,-0.894251369
Slc29a2,-0.118974243,2.674578404,-0.990653657
Minpp1,0.176746669,1.55359441,-1.38601735
Cpt1a,0.121230825,-2.519437266,1.011828169
Peli3,-0.15321807,-1.298816183,4.4145802
Mrpl11,-0.072023546,1.534464841,-0.508191195
Fosl1,-0.10488964,1.519179099,1.777730979
Slc1a1,0.12491915,-0.026934734,0.203059014
Kcnk7,-0.35658488,-0.721038634,0.125981422
Ehbp1l1,-0.002734351,-0.30508524,-0.088836023
Fam89b,-0.07048144,-0.981723719,0.066945674
Capn1,0.094710115,-1.103918092,0.35985565
Map4k2,-0.265524556,-0.999667952,0.26400937
Prdx5,-0.165529298,0.360193862,-0.385556767
Gpr137,0.07007141,0.058642919,-0.419479518
Stip1,0.082656997,2.538121923,-1.708971957
Rcor2,-0.245855042,1.450354379,-0.653170146
Tcf7l2,0.767027237,-0.587008353,0.185933453
Hhex,-0.126595994,-1.057878677,0.893878317
Cep55,0.420048351,0.356375918,-1.164221393
Prdx3,-0.029478954,1.500929902,-0.868615107
Plce1,-0.452551332,-0.585078882,0.285851589
Noc3l,0.045315911,2.213858755,-0.968110844
Hells,0.088539901,1.375595202,-1.350473456
Sorbs1,-0.247134587,-1.278387131,1.00538663
Aldh18a1,0.134891695,2.244001476,-1.370359456
Tctn3,0.201638043,0.347264081,-0.733784862
Ccnj,-0.064415102,-0.230299134,-0.541490464
Dntt,-1.040725324,-0.400836807,0.055926479
Add3,-0.137983142,-2.109841169,0.419928999
Arl3,0.065825688,1.019867108,-1.015479558
Fundc1,0.136401123,-0.020184391,-0.399763866
Msr1,-0.572630352,0.542281547,-0.045539562
Pcgf6,-0.046252217,1.845059521,-0.80523805
Gsto1,0.360838394,1.923043476,-1.066717579
Casp7,0.0903257,-0.358000383,2.054070291
Afap1l2,-0.758133058,0.303910338,0.397879155
Ablim1,-0.010840055,-0.697476793,0.227433435
Trub1,-0.063390174,1.794798152,-0.28559117
Gfra1,-1.127636976,-0.6322419,-0.278459682
Hspa12a,0.798861537,-2.068853844,-0.226902569
Slc18a2,-0.482222131,0.09843712,-0.104594788
Btbd1,-0.043699346,0.675281095,-0.975913794
Hdgfl3,0.021900027,-1.120726123,-0.193925353
Ppp1r27,0.20810748,2.118799517,0.049803395
Ints4,-0.118840606,-0.6779458,0.22094786
Alyref,-0.042883973,2.130649589,-0.830251643
Pcyt2,-0.170469757,1.304198354,-0.740607458
Myadml2,-0.457997228,-1.998861483,-0.362006011
Cbr2,1.505134653,-0.504459208,0.162537955
Maged1,0.354918459,-0.549680471,-0.067550039
Fasn,0.007979442,2.021991531,-0.90032065
Arhgap19,0.632087536,-0.407288757,-0.415895351
Gps1,-0.165818366,1.616443877,-0.83654023
Zdhhc16,-0.130934742,0.918102272,-0.761265858
Cd7,-0.382966362,-0.213121236,-0.026211825
Ogfod3,-0.103202999,0.231927449,-0.640090429
Ankrd2,-0.742329736,-0.215261011,0.234084893
Fn3k,0.735197596,-0.680708162,0.7362191
Entpd7,-0.193934718,-0.573041084,0.20865825
Dnmbp,0.080706691,-0.993017386,0.686549091
Bloc1s2-ps,4.140271786,0.224265143,3.454202488
Scd2,0.236913132,0.604704822,1.349845755
Sfxn3,-0.068682547,-1.544030687,1.567570002
Kazald1,-0.242526566,0.453195988,2.160059347
Tlx1,-1.286025476,-0.052171374,0.639596394
Actr1a,-0.091499923,0.286807581,-0.39332102
Hexa,0.333698005,0.264860034,-0.652625762
Limd1,-0.211872679,0.189742049,-0.631538808
Sacm1l,0.053327085,0.505182338,-0.830277198
Lztfl1,-0.313116898,-0.431725826,-0.128542495
Tbl1x,-0.214671909,0.614129524,-0.471338971
Zfhx4,-1.257976252,-1.919291507,5.455281387
Hsd17b10,-0.226832764,0.840717545,-0.484616111
Tsr2,0.010959379,1.768063567,-0.787566847
Fgd1,-0.512046242,1.358262797,0.329323887
Maged2,0.281883026,-0.879837505,0.888158387
Alas2,-1.875428559,-1.535910291,-0.815057585
Tro,0.189886527,-0.731027753,0.449977325
Dnase1l3,0.353076444,-0.377752841,0.113801069
Prdx4,0.185795671,0.367516649,-0.566741438
Sp4,-0.094414955,0.156599599,-0.379005777
Padi4,0.258586522,-0.631907677,1.612127625
Itga7,-1.59496712,0.122230428,2.362764355
Rdh5,0.002767137,-0.388608295,0.144765642
Cd63,-0.1428133,-0.47474128,0.078020439
Gdf11,0.123167893,-0.920330944,-0.952851456
Ormdl2,0.005019799,1.204392713,-1.087643453
Dgka,-0.12597989,-2.079922118,1.388090894
Cdk2,-0.260727201,0.020148189,-0.611149378
Pmel,-0.169494431,-1.801851417,1.140170964
Pa2g4,0.042373826,2.973153694,-0.627608862
Esyt1,-0.133361939,-1.522036978,-0.416699708
Aatk,0.76772733,-0.932690117,0.520917252
Atp5b,-0.069458666,1.740429429,-0.998078169
Prim1,-0.151509579,1.339541016,-0.472167394
Myo1a,0.810170499,2.606920211,-1.634957151
Shmt2,-0.022150247,3.085175812,-0.764447914
Gli1,0.202843677,-0.734462728,0.636996997
Pias2,-0.179373261,0.231527482,-0.50404983
Atp5a1,-0.068902944,1.417730601,-0.715095303
Crisp3,0.630526613,-2.544377,-1.445184261
Clns1a,-0.097229779,1.733108046,-0.78745251
Scart1,0.126926912,0.594371382,0.680417609
Adam8,0.05329213,0.510358853,2.051246815
Adgra1,-0.385416704,-0.041459413,2.398728622
Inpp5a,-0.325857183,-1.27797102,0.883601895
Dpysl4,-0.369569969,-0.700935054,1.701122659
Syce1,-4.82822638,1.910197284,2.35273735
Urah,-1.504981345,4.647862691,2.356071647
Odf3,0.423736344,2.403366567,-0.355355687
Ifitm5,0.04310951,-0.483403607,-0.087588568
Ifitm1,1.864563362,0.639500353,-0.191105935
Ifitm3,0.197792606,-0.690693865,0.869303947
Sigirr,-0.30285408,-1.058719774,0.643533452
Irf7,-0.332951563,-0.962742523,0.695095989
Lmntd2,-0.081097987,-1.27176739,0.621601775
Taldo1,0.002359579,0.550294528,-0.547332261
Eps8l2,0.215090755,0.060426349,1.282070871
Pidd1,0.029104368,1.041113893,3.189338937
Muc2,-1.678120146,0.400104357,3.225321931
Tmem192,0.035417632,-0.01759731,-0.381312234
Tmc6,-0.144236433,-0.965056097,0.951927028
Rbfox3,0.341228565,0.982197267,1.118544374
Cbx2,-0.259105439,0.646709609,-0.711329892
Cbx8,-0.175370142,0.280199707,-0.92719455
Eif4a3,-0.208835678,1.641277264,-0.666653367
Nptx1,-0.580236416,-0.871150867,2.559827998
Tma16,-0.153325283,1.825247646,-0.439038969
Dach2,-0.200110309,0.69899935,1.447540234
Copg2,-0.146338776,0.425390312,-0.424352334
Podxl,-0.25638938,0.182298322,-0.059270414
Bach1,-0.121158635,-0.285817218,-0.017745361
Cct8,0.068874792,2.408366197,-1.330473055
Shisa5,-0.096668489,-1.198023999,0.471378165
Pfkfb4,-0.115260026,-1.01700243,0.105873871
Col7a1,-0.494677549,0.831728168,1.012859097
Arhgef9,-0.102988344,-0.417163235,2.662694384
Cnksr2,0.641542456,-0.278535633,1.145745985
Alox5,0.849144701,-0.257336815,1.392353113
Marchf8,0.291236913,-0.412859098,0.20397914
Slc28a1,-1.064587753,4.869797363,1.566752082
Rab40c,-0.146517228,0.13529743,1.861830873
Mcrip2,-0.178042901,1.495344356,-1.479154731
Jmjd8,-0.060129483,1.02559775,-0.722640407
Sdc3,0.606440752,-1.006191381,-0.092154549
Agbl1,-0.495471174,-1.681430661,1.436092597
Hspa4l,0.012700459,0.416642467,-1.505773714
Mfsd8,-0.159846747,-0.441940624,0.065997745
D3Ertd751e,0.139709802,-0.404139895,-0.034686603
Crispld1,-0.543361872,-0.842554802,0.434605955
Itih5,-0.286913981,-1.786351317,-0.084827308
Atp5c1,-0.118619781,1.012873633,-0.752412964
Exosc7,-0.125581348,1.634194428,-0.951256295
Rassf3,-0.032828774,-1.670200344,0.318106822
Ccr1,0.159591959,0.35703075,-1.003825343
Nudt5,-0.055214259,1.621642666,0.287175982
Pramel6,-0.313167338,-1.823485944,1.199785479
Prkar1b,0.237357627,-0.625426219,0.467753596
Dnaaf5,-0.227455618,0.569077086,-0.597652867
Cplx2,-0.562131582,-2.440180027,1.291636378
Higd2a,-0.068827346,-0.28707814,0.074934523
Nop16,-0.151177247,2.336859443,-1.0736767
Thoc3,-0.178758605,1.240609612,-0.679166702
Tspan17,0.443323631,-2.202903527,0.30221805
Unc5a,0.550424275,-1.269778214,0.706844846
Hk3,1.213840089,-0.374614821,-0.593932216
Casp12,0.269633719,-1.036183017,0.296369091
Snca,-9.873440863,-1.357736156,-0.424526618
Kbtbd3,-0.055389423,0.086509118,-0.275283506
Aasdhppt,-0.04410318,1.59129524,-1.020397588
Adhfe1,0.539106514,1.934625099,-1.166062047
Mybl1,1.025701148,-0.019379375,3.086299151
Sgk3,-0.020354359,-0.325947468,-0.355923319
Rdh10,-0.169101681,0.303531741,-0.602507717
Tfap2b,-0.137613509,-0.944273382,1.21523036
Paqr8,0.337606817,-0.6127008,-0.344566632
Tmem14a,0.338784958,-0.4740435,0.280879101
Tram1,-0.032835907,0.122254397,-0.270508775
Slco5a1,-0.601435693,-0.658052189,0.538771392
Idh1,0.20287511,-0.373704042,0.0123204
Fastkd2,-0.097861967,1.884229,-0.978798467
Adam23,0.337008669,-0.314701622,-0.017426733
Nrp2,0.675359938,-0.013413292,-0.314896191
Rftn2,-0.112377363,-1.030495647,0.422690033
Hspd1,0.195676169,3.23277315,-1.878767374
Slc40a1,0.75330684,-0.554292959,-0.025312671
Wdr75,0.02658924,2.323786266,-1.156397846
Ctla4,0.13583055,0.252725257,1.402799812
Wdr12,0.031686521,1.855561808,-0.646884311
Nop58,-0.016594988,2.524801288,-1.221151026
Cdk15,-0.159512701,-0.39034844,2.0231274
Stradb,-0.233114584,-0.766841846,0.221654724
Casp8,-0.018022893,-0.333128991,-0.039809303
Orc2,0.031286912,1.7365244,-0.890915034
Sgo2a,0.506963549,0.568136269,-1.046595266
Col5a2,-0.764807271,0.058650744,1.135916518
Col3a1,-0.721192573,0.210789363,0.650084107
Ercc5,0.118192768,0.153436406,2.503448927
Tex30,-0.229247519,1.051913852,-0.896549829
Ecrg4,-0.153804468,0.831892516,-0.950551616
Il1r1,0.126270645,-0.307499189,0.349474258
Il1r2,1.583634913,1.469723748,0.417985847
Chst10,0.801253315,2.302062607,-1.10477969
Mrpl30,-0.195827239,1.026633133,-0.748030879
Asnsd1,-0.000886577,0.658136644,-0.782791407
Ormdl1,-0.120270659,0.410514134,-0.734756368
Unc50,-0.109809924,0.222309428,-0.295320309
Inpp4a,0.47634021,-0.513468397,0.243761778
Ptpn18,-0.038187797,-0.622128413,0.194570523
Imp4,-0.033126542,1.508572648,-0.853290775
Fam135a,0.280510499,-0.120457262,0.156234838
Sdhaf4,-0.01162297,-0.153523264,-0.105234587
B3gat2,-0.309061924,-0.313382914,-0.037189946
Sphkap,1.920902146,2.129142044,0.688704311
Wnt10a,-0.5000632,2.627290692,0.341434032
Cyp27a1,-0.051256044,-1.226576829,0.230749497
Vil1,-0.42782182,1.512549049,0.513216893
Ctdsp1,-0.099880585,-0.105197629,-0.157453398
Slc11a1,0.700541508,-0.335534836,0.203075083
Ppm1f,-0.130097965,1.01507694,-0.712633427
Igfbp5,-0.578421193,-0.145404355,2.499698612
Xrcc5,0.08679782,1.812728327,-0.683622401
Atic,0.064195601,2.482912591,-1.34223857
Zfand2b,-0.129862169,-0.17127439,-0.307656599
Abcb6,0.006214418,1.795213149,-0.949428524
Tuba4a,0.085953666,1.400325422,-1.80621448
Ptprn,0.515167967,1.0185778,-0.091815997
Slc23a3,-0.259616321,1.9438314,-0.593896904
Speg,-0.719405317,-0.428881253,1.347207449
Des,-0.681257661,-0.087754861,0.818351851
Dnpep,-0.062985011,0.689348472,-0.739990753
Obsl1,-0.038587793,1.083918578,0.385749664
Stk11ip,-0.201872056,-0.80537815,0.234532301
4933407L21Rik,0.155762937,-0.389807723,0.286548667
2810459M11Rik,-0.091710127,0.053903458,0.021510917
Ncl,0.221565261,2.680077611,-0.722980982
Ptma,-0.100439029,1.769745084,-0.205872105
Farsb,-0.059961378,1.427512064,-1.003128326
Serpine2,0.128753047,-0.090794941,2.573318378
Efhd1,-0.706739965,-0.222253975,0.129055476
Ngef,-0.318911106,-0.489554435,4.084395656
Bok,-0.620227431,0.313507593,-0.484005433
Ing5,-0.087390893,0.928112774,-0.791082935
Pdcd1,0.204353668,0.612437213,0.765885336
Iqca,-0.017163887,-2.229676389,4.293582132
Mlph,0.342335619,-0.027510828,1.272424501
Scly,-0.00940019,-0.131392708,-0.171474903
Asb1,-0.10468757,-0.515938569,-0.158161684
Hdac4,-0.079195305,0.935041371,2.382719518
Serpinb8,-0.263364081,-1.3878065,1.521758142
Actr3,-0.090980027,0.359180973,-0.656905843
Slc35f5,0.410733185,-0.222411038,-0.468847486
Lct,0.278468298,2.079952292,-0.570085465
Mcm6,0.148149991,1.509803876,-1.739345847
Dars,0.055781333,1.743736653,-1.050262362
Rgs18,0.065193194,0.007477335,1.994520112
Rgs1,1.306918256,0.535605748,-1.267391543
Rgs2,-0.34272831,0.037391123,-0.49571309
Nifk,0.009497282,2.621473399,-1.264569869
Marco,0.963630028,1.874139989,0.638328589
Nek7,0.0023144,-0.507731893,-0.369097224
Ptprc,-0.102391986,0.008537635,-0.819375794
Cd55,-0.33411049,-2.26700374,2.041750273
Cd55b,-0.32967215,-1.854066803,1.395078879
Cacna1s,1.079286257,0.339360141,-0.003256365
Tmem9,-0.338743466,-0.925533088,0.618442077
Pkp1,1.045003395,0.226657953,2.184519683
Tnnt2,0.65436508,0.156033171,0.958785007
Fcamr,0.074549572,-0.743004706,0.422923233
Pigr,-0.258372526,0.05508894,-0.324990425
Il24,-0.323789429,-0.414011068,-0.470637538
Rassf5,-0.11563142,-0.385069646,0.083474299
Avpr1b,-0.984635802,-1.265631275,4.488625521
Rab29,-0.20277136,-0.421599591,0.070452977
Slc45a3,0.578958734,-0.441978273,-0.17946016
Elk4,-0.026471744,-0.118693187,-0.155237464
Cdk18,0.278376902,-0.497974177,1.307400433
Lrrn2,0.657805688,5.342005039,1.02814052
Pik3c2b,-0.117032203,-1.660828718,0.701462965
Cyb5r1,0.044329747,-0.61141836,0.005637663
Adipor1,-0.199924318,-0.22512317,-0.115558455
Mr1,-0.00490422,-0.769971531,0.211908891
Lamc1,0.073022718,-1.066627757,2.14829403
Rgl1,0.065642636,-0.803574925,1.285583322
Niban1,0.263075968,-0.387465637,0.234742585
Parp1,-0.177674463,0.53329487,-0.558025237
Capn2,0.118015983,-0.931077023,0.459142984
Tmem63a,0.060677229,-0.965764433,0.177739184
Opn3,-0.169557872,0.014362069,-0.729538229
Fh1,-0.17845447,0.633611432,-0.841451785
Spta1,0.08301764,-0.847456123,-1.442044727
Slamf9,-0.899783689,0.266422741,-0.239849671
Vangl2,-0.418280489,-0.876859722,0.678416728
Uck2,0.119878328,3.091809295,-1.005514458
Mpzl1,0.812921638,-1.160793321,1.238769993
Dcaf6,-0.103644865,-0.573182887,0.334305231
Xcl1,0.009708033,0.559786674,-0.924659594
Atp1b1,-0.705278263,-1.187500679,0.651339057
Ccdc181,-0.093407944,0.121083218,-0.689263596
F5,-0.077434197,-0.898211269,0.606491548
Selp,-0.301015589,-1.465333199,1.432313599
Sell,-0.202174931,-2.26304264,-0.16612175
Sele,-0.329699264,-4.062833699,1.095806346
Kifap3,0.018097192,-0.940962288,0.382552367
Prrx1,-0.089932108,0.117406707,1.322405681
Astn1,0.009108193,-0.029703368,0.348309657
Sec16b,0.038585213,-1.544234294,1.004914031
Ralgps2,-0.179877166,-0.640831921,-0.384463404
Soat1,0.055406576,-0.016527417,-0.562479593
Smyd2,0.366448987,2.64078614,-0.859721287
Ptpn14,0.512821992,-0.801472089,2.164782071
Cenpf,0.554281318,-0.433024599,-0.431625369
Eprs,0.020996343,2.287511988,-1.00761473
Cr2,0.287745828,0.887137467,-1.849450795
Nek2,0.337965008,-0.16250914,-0.654376784
Lpgat1,-0.098378196,0.026014538,-0.473722678
Batf3,0.029134761,-0.545563838,-0.024364258
Traf5,-0.036924126,-0.576303972,0.380570734
Nmt2,-0.067229321,0.923584093,-1.033727509
Cfap126,0.71987195,-0.034876029,3.967453209
Fcgr2b,0.147252949,-0.373773788,0.020107101
Phyh,-0.024052907,-1.243100845,0.392273454
Mcm10,0.512366534,1.067287824,-1.488660929
Hsd17b7,-0.152988233,1.863489422,-1.394509199
Lmx1a,0.19926514,-0.268427326,1.135722538
Mgst3,0.179581661,-1.131197069,-0.512975704
Tnfsf4,1.459265529,3.147197878,5.359346435
Mrc1,0.442463698,-1.049388018,0.206699507
Rabgap1l,-0.183634946,-0.892057676,0.498106251
Tnn,-0.172451575,-1.570947493,1.139853121
Vim,-0.187305452,-2.227459192,1.103110619
4930426L09Rik,-0.584718787,-0.851824443,1.432338405
Pip4k2a,0.297816008,-0.334976654,-0.243362934
Bmi1,-0.0268471,0.805018883,-0.893203792
Psmb7,-0.032245864,1.365147369,-0.789541155
Nr5a1,-1.184093213,-0.718975195,0.962348559
Arpc5l,-0.284721281,0.476590102,-1.076729827
Il2ra,-0.474671585,0.781774754,1.972406837
Yme1l1,-0.047611711,0.819103733,-0.777722411
Slc2a8,-0.020259244,-1.450812582,1.994531485
Coq4,-0.104107082,1.60814098,-0.848062968
Barhl1,-0.519862944,1.584469756,-0.104434866
Ddx31,-0.06044471,2.044244132,-0.938400327
Spaca9,-0.054257634,-0.655247737,0.109247709
St6galnac6,-0.096358391,1.7922552,-0.376603909
Eng,-0.340782565,-0.237908846,2.69382735
Gfi1b,2.261786507,-0.17642446,-1.851982998
Ak1,0.631792907,1.742879552,2.988243731
Slc25a25,-0.115029215,0.183551928,-0.647863644
Lcn2,3.214002858,1.620168364,-1.743898949
Kcnj3,0.407386589,-0.319378566,0.22217742
Dnm1,-0.172463759,0.182222424,2.791335435
Gpd2,-0.02075495,-0.129422539,-0.234077171
Gbgt1,0.319333826,-0.871726033,0.165951809
Ermn,-0.564116456,0.145614455,-0.2255939
1700007K13Rik,0.675615787,0.224311114,10.94541775
Olfm1,0.225625989,-0.550075632,0.231706841
Acvr1,0.572540576,-0.150869917,-0.357139967
Col5a1,-0.368943251,-0.097122998,0.752214784
Lamc3,-2.095931923,-0.1275719,4.467356149
Crat,-0.074742463,-1.422201114,0.045972819
Dolpp1,-0.14533403,-0.004963836,-0.53131125
Ntmt1,-0.235781886,1.477744574,-0.721104339
Hspa5,0.294624335,1.891391554,-1.351658391
Psmd5,0.021128683,1.171626099,-1.042925099
Zeb2,-0.089542276,-0.563693341,0.28844327
Phf19,0.269086592,1.235612783,-1.839895335
Hc,-0.323497679,2.882123564,1.25637618
Gsn,0.050089762,-1.395746609,-0.560146729
Stom,0.505360484,-0.610688066,-0.612412585
Dab2ip,-0.047737496,-0.976169777,2.089348202
Mrrf,0.065749922,1.658504129,-0.670093957
Slc4a10,-0.1866663,-1.813789286,0.412410708
Strbp,-0.262184876,-0.727435504,0.093546266
Egfl7,-0.594042999,-0.019709358,-0.027008181
Agpat2,-0.203211705,-0.144286433,-0.476591873
Notch1,0.07117976,-0.441510551,2.898320745
Fcna,0.906307225,-0.136483237,-0.161114562
Tmem141,0.52298229,-0.167717195,0.020130042
Ccdc183,0.095386287,1.736150639,0.51369557
Abca2,-0.026407338,-0.408169429,0.153014392
Uap1l1,-0.025824961,-0.589758875,-0.10960503
Dpp7,-0.002345235,0.480968289,-0.593702868
Arl6ip6,0.010195683,0.446985633,-0.623932794
Itgb6,0.191326387,-0.035277245,1.687072517
Arrdc1,-0.277856381,-0.948359593,0.613510844
Zmynd19,0.037479032,2.02991707,-1.422755291
Il1rn,0.186315365,-0.241734054,0.571556551
Hnmt,0.430629959,-1.331352828,1.982405248
Baz2b,-0.067940066,-1.163653638,1.02467296
Galnt3,0.618378599,-0.288921976,-0.106851224
Nckap1,0.129644881,-0.442896526,0.418570472
Slc25a12,0.067770774,-0.147291058,-0.253434127
Ube2e3,-0.165977664,1.494810666,-1.181505661
Zfp385b,0.099106152,-1.02919968,1.988810442
Hat1,0.088301079,1.518381321,-0.970806664
Xirp2,0.675611867,0.224311633,5.183277345
Ssrp1,0.034740609,1.810558041,-0.884232105
Prg3,-0.384462004,-0.214473426,-1.416610573
Prg2,1.355835215,-0.158403164,0.70459945
Slc43a3,0.159489758,1.456941262,0.043590643
Timm10,-0.196442704,2.612339548,-0.984638296
Ube2l6,-0.580116754,-0.709152169,0.205977359
Tfpi,-0.281348776,0.496393437,-0.400428628
Mtx2,-0.033961037,1.594247971,-0.666512428
Ola1,0.019424474,2.230690407,-0.775990118
Itga6,-0.096132058,-1.515198656,1.093123616
Slc12a6,-0.172066583,-0.944082419,0.199954711
Katnbl1,-0.121554302,0.50943528,-0.618042508
Nop10,-0.00395962,1.809194147,-0.95720987
Eif3m,-0.121674042,1.1575533,-0.751805238
Prrg4,0.48720823,0.362118311,5.053978799
Fbxo3,-0.100499564,-0.060338136,-0.235035339
Nat10,-0.106465425,2.180037269,-0.426134118
Cat,-0.095425,-1.121883737,0.132345711
Api5,-0.066002739,1.404069372,-0.968205269
Hsd17b12,0.240422534,1.763621911,-0.803243825
Gatm,0.299321399,-1.318082881,0.458319728
Dut,0.127692492,1.79927247,-1.016063566
Fbn1,-0.606113612,0.150839467,0.838817444
Fgf7,0.446320997,0.988133545,1.009428342
Meis2,0.045993261,-0.167272497,1.001092381
Slc28a2,-0.111287952,-1.123509303,-0.125976429
Chst1,1.154591756,0.239386673,0.434241837
Sord,-0.159131656,-1.396433645,1.323989898
Creb3l1,0.557035499,-1.116915664,3.301721538
Lrp4,0.498434956,-0.523631339,0.238272703
Pacsin3,0.273207541,0.577984289,1.263365705
Snap25,0.348680434,-0.201611633,2.273146958
Mkks,-0.056441473,1.045128958,-0.932388532
Ehd4,-0.31623555,-1.81893107,3.127953949
Ltk,0.136613771,-2.690121189,0.070235312
Ndufaf1,-0.100587386,1.171196044,-0.657320428
Nusap1,0.101645484,0.121802258,-0.963359369
4930402H24Rik,0.033688931,-0.736036625,0.267351663
Chac1,0.79471263,2.825186905,-2.609128452
Gfra4,2.453647761,2.029381417,-2.488809939
Siglec1,0.496395443,-0.644521164,0.08164118
Rpusd2,-0.022817028,1.312895707,0.849694488
Cdc25b,-0.21222658,-2.795553754,0.073438968
Knstrn,0.172044525,-0.118552185,-0.176472852
Smox,-0.041729463,-0.724408575,1.581995473
Rassf2,-0.029389163,-0.150329837,-0.430474081
Tmem230,-0.024469364,0.504786028,-0.413093379
Pcna,0.082312476,1.759364794,-1.205766582
Fsip1,-0.157157476,-2.336075242,1.881220872
Gpcpd1,-0.200406971,-0.150750375,-0.400827017
Rasgrp1,-0.255553263,-1.48360859,-0.31219735
Chgb,3.034601535,6.02748259,-2.989967581
Spred1,-0.248266288,1.065235615,-0.823445529
Crls1,-0.002889141,1.757964845,-1.061152427
Gabpb1,-0.142529085,0.978969875,1.0160347
Usp50,-0.014978966,1.912863141,-0.988158868
Stard7,-0.134657083,0.642067854,-0.688225959
Dusp2,-0.199957038,0.557002292,-0.525301885
Mrps5,-0.099755948,1.70354552,-0.647498283
Prom2,-1.045170593,0.091350366,2.387573297
Bub1,0.561595267,0.833338609,-1.643018921
Bcl2l11,-0.073578915,0.308877257,2.460897007
Ndufaf5,-0.114470286,0.847215305,-0.614997321
Zc3h8,-0.195186278,1.80755243,-0.71302657
Polr1b,-0.051536929,2.560576135,-0.980935464
Il1b,0.749855666,-0.128340941,0.674163046
Snrpb,-0.131262588,1.538120376,-0.671041011
Nop56,0.026056812,2.308249825,-1.028494981
Cpxm1,-0.003704317,2.78676021,-0.561247331
1700020A23Rik,-0.560069761,1.566272736,0.370348835
Bfsp1,0.465797799,-1.680402847,1.032244818
Cd93,-0.687695335,-1.918771227,1.921999668
Cst3,0.054089145,-0.620450012,-0.172308752
Acss1,-0.148262439,-1.607413989,0.112203192
Gins1,0.174883963,1.326335781,-1.522931013
Fam110a,0.034753624,-0.893907223,2.644290817
Slc52a3,-0.014966963,-1.391555397,0.797124891
Tpx2,0.64436155,0.194581119,-0.959611501
Pdrg1,0.004632661,0.898320121,1.21399213
Ccm2l,-0.602998822,-1.492208473,1.909559708
Snta1,0.452966587,-0.746372145,0.028043523
Fam210b,-0.042608456,-0.725598038,-0.016898673
Aurka,0.405085404,0.209491886,-0.74665157
Tpd52,0.013589438,-0.866711235,0.608072593
Rae1,-0.203907967,1.512800064,-0.801758132
Zbp1,0.179857938,-0.462001013,0.016555935
Fabp12,-0.508426773,-0.775721069,1.617262254
Fabp5,0.194915083,1.422653798,-0.992767191
Nfatc2,0.384845022,-0.952416125,1.477985076
Car1,2.20201723,-0.84980412,-2.707751337
Dok5,-0.303924134,0.027649847,2.792092637
Car2,0.159317658,-1.189839619,2.159063401
Psma7,-0.043418471,1.71066349,-1.101516077
Col9a3,0.395969889,1.568235971,-0.118278465
Chrna4,1.813639015,4.591200261,-0.867595938
Srms,-0.009240886,-0.66968606,0.602400105
Oprl1,0.088130701,2.242430248,-0.249718097
Pcmtd2,-0.196971246,-1.400452688,0.799219332
Ahcy,-0.161728398,1.457023592,0.511628079
Map1lc3a,-0.123527608,-1.095350381,0.267742257
Gss,0.093251234,0.366640291,1.810271151
Procr,-0.156021907,0.108836036,0.351634234
Eif6,-0.297468247,1.308485684,-0.688417991
Hps3,-0.123085735,-0.212911362,-0.216071236
Epb41l1,0.420205746,-1.179360109,0.880484966
Tbl1xr1,-0.007441191,0.202608139,-0.799895851
Rab5if,0.069186955,0.932814702,-0.934535421
Samhd1,-0.089418827,-1.638551897,0.303816996
Fam83d,0.664726499,1.52756285,0.538382164
Ccn5,1.310310608,-1.398057276,1.796172829
Zmat3,0.734474485,-0.23577604,3.535139535
Actl6a,-0.062110015,1.342537352,-0.72308979
Ncoa3,-0.069557788,-0.414574924,0.081718346
Mecom,0.367465607,-0.06773613,1.490002148
Tnik,0.271460714,-1.172499192,0.809296115
Ect2,0.294717055,0.130254506,-0.482303111
Anxa5,0.125456679,-0.753486317,0.555412089
1810062G17Rik,0.221194561,-2.456432576,2.219819103
Ccna2,0.698846127,0.679562803,-1.527715766
Spata5,-0.171921713,1.932394534,-0.538879533
Rab33b,-0.101560982,-0.038545835,-0.265211187
Postn,0.034314584,-0.370318613,0.849980618
Exosc8,-0.042575045,1.196946281,-0.724401393
Sucnr1,-0.561876693,-0.513716812,2.75076944
Ppm1l,-0.086413563,-1.021956761,0.353332221
Sis,0.030660182,-0.691142415,1.44757086
Dclk1,0.207437302,-0.212716115,0.297615897
Tm4sf1,-0.2439972,-0.214529624,0.047288516
Wwtr1,-0.726240255,-0.321936344,0.770507574
Ppid,-0.049870879,1.880285099,-0.985496117
Serpini1,0.027854437,-0.772037009,-0.084427096
Syt6,1.17684052,1.286566002,1.110791324
Nras,-0.083613679,0.207683895,-0.403610329
Sike1,-0.140667234,-0.888436212,0.274619743
Sycp1,0.163747342,-0.295023246,1.767792568
Tspan2,-0.111247648,-1.430409187,0.196935606
Cd2,-0.164262055,-1.576188452,-0.842765868
Spag17,1.429308505,1.619153147,2.938646189
Hsd3b6,0.951563615,0.367913074,-1.175154982
Hmgcs2,-0.99564618,0.137223334,1.049557907
Notch2,0.102864954,-0.638090955,-0.241095838
Dram2,0.077362307,-0.430042814,-0.204345791
Dennd2d,-0.08677862,-0.525105029,-0.250125673
Ddx20,-0.181429255,0.883271901,-0.784328026
S100a11,0.043003198,-0.770124381,1.752255934
Slc27a3,0.306966658,1.32285316,0.865013006
Jtb,-0.122078486,1.221872113,-0.6958535
Hax1,-0.065017389,1.632616714,-0.715911215
Efna1,-1.039617861,-1.388982696,3.263966693
Gask1b,-0.127704386,-0.394108322,2.286271832
Prss12,-0.265953553,0.135926673,-0.000239018
Hadh,0.072852563,-0.681286304,0.081951689
Tlr2,-0.007945725,-0.432497999,0.120339766
Sfrp2,0.146209391,-0.180185963,3.600222883
Casp6,0.112987931,-0.725502012,0.427102816
Pla2g12a,0.18667608,1.420090636,0.270710223
Gucy1b1,-0.386261847,-0.206362652,0.876094829
Asic5,0.689450361,5.547070177,-0.327919566
Gar1,0.2048665,2.486891132,-0.593313321
Tdo2,-0.377682576,0.356102756,-0.392319476
Ctso,-0.090189985,-0.175675157,-0.299565108
Pdgfc,0.765024122,-0.979516751,0.725904137
Aimp1,-0.07669664,1.444812976,-0.627711596
Dkk2,0.262312591,-0.050193968,1.63546534
Ptgfr,0.306776873,-0.909578358,1.981585553
Zbtb7b,-0.011402082,-0.96249027,2.069440962
Cks1b,0.346921639,1.18784483,-1.599271286
Hcn3,-0.06134136,2.974897962,0.635272682
Rit1,0.081986213,-0.137902028,-0.263126321
Arhgef2,0.045331928,-0.493041404,-0.058771398
Gpatch4,0.004147052,2.855715194,-0.676732678
Pear1,0.018233861,-1.529871925,2.082237577
Cd1d1,0.443762205,-0.461993513,-0.912407152
Dclk2,0.152256304,-1.281165368,-0.398309704
Fmo5,0.060373422,-1.285240659,1.113665162
Tlcd4,0.81094494,-0.476068947,-0.472795278
Adh5,-0.094977908,1.439911545,0.144697981
Rap1gds1,-0.120453707,0.099249904,-0.609633243
Tspan5,-0.237576414,0.806785557,-0.755962128
Eif4e,-0.086876006,1.753010034,-1.187110836
Ppp3ca,-0.214937066,0.115822086,-0.615219908
Manba,-0.064704875,-0.408076752,0.033016208
Wls,0.27453003,-1.026747269,0.645646608
Depdc1a,0.266653588,-0.250481526,-0.705103726
Lrrc7,-0.088498311,-0.365469719,1.882059446
Ccn1,-2.790378512,-0.345332509,4.572429342
Cryz,0.174854928,-0.511809732,0.017369248
Trp53inp1,-0.00903471,-1.672934041,4.220723885
Ccne2,0.124502403,0.764767387,-1.185818057
Cdh17,0.419673114,-0.971692369,-0.522739887
Cibar1,0.012129893,0.364055747,-0.716327725
Pip4p2,0.194240733,-0.524364348,-0.531975449
Calb1,-0.228492011,-0.005958564,2.098750676
Decr1,0.12939031,0.385193706,-0.605434234
Cpne3,0.104179051,-0.132481014,-0.542138477
Atp6v0d2,0.123695918,-0.533984792,1.036071929
Sdcbp,0.014740382,-0.369429418,-0.332412192
Tstd3,-0.038947305,-0.501772932,-0.000906804
Ccnc,-0.122601215,0.585217332,-0.470371324
Ndufaf4,0.108626488,2.604830843,-1.68878424
Gbp2,0.352248906,0.391615523,-0.873272126
Aldob,-0.791137189,1.005224665,0.59990919
Polr1e,0.003282721,2.48929783,-0.768710003
Exosc3,-0.122137309,1.174626069,-0.804413063
Tmod1,-0.400344124,-0.258952754,-0.175645457
Ncbp1,-0.086102701,1.466779325,-0.777544258
Hemgn,1.058719945,0.10871959,-0.980975263
Nr4a3,0.007511619,0.571976497,1.811952768
Tmeff1,1.202609058,0.19059279,-0.277322764
Zfp618,-0.04147001,-0.597754742,1.243345997
Tnfsf8,0.115501318,-0.475997745,3.680837571
Tnc,0.167833047,0.161034826,3.093766501
Astn2,-0.45676301,-0.778750982,1.717866518
Ugcg,-0.031325297,0.894082222,-1.195430811
Ptbp3,-0.107707013,-0.017517918,-0.402506677
Snx30,-0.119503502,-0.55502596,0.009850242
Slc46a2,-0.544829678,-1.48758446,0.879505642
Pole3,-0.036708648,1.756866104,-0.550054997
Mpdz,-0.844187271,0.065675657,0.763823631
Smu1,-0.092357644,1.490237744,-0.709864993
Dnaja1,0.149514969,2.201132209,-2.352904064
Tmem38b,2.914394261,-0.085667624,-2.595004793
Rad23b,0.112835463,1.573862855,-0.987666968
Nol6,-0.02513465,1.876379037,-0.432287664
Elp1,-0.160205639,1.640706005,-0.596016023
Epb41l4b,-0.39979853,0.97637516,-0.49747713
Dcaf12,-0.273679402,-0.792179121,-0.315855872
Nudt2,-0.081251958,1.527049941,-0.816962704
Cntfr,-0.93461299,0.484584731,1.468392071
Enho,0.951389699,-2.252934623,2.178882578
Dctn3,-0.22165214,0.77061294,-0.569828202
Stoml2,0.014516789,1.833429671,-1.180681506
Cd72,-0.13271101,0.073249171,-0.765195526
Sit1,-0.191099814,-0.862465792,-0.398662595
Tpm2,-0.767037051,0.426388513,1.31010546
Tln1,0.152913709,-0.548122636,-0.058335791
Gba2,0.007267185,-0.536593335,-0.095016976
Gne,0.031858497,0.214540149,2.358749379
Glipr2,0.038941164,-0.956809456,2.439550921
Plin2,0.223991516,-0.068387464,-0.418454843
Mllt3,0.151720545,-0.397879879,-0.224297632
Plpp3,-0.038252963,-0.808440735,0.482278395
Prkaa2,0.515528916,-0.054931805,2.484352173
Slc35d1,0.053809665,0.334881311,1.703023224
Ak4,0.571825661,2.805376011,-0.411669997
Dnajc6,1.341918529,0.556974697,0.079423652
Jak1,0.006847303,-0.581903291,0.175246183
Dph2,-0.146271261,1.788063228,-0.86738113
Bend5,-0.189734608,-0.176630769,-0.886781505
Rnf11,-0.206091498,0.495029538,-0.506898307
Osbpl9,-0.004058777,-0.54143477,-0.002203968
Usp1,0.088829892,1.36705098,-1.206570527
Btf3l4,-0.101223122,1.222905214,-0.613437575
Fggy,0.120841108,-1.438985725,1.138139815
Gpx7,1.18370222,-0.246616645,-0.122418363
Magoh,0.10364541,1.870498681,-1.069687115
Ndc1,0.05999183,1.873240272,-0.99198606
Tmem59,-0.063283975,-0.271317744,-0.205106949
Dyrk2,-0.191980931,-0.059457767,-0.28164767
Ctps,-0.064914086,2.832813816,-1.315445583
Hivep3,-0.50716568,0.11464156,-0.177917305
Ybx1,0.160505152,2.071331741,-0.548447775
Svbp,-0.316891363,0.065061773,-0.300542411
Ermap,0.784910911,-0.063177276,-0.089197986
Macf1,-0.068924267,-0.884274319,0.259766056
Ppie,-0.147503243,1.790666038,-0.49500154
Mycl,-0.29110986,-0.49591964,-0.367907581
Mfsd2a,-0.178695441,3.478024715,-2.07365536
Cap1,0.018912414,-0.032358686,-0.395775138
Ppt1,0.059371241,-0.505539542,-0.018001014
Epha8,-2.445704083,2.966064666,3.753929954
Lypla2,-0.112702813,0.425363758,-0.425876908
Gale,-0.098840211,1.191572027,-0.773792763
Fuca1,0.039974527,0.147387889,1.724419152
Pnrc2,-0.173208642,0.217021179,-0.497043432
Kif2c,0.560177439,0.078162426,-0.58088927
Eif2b3,-0.080244548,1.737647944,-0.550805709
Urod,-0.099018921,-0.023663342,-0.242632072
Toe1,-0.155577504,1.027457271,-0.695321551
Prdx1,0.214702167,1.405105408,-0.903785567
Nasp,-0.02178375,1.582672453,-0.823677212
Tspan1,-0.151981404,0.968610492,-0.781829033
Lurap1,0.331279717,0.542290369,-0.919262013
Cyp4b1,-1.332273428,-0.924347727,1.648264455
Tal1,2.30624418,0.393085353,-2.367345043
Stil,0.454560517,0.579161124,-1.037467929
Cmpk1,-0.055739643,0.445596125,-0.587150887
Ebna1bp2,-0.071615299,2.103502545,-0.930125307
Aldh4a1,0.132558616,-0.301126021,3.909435646
Mrto4,-0.151434426,2.474052009,-0.906201321
Akr7a5,0.122974409,0.60928245,-0.956934763
Slc66a1,0.002085205,-0.006846303,-0.901375614
Pink1,0.04156375,-1.304003833,0.499592479
Alpl,0.395472853,3.16634399,-1.315821004
Ptpn12,0.101297301,-0.157797585,-0.193202684
Tinagl1,-0.392305408,-1.333323666,1.26463462
Hpca,0.516098392,1.815773528,0.987029353
Ak2,-0.106354934,1.499166328,-0.754415001
A3galt2,-0.058675031,1.587386834,0.538144883
Ccdc28b,-0.377930667,-1.081323686,0.135882636
Eif3i,-0.131063298,1.679804436,-0.895333691
Nipal3,-0.144525669,-1.244426375,0.68367689
Tmem50a,-0.084158029,-0.407164828,0.054288278
Rhd,1.181898794,-0.082813606,-1.472222525
Maco1,-0.098402871,-0.165145573,-0.143625665
Stmn1,0.464088014,1.248477522,-1.503041846
Slc30a2,0.299770089,-1.095555506,1.993454098
Psmb2,0.031571748,1.707283929,-0.843275735
Zfp593,-0.011232254,2.440713817,-1.142187992
Cnksr1,1.032327528,4.705915371,-1.941948945
Tekt2,0.373218749,1.416561331,1.591521469
Nudc,0.090842401,2.570848544,-1.432739547
Csf3r,0.762245685,-0.016569042,0.379516697
Sytl1,-0.191110968,1.332731548,1.384590335
Hgf,-0.046257889,-1.160927891,0.955389673
Fgr,-0.006046898,-0.183721008,-0.043026936
Smpdl3b,-0.331648239,-1.58066946,1.78219329
Sesn2,0.416090919,0.082484409,4.559213598
Rcc1,0.247999751,1.953397833,-1.081678689
Trnau1ap,-0.088886594,1.613326358,-0.706949772
Sf3a3,-0.079159738,1.62310657,-0.735073613
Epb41,-0.302947737,-0.895290616,0.281831616
Ptpru,-0.699035748,0.212148612,2.703909381
Mecr,-0.067753864,1.82862703,-0.207603085
Casp9,0.001868748,-0.973329145,-0.451682958
Padi2,-0.097336949,-0.56888752,0.269054366
Kcnab2,-0.208050127,-1.006717804,-0.123564998
Acot7,0.475699663,3.103762575,-1.523992391
Espn,0.1990086,-0.56317616,2.190904278
Nol9,-0.03073277,1.704108315,-0.593361912
Abcf2,-0.062608995,1.948657654,-0.722647552
Tmub1,-0.087150162,0.621080343,-0.616671983
Park7,0.030759384,1.665941112,-0.605351102
Cdk5,-0.087871614,-0.419762024,0.163155204
Abcb1b,0.431522556,1.741154474,2.554739678
Nos3,-0.472007024,-0.369603169,0.723625833
Masp2,0.04222949,1.838986783,-0.220351324
H6pd,-0.038127652,-0.812723563,0.428600521
Slc25a33,0.131985449,1.703305632,-1.321300207
Lzic,-0.174788446,1.258781861,0.744319483
Fam126a,-0.100193669,-0.814722542,0.117762374
Fbxo44,-0.302571479,-0.763194551,0.263254691
Agtrap,0.170194733,-0.204076046,-0.150582835
Dnajc2,-0.04859042,1.839986394,-0.913370458
Trp73,1.738889788,-0.163374483,2.702572219
Dffb,-0.13264095,0.748478478,1.636342458
Wrap73,-0.236184161,0.520847969,1.528493238
Tprgl,-0.182923234,0.001381262,-0.292378787
Acap3,-0.095843339,-0.77186834,-0.208982598
Atad3a,-0.110012491,2.635086523,-0.726931542
Rer1,-0.092007141,0.943201839,-0.782036721
Prkcz,0.240339949,-0.318334686,-0.270478687
Plch2,-0.552800999,1.246126872,2.0068546
Prxl2b,0.384022896,-0.189230182,-0.188722748
Ttll10,0.181881513,0.177303233,2.670824729
Cd38,0.063101943,-0.706807264,-0.299298069
Sorcs2,-0.343124936,-2.804264468,1.664629961
Ablim2,0.317039723,-0.092133954,0.48975361
Htra3,-0.810907684,-1.087701225,2.27276373
Rgs12,0.044235674,-0.830478485,3.125233681
Add1,-0.114144115,-1.627389328,0.447430465
Crmp1,0.084734092,-0.166535841,0.389278557
Rab28,-0.118277076,0.304613554,-0.510263433
Plb1,0.185604895,0.287030215,7.446332204
Fosl2,0.427230661,0.254526162,1.618464573
Krtcap3,-0.039489539,-0.699312486,0.0113164
Khk,-0.00945915,-1.365667421,0.631403494
Mapre3,0.367649418,-1.089587156,1.128229313
Ppargc1a,-0.052078114,-1.091286145,0.243485513
Cenpa,0.06383296,-1.130396637,0.80889512
Klf3,-0.064297459,-1.06672661,-0.104959613
Rfc1,-0.056749164,0.006000244,-0.604260483
Klb,-0.412263688,1.806621111,-0.275909232
Tada2b,-0.056794507,0.395504208,-0.72851718
Grpel1,-0.151456061,1.425002931,-0.826985876
Rhoh,-0.211456214,-0.506537851,0.07046582
Chrna9,-1.236735873,-0.615307023,1.718644116
Gabra4,2.561257886,1.645584876,-0.125351403
Gabrb1,-0.068645298,1.544952399,0.211705305
Commd8,-0.136346165,-0.01062304,-0.131188727
Ppat,0.14903319,2.552261668,-1.710434782
Paics,0.001175297,1.744085878,-1.279445701
Stap1,-0.215914444,0.060350869,-0.479942564
Dipk1a,-0.076442451,-0.790129048,-0.56478676
Gfi1,-0.265823414,0.99299249,-0.62534273
Brdt,-0.498536624,-1.84554897,2.162786752
Enam,1.858193627,-1.347027177,2.652874937
Rufy3,0.197352437,0.329855867,-0.655843252
Gbp9,-0.281318084,-0.016660265,-0.224702895
Abcg3,0.209443581,-1.069499107,0.037359832
Hsd17b11,0.221273051,-0.981577191,0.57366535
Klhl8,0.065741208,0.769050673,0.998138236
Plac8,0.068213711,-1.178157971,-0.997175088
Enoph1,-0.040130183,1.620173921,-1.12940246
Fgf5,-0.054270815,-0.668148326,1.032729568
Antxr2,-0.392958104,-1.345114486,0.450443406
Crybb3,0.018846194,-0.795066599,1.365362655
Dck,-0.044301364,-1.3366312,1.002045046
Rassf6,0.189299341,-1.61510956,-0.123077289
Ppbp,-0.118692002,-1.116870291,0.824179931
Pf4,-0.655703119,-0.341128021,1.192473265
Ccng2,-0.334008033,-1.73507652,0.108105186
Gtf2h3,-0.099293715,1.520085332,-0.598460054
Eif2b1,-0.092479637,1.50313489,-0.866842647
Tmed2,0.018374049,1.152764954,-0.943519376
Naaa,0.12588133,-0.761731595,-0.398561375
Kntc1,0.654702164,1.122663626,-1.73310699
Sdad1,-0.176945037,1.990856767,-0.743705356
Slc15a4,-0.186018316,-0.469592526,-0.199056014
Scarb2,0.049558729,-0.841377986,0.758098316
Stx2,-0.154349328,-1.018238531,-0.081466802
Ran,-0.030720175,2.291318375,-1.408657751
Rhof,-0.088087354,0.531119757,-1.296232637
Fam168a,0.008549242,-1.269997091,2.345672571
Fam216a,-0.225292869,0.36075925,2.672883676
P2rx7,0.278064157,-0.560645878,2.068031897
Camkk2,-0.250288205,-0.254328833,-0.043564753
Aacs,-0.095755686,1.368718719,-1.154200212
Anxa3,-0.012263992,-0.29287546,0.17943324
Pxmp2,0.06157614,-0.933933644,0.567384864
Pgam5,-0.220175703,1.282473327,-0.875949664
P2rx2,0.586656419,2.589691728,-1.19428939
Pus1,0.0880683,2.186278502,-0.807253071
Ulk1,-0.029765501,-0.161513448,1.932991395
Cit,0.356730118,-0.582583335,0.190696726
Rab35,-0.105369798,0.16549465,-0.367045923
Chek2,0.082269241,0.545031834,1.503775966
Tes,-0.080680367,0.312889462,-0.505189464
Snx8,-0.176313222,-0.204455369,-0.502144669
Oasl2,0.053513981,-0.877106773,0.477413036
Lfng,0.030637865,-0.86304751,-0.062363329
Tmem106b,0.021318936,-0.333046913,-0.107156578
Fscn1,-0.102792499,-0.548625709,0.023173256
Ung,0.138823515,1.732933498,-1.245663136
Rbm19,-0.099234545,1.897744643,-0.217290707
Dtx1,0.410911705,0.118053139,-0.621750965
Aimp2,-0.021302334,2.343337429,-1.186909807
Erp29,-0.128831817,0.255607558,-0.425438568
Arpc1b,-0.140296106,0.514545425,-0.622050788
Ndufa4,-0.043228264,1.314387195,-0.80885173
Gm5578,0.671013644,1.008769702,1.301397604
Glcci1,-0.316432855,-0.356925823,-0.02082444
Slc46a3,0.026082532,-0.70432626,-0.543785977
Hsph1,0.195018098,2.843976686,-2.373094802
Col1a2,-0.800013968,0.027325723,1.251292451
Wnt16,-0.507153403,0.057657622,0.693396873
Fam3c,-0.156118906,-0.333826912,-0.551219019
Ssc4d,-0.517922591,-1.377209771,1.14258073
Gnb2,-0.017655644,-0.532166683,0.012075032
Agfg2,-0.017299999,0.19176033,-0.853049057
Cyp3a13,0.186486302,-0.972496759,0.742601814
Asns,1.915631414,2.726661743,-2.656584755
Dlx6,0.035304368,-0.255096508,1.570529052
Pon3,0.876009318,-0.199326047,0.14437408
Akr1b8,-0.580626991,-0.056615377,0.92905439
Exoc4,-0.021149314,0.29161935,3.243252773
Ccdc136,0.64458916,-0.859899292,2.759844707
Irf5,-0.162777112,0.189660876,-0.785285668
Klhdc10,-0.165704972,0.380942623,-0.494097652
Gars,0.005512236,1.861122129,-0.684505838
Nt5c3,-0.047031083,0.234317233,-0.529432327
Fkbp9,-0.036386064,-0.315234416,0.464803596
Sspo,0.040116482,-0.104412667,0.569200201
Herc6,0.035786328,-0.750195628,0.204771449
Tmem176b,-0.046629741,-0.438415884,0.271591462
Igf2bp3,-0.822265312,0.515648127,-0.080236282
Nfe2l3,-0.074363889,0.35964793,-0.553709939
Cbx3,-0.06609908,0.849086173,-1.188998068
Ptn,0.589141911,-0.151167671,1.251815512
Mtpn,-0.195684789,0.103357402,-0.621232602
Hoxa1,-0.459923545,-1.374359265,1.696482737
Stra8,-0.354632915,-1.166805176,2.990153553
Zyx,-0.011175341,-1.057076126,0.707940094
Casp2,-0.215187505,0.179823295,-0.320220281
Gstk1,0.414822868,-0.458513736,-0.343629597
Kel,1.925980045,-0.122913372,-2.395822093
Ephb6,0.146157714,-0.892014884,2.036918184
Ccdc184,0.729784018,-0.379011763,3.106981546
Clec5a,0.951080717,0.499763361,-0.61782099
Mkrn1,-0.532004739,-0.41908055,0.591000135
Rab19,-0.053182375,-0.478129366,-0.010697735
Tbxas1,0.190192636,-0.577860386,0.199239925
Pcyox1,0.078742681,-0.121032952,-0.263458289
Add2,2.393922671,-0.228381677,-2.136486111
Cct7,0.028558216,1.854880179,-1.175907373
Pradc1,-0.066312171,1.015342797,-1.02595698
Fbxl14,-0.104515425,0.503046233,-0.656437203
Kbtbd8,0.012721924,1.700662093,-0.949916273
Wdr54,-0.482874275,0.567357598,1.830499443
Wbp1,-0.066890219,-0.477694068,-0.054683205
Mogs,-0.023800648,1.676676257,-1.336363643
Mrpl53,-0.083435445,0.943806007,-0.854653287
Pole4,-0.177948705,1.333920034,-0.815084369
Mrpl19,-0.10249253,1.653365526,-0.739004898
Arhgap25,-0.248582998,-0.210832631,-0.108670602
Hmces,0.053166665,-0.357916203,-0.393850064
Rpn1,0.222797029,1.630399538,-1.242040584
Frmd4b,0.488225422,-0.351081063,0.079758328
Foxp1,-0.116218798,-0.747152423,0.245946216
Gm20696,-0.15934346,-1.189552434,0.371352827
Ruvbl1,0.007228525,2.521708605,-1.265828978
Abtb1,-0.248647511,-1.214771177,1.177389979
Plxna1,0.525538913,-0.674890856,3.54423166
Klf15,0.66608169,-0.426995085,0.563530101
Aldh1l1,1.031194093,-0.957812942,0.277875008
Slc41a3,-0.083769315,-1.029393437,0.886444654
Ret,-0.495227582,-1.264105394,1.554338806
Klrg1,0.803223571,-0.172198755,-0.249199012
Ptms,0.190844772,-0.762502554,0.614205837
Lag3,-0.133028979,-1.243362468,1.216507068
Lrrc23,-0.357383372,-2.757497512,1.346523763
Cops7a,-0.08199698,1.886544081,-0.692313261
Clec4d,0.976384925,0.729334219,0.473721148
Clec4b1,0.516620457,-0.275566997,0.027297329
Klrk1,-0.108312661,-0.285838256,0.444473785
Clec2d,-0.154724005,0.196930162,-0.448026239
Clec1b,0.211570556,-1.113477963,0.607713177
Gabarapl1,0.389236223,-0.10511368,-0.084594168
Klrd1,-0.530191351,-0.50043668,0.803422155
Klrc1,-0.324862593,-0.364207283,0.416498206
Adipor2,-0.102916926,0.720042039,-0.747421178
Klra13-ps,-0.223461457,-0.190031397,0.729123337
Klra2,0.542729568,-0.252731985,0.125829319
Magohb,0.078886357,1.523448744,-1.081900052
Ybx3,0.049685002,2.555548583,-1.112744563
Bcl2l14,-0.119150365,-0.598221166,0.348593866
Plbd1,0.335813428,-0.406851373,-0.32671827
Art4,0.18555797,-0.746922903,0.068608375
Arhgdib,-0.092147478,-0.716141465,0.258534652
Strap,-0.101875779,1.676573089,-0.742324691
Pik3c2g,0.278797106,-2.82984269,4.146340195
Ldhb,-0.350667563,-1.284339617,4.09526095
Kcnj8,-0.969846214,-0.351463298,0.366111654
Sspn,-0.349001141,-2.892827517,3.392472188
Bhlhe41,-0.012735276,-1.136577427,3.431976409
Srgap3,0.480727638,-0.411895959,0.011029115
Lrmp,-0.38109077,-0.11227241,-0.148376091
Bcat1,0.159735434,2.782176798,-1.22871875
Etnk1,-0.168460479,-0.376552155,0.118691403
C2cd5,-0.027947861,-0.748358312,0.135229644
Il17rc,-0.491572608,0.792847229,1.056031831
Cmas,-0.160661175,-0.424711389,-0.093667506
Sec13,-0.11814743,1.224762048,-0.712043901
Dennd5b,-0.064064366,-1.082040103,-0.102782438
Vgll4,-0.003885609,-0.846497172,0.467893136
Timp4,-0.206250272,-0.962170824,0.867124281
Mbd4,-0.135374688,-0.54925051,0.010917581
Klrb1c,-0.023594919,0.133589232,0.502441869
Cd27,0.09524389,-0.591377488,0.392677434
Vamp1,-0.082848496,-0.590814072,0.21576664
Ltbr,0.387221506,-0.327022458,0.468013942
Tnfrsf1a,0.319595802,-0.473801278,0.337181123
Dyrk4,1.824801161,-0.339603272,-0.941880018
Prmt8,0.081226331,-0.688743156,1.122023043
Tspan9,0.101071025,-0.696438729,0.113123606
Fkbp4,0.042006919,2.607273086,-1.507014825
Clec2i,-0.33342127,-0.415142223,-0.798198886
Slc8a2,-0.408078024,0.543002048,1.265124763
Zik1,-0.671847134,0.801799767,-0.312115121
Vasp,0.010625248,0.046257947,-0.71561111
Qpctl,0.127060296,0.300525926,2.923357894
Dmpk,0.58446447,-0.719332644,0.749969933
Pglyrp1,0.098191716,-1.243834422,0.875355231
Pdcd5,0.035585646,1.647287437,-0.902655373
Lilra6,-0.163798703,-2.277963173,0.338054189
Tmem238,0.109887527,2.237128703,-0.975556781
Psd3,-0.215391776,-1.842909561,1.037159359
Siglecg,-0.222166501,-0.856346606,0.015483246
Faap24,-0.263167324,0.771991892,-0.66730045
Prmt3,-0.088631226,1.994599306,-0.634234527
Cers3,0.674794568,4.304149442,-1.839614143
Snrpa1,-0.131930983,2.240837804,-1.129801758
Tjp1,0.841382953,-0.332005321,0.003016008
Fam189a1,-0.814837513,-0.059479331,2.844543595
Mphosph10,0.037079368,2.346449244,-0.728812146
Cib1,-0.038982266,0.229926015,-0.37426829
Idh2,-0.08951485,0.370834142,-0.423809335
Nr2f2,-0.011428131,0.008588125,1.06898087
Pgpep1l,0.309841532,-2.10982559,1.1738963
Synm,0.115183952,-0.27880649,0.728719065
Ctsc,0.167509661,0.216457847,-0.921822118
Cd22,-0.078920669,-0.446192202,-0.92336125
Tyrobp,0.151777983,-0.122438815,-0.179182753
Rasgrp4,-0.207471053,-0.57724916,0.198592766
Fam98c,-0.017163763,-0.782992245,-0.224272765
Psmc4,-0.102400893,1.774085374,-0.905149517
Mfge8,-0.601389514,-0.795493149,2.698891376
Hapln3,-0.244500113,0.202108493,1.999519303
Aen,-0.014112924,1.83285662,1.935248924
Mrpl46,-0.094279283,1.618965833,-0.66273513
Tmem126a,-0.02602064,0.657605021,-0.756146262
Sytl2,0.198564054,-0.291884521,1.910274003
Zfand6,-0.138140499,-0.42561668,-0.16350077
Sh3gl3,1.105830946,1.443458451,0.588214895
Ddias,0.323267672,0.867432858,4.659133906
Rab30,-0.020908839,0.24837081,-0.818732789
Arl6ip1,-0.049005031,0.633469543,-0.773620139
Xylt1,-0.205242095,-1.556385644,0.536304764
Nucb2,0.057089647,0.256325217,-0.671067674
Ipo5,0.051972694,2.587369176,-1.153277048
Kif22,0.180969149,0.13892824,-0.660011452
Pagr1a,-0.772074518,-0.716623631,0.925309958
Sez6l2,0.165414292,2.330843307,-0.460900449
Stard10,0.224638544,-1.241793286,1.041773278
Fchsd2,-0.196497475,-0.76867232,0.006343796
Aldoa,0.023119159,1.007460578,-0.914799792
Gdpd3,-0.109552822,-0.322817431,-0.062451121
Coro1a,-0.273822792,-0.525573248,-0.410619707
Dnajb13,-0.069184832,-0.091555136,-0.880197782
Nupr1,0.034572239,-0.458706925,1.420361157
Cd19,-0.085621053,0.2634238,-0.386592908
Lipt2,-0.130207259,2.30388659,-1.121391704
Gm9755,2.707806093,0.224276948,3.276967796
Slco2b1,0.808195677,-1.896190681,0.555637225
Eif3c,0.08547889,1.858968879,-0.825417665
Dgat2,1.30946691,1.261822105,0.462957511
Nsmce1,-0.2939198,-0.586192944,-0.549316866
Far1,-0.082101228,0.358891004,-0.904361515
Arhgap17,-0.205774098,-0.584986141,0.177712525
NA,-0.071627908,-1.005003806,1.413604812
Dkk3,0.136721366,-0.90768594,0.217811957
Pak1,0.26173447,-0.226580056,-0.159750743
Cox6a2,0.254649527,-0.816670242,-0.248549171
Itgam,0.311098187,-0.363885095,0.710826688
Rnf141,-0.041297361,-0.540723769,0.274364354
Adm,-0.42332753,2.789956259,-0.293165523
Dkkl1,0.112395027,-1.870192418,3.308928381
Cd37,-0.095585456,-0.311700141,0.179226471
Abcc6,-0.069763224,0.197584638,3.130242604
Ush1c,-0.045713168,0.224338108,5.965270412
Rgs10,0.219905347,-0.420670783,-0.239116844
Bag3,0.06949663,-0.748875105,1.005988741
Chp2,-0.655216385,-2.161543087,1.199448145
Plk1,0.675371905,0.118028961,-0.436762217
Ubfd1,0.068801108,1.401536094,-1.12577235
Gga2,-0.101851138,-0.841488932,-0.261547829
Cdr2,-0.779664886,-0.28614978,0.178262722
Mrpl17,-0.103043097,1.598448083,-0.820087351
Polr3e,-0.211399405,1.852398254,-0.421448767
Uqcrc2,-0.060218618,1.334395609,-0.827248804
Rrp8,-0.099905675,1.827140813,-0.875008547
Trim30a,-0.007549016,-0.332893778,0.231485515
Thumpd1,-0.016873923,2.007941722,-0.921115248
Fam53b,-0.2271778,-0.328614903,2.155547413
Trim21,-0.114158332,0.911053781,-0.653092952
Knop1,-0.042100624,1.642955823,-0.813086337
Bccip,0.029014899,1.578544412,-0.940239455
Dhx32,-0.130966646,0.058941869,-0.382737306
Stim1,-0.062904063,-1.1909311,0.681400594
Mki67,0.75518327,0.502359019,-1.336597063
Atp6ap2,-0.036536637,0.454410836,-0.561846338
Swap70,-0.109641236,1.515194749,-0.912236673
Wee1,0.096288084,1.8016799,-1.137709971
Tmem9b,-0.025160708,-0.345659568,-0.300416394
Denn2b,-0.099094683,1.515484489,-0.516969213
Trim66,-0.35383651,1.267272014,2.133477383
Tub,-0.193229838,-0.907219312,0.868997016
Usp11,0.064981966,-0.365142424,0.071172189
Glrx3,-0.110881003,1.719442319,0.038380261
Fgf15,-0.054456942,0.214621995,2.363848596
Ano1,-0.104843312,0.540817553,0.605624248
Dock11,-0.172183424,-0.459339137,-0.22609197
Tnni2,-0.478719454,-0.078170183,-0.434241299
Sash3,-0.074193816,0.415332884,-0.591423582
Elf4,0.095742441,-0.546980233,0.094996453
Enox2,-0.052583823,-0.490067826,0.164947149
Stk26,-0.301463149,-1.007556361,-0.231451324
Gpc4,0.393169683,-0.981992822,0.139802433
3830403N18Rik,-0.777217624,-1.6000537,1.241048688
Slc9a9,0.352820161,-0.948854107,0.370114042
Cd40lg,-0.107036326,-0.992617686,-0.076578318
Mcf2,0.248349077,-1.338030589,0.598226309
Plp2,-0.161930719,-0.864036288,-0.474468161
Praf2,0.119671175,1.501181908,-0.843854899
Ccdc120,0.255281619,2.532259749,-0.391817443
Slc35a2,-0.120204754,-0.075804176,-0.156156594
Pqbp1,-0.100227227,0.466436115,-0.635771922
Gata1,2.043362304,-0.205354423,-1.462344503
Wdr13,-0.090973015,-0.393490425,-0.210284315
Ebp,-0.017185176,0.330621589,-0.672281126
Slc38a5,0.628656464,-0.404805402,0.449756382
Vbp1,-0.175808477,0.558025482,-0.728822951
Heph,-1.876373955,-1.295155227,3.933137989
Stard8,0.111198986,-0.92837553,0.510866069
Magee2,0.250507252,0.820659051,-1.4528903
Cox7b,-0.062963531,1.506195107,-0.795587001
Itm2a,-0.099760111,-0.561535103,2.95798152
Hmgn5,0.549692389,-0.253998021,0.007646649
Sh3bgrl,0.186178442,-0.781265119,-0.210207069
Xkrx,0.026458712,-0.700203043,3.624930934
Btk,-0.170184344,-0.63680623,0.077489038
Col4a5,1.102278619,-0.489205826,-0.475016974
Slc7a3,0.245090209,1.935108498,-0.043755734
Zmym3,-0.061511516,-0.38583524,0.032891215
4930519F16Rik,-0.116014621,-0.493768653,0.137571635
Flna,-0.130998783,-0.859902305,-0.056140575
Mtm1,-0.132121566,-0.492410631,0.197034515
Gpm6b,-0.134320753,-0.343772729,0.062066938
Nsdhl,-0.043930221,1.381863961,-0.8404894
Hccs,-0.162260618,0.871820816,-0.680955274
Rbbp7,0.0142943,1.52760928,-0.835226353
Amelx,0.35056993,-1.262560686,1.772523284
Arhgap6,0.311280808,-0.877337564,0.998140797
Ctps2,-0.240765755,-1.112698682,0.377406586
Bgn,-0.349374809,-0.592424094,1.465193527
Atp2b3,0.702881019,1.151890651,1.038681445
Bmx,0.007319743,-0.423308378,1.369189619
Abcd1,-0.233116578,-1.118354407,0.245095179
Plxnb3,0.398756718,-0.398825509,0.041186893
Renbp,0.014492394,-0.182690072,-0.038200969
Arhgap4,-0.10513629,-1.098691321,-0.348082613
Avpr2,-0.036219159,-0.754158265,-0.661924473
Plxna3,-0.242725622,1.512696886,-0.61307104
Fam3a,-0.118631697,-0.574562732,0.710723579
Mpp1,-0.212644804,-0.454649251,-0.248178334
Dkc1,0.012909555,2.574791571,-1.427478919
Morf4l2,0.108249689,1.758284475,-1.336775981
Zcchc18,0.018110631,-0.538054258,-0.557478152
Tsc22d3,0.230016862,-0.286236923,-0.557829673
Prps1,0.052743255,1.638213495,-0.883504957
Mcf2l,-0.163767156,-0.794315312,0.94450963
Lamp1,0.164054535,0.431524109,-0.585015447
Atp4b,1.730287405,4.372266119,-1.457262432
Gas6,1.025781128,-0.708011649,0.70022629
1700029H14Rik,-0.638325433,0.472950543,1.8371408
Rasa3,-0.164623323,-2.387903683,0.990865576
Agpat5,0.028807772,1.876076781,0.739205396
Slc25a15,-0.029134695,1.595908123,-1.227939444
Chrnb3,-0.145399296,-0.329859798,1.896443711
Cd209a,-1.405763738,-0.324865434,0.956733629
Cd209d,-1.627443558,-0.379934903,-0.795008558
Col4a1,-0.761453977,-0.567898961,1.040545648
Col4a2,-0.854911401,-0.589075346,1.319103076
Tex29,0.625355575,3.012778906,-0.454681064
Leprotl1,-0.077270991,0.086206007,-0.409784693
Gpm6a,1.736903684,-0.189779696,-0.828622379
Dlc1,0.057082508,-0.597412338,0.375269136
Dusp4,-0.37459053,0.675827931,-0.48211925
Ap3m2,-0.030051818,-0.918684803,0.34848802
Ank1,0.807530105,-0.759518259,-0.24139778
Tenm3,0.314248888,-0.213932728,1.15165551
Dctd,-0.073472533,3.713747381,-1.382358755
Mak16,-0.126823568,1.885104385,-0.600702808
Rbpms,-0.089691062,-0.348292413,-0.044249566
Msmo1,-0.174407114,1.646330655,-0.842884325
Hpgd,0.271099491,-0.945096089,-0.293663188
Nr3c2,1.164011184,-1.293964489,0.27060175
Sorbs2,0.02307708,-0.827751825,-0.065470172
Irf2,-0.011568371,-0.884786918,0.73625261
Pdlim3,-0.36594182,-0.529901614,0.337312842
Lrp2bp,0.096114608,-0.700445056,-0.243594618
Tlr3,0.871205126,-0.635577292,-0.544051383
Heatr3,0.078946756,1.73093934,-1.269277076
Adcy7,-0.144143792,-1.599430738,0.285682117
Snx20,0.007704587,-0.02291704,2.322044982
Rbl2,-0.010839215,-0.941466391,2.957802617
Orc6,0.013313975,1.197049931,-0.979008082
Mylk3,-0.296796304,-0.246036121,0.251393037
Gpt2,0.096984049,1.716259205,-1.500143474
Rfx1,-0.217648036,-0.878698047,0.222270096
Tecr,-0.198407866,0.252238073,-0.370032882
Tbc1d9,0.479802652,-0.709107022,-0.082937376
Gab1,0.140356791,-0.805435202,0.803467622
Hp,0.520940233,-0.182730086,0.946069529
Zfp821,-0.340272486,-1.120061212,0.40820396
Dhodh,-0.019034162,1.351651057,-0.697536774
Phlpp2,0.031155703,-0.595451108,-0.061469016
Mmp2,0.256310728,-0.277443089,1.581723843
Amfr,-0.074245975,0.013677613,-0.39650913
Nudt21,-0.084728218,1.219904061,-0.917976635
Bbs2,-0.007362718,-0.852669684,0.682587982
Mt2,1.943332399,-0.063937021,0.023714047
Mt1,0.499710048,-0.705981222,1.283898806
Arl2bp,0.014444013,-0.443372232,0.0969779
Cx3cl1,-0.054523597,2.888865896,-0.419651881
Ccl22,0.613926018,3.852739559,-0.597838583
Ccl17,0.123856156,2.164584317,-0.735983988
Adgrg1,-0.510054273,3.6164902,-0.411984517
Mmp15,-0.169132341,-1.420199405,3.448084258
Usb1,-0.211182766,0.353435539,-0.382201372
Tpm4,-0.127941499,-0.361163611,0.078965992
Phxr4,0.046906969,-1.417590325,-0.040044076
Gins2,0.082752569,0.230175967,-0.622850316
6430548M08Rik,0.563861545,-0.447045391,0.166043679
Crispld2,-0.644543047,1.508427473,1.544408405
Klhl36,-0.017923269,-0.098825102,-0.242387962
Mast3,-0.043456331,-0.264807279,-0.184798529
Rab3a,-0.20471943,-0.369921644,-0.069786246
Pde4c,-0.394181625,-0.649329017,0.627187902
Bco1,-0.007157585,0.526655975,1.260279293
Pbx4,-0.052421092,-1.026854305,0.129984937
Lpar2,-0.037664438,0.365016112,-1.221356564
Cdh5,-0.542366,-0.469276272,-0.067163839
Cmtm3,0.629783454,0.059159281,-0.396487515
Ces2g,1.281239255,-0.26733512,-0.392443685
Cdh16,0.183470847,1.881351548,0.682715135
Car7,-0.237419116,-0.771056619,0.528465669
Hsd11b2,-0.258243516,-1.07796305,0.992631637
Tsnaxip1,-0.728225825,-1.230340532,0.096482273
Psmb10,0.081611324,0.764146249,-1.141280116
Pla2g15,0.401929286,-0.804986428,-0.006840684
Slc7a6,-0.182512032,2.027324327,-0.956775688
Zfp90,-0.050238368,-0.233500587,-0.074872329
Nip7,-0.143729312,1.746357904,-0.961365515
Tmed6,0.184630051,0.578486682,-0.972601567
Cyb5b,-0.09708136,1.158820361,-0.881483898
Maml2,0.097897389,-2.065958752,0.403414092
Ankrd49,-0.115045049,2.105264364,-0.824471318
Taf1d,-0.083514268,1.977133376,-0.418747163
Kars,0.021562517,2.248198552,-1.141633424
Gabarapl2,-0.162606601,-0.390392388,-0.026281114
Tmem231,0.692151792,-0.457479982,-0.917452116
Tmem170,0.087995882,-0.408368247,-0.139533122
Cfdp1,0.145226026,2.44497117,-1.050823899
Bcar1,-0.727745753,-0.565213708,1.624763357
Ctrb1,-0.045712106,0.224340179,5.611875287
Ldhd,-0.188057794,-0.668778284,0.154906337
Aars,0.202464326,2.057357914,-1.204168767
Bmper,-0.617171567,-0.076658815,2.254337881
Acad8,-0.074628272,0.603096769,3.192742399
Ccsap,-0.224957428,-0.545386659,0.252008909
Abcb10,0.233812461,-0.315136094,0.07383934
Urb2,-0.129195082,1.900927094,-0.978765571
2310022B05Rik,-0.012568545,0.443626529,-0.737333621
2810004N23Rik,-0.015867537,2.266902012,-0.807424755
St14,0.207144068,0.051098255,2.242295226
Dcun1d5,-0.119174136,1.244873633,-0.990390615
Sesn3,0.151895266,-1.033143353,-0.369053857
Thy1,0.204898683,-0.363680366,-0.927037265
Sc5d,-0.096424773,1.21408382,-1.470200152
Rexo2,0.328857092,1.848305359,-0.951041328
Nxpe2,0.126931798,1.323753651,-1.14390161
Ets1,-0.220637012,-0.581281254,-0.551096599
Abhd12,-0.055652423,-0.592016159,0.18202159
Acat1,-0.034804862,-0.032462008,-0.364237291
Rdx,-0.141676011,1.30712191,-0.834295838
Pou2af1,-0.141753696,-0.396995611,0.018729828
Tex12,-0.378320855,-0.352577111,-1.016524104
Bco2,0.180589065,-0.109988033,-0.609188527
Cadm1,0.436214408,-0.578130422,-0.113663738
Bace1,-0.027873672,-0.300256601,-0.029357009
Ddx25,-0.181774732,-2.273351693,1.482848969
Pus3,-0.055202726,1.698859739,-0.67155193
Pdzd3,3.436215436,4.173405151,-2.12603403
Nlrx1,0.378313508,-0.981142368,1.240098589
Trappc4,-0.029477139,1.096939516,-0.845781184
Chek1,0.203307545,2.203909721,-1.874454247
Slc37a4,-0.183152683,0.159348939,-0.363571716
Stt3a,0.056762711,1.264101121,-0.911826544
Fez1,1.717020832,1.754818835,1.693049857
C2cd2l,-0.029038024,-0.925896845,-0.005224226
Slc37a2,0.052871604,0.105590185,1.512756156
Dpagt1,0.016824397,1.320838003,-1.059842108
Robo4,-0.5730625,-0.630330252,1.240919195
Hmbs,0.498701352,1.259471043,-1.49106883
Robo3,-1.768556654,-1.17226336,8.617455147
Abcg4,1.838566387,1.831500784,-1.615591075
Mcam,-0.352324943,-0.436625471,3.937990434
Icam5,0.394974715,1.129049962,0.771257761
Pde4a,0.508716582,0.059663017,-1.018395801
Ldlr,-0.114455756,2.038185108,-1.641978377
Lipc,0.619033625,1.534236071,-1.033305023
Rsl24d1,-0.143742573,2.118017181,-0.818641135
Nedd4,-0.062150749,1.559412158,-1.21265461
Ccnb2,0.690933331,0.288192023,-1.186242674
Mns1,0.591586324,-0.074700441,-0.353842532
Fam81a,0.12880547,-0.253188508,1.953437944
Anxa2,0.230605545,-0.672738434,0.129610151
Cgnl1,0.19052626,0.400183792,0.641790274
Rp9,-0.130903844,-0.172765904,-0.15695122
Itga11,0.363187116,1.617661762,0.178927567
Cln6,0.212384405,-0.763012575,0.612581566
Anp32a,0.168738144,0.549165141,-0.727770104
Irak1bp1,0.11713122,0.832267044,1.586406754
Kif23,0.486294385,-0.101583241,-0.567193426
Lca5,-0.180349052,-1.198819525,2.121863103
Tent5a,-0.092530225,-1.64845181,0.26629784
Cyp19a1,0.011309602,-1.039735582,1.524847573
Paqr5,-0.033032414,-0.361964693,2.374037485
Idh3a,-0.010564799,1.582501004,-0.858633915
Imp3,-0.047187249,0.727385064,-0.54854837
Pkm,0.067518354,1.674501957,-0.865098461
Psma4,0.000732094,1.988235368,-0.994949104
Nrg4,-0.048934291,0.255291938,-0.450225586
Csk,-0.207072019,-0.061649213,-0.634964502
Pstpip1,-0.154192459,-1.159754479,1.204933863
Stra6,1.196276078,0.13477311,3.257086007
Tmem30a,-0.008870402,-0.023483962,-0.457690808
Cox7a2,-0.145433894,0.823492324,-0.769178185
Col12a1,-1.613628162,0.473100214,2.579037836
Stoml1,-0.19930926,-1.496657337,0.540819718
Loxl1,-0.264102774,-3.53204246,0.733961977
Neo1,-0.024101183,-1.434347771,1.095851487
Gsta4,0.374305314,-0.799328657,-0.177096773
Ctsh,-0.040815909,-0.870415802,0.416067887
Hcrtr2,-0.310081335,-2.369866317,0.54812005
Tpm1,-0.196621051,-0.361305244,0.02518058
Car12,1.411755037,3.571853238,-0.954293257
Plod2,0.244665107,0.846166397,3.828217713
Aph1b,0.581669122,-0.251520804,-0.557845463
Plscr4,0.485722618,-0.558931496,-0.07539533
Dapk2,0.6766862,0.551238657,-0.681729894
Ciao2a,-0.135775006,1.177897996,-0.865045305
Csnk1g1,-0.00539376,0.244017389,1.950792854
Parp16,-0.02655674,-1.050310726,-0.089984305
Tfdp2,-0.486172392,-1.068985354,0.822851934
Ube2cbp,-0.119023255,2.007631126,-0.436471294
Me1,1.644653747,-1.096118416,1.090075721
Syncrip,-0.071727206,1.674142487,-0.710954635
Cmtm6,-0.157361754,0.077288045,-0.228047989
Cmtm7,-0.220810647,-0.101148201,-0.775115518
Stt3b,-0.061162293,-0.014979339,-0.597701949
Rbp2,-0.045733055,0.224308941,6.428546588
Mrps22,-0.007157835,1.512704413,-0.982442453
Pik3cb,0.288366366,-0.61433096,0.469023227
Mras,0.247338986,-1.06021,1.166202337
Ngp,2.923214078,0.683889118,-1.391594323
Ptgs2,1.539935471,0.550133381,0.812920163
Kif9,-0.066227402,-1.317060006,0.459312598
Ltf,3.12694926,1.000531191,-1.707577034
Fbxl2,-0.012405164,-0.114892478,-0.210573336
Scn5a,-0.367309463,1.249197967,0.94566821
Rab6b,0.203346475,-0.822648897,0.665699169
Trf,0.34029129,-0.732572265,0.04629511
Bfsp2,-0.022513624,-0.993570743,2.780861634
Gnai2,-0.059955215,-0.534694398,-0.077914695
Mrpl3,-0.069712434,1.307467421,-0.85263319
Cpne4,0.635050189,-1.323349789,0.900314562
Aste1,-0.279127782,0.447531645,-0.513503183
Atp2c1,-0.063979248,0.030560563,-0.56257525
Col6a4,-0.705787576,0.590241094,1.119137692
Manf,0.297953359,1.388627953,-1.317382411
Mapkapk3,-0.138298833,-0.000872539,2.577170364
Mst1,0.214550849,-0.232537023,-0.385517595
Ip6k1,-0.207889594,-0.65555863,0.309523751
Uba7,-0.168776755,-0.639714352,0.30859633
Nicn1,0.019791504,-0.844589643,0.236441376
Eml4,-0.247282887,0.480944868,-0.839406848
Chsy1,0.021015559,0.567308274,-0.793102352
Gpr19,-0.22067492,-0.479332365,0.315518156
Oas3,0.020075769,-0.664275156,0.474940923
Cd59a,0.507033756,-0.492420532,0.286385693
Malt1,-0.011434831,-0.083605437,-0.635659812
Oas2,-0.065553496,-0.793402845,0.533475084
Nlrp3,0.647781671,0.050188966,-0.157458378
Lmo2,-0.071630891,-1.05746312,-0.690863787
Kank1,-1.042192333,0.146919674,0.971200979
Syde1,-0.894155737,-0.701131199,0.005409143
Trib3,0.159004775,2.209126613,-1.467413722
Mansc1,-0.139930538,-1.023850118,1.056682008
Folr2,-0.190446812,-1.020019706,0.249437495
Snx33,-0.077757121,-0.936752918,0.353857579
Inppl1,-0.003173225,0.123789772,-0.610010935
Tpcn1,0.037310143,-1.379191697,0.872987025
Heyl,-0.371788066,-0.252822833,3.741867984
Gab3,0.014874244,-1.038794789,1.002186975
Gng11,-0.422294709,-1.358356497,1.070859111
Mctp2,-0.521777768,-1.128605848,-0.11816271
Troap,0.580698905,-0.31126899,-0.171221401
Lama1,1.970947806,-1.428918536,2.407115251
Fanca,-0.214147054,-0.093768338,-0.348636536
Igdcc4,-0.257081459,0.30686049,2.021100263
Loxhd1,-0.652718658,-3.424691035,1.212450479
Ppp1r9a,0.211500613,-0.710301115,0.421569634
Pwp2,-0.161548842,2.689887226,-0.830740818
Arhgef17,-0.806441672,0.084932357,0.77404327
Acsl3,0.001696373,1.792893935,-1.519222316
Gm6685,-7.665381276,0.310546893,3.657840257
Rims3,0.643304966,-1.252633695,0.099685104
Rangrf,-0.182601859,2.282074141,-1.432207074
Fbxo21,0.064776854,-0.000569726,-0.387054447
Slc16a1,0.025670693,2.657153086,-2.412336107
Sgpp2,-0.158857241,-1.770408721,-0.262210756
Cspg4,-1.171252631,1.216305856,3.18003871
Lrig2,-0.236135753,-0.241337824,0.049247392
Adgre4,0.114006903,-0.331147158,-0.118558194
Rasgrp2,-0.012718414,-1.758740573,-0.442864007
Pebp1,-0.120918225,1.957130687,-0.694540092
Ift57,-0.308452471,1.216762305,-0.635110803
Chpf,0.138819308,1.333613368,-1.124844746
Polr2f,-0.142198285,2.120474494,-0.831907962
Klra9,0.16211004,-0.077013173,0.498630731
Klrc3,-0.230489572,0.889143168,0.548685543
Calhm2,-0.024456391,-1.166106949,1.467387028
Gm7879,-0.341142188,-1.365216107,-0.310180386
Eif3l,-0.059849225,1.599512284,-0.649251132
Pygb,0.031710367,0.107860501,-0.716830501
Lmo7,0.910297464,-0.122161107,0.011476084
Clec1a,-0.223599189,-0.22143344,0.185847709
Tbc1d4,-0.060008027,-0.624445841,0.369054212
Cdc14b,0.038030669,-0.762227623,0.564997757
Lss,-0.188210334,1.362195951,-0.995335289
Slc35d2,0.022101815,-0.577924653,0.193704515
Atg9a,-0.155032267,-1.200391496,0.330538387
Phldb2,-0.924872051,0.046082427,0.786865498
Atp1a1,0.090801507,1.576654746,-0.841170988
Dis3,0.029549755,2.281411437,-1.01597269
Card10,0.099294993,0.130766302,0.680420013
Tmprss7,0.602322382,3.002801178,-0.587241132
Mzt1,-0.163610609,0.370745115,-0.656964307
Lpcat2,0.115950418,-1.204689072,0.298061517
Myh2,-0.045694591,0.224366003,5.517236826
Ttc28,0.104563486,-1.623536041,2.409633296
AA467197,2.041395052,3.765579679,-2.095402384
Gm9758,0.675610246,0.224309452,5.014992507
Rac2,-0.047142529,0.322782581,-0.466803809
Wnt6,-1.571141436,1.04502162,4.064392986
Slc35a4,-0.113537822,1.361581556,-0.639635036
Ptprm,0.763934677,-0.197495606,-0.311666686
Kctd17,0.120297112,-0.222278589,0.891878528
Noc4l,-0.081857433,1.464824978,-0.901425749
Ptprf,-0.934210126,-0.813571707,1.048704331
Mif,0.101308356,2.93377236,-0.473244091
Fbxl8,-0.066943237,-0.903711036,-0.016338985
Gstt2,0.04649747,-0.807473152,-0.164417494
Tnxb,-1.064576416,-0.058508002,0.182012062
Rtp4,-0.119912805,-0.658833053,0.210212046
Pus7l,-0.063534342,2.077457453,-0.680314435
Trim69,0.154418666,2.590367331,-1.23056412
Atp6v0b,-0.212838702,0.180005143,-0.338012396
Frrs1,-0.080025175,0.154799514,1.985151128
Agl,-0.018030691,-1.015989858,0.911686198
Syce1l,-0.492118845,1.029953658,1.799576078
Gucd1,-0.215346496,-1.029388396,0.238955982
Tagap,-0.212459112,0.947083668,-0.97008124
Armcx1,-0.752490817,-0.400579405,1.316235475
Crlf2,0.123483827,-0.48924769,0.143460902
Cysltr2,1.158652485,0.49793534,-0.39952359
Gtf2a2,-0.168494782,0.608770343,-0.47337133
Angptl1,-0.093634161,-1.238793079,-0.193292707
Fam20b,-0.085711602,0.24082403,-0.410650203
Rbfox2,-0.396533908,-0.441237083,1.172396924
Myo6,0.292575643,-0.507060473,0.26228817
Igf2bp2,-0.026273324,-0.165926526,1.388231338
Reep4,-0.028149518,0.262409663,-0.46018047
Rfwd3,0.04460791,0.578158145,-0.847657591
Pank1,-0.021314846,0.104361613,-0.58533276
Map3k13,0.141809956,1.843201818,-0.000498626
Hacd3,0.040963585,1.193249053,-1.290574478
Clec18a,-0.204421466,-0.652570632,0.256782281
Piwil2,0.558753329,3.795307973,-0.540967267
Ucp2,-0.028068161,-0.270273592,-0.258827529
Smyd5,-0.09656,2.485098614,-0.873575561
Lrrc24,0.120885498,1.784874479,-0.669192421
Sfxn5,0.123629627,-1.083328014,0.771782036
Vav3,-0.010935693,-0.420938922,0.134959554
BC034090,0.051285133,0.479539105,2.844918276
Sf3b3,-0.063083457,1.687479573,-0.574688918
Gadd45gip1,-0.097329985,1.669883636,-1.044075212
Mnd1,-0.021968458,1.808442925,-0.16216393
Recql4,0.446399763,1.801341038,-1.402392424
Nrxn2,-0.237751846,-1.248192587,2.452998024
Dysf,0.478639384,-0.816778675,0.097985641
Alg3,0.118316109,2.161096602,-0.967906742
Dnah8,-0.037382807,-1.545247839,1.154245727
Pla2g4c,0.631355556,1.651117293,-1.976193183
Gm28042,-0.158293487,0.34661636,-0.315929212
Kcnk10,-0.197141695,3.296083919,0.314552608
Ston1,0.01345842,-0.065661401,2.504011392
Klf9,0.209626833,-0.220611929,-0.109333391
Pxk,-0.169431223,-0.135546195,-0.527397086
Gucy1a1,-0.357867949,-0.308937275,0.673839119
Trim36,-0.063228973,-1.225238451,0.523204959
Aspm,0.625896611,0.842986448,-1.141159908
Rfc3,-0.080177498,0.957969755,-0.853432195
Zfp944,-0.27100678,0.22868071,-0.614583693
Coil,-0.017002859,1.547390836,-0.794168252
Dnah17,-0.01550044,1.411551392,0.910797503
Ttc37,-0.17272763,1.431764208,0.194445519
Rxfp1,0.659362917,-0.323929987,0.003816476
Cct2,-0.12361225,1.756316931,-0.754889234
Fgd5,-0.52315625,-0.376291359,0.883231169
Lyl1,-0.248952809,-0.107061388,-1.234797418
Phka1,-0.042744326,-1.322126401,-0.061075769
Myrfl,0.057692509,3.710942972,-0.605875461
Ypel4,3.075185396,0.786700199,-1.918533861
Kctd7,0.018913706,0.01083145,-0.471199433
Tmed8,-0.104508117,-0.272262579,0.010973768
Scn11a,-0.510216034,-0.299005386,1.009202805
Vav1,-0.033855086,0.081741095,-0.370605301
Ptgdr2,0.126748488,2.352523896,-0.866933237
Pomt2,-0.163682247,1.418495102,1.592860993
Tspan8,0.96818421,-0.231878469,-1.552564445
Tmem63c,-0.598559625,1.491702467,1.775121268
Emid1,-0.119341589,-1.82461904,-0.099112298
Ccnd3,0.191285374,-0.491081299,0.171314661
Faah,0.121792288,-1.130889024,0.737395429
Rnf43,0.417514629,0.419338408,-0.878633609
Hsdl1,-0.156973483,0.116345831,-0.244159512
Chmp7,-0.146379474,0.976172059,-0.596259297
Gas2l1,-0.26424396,-0.757903376,0.929580607
Chchd4,-0.038350389,2.310600718,-1.238892508
Rasl10a,-0.989299881,-1.572593655,0.994517911
Foxj1,0.217374384,2.869998207,-0.593637985
Gm884,0.675594161,1.618184138,4.526375968
Hdac11,0.140582572,-1.477729182,0.069409737
Plekhm1,0.082408532,-1.347304377,0.911738241
Slc25a37,-0.249286826,-0.86025135,-0.555182842
Zdhhc14,0.035039567,-0.926516578,0.01127131
Igsf9b,0.460107794,-0.603700934,3.678823309
Evpl,0.173781859,5.058923294,-0.208972762
Med13,-0.186845356,-0.053731799,-0.378544212
Sdr42e1,-0.180793471,-1.080541058,0.987121158
Kif4,0.490688378,0.488101291,-1.239161025
Trim59,-0.129302719,-0.932781364,-0.220090811
Exosc1,-0.143933168,1.913624111,-0.87120388
Kctd9,-0.127775441,0.458227256,-0.588850017
Plcg2,-0.060966246,-0.319767537,-0.041327625
Zbed4,-0.122421526,0.536363668,-0.722734847
Cbl,-0.009074935,-0.452435657,0.198302621
Ramp1,-0.193457213,-0.434704169,0.272625174
Mtmr3,-0.200558947,-0.243806955,0.086244705
Cpne2,0.282116228,-0.732006871,3.390853712
Csta1,-0.068569539,1.969411691,0.845014601
Tkfc,-0.067693301,0.185227079,-0.5602954
Lif,0.037959203,0.266792993,2.88434198
Spata6,-0.303549975,-2.010647262,0.877797349
Pja1,-0.005513958,0.898277716,-0.924832427
Pkd1l2,0.032111043,-0.830516344,5.750070218
Gcsh,-0.018830018,2.892300025,-1.140376785
Cops8,-0.128814945,1.227754443,-0.731946544
Gm9761,-0.60554213,4.134326118,0.349484684
Gbp8,0.752120013,-0.066842322,-0.319690897
Trmt5,0.126220179,1.885207296,-1.054545572
Cyb561a3,-0.11932903,0.03212234,-0.370322996
Eda2r,2.395008285,0.224289157,6.690152075
Rasd2,-0.03025239,-0.438579238,1.731657496
Snx2,-0.213264727,-0.324230249,-0.058368482
Uaca,-0.467259259,-1.211519468,1.065376513
Zfp395,-0.093848397,-1.032113406,0.867298447
Morc2a,-0.086092964,1.73477855,-0.541400442
Zfyve9,-0.034698985,-0.128849652,0.336276548
Ccpg1,0.243859992,-0.821189238,0.701811
Ptpn13,0.177239289,-0.016701546,0.955788129
Tent4a,-0.086285626,0.581165443,-0.857481556
Hid1,0.854785371,-0.331004467,0.547612465
Slc41a2,0.301111879,-0.698973254,0.241224669
Ppp1r18,-0.018230433,-0.097164991,-0.698621892
2700049A03Rik,-0.137913637,-0.383478103,0.163058403
Pik3ip1,-0.248124377,-1.348006973,1.064986643
Mtrr,-0.134987092,1.441588154,-0.803065817
Rxylt1,0.014741093,0.867571554,2.578662537
Ly6d,-0.164983268,0.876868838,-0.574668508
Tiparp,0.038771133,-0.03439796,-0.530029057
Lrrn1,-0.791895641,-0.619014491,-0.029859895
Ythdc2,-0.109922266,0.331041904,-0.462945932
Tmem109,-0.021147596,0.278302917,-0.861556338
Xpot,0.058306635,1.827896511,-0.695830326
Pbx2,-0.073130593,0.410124612,-0.527561362
Fras1,-1.296814662,-1.050802782,1.773884254
Dnai2,-0.653865014,-1.431786822,2.083435166
Ttyh2,0.181774624,-0.982053748,0.342238878
Cnot6l,-0.272503099,-0.158234385,-0.151639216
Adgrb1,0.813913767,0.625232676,1.328235497
Pabpc5,1.198995916,-2.450087123,2.506223154
Nostrin,-0.226586307,-0.556172166,1.528313997
Tle6,-0.340874612,1.99429813,-0.254300728
Glis1,0.6565446,3.157811864,-0.234110217
Tle2,-0.109664949,-0.643033017,0.029537453
Gpsm3,-0.185153015,-0.835410288,-0.05770269
Gna15,0.103751417,-1.018647646,3.352898289
Ccdc122,0.172212019,-0.348038308,3.101387839
Scn7a,-0.756285329,-0.170648594,0.878899576
Celf5,-0.132194327,-0.209802791,4.881335428
Nup54,-0.078646054,1.392067448,-0.812545492
Tet3,-0.015558585,-0.148287298,-0.168040453
Tespa1,0.164770329,0.710534625,-1.109915517
Plvap,-0.501620174,-0.662738154,0.380425799
Mfsd12,-0.034370979,1.229149447,-0.968558045
Cxcl10,-0.68223583,-0.139720118,-0.272593749
Fam214a,-0.078947928,-2.021318643,1.734572508
Ankrd27,-0.110165784,0.948597729,-0.858356296
Myl12b,0.011102504,-1.22267712,0.002680969
Gipc3,-0.491693605,-1.685065137,2.484765202
Nudt19,-0.00777092,1.442993462,-1.51926161
Tbxa2r,-0.062455952,-1.885160344,3.02039942
Lrr1,0.62363834,1.236725146,-1.783343364
Filip1,0.08961236,-0.628210124,1.625566297
Pip5k1c,-0.125068677,-0.234148132,-0.053428461
Cobll1,-0.023398961,-1.373664721,-0.441431517
Tjp3,0.040976397,-1.086244481,0.931874896
Cdhr2,-0.240982211,-1.661554513,4.090610933
Dhcr24,-0.015921597,2.284907338,-1.481407878
Synrg,-0.055009442,-0.431856968,-0.030408438
Cebpa,0.235019125,-0.878184342,-0.005998568
Atcay,-0.408713532,-1.226853856,0.939347948
Parm1,1.297940871,-0.263799143,0.199107412
Hrh2,-0.103737235,-0.719357,0.381678825
Dpp4,-0.209065761,-1.587447141,0.654123062
Rrp12,0.032960488,2.800943141,-0.661875492
Zc4h2,0.111967882,0.170717006,-0.400963829
Eef2k,0.072800851,-0.052667907,-0.428981896
Arhgap5,0.23427948,0.331608572,-0.648560932
Mitf,0.046973004,-0.552403848,0.374551684
Zc3h12c,0.538329968,2.547078083,-1.863885208
1110059E24Rik,-0.157090787,-0.238485816,-0.092537647
Ppp1r32,-0.406773786,2.24720974,0.862304036
Ubd,1.029034296,0.5431773,-0.546259891
Rfpl4,0.141975735,1.143915734,1.822095022
Arl6ip5,0.031397422,-0.22599967,-0.530677146
Lars2,1.872516391,1.485678392,-2.127403216
Slfn8,-0.017184905,-0.979810794,0.229471077
Xrra1,0.256060433,0.588102569,1.923219952
Leprot,0.041939163,-0.380654353,-0.007573545
Lsm7,0.24492777,2.295512897,-0.508267997
Scai,-0.176996185,-0.553489599,0.011258046
Oaz1,-0.322345073,0.309494718,-0.254013155
Abi3bp,0.179812602,0.2266424,-0.643087015
Amh,0.055371371,1.812005542,-0.969480865
Pkig,-0.154635049,0.369380118,-0.603241416
Hpse,-0.28494409,-0.909096288,-0.39338784
Ssc5d,-0.04443634,2.343788569,1.018528393
Adrb1,0.372440189,-0.651676226,0.165022668
Mid1,-0.500003723,1.190669816,1.265738689
Gnptab,-0.033598563,0.065913519,-0.428362423
Fbxo33,-0.142173092,-0.29738185,-0.080208905
Uchl4,0.019917002,-0.479766048,0.102484298
Lzts2,0.442515629,-0.027221162,0.020802313
Nup37,-0.109503088,1.360659932,-0.655883675
Kcnh4,0.193909507,2.603085288,-0.629134166
Pdzrn3,-0.632611078,0.625900244,0.476055778
Parpbp,0.702566908,0.476200592,-0.978672684
Rmi1,-0.079958365,0.140283408,-0.429898172
Pcsk7,-0.100004525,-0.176279968,-0.199241759
Brsk1,0.162757186,-0.26881528,0.258332198
Cfap53,0.023809913,0.541843563,1.547013824
Klf16,-0.073438083,0.697715401,-1.239491618
Crb2,-0.029625055,-0.891249669,0.427349025
Thyn1,0.295271436,2.310211339,2.260032506
Ccr3,0.523820056,0.097624371,-0.348275767
Foxa1,0.165442054,-1.290971911,2.524009688
Fignl1,0.123590084,1.560740025,-1.421506735
Prdm8,0.169903273,-0.609728004,1.128969365
Stab2,-0.066385492,-0.750922115,0.393439354
Slc25a21,1.154804294,-0.341425478,0.244059118
Galm,0.320014304,-0.596747085,-0.080449882
Tgfbi,0.097656024,-0.608213648,0.138546816
Ccdc180,-0.437920926,-1.254596729,0.891299107
Aldh1b1,-0.182423593,0.212963399,-0.429729431
Utp6,0.027915489,1.852469927,-0.988478584
L3mbtl1,-0.187891961,2.999022564,0.116559655
Tsen34,-0.216862947,-0.085977136,-0.416648799
Melk,0.454946694,2.530148302,-1.352667324
Isg15,-0.134086336,-0.334517254,0.187170939
Slc51a,0.185258746,-0.965017122,-0.787516332
Alg8,0.040969505,2.230828728,-1.002901514
Dok3,-0.223752337,-1.778631163,0.647976176
Usp35,-0.178478424,-0.850728937,0.455191849
Abca7,-0.186928709,-1.265323529,0.397945055
Dagla,0.283549651,0.273496069,2.614094799
Wdr18,-0.146044569,2.182187236,-0.939466332
Fbxo45,-0.083917426,0.940862398,-0.632356833
Mrps2,-0.036049836,1.680013127,-0.591436703
Cd99l2,0.015147746,-1.212727566,-0.025770306
Acta2,-0.707082315,-0.661218522,0.709052249
Cep19,0.015426088,0.252235933,-0.94768825
Plekhs1,0.504938668,-2.386376597,4.598909159
Polr3g,0.001530455,2.260583974,-1.325494449
Lysmd3,-0.075843129,0.242284442,-0.552789944
Cdhr3,-1.848572024,0.078791784,2.628661971
Palm,-0.315501486,-0.778312297,3.29566761
Rnf126,-0.098860534,1.472297684,-0.55513887
Cerk,-0.308719152,-1.439504516,0.938649797
Rnase1,-0.633047376,3.230704731,0.940281742
Cd276,0.061122464,-0.987053297,0.189960265
Bbs9,-0.230036841,-1.58845166,0.503905616
Pknox2,-0.298355449,0.374845428,1.84967023
Aldh5a1,0.876886545,-0.623073361,0.490499742
Pip4p1,-0.129057371,0.034080493,-0.516313619
Apex1,-0.1200722,2.971090795,-0.984836969
Rusc2,0.27405892,-0.923266027,1.023695922
Gm7008,0.007143662,1.370604046,0.821827619
Fam214b,-0.05608408,-1.184583407,0.236756295
Ripor2,-0.13067582,-1.752676658,0.044784467
Tmem63b,-0.219356167,1.446309292,2.004911732
Prtg,-0.763999915,-1.846614671,3.578554095
Adamtsl2,-0.603718951,0.068430742,1.260941192
5031439G07Rik,-0.188517906,-0.568590884,-0.542567559
Slc2a6,0.151733619,-0.642721428,0.13966634
Galt,-0.227679245,-0.143390216,-0.150017503
Sigmar1,0.03699708,1.919845747,-1.036319674
Slain2,-0.063754857,0.24233719,-0.555617813
Arl5a,-0.034642517,0.779746029,-0.916864019
Rpp25l,-0.249503909,0.925186366,-0.554634124
Frmd7,-0.443343266,-1.079429697,-0.057459656
Ccdc38,-0.139711259,1.494553101,-0.860205523
H1f2,-0.557045517,-1.11644571,0.910838779
Sapcd1,-0.637477289,-0.956688119,0.332036603
Dipk1b,-0.156364021,1.52331625,-0.804857881
Rorb,-0.049319487,-0.063149273,1.746238402
Leap2,0.08495212,-0.626896466,-0.09765569
Pdzrn4,-1.38625811,-0.186066934,3.591863495
Ska1,0.542135826,0.595726148,-1.525909223
Ube2r2,0.064743812,0.097777955,-0.623185433
Trpm8,1.365623513,3.201635468,1.708081532
Igfbp7,-0.56108539,-0.611236844,0.447329167
Fstl4,-0.18631177,-1.069157772,3.288564778
Lrrk2,-0.005264456,-1.181785863,0.606886466
Ap5m1,-0.163206671,0.287132635,-0.474973296
Zdhhc23,0.127560265,0.451101695,-1.097385034
Rpl39-ps,0.043273306,0.997057447,0.429777501
Skp1,-0.132582587,1.584202941,-0.787120103
Polr1h,-0.04036967,0.89228427,-0.736841334
H2-Ea,-0.517264323,0.027380932,-0.078375334
Srp72,-0.031190494,1.118402838,0.791021695
Igsf10,-0.569956689,-0.416680072,0.643428836
P2ry12,-0.173233201,-1.118138465,0.17752783
Serbp1,0.082320873,1.886819559,-0.824573086
9530077C05Rik,-0.567376508,-1.496651837,0.598438321
Arsi,0.451556393,-0.263274127,-0.671616004
Thap11,-0.159007496,0.876964858,-0.984734545
Arhgap26,-0.030783287,-0.939128064,0.398406111
Marchf1,-0.096536258,-1.132815806,0.40213739
Prss56,0.675604689,0.224297036,6.699059071
Rnf39,-0.108126813,0.536322739,-0.494032183
Card11,0.160029459,-0.91578401,0.190200439
Cdc42ep3,0.046617046,-1.14061037,-0.166380859
Akap14,0.065778802,0.962108582,0.862733816
Iqce,-0.13026395,-0.537437734,0.132053371
Lgi4,-0.01106138,-0.717242572,3.44123721
Ndrg4,0.111473061,1.766846487,0.102617373
Ttyh3,-0.060160012,-1.268751226,0.23120834
Fxyd1,0.690300066,-0.000289149,0.697174742
Upf3b,0.05570262,-0.07797734,1.985713131
Fgf1,0.594001876,-0.7419782,0.395046067
Arhgap21,0.240075338,0.165169687,1.593745886
H2-Aa,-0.036549898,-0.165809242,-0.609774634
Chst12,0.079903763,-0.68061045,0.158199555
Etl4,0.393471524,-0.465108774,1.257119235
Atp13a2,-0.067585686,-0.92432134,1.113750155
Ccdc148,0.467097739,-0.921851949,0.407395958
Dennd3,0.016061905,-0.297207776,-0.515579691
Tmtc3,0.265301197,-0.261688592,2.076974857
Aaas,-0.069096012,0.846258951,2.899704409
Nop14,0.158923362,1.871429383,-0.375674119
Micall2,0.900175091,0.181779622,2.06307481
Tubb4b,-0.013839989,1.203119959,0.454657453
Kif15,0.278530585,0.593169239,-0.722703468
Stpg3,0.162614272,0.796241187,1.532580724
Anln,0.563662899,0.044670167,-1.084314921
Rps27l,-0.044432287,1.644885797,1.347305438
Cnep1r1,-0.059864046,-0.177373796,-0.205416481
Slc6a20a,0.577703402,-0.02003155,-0.644994182
Sun1,-0.107849961,-0.193037377,-0.080685333
Ssx2ip,0.359384465,0.154266541,-0.81362417
Mrpl41,-0.194947474,1.197718366,-0.798872702
Mcoln3,0.295741793,0.918207009,-1.873884502
Mrpl55,-0.163372278,1.545855236,-0.808300305
Dchs1,0.130657856,-0.616666941,0.266624575
Syde2,0.103374041,2.495984003,-1.989952196
Abcc12,-1.471694017,3.4970664,2.599836046
Acaa2,-0.181632752,-0.620956421,0.326459949
Arhgap33,-0.218651228,-2.04377073,0.473239508
C1qa,0.496687442,-0.264008431,-0.243104644
Rap2b,0.266896487,-0.198525432,2.985749653
C1qc,0.548810677,-0.372224597,-0.182396659
Neto2,-0.284944516,3.354722436,-0.339080296
C1qb,0.535371418,-0.316765579,-0.140865653
Unc93b1,0.043945586,0.3957614,-0.648034465
Kirrel2,1.365188932,2.512218309,2.070581136
Stag3,-0.550106369,1.283388012,0.438736293
Nfkbid,-0.221057594,2.067368968,-0.318287711
Tmem71,-0.24947412,-1.971765633,1.214463995
Slc39a12,1.44865743,0.14451674,-0.390821991
Kifbp,0.059771348,-0.057284832,-0.344955641
Wnt8b,0.298509481,1.548541247,0.017710995
Cnpy4,-0.057007343,0.736426013,-0.832510488
Zic4,-0.050944264,-0.048228415,2.348475583
Tfb1m,0.027031236,1.506295864,-0.85213667
Zdhhc9,-0.011636158,-0.293144101,-0.117340197
Pml,-0.06761348,-1.27446172,0.903426151
Nxt1,-0.09540645,1.24401654,-0.994944097
Asap3,0.17487533,0.827814561,3.630626659
Hk1,0.279185872,-0.693528738,0.117702505
Frem2,-0.263594517,0.50314166,1.977772956
Tspan15,-0.025643399,-0.973741177,0.033700098
Apbb1,0.111816662,0.134774552,-1.156917924
Smpd1,-0.155313157,-0.949555421,0.319373652
Cavin3,-1.035568534,-0.589522611,0.543984298
Sh3glb1,-0.039258524,-0.260995933,-0.177108539
Lrg1,0.5446513,-0.0487643,1.163468177
Dcaf15,-0.213939505,-0.236307499,-0.019929701
Trim58,2.195603,0.316607082,-0.932711526
Tmprss13,0.210770805,-1.764410445,1.126428299
Aff3,-0.251198704,-1.857115969,0.728239573
Tas2r108,0.198336377,2.751451388,-0.908840255
Ddx1,0.076731387,2.046483846,-0.394617414
Mycn,0.022991639,-1.297368797,1.315934882
Krt80,-0.467749916,-0.978823812,1.383006397
Grhl3,0.937932942,-1.374017408,9.481225374
Prf1,0.20621657,-0.511113989,0.194781344
Lipt1,-0.002473954,1.618275603,-0.804632566
Mospd3,0.178366567,-0.855543503,0.501319699
Zfyve28,0.112922385,-0.859475196,0.732699992
Mxd4,-0.039948718,-2.317557333,1.25580743
Zfp692,-0.134731733,0.444562977,1.60997158
Rsrp1,0.005631637,-0.139201869,-0.221696421
Gemin5,-0.050729589,2.232761157,-1.020628053
Tmem97,-0.102960062,2.456324917,-1.826775848
Ldlrap1,-0.029773233,-0.819721553,2.263746154
Man1c1,0.239103094,-0.606256065,0.443598699
Jade3,-0.194970228,1.986511729,-0.317108983
Traf3ip3,-0.153658946,-0.514980776,0.326684527
Bbs7,0.464069265,0.41035491,1.352237441
Slc9a7,-0.223127374,0.195193748,-0.263208347
Nudt22,-0.145525982,-0.259536178,0.008645372
Enpp1,0.024592576,-0.722832491,0.385274985
Trmt6,-0.102780808,1.612000028,-0.571750481
Spon2,-0.375385001,2.184090996,0.348374392
Rims2,-0.136578705,-2.786493198,1.793683488
Atp11b,-0.095868838,-0.489165928,0.043376646
Icam1,0.056837356,1.85402331,0.68773851
Serpine1,0.812547724,-0.712565805,0.897596531
Dmxl1,-0.260111465,-0.255689503,-0.486946648
Best1,0.227849099,-0.266211006,0.192722562
Endod1,0.015638847,0.161440981,-0.77028193
Depdc5,-0.087647166,-0.082799478,2.2750318
Fer1l5,-0.156866684,0.628311582,-1.107926546
Slc30a1,0.171250459,-0.264702826,-0.107711372
Adam32,-0.161067501,1.712680075,1.628605691
Azin1,-0.059577341,0.857490445,-0.925197579
Klf10,-0.083167785,1.089370732,-1.081727296
Tedc1,-0.158967579,-0.958281264,0.311807831
Cib2,-0.498790278,-1.586401536,0.686595913
Nenf,0.100964805,0.121572894,-0.337546096
Mavs,0.107523596,1.090959478,-1.095711144
Mrpl47,-0.087211917,1.443577334,-0.898622442
Fbxo34,0.013031535,0.196250071,1.785392737
H2-DMb2,-0.06800164,-0.342600399,-0.073984901
Plekhg2,-0.038112658,-1.72679469,-0.264681577
Vash2,0.23084301,-0.081020666,-0.430763505
Kcnh3,-1.560722445,-0.356846027,1.721543519
Gch1,-0.105975582,-0.779560725,0.402778785
Nme1,0.03985039,2.789571212,-1.016248552
Osbpl5,-0.124856342,-1.523682541,0.252400001
Atoh8,-0.806841282,1.168363667,0.81241857
Wdtc1,-0.02827585,-0.769679366,0.409951044
Cdkn3,0.143566837,0.191853615,-0.540850431
Zbtb42,0.245482442,-1.541789755,3.410246164
H2-DMa,-0.09648213,-0.171028289,-0.233171678
Armc3,0.381618566,-2.598397693,0.211426496
Atp8a1,0.073689317,-0.748770081,-0.176108011
Ahdc1,0.030319051,-1.146866652,0.885978821
Tecta,-0.304582259,0.107874215,2.714105667
Fam13a,-0.03312715,-2.00525262,3.004513362
Fermt2,-0.615896926,-0.149699507,0.621344526
Ccdc33,0.675588195,1.611790918,3.577220033
Tmem33,-0.058704288,1.175127036,-1.226322202
Ckap2,0.310636847,1.051886357,2.795789442
Limch1,-0.592635744,-0.309965343,1.183915117
Slc16a9,0.529992387,-0.852120887,0.069345924
Vopp1,0.034097235,-0.343530993,2.446464269
Fam76b,-0.203637216,0.020209383,-0.295196602
Abhd18,-0.084338424,-0.864803497,0.763532966
Tgm2,0.55366158,-0.372893439,0.159586035
Smim14,-0.235958972,-1.600276189,0.144902639
Tspan14,-0.120125655,-0.426155027,-0.016379052
Gm5884,0.057069597,-0.159172699,-0.174256729
Rtkn2,0.076002271,-1.227225123,1.525265663
Iars,-0.037479996,2.230109666,-0.727685316
Zfp365,0.036579429,-0.494734291,6.868285868
Egr2,-0.586308096,-0.320009506,0.181929496
Wdr19,0.050302318,-0.550819736,-0.230252413
Pcdh18,-1.669502811,-0.622742915,1.002723941
H2az1,-0.117313734,1.070298354,-0.890802703
Sirpa,0.336671858,-0.182770124,0.180861715
Bri3bp,-0.063450999,1.371176525,-1.362720693
Ankrd13b,-0.560062403,1.959173605,2.953386183
Ddx60,0.056276907,-1.304298345,0.542817323
Bank1,-0.129870474,-0.517713088,-0.377036567
Crp,-0.086405854,-0.601907055,0.281755588
Fgd3,-0.201326645,-0.830119152,0.70903279
Card19,-0.058324651,-0.819313305,-0.46050448
Snn,-0.3580396,-0.957521884,-0.542926159
Muc5ac,-3.01431895,-1.223205414,6.5719434
Wnk2,-0.741043313,-2.071062019,2.571504682
Igsf9,-0.591558898,0.865021238,0.377618564
Slc24a2,-0.315661915,-4.237388602,6.246303306
Acd,-0.227428068,-0.025917047,-0.212211169
Dnah10,0.223623874,4.006088874,0.272473403
Rapgefl1,-1.136979347,-0.193275695,0.77366408
Dennd4c,-0.008756336,-0.080102221,-0.391408247
Kcnj9,0.482199498,-0.672786315,0.059519162
Igsf8,0.299572613,-0.352992351,-0.096914746
Ptpdc1,0.502777817,0.469512066,2.687682478
Sult6b1,0.000244807,-1.243796596,0.176459309
Dexi,-0.099029961,-0.669226291,0.131830233
Kmt2c,-0.176944235,-0.412407843,0.061843765
Nod1,0.19566803,-1.242926165,0.071467918
Smim3,-0.576252138,1.287195634,0.030803482
Dlec1,0.010658644,-0.611854355,1.612553937
Mturn,-0.436732422,-2.559203099,1.569721452
Rnf144b,0.481303393,-1.104786184,0.501546597
Kdm1b,-0.190284457,1.349821011,-0.733937858
Ccdc50,-0.08695324,0.430811368,-0.962068038
Tmem181a,-1.042478994,-0.486622768,0.163159354
Notch3,-0.926908783,-0.136458539,3.705989892
Ormdl3,-0.070113449,0.941025483,-0.769095605
Prdm1,0.634599969,-0.338080069,0.213022874
Gstp2,0.407230764,-1.23450088,-0.17933812
P3h2,-0.300204843,-0.616394201,1.324766656
Mylip,-0.139030725,-1.619839159,0.474139508
Slc43a2,-0.180955489,-0.881861163,0.351446227
Slamf7,-0.190543172,1.035329193,0.815553522
Iqca1l,-1.065364757,3.660728601,1.699284267
Prkab2,0.004249683,0.614662665,-0.873795063
Fbxo8,-0.129155288,-0.363308201,0.110349562
Pgap3,-0.420396923,0.050029636,-0.275875162
Bend3,-0.134248774,2.308396661,-0.821001747
Serpinf2,0.185182777,1.369347735,-1.221368515
Primpol,-0.13578786,0.238817378,-0.383886707
Cep250,0.19893785,-1.093907534,1.366933458
Aox4,0.566184862,-0.426412621,0.833224365
Usp38,-0.068403332,0.536216951,-0.629794576
Sema7a,0.671320976,1.53787855,-1.236020998
Slc22a23,0.456130781,0.187188135,-0.757720394
Ovca2,0.183142465,1.434727104,-1.146437026
Nop2,-0.071349054,2.832292978,-1.027780112
Bphl,-0.190452888,-1.0494117,0.383443231
Snx25,-0.064217476,-0.314305339,-0.44643178
Atg9b,-0.71261845,0.387190103,3.975356598
Galnt18,-0.359389709,0.002171173,1.746252129
Pdzk1,0.166971862,2.652825605,-0.228015777
Wdr36,-0.082000442,2.191754254,-0.80857969
Kcnh2,0.592010553,-0.123524926,1.483293331
1700066M21Rik,-0.114545123,0.243762804,-0.262078636
Sesn1,-0.135937552,-0.806869671,0.428585475
Tsr1,0.020670636,2.619477747,-0.894894041
Plcl1,0.198936874,-0.631190691,0.710319244
Sgsm2,-0.129499491,0.375405776,2.751630124
Arl5c,-0.310629774,-1.350722242,0.424119431
Camp,2.631505235,1.088263052,-1.915665082
Focad,0.065686192,1.715300539,0.185498502
Mpp6,0.070109112,1.351675612,-1.05387338
Gpr162,-0.769397724,0.366107261,-0.211819294
Higd1a,-0.125401643,1.477382673,-0.926858413
Fcrla,-0.221352291,-0.692286802,-0.224863125
Mllt6,-0.055939493,-0.42650953,-0.159677044
Olfml2b,0.711725088,0.348306599,1.340712634
Nos1ap,0.680025701,-0.304557415,0.395779985
Cdk19,-0.168112951,-1.379339075,0.758292598
Tfdp1,0.331770119,2.622903875,-0.85032231
Ptov1,-0.158087836,0.033016475,-0.395873356
Mesd,0.07456577,1.800901553,-1.088510843
Gdf15,0.574607059,-0.080261258,2.560396306
Rpf2,-0.024899965,2.535061687,-1.096891191
C1s1,-0.509682284,0.995711168,0.454890559
Mfsd4b5,-0.155109993,-0.044559325,1.739464509
BC028528,-0.035869134,-0.10211592,-0.472318071
Cul7,-0.145372699,-0.954076992,0.508809977
Ciart,-0.301249958,2.27730455,-0.981765682
Sp6,0.015093512,0.291453921,2.977602347
Ift172,0.139285029,-1.137880351,0.246118979
Saxo2,0.093934736,1.903054395,-0.259068722
Susd1,-0.309015833,-1.104895218,0.072419773
Pptc7,-0.086349995,0.285207818,-0.606179482
Akap12,-0.568837215,-1.781827791,2.13606941
Ripor1,0.08454866,-1.009408528,0.876469314
Samd10,-0.10422207,-0.226050736,-0.151041854
Gng10,-0.343192614,1.047881813,-0.901791413
Mcl1,-0.218300817,-0.026757954,-0.334645907
Tm6sf1,0.140020038,-1.932111352,-0.426409408
Zkscan16,-0.541636538,-2.90375143,2.892679301
Degs1,-0.101524322,0.23238259,-0.455467355
Ctss,0.13157955,0.681777679,-0.92816306
Pold1,-0.155835174,0.248654174,-0.852986772
Ramac,-0.231795196,-0.139561257,-0.225268977
Creb3l2,0.384056653,-0.790430381,0.708520737
Rnh1,-0.202752915,0.292289446,-0.472603238
Fsd2,0.245131994,-0.582841059,0.138304433
Dgki,0.818276269,-0.821167427,0.83072624
Mybpc2,-0.422211748,2.487195925,1.064665279
Trps1,0.183407386,-0.427949522,0.005842809
Pak1ip1,-0.157584634,1.346711575,-0.740822129
Atp5j2,-0.094005394,1.092221369,-0.665557699
Taf5l,-0.07381576,1.510435361,-0.871912579
Mindy1,0.065393521,-0.985981559,0.262845448
Pkhd1l1,2.097271629,0.300023055,-1.543960802
Wdr26,-0.074417353,-0.320477747,0.029581196
Nudcd1,0.001013417,1.758667646,-0.832588179
Nup205,-0.115555097,1.919464693,-0.813157816
Alpk3,-0.28406408,1.612316349,1.24412941
9130409I23Rik,0.408420486,-0.278468751,-0.634052252
Vill,0.84387824,-0.437178835,-0.12816069
Ephx1,-0.105211208,-1.970093721,3.245173209
Lefty1,0.767256986,-0.223253401,-0.765482462
Scgb1c1,-2.333729211,3.297689576,2.418429609
Ctnnal1,0.053607684,-0.274632779,-0.282031499
Ralgps1,-0.219280579,-1.349538031,0.707848587
Gcnt1,-0.017428081,-0.564230064,-0.276531219
Phb,-0.100592791,2.509946284,-0.957360963
Baiap2l1,0.102730163,-0.57238987,0.109497314
Pi4kb,-0.10607721,0.183868093,-0.551826818
Bpgm,-1.496505253,-1.145076065,0.663635528
Rpl12,-0.040121287,1.759975968,-0.432378956
Plcl2,-0.183516743,-0.424086232,0.144508571
Tcfl5,-1.039704212,2.337348519,1.299579568
Slco4a1,-0.711497926,-0.107736744,-0.787455356
Pdk2,-0.188861494,-2.371096695,1.460118745
Rabggtb,-0.016841402,1.865490266,-0.647818588
Ppp1r9b,0.101230171,0.05658427,-0.508432013
Rbbp8nl,0.573617566,1.575605426,0.87564539
Cfap157,-0.136679596,2.022191488,-0.224109917
Cables2,-0.205258614,0.302514119,-0.321965727
Txndc5,0.276915187,-0.34310882,0.011476514
Bmp6,-0.525119152,-0.857557951,0.527979739
Tlr4,0.21796303,0.06378973,-1.033576067
Cpq,0.348775889,-0.446920073,-0.177464614
Timm8b,-0.099190974,1.016230896,-1.032743335
Arhgap18,0.026801866,-1.791450177,0.374003733
Tsga13,0.630121939,-0.432376149,-0.159202478
Usp6nl,-0.003218219,0.092844418,-0.480830816
Myo16,-0.119168121,0.077115122,3.335333608
Anpep,-0.069227845,-1.105214333,0.726632096
Echdc3,-0.345026121,-1.515177073,0.615926068
Cpa4,1.409510473,3.29170843,2.029614983
Chad,0.403543083,-1.434374588,0.179893368
Rreb1,0.043777442,-0.624833953,0.34244445
L3mbtl3,0.034992385,-0.638366512,-0.073400513
Itga9,0.486396205,-0.440333205,0.136817188
Camk1d,-0.018780304,-1.327691162,0.226118462
Akna,-0.025874966,-0.430352098,-0.027167146
Ube2h,-0.010789759,-1.532824503,0.823485167
Akap7,0.095715192,-0.824190811,0.135306441
Adgrl4,-0.558533774,-0.741674633,0.114540189
Dap,0.08135618,-1.150058336,0.404103841
Tbc1d19,-0.116900354,-0.743629822,0.272320102
Nubp2,-0.081157415,1.384406262,-0.779813292
Adk,0.236918572,2.570099462,-1.014296328
Atf7ip2,-0.074487992,0.640374998,0.10486679
Metrnl,0.399832224,-0.401647818,0.130622905
Il18,0.040901763,-0.141585046,0.290695072
Rpl22l1,-0.359588089,0.635696385,-0.315951202
Suv39h1,-0.183277886,1.092185776,-0.69719977
Sec24d,0.593637029,-0.488801839,-0.15229875
Isg20,-0.587583084,-0.482349116,0.851529867
Tgfb2,0.593499068,2.922820151,-0.877485985
Gimap3,-0.064427568,-0.902215461,-0.298062396
Megf9,0.127000306,-0.7871094,0.29416643
Foxk2,0.064586655,1.409254171,-1.010217278
Cybc1,0.016107455,0.219774196,-0.842254624
Rnf122,-0.078659297,-0.655934731,-0.242582297
Tsga10ip,0.354694034,0.278981608,-0.649748177
C130074G19Rik,-0.018514594,-0.277294807,1.687527763
Exosc2,-0.053727733,1.749759863,-0.737229032
Drd5,0.097149191,-0.361284582,-0.994698717
Mreg,-0.032376988,3.131900784,0.21925028
Prdm16,-0.073269067,1.615111255,-1.680189626
Ttc36,-0.452518855,1.064005147,0.371139901
Dcxr,0.005453767,-0.85215492,5.528342629
Ppl,0.931352691,-1.586435837,0.570364337
Col10a1,0.092172495,-0.922833789,0.684828644
Tspyl4,0.324576121,-0.544505762,-0.070693627
Dse,0.345589123,-0.557388185,-0.087696551
Atp8b1,-0.603702772,0.079138118,1.901236624
NA,-0.028845642,-0.272072108,-0.580791828
Cylc2,-0.045737618,1.605112807,4.674875809
Myo9a,0.257122086,0.150032335,-0.61614547
Fam149b,-0.216106723,-1.263410662,1.044997609
Rbms3,-0.584211655,-0.373585916,1.862804179
Mocos,0.762926863,-0.410315963,0.202167128
Gm7488,-0.091316621,1.322674896,-0.895571593
Prex1,0.045981183,-1.10112349,0.28684784
Coro7,-0.01232957,-1.189872387,1.615770746
Mrpl12,-0.00635563,1.844301644,-0.560959588
Vasn,0.050254532,-1.455407617,1.931185884
Oxld1,-0.062156031,0.667314273,2.068914743
Capsl,-0.741024372,1.385849542,-0.505220689
Mrps6,0.058991741,2.013197301,-0.029075207
Lap3,0.567418869,2.214588435,-1.776687575
Zer1,-0.154797899,-1.04028656,0.759751645
Ncoa7,0.168199763,-0.86348727,0.22607141
Trp53rka,-0.122112264,1.403093798,-0.702176529
Fnbp1l,-0.104717774,1.558207321,-0.955962425
Orai2,-0.406610257,-1.432876069,2.321666957
Fbxl5,-0.309219703,0.320534112,-0.368658169
Thap3,-0.023022393,-0.440743975,0.08987374
Il22ra2,0.289295378,1.920891397,-1.358100248
Ypel5,-0.19989758,-1.19750707,0.282645575
Polr2j,-0.130127799,1.505637924,-0.598465793
Galnt12,0.116214047,-0.165969106,-0.391537451
Cpeb2,0.17160595,-0.680994744,0.349959062
Kmo,-0.237748396,-0.250914692,-0.687008848
Cercam,0.089716824,0.196637219,3.393665784
Zfp597,-0.088440788,0.186199693,-0.603053126
Tbc1d2,-0.130000352,-0.324643971,2.353827462
Slc44a3,0.041088829,-0.782673593,0.292587443
Neurl2,-0.266986837,-0.612462569,-0.444950097
Txlnb,0.601656989,0.400148096,1.528447353
Fgl2,0.760319882,-0.356104008,-0.034867952
Slc26a11,-0.343123403,-1.71437545,0.466938055
Spsb1,-0.09307494,0.438575549,2.388882851
Urb1,-0.121671824,1.967021644,-0.699821294
Gsap,0.14896872,-0.776343644,0.716020066
Dag1,0.028543787,-0.441311504,0.199446851
Stk32a,0.377541328,-0.210322095,-0.248020363
Hip1,0.449138613,0.691612632,-1.031182969
Zc3h12d,-0.007101426,-0.775571959,0.440297539
Sinhcaf,-0.177412664,1.282381321,-1.273790443
Ifi203,-0.09667226,-0.569027485,-0.455173111
Bahd1,-0.048833353,-0.452496106,0.109607448
Slc7a5,0.184873744,2.568078274,-1.080751151
Saa4,0.174588033,-0.550949166,1.431685934
Stat2,0.190993561,-0.414086301,-0.062997671
Nup43,-0.154903181,1.85844699,-1.066859735
Disp2,-0.290744303,-0.72859069,2.06507992
Ndufb10,-0.041925876,0.95940443,-0.774331476
Baz2a,0.011133166,-0.8951238,0.255380033
Plcb2,-0.172121923,-1.056328601,0.488465207
Ptges3-ps,0.345413077,2.226899871,-1.56308708
Bmf,-0.63604306,-0.817877341,-0.2537422
Cacna2d1,0.21259028,-0.745994891,1.84874623
Zmym5,-0.014357261,-0.490197088,-0.159582122
Abcc8,-0.02970596,-3.218515153,6.494849254
Tdrd6,-0.844070919,-0.352555716,4.134197062
Thbs1,-0.034448972,-0.636416392,1.193677477
Tax1bp3,-0.177337175,-0.726710658,0.512958331
Fmo1,0.025903653,-0.619929396,0.077022132
Ttc12,-0.230968806,-0.016372253,0.46788793
Gpr34,0.409134077,0.087368235,-0.84002555
Tm7sf3,0.012270274,-0.264422967,2.005583763
Tbc1d10c,-0.201869334,-1.092809945,-0.083190018
Lrp1,0.591821668,-1.026561541,0.874408909
Gbp7,0.291743837,-0.606069307,-0.136699102
Sema3d,-0.045365633,-0.2723629,0.27713861
Klhdc4,0.008594509,1.966985367,-0.005239799
Gbp2b,0.663022952,2.713643469,-1.030159456
Mrps28,-0.000834485,1.880287813,-0.332006538
Bach2,-0.174459036,-2.143412835,1.010317845
Cdk6,-0.270668893,1.323528816,-0.485601868
Pacsin1,0.058849212,-0.75178702,-0.388412397
Ndufa4l2,-0.412632788,2.597941371,-1.796286657
Ddx58,-0.121026239,-0.938247252,-0.060290956
Alx4,-0.1256996,-0.590212154,1.710773295
Slc25a24,0.092750797,-0.988136292,0.712873472
Gm15429,-0.307049838,-0.23964331,0.099804404
Tex45,-1.058723975,0.896442315,2.70080572
Arhgap9,-0.140488547,-1.231998404,0.207709877
Trim7,0.079530279,-1.228390004,3.075344363
Mars1,-0.025413967,2.030571839,-0.606883261
Bcor,-0.047442344,-0.234638276,-0.308251495
Ppp1ca,-0.257433054,0.466968822,-0.610579812
Wdr47,-0.102585175,-1.010656452,0.252411157
Abhd13,-0.131907895,0.789088764,-0.609435167
Havcr1,0.300004789,1.854081851,-0.16213883
Dtx3,-0.279740579,-0.479174111,0.217812246
Pitpnc1,0.168840304,-1.361420389,1.650537268
Zbtb38,0.136729214,-0.679142217,0.148981188
Slc26a10,-0.053463808,-0.251125607,-0.270416903
Spns2,-0.227222558,-2.978483713,-0.306630536
Sgms1,-0.13312201,-1.151195016,1.060894504
Mybbp1a,0.172356336,2.209996537,-0.458708484
Blvrb,0.192223339,-0.435498872,-0.564924514
Xaf1,-1.156631236,-0.692383689,0.321000368
Ltbp4,-0.732377933,0.728743872,0.832746883
Marchf9,-0.205179601,-0.008374707,-0.329330612
Manea,-0.065949492,-0.216450774,-0.090278013
Tlr8,0.773627885,0.200432811,-0.477889032
Abhd11,-0.207646276,1.519001864,-0.302723976
Matn1,1.777678902,2.472994381,4.189456162
Ctdsp2-ps,0.139988991,-0.932774749,0.452364467
Pitpnm3,-1.005659307,-0.457788675,0.938331609
Mettl27,-0.456166356,-0.928987144,1.710073599
Wdr7,-0.053781112,-0.751873047,0.282028914
Apoc1,-0.621831738,-0.867748599,0.240411281
Abcb1a,1.050350107,0.204824968,-0.064626129
Cd79b,-0.367402941,-0.248779813,-0.63664372
Pogk,-0.306541055,2.719354528,-0.784873427
Nlrp4a,0.290237991,-0.335020637,0.002283241
Bace2,-0.851267981,-0.768685682,0.851619962
Pck2,-0.067656077,-0.742280376,-0.168891516
Aicda,0.709757427,-0.28472272,-0.432361674
Dok4,-0.06008197,0.164060727,-0.623002531
Ppp1r14c,0.161676491,-1.332982042,1.06070868
Clcf1,-0.114346188,-1.083768011,0.395223396
Sh3bgr,0.180640386,-0.04007497,1.609209084
Phc1,-0.294868102,-0.033703214,-0.273288125
Mthfd1l,-0.087701729,1.74431367,-0.332634998
Hmgn1,-0.038788426,1.157422267,-0.877605043
Madd,-0.03718756,-0.809355589,0.425459135
Tbl3,-0.170481375,2.146055314,-0.844477965
Col16a1,-0.286556943,0.416143627,0.561050833
Limd2,-0.229887834,-0.043043629,-0.772199777
St8sia4,-0.229295652,-0.599124332,-0.521111051
Sh3pxd2b,-0.101261846,-1.320747045,3.206442811
Camta2,0.059832853,-0.396736025,0.063079425
Creg1,0.52184202,-0.41733619,0.091157375
Klc3,-0.042887565,-0.598221486,0.161462582
Rsc1a1,-2.136088248,0.936354531,-6.18801361
Scamp5,0.658130887,-0.534070941,0.392535474
Kcna2,0.393584908,-0.676018097,0.396253093
Cep126,1.867545709,2.81894215,-0.252850997
Ppp1r13l,0.380335034,1.340751397,1.859760935
Rnf167,-0.608078067,-0.28016975,0.315616095
Cd53,-0.166706143,0.235883967,-1.423792511
Lat2,-0.138387601,-0.911396084,-0.243596078
Myh6,-0.011798277,-1.253267033,5.964000497
Cept1,-0.001768953,0.184098879,-0.565492285
Iqsec3,0.120253882,-0.587123551,1.383163353
S100g,-0.513671973,-2.060642509,1.338948025
Chil3,0.985424561,0.168376795,-0.549818667
Tex264,0.101253896,0.145331941,-0.519582183
Dennd6a,-0.189995372,-0.179594221,-0.418352033
Snrpd2,-0.175332591,1.44052748,-0.70959514
Gpr161,-0.062603755,-0.430920978,0.069061109
Gm11639,-0.622210806,1.779054029,0.962030265
Reps2,0.222047551,-0.716272844,0.485020713
Dlk1,-0.528618152,0.626051937,2.189381688
Begain,-0.240962203,-0.764001165,0.51378572
Gfer,-0.052988128,1.939629145,0.810791682
Foxa3,0.722271241,0.538582372,0.964085674
Kcnd3,-1.169342195,1.144028583,1.079572081
Slc19a2,0.032622287,0.830402403,4.810856762
Rfx3,-0.300734279,-0.800075459,0.411640573
Padi6,-1.494469935,1.280207525,2.124984232
Arhgef1,0.062248917,-1.342403846,0.684724645
Cables1,0.154498059,1.114936003,0.973475286
Arhgef10l,-0.748955792,-0.565642732,1.5273647
Sh3kbp1,0.011911226,-1.061551888,-0.157249999
Abhd4,0.206178435,-0.669519803,2.685731686
Npnt,-0.675185005,0.460087398,0.560067723
Trim62,0.049610185,-1.047874965,1.089694637
Iffo2,0.021872874,-0.531808148,0.193704289
Ramp3,0.816627124,1.756989563,3.124081857
Slc7a13,-0.503577159,-0.456874128,1.984029773
Wdr43,-0.03903887,2.28305256,-0.971529716
Pif1,0.802103466,-0.86720047,-0.739757937
Nacad,-0.014981717,-0.992199883,0.67879438
Ostc,0.029951049,1.579381306,-1.20869629
H2az2,-0.184392868,-0.785437518,0.255218453
Chrnb1,-0.249913066,-1.303448917,0.038140264
Pla2g2d,0.303604797,-0.403790926,0.067332453
Map6d1,-0.202375881,1.070093298,0.826601012
Yeats2,-0.102169375,1.061117402,0.98937085
Elovl6,-0.163375294,1.37217703,-0.812556291
Ublcp1,-0.02116087,-0.133926649,-0.057273562
Pklr,2.062330436,0.613547641,-1.821693963
Wnk3,0.162462446,1.997628958,-0.559275062
Lamp3,0.356347905,-2.356026293,0.646364437
Kcnj1,-0.710977929,-1.278125964,0.832370461
Uspl1,-0.153950487,1.296323229,-0.879372875
Nkx6-2,-0.235300275,-1.674901182,0.25676245
Ak7,0.922724738,2.497925805,-0.585244179
Atp1b2,1.466437769,1.533116856,-2.782644932
Bdkrb1,0.400846847,2.321731838,-0.23895172
Rap1gap,0.555196936,-0.869041247,-0.025364403
Rgl2,-0.24233979,-0.200290188,0.080103351
Ssr2,0.012705923,1.182591112,-0.678298989
Pum3,0.039407975,2.457848045,-0.819313838
Shtn1,0.443846859,-0.275118626,0.130875564
Cldn5,-0.490127296,-0.493556636,-0.582011494
Mdfic,0.311787555,0.363007072,-0.949612619
Nthl1,-0.820753354,1.513295718,1.074232891
Ccnb1,0.460562116,-0.366545479,-0.387060454
Mfsd6,-0.188516173,-1.099037772,0.887376798
Arhgap32,0.274419737,-0.664038472,0.481487817
Mmrn2,-0.519545233,-0.712633189,1.32109623
Gpr12,0.607394811,0.179225465,1.881142341
Serpina3g,0.419347878,-0.358132599,-0.205467296
Piezo2,-0.035859189,-0.381986943,0.801535622
Rrp9,-0.045138727,2.477806696,-1.048569351
Irf8,-0.08754476,0.519836624,-1.096052895
Ago1,-0.089801881,-0.055485353,-0.165920747
H2-Ob,-0.29387175,-2.127956213,0.332451928
Prelp,-0.139017733,1.223807806,1.046833133
Entpd3,0.010083426,1.631113247,0.529078603
Gucy1a2,-0.766084363,-0.504209121,1.084563868
Mrps27,-0.009867747,1.726489653,-0.438257821
Kctd12b,0.270779419,-0.661664204,0.075369691
Kif21b,-0.139833091,-2.073017381,1.091699066
Klf8,0.334040602,-0.973874849,-0.0555745
Rims1,-0.108330114,-1.22036869,1.905641557
Lrrc18,-0.02391022,-0.037626055,-0.294295139
Fcho2,0.051756722,-0.795213096,0.471317367
Cox6a1,0.054594567,0.971815938,-0.828950722
Tmem273,0.671643021,-0.150958189,-0.444030623
Ubr7,-0.140400349,0.794694891,-0.872592435
Gm20604,-0.126088071,0.534022226,-0.423767828
Kirrel,-1.013869458,0.188578451,1.320564781
Tspo,-0.216132856,-1.350572381,-0.052143657
Utp15,-0.099660099,1.851644815,-1.068171312
Cd1d2,0.994806192,1.528711887,-1.379348647
Trem3,0.802713678,0.225172999,-0.253667721
Gpr155,-0.232974295,-1.212210221,-0.246197502
Ubac2,-0.12527178,-0.271283131,0.063068261
Enc1,0.165684796,0.234868978,4.381808064
Ydjc,-0.041886581,1.929059424,-0.745174345
Tram2,0.014028306,-1.338030648,0.461785467
Abca9,0.28193481,-0.558635674,-0.203202469
Phlda3,1.114919775,-2.881930954,11.61101833
Efhc1,-0.112184208,-1.788955002,0.852320646
Oasl1,-0.383252029,-0.130949951,-0.590443456
Ptpre,-0.108337516,-1.032741009,1.024680336
Fhdc1,1.361275208,1.734118231,-1.637679218
Rhod,-0.721609436,-1.790696664,8.092285002
Card6,-0.018733201,-0.723779119,0.31452338
Oosp1,0.713294361,0.239273444,0.10882178
Mcm3,0.083756732,1.500867805,-1.29131315
Shisa4,-0.120578662,2.852315544,0.50625244
Wipi1,0.308017037,-0.833283433,1.838342199
Tdrkh,0.484313737,0.730909666,-0.898536788
Ammecr1l,-0.081810112,0.104007626,-0.366672244
AW549877,-0.05637623,-0.093332744,-0.192426822
Agrn,-0.04267429,2.194631292,1.206163237
Mfsd9,-0.018296345,-0.995685777,0.563860919
Tnfrsf18,-0.019411789,-0.405379142,2.6963307
S100a10,-0.300127931,-1.041185958,1.876012836
Arhgef11,-0.119885987,-0.534745747,0.213397638
Hrnr,0.67561779,0.224323623,4.818500317
Zbed3,-0.012598214,0.036686683,-0.488695614
Acacb,-0.446009597,2.086795551,0.110298359
Ncapg2,0.55984896,0.243747231,-0.801691688
Myo3b,0.015413318,-1.597997282,2.968585341
Tmcc2,0.089169916,-0.826102492,0.079122042
Abhd14b,0.074231411,-0.561547081,0.35475401
Hnrnpf,-0.009832533,1.177977735,-0.830743832
Kank3,-0.411219048,1.334819994,4.019429421
Dmgdh,0.418896015,0.171000265,0.213634699
Ccdc115,-0.167573138,1.465278395,-0.833725788
Ssh1,0.163172505,-1.328581015,-0.097640788
Rassf4,0.212263723,-0.926091625,-0.227931246
Dzip1,0.438303409,-0.447363384,3.975918915
Pnliprp1,-0.045690091,0.224372383,5.602763934
Bend6,0.148215473,-0.288186915,-0.090497843
Slc35f2,-0.084921933,2.790467477,-1.412229001
Abhd14a,0.046631439,2.374253871,0.210420293
Bag2,0.359587948,2.40870088,-2.107486561
Lyn,-0.045598666,-0.209692681,-0.104142463
Rabif,-0.063627213,0.614021609,-0.562773104
Ptchd4,-0.736570941,-1.014456417,4.038184871
Trem1,0.412776533,-0.829231276,0.960013885
Nxt2,0.084632455,0.175538277,-0.490134461
Itga1,0.05034048,-0.381778699,-0.180198838
S100a13,-0.026053894,-0.615976503,0.034719864
Specc1,-0.261176091,-0.757578164,0.305338745
Ikbke,0.411883369,0.145188334,3.855782629
Grap2,-0.150163767,-1.095168284,0.72323558
Frem3,-1.441529054,-0.628355306,1.826765021
Gnl3,-0.022083401,2.877686815,-1.188798831
Lgalsl,0.103843567,0.926660747,-0.893425042
Fam83g,-0.024046959,2.000138367,0.466329825
Esm1,-0.535611427,-0.741099787,0.827079932
Atf4,-0.07416066,1.686416019,-0.834650583
Prdm14,-0.045787921,5.367321569,0.552053044
Ccno,3.416485723,4.458145273,-0.75876885
Dhx29,-0.01015128,1.646417725,-0.860917886
Zfp532,0.298390776,-0.443690443,0.510477094
Mindy2,-0.155312616,-0.700189573,-0.278750109
Mybph,0.664387386,-1.578701329,1.316298659
C1galt1,-0.269859943,-0.163811523,-0.343545035
Dctpp1,0.009346246,3.085522919,-1.401649799
Fcmr,-0.157084629,-0.236004041,-0.514823688
Leo1,0.018677934,1.608540943,0.530139644
Hoxd11,0.101623432,-0.178643988,3.224126579
Ago4,-0.059507823,-1.825870945,0.856835695
Usp22,-0.141581883,0.477309828,-0.570110203
AA986860,0.08832429,2.191592488,-0.088131651
Klhl14,-0.20575867,-0.794613471,-0.006384802
Sun2,-0.058099086,-0.439875955,-0.054058617
Adprs,-0.164843261,1.245586499,0.806508034
Ipo11,-0.024356133,1.440180211,-0.8264126
Kdm7a,-0.115022019,-1.173954568,0.449116957
Hirip3,0.201061015,2.938397598,-0.991123062
Stk40,0.010698024,0.140272636,-0.431024102
Pbxip1,-0.009325016,-0.793648112,0.711312044
Gucy2c,0.916123641,1.883219473,0.658750638
Itpr3,0.006811535,-0.545469933,0.115762893
Alkbh5,0.076048453,0.482833615,-0.881579748
Shisal2b,1.429681682,2.667046105,2.363208947
Wdr55,-0.055388077,2.125981063,-1.195990594
Dusp15,-1.476131105,-1.206086953,8.107347914
Ypel3,-0.283064299,-2.484250461,2.390395836
Jph1,0.054218998,-0.539804409,0.677923831
Mapk6,-0.180409317,0.822794221,-0.712063781
Sipa1l1,-0.058328132,-1.007796371,0.424176155
Naa25,-0.105024731,1.726893471,-0.681115691
Map3k9,-0.061627216,-1.257942794,2.552308375
Trafd1,0.071949006,-1.016386874,1.241923184
Wdr74,-0.137265188,2.28762646,-0.6936925
Ttc9,-0.333561046,-3.266017855,7.156879279
Dpm3,-0.19099744,-0.121948775,0.213559352
Id1,-0.706064924,1.422743506,1.389411977
Tmem108,-0.425382385,-2.299620485,3.153247382
Apobr,0.690013532,-0.103378199,-0.035485789
Maneal,-0.303570373,1.156638314,-0.522632994
Trim46,-0.173378375,-2.809528407,1.305528756
Hebp1,0.507878602,-0.093009308,-0.012440592
Muc1,-0.441415123,-1.766395676,1.367716769
Krba1,-0.185140405,-1.116395744,0.661716153
Gpr151,-0.061365384,1.023012322,-0.910621158
Snai1,0.040693245,3.842605996,0.262271774
Fgf11,-0.102095547,-0.629482503,1.444763089
Nrep,0.069914251,-0.149120525,0.834907545
Wfdc12,-0.116968018,-0.646455513,0.545799057
Zc3h6,-0.215582695,-0.837149905,1.724510675
Aida,-0.117391587,-0.61354073,0.204234788
Foxo4,-0.10891532,-0.517977992,0.234118322
Egflam,-0.792882477,0.458298375,1.847007366
Sbk1,-0.276147442,-1.520563488,1.070694225
Ifnk,0.021113317,-1.143163347,0.168864134
Gng2,-0.055162098,-1.133385978,0.130166775
Klhl6,-0.13759209,-0.988131683,0.263889109
Ptgir,-0.405230214,-0.446811252,0.722044011
Spice1,-0.038139526,0.059213783,-0.335713372
Dpy19l1,0.123906646,0.993561931,-1.227779864
Synpo,-0.091773578,-0.020894854,0.973992486
Hic1,0.411982413,0.997893777,4.025185833
Qrfp,-0.38186406,-1.945407769,0.491680031
Lrrn4,-0.538597015,-0.080532859,-0.042807507
D830039M14Rik,-0.213876894,-0.519149178,-0.014810117
Mob1a,-0.000363826,0.785802706,-0.797323108
Crppa,-0.12922823,-0.809588584,0.027876836
Hpdl,-0.073901409,1.540038916,-1.523784626
Arl11,0.734948188,-0.521458392,-0.170440108
Niban3,-0.61581461,1.455888931,0.868221747
Tmem64,-0.091558483,0.492116726,-0.802181118
Pigv,-0.125786521,-0.741015325,0.425138445
Hoxd9,-0.515916224,-0.72846886,1.905897678
Gm6741,0.031299944,0.513615943,-0.757448843
2510009E07Rik,0.388733487,-0.19340417,-0.162947521
Otud1,-0.331282943,-1.589983796,0.582219401
Rnf227,-0.15847895,1.635068275,-2.138988485
Eif3j2,0.049646439,1.945391193,-0.72339063
Psapl1,0.009413857,-2.482434031,0.920494501
Leng9,-0.158556103,-0.110485215,-0.006323222
Pgp,0.023119355,0.961600115,-1.19809779
Adam30,-0.244769448,3.360551631,1.360528384
Gm6863,-0.382226158,0.212456492,-0.491516435
Acot6,0.550083153,1.565292483,0.089537867
Tril,0.144828322,-0.764038565,0.855256728
NA,-0.146265402,-0.255600208,1.043598958
Gimap5,-0.154006107,-0.062935303,-0.228586654
Setx,-0.137093919,0.008212287,-0.226370375
Fam90a1b,0.60877406,0.064252387,1.978467035
Unc5cl,-0.295753095,-1.003565139,0.763256496
Eif5al3-ps,-6.082200361,2.157092266,-0.580994005
1700019D03Rik,0.331946667,0.447225596,-1.401757236
Fam221b,-0.218782859,0.914871317,0.161250301
0610009L18Rik,-0.410289806,-0.602828744,0.532987075
Fem1a,-0.045986656,1.04709075,-0.877183003
Pkhd1,-0.74967763,0.19358042,5.570225356
Gm12481,0.12000851,0.044282452,-0.367497343
1700048O20Rik,-0.152331131,-0.389151191,-0.249138961
Vwce,1.725438869,4.086979483,-0.529029915
Kifc5c-ps,-1.474633285,-4.204293128,8.066071187
Oaz1-ps,0.277513852,-2.386163228,2.944859787
Clec4a3,0.473567078,-0.592706232,-0.080453529
Taf10,0.010947193,1.304054317,-0.792479919
Zmym1,0.065840515,0.917322849,-0.892261775
Chil5,0.030713507,-1.734020939,0.279757644
Kbtbd7,-0.084171863,0.386239641,-0.419764953
S1pr2,0.840372958,-0.418079828,-0.661740846
Olfr544,0.375269282,1.356307706,1.632239911
Gimap7,0.206864642,-0.382654808,-0.502850567
Klri2,-0.220792364,-0.075934907,0.357414569
Wdfy3,0.597008684,-0.919714096,0.365402302
Naalad2,-0.19642295,1.681919556,-0.735069835
Cep164,0.022707988,-1.027703995,0.971842293
Gls2,0.13068643,1.934636876,-0.572887525
Cilp2,1.073066338,3.294373472,-0.429708235
Mrpl50,-0.098356303,1.41004499,-0.745296761
Rell2,0.001786041,2.250468745,-0.308685725
Npb,0.542243687,1.141368378,-1.672358782
Als2cl,-0.161787589,-0.450911066,1.473673821
Ccr10,1.41792065,0.133001987,-0.152823767
Gpr22,-0.338934652,-0.291015376,0.046511899
Eml6,0.322142803,-0.839595045,0.794821565
Efcab8,-0.118889106,1.498960519,2.156145158
Arf6,-0.131334646,0.518433868,-0.766183387
Nkrf,0.00078427,2.044444156,-0.497841084
Hepacam2,0.50365323,-1.502610985,0.762306963
Tnip3,-0.085475114,0.029240922,2.09825549
Bcl2l15,0.658146308,0.546601892,1.865279638
Ptx4,-0.04578069,4.520923061,1.695969863
Gpr146,-0.196822098,-1.690700511,0.571165793
S1pr4,-0.357174472,-2.298900159,0.37519309
Vsig4,0.191870524,-1.006179212,0.682782379
Nkx2-3,-0.700831587,-1.481601826,1.522698456
Nxpe4,0.152588719,-0.220129443,-0.326530785
Nhlrc1,-0.317186877,2.139616101,-0.548485057
Pcsk9,-0.418280238,1.028385356,0.144111591
Crb3,-0.010864965,-1.310016901,0.355819783
Ubb-ps,-0.309959816,0.280932484,1.241514683
Apol7c,-0.472901369,0.50572544,-1.540564878
Mab21l3,0.798853631,-0.295293915,-0.160041794
Trp53i13,-0.126805464,-0.830275182,0.640292074
Gm9790,-2.382586188,1.059300897,2.343282138
Ackr3,0.524534422,1.290001467,-1.097821086
Aplnr,-0.492764261,-0.965680594,-0.178370091
Slc25a53,0.023096026,-0.052293991,-0.338515605
Lacc1,0.278576438,0.383973185,2.97777487
Sowaha,0.578933454,0.071688634,-0.296758616
Cxxc4,0.02982428,-1.074323454,1.482132011
Gm13080,3.040727103,4.268441284,-1.415318008
Adig,0.788773904,2.428998041,-0.257501766
Sptssa,-0.070238002,0.383156273,-0.584071226
Gm9493,-0.768309846,-0.295721434,0.567416121
Gm9791,15.26510045,16.15558145,-11.45281415
Ffar1,0.130216387,0.253355936,-1.134557279
Rin3,0.119932404,-1.417168766,0.071274278
Fam160a2,-0.022226962,0.330429452,1.705950674
Tent5c,-0.950565209,-1.391380513,0.81221036
2510039O18Rik,-0.082987622,0.341664183,-0.458456951
Zfp758,-0.193243747,0.221140543,-0.667100029
Rps2,-0.013374994,1.602994839,-0.348416583
Ackr2,0.614676493,-0.681703769,-0.931193523
Rasip1,-0.215903761,-0.32257656,0.714358951
Tlr7,0.074025927,-0.251158838,-0.645749008
Cnrip1,-0.105971202,-0.666940657,0.368634536
Pard6b,0.16000005,1.769842763,-1.092414881
Ly6k,1.74269316,1.89966274,-1.94138272
Phf11a,0.188218439,0.066107524,-0.484026332
Kcnj10,0.839607306,-0.054165492,-0.122506779
Gemin7,-0.119788778,0.304134976,-0.663653375
E230025N22Rik,-0.00618318,2.277945433,-0.565870487
Serpinb1a,-0.42844411,-2.875700249,-0.489925841
Klk14,-0.117795423,-0.106871814,3.095574825
Abca6,-0.952065561,-1.704937586,1.756595314
Gm6430,-1.339639561,0.481624011,-0.929388145
Trmt10c,0.010513731,1.705770319,-1.106084582
Scml4,-0.232245411,-2.34428727,1.498079888
Hjurp,-0.289928434,-0.237594597,-0.029925648
Cd300c2,0.273216036,-0.271329294,0.258996035
Olfr543,-0.172118374,0.698207727,1.733775949
D630023F18Rik,0.092499726,-0.042682571,2.043687624
Olfr545,0.046623942,2.003078023,2.088785513
Lsm11,-0.086145216,0.951126969,-0.927853024
Ankrd50,-0.019590114,-0.533133289,0.443153872
Zfp367,-0.021832964,0.185297655,-0.78388046
Ubtd2,-0.102399453,1.819039498,0.091543295
Mylk4,-0.09783033,-0.124073884,1.995652753
Fzd5,0.019110864,0.071798369,1.796830878
Tubg2,0.247421746,-0.822344878,-0.649481464
Prss22,0.076517575,-0.606205734,1.538632849
Prkce,-0.168242427,-1.712682104,1.988293021
Megf8,0.097492556,-0.723097531,0.545470211
Lrfn4,0.089622091,2.202772945,-0.666299603
Kcng3,0.338205242,2.299197227,-0.159587686
Zc2hc1c,-0.022645902,0.578488345,-0.545631638
9930022D16Rik,-0.363416328,-0.990655812,0.369394748
S1pr1,0.062722946,-0.676831543,-1.833190493
Arhgef37,-0.346948416,-0.179336225,0.18768569
Magi1,-0.198472313,0.173696376,0.525457098
Olfr1445,1.720778902,3.027129221,-0.106755198
Tubb2b,-0.206224698,-1.18535202,0.65399721
Pigw,0.010213481,1.631885884,-0.766460701
AI467606,-0.321435884,-1.246308435,-0.154114015
Borcs6,-0.349537225,-0.022038087,-0.081613601
Asxl3,-1.045696724,-0.382570502,2.013256996
BC106179,-0.274990366,-0.673877063,0.444399354
Rln3,-0.354626843,-1.595302026,0.210293856
Eola1,-0.179740046,0.452076212,1.454242639
Zfp688,-0.194715624,0.024366447,2.276686987
Ush1g,-0.217163239,-0.713292845,1.794004686
Insig1,-0.257178878,2.012918437,-1.469396636
Fndc7,0.051253068,-0.993389068,-0.033034636
Cenpe,0.606662703,-0.306131247,-0.607741598
Nyap1,0.044624141,-1.012682044,1.403085351
Sh2d5,-0.307739955,2.811986089,-1.082380438
Fam186a,0.675570691,3.885744276,1.720079621
Tnfrsf26,-0.167483992,-1.149535758,2.790457936
Wdr81,-0.136862752,-0.582401274,-0.035341357
Tmem88,-0.039870338,0.161940779,-0.333279947
Cxcr4,0.23452188,-0.031089632,-0.293596847
Epcam,0.557250882,-0.236901764,-0.634763354
Kcnk13,0.211926607,-0.543932317,0.225968288
2410002F23Rik,-0.178119599,1.692072368,-0.677245954
Tmem60,-0.225176833,0.410883671,-0.505718652
Gm9797,0.293646646,3.398922213,-1.986395366
Sys1,-0.168762641,-0.078692525,-0.217336512
Ddx28,-0.172459421,1.218663117,-0.713478897
Fpr1,0.528378076,0.801175014,-0.788725831
Penk,-1.209711223,-0.638860246,3.294940675
Sh3tc2,1.183151008,-0.664768268,-0.908781246
Mtus1,0.536891019,0.093572654,0.021237609
Vwc2l,-0.00406892,-2.05490553,1.487043539
Plekha7,-0.156610902,-1.051676693,5.322601102
Henmt1,-0.867209356,1.224575281,0.76948969
Cdc42ep2,0.223849801,0.112371481,0.02245487
Mfsd5,-0.116764942,1.173436652,-0.843397273
Togaram2,-0.714920482,0.305758335,2.732262178
B230219D22Rik,-0.163505808,0.34799131,-0.369277413
Slc16a5,0.321016334,-0.317121872,-0.04090091
Gm9800,-0.271441264,1.213959376,1.308623006
Hsf3,0.579390253,-1.518713904,-0.396593454
Ptprcap,-0.295123875,0.409098036,-0.509303423
Serpinb9,0.283221163,-0.047373163,-0.37105009
Gvin1,0.020977729,-0.561147571,-0.675329228
Gm9803,0.185561074,0.524459732,-0.301406236
Gm20715,0.198064235,-0.666257073,0.373243221
Clec14a,-0.26499204,-0.409730378,0.31481902
Ifit2,-0.048065013,-0.808843639,0.034215787
Mrps12,-0.053099572,1.61048753,-0.810308818
Cavin2,-0.326729614,-0.628944809,0.402125279
Gpr158,-0.045716955,0.224332822,5.802491368
Eif4g1,0.086545003,1.816179972,-0.471781842
Polr2k,-0.133677099,1.345762108,-0.789860867
Gapt,-0.027117098,-1.46408011,-0.384669043
Pnlip,-0.045633673,0.224449049,7.672810457
Calhm6,-0.07689826,0.052187653,-0.931088724
Rp1l1,1.368987067,0.531187119,1.526380498
Clec9a,-0.464391067,-0.277520937,-0.244496703
4931422A03Rik,-0.208961517,-0.681973125,0.154430667
Tmem229b,-0.118414714,0.188883189,-0.692712424
Kcnrg,0.046809395,-0.393591576,-0.551413517
Adamts6,-0.410941482,-2.073974733,0.450602422
E2f8,0.557863824,0.344786779,-0.783450246
Cd109,0.698590396,0.541176674,2.299959969
Pik3r6,-0.122034388,0.169647609,0.378897006
Plaur,0.191821775,-0.131793107,-0.17405142
Scand1,-0.100608775,-0.899898391,1.326071448
Hepacam,-1.457417793,-2.170517256,6.189930195
Pilra,0.454251566,-0.380225541,-0.062940608
Olfr1444,-0.481208295,1.340388244,0.415041769
Stxbp6,0.052295345,0.077588031,1.850744407
Hs3st2,0.778339056,0.15550415,0.035797431
Gm6195,-0.096515684,-0.498493814,-0.672730534
Gm11223,3.689806197,4.606730445,0.447962111
Jrk,-0.22438851,1.36047599,-0.604498204
1700067K01Rik,-0.110186598,1.368491245,-1.486136734
Lrrc75a,-0.102652742,0.162800962,-0.60360428
Gm5564,-0.174634503,0.855210929,0.696349953
Cmtr2,-0.084689784,1.535802585,-1.035543015
Ppm1e,-0.63852588,-0.259122412,0.343249571
Nexmif,-0.30466371,-1.035485746,5.015177032
Tmem150b,-0.522971183,-0.808104129,0.295422314
Scn4b,-0.776266628,-1.491707283,6.955832221
Golph3l,-0.09688621,0.392898067,-0.421474181
Spin2c,0.908765149,0.250233173,-1.735013101
Unc119b,-0.038229928,-0.200746203,-0.394088116
Tmem215,-1.882560777,-0.852635155,1.159304959
Bdh1,0.21757248,0.816553285,-1.157898052
Pkd1l1,0.590870051,2.751660695,0.275755632
Gm7729,1.05890713,1.627870792,-1.430772557
Cxxc5,-0.314609697,-1.017420057,0.791619762
Tifa,-0.382715724,-1.117507268,0.388514334
Chtf8,0.042282267,1.208411152,-0.895918173
Rpl14-ps1,0.127734256,1.078382028,-1.585424441
Cdc42se1,-0.18354165,-0.52275236,-0.124875203
Gprc5a,-1.037832907,0.774166691,5.015055163
Fat4,-0.599375472,-0.475261262,0.934864326
Mrps7,-0.104420195,1.579509324,-0.93408177
Fam83h,-0.020493653,0.348102583,2.595180051
Rhoj,0.056069824,-0.237316461,1.118660236
Mpeg1,0.509490751,-0.443234379,0.376471632
Lrrc75b,-0.142806421,-0.726717443,0.564413248
Ddit4l,0.357538974,-0.558837766,4.10113464
Mettl21e,-0.070530672,-0.666619979,0.045787563
Ckap4,0.412546353,-0.924767664,0.083521192
Pip5kl1,0.462263604,2.546115811,-1.252119274
Gpr1,-0.447965905,1.632562112,-0.496402422
Hectd3,-0.053237573,-0.998314331,0.132177055
Fbl,0.094485595,2.500743459,-0.568486149
Atxn1,0.529982757,-0.119039989,-0.456186676
Irgm1,0.028791328,1.039032017,-0.984954069
Zfp740,-0.186225622,-0.142576325,-0.170084355
Nqo2,-0.037917172,-0.951227271,0.491996262
4930432E11Rik,0.520053748,-0.095828663,2.476093993
Gpr156,0.351680296,-0.74619601,-0.039320725
Pla2g4f,-0.389777062,1.3566129,0.060087465
BC053393,-0.146550999,-0.345118824,0.215551628
Mars2,-0.215793015,0.364728317,-0.444358988
Zfp41,-0.246054163,0.518676781,-0.336868479
Fbxo41,-0.5450952,1.512675346,-0.509120331
Tmem164,-0.044601222,0.04675918,-0.297853284
Dusp28,-0.119535053,0.030305684,-0.241128323
Tmem198b,-0.235726602,-0.726176846,0.61169198
Dnajb7,-0.030991792,0.0373808,-0.562480427
Cltc,0.013196285,0.382851104,-0.558455646
Cd24a,-0.311930991,0.624605195,-1.087638496
Neurl3,-0.204401482,-1.647236786,0.843679144
Samd14,0.493777877,-0.493218135,0.558543921
Dync2h1,-0.298360195,1.377017011,0.351066099
Gm527,0.050890638,-1.30673268,0.431818329
Taf9b,0.098699939,0.257979122,-0.59965053
H2bc6,-0.29310653,0.111032689,-0.303523956
Ptgs1,0.348854451,-1.17859743,0.166566638
Emc6,-0.077575036,1.590419749,-0.806818799
Zfp358,-0.104890529,0.297570255,-0.296004984
Gpr15,-0.097709236,0.23403767,-0.260490087
Smgc,0.410772236,2.288065225,0.935372215
Kcnv2,-0.095565037,4.857147485,-0.11844242
Mettl21c,-0.403156984,-0.049456441,-0.099095107
Lancl3,0.86681543,1.342160113,-0.417451652
Cstad,-0.284609689,-0.875439944,1.009064665
Abhd17b,-0.145503248,-0.415810109,-0.688660697
Gm7367,0.222833758,0.310128141,-0.390354243
Flrt2,-0.868360976,-0.787241107,0.505791363
Gpr68,0.093397608,-0.484069398,2.748007212
Gphn,0.16072887,2.078467126,-0.340357194
Gpr141b,0.007627599,-0.424510258,0.567799954
Olfr1396,-1.398465917,2.367221717,1.084803101
Dmbt1,-0.549000056,0.58407073,3.834613624
Mafa,-1.371000745,-1.868230913,4.243229946
Paxx,-0.223452893,0.076935568,-0.341383574
Cd3eap,-0.094111467,2.295673175,-1.002037052
Rpsa-ps10,-0.527066184,0.185754691,2.533612788
Ust,0.190896985,-0.760855862,1.816436581
Samd9l,-0.181933235,-0.458665472,-0.525273619
Utf1,0.090899402,2.928584866,1.173442957
Fancb,0.054985071,0.716346444,-0.914861629
Atg16l2,-0.203966625,-0.438667538,0.247011701
Phf13,0.004364891,-0.295417776,-0.259648904
Sned1,0.065946017,-0.475572849,-0.501377358
Trim16,-0.71227206,-2.373772469,1.008854412
Pygo2,-0.110623144,0.113853857,-0.316853754
Cdca4,-0.127637267,0.794290218,-0.656746391
Diras2,-0.211253329,-0.99815191,0.754389218
Bri3,0.051675062,-0.280336558,-0.092592727
Bex4,2.066185436,-0.710111001,-0.573027936
Foxi1,0.485089628,6.084559161,-0.204625871
Gimap6,-0.262151575,-0.151497224,-0.314790959
A4galt,0.452929331,0.462853449,-0.726017298
Rell1,0.143466727,-1.118007763,2.006764153
Tshz2,-0.117959249,0.218793287,0.9731448
Npm2,-0.293740587,2.532621683,0.233865975
Marcksl1,-0.117506584,2.577584952,0.361429838
Rpl9-ps7,-0.367865223,0.086722639,-0.301931596
Dipk1c,1.005854084,0.641627247,0.009735237
Timm8a1,-0.463396922,2.49968141,-1.091854104
Neurod4,0.375618271,0.157756888,-1.75805094
Tmem229a,0.07707041,-0.38130181,0.248515118
Rgmb,1.003449949,0.085382234,-0.542395995
Tenm4,0.339297803,-1.777463095,0.638186631
Gm4737,0.404039738,2.277516105,0.504454384
Lmod1,-0.512303612,3.695683957,0.787918588
Entpd1,0.33123928,-0.804478254,0.206841007
Col6a3,-0.855331299,0.44953258,0.541463541
Nat8l,0.001571471,0.240264564,-0.642601966
Mcmbp,-0.105925583,0.486593866,-0.609149916
Gm8181,5.130061248,8.404048125,-3.787132543
Gpr85,0.445510984,1.918364732,0.667092864
Amigo2,0.400563719,1.307486146,-1.709464116
Crebrf,-0.202620801,-1.110885043,0.458014692
Bcl11b,0.118304396,-0.259680078,1.132175502
Gm4884,-0.045712799,0.224339332,5.512013055
Ckap2l,0.736080603,0.593959069,-1.20291882
Omd,0.672695811,-0.378005292,-0.577084069
Ranbp3l,-0.135281228,-0.755795314,0.305536044
Smim5,-0.102827424,-0.435033047,-0.297323131
Ccdc57,0.24384778,2.430501384,-0.211942686
Inka2,0.039662917,-0.160044353,5.574161703
Mypop,0.18684938,-0.341776211,-0.219820232
Zdhhc22,0.341066658,2.245031909,0.049375669
Depp1,-0.189732742,-0.758895108,0.005821897
Mmgt2,-0.040464455,0.029696899,-0.539949207
Cd300e,1.236877766,0.355164171,-0.694946661
Duxbl1,-1.210680544,0.312625512,0.730794524
Phldb1,-0.277038576,0.327499158,0.574523384
Nhlh2,0.05769535,-0.025218156,2.553948813
Myof,0.662105552,0.147327907,-0.995930876
Gm6377,0.614061703,0.169543705,-1.420420725
Ctxn1,-0.315717191,2.566569408,2.317478689
Mex3d,-0.127006668,1.377548865,-1.376935439
Speer4b,1.203040786,-2.219216442,5.094950198
Mcat,-0.083945968,1.040946754,-0.6560251
Foxo3,0.0579184,-0.628133139,2.457921948
Cyb561d1,-0.069775902,-0.356812795,0.088331005
Slc35e4,0.115547062,-1.569650169,4.19060484
Pkd1l3,0.138971174,1.737001271,-0.13544458
Gm12185,-0.095134844,-0.284220265,-0.425798861
Slc25a47,-0.472709368,1.634975174,-0.2498322
Cdk5r1,0.198424,2.356726331,0.024753266
Zfp710,-0.019951425,-0.105607292,-0.257971206
Rimkla,1.672224325,-0.851287679,2.65653382
Efna5,0.075925494,-0.308231642,3.52141892
Ccdc125,-0.237222177,-0.843814298,0.203384113
Gm6206,0.694900175,2.300637182,-1.162785804
Mrgpre,0.086982402,-0.870919619,0.94346669
Yjefn3,0.852172416,2.843671588,-1.027982148
Rapgef4,0.08311386,-2.805632968,0.695663663
Bmyc,0.186941956,-0.124980247,-0.175721917
Sephs2,-0.092132863,1.679299932,-1.056001135
Gpr137c,0.314812849,0.195228188,-0.556681984
Ccr2,-0.160347176,0.249611488,-0.051310976
Themis,0.107293461,0.216005025,0.87308216
Agtr1a,0.198095992,0.385692209,0.105651606
Frmd3,-0.094677387,-0.666916144,1.678564606
Gm8186,-0.00861544,1.363773063,-0.675366979
C5ar1,0.617264056,0.105789401,0.81605896
Flg2,0.6755952,1.621943233,4.828224277
Nrap,-0.409799973,-0.239561982,2.727709282
Zfp518a,-0.144168607,0.615975858,-0.586591858
Frmpd4,1.020629683,0.277199809,2.707414995
4930515G13Rik,-0.319328807,-2.82602951,3.333751917
Skint7,0.071353145,-0.641179849,0.882270572
Apoo-ps,-0.398822214,0.868275847,1.539083282
Gm7324,3.033417803,5.270393733,-1.959929882
Zfp219,-0.145045234,-0.964735704,2.399487247
Trappc1,-0.01741461,0.367380134,-0.600221661
Syt12,-0.385443107,-0.287868898,3.818565954
Sorl1,-0.096327615,-0.736814455,0.514990057
Fbxw13,0.014885924,-1.492547937,-0.72163889
Zfp2,0.002302925,0.800335477,-0.631821619
Kmt5a,0.098921007,1.809239838,-0.761107387
Tenm2,0.495813192,0.277699201,2.381147931
Retreg2,-0.057703194,0.228792552,-0.691815238
Zg16,-0.276516223,-1.661731051,2.083747495
Gemin4,0.681757886,2.681029683,-1.275428724
Prokr1,0.315184495,1.962349431,-1.685215106
Zfp683,-0.088407671,-0.811515284,0.724227158
Chchd10,-0.187633915,-0.262664376,-0.840714599
Aff4,-0.101546907,-0.625843345,0.286288562
Pls1,1.155464944,0.760021991,-0.43307496
Cdc42ep1,-1.032747414,-0.926458829,1.37137311
H1f1,0.123960476,-0.292449606,-0.536954175
Fzd9,-1.363697065,2.67339253,-0.001935483
Polr1a,-0.051115409,2.078794298,-0.572561978
Tmie,0.113921742,0.161519748,1.579595243
Cfap46,0.067382378,0.243178623,2.18477158
Tsku,0.208931671,-1.571554365,1.815877652
Grm5,-0.179266534,-0.744190402,0.469409639
Ccdc69,0.097085297,-1.021055892,0.070713565
Gpr55,1.009285361,0.117497622,1.557328383
C1ql3,-1.359916891,-1.119757281,3.134900085
Gpr3,-0.072275628,1.979621463,1.000879786
Pheta2,1.326453591,0.854634339,-1.179222645
Rxfp4,-0.135244683,0.417653037,-0.894392791
Arhgap15,-0.266003908,-1.686629642,0.439922187
Rpl36al,0.079713979,1.509877911,-0.81897818
Micos13,-0.130620397,1.179712753,-0.548364463
Tmsb4x,-0.0426231,-0.107559104,-0.374545668
Sertad2,0.090047114,0.02648234,-0.472327792
Rbx1-ps,-0.581661799,0.974451622,0.418580219
Nlrc3,0.006855258,-1.198712473,0.239203406
Vcpkmt,-0.210572236,1.574365841,-0.401068451
Rasd1,-0.612842167,0.444903295,3.38467177
2610318N02Rik,-0.130992166,2.736754071,-0.637035266
Slc35c1,0.035149858,-0.716055865,0.330194499
H2ax,0.335928365,0.683744993,-0.873301609
Rpp38,-0.079995545,2.408798692,-0.98370422
Mrps16,-0.195526917,0.665682608,-0.305691396
Lrrc25,0.352537805,-0.692450868,0.302839307
Ppp1r3d,1.725490594,0.319074336,0.384122571
Apol10b,0.577020093,0.044270085,1.454755141
Fhl4,0.120507045,0.885576752,0.964699482
Tmx2,0.066177607,1.149087063,-0.930095027
Gpr171,0.572670918,0.879373874,0.460458779
Vwa3b,0.672617239,-1.150822493,1.657383574
Sarm1,0.130417904,0.639528259,1.611423683
Eif5a2,0.080213897,0.534195008,-0.892341774
Scd4,-0.157440571,0.521171439,2.085085762
Lgr4,0.263970112,2.024364927,-0.74176734
Eva1b,0.011227724,-1.044099827,0.117489077
Cxcr3,0.304468711,-0.396782201,-0.281623318
Gm5446,-3.894275302,-3.624148623,12.39903649
Heatr1,-0.047883864,2.560880717,-0.933935824
Evc2,0.306610395,1.017783777,1.090371614
Ndufaf6,-0.310608316,1.634982071,-0.693086434
Lgals3,0.476338925,-0.585628907,0.840761295
Gpr18,-0.040350698,0.261234022,-0.660815743
Hoxd10,-0.095928855,-0.81273192,3.514063371
Il31ra,0.243874776,-0.644007266,1.495966465
Septin6,-0.052127448,0.00219449,-0.234703918
Tcf19,0.376963232,0.668164942,-1.355111583
Cyp8b1,0.576479158,-0.750223931,-0.342941933
Fam167b,-0.168370612,0.015538656,-0.513509603
Mgat4f,-0.502018095,-0.693910265,2.15261183
Gm9845,-0.44621691,0.700167974,0.670268095
Hyls1,-0.039788359,0.656190633,-0.894137759
Mmp13,-0.575081443,-0.312782991,0.767490391
Zfp831,-0.172530767,-1.914523646,0.864448635
Zfp61,-0.244029824,-0.541175905,0.317994359
Rps27rt,0.093498495,-2.575243082,4.30045178
Gpd1l,-0.392346692,-0.736609539,-0.371417027
Trhde,2.360149469,0.15764438,1.843605473
Vstm4,0.652348785,-1.061467302,-0.117992252
Ism2,-0.356194213,2.220074241,-1.378934305
Emilin3,0.033764202,2.906303649,1.408871607
Plekho2,-0.016586809,-0.24830069,1.979671531
Arhgap42,-0.045754737,-0.626544886,0.360588436
Vamp8,-0.147329538,-0.524157279,-0.07047737
Pgbd5,-0.424747497,-0.966630715,1.605498166
Gp1bb,-0.306783885,-0.888674578,1.746241418
Tmem37,0.069920815,-0.84269014,1.151552009
B3galt6,-0.348246643,1.553644225,-0.418342954
Fam131a,-0.313915855,-0.716641267,5.531400616
Slc29a4,0.245010521,-1.938298874,0.650157339
Cdh20,0.589466475,0.016438777,0.363475158
Atp5k,-0.086580386,1.490375681,-0.589359099
Phospho1,-0.716766652,-2.204182688,2.189209682
Tmem123,-0.113230038,1.574996166,-1.295802909
Ankrd37,-0.144364788,-0.159727555,-0.219084582
Dcaf12l2,-0.17317856,-1.156817095,2.479124878
Map10,-0.415495468,0.260462621,0.085596844
Efcab5,0.059626339,-1.044314526,0.933604076
Gja1,0.068372122,0.124415341,1.687678646
Insl6,0.38041031,-0.787857428,-0.72831685
Prkca,0.058323777,-0.82613022,0.063579683
Apol10a,2.97301428,0.027709585,-0.565840423
Adgb,0.829849354,-0.223237289,0.074324613
Fam160a1,0.614442145,1.985737387,-0.425087907
Hs3st1,0.573302273,-0.232381113,0.170294957
Rgs13,0.207122022,0.528753452,-1.483377717
Mblac2,0.022173432,-0.22935861,-0.221091161
Gimap9,-0.166266094,0.22399651,-0.805731894
Gm6293,-0.233172236,-1.745653869,1.600824958
Camk2n2,-0.478474271,2.487093576,-0.63787585
Adnp,0.369810352,-0.860218272,1.025967797
Commd3,-0.066318844,0.490740993,2.074326822
Zfp524,-0.040884717,0.124984598,-0.204830452
Fam174a,-0.157282596,-0.123695177,-0.235614136
Gpr183,-0.123608092,1.000415535,-0.944883753
Ercc6l,0.162449723,1.315266866,-1.391248246
Bzw1,-0.119302591,1.480429077,-0.776594305
Tmem199,-0.090312984,1.591830695,-0.536145549
Islr2,-0.389691361,-1.09509782,1.414941309
Gm6563,5.261270367,6.233000065,-6.737255183
Jagn1,-0.035510717,1.320947085,-0.864661721
Trap1a,0.520266926,-0.358180599,0.775900904
Nat8f3,-0.062053362,-0.113248356,0.025223188
Gdf6,-1.3500674,-0.347134181,0.975222919
Ffar2,1.003979435,-0.756059754,-0.676308465
Taf7,-0.136225435,1.705617549,-0.755557075
Mtln,-0.266290931,1.191909281,-0.453575875
Gfod1,-0.676197981,-0.898697102,1.556757916
Rab11fip5,-0.118674155,-1.371898884,1.656612095
Spryd4,-0.239615103,1.725986236,-0.329869479
Samd3,0.088768361,-0.094799805,0.283493394
Six1,0.33354332,-0.342767844,2.696950859
Kif18b,0.77380705,-0.021047569,2.519848245
Tacstd2,-0.149630276,0.48948416,-0.983479288
NA,0.135067659,0.607299103,-0.75239063
Fhad1,0.190491745,0.428492794,1.731075758
Bbs12,-0.030872054,1.297830206,-1.103414969
Spn,0.033081979,-0.683070252,0.460119375
Foxd4,3.700512141,3.31198277,-0.983918254
Kcnj16,0.053044882,-0.802871804,0.552317546
Ufsp1,0.236025861,1.137219727,0.724092624
Siglech,-1.12105801,0.157911213,-0.299067014
Rps19bp1,-0.045456016,2.156055661,-0.44976472
Gm5124,0.730707333,2.630780134,-0.21253908
Pusl1,-0.264683011,2.246160836,-1.235296475
Map3k19,0.267840594,-1.862184044,0.2752888
Rap2a,-0.001157471,-0.026260502,2.554668945
Krt9,-0.04571234,0.224340324,5.337095282
B3gnt2,0.01453048,-0.190970421,-0.362224718
AU021092,-0.273678885,0.556657715,-0.542908107
Dcun1d4,0.284362814,0.128315494,-0.541402661
Trim32,-0.021119107,0.677352315,1.590516246
Treml4,0.419338407,0.048104438,-0.08284114
Kctd14,0.024739131,-1.352889464,0.12763588
Ttn,0.111739463,1.165117555,0.422858915
Wfdc21,-0.899733077,-2.062454367,1.383983396
Nlgn2,-0.685844818,1.444087637,0.918585348
Adam6b,-0.221527453,-0.854163652,0.366247998
Cox6b2,0.071295351,-0.060774799,5.816902271
Sox12,-0.18976861,2.110356337,-0.574022116
Gypa,-0.787964776,-1.088418027,-1.373495195
Rtl8c,0.659101518,-0.755412964,-0.339490294
Sox6,1.335582651,-0.447782023,-1.0260953
Spats2,0.151222079,-0.220601648,-0.356270221
B3glct,0.139277537,0.139006187,-0.583987639
Tlr11,0.083253937,-0.552205086,-0.543694124
Erich1,-0.132548833,0.573208459,1.64923785
Igfn1,-0.373647154,0.18005445,2.770348859
Lax1,0.215728775,-0.436952838,-0.863912633
Tagap1,-0.245794393,1.692303761,-0.587077485
Klf13,-0.092243931,-1.198522194,0.4851228
Zfp217,-0.086489118,-0.434261545,-0.309983389
Rgs14,-0.143539132,-0.529252701,-0.619290156
Gnpda1,0.151340336,-0.586777181,0.073423308
Akr1b7,0.482243368,-1.88887681,1.109588084
Rasal3,-0.004980245,-0.754135878,-0.058958891
Plpp2,-0.355689427,-0.749009977,0.229631957
Pld4,-0.094552541,-1.046899383,0.367025154
Serpinb6c,-0.784937375,1.982277506,1.931620473
Cd177,1.927341474,0.795622499,-1.13129415
Ppp1r36,-0.525104669,-0.214622698,5.470959129
Dnah3,-1.393679206,1.876208572,2.557600961
Taf9,-0.243662071,1.030130123,-0.571229847
Cdc42se2,-0.100319416,-0.548368047,0.033520285
Hbb-bs,-2.320859929,-1.76525424,-1.932798117
Ankrd44,-0.199817378,-2.258041765,0.66498501
1700024B05Rik,2.552436935,1.614706844,2.07216062
Cx3cr1,-0.193748192,-0.726747188,0.864956042
Cemip,-0.3369934,0.875433285,0.457562162
Tmem106c,0.091926629,-0.186779074,-0.029058204
4921508M14Rik,-0.649736637,-1.156971215,1.10863042
Acot4,0.49114838,-1.841126411,1.530404647
Tchh,1.76859542,-2.259254255,5.029004368
Get3,-0.08195575,1.504383649,-0.759109014
Tcp10c,-0.045778379,4.395141398,1.995687448
Robo2,-1.221002174,0.368872581,1.194961312
Spdya,-0.181663195,0.619444053,-1.017734936
Pbx1,0.295990396,-0.516299232,0.389652158
St6galnac3,0.158178676,-2.055979718,0.912364568
D930048N14Rik,-0.174593076,-1.247809712,-0.594895457
H1f3,-0.523653227,-0.481737559,0.659300476
Serp2,-0.490505055,-2.750805985,1.821051205
Rnf103,-0.068456453,-0.91921042,0.451855074
5830454E08Rik,-0.272419115,0.01473969,0.480106003
Rap1b,-0.035809523,-0.103146587,-0.434766887
Jun,0.013832639,0.557601301,2.458868073
Rab7b,0.19669074,-0.492898524,0.605015627
BC004004,-0.046233772,0.065797437,-0.271716149
Klrc2,-0.126659225,0.363027179,0.574664357
Trim30b,-0.114934415,-1.443519157,0.582968478
Repin1,-0.107793704,1.481991306,0.051295093
Gpr25,-1.064139645,-1.184224443,4.053817503
Oas1a,-0.106808209,-0.949956852,0.213836234
1700030K09Rik,0.023893416,1.028106339,-1.166038918
Gm9892,0.086919657,1.388061601,0.38630734
Junb,-0.179259495,1.501320653,0.908548021
Dnah6,0.70681598,-1.028621206,1.717469156
Prkg1,-0.49881678,2.969506287,0.11317191
Glis3,0.394270884,-0.787117137,0.781696739
Cd8b1,-0.145987748,0.103642938,-0.171944392
Clec12a,0.069115878,-0.716785586,0.257207748
2700081O15Rik,-0.600750197,0.926211123,-0.393758841
Gm5129,-0.342301556,0.034228003,0.732687066
Mapk11,-0.120949155,-0.394338799,-1.052792499
Ptprt,-0.118027668,-0.06158073,1.20618036
Fes,-0.027473252,-1.195854865,0.463557235
Rpl18-ps2,0.645329694,-1.044305086,0.240906412
Prx,-0.721780435,-1.080998786,1.455668434
Aldh1a1,-0.556603436,-1.425242187,-1.180568594
Ddx10,-0.082075554,1.741982264,-0.489860986
AI854703,0.32149034,0.762485193,-0.88064448
Nrgn,-0.065871127,-0.27815507,-0.063597213
Slamf8,-0.144973402,0.405688433,-0.48987055
Phgdh,0.008602125,2.307801573,-1.374849268
Hhipl2,-0.404186881,2.208484987,0.448553294
Gm13534,-0.045780163,5.39325773,1.799650761
Tcf4,-0.014269457,-0.278443422,-0.384455153
Gvin-ps6,-0.067021705,-0.301489415,-0.168078849
3110082I17Rik,-0.062543084,2.581809655,-0.458788117
Smagp,0.388735836,-0.806983662,-0.15747919
Tanc2,0.114890439,2.031705913,-0.797795016
Zfp472,-0.299125099,0.975363304,-0.726636658
4930442H23Rik,-0.032245506,0.991025876,-1.017351102
Rpia,-0.228616176,1.171212251,-0.734766387
Sh3pxd2a,-0.103205639,-0.90998888,0.326902788
Plxnb1,-0.419800182,-0.370776059,0.817184293
Mast1,0.167108579,-0.737122621,0.430216788
Nebl,0.563017766,0.127099942,-0.961788619
B430305J03Rik,-0.045556282,0.224552238,11.21420729
Tmem39b,0.071726632,0.578317727,-0.830543626
Ptrh1,0.040496862,2.266195075,0.145870142
Exoc6,-0.13733938,-0.378747079,0.072472852
Grwd1,-0.160961804,2.853885531,-0.906450567
Camk2d,-0.031400314,-0.846570012,0.474790655
Gm9923,-0.266346973,0.74829293,-0.601712358
H2-T24,-0.133183599,-1.180062065,0.111324344
Lipg,-0.007533454,4.054818212,-1.031476297
Fpgt,0.096993423,0.564603837,-0.81879287
Ech1,-0.086498924,-0.473136606,0.117377222
Mat2a,0.03144036,1.884953865,-1.019725421
Nanp,0.669592039,0.877343402,0.436411493
Cnn3,-0.187676663,-0.834460932,-0.506016153
Lgals4,-0.079477034,-0.983194619,0.818211563
Gm9930,0.381715898,0.159793617,0.178617966
Tdrd9,0.326069647,1.272847712,2.319695681
Ndst1,0.134186842,-0.554144218,-0.189837281
Pkp3,0.022422422,-0.673607467,-0.080452513
Iigp1,0.962474343,0.114456556,-1.270964478
Utp18,-0.034299945,2.023297292,-0.910196638
Syne3,-0.021922554,-2.072956358,2.693275499
Fam83e,0.243059229,2.467134472,-1.135288009
Klf1,2.207167122,-0.626182801,-1.249282993
Ifi205,-0.08397397,-0.078810811,-0.734667461
Fgfr3,-0.772438697,-0.025567811,0.645742994
Lifr,-0.755073005,-1.054159342,0.130715765
P2ry10b,-0.306100962,-1.031360564,-0.29352851
Mrps21,0.001122755,1.473678001,-0.83223509
Taf4b,-0.108467856,2.093490877,-0.187920072
Kcnn4,0.443117728,-0.381792256,0.039288952
Pnma1,-0.322166789,-0.652948505,0.309608471
Ceacam2,0.769144145,-0.687428128,-1.785519786
Cklf,-0.112029201,-0.693187415,0.079495665
Slfn5,0.214884691,-0.882342229,0.222538601
Tmem120b,0.171777841,1.428468759,-1.205222836
Gimap4,0.226450966,-0.461211946,-0.603527337
Cpa1,0.518265814,1.958221261,2.047280546
Tle5,0.035063975,-0.147193866,-0.392155421
Dedd2,-0.093876787,0.150844907,-0.405289934
Parp4,0.072868686,-0.865888544,0.593881267
Trim65,-0.009572262,0.917399457,-1.001087144
Sh3bp2,-0.083989005,-1.06515496,-0.030469094
Ugt1a6a,0.592720996,0.351345979,0.610438146
Usp17la,0.04878276,0.035035525,1.864554465
Gm9949,-0.056707262,-1.385872596,6.09166669
Cggbp1,-0.102431725,0.491315839,-0.62952258
Mgmt,0.037406279,-0.53631422,4.185670246
Mettl7a1,0.208396738,-1.805936987,0.419226984
Xlr,0.194854943,-0.11023145,-0.301273032
Slc8a1,0.181252581,-0.361999691,0.126022243
Mmrn1,-8.061990381,-0.954317978,1.813887856
Ano9,0.065891372,0.607851619,2.724984323
Scart2,0.962814451,0.886315423,-0.114797508
Hmgb2,0.362974342,0.104028544,-0.468837416
Lrrc8c,0.088481554,-1.980900829,0.893494046
Vmac,-0.105415493,-0.826555841,2.148380333
Phactr1,-0.036283194,-0.152864382,2.040133184
Set,0.053165217,2.375732338,-1.198229143
Klhl18,0.074058603,-0.1265183,-0.277471753
Smim10l2a,0.12581389,-0.55218178,2.027561356
4930578G10Rik,-0.638990597,-0.454899948,2.951783669
Zfp667,-0.019547391,-0.684161519,0.163267509
Arhgef33,0.341886946,2.211549263,1.63908685
Klhl5,0.065513467,0.045055014,-0.32405407
Afp,0.089823465,-1.305419815,-0.11645141
Agtr1b,-0.135924698,-1.419375155,1.297060959
Naaladl1,0.219241209,1.807635883,1.143240442
Lrtm2,-0.45773521,-1.146938618,0.790824701
Gm9961,0.096249782,-0.0152189,2.460365286
Smyd1,-0.247956437,-0.735825798,0.716849397
Pdlim1,0.088691737,-0.514703109,0.073090812
Nfic,0.042751245,-0.745028407,1.889581461
Rab39,-0.053570415,-0.231993436,-0.100491775
Rps27a-ps3,0.008590891,0.318914315,-0.07458524
Phxr2,-0.002623992,-1.041384866,0.397940279
Cgrrf1,-0.118629633,-0.677843885,0.248338144
Klf2,-0.389278576,-2.622346844,0.736229511
Ifng,-0.963213821,-1.421521673,1.268381649
C1ra,-0.030709961,-0.486557045,0.031754328
Sertad3,-0.330471057,-0.394162301,-0.929010077
9330161L09Rik,-0.013400119,0.167913802,-0.588455113
Mrfap1,0.069723267,1.598211575,-1.065102663
Tns1,0.245847154,-0.73450041,0.852008717
Fat2,-1.000483832,-1.814123962,5.939742298
Pcdh9,-0.82964541,0.561105444,0.479256005
Gm9970,-0.462827205,-1.750247085,2.42258565
Nap1l5,0.34717167,-1.915563349,1.506362562
Maf,0.393663239,-0.369213622,0.104099511
Cd47,0.046390822,-0.701373022,0.008015354
Gm7353,4.350001061,5.637618703,-3.403960954
Soga1,0.068685375,-0.530921623,1.070208552
Epm2a,0.439862817,-0.931753121,0.961400761
Zcchc24,-0.111759377,-2.182002507,2.068712553
Lair1,0.319187866,-0.304930933,-0.27710343
Timd4,-0.091976682,0.259697115,-0.327900948
Tcp10b,-1.581613905,2.93413296,1.829348344
Cdca7,-0.073285771,2.922685804,-1.996807218
B4galnt4,0.289835194,0.134571921,1.437393299
Hmcn2,0.380583558,-0.292783797,5.050989254
Klhl25,-0.225946804,-0.250613936,-0.043591134
Mettl4,-0.055436461,1.404331829,-0.897568468
Kbtbd11,0.224023357,-1.201730394,0.023853284
Gm5069,-0.022261229,-0.458303732,-0.506426271
Gja6,-0.063329717,-1.372092287,0.870861522
Tmem191c,-0.307563066,-1.117263537,1.368527858
Klhl26,0.015216005,0.65062325,2.585826765
Slain1,-0.18886917,-0.587734803,0.283100526
Rras2,0.01364303,0.640422417,-0.750993863
Nap1l3,1.424982723,-0.7701408,0.397212254
Rtl6,-0.133986764,-0.347775296,0.23967385
Gsdmc4,-0.661778065,3.657921399,0.34519226
Gemin6,-0.106407138,2.059501476,-1.0347131
Eef1d,0.148228339,1.840595949,-0.905218617
Abcd2,0.270154079,-0.43048333,0.127517999
Fmnl1,-0.059915115,-1.064979065,0.159490806
Fancm,-0.309798169,-0.233853418,-0.419154629
Triqk,0.783149228,0.588404307,-1.248816488
Irs1,-0.601603326,-1.249218437,0.474946197
S100a8,2.198049403,0.542490495,-0.122978993
S100a9,2.505350816,0.963141665,-0.6238373
Grik2,-0.12537175,-0.75590303,0.183473287
St3gal5,0.078810365,-0.870606424,-0.038536946
Trim34a,-0.097110525,-1.553104571,0.424985818
Snx32,-0.060323496,-0.533175682,-0.403923862
Pgpep1,-0.24574122,-0.726818526,0.243483928
Npm3,-0.180130713,2.380131793,-0.947305049
Pard6g,-0.139550571,1.686765857,0.916665537
Pla2g4a,0.488215819,-0.355048831,0.179267806
Ncoa4,-0.045473054,0.6286808,-0.70502371
Ms4a4b,-0.303337945,-0.571362755,0.295210413
Usp39,-0.082679947,1.643814196,-0.95118094
Tcim,-1.048954542,-0.421079847,0.525418066
Myh1,0.106735277,-0.451714568,1.987434956
Actr3b,-0.348453659,-0.837513728,0.381880791
Lig1,0.556403789,0.827727723,-1.274503263
Psenen-ps,2.275023625,3.382254411,18.5152675
Adap1,-0.138333624,1.51450331,-1.493702844
Slit3,0.694185481,0.042151874,-0.433188967
Prl2c3,-0.24415187,-6.924953954,3.762346506
Adgrf5,-0.519002387,-0.554296897,0.197468498
Tmem154,0.293492801,-0.126283256,-0.606407185
1700001K19Rik,0.145777223,0.257787982,-0.959041234
Rab31,0.081309729,-0.926326527,0.300094662
Ptafr,0.526448521,-0.385052938,-0.169869266
Fry,-0.185061076,-2.096888503,0.985695848
Ppp1r14b,-0.057322343,2.594211543,-0.520807015
Dsg3,0.028772924,-0.723098815,2.118124697
Apol8,4.279551749,4.475706885,-3.239048524
Them6,-0.274607961,1.456786832,-0.982002714
Kdm5d,-1.416969219,0.435741372,0.618232773
Gpr173,0.174677094,-0.811034297,1.650213927
Gm13199,-0.126829897,1.163791972,0.737815661
Nbeal2,0.219350242,-0.066001676,-0.318967167
Capg,-0.100678681,-1.663408245,2.340648136
Nfil3,0.441045051,0.185683488,2.217075265
Dnah9,-0.374605423,1.510199365,0.757766775
Pou3f4,-0.785052234,-1.068950967,2.654708447
Glipr1,0.127290627,-0.108560629,2.518625005
H2bu2,-0.160569105,-0.895565013,0.172620693
Gm5620,0.288505272,2.282535526,-1.289889603
Sipa1,-0.061126692,-0.192872145,-0.56605787
Tatdn2,-0.112903909,0.882564432,-0.880861308
Jmjd6,-0.142763042,1.095898389,-0.854111142
Magel2,0.048164469,-1.182296876,2.740359118
Fam71d,0.421063352,3.63909543,-0.560121448
Ero1b,-0.053911999,-0.774321564,-0.291603744
Ebf1,-0.105328053,-0.852235346,0.454113263
Npm1,0.181641546,2.497586796,-1.141420462
Txnl4a,-0.019391542,2.008511107,-1.069056445
Scimp,-0.741749839,-0.502215639,-1.13442724
Tmem140,0.304365727,-0.30895954,-0.153940414
Prss2,0.507299227,-1.344652167,4.267832897
AB124611,-0.053789963,-1.925390565,0.428524299
Slc44a2,-0.061923678,-0.691181918,-0.328433321
Dmac2,-0.21765046,-0.719935642,0.346591951
Gm6139,-0.225823804,1.095133786,-0.8821531
BC051142,-0.131795548,-1.5459466,1.489535354
Rpl15-ps6,-0.452615392,-0.090428873,-1.833967712
Snrpg,-0.164898635,1.262924647,-0.458697889
Cep170,-0.152920616,-0.244791249,-0.13253243
Chst3,-0.290265181,-0.402990976,-0.623560718
Mrpl18,0.003890553,1.148084847,-1.041589099
Antkmt,-0.12008118,-0.00377345,0.053050449
Phex,-0.271948865,0.382549844,1.365370829
E2f6,0.231893078,1.431547615,-1.118990269
Fam136a,-0.187934892,2.278559286,-1.484847804
Bloc1s2,-0.029712989,0.445733181,2.186833252
Pus7,0.038311482,2.948970209,-1.044229891
Lgals8,-0.054785799,-0.411710521,0.090755608
Eif1a,0.037071498,2.005357237,-1.360775115
NA,-0.046025729,6.765937601,-5.906263636
Rps18-ps3,-1.743368485,-0.012224477,0.477532367
Gapdh,0.239341022,1.350105192,-1.083265508
Mex3b,-0.152600124,-1.534477473,0.274917693
Megf6,-1.397885767,0.584104733,2.35386925
Mab21l2,-0.089692646,-1.055228855,1.004181179
Bak1,-0.015021601,0.983324804,-0.984672719
Olfr1446,-1.48092481,0.725401357,3.631524995
Xlr3a,0.138417311,0.180303195,0.804299894
Cbx3-ps6,1.039135816,2.586537288,-3.074407619
Adgrf2,-0.170667147,1.652736069,0.042334243
Cacnb2,0.095907765,1.584558277,0.102851152
Gm17136,-0.395759648,-0.328003834,0.042773873
Sema3b,0.198128605,2.621053547,-1.181453529
Mdn1,-0.04931367,2.951612348,-0.300194086
Ces5a,0.19955766,-0.080642158,2.32241001
4933430I17Rik,0.55748132,2.204644918,0.199281744
Palld,0.544153983,-0.060678564,0.378400454
Gm10036,-0.300088022,0.566046259,0.260546725
Nfam1,0.13431578,-0.84514264,0.189774917
Tpm3-rs7,-1.125132033,0.503769898,1.050208423
Gstm1,0.293683456,-1.524894389,0.880574216
Sez6l,0.902124168,-1.495543439,1.575916678
Arhgap35,-0.211896536,0.652541438,2.167492575
Cryzl1,-0.055363587,-0.021937834,-0.185169475
Kcnh1,-0.311762328,-0.306221787,0.763170869
Idi1,-0.072231612,2.595790582,-1.513390408
Serpina9,-0.260881714,-0.489565906,2.092117061
Espl1,0.572641375,0.354722186,-1.099625524
Dock1,0.023405495,-0.462758456,0.260915073
Abce1,0.02489372,2.176945077,-1.106319627
Gm6612,-0.23139932,1.236104158,-0.77526281
H2bc8,-0.076442663,0.187369694,-0.389852562
Rrp1b,-0.08047353,2.613487345,-0.944860587
Syt17,-0.082656049,-0.238389792,2.35582723
Cxcl2,0.593771215,-0.675447025,3.082147193
Btnl4,1.151810786,-1.209228397,0.553033741
Znrf2,-0.106852672,-0.008136525,-0.366228803
Gm26920,0.056712787,4.091207019,-1.945470459
Gm8369,-0.528597823,-1.216950286,0.979368086
Wdr91,-0.196925297,-0.598684899,2.626260009
Scp2-ps2,0.095143634,0.013552221,2.95065306
Gpc6,-0.03432404,-0.091161363,1.695691661
Cela2a,0.280514765,0.248550084,1.389803688
Tmod3,-0.079804634,-0.463472107,-0.200247811
Anks1b,0.242905555,-1.374138777,3.368680025
Gda,-0.742035801,-0.850170385,0.486309682
Gm17383,-0.16492904,0.94172913,0.807652409
Capn11,0.255503,-3.224179679,2.946386318
Nkx2-9,0.246743858,-0.887566472,0.841176829
4932411N23Rik,-0.274093619,-0.384386744,1.8575576
Tubb2a,0.514712585,0.082984715,-0.445946351
Fcer1g,0.558663754,-0.28458774,0.175202488
Cd300c,-0.997022478,-0.296632046,0.45745051
Kcnt1,0.694312708,3.512862105,-0.405892952
Kcnj14,0.259598306,3.805862043,-1.022131318
Zfp958,-0.131627625,0.99178268,1.638986375
Thra,-0.743565014,-1.049378641,1.097626256
Rnf169,-0.225506093,0.337642233,2.380827603
H1f5,0.098736947,-0.562628168,-0.391841448
Nfe2,0.611724761,-0.067646674,-0.112291934
Hspd1-ps3,-0.09557295,2.555400255,-1.191940669
Pirb,-0.039157062,-1.109374718,0.484045925
Opn1sw,-0.688402174,0.327208222,0.17777295
Rps27a-ps2,-0.08871277,-0.701944309,0.553243993
Zfp708,-0.445020241,1.162640311,-1.038408106
Gm10051,0.024356753,0.947613346,0.285807336
Gm10052,-0.003302136,1.299810007,0.372601503
Gm10053,0.041003701,2.260660423,-1.019015371
Gm2174,5.270407669,0.224015381,-4.680745815
Cfi,-0.505387767,1.921363348,2.934673597
Tlcd3b,-1.15846647,1.647578287,2.376740984
Sh2d3c,-0.094141452,-1.124053673,1.416172302
Kcp,-0.438629107,0.128163826,0.98039285
Eno1b,-0.388756423,-0.286447794,0.461101288
Frem1,-0.930614135,0.046407954,0.857628031
Tma7-ps,-1.111165619,0.256137234,2.249663276
Fcgr4,0.777882964,-0.312589048,-0.078733949
Ifitm6,0.392154049,-0.427540798,-0.181072774
Zfp945,-0.140299693,-0.619668619,0.157178963
Mfsd4a,-0.067660318,-0.210726275,-0.10544335
Skap2,-0.040349197,-0.369924104,-0.057132835
Gm12715,-0.548559865,1.938152225,5.295799981
Ppp1r2-ps4,-1.349325704,-5.948457717,8.935302027
Septin9,0.355846329,-0.439923371,0.058533389
Naa38,0.031204078,0.830299905,-0.810118049
Slc27a4,0.055309858,-0.077523742,-0.368431894
Hopx,0.057053621,-0.195307292,-0.931543246
Slc14a1,-0.453597897,-0.972816272,1.02845448
Mamld1,-0.086441973,0.118933303,0.583077237
Ppp2r5d,-0.035304689,1.294766326,1.300698789
Fxyd2,-0.74988355,-0.872371967,-0.189924964
Gm8116,-0.226279804,2.047470715,1.139102598
Gm7331,-0.217276182,0.113575473,-0.380696722
B3gnt8,-0.352434625,-2.486363895,1.395579706
Nhs,0.24982767,0.447890527,-0.811941462
Fcgr3,0.465741083,-0.88103867,0.299785811
Uqcr10,-0.031799548,1.380051751,-0.567635121
Trp53,1.782178742,1.987709644,-1.110931502
Gm5292,0.177656138,0.256901234,-1.146295829
Cbx3-ps7,-6.208475868,-5.938312363,14.6007462
Stfa2l1,1.988556925,-0.379963433,1.104853592
Mif-ps6,-0.177032112,1.111475283,-0.001129623
Akap17b,-0.419835167,-1.103179305,-0.170220656
Rcan3,-0.083783403,-0.63088158,0.134529444
Flot1,-0.109486225,-1.123649959,0.539089585
Ndufs8,-0.153823513,0.852438769,-0.574806763
Myl3,0.354174459,-0.982674721,0.955807599
Fdps,-0.295495045,2.367939836,-1.777388252
Rpl13-ps6,0.192916822,-0.251638692,-0.211294604
Nrm,-0.266031635,-0.675328429,-0.786337521
Rgs3,0.370533029,-0.570023319,0.484056759
Kcng2,0.566297305,-1.082282645,0.869656905
Hydin,0.835179441,1.189396749,2.666246607
Ntng1,1.426915101,1.227050785,1.0537875
Olfr1393,-0.400680623,2.47610744,1.199492347
Ptp4a3,0.029588624,-0.89739799,2.621525822
Zfp930,-0.016787303,1.049039626,-0.978154726
Hspa2,-0.197643822,0.40776008,2.055938962
Ntm,-0.243263951,-0.151275975,2.038059731
Atxn7l3,-0.197258689,0.896057478,-0.743063146
H2aj,-0.005884812,0.655134089,1.775644054
Tmem26,0.180781339,-0.027417525,-0.466099265
Alox5ap,0.503670802,-0.321915967,-0.21738689
Psma3,-0.03314295,1.248980593,-0.794066115
Rp2,-0.03806162,1.003234716,-0.806608059
Amd-ps3,-1.098096564,1.752329099,2.11739371
Prmt7,-0.231647287,2.148991236,-0.698086364
Gm10076,-0.998062744,0.560916565,3.957013838
Serpinb6a,0.286755512,-0.437950232,0.265982627
Myh13,-1.267895887,0.350216962,1.784321699
Gm11353,-0.645770133,0.357836096,0.074312512
Zfp462,-0.793474758,-0.102409161,1.408330834
Arrb2,-0.00260012,-0.018650557,-0.649106261
Bckdha,-0.333418751,-0.620133645,0.628072635
Chst8,0.383570714,2.048175668,0.479026393
Rps16-ps2,0.061484849,-0.867979811,0.745885148
Sntb1,0.232539446,-0.131426562,1.075602909
Sycp2,1.775089973,0.315723821,1.279509981
Adgrg3,0.312641511,1.913354493,-0.93149041
0610040J01Rik,-0.179709279,-1.201784918,1.334939108
Dcc,-0.7453936,1.05529776,3.854760596
Tmem219,-0.046560562,-0.249051064,-0.191212709
Tnfrsf19,-0.667685697,1.564254639,-0.778063242
Ifitm2,0.323781068,-0.091276266,0.379120056
Eno3,-0.794242274,0.328197141,0.263296366
Nkpd1,-1.118351883,0.504765196,1.090925544
Atp8b2,-0.040117937,0.223908917,-0.550776688
H4c3,-0.703896039,-0.563957344,0.608246651
Slc9a6,-0.070402626,-0.040708878,-0.406055453
Cd302,0.385970678,-0.415819053,0.051703709
Plekhh1,-0.22688396,0.989919265,1.170743942
H3f3a,-0.295996341,-0.125382571,-0.289363663
Tsga10,-0.368361431,-0.581964155,0.298806856
Gmfg,-0.263831146,-1.67260523,0.575598973
Tssk5,-0.545949309,1.337186994,-0.34371625
Gstp1,0.156281083,0.780397165,-1.005759775
Gm10088,-0.694186237,1.102657368,0.640070839
Arr3,-0.893368068,0.781966945,1.018913317
Arl1,0.009190236,0.952823267,-0.902619723
Trmt61a,-0.179785905,2.726935431,-0.748677697
Tdrd5,0.34619698,1.581362069,0.274115506
Gm11847,0.511896997,0.952202185,-0.325413938
Copz1,-0.082361118,1.055825918,-0.690183377
Rrs1,0.109084087,2.318958305,-0.588921155
Myl4,-0.019776489,0.50150867,-0.867538901
Maml3,-0.376562658,-1.098474964,1.123266057
Rpl15-ps3,-0.511492042,-1.037119175,0.028134285
Gm14173,0.824183421,0.466285879,0.073707998
Rag1,-1.027060933,-1.781019317,-3.035029794
Cxcl12,-0.635591382,0.112251253,0.746204064
Nuggc,1.418503446,-0.507185943,-0.61954561
Phf5a,-0.105465504,1.435155354,-0.917303672
Zfp873,-0.241509803,0.112216818,-0.169104916
Uba52-ps,-0.803181846,-0.156300614,0.443222995
Zcchc14,-0.165983109,-0.501772538,0.367609009
Stx17,-0.231640794,-0.535619666,0.296012829
Mrps36,-0.065295068,1.387331156,-0.882695264
Snrpa,0.173447816,2.06517569,-0.956370187
Cox5b,-0.026978359,1.442808265,-0.620772816
4921509C19Rik,-0.105900601,0.043551188,2.911149701
Orm2,-0.225043142,-0.38610589,-0.210908892
Wdr61,-0.20792602,1.573156567,-0.07485514
Ksr2,0.287239641,-0.873294461,0.564619347
Akap6,1.026059103,-0.321660342,1.194626989
U2af1,0.007344105,1.846473545,-0.780075851
H2ac4,0.638826164,0.420789947,-1.525539055
Gdpd1,0.442947062,-0.943244903,0.446092384
Rpl21-ps8,-0.346754871,-0.324265673,0.835282151
Gm2423,2.142367193,-4.141816304,-1.552816632
Cyp2d22,-0.257551627,-1.512291978,1.253959977
Slc22a12,-0.56410444,-1.813355407,4.248788979
Kalrn,-0.348707493,-0.376335951,0.470831744
Akr1b10,0.051207244,-1.056484684,3.348715342
Mospd2,-0.041485891,0.013314171,-0.432381169
Rufy4,0.796525448,0.098439716,0.666280193
Ces2c,0.222846158,0.473654353,-0.2730222
Gm6311,0.043447518,2.082144573,0.118220783
Suclg2,0.025166349,1.856332729,-0.16031969
Gm53056,1.28356945,-0.732579916,-0.010092674
Gm6822,-0.380141289,-0.388862243,0.354794055
Gm14292,-0.141274427,1.447804558,1.028687158
Serpina10,0.340328519,-0.2515044,2.788125867
Flot2,0.01836302,-1.058172671,0.522484866
Rps12,1.303195885,3.059425172,-0.805885385
H2ac10,0.266837121,0.183211988,-0.928652475
Zfp13,-0.786226999,-1.369412462,3.207489556
Gmfb,-0.164361305,0.283999577,-0.784477855
Irgc1,-0.126404161,-1.270996938,0.25817119
Gm10108,0.463371045,2.36295459,-1.903814113
Iah1,-0.25413979,1.54897788,-0.690216275
Pgk1,-0.041567756,1.642450531,-1.233483758
Lmnb2,-0.013904739,2.354464163,-0.6991069
Qk,-0.122695514,0.043160861,-0.308675727
Gm6055,-0.253257784,-0.120814246,0.755483208
Cd200r4,1.058298909,0.349779136,-0.505873828
Rpl13a-ps1,-0.143817004,-0.336828457,-0.195192826
Gm10110,-1.460421361,0.516336908,1.126663871
Btbd3,-0.191327685,-0.868329142,0.012311426
Cttnbp2nl,0.164887938,-0.989339901,0.63960869
Hs6st2,-1.063492793,-0.408413569,1.055854617
Gspt1,0.016540293,1.702400003,-0.916773403
Olfr1373,-0.045779909,6.397355033,1.241049762
Erbb4,-0.045715089,0.224335425,5.88559582
Tnfaip8,0.001758519,-0.177623502,-0.550818222
Cks2,0.439117671,1.8208158,-1.818001484
Gm6030,-0.375737544,0.689386074,0.665329812
Nectin2,-0.010802523,-0.759795678,0.455797611
Rpp25,1.505222216,6.05880835,-3.705251241
Erbb2,0.033192626,-1.13938705,0.081506766
Serpinb2,-0.858062511,-0.253615287,2.19206414
Itgb1bp1,-0.225414478,0.978553497,-0.680944971
Gm15772,0.313812955,0.745104266,-1.478388474
Otof,-0.75091299,-1.202213161,7.294423179
Tmem65,0.046357145,-0.6698193,0.086198333
Hsd3b3,1.196712531,-0.607171988,-0.182316395
Arf2,-0.077928478,0.471688453,-0.724634495
Cyp26c1,-0.089634959,-0.801772405,0.081357409
Adam1b,-0.749817999,0.764319451,1.009265917
Rpl9-ps6,-0.982530249,0.735368251,4.9502525
Ctrc,-0.460848589,-0.733284931,-0.091350435
Acat3,-0.205163658,1.24031435,-0.661048717
Ifit3b,-0.001491781,-1.00770165,0.618428586
Fabp4,0.110597017,-0.763353864,1.477923916
Ncr1,0.193314833,-0.176896217,0.067733707
Tlr12,-0.42212448,-1.596313528,0.709309277
Gm12751,-0.684445787,1.512948884,-0.62459704
Cnr2,-0.110685062,0.284482145,-0.917850516
Tubb4a,0.000548058,0.051539606,-0.539853025
Rps3a2,0.633204122,1.57647496,-0.983769419
2310039H08Rik,-0.298446448,1.484534984,-0.403551621
Btnl1,-0.531372809,-0.994818002,-0.153647999
Ganc,0.006744372,-0.980499284,0.242176349
Ncs1,-0.096595769,2.628393013,-1.126055697
H2bc12,0.334883601,-0.040712746,-1.300915049
AI413582,-0.226595673,-0.16692852,-0.222465294
Gm16477,-1.479025206,0.607034332,1.321064285
Ei24,0.212148269,0.44330116,3.230411173
Csprs,0.818217803,-0.935659729,0.164823961
Kcnc3,-0.289231849,1.316814817,1.064174498
Actg1,0.06405821,-0.109839798,0.039406002
Gm14176,-2.754929575,-0.503120057,4.81888258
Phactr2,0.186414783,-0.494365303,0.233204806
Impdh2,-0.04440454,2.405948412,-0.942197561
Rpl31-ps11,0.188444588,1.093020471,-0.366046709
Klhl24,-0.263600933,-1.562737576,0.799246557
Hdac10,-0.239245481,-0.207034319,-0.05996106
Gm10123,0.236158982,1.952407631,-0.812913096
Mtap,0.073231433,2.025330343,-1.498193511
Kdr,-0.276810278,-0.112860325,0.022812126
Cped1,-0.223784015,-0.427882668,0.992603276
Mrpl42,0.171076802,2.061434619,-1.329293203
Ica1,0.085990056,1.399167684,0.165613811
Ccni,-0.140204829,-0.659176416,-0.402815905
Mapk3,-0.053574558,-0.566859509,-0.493069161
Csn2,0.288424271,-0.463683475,-0.155544786
Cd300lb,-0.391877579,-1.237859729,1.514596394
Ldha,0.053470388,2.096876222,-1.484984885
Gvin-ps7,-0.012555981,-0.694403404,-0.375945592
Rpl27,-0.270060669,1.558735415,-0.507246075
Usp31,-0.127249633,1.898600768,-0.937638197
Krr1,-0.025307344,1.648446495,0.305996021
Zfp947,-0.134947162,-0.282876848,0.065815753
Stk24,-0.146594942,-0.536737623,0.131858995
Gm10131,-0.196737361,1.743701701,-0.709885969
Gm7117,0.162899196,0.679530806,-0.438746916
Ube2d2b,-0.132277768,-1.091469586,0.050344655
Lrmda,0.425704908,-0.280316298,-0.128510223
Gm5616,-20.30559919,0.384369719,21.64220477
Gm10132,-0.205984298,1.467506396,-0.994286273
Jazf1,-0.184116943,-1.022244361,0.447068919
Gng8,-1.476023771,0.200501635,6.59082773
Gm10135,0.042630592,-0.413791174,0.502698778
Zbtb18,-0.109543677,0.311951958,-0.433509092
Olfr98,1.266985077,-1.470706996,0.021593345
H2ac21,-0.581785967,-0.132360195,-0.024419449
Cycs,0.035554538,1.737671317,-0.704977778
Rnf217,-0.219134427,-0.359380048,0.411141833
Chchd1,-0.095495491,1.823221081,-0.935490067
Hspbp1,-0.10970904,1.767367037,-0.58363408
Alms1,-0.080112062,0.006815133,-0.522235412
Arl9,0.542237974,2.393690646,0.643659946
Gm6065,-1.001686599,1.40532081,0.534794392
Gpx1,-0.169752775,-0.080493556,-0.268450669
Slc24a3,-0.195443371,0.454191322,1.55788362
Ptcd3,-0.448571202,0.531514744,-0.200402646
Gm6498,0.658467913,1.480153883,0.071391083
Gm7964,0.051130535,1.279967298,-0.784092179
Klk1,-0.129964573,0.111943698,-1.48566045
Srrm4,0.380122561,0.647279121,1.883196298
Pepd,-0.183765433,1.462770096,-0.218518222
H2ac19,-0.243863929,-0.389434049,0.003792249
Ipcef1,0.169458254,-0.741499638,0.476687396
Hcst,0.111024685,-1.053579884,-0.070004879
Rhox8,0.268419893,-0.16900227,0.993118044
Zfp69,0.011967255,-0.881588018,0.793978919
Rab44,0.424918519,0.542597905,1.846945002
Prol1,0.675612017,0.224311434,5.318564947
Izumo1,0.396648753,-0.876176309,1.656040149
NA,0.386006395,-0.169728059,-1.039241684
Gm4735,-1.470427092,-5.948906255,2.05986346
Gm10145,0.439397463,3.893579974,-2.193354937
Ano6,-0.017829085,-0.949256937,0.445943061
Ifi27,-0.048746241,-0.890771542,0.353819297
Paqr9,0.431333524,-0.704682864,-0.27956793
Chil1,2.110713944,0.749881924,-0.631033055
Ethe1,0.19603396,-0.039718953,-0.400519911
Gimap8,-0.132425616,-0.462270401,-0.258806813
Zfp428,-0.229956417,1.800251984,0.782994714
Hvcn1,-0.281350804,0.054113382,-0.539670693
H4c12,-0.030564175,-0.417476613,-0.543971147
4921528I07Rik,-0.520540698,0.945463534,3.024366991
Gm10146,-0.395618152,2.12997772,-0.631059244
Siva1,-0.059037312,1.339427913,0.320237109
mt-Co2,0.119485598,0.422196434,1.450953811
mt-Atp8,0.167150927,0.184900736,-0.013358811
Cpped1,0.169843503,0.018183633,2.417717091
Cd209b,0.858420143,-0.83180027,-0.441030831
Aurkaip1,-0.103644729,1.151848129,-0.709270577
Zfp600,-0.468506507,1.341405162,0.732799731
Muc5b,-0.13629733,2.09339676,0.893500207
Adamtsl1,0.969898729,1.670151975,2.364133336
Gm10154,0.857438881,0.078625077,-0.831960291
Gm10155,-0.5749478,0.375618863,-0.031529341
Cacng3,-0.714228466,0.350113682,2.292430327
Anks6,-0.260218942,-0.407158114,-0.016556522
Ipo7,-0.028156316,1.721465266,-0.816023879
Gm10157,-0.636502289,1.056241594,1.102324017
Gm12918,-0.000725568,-9.436503509,10.44863547
Wdr6,-0.003890208,-0.340628474,0.226963814
Rps13-ps1,-0.793130316,0.253414989,0.891990479
Serpina3f,0.829620847,-0.11351099,-0.186483003
Rdh11,-0.187457021,0.802031207,-0.812668709
Gm10163,-0.155142925,-0.067971238,0.307586301
Gm5786,0.006857316,1.297160073,-0.757120034
Rpl17-ps9,-0.019787525,0.15001535,-0.614426526
Gm6969,0.642027013,-1.440857335,4.217775375
Insyn1,-0.115215816,3.703263107,0.525393704
Tecpr1,-0.085362003,-0.763814196,0.539065727
Pgk1-rs7,-0.045925673,7.334723662,-0.94862962
Pilrb2,0.321840866,-0.343212378,-0.031693204
Pilrb1,0.427135157,-0.188332146,-0.160395429
Zbtb16,-0.084171078,-0.329136927,1.99869374
Gm10172,0.102805844,0.422597302,1.296196887
Rnasel,0.152085965,-1.155723301,1.010341881
Gm10181,-0.269730085,-0.94192593,2.484644936
Hmcn1,-0.605519423,-0.030684114,0.320524635
Oas1g,0.034998225,-0.698405682,0.482982819
Rps23-ps2,-0.898336455,-0.42890676,0.489737178
Cryba4,0.893177109,-0.453128984,-0.409604663
Serpinb7,-0.585289543,-0.736830256,0.254873205
Vmn2r10,0.048965351,-0.850220069,0.795019219
Capza1-ps1,-0.397350175,0.064177801,-0.640693425
Rps12-ps3,-0.065097608,0.281228123,-0.44326527
Rps15a-ps5,-0.525195167,-0.251377367,0.723900111
Rpl7a-ps11,-0.846897314,0.307332897,2.787651279
Jchain,1.52284578,0.246002998,-0.156909868
Eif1ax,-0.113091136,1.925047978,-1.177013102
Frat1,-0.408195131,-1.063915496,0.719862782
H2-T23,-0.005135879,-0.803580534,0.220686822
Nipal1,-0.127401176,1.941042398,0.636060047
Cnga1,-0.011789252,0.112819208,2.208039245
Gm10203,0.01419026,-0.799136987,2.216473748
H2-Eb2,-0.043857266,-0.149679268,-1.000196115
Rps25-ps1,-0.617098564,0.860245883,0.541016413
B430203G13Rik,-0.102997163,-0.115297327,2.247681484
Tmem128,-0.085698787,0.214818833,-0.310316763
Lyar,0.104995233,2.286102045,-0.969530028
B3galt4,-0.180598854,0.3441569,-0.517710889
H4c11,-0.194073125,-0.51673763,-0.236130494
Olfr1456-ps1,-0.082414642,-0.927007641,2.058991127
Gm7666,-0.000784483,2.550853461,-0.793466833
Rpl35a-ps3,-0.206549604,-0.277916416,4.109747692
S1pr3,0.511899304,-0.369673488,-2.375821899
Klra3,-0.215902929,0.023863634,-0.661237691
Klra7,-0.253450188,-0.204416439,0.292434457
Gm5862,-0.254429227,-0.29425731,0.476234205
Lpar5,0.20319859,-0.132565479,-1.013179219
Gm10221,0.676986433,1.499347665,-0.530209592
BC003965,-0.045713828,1.830668848,-0.725297758
Khdc1a,-0.710294842,0.334520974,0.36446886
Myl9,-0.398891836,-1.327224882,1.198451978
Zic3,0.571806848,0.454887624,1.738654344
Tcea1-ps1,0.515120677,3.071056994,1.126294418
Casp16,0.161597616,2.531988148,-0.883907423
Rex2,-0.545717857,-0.638773747,-0.554320391
Rtl8b,0.028689825,-1.036937529,1.110914428
Rtl8a,0.213763935,-1.073871212,0.789856787
Gtf2f2,-0.024274957,1.840730104,-0.79892001
Gm14648,1.680376011,1.596621851,-1.428858515
Mas1,0.263636748,1.692693283,1.871901771
Tcp1,-0.031856616,1.849705875,-1.012081351
Cenpm,0.217288926,1.580510678,0.014068328
Tnfrsf13c,-0.23730623,0.528270626,-0.684859545
Ndufaf2,0.271245317,2.051351036,-0.615177079
Lgals1,0.001179535,-0.610534317,0.147583368
Apol9b,0.610834803,-0.248205729,-0.021637289
Apol7b,-0.200317899,0.015291552,-0.346859435
Usf3,-0.091110679,-0.677431039,0.044334465
Nat8f4,-0.111602722,0.159862172,-0.280874934
Slc4a5,-0.243946976,1.839635013,-0.561571177
Gml,1.302082345,1.394551105,-3.079274433
D430041D05Rik,-0.162506757,-0.605494536,1.800055659
Gm10240,0.291284193,-1.057738327,1.227308964
Rnase12,-0.08071935,-0.858744843,-1.455284463
Pnp2,0.712090506,-0.815929528,-0.756584016
Duox2,0.675610162,0.224308977,5.106599724
Uty,-2.641657216,-0.017352767,2.071693034
Gm5518,0.189826304,2.565597986,-0.851143769
Gng5,-0.109653162,0.669214153,-0.860265516
Zfp467,0.032481871,-0.887892642,0.072391351
Myadm,-0.327620605,-2.702155867,0.424665481
Rpl7a-ps3,-1.581900227,1.227592174,0.877689589
Mgam,2.351089424,0.391846472,0.704706254
Gml2,1.046232947,0.938411884,-2.342618101
Gm8225,-1.888434047,0.468305823,2.186352187
Flnc,-3.52404725,-1.669939143,7.297731077
Tmem167b,-0.11835271,0.594546493,-0.575053196
Trp53i11,-0.218002891,-1.546924665,1.944039784
Celsr2,-0.761144452,-0.068799656,2.240407469
Psrc1,0.181641142,-0.264409359,6.631879706
Mybphl,0.428634213,-0.1429752,2.730459275
Sort1,0.719091937,-0.941086045,-0.053451147
Ptprz1,0.521303363,0.245632893,1.403363727
Psma5,-0.093102436,1.716500808,-0.949280418
Il3ra,0.124675244,-0.812340371,0.733243561
Rap1a,0.053468038,0.385314915,-0.906388591
H2bc21,-0.159214681,-0.126326886,-0.189699322
Sf3b4,-0.131831724,1.272907432,-0.573590537
Gm128,-0.120576906,-0.38978486,-0.272714558
Selenbp1,0.233490077,-0.836207301,-0.084240068
Ssb,0.020488246,1.661212267,-0.898315992
Sprr2a2,-0.192842312,0.453127929,0.384302914
Gm5537,1.320962009,2.535195251,-0.82056398
Gm10254,2.360876239,3.763329602,-0.698880416
Ddx3y,-6.072993388,0.750624791,3.71653074
Eif2s3y,-5.904062759,0.225962073,3.996277971
Gm10259,6.123675701,6.856262036,-6.700392473
Zbtb10,-0.145389039,1.118124879,1.271914491
Cep43,-0.349272503,0.439260566,-0.394668168
Zfp874a,-0.149150043,0.232964689,2.277787208
Fam8a1,-0.077390428,-0.220808789,-0.286033824
Dusp22,-0.304894566,-0.320417617,-0.007558067
H3c2,0.528961487,0.225730637,-1.322398094
H2bc7,0.061012167,0.68009433,-0.750380054
H2ac6,-0.125923529,-0.17245042,-0.352806243
H2ac8,0.278398445,0.163246999,-1.090177779
H4c6,-0.002611532,-0.287790998,-0.697359868
H2bc11,0.284440112,0.193946102,-0.692017175
H2ac11,0.309694769,0.156199583,-0.771261651
H2ac12,0.612356412,0.208711033,-1.863717608
H2bc24,-0.159834022,0.333511715,0.022508764
H4c18,1.073736702,0.046252146,0.219014068
H4c17,-8.932223898,-0.226481789,0.235076355
H2bc22,-0.068458041,0.053686659,1.3057066
H3c3,0.353879218,-0.068035995,-1.054808363
Lyz1,0.719409306,-0.82144647,-0.413400409
Lyz2,0.015889252,-0.420806234,-0.620699534
Gm11733,0.400907802,-2.68970787,2.130039558
Cd300ld3,0.159492335,-0.825011299,0.468214813
Cd300ld4,0.579457669,1.511057175,-1.268642114
Gm10273,0.828621942,4.501116776,-1.852627887
Pex11g,-0.079410812,-1.23412021,1.058107281
4933406P04Rik,-0.71342309,-0.300845944,1.071947268
Ube2u,0.215697687,-0.148406519,1.973632818
Psmb3,-0.097148414,1.487247803,-0.829156494
Tmem100,5.087760808,1.208463695,-1.329096339
Wfdc17,1.530376623,-0.401280859,0.014667358
Slfn9,-0.446130084,-0.585459065,0.717003516
Ccdc92b,3.310829149,1.266207459,-1.825524528
Nlrp1a,2.6736267,-1.9144089,2.349905993
Ahnak,-0.225334552,-1.291655092,0.540689915
Irgm2,0.211251952,-0.18740352,-0.545144786
9930111J21Rik1,-0.077911299,0.112425857,-0.764671105
Spdl1,0.108368032,2.234811043,-0.727294591
Insyn2b,-0.034111884,-0.637579394,0.16862675
Hba-a2,-2.204794961,-1.671980417,-1.969706014
Hba-a1,-2.204495195,-1.472841003,-2.467755155
4932416K20Rik,0.052849869,0.291380237,1.474582412
Fcho1,-0.092432379,-0.459104742,0.105297617
Fam149a,0.326786643,-0.799265503,-0.403561299
Mfhas1,0.453878232,-0.836477436,-0.258923838
Ndufaf3,-0.072721757,0.266283646,-0.718300713
Trcg1,-0.281732708,2.327075225,0.343485024
Eif3g,0.067254913,1.969712242,-1.048314594
Mmp27,0.960887173,-1.134728594,0.661749225
Tmem235,-0.753198994,4.002889194,1.77154932
Qrich2,-0.433986569,1.077096073,0.804556739
Gpr179,-0.283579808,1.080433391,2.560117061
Hsf5,-0.720422755,2.340123446,-0.029815484
Ccnd1,0.129556082,0.360453132,-0.985083689
Itgad,0.338331535,-0.586794098,0.169752888
Capza1,-0.158108441,0.5520906,-0.663285093
Nlrp1b,1.653750675,-0.242746402,0.085089428
Tmem256,-0.292303776,-0.049611496,-0.310221577
Art5,-0.862451205,0.341959761,-0.104301125
Serpinh1,-0.11531403,0.147180973,-0.586143779
Tlnrd1,-0.013622628,0.360458938,-0.661297181
Erich6,-0.046432378,2.997583589,0.071375992
Fam217b,0.562908161,-0.315818451,0.816310016
Chchd2,-0.193172762,1.314090574,-0.928181064
Tmem132b,-0.653129715,2.389666054,0.658454873
Gm6505,-0.029399833,2.253719534,-0.629245491
Spaca4,-0.378666067,2.372121866,-0.947850215
Trmt112-ps2,0.273952705,0.08973501,-0.132363743
Gm572,0.002636819,-1.392586265,0.634833955
Vmn2r84,0.070284285,1.225644366,-0.894562644
Gm10282,-0.001845808,1.039017591,-0.604344389
Rbm44,0.69845019,1.852377842,-1.59865697
Ceacam20,-0.207156226,-0.66466454,1.800464229
Pnmal2,-0.286083907,-1.034969068,2.247949476
Cited4,1.52283551,-0.891314323,1.501542261
Bicra,0.033566048,-0.898413463,0.729359552
NA,0.250591549,-0.844648897,0.598890011
Aurkc,0.052065214,2.782980596,-0.616504743
Vmn2r30,-0.313013067,2.90815052,0.346251498
Zfp804a,0.031297419,0.603056852,1.739816051
Skint3,-0.273233188,-0.600654469,0.394040429
Lilra5,0.389897094,-0.488078409,0.35138989
Ldlrad1,-0.705324842,0.196719483,1.276321035
Gad1,-0.531819964,-1.357162692,0.975519959
Gm13288,0.074390192,-0.528861127,0.270834315
Klhl9,0.04328452,-0.014410995,-0.505721469
Speer4d,-0.045712152,0.224339406,6.097540211
Gm19680,2.57997112,1.77579952,-5.794495792
Actl7a,0.010408743,1.889806866,-1.173411214
Actl7b,-1.21241032,0.941344957,2.377674419
Ccl19,-0.005358291,0.520911569,1.321096836
Ndufb6,-0.266392252,1.400061201,0.520716581
Gm10309,-0.136877631,-2.442846783,2.439842562
Camkmt,0.188473745,-1.124129187,0.431267798
Impdh2-ps,1.00507309,0.959673458,0.527437883
Rasgrp3,-0.096014527,0.358501686,-0.461469282
Treml2,-0.373701708,-1.030341855,0.256166213
Ptges3,0.213210794,1.988353589,-1.418704242
Lrrc73,-0.573202182,1.428016629,0.966151041
Jund,-0.285604994,-0.188163338,-0.289189805
Rpl36a-ps3,-18.8590158,0.422218263,24.00273158
Srsf3,-0.107465765,0.972746511,-0.855301101
Arhgef10,-0.209197121,-0.599047078,0.314728105
Naip5,0.297442288,-0.668661634,0.229319474
Cecr2,-0.512522547,0.112347419,2.019787826
2210408I21Rik,-0.161920321,-1.391542012,0.690343349
Zfp946,0.23874327,0.100438294,-0.419375933
Zfp942,-0.244623215,0.411313018,-0.562228352
Rps8-ps1,0.433956313,1.040368888,-0.667881545
Tcp10a,1.520391837,3.829903919,-0.221544808
Lsmem1,-0.205623927,0.868527134,-0.488774113
C1qtnf9,-0.246105447,1.940136639,0.617422322
Map3k5,-0.015215814,-1.138238764,0.603715773
Hpcal1,0.265079034,-1.171990325,2.635799136
Grid2,0.001961895,-0.205311484,1.701911118
Psmg4,-0.062637533,1.162002708,-0.719936516
H2ac7,-0.635926163,-0.076027131,0.441983429
Nutf2-ps1,0.071143226,2.452595227,-1.07692058
H2ac13,-0.090757362,0.133754986,-0.194643248
Atp5md,-0.174407094,1.65192226,-0.680819439
Gm10335,-0.381481757,1.026826901,0.772236258
3425401B19Rik,-0.195746158,-0.950686035,0.948476104
Nt5dc2,0.295443652,1.75996425,-1.540240738
Tigit,0.305718727,-0.14979319,1.729564646
Gm10339,6.440209975,6.232844826,-11.85953667
Rom1,-0.220597354,-0.604984986,0.267356156
B3gat3,0.063742172,-0.238666928,-0.099826658
1810009A15Rik,0.092816716,1.707945722,-0.900819778
Bscl2,-0.088196014,0.160992949,1.845935558
Zbtb3,0.03266519,0.886752684,-0.845169289
Polr2g,-0.02297378,1.30136342,-0.826258675
Snx29,-0.188761876,-2.195554813,0.916607014
Gm960,-1.051440375,1.081325013,1.142056186
Sms,-0.231126268,1.245773216,-0.844470554
Smpd5,0.12124021,-0.664278844,0.271998925
Gm14698,-0.259678198,0.850659226,-0.680193111
Rhox4e,0.795881668,-0.171136956,0.822397594
Rhox4b,-0.124488288,-0.217330964,-0.234419922
Lrrtm2,-0.089707788,-1.211704078,0.473412171
Ppia,-0.094381383,1.918331654,-0.59438363
Fndc1,0.762109345,-0.68531421,2.376695657
Ccnf,0.421552329,0.672458759,2.806167696
Ang,0.675797364,-1.10395281,0.427094906
Gm10354,-0.045695261,0.224364271,5.866656479
Septin5,1.479890242,1.414664655,-1.002639748
Tuba1a,-0.056530923,-0.403638717,-0.649470334
Nanos1,0.054687287,0.018991515,1.982800601
Lratd2,0.146366814,-0.157951549,-0.633596703
Ptrh2,-0.154280987,0.528268934,-0.576809759
Ear2,-0.229170387,-0.962386092,0.797466226
Gm10384,-0.044342013,-0.85337947,0.101517391
Slfn10-ps,-0.461275198,-0.821849689,1.333501223
Zfp783,-0.270796641,1.548592719,0.078375757
Ugt3a1,-0.058830576,-0.223712046,-0.319280185
NA,-5.403214317,-1.952862041,6.300531429
Gm10392,-0.932311939,-1.452785963,0.916599126
NA,-0.17019156,1.902683339,-1.681975547
Tmem254a,-1.641212137,-0.623597639,0.364364627
NA,-0.964560083,-1.109858051,0.838856194
Gm10401,-0.045911289,6.663957691,-0.737595551
Klra10,-0.54473524,-0.264030034,1.521039582
Myo18b,0.318146464,-1.00127338,1.605650619
Klra14-ps,-0.16160357,-0.035035178,0.657887723
Grcc10,-0.146051265,-0.019177117,-0.503186121
Gm10420,-0.48655334,1.424495272,0.486509895
Abcb5,-0.387372263,-1.163875541,0.711203055
NA,0.559547082,-0.894886485,3.885866211
Cep170b,0.115323385,0.235433298,4.76043874
Gm10434,0.623863119,0.807296056,0.994829239
Gm12258,-0.092625224,-0.431623092,0.334016906
Noxred1,0.008396801,-0.44528854,-0.203315298
Gm10443,-0.206992227,0.467834018,0.051753857
Acot1,-0.065577875,-1.236160419,3.242636401
Tmsb15l,-0.218854541,-0.649921533,0.090124354
Gpr174,-0.175307203,-0.095695301,-0.734257502
Gm5127,-0.373672646,-1.67158316,0.462703547
Zxdb,-0.071681758,0.16356229,-0.209401578
Hbq1b,-0.707578263,-2.206098487,-0.777327286
Xlr3b,0.880621251,1.347094656,-1.738057464
Gm1141,1.456327437,4.519394509,-1.618872274
Vma21,-0.005755949,0.217059217,-0.533595734
Zfp449,-0.060115621,-0.307475997,1.36113802
5730507C01Rik,-0.15778571,0.543796939,-0.791839817
Bnip3l-ps,-4.075623199,-3.805528511,9.481426446
Trim10,-0.919957645,-0.863408801,-1.793390041
Lst1,0.255252894,-0.477763051,-0.324862494
C4b,0.960528648,0.276583242,0.115434078
Btnl5-ps,1.677144162,-0.250468873,-0.224425996
H2-Ab1,0.00874549,-0.026861418,-0.388406312
Zfp414,-0.15292997,-0.501635678,0.280298608
Arhgdig,-0.441820467,1.805996337,-0.794609402
Wdr90,-0.179747565,-0.636801897,0.112744784
Nme3,-0.081631096,0.516949289,-0.464860686
Eme2,-0.135935586,1.415707141,-0.443704277
Gm10509,-0.123915001,0.458725213,-0.443270487
Smok2b,-0.252511077,0.402755629,2.073902331
Sft2d1,-0.227760959,-0.089812455,-0.014944262
Csnk1g3,-0.16340452,-0.56319469,-0.127182479
Arl14epl,-0.188453316,-0.722060385,2.655497444
Ecscr,-0.57317542,0.142219769,0.887962946
Prob1,0.343813783,1.105186207,0.701597249
Gm10557,-0.061233191,1.779124083,-0.131074761
Hspe1,0.039498919,2.411493581,-1.09164089
Pgap1,-0.414373472,-1.260166963,-0.342227879
Faap20,-0.007139403,-0.063684189,-0.512625353
Lmbrd1,-0.122971123,-0.839370048,-0.1905701
Cdkn2b,0.330604294,0.994020737,2.683377471
Tufm,0.047093791,1.873870175,-0.865982345
Mup7,-0.045727116,0.2243174,6.543487947
Gm5859,0.829013792,-0.769661512,2.7836716
Il11ra1,-0.084904948,-0.397267139,0.084136834
Gvin3,0.046352645,-0.193803954,-0.730129867
Olfr692,1.258638731,3.215226768,0.101862542
Mob3b,0.237228263,-0.33295636,-0.036221031
Hbb-bt,-2.197006756,-1.72458003,-1.837482501
Rhog,0.074797117,-0.541946488,0.059001186
Omp,0.0406577,-0.124542004,-0.339638825
Osgin1,0.737267776,-1.178128319,0.88249031
Svip,0.024703676,-0.061989388,-0.902052812
Cmtm2a,-0.006436236,-0.816413729,0.195102569
Il4i1,0.16021599,1.704731636,0.126986539
Zfp788,0.021306699,0.468507532,-0.623651578
AW146154,-0.101425263,0.38616645,-0.45850988
Znhit6,0.110486635,2.369670794,-1.056243133
G430095P16Rik,-0.225297035,-0.907629786,0.64142356
Sdhaf1,-0.16347972,1.909068657,0.801554911
Gm10642,-0.001364032,-1.992569574,1.66080696
Gm10644,0.168396037,-0.611953249,-0.016303552
4932431P20Rik,-0.337854896,-1.613763665,4.045966496
Gm10645,0.151986492,-0.780265116,-0.140564019
Gm10651,-0.962596003,1.447062123,0.826891435
Gm10654,-0.122958304,2.769683101,-0.562394273
Ceacam1,-0.277630519,-2.168892288,0.568972991
Phldb3,-0.206235431,-0.732641961,0.38482669
I830077J02Rik,0.552478924,-0.727421223,-0.938315563
Tmigd3,0.389744145,0.230853889,-0.740870241
Ehd2,-0.292065221,-0.390251344,0.217408373
H3c13,0.102565147,-0.515433696,0.104271938
Gm10689,-0.996138864,0.5932993,0.143670585
Gm14548,0.027589182,-1.660130685,0.389265259
Gm15448,-0.121957955,-2.327150836,0.70795121
Gm10693,-0.418602464,-2.118416152,1.066453231
Gm15319,0.572047341,1.943747723,-0.099590128
Gm10702,-0.239802608,-0.700601829,2.782100542
Rtraf-ps,-0.341462416,1.656961712,1.274295252
Mex3a,-0.25825919,2.29678466,-0.99289854
NA,-0.083416413,-2.152282541,1.523103204
Zfp558,0.254040057,1.905067955,-0.644004723
Fat3,-0.855968333,0.209673319,2.064226193
Gm10705,-0.099384179,1.185675322,-0.79572551
Arfip1,-0.12616414,0.003506826,-0.183439738
Gm14327,0.196533988,0.63991332,-0.591530796
Gm10720,-1.825415096,0.200582263,7.396535906
Kcng1,0.189986841,-1.798512923,0.43648371
Ripor3,-0.266505873,-0.142144035,0.167163492
Mgst2,0.025151572,-1.400674915,1.444822512
Tox2,0.601525461,-0.452635521,0.780250391
1700034I23Rik,-0.077894238,-1.645434662,0.798454072
Mafb,0.541854592,-0.686104094,0.739214914
Arhgap40,1.416337534,6.607471662,-0.737588657
Tldc2,-0.349739238,-2.228894886,0.980876966
3110070M22Rik,-0.143204091,0.658330555,1.155578591
Lrrc31,0.166822856,0.067583458,-0.200040281
Eif2s2,0.16256424,1.733930594,-1.038360225
Tspyl3,-0.009882785,-0.176549612,-0.178327268
Ttll9,-0.160829084,0.018555196,2.20567774
Sirpb1c,0.128712375,-0.474879424,0.120001506
Gm10750,-0.320750815,-1.294057865,0.724665981
Thbd,-0.437158282,-1.003459713,1.091083062
Arrdc3,-0.062409718,0.895009338,0.983855145
Gm4149,-0.288230959,0.425854282,0.692847927
Gm10762,-0.667145667,0.511227503,0.495772613
Gm10774,1.422670637,6.012716214,0.941009122
Zfp934,-0.204425848,0.839262144,-1.015433711
Zfp808,0.015680333,0.274604997,-0.478487134
Grk6,-0.236903459,-0.711253361,0.16124906
Ifit3,-0.11189165,-0.976683688,0.33811473
Sptbn5,-0.083933776,-1.152098213,1.981097837
Gm2058,-2.33788836,-0.64244153,4.262763873
Ranbp6,-0.070675504,0.521146207,-0.539684971
Chst14,0.281895934,-1.002295369,1.176598427
Pak6,-0.031433365,-0.947788291,2.059504511
Gm13981,0.089441795,0.60281893,1.203288606
Grem1,-0.087910794,-0.455409759,1.469166463
Actg-ps1,0.130636401,-1.41513697,1.498556486
Gm10800,-1.797783442,0.497825176,7.815733576
Gm10801,-1.706752023,0.581231762,7.700016716
Accsl,-0.031676493,1.09107446,3.849694257
H2bc3,0.027019943,-0.101054943,-0.843954841
Gm4981,-2.057555665,-0.438881166,6.826690705
Duxf3,-1.465694113,1.621128624,6.775790408
Yae1d1,0.020894091,1.79853018,-1.065107064
Olfr1506,-0.045779595,4.194302801,1.952630734
Cd80,0.500458591,0.300979407,4.436581007
F930017D23Rik,-1.086470437,-1.54125528,0.892265386
Znhit2,-0.17244038,0.568440938,-0.440301923
Ccdc58,-0.064280548,1.56591731,0.517537006
Amd1,-0.042978468,1.342832298,-1.263148494
Cenpw,-0.111578556,-0.316755329,-0.223494915
Gm10819,0.203060292,-1.255690795,2.63826826
Pde11a,-0.101552653,0.212363795,1.633537089
Ttc30a1,-0.128309951,1.199741019,-0.584748162
Ttc30b,-0.345533755,-0.480128414,0.149894306
Mrpl23-ps1,-0.197767585,1.425234324,-0.390242925
Wipf1,-0.057085097,-0.477944829,-0.277979063
Carns1,-0.225943545,-0.981448383,0.537925313
H60b,-0.053338129,-1.282862879,0.808801458
Gm13597,-0.335385644,-1.687940006,1.291732708
Zbtb2,-0.29294616,0.938017014,-0.682235072
Smim6,0.110164766,-0.267568612,-0.255874825
Olfr288,-0.138989358,-1.508216917,1.161793838
Dnlz,-0.15188386,1.328463452,-0.602321409
Alg10b,-0.029282835,0.925592222,-0.726327987
Aarsd1,-0.096314064,1.436716623,-0.771967258
Nrbp2,-0.440609752,0.154618839,1.048823141
Nynrin,-0.280671889,0.027449683,0.455763987
Zfp652,0.001778864,-0.171340202,-0.199025341
Smok3c,-1.472993185,1.243603109,5.916610914
Smok3a,0.806529565,0.083259324,1.708365234
Slurp2,-1.078339416,3.688378612,0.584188203
Gpx4,-0.087735248,-1.004915655,0.325203098
Ywhaq,0.003629953,1.299433728,-1.014529988
Acsf2,0.400164741,-1.628597284,0.209239136
Ass1,0.362757735,0.242862999,2.996870262
Trbj1-5,0.290590648,0.866974433,-0.050280529
Trbj1-6,0.501927152,-0.091014419,0.98474899
Trbc2,-0.170383119,-0.256094611,0.079499821
Trbv31,-0.354648742,-0.793999436,3.528973324
Igkv2-137,0.130408691,0.184885684,-0.205876676
Igkv17-127,0.223102821,0.432268944,0.808977704
Igkv9-123,1.187499852,0.197674597,0.899029914
Igkv2-112,0.313979588,0.410381723,0.253440132
Igkv16-104,0.872504407,0.334522332,-0.251377233
Igkv15-103,0.021358658,0.19436137,1.277515064
Igkv1-99,-0.813940014,0.357248514,0.694567576
Igkv11-106,-0.036449403,-0.495610717,-0.23458949
Igkv12-89,0.93734744,0.887195538,0.193686785
Igkv4-86,0.829258155,0.39793929,-0.390655817
Igkv13-84,0.609108631,0.568680347,-1.189722354
Igkv4-81,-0.205508093,-0.5497575,-0.194387929
Igkv4-80,-0.304952159,-0.945810735,0.233179123
Igkv4-79,-0.118709324,0.267824977,-0.534584989
Igkv4-72,0.58016617,0.378585704,-0.209698307
Igkv4-69,-0.093716534,0.677635027,-0.72944012
Igkv4-68,0.789826724,0.193818271,-0.557202999
Igkv4-63,0.479232382,-0.042390189,-0.234575867
Igkv4-61,0.274041129,-0.103890115,1.753804308
Igkv4-57,0.560275107,0.121956769,-0.088893014
Igkv4-83,-0.602031426,-0.113347813,-1.058619191
Igkv4-50,1.794515063,-0.094967814,-1.606920115
Igkv5-39,2.76935513,0.444662625,1.336504841
Igkv12-38,0.779003829,0.026737366,-0.640920373
Igkv5-37,0.428461161,-0.131198857,0.343684861
Igkv7-33,-0.040117489,0.188539189,-0.055214589
Igkv6-32,0.268957114,0.217236194,0.147401066
Igkv6-29,-0.615029295,-1.045452964,0.21441611
Igkv8-27,0.317513522,0.30294226,0.277186159
Igkv8-24,0.34095951,0.560000229,0.25143877
Igkv3-10,0.571742386,-0.042418178,-0.464823387
Igkj2,0.184108278,0.054285746,0.155101851
Igkj3,-0.338777714,-0.132157285,-0.331263706
Igkj4,-0.016230537,-0.017935491,-0.167785413
Igkj5,0.078580552,0.115996844,0.481264556
Igkc,0.736485506,0.282386295,-0.012487153
Ighg2c,2.168475616,0.006129951,0.48284279
Ighg2b,2.900269988,-0.119195696,0.674966256
Ighg1,3.672327116,0.840729626,-0.774770504
Ighg3,1.220937112,-0.10253364,0.733340684
Ighm,0.527453221,0.159202787,-0.071447501
Ighj3,0.15223776,-0.958191842,1.239686459
Ighj2,0.487695129,-0.332760658,0.924233943
Ighj1,0.607230548,-0.057540321,0.571512505
Ighv2-6-8,0.913784758,0.229705966,-1.053470464
Ighv7-3,0.783926573,0.37036693,0.144312719
Ighv4-1,1.223642532,0.446622464,-0.087832292
Ighv7-1,-0.376449577,0.437832551,-0.386789548
Ighv14-4,-0.241042941,-0.113374536,-0.124082916
Ighv3-5,1.71599507,0.424453625,-0.114158587
Ighv3-6,0.728909839,0.861341828,-0.551019032
Ighv3-8,0.806079358,-0.139862797,-0.434611084
Ighv12-3,0.174868753,0.265269372,-0.257606984
Ighv6-3,0.54062488,-0.17112752,0.656050404
Ighv6-6,0.998325658,0.116338732,0.129525228
Ighv1-18,0.573115362,0.095622606,-0.021808515
Ighv1-47,0.996157967,0.150680087,-1.292064364
Ighv1-49,0.095441541,-0.059889107,-0.936136653
Trgc1,-0.422537956,0.188677332,0.378991891
Traj12,0.126083335,0.16258876,1.230433857
Iglv1,0.322040782,0.425591776,-0.903448186
Iglc2,-0.109291415,0.150777503,-0.442401269
Iglv3,-0.223566052,-0.031570418,-0.209575082
Rps12l1,-0.604040346,1.247199429,0.435935626
Rpl23a-ps3,1.760766555,1.551031865,1.795545987
Gm2399,0.783411976,-0.96706578,0.211753855
Capns2,-0.020779396,-1.228484205,0.359780595
Psme2b,0.091105864,0.382036465,-0.655294185
Gm12184,1.770729955,1.182088206,1.077740306
Lenep,3.564669987,4.889811384,0.330853354
Gm20900,-0.339612524,0.07071815,-0.268767993
Gm15610,-0.906277044,-0.613871103,0.648006967
Chml,-0.225685955,0.370140879,-0.820910119
Gm12854,-0.257642564,0.786482985,-0.861391069
Hmga1b,0.287288918,1.73663649,0.756563636
Gm2606,-0.411077602,-1.324422231,1.535389214
AW011738,0.81518675,0.027248697,-0.476071821
Smim1,0.301744781,0.879330488,-1.078682027
Mos,1.632663559,4.332569981,-1.425413155
Gm4294,-1.283307927,1.283118481,0.916953174
Ctdsp2,-0.121117071,-2.571336813,0.829271168
AU041133,-0.146694853,0.009668281,-0.338254484
Smim24,-0.255677411,-1.80304973,0.819525034
Raet1d,-0.50087523,1.284262181,0.276690034
Zfp268,0.097299183,0.302121371,-0.643541433
Nkain1,-0.454759631,3.920067507,-0.817846978
Bnip3,-0.159913673,-0.304776261,-0.658302548
1110065P20Rik,-0.207913347,1.343776853,-0.592265989
Ccdc24,0.082609465,2.573999627,-0.615025136
Gvin2,0.676412449,-0.490742234,-0.883025796
Gm5901,-4.21943625,-3.949375626,10.66363784
Trim30c,0.326169857,-1.201220653,-0.042588451
Marchf10,-3.050746505,-2.780685325,8.745871939
Lrrc37a,-1.129709627,-0.378176805,5.241056178
Gm7336,-0.174423393,0.01120846,0.149750817
Gm17546,0.070238114,-1.106280707,0.735829593
Aoc2,0.045744749,1.99747653,-0.547095616
Psme3,-0.125490744,1.848803149,-0.814731756
Cisd3,-0.031226234,-1.187886309,-0.233870387
Tomm5,-0.155654606,2.093591958,-1.393215848
Gm12394,-1.280565808,0.084105691,2.186938895
Haus5,-0.140865987,-0.425030169,0.26527053
Rad54b,0.4186899,1.501357986,-1.210837787
Zfp59,-0.171389671,1.429285848,-0.917038004
Gm5150,0.408455706,-0.079987627,-0.225419771
Gm9733,0.605868048,0.370712991,-0.591386089
Rbis,-0.142115115,1.701745541,-0.773924988
Dph1,0.162661047,2.001943538,-0.807684815
Dact3,-0.672303633,0.433764677,6.572698523
Ceacam15,2.349272052,0.148416423,1.818813331
Eif5a,0.094320824,2.381084561,-1.024740611
Prkcg,-0.587895972,-1.426413622,0.628996446
Gm10999,0.433632087,-0.32774034,0.718204314
H2aw,-0.130976496,-0.486160967,0.513815591
Gm14322,-0.43517609,-0.398813724,0.328592206
Gm14418,0.149953192,0.675983794,-0.81898496
Gm14434,-0.624616729,1.938823631,0.703220041
Gm2026,-0.333273295,0.094805023,-0.599069386
Gm14288,2.376246652,8.502613314,-2.736065357
Gm4724,-0.02442661,1.143907528,-0.469778926
Gm14440,-0.088250504,0.048330692,-0.667873575
Fam186b,-0.523249745,1.368152106,2.405281935
Gm11011,-0.246381838,-0.620701329,0.516365105
Ifi47,-0.049510651,0.955651854,-1.288631461
Tgtp2,0.52054254,-0.153487109,-1.16794043
Pdf,-0.092786099,1.256781447,-0.785258948
1700025C18Rik,0.237287859,3.149179113,0.910675669
Ak6,-0.278312882,1.265886764,-0.775089804
Naip6,0.124029462,-0.867594808,0.330676049
Naip2,0.259419902,-0.420891482,0.084325152
Gm11027,-0.09166587,-0.092448534,2.111174503
Zfp456,-0.195111581,0.503784162,1.880711813
Samd1,0.036901361,1.922371977,-1.891715255
Gm14147,0.988126319,1.968271582,1.485650431
Gm14139,0.548907471,1.4764453,-2.358622101
Serpina3i,0.249354674,-0.53283927,-0.114082861
Ifi27l2a,-0.440004565,-1.111258894,0.655954019
Ly6c1,-0.216560159,1.132484522,1.113643462
Gm21961,0.03961769,-0.655007915,1.225327841
Gsdmc,-0.976789073,3.05924325,1.824804645
Mef2b,0.637228282,1.913253688,2.109288249
Alkbh1,-0.131445748,1.82443904,-0.52650008
Prnp,0.567088568,-0.234846168,0.019742358
Fastkd5,-0.151965397,1.360056542,-0.820646722
Gm11042,-0.287972648,-0.466571008,1.259154204
Hmgn2-ps1,1.261516303,1.91585964,-0.798184348
Slc28a2b,-0.018455221,-0.683824946,0.252120011
Gm3086,-0.133353885,-0.153707327,0.151825286
Ccdc82,0.095070275,-0.746854356,0.029025909
Tgm7,0.512237889,0.717804297,2.466252489
Prps1l3,0.023875478,1.422546639,-0.837449265
Gm8818,0.028490063,-1.138867622,2.529862822
Gm4204,5.362005949,0.224170523,0.817797959
C030005K15Rik,-0.413288472,-0.213680089,-0.45553259
Psme2,-0.061706351,2.234225035,-0.679918064
Gm6565,-0.215031797,1.003951366,-0.791840692
Gm9531,-0.228684646,2.382557979,-0.727053581
Clec7a,-0.697415952,-0.683461747,0.870303914
Klrb1,-0.153473927,-1.6668724,4.747719374
Lemd1,0.058204178,0.194816214,1.206847526
Ifit1bl1,-0.266961991,-1.466160841,-0.921024565
C1s2,0.807967815,-1.196170414,4.306768493
Gm9006,0.068549676,-0.800076095,4.013083552
Gm43302,-0.443605039,-0.374109827,0.413724306
Gm8334,1.491318216,2.445773161,3.549872348
Gm3443,0.040346862,-1.560980843,1.382014956
Gm3298,1.427592614,1.928048188,-0.511097738
Gm11110,0.054057055,-0.020649393,-0.768093699
Cntf,-0.155182787,1.159650557,-0.873574788
St6galnac4,0.018410459,1.85333669,-0.543702726
B3gnt7,0.206363571,1.42011296,0.513077349
Prdm12,0.800441875,1.0781113,0.635045209
Utp14b,0.164109613,1.323301058,-1.24508495
Znrd2,-0.220640678,2.140426355,-0.895062218
Phyhd1,0.001900142,-0.538838094,0.27553773
Apoo,0.178910629,1.599017581,0.362013313
Tmsb10,-0.128258485,0.184152391,-0.466094064
Igkv13-85,1.787813666,0.314175036,-0.652760233
Igkv13-87,-0.275966758,1.507288059,-0.7971007
Kifc1,0.479119801,-0.08599965,3.138519027
Marchf2,-0.407403849,-0.488368216,0.297330821
Hoxa3,-0.674524647,-0.360170768,1.66249629
Pglyrp2,0.17757704,-0.308333503,-0.089261915
Rbpj-ps3,3.456332402,5.083028256,-2.396188702
C1qtnf5,-0.428873186,1.069821249,0.507639649
NA,2.385301959,1.207785312,3.16000507
Rhox4f,0.090548689,-0.582946629,0.312217979
Rhox4c,-0.270533041,-0.955712113,-0.38693156
Rhox4a,-0.549171818,-0.475786876,1.053818491
Rpl39,-0.026647311,0.05878063,-0.664211216
Fam71f2,-0.062443478,2.026770769,0.572375527
Rab26,-0.038560391,1.87146206,-0.475853665
Tmem243,-0.174165298,0.007198536,-0.273329367
Fdx2,-0.070763995,1.820303264,-0.408679361
Zglp1,0.299733265,3.069071506,-1.475387294
Dynlt2a1,-0.230844722,0.904231518,0.958903218
Dynlt2a2,0.487122732,1.431442663,0.485126671
Xlr4a,-0.027351993,0.526745276,-0.36421529
Klra4,-0.194093248,-0.184535721,0.900468468
Klra1,-0.808900135,-1.156606193,0.855192738
Gm10698,0.150053384,1.698167234,-1.150192755
Gm16073,0.208892531,0.303459665,-0.252223157
Cox5b-ps,-0.010030876,-0.128763189,-1.14494795
Gm5566,0.032446821,2.014988276,-1.146904052
Gm5915,-0.25248108,-0.713335297,0.188098723
Gm14448,-1.177874184,0.452758537,1.707165325
Gm12340,0.462266557,-0.441022991,-0.213632347
H2bu1-ps,-0.047736802,-0.453992287,0.052900018
Gm16077,-0.263040912,-0.787299248,0.921628122
Gm12543,0.06994421,-0.76446667,0.927867937
Gm6368,0.5432523,2.720002136,-1.430363839
Gm12174,-0.223776017,0.83381557,-1.392350556
Gm8250,-0.033525669,-0.722304715,0.510156429
Gm9159,0.249443473,-0.540716091,-0.276334568
Gm9385,0.469149747,1.01271346,-0.415166454
Rpl30-ps3,-0.037020118,0.80327239,-0.41299776
Gm7332,1.862678886,1.910144009,0.057170642
Rpl22-ps1,-0.267457511,-0.003763569,-0.335199872
Rpl10-ps6,-0.272065837,-0.653733234,0.312847831
Ndufa12-ps,-0.533500998,0.177832608,0.179340441
Gm14567,-0.40478419,0.417541457,-0.222722748
Ywhaq-ps3,0.143547031,1.42003078,0.122188714
Gm12269,0.052311537,-0.909544465,-0.701901194
Gm12463,0.012817521,1.314151684,-0.933715477
Gm15925,-0.676202915,-1.206618781,1.115779773
Got2-ps1,-0.149898616,-0.832113521,0.558554906
Gm9208,-0.213880281,-0.701999721,-0.129084746
Gm16056,2.032805188,2.848560384,19.49667106
Gm16128,-0.450450802,-1.036265481,0.635189203
Gm11490,-0.550115638,-1.333341493,1.046198433
Gm13772,4.814031808,7.856215877,-2.471788821
H2ac5-ps,-0.623897805,-0.865932346,0.081695946
Gm12846,0.124340812,-1.519432505,1.339905208
Gm15427,-0.083974619,-0.370878403,1.256064083
Gm6305,0.485303684,2.458589037,-1.705005894
H3c15,0.722263198,-0.181896934,-0.976649683
Rps15a-ps7,-0.020109086,1.178441214,4.230843598
Rpl19-ps11,-1.004638727,-0.420635563,2.590843906
Gm5913,0.821752803,3.023203359,-1.45923283
Gm15784,-0.247692742,1.270605592,-0.674979174
BC022960,-0.403495127,-0.877461588,0.991560812
Gm12922,0.095216359,1.004426511,-0.548327694
H3f3a-ps2,-1.182686997,0.097248421,1.335804649
Gm13136,-1.43693479,0.698954884,0.862359475
Gm11271,1.570617067,4.056416297,-0.639278617
Gm13858,0.89591786,-1.763372959,4.913766359
Gm6964,-0.397437431,-0.457481764,-0.928505722
Rpl35a-ps2,-0.206549604,-0.277916416,4.109747692
Gm4297,0.012937402,-1.071375483,2.222977007
Gm14760,0.639433718,1.377323628,-1.035842926
Gm16089,1.14518789,0.329377724,1.505849272
Gm13574,-0.125415787,-1.191016293,0.972196825
Gm13529,-0.013773311,-0.805416912,-0.234396447
Gm15554,-0.373526963,-0.701233419,-0.091716283
Gm12112,-0.341493217,0.270242119,0.708619043
Ap2m1-ps,-0.268213559,0.216958402,-1.202881702
Rpl7-ps9,-0.36903736,0.805497487,-0.453272403
Gm13673,-0.741139483,1.221177327,1.52594391
Gm12397,0.150690259,1.483908166,-0.980046846
Gm16071,0.342199613,-0.302450066,2.314113306
Gm14303,-9.85764674,-0.159851689,11.53188154
Gm13818,0.437832684,-0.219584927,-0.531367637
Gm15011,0.205762448,-0.612813036,0.106750825
Gm14686,0.582337538,0.97384171,1.327672364
Rps13-ps4,0.027616172,0.782291086,-0.808258864
Gm12752,0.815354401,0.003580952,1.591921999
Rps6-ps4,0.672291476,0.71291423,0.340665341
Gm6161,5.133287263,8.432327687,-6.14719277
Gm12734,-0.391336871,-0.16900794,-0.032722391
Pou5f1-rs13,0.303823955,-0.334331229,-0.2581556
Gm4853,-0.72125106,-0.851454473,0.910571783
Gm12338,-0.031931096,1.001017924,-0.452414503
Gm15368,1.295414209,1.132090106,-0.074485783
Gm9311,-0.311108236,-0.906140865,0.547733651
Gm11623,-0.11122777,-4.259455498,4.476556805
Gm12924,-0.772821897,-1.881099947,0.170675494
Slc48a1,0.404612607,-0.808326403,0.283292817
Gm12411,-0.961749554,-0.793904515,0.929197862
Gm9218,1.327419667,1.429279207,0.288421513
Gm12490,0.208314729,-1.497657746,-1.078775836
Gm11841,1.378693609,2.49453169,-0.701599403
Gm14681,-0.064667459,3.578678888,1.415801307
Gm11518,0.175332789,0.81906215,-1.960758465
Gm9436,0.093999528,2.168480128,-2.529058975
Gm13351,-0.231367991,-0.797287412,0.195271247
Gm14633,-0.447060257,0.703236639,-0.382515034
Gm5937,0.399457192,1.13593561,-1.486698068
Rplp0-ps1,-1.18243337,1.132133458,0.834106496
Gm15530,-0.354993195,-3.083322652,2.468204934
Gm11787,0.178242657,-1.242031846,0.52256726
Gm15922,-0.290657634,-1.511698663,0.71899151
Gm13167,5.843185558,0.224180389,-1.522700499
Gm11874,-0.136809839,-0.133698695,-0.938703726
Rps2-ps13,0.464160389,1.474475189,-0.546778111
Rpsa-ps5,-0.372907558,-0.073378068,-0.143544956
Rps11-ps3,0.492305165,2.646631048,0.072828309
Gm12391,0.949744905,1.004939099,0.947537691
Gm15931,0.31978345,-0.588736296,0.59431478
Gm13785,0.068121347,-1.321107387,1.059196454
Hmgb1-ps2,0.815043674,1.847988125,-0.903284159
Sms-ps,-0.365539147,1.591641019,-1.127479739
Gm15152,0.067130561,-0.797704074,-0.040450797
Gm13991,-0.570842355,-0.394042821,3.342779002
Gm5898,-0.407111558,1.219307084,1.981187314
Gm8662,-0.535148928,0.001979925,0.500785376
Gm8152,0.869120072,-1.185788322,0.473435489
Gm12713,-0.062367484,-0.836728921,0.414506442
Rpl17-ps5,0.33481628,-0.363456366,1.36746322
Gm12039,-0.261064707,-1.22087927,0.547501289
Gm14752,-0.346273048,-0.34983648,2.43777712
Rpl17-ps10,-0.16160402,0.118161439,-0.326785809
Gm15536,2.486032634,3.610177463,19.39839729
Gm9078,0.10352963,0.737764947,1.449321513
Gm12435,0.09781278,0.543732617,1.435211385
Gm11620,-0.409610164,1.559084034,1.019174305
Gm14017,3.736565982,4.339868875,-2.203341439
Rps8-ps3,-0.017536057,-0.874448029,1.090836087
Dnajb3,0.07175918,0.962703392,1.240342519
Gm13859,0.893332414,0.190863418,3.974145753
Gm13461,-0.367343894,1.54505848,1.27842373
Gm13216,-0.132523559,-0.367566081,-0.328280943
Pgam1-ps2,-1.097857011,0.441209534,0.000930452
H3f3c,-0.862482543,-0.231279946,-0.564303604
Rpl17-ps8,0.61161063,1.769821577,2.440083439
Ywhaq-ps2,1.250681292,1.312059776,-0.249399903
Gm9246,0.078468846,-0.827700719,1.268998241
Gm13230,0.017216652,1.487214285,-1.238975436
Gm12138,0.606745005,2.309903853,-1.850717789
Gm12013,0.295719415,1.115925718,4.079954216
Slfn14,1.387502373,0.304140393,-1.765540171
Gm15320,-1.544840873,-2.013069317,2.673836374
Gm14445,0.227470768,0.819491535,-1.643695057
Gm13577,1.677555642,3.26398233,0.630880546
Gm11824,-0.577264502,0.38591564,0.172486674
Gm12266,-0.006391379,-1.125762283,0.79881006
Gm13002,-0.260988117,-0.709564788,0.483499439
Gm7091,0.11625433,1.074869366,-0.589697555
Gm12230,0.689295154,-0.826302126,0.741011498
Gm12403,0.245538929,-1.201931063,0.334265274
Gm13641,-0.350395418,-0.760933437,0.638591216
Rpl5-ps1,0.015045208,1.144668236,-0.928146833
Gm15763,-0.179828169,-1.533532075,1.162527381
Gm6506,0.867901907,-0.010689186,0.957358894
Gm6292,3.414641756,2.212323016,-1.418974015
Gm7429,-0.064424411,-0.832171966,0.125347176
Gm15807,-0.117891232,0.512841528,2.294165651
Gm12870,0.040032403,-0.865212752,0.557225145
Gm15333,-0.097712932,-1.46899877,0.352195219
Gm14791,-0.039949047,-1.108223619,2.627394091
Gm16523,-0.126664472,-0.869252691,0.493545049
Actr3-ps,-0.466089767,0.196693245,-0.439995785
Gm14253,0.501341546,1.165156575,1.058180741
Gm13921,0.588824637,-1.554233643,0.350498972
Gm14287,-0.764839314,-0.297323664,2.771190985
Gm12363,-0.416322226,-1.228536642,0.619968971
Gm12928,3.111670896,4.073149899,-2.0309113
Gm14970,0.192747143,1.635417204,1.497233928
Gm15148,-0.419920226,1.042487582,2.008987345
Gm13171,0.343308378,-0.191357193,-0.484300367
Gm11231,-0.108588085,-0.368787703,3.523535307
Gm9025,-0.348710444,-1.434691295,1.475252777
Gm11688,-0.382684999,0.223570633,-0.308092157
Gm15765,-0.271885024,-0.659313548,-0.49092976
Gm7206,-1.20207572,-0.959318207,0.393651265
Gm11687,-0.325912596,0.924993901,-0.598312731
Gm12937,-0.053215721,-0.969856422,0.605041113
Gm12229,0.154061018,-0.931325674,0.822725595
Gm12902,-0.182962706,-0.367202037,-0.175662779
Gm12168,-0.317469587,1.071850316,0.106927172
Gm15580,0.572536965,1.662308876,-1.758160813
Gm15711,-0.358410969,-2.445134663,0.506297694
Gm15387,0.193696428,1.361340913,-1.452517708
Gm14227,0.009904187,-0.703124926,0.049870663
Gm8482,1.337618548,-0.015985458,3.755789716
Gm13239,0.013089497,-2.290771989,5.253333147
Gm14834,-0.379685481,-1.281193051,0.411416051
Gm15779,-0.053718433,-1.593380588,-0.159324951
Gm15897,-0.393568204,-2.327220201,1.101113319
Gm15516,-2.076071275,1.247217097,5.525950542
Gm12774,0.057491161,0.036507765,-0.758646527
Gm12961,-0.256571664,-2.275080715,0.67225206
Dynlt1-ps1,-0.353869646,-0.473093495,1.151483095
Gm15190,-0.176987276,0.292558243,0.186276724
Gm14416,-0.139771455,0.304326425,-0.728732536
Gm11424,1.953818105,1.769314978,2.543222572
Gm12366,0.714692346,0.299271823,-0.544188592
Gm14411,-0.393777403,0.442560798,0.09045977
1700064H15Rik,-0.227041027,1.191377939,-0.624930554
Gm4875,0.472197574,4.102782687,0.2574602
Gm12176,-0.431889353,1.230347636,0.331128057
Gm16106,-0.676285597,-1.033317882,3.046533369
Gm15780,-0.141721997,-1.636351698,0.256294113
Gm12591,-0.231298725,0.710177701,-0.502957373
Gm14519,0.128217267,-0.298689284,1.422584788
Gm11362,0.100857958,0.721915511,1.290849713
Gm14745,0.554982618,0.279907011,1.976042836
Gm15367,0.155517464,-1.773080032,0.16191234
Gm5844,-0.554726212,2.694879688,-1.506381107
Rps8-ps5,0.355112581,0.531064278,-0.497355654
Gm13736,-0.209042809,0.618135121,-0.238194407
Gm8770,1.367565389,1.861023263,2.201179794
Gm13864,-0.070528471,0.576369583,-1.043402829
Gm13135,-0.281537956,1.56457258,0.427524295
Gm8172,-0.347171146,0.235702759,-0.137040484
Gm12785,-0.225427119,-1.679499826,0.684352921
Gm13586,-0.189146031,0.067516787,-0.477253291
Gm7658,-0.071120058,1.528869261,0.544596313
Gm2810,-0.001217186,-0.416341687,1.660547923
Gm11540,-0.047917825,-1.393278941,1.373337416
Gm12507,0.305657552,-0.054699418,1.201565426
Naip3,0.768404708,-0.768864733,0.394465391
Gm6754,-0.176117276,-0.689526015,1.190176314
Olfr1274,0.675551536,5.193143626,0.147778675
Gm11389,-0.171038158,-0.620008611,0.477949318
Fam220a,-0.715905162,0.308847732,-0.336266811
Gm12978,0.13829847,-0.254725382,-0.459886667
Gm9083,-0.023721966,-0.830404579,0.244841864
Gm13433,-0.068890172,-0.00162829,-0.252747457
Gm16100,-0.175615563,-0.454276938,-0.022654577
Gm14140,-0.624125073,1.334483169,0.369770006
Gm12191,-0.945305304,-5.898159224,-0.063450055
Gm11408,0.511860319,0.2086129,0.468342202
Gm15382,-0.050849796,-1.302506726,0.09479266
Gm11249,0.270442845,1.705729631,-1.338870756
Gm14494,-0.478612594,0.996330565,-0.223840678
Gm5303,1.682974484,2.907652854,0.555046849
Gm14421,-0.114863582,0.554808603,-0.732455498
Gm6341,-0.290079133,-1.371378909,-0.009137682
Gm11852,-2.411137756,-2.1410588,7.592125915
Gm11427,0.150918848,2.348558123,-0.357035353
Gm11344,-0.465456143,-1.740454817,-0.402043341
Vmn1r-ps97,0.040112012,-0.396469723,1.935321048
Gm12693,0.208095996,2.21771916,-0.983987959
Gm11805,0.00366909,-1.083942811,0.371337627
Gm9432,-0.890196451,-0.554715958,2.097464563
Gm14869,-0.17039973,-1.015425348,0.752573759
Gm11410,0.073146555,0.503471063,1.174227972
Gm13246,0.096280294,-1.012515296,1.942486746
Gm13453,-0.068942355,0.50980359,1.013224208
Gm15180,-0.543866999,-1.222738537,-1.703759037
Gm7816,-1.621010046,1.24790571,-0.401160796
Ctsf,-0.080935217,-0.91742874,0.436696529
Idi1-ps1,1.544357352,4.780962729,-3.081742478
AA414768,0.003802777,-0.663040509,0.673334171
Gm15185,-0.503709943,-0.72631814,3.41145029
Gm11539,-0.559813808,1.213950954,-0.856165481
Llph-ps2,-0.026621513,2.065309896,0.096643378
Gm12895,0.171487076,-3.264138624,3.358393592
Ndufb4c,0.069037881,1.76732767,-0.764543524
Gm6335,0.586611428,2.783357225,-3.209290989
Gm15542,0.372368781,2.107050834,-1.86245262
Gm5466,-0.340563714,1.016892293,1.113532391
Gm15725,0.122128875,1.005872687,-0.910518324
Gm14300,0.032188528,1.011265923,1.074842318
Rpl35a-ps4,-0.206549604,-0.277916416,4.109747692
Gm13437,-0.584580712,2.4348902,-1.29238325
Gm15824,0.10746105,-0.651926221,0.378889816
Gm13207,-0.36366136,-0.130429742,-0.67698764
Gm7541,-0.521806465,1.742457214,0.144982546
Gm12749,0.016870979,-0.769328292,0.552796455
Gm12466,-0.489561981,-1.049370231,0.020881447
Gm12035,0.632674597,-0.73085178,-0.226469661
Gm12896,0.171487076,-3.264138624,3.358393592
Gm15885,0.201428748,1.840163311,0.312301942
Gm14741,0.080340981,-0.160556622,1.403041909
Gm9200,-0.468269018,-2.657962886,0.267916397
Oaz2-ps,-0.248236614,-1.457774275,0.921736311
Gm12795,0.543094627,-1.020875156,0.572192743
Gm4459,-0.045808676,8.885366301,-2.262201643
Gm15602,0.232606629,-1.144336412,2.365114397
Gm13148,1.232656075,2.857539991,-0.002708233
Gm14086,-0.24732784,-0.984329808,0.074141048
Gm6829,0.490369055,4.275127221,1.416455008
Kpna2-ps,0.060632801,-1.150333033,-2.37688635
Gm15154,0.015967631,-0.962439801,-0.195901188
Gm2986,-0.256784236,-0.320336726,-0.531430378
Gm13592,1.998585773,1.671055983,-2.494383939
Gm13123,1.48051103,0.224308663,4.704632013
Gm13854,-0.168653758,-0.661105663,4.098423865
Gm13543,-0.221750242,-1.397059196,0.345877995
Gm7803,-0.409444883,-0.409915759,-0.116741358
Gm15988,-0.25021316,-1.531782636,3.554571313
Gm13394,-1.290805807,0.531649255,-0.019859074
Gm7180,1.058041027,-1.36636758,0.873117874
Gm6092,-0.001375798,-0.136572375,2.077863874
Gm15712,-0.0645757,-3.006436253,1.609303838
Gm13477,0.033715265,-0.229188366,-0.364066488
Gm13886,0.459293906,1.420879227,1.771872128
Gm13213,-0.095537798,-1.516783322,1.397431478
Gm12093,0.463326507,2.620416823,3.174327273
Gm10600,1.199354994,-0.210190975,1.643835047
Gm11483,0.003915697,-0.261184065,-0.281910878
Gm13786,0.099110251,-0.780956778,0.337123261
Gm12527,0.082079194,-1.445909294,-0.336202028
Gm9003,0.614179547,1.192312676,1.354570587
Gm13302,1.745049115,1.193905156,0.219681801
Gm7416,-0.35843587,-0.508553522,2.228058145
Gm5934,-0.170699205,-0.1159093,1.754336156
Gm12079,0.055689781,-0.072656206,0.530427766
Gm12941,0.491472926,1.421020604,-1.458237087
Vmn1r-ps135,1.520531189,1.026404331,-0.112970897
Gm13252,-0.185734716,-0.754223767,0.368847766
Gm6136,-0.042784861,0.597978762,1.788302242
Gm14277,-0.245909849,-0.195604761,0.066996724
Gm14915,1.697814843,0.881974553,0.604152409
Gm15644,0.838729904,-0.053267245,0.711051987
Gm12696,0.431217167,1.786700284,-0.386152567
Gm16420,-0.119429667,-1.115888511,1.148822814
Gm13508,-0.514409303,0.256493536,0.832010698
Gm11926,-0.366880434,-0.42687872,0.377202284
Gm14388,0.146631236,-1.121024948,-0.081303646
Gm11975,0.087861543,-0.768014185,0.291394464
Gm15421,-0.192404347,1.550125324,0.983906371
Rpl36a-ps4,1.246700983,1.198998676,3.461776732
Gm14914,0.037329685,-0.317017171,1.459051514
Gm13535,-0.046777809,-1.101985684,0.510171039
Rps15a-ps3,0.288611217,0.52252086,0.836546078
Tpt1-ps3,0.057365328,-0.599794022,1.055394697
Rpl3-ps1,-0.732794291,0.910003747,0.149508187
Gm15452,-0.493868322,1.233995129,-0.36716985
2610024D14Rik,-0.462303446,-1.587490334,0.293407452
Gm13370,0.291284193,-1.057738327,1.227308964
Gm5526,1.103177561,-1.851726885,2.181928814
Gm16274,0.227584406,-1.966359876,0.394031834
Gm10241,-0.170255792,1.908966411,0.230876878
Tmem240,-0.046811896,0.57864075,-1.131774764
Gm1980,1.245716538,2.119213685,-1.686737505
Ccdc85c,0.100837654,3.10769804,-1.349547953
Hba-ps4,-0.763093114,0.809838602,-0.343821222
Gm14349,-0.045695046,0.22436492,5.702437405
Gm13857,-0.59232057,-3.244836705,5.685798994
Crocc2,1.099810764,-0.529195802,0.436444272
Gm16260,0.367911937,-1.171142823,0.972254709
BC021767,0.706276952,-0.16025167,2.105971983
A730046J19Rik,0.45005842,-0.391846147,1.449769649
Gm12254,-0.225148746,1.500249139,-2.445244243
Gm16305,-0.078075735,-0.456895161,0.024356916
Gm16363,-0.645381697,0.733920186,-0.701595463
Gm13767,-3.05691215,2.147151512,4.264770583
Meiosin,-0.279998949,3.375890109,-0.18260435
Gm11346,-0.195151339,-1.680235838,0.949834579
Tdg-ps2,1.814478517,2.790880844,-1.02550571
Gm15163,1.052835154,1.988919752,0.413183332
Gm13092,0.089983503,2.141398986,-0.900245904
Rpl30-ps9,-0.400269288,-0.043822483,3.687548894
Zfp703,0.234381326,-0.951451615,2.031838156
Gm15899,-0.003174795,0.10695217,-0.501218209
Gm15258,0.675588238,2.496752319,4.174981448
AW822252,-0.23583487,-0.164626441,2.041038167
Wipf3,0.131760064,-0.427822387,1.08122017
4930563I02Rik,2.645993782,4.215216115,-2.421917978
Gm16060,-0.304364134,0.350987152,-0.449720028
Nbdy,0.344485477,-0.400127721,-0.147005878
E130218I03Rik,-0.328173352,1.739019938,-0.572759899
Gvin-ps1,0.840430677,-0.954635982,0.125402273
Cd101,0.285095134,-0.885385879,1.08046684
Btbd18,-0.262712157,-0.330878428,-0.127687841
Gm13194,0.392664725,-0.431804475,-0.030733947
Gm11560,0.203766997,2.004520709,-0.729116673
Gm15432,-1.835309973,-2.286596334,8.152287669
Gm13835,0.222757823,1.351283626,-1.065661992
Gm12248,0.20994283,2.071152888,-0.861605059
Rtl10,0.153100141,1.137054381,2.37069365
Gm12103,-0.069148142,-0.033533114,-0.234809338
Gm6706,0.711581432,2.212131724,-0.047446962
Gm13570,-0.068992201,-1.180818046,0.759904224
1700073E17Rik,0.370193116,-0.648756369,2.235755263
Gm13147,0.184495856,1.83447582,-0.574076499
Btf3-ps2,0.410823219,0.117519955,-0.975824047
Gm16254,1.749790722,3.63187511,-0.413099041
Tmem170b,0.109806566,-0.008698671,-0.367226882
Gm15517,-1.638281376,4.504709785,0.21249324
Gm15501,-0.741904208,-0.745810546,1.74822472
Gm7023,-0.045686359,0.224378801,5.261900476
Gm14389,0.088107052,-1.111243005,-0.18383722
Gm13414,15.41361015,-5.245162637,10.90783678
Ighe,3.366978574,0.989913361,-1.945396121
Gm13493,0.614588403,1.079705936,-1.521935286
Gm9727,-0.355953883,-0.491125207,1.140528987
Nat8b-ps,-0.308990449,0.556460199,-1.289331449
Gm16353,-0.303228622,-0.566728667,0.012281486
Mia,0.052743461,2.237408668,-0.383478575
Gm14057,0.450350019,-0.437799332,-0.900155078
Tnfsf13,0.617055987,-0.405691468,0.336904788
Bcl2l2,0.277168529,-0.41583925,0.096274221
Nat8f7,1.426772604,2.306797241,-0.842878612
Gm2541,0.694921689,2.723333714,-1.338466255
Cbx6,-0.417570147,0.333906284,-0.687111813
Cd300ld5,1.556855571,0.783102449,-0.55718771
Clec2f,0.708694415,-0.275285135,2.161631197
Gm8428,-0.334374865,-0.957070393,0.261221325
Gm20431,-0.104693438,0.01732128,-0.924216648
Ier5l,-0.606842754,0.488986468,4.878316436
Tmsb15b1,-0.348941344,-1.428594656,0.801154617
Gm16574,0.173941746,-0.498099037,2.313775723
Gm16270,-0.830960501,-0.256131203,0.613936903
Gm10171,-0.182962897,1.973860518,-1.325644346
Gm7162,-0.082347371,0.36100206,1.838070296
Gm2962,0.057395894,-0.847162438,0.207926578
Umad1,-0.087384329,-0.310954605,-0.152506958
Gm44503,-1.874864132,-6.252859485,8.311347822
Gm8113,-0.187181089,-0.691675489,0.162044118
Bcl2a1b,0.024318444,2.200907855,-0.309671191
Pira2,0.408514911,-0.60653558,0.04668653
Ugt1a5,-0.145090393,-0.122013501,1.329577199
Pakap,0.588088414,1.870658584,-0.078708954
Zfp968-ps,-0.039311571,0.747332282,-0.711274135
Gm16165,-1.069757759,-1.635812143,0.937829335
Ugt1a1,0.987121915,0.053635729,1.366453605
Gm16550,-0.424070104,0.139063508,1.158124536
Gm2389,1.168850299,-0.866890229,-0.036432043
Crb1-ps,-0.282884771,0.041774735,2.060120522
Tmsb15b2,-1.205261224,-6.499822531,6.571254776
Gm6485,-0.328854295,2.248673507,3.861968379
Gm16125,-0.148507361,0.084025594,-0.37114259
Gimap1,-0.083751624,-0.15327368,-0.098959536
Galnt4,-0.096332438,-0.035280751,-0.189213916
Gm16167,-0.294390131,-0.205425773,0.163434569
Nwd2,-0.467999043,-1.532221715,4.180601695
1110002E22Rik,-1.02645993,3.380735042,2.176192123
Lime1,0.078565485,0.600122306,-0.540907513
Cmc4,-0.056508593,0.328533771,-0.246416947
Gm8185,0.284871267,0.083621649,0.027405603
Ugt1a7c,0.270852477,-0.273741005,1.056197003
BC035044,-0.040018425,1.715560564,0.77624497
Fbxw10,-0.250662564,-1.903139389,0.995570536
Gm52951,0.794763878,-0.556735569,-0.150915136
Trim34b,-0.031239791,-0.667216067,0.121778602
Pcp4,-1.123135054,-0.744052846,-0.95388356
Gm11559,0.324963682,-0.535203103,0.22375687
Cfb,0.146607931,0.210869786,-0.747879652
Bloc1s1,-0.137883491,-0.079519973,-0.253348995
Mettl23,-0.347210862,0.631007106,-0.500736642
Mndal,-0.103942539,0.039646699,-0.332892436
Adh6-ps1,0.487944993,-0.629397598,2.985498293
Gm6158,-1.162040872,1.885510962,0.679911815
4930523C07Rik,-0.14408901,-0.535808501,-0.116485902
Gm17402,-0.071056437,-0.052254606,1.651912964
Gm17271,0.325496531,0.553948899,-1.513146764
Sfta2,-0.078482904,0.79272134,0.977794651
NA,-0.218677952,-0.374188695,0.020408704
Snrpe,-0.21287717,1.400639775,-0.781813227
Gm17169,0.077064702,-0.417203312,-0.156416304
Gm17571,-0.16283643,-0.629206813,1.111409132
Gm5611,-1.199810102,1.615965983,-0.024698836
Tex9,-0.289839816,-1.279654595,1.246635434
Gm8126,2.401194383,1.739635832,2.153518459
NA,2.694469649,4.699153714,-2.848969178
Zfp493,0.087618325,1.290647222,-1.065247301
Gm17213,-0.105394413,-1.267690861,0.454279336
1700092M07Rik,0.240911432,2.078335433,-0.601199823
Heatr4,0.189331316,1.38336881,-1.378713578
Hspa1b,1.381544332,3.943869649,-2.187333023
Phf11,0.153781088,-0.562398077,0.085093515
Ccdc71l,-0.018524153,-0.288756089,-0.666825781
Lrrc32,-0.582437575,-0.178019456,0.264183461
Gm17655,-0.139180357,0.925158147,-0.628463019
Gm20458,-0.496413815,-0.866403877,0.213297852
Vmn2r69,-0.25983385,0.496917793,1.85518466
D630036H23Rik,-0.120043895,-1.208754819,-0.07793538
Gm10722,-1.34600871,0.603063755,7.1520738
Gm17538,-0.174746316,0.977379544,0.189267535
Rpl6l,-0.78342587,0.232588188,-0.31892196
NA,0.390857646,0.555338053,2.273947698
Ccdc152,-0.104394466,-2.15603074,0.397986956
Gm17181,-0.045679076,0.224388511,5.595165603
Gm17020,-0.367054816,-3.740893203,1.406898086
Serpine3,-0.49642918,0.294845252,-0.304214773
Gm17545,-0.589105197,-0.203964199,0.656804422
Gm2619,1.067203753,-0.864367768,0.482097569
Gm20390,-0.330878085,2.660482372,-0.552466481
Speer4e,0.675621771,0.224327888,5.325764563
Gm1818,-0.487388259,0.922754979,-0.939755101
Spata31d1b,0.675589354,1.623680486,3.80620481
Gm5415,-0.167991391,-0.407760989,1.297453264
Col6a5,-0.117126524,-0.191330585,1.575670824
Gm17711,6.299384179,6.154892468,-11.64072754
Olfr443-ps1,0.601021724,0.482160565,1.896710757
Gm17084,-0.182854476,0.189280644,-0.528195641
Gm10039,4.097627101,3.023986429,-0.095719588
Vmn2r97,0.637163076,0.15349142,0.424131199
Mpc1-ps,-0.382543674,1.547864426,0.996184169
Gm17194,-0.279407996,-0.555354452,0.502948418
Gm6548,-0.179247778,-0.360553337,-0.114520648
H60c,-0.128058593,-1.48031424,0.72424282
Phf11b,-0.036242338,0.202348163,-0.506900609
Apol11b,0.445339029,-0.997899311,-1.481321233
Sec14l5,-0.575909859,1.273087631,3.322822491
Gm17126,-0.045716614,0.224332567,6.455042095
Gm17541,0.072477271,-0.942451697,0.493179791
Yy2,-0.102950975,0.261652575,-0.566392146
Gm3208,-0.045689729,0.224373368,5.425303334
Sco2,-0.059571108,1.469371757,-0.927808855
Igkv1-115,-0.54880127,-0.320636335,-1.227505031
Gm4707,-0.213836887,-0.855527476,0.169871575
Gm8251,-0.15903936,2.584647639,-0.89803065
Gm3851,0.452714425,0.524918419,-0.65859446
Ube2d2a,-0.130137106,0.121564852,-0.449798119
Tnnc1,0.071601096,-0.183107455,1.965199712
Gm6460,4.172581699,0.224259346,2.009251503
Gm2564,-0.575891421,-1.360464742,2.985037146
Hspa1a,1.879243821,4.417795675,-1.985212923
Gm17072,0.089547446,-0.710664526,-0.139510079
Myh15,0.758243255,1.04054444,0.856064688
Gbp11,2.144728835,1.536292332,-0.446628445
Gm9027,0.035205768,0.661802955,-1.403412595
Peg10,-0.365559034,0.731573192,-0.671595899
Gm2244,0.503328901,0.702161922,0.044135911
Vmn2r85,-0.077520802,2.54181033,-0.480209407
Gm4540,-0.094235471,-1.495870162,0.554995633
Dynlt1a,0.428868489,-0.343154607,-0.00624195
Olfr101,0.116169905,-0.301455821,1.085104841
Gm17528,-3.489516307,-3.219464928,9.537983812
Gm5819,-0.617073335,-0.078445638,1.406134345
Fancf,-0.477075365,1.114748758,-0.445908568
Gm20432,0.024922378,-0.768653259,0.05831616
Dnaaf4,-0.133910149,-0.213425966,0.157955765
Gm19345,-0.055635635,-1.227926525,0.513563662
Gm20519,0.154458945,-1.526569636,-0.02811897
Gm8752,0.790091446,1.589959237,0.188121587
Cdk3,-0.691528203,1.268928191,0.102356959
Galnt2l,-0.836287754,0.418237001,0.98774682
Olfr754-ps1,1.004547856,-1.587269407,-0.413730546
Hspe1-ps3,-0.56794841,-1.1529468,0.640852572
Gm20430,-0.085747906,-1.577965177,2.201374363
Gm20479,-0.856756374,-4.216116664,4.096169095
Gm19203,-0.269923881,-0.578086692,2.507038072
Gm18343,-0.067667383,-1.394210851,0.704237982
Gm20547,-0.939436225,-5.304822188,1.528883342
Fam71e2,-1.81506797,1.269532503,4.11228232
Nlrp1c-ps,6.168227287,-0.531548953,0.983377312
Pagr1b,0.699253006,2.789911812,-0.375712774
Gm8750,0.801217627,2.757865137,-1.211947378
Serpinb10,-0.419175227,-0.436430041,0.319529578
Btnl6,1.470800537,-0.508676028,0.071224649
Gm20689,-0.500313209,0.418848833,1.266584644
Gm6061,-0.987543205,1.62770469,-1.297765699
Gm18588,0.32184266,0.06032395,0.290781577
Gm20702,0.087168285,-0.799016731,0.402647351
Gm20708,0.343125995,1.840936614,-0.07269377
Gm20691,0.001943281,1.511002138,1.4814963
Gm18367,-0.515563217,-2.083593553,3.390977216
Gm20683,-0.147671331,1.185392546,-0.91555165
Gm21970,0.915246162,-0.485007743,1.423842107
Gm20612,0.312316563,-0.352169479,-0.749848987
H3c14,0.226981916,0.317122167,-0.61424377
Gm20648,0.092550566,0.369285445,-0.887215232
Gm8355,-0.127769179,3.410326752,0.152428511
Asmt,3.435668222,5.633536399,-2.969762775
Gm6900,0.118562442,1.065248029,-0.196061382
Ighv3-1,0.909014463,0.653293169,-0.482848509
Lrit3,-1.476583028,5.345284244,1.124334274
Gsdmcl2,-0.243581769,1.207053828,0.654210702
Ighv1-53,0.751061123,3.97E-05,0.79359802
Ighv1-76,1.214177074,-0.038305394,-0.109730737
Tomm20,-0.190924349,1.181061246,-0.815675345
Obox4-ps28,-2.990489449,-2.720369749,9.804030301
Hmgcs1,-0.146124134,2.296910641,-2.014966769
Evi2b,-0.009919311,-0.17033105,-0.082373053
Gm16867,-3.381969115,-0.201781728,0.032966364
Ighv1-34,1.691011821,0.871756789,-0.512717517
Gm21909,1.906106197,1.387046047,-1.069337635
Gm2237,-0.571907404,0.188264102,-0.223996459
Igkv4-59,0.264619007,-0.093473765,-0.282665431
Gm21762,-1.011582252,0.65655167,-1.514127174
Ighv3-3,-0.233191733,0.11135364,-0.530205454
Ighv1-36,1.147442433,-0.106374764,-0.545804948
Ccl21d,-0.045680209,0.224387,5.543320301
Ighv1-80,1.127935791,-0.177231489,0.842187778
Gm4767,0.096327509,0.756137269,-1.449894308
Ighv1-61,1.57692399,-0.018130883,-0.340059746
Gm8494,-5.804002203,1.601567814,-0.29858583
Gm21885,-0.37390757,-0.041378679,-0.105993563
Ighv9-2,1.396746433,0.125136515,-1.369897798
Gm8922,1.146049131,3.354936573,0.260128463
NA,0.225988295,2.143335877,-1.703177657
Igkv3-12,0.669395706,0.468579837,0.369896171
Gm3233,-0.045693246,0.224368482,5.319031333
Rpl31-ps9,-0.141116965,0.696420406,0.275316361
Ighv1-74,0.430124827,-0.098011072,1.113900703
G530012D18Rik,0.114894125,-3.897582468,5.200382586
Ighv5-15,-0.118518469,-0.216324877,-0.251562695
Ighv6-4,0.205524263,-0.660684441,0.530176629
Ighv5-16,0.911536042,0.665927614,-0.435758725
H2ac23,-1.591912284,-0.74469644,2.678796732
Gm14536,0.444435812,-2.100578468,4.385941302
Igkv4-62,0.98705961,-0.05143285,-0.160027341
Igkv4-78,-0.559473464,-0.16047815,-0.73017807
Ighv9-4,0.504559676,-0.015019582,0.088334109
Gm10045,0.074392713,-0.366956483,0.240992911
H2bc13,0.346052231,0.049344973,-0.902663972
Igkv14-126,0.776552192,0.487211389,0.095823508
Gm8783,0.752078036,1.256063547,1.03319744
Gm3788,-0.567069468,-0.428883164,2.677698607
Gm38394,-0.106285574,-0.430972501,-0.179368125
Igkv10-96,1.025496672,0.426034201,-0.335646494
Gm21969,-0.476105236,-0.136442738,3.829856232
Gm6344,0.076732804,0.0486207,-5.356901082
Purb,-0.18883893,0.541468027,-0.681718068
Gm21958,-0.028870714,-0.449150953,0.052036136
Igkv1-133,0.868994061,0.314783791,-0.439732612
Vmn1r-ps73,0.378274767,0.876667396,1.273880682
Ighv1-69,0.753867994,0.138739738,0.569007577
Ighv8-6,-0.791881471,-2.135048966,0.921813611
Ighv14-1,0.867064536,-0.318933762,-0.621443093
NA,-0.344755741,-1.713650286,0.968393855
Gm21451,-2.749629367,-1.178865182,-0.456292076
Ighv11-1,-0.168743562,-0.195928184,-0.758625522
Ighv1-26,0.593936802,0.031199293,-0.173176652
Pramel39,-0.045688708,0.224375669,5.154417556
Ighv1-22,0.603222985,0.056932616,-0.469351175
Gm15027,0.444435812,-2.100578468,4.385941302
Gm10251,-0.364416456,-1.973896816,2.558479878
Fsbp,-0.023073766,-0.429436143,-0.138726315
Gm3055,5.963990542,5.948951223,-5.491460804
Gm10182,-0.119738839,-0.040161122,-0.346397034
Gal3st2,0.610877214,0.20501775,-0.800786105
Ighv1-42,0.398205907,-0.349842782,1.540178525
Rpl35a-ps6,-0.206549604,-0.277916416,4.109747692
Gm6902,-0.253826764,-0.556183939,-0.197206943
Ccl21a,-1.379019234,0.162804881,2.464312139
Ighv1-81,1.214102016,-0.013078963,-0.56908465
Gm10359,-0.447021175,3.590405224,20.58128518
H2ac24,0.358519061,0.42905446,-1.055667171
Gm14403,0.231984889,0.741777095,-1.115208802
Ighv1-54,0.879893479,0.185668935,-0.187939911
BC147527,-0.500977926,-0.055677658,-0.91761351
Igkv6-15,0.022660707,-0.41874887,0.351737917
NA,0.384639262,-0.06247131,-0.154889881
Muc3a,-0.221916114,-2.702287084,1.344370973
Ighv1-56,0.609158402,0.435260165,1.135342687
Zfp131,-0.176673677,1.314097668,-0.750111978
Gm9726,-1.297708283,-0.506829199,0.699968717
Gm15093,-0.045769953,3.035599074,2.984039816
Ighv5-6,1.401586212,-0.292718532,-0.838852133
Eif4a3l1,-0.183139371,-1.14350744,0.195051895
Igkv4-51,-0.708613254,-0.97558949,0.095209789
Igkv12-41,0.577812442,0.5640089,-0.825924832
Sirpb1b,0.396349787,-0.413382523,0.206779264
Gm36079,-0.005742835,-1.997152977,3.295050302
1700001J03Rik,-0.006501856,1.792542893,-0.139889014
Gm13146,0.011546365,0.598603888,-0.429078286
E030018B13Rik,0.155107656,-1.159273465,0.58612863
AF067061,0.148517582,1.26299341,-1.889903932
Igha,2.90880108,-0.375037978,0.25093618
Gm13285,-0.462389511,-1.019593582,2.961429693
Edaradd,-0.299274267,0.025250815,-0.275627791
Ighv1-82,0.86434073,0.149274172,-0.242912405
Ighv1-39,0.828307138,-0.015039605,0.198185611
Gm10718,-1.265508179,0.334257213,7.169014912
Gm20939,-0.251309576,1.676818509,-0.711373196
Ighv1-59,0.746418509,0.281947381,-0.233111193
Ighv1-52,0.627825916,0.236655209,-0.480195307
Ighv5-9-1,0.635927018,0.169685814,1.830298035
H2bc15,0.196216359,-0.057917917,-0.790707155
NA,-0.981914973,0.190993026,7.099032692
Gm21119,2.18276638,3.190408142,-3.159232923
Gm906,-0.045712503,0.224339462,5.697393408
Gm12573,-0.157871136,-0.733721696,-0.197747505
Igkv3-9,0.274412264,0.298636308,-1.233200526
Igkv3-2,0.973690393,0.745354272,-0.773532806
Gm21860,-0.703594158,0.877777253,-0.87140263
Rps2-ps6,-0.48887615,1.009402054,-0.426421025
Ighv5-12,1.087171477,0.353196074,-0.071076011
Fignl2,0.354929125,-0.18421881,0.608123815
Ighv1-4,0.871317462,-0.020560142,0.403519142
Entpd4,-0.639651514,0.280145376,-0.22686339
D13Ertd608e,-0.486875467,0.59627899,-1.660926814
Gm10243,-0.206549604,-0.277916416,4.109747692
Gm10719,-1.345898964,0.360473948,7.308077254
Erdr1,0.467407059,1.54307414,-0.660196412
Gm20474,-0.219691868,-2.319560308,4.448312537
Ighv2-9-1,1.109436518,0.092694412,-0.052712544
Noc2l,-0.021864418,2.406353797,-0.74348456
Ighv5-17,1.183351384,-0.013519173,-0.198014852
Ighv1-55,0.921104473,0.085196386,0.188633207
Gm21188,0.563865633,-0.233878468,-0.434879995
Ighv5-4,1.06843511,0.010327304,-0.040647482
Ighv14-3,0.644435297,0.47622554,-0.925231904
Gvin-ps3,-0.129106839,-0.763740473,0.420008228
Gm8935,0.507086316,2.572037106,-1.564952456
Gm2310,-1.087606633,-0.841678125,3.092344481
Gm10662,-0.315113726,-1.204429638,0.694831706
Rnaset2a,-0.20624857,-0.1519265,-0.088458376
Gm8221,-0.28487779,-0.64174576,-0.931914695
Igkv4-53,0.599632311,-0.030162136,-0.245526679
Ighv1-20,-0.442018525,-0.73714201,1.048561864
Igkv14-111,1.192833949,0.551536477,-0.730047816
Sirpb1a,0.576200397,-0.438015189,0.024766646
Igkv6-17,0.498409125,0.221000793,-0.647769061
Gm5451,-0.38339921,0.914008254,-0.357818986
Ighv1-43,-0.107147312,-0.135658058,0.28747157
Gm13237,0.405447799,-0.101166653,-0.313141951
Ighv2-4,0.25259186,-0.438696805,0.378324509
Gm10717,-1.372434346,0.339757025,7.282992013
Nim1k,-0.224816755,1.979741716,-0.24741176
Gm12671,-0.447021175,3.590405224,20.58128518
Gm3183,-2.28568301,-2.166028297,5.408232341
Gm5891,-0.315113726,-1.204429638,0.694831706
Gm21060,-0.313089739,1.120286316,-1.020298229
Gm16513,-0.045689534,0.224373909,5.333490168
Ighv1-75,0.644299022,-0.021735439,-0.605375309
Odaph,0.274778211,-2.2224354,-0.04326906
Gm21698,-0.045693133,0.22436786,5.635964578
Syne1,-0.084512088,-0.97901756,0.637847365
Ighv1-72,0.962454258,0.214974712,1.022185082
Ighv1-62-2,1.097411036,0.252998661,-0.057975491
Ighv11-2,0.558770372,-0.032136037,0.458760045
Dnah7a,-0.523565622,2.057355902,0.925263647
B020004C17Rik,-0.345510091,-1.23576561,-0.728635618
Ighv1-85,0.924579023,0.083613492,-0.896714013
Gm9242,4.446030802,0.22420944,0.866914292
Gm8055,0.185621353,-0.245028421,0.687777802
Gm21761,-0.081589337,-0.387033905,-0.024090301
Cmtm4,0.415693837,-0.051717314,-0.809686712
Gm10715,-1.132339968,0.397558306,7.346668119
H1f0,-0.307904999,-0.448250583,0.462401389
Gm2916,-0.258450318,-0.83602344,0.4929774
Gm21874,-0.04566972,0.224400986,6.023291769
NA,-0.766178249,0.848254964,2.05713209
NA,0.63101995,1.241524959,-0.692047122
Dynlt1b,-3.852390138,-0.459227702,0.148145486
4930467E23Rik,2.705859227,0.224272991,3.045083741
NA,0.575987579,-2.098600959,0.724705208
Gm10302,-0.045750111,1.806467921,3.828329659
Ighv1-78,1.900630541,0.165332731,-0.385142708
Samd11,0.011288435,1.5601944,-0.585855983
Gm11168,-1.663351768,-0.064346525,7.782507931
Ighv1-19,0.636880989,0.111457281,-0.139724963
Igkv12-44,0.668236545,0.46301063,-0.735554895
Gm8104,0.773379672,-0.177728502,1.101515193
Ighv1-77,0.900947473,-0.254694958,0.046376835
Moap1,0.035771257,1.103113063,-0.969734653
Ighv9-3,0.852342695,0.439791207,0.225273974
Ighv2-2,0.514603694,0.246256951,-0.614270625
Cdkn2d,-0.36768824,-2.194234609,0.092517947
Gm6919,0.108190481,-1.991911577,1.360794372
Gm10721,-1.324235233,0.754220232,7.40975145
Gm4617,-0.036316365,2.466791186,0.335942275
Prickle4,0.032902048,0.986265812,-0.873959583
Gm10097,0.12179425,-1.099890905,0.486525144
Gm2956,2.034033381,0.224283406,3.194020538
Ighv1-71,1.246718105,-0.055135963,2.539914855
Igkv1-132,-0.288946975,0.312945042,0.017655708
Gm15801,0.752078036,1.256063547,1.03319744
Tpbgl,0.829066104,-1.073863837,0.474709294
Gm5559,-0.83447058,-0.586637014,0.465445242
Ighv2-9,0.696429304,0.330590546,0.078131273
Gm904,1.464396854,0.224303826,5.79730697
Ighv1-63,-0.011728455,-0.671419891,0.766758341
Zfp960,0.088474794,0.516104461,-1.008980986
Igkv3-4,0.399569264,0.139363391,-0.148117101
Zfp781,-0.918614113,-0.089289607,0.199444222
Mrgpra2b,4.270604143,2.804003803,-2.276626891
Hmgb1-ps9,-0.040708434,1.304309511,-0.681635647
Gm5558,0.320068006,2.677909106,-2.143365736
Gm17535,-0.938429643,0.366824369,6.645387485
Lbhd1,-0.273783385,1.133019539,-0.747318427
Gm21985,0.652594761,0.144270086,-0.827987037
Gm47283,0.409674576,1.939115472,-1.314235803
Tmem181b-ps,-1.314459246,-0.590880659,0.686839695
NA,1.429871118,-0.869740115,-0.442982159
Ighv9-1,0.883709406,0.477863074,-1.100621201
NA,0.50663425,0.00569214,-0.505160748
Ighv2-7,-0.877244481,-0.512673917,2.02415181
Igkv4-55,0.203829759,0.108206757,2.84127681
Igkv6-14,-0.076538608,0.158562608,1.202971729
Gm8890,1.784877065,0.875858315,0.534154839
Gm21748,-0.703594158,0.877777253,-0.87140263
Gm13301,0.704761369,-2.312962322,4.164363977
Shisa8,-0.698276534,2.097564871,-0.716052416
A730071L15Rik,-0.879615616,0.334528399,1.607478339
Rps19-ps6,-0.010561613,0.208430968,-1.2553171
Gm16531,-0.206432076,-2.276840809,2.054273132
Gm1972,0.021155961,-1.357377475,0.546312875
NA,-0.225943545,-0.981448383,0.537925313
Gm27029,0.049581903,1.36590584,-1.230719343
Hmgb1-ps8,0.056960295,-1.345297634,1.038110685
Tnfsf12,-0.077155727,-0.940123977,0.629751248
Gm3200,-0.086170224,-1.149044337,2.406293244
Gm26965,-0.840752161,1.101677977,0.001831983
Gm26528,-0.127803412,-1.710162176,1.395463821
Gm26509,0.178480206,1.837208477,0.198072174
Gm26712,-0.446821492,0.841973716,0.392499806
Gm5976,-0.033178798,-1.031324288,0.427827
Gm9625,0.134448084,1.244841457,-0.944273363
Gm17799,-0.545190755,-1.530891901,0.646575403
Gm27026,-0.050655126,1.594027024,-0.796985591
Gm9522,-0.168476121,-1.200856331,0.011679258
Gm27014,0.290421222,0.060563694,-0.635674102
Gm7765,0.655411977,1.574610017,-0.221582784
Gm5345,-0.221509146,-0.271600983,0.334606137
Gm5300,1.401209795,-1.156600616,1.545449731
Gm6981,0.953060769,2.898755058,-2.264930512
Gm26992,12.52925278,2.149439098,-2.507401989
Gm27006,0.024270547,1.434960697,-0.941452968
Gm6085,-0.108987713,1.936612407,0.530992523
Gm4654,0.406743026,-1.163582384,-0.446259672
Gm7507,-0.059817957,-0.422712439,-0.272186607
Ccdc166,-0.150347382,1.136430801,-0.730571674
Rps12-ps24,-0.291666371,0.725976349,-0.204639669
Gm9169,-2.628228101,1.43403214,3.478690135
Arl14,0.329283696,-0.278909693,0.095796622
Gm5224,-0.273977715,-2.132398941,2.994770109
H2-Pa,0.220607848,-2.123864712,0.793334935
NA,0.174470469,0.531908491,-1.310784574
Pet117,-6.096476382,2.081581494,6.829271789
Gm27149,-0.380928078,-1.015380499,1.613732531
NA,0.746285834,-0.627005613,0.515779714
C1rb,-0.045732298,0.224310072,6.363371823
Rgs21,-0.330961696,0.324516611,2.153935991
Kctd12,-0.052350131,-0.102768781,-0.752345456
Commd1b,-0.227709811,-0.059787853,-1.111697568
Mroh6,1.738231732,3.142863924,-2.183253018
Gm28041,-0.231613145,1.163809178,2.234089803
Gm28038,-0.045771452,5.152241592,2.131638467
Igkv19-93,0.092610089,0.38572464,-0.30773014
Gm18190,0.365501934,1.697006566,-0.627842642
Tmem185b,-0.168814333,1.191192282,-0.523326678
Gvin-ps4,0.127787451,-1.486576751,-0.289034096
Gm28035,0.535944125,-0.934961733,-0.183298427
Gvin-ps2,0.205599045,-1.296979055,-0.800990115
Gm18180,0.327582111,1.179159039,-0.168808416
Gm2497,14.1636544,13.7622517,-7.264237173
Ms4a14,1.335934305,0.356357675,-0.155528671
Gm6657,-0.206584443,2.718239869,-0.683683716
Gm17826,-0.219466073,0.423015112,1.803741688
H3c8,0.564266919,0.146812053,-1.356950619
H3c4,0.394015344,0.476852804,-0.58769851
Gm17969,-0.416721614,0.258008065,2.137824503
Gm5776,0.235115343,1.151581663,-0.701565043
2310034G01Rik,0.26890062,2.327085815,-0.431969683
Gm2316,-0.053347027,-0.957076941,1.596013295
Gm29013,0.058464314,-0.101262343,2.775281886
NA,0.01719875,2.905709411,-0.782959209
Gm28802,-0.295436308,-0.279522,-0.143176354
Rps10-ps2,-0.461163641,-0.770099982,0.019439439
Gm28583,-0.045712598,0.224339739,5.448605875
Gm18665,-8.099858368,0.210527118,6.157022828
Gm21742,-0.674430951,1.484761102,-0.687019116
Rbm3-ps,-2.649950027,-0.99436638,6.086690567
Gm28551,-0.536315566,0.311672645,-0.415244453
Gm8226,0.182642194,1.247810132,1.726347495
Gm9226,-0.045692814,0.224367677,5.942701339
Bcl2a1d,0.171340874,2.708857514,-0.594505306
Gm5619,-0.681976827,0.528345454,-0.255474269
Gm21136,1.445678054,0.224297058,4.106075733
Gm6501,-0.092906898,1.690033024,-0.386962445
Gm8141,-0.395762251,2.351115097,-1.03486586
Gm8337,-0.158621926,2.647092418,-1.80733997
Gm29598,0.156168817,-1.757866052,0.834247161
Trpc2,6.117898403,0.224143806,0.278820583
Gm6644,0.126882459,-0.377949004,-3.005504962
Gm29640,-0.212564037,2.696519708,0.899816442
Gm28688,-0.045736833,0.224303075,7.427167829
Gm28911,14.3695587,-3.341387627,10.43146034
Gm7266,0.082888118,1.61824462,-0.618497265
Gm12960,-0.145450247,-4.020311121,2.925712738
Gm19280,-0.205063703,-0.9469331,0.266548066
Gm28374,-0.801339521,0.600284556,1.070731161
Gm28466,0.193049628,-0.305881535,-0.364973759
Gm15459,-0.115914204,2.523239018,-2.225192883
Gm29094,0.11669629,2.284752432,-0.347971221
Gm10925,0.804138019,-0.050758296,0.921626213
Gm12669,0.209379002,4.083797813,0.205025977
Gm6610,0.007090977,-0.740794484,0.104659534
Lhb,0.154682307,2.015330586,-1.238831278
Gm8520,-0.841657177,0.708772578,2.027361758
Nscme3l,-0.151982181,-1.032305412,0.103580177
Gm28900,0.098740388,0.471617989,3.547134184
Gm28372,0.269910855,1.147822726,-0.412382549
Gm29072,-0.039700449,0.435778469,1.575375708
Gm5692,-0.317103479,-0.467873598,-0.530059867
Gm28451,-3.048878418,-1.399177133,6.878808793
Gm4017,-8.134349683,-0.258429152,6.587616873
Gm8498,-0.119212829,-0.966376883,1.920609663
Gm28069,-0.284519314,3.812358701,0.836259984
Gm28437,-0.309174966,-0.15122039,-0.565453484
Gm17981,0.319124605,0.018176056,2.295582012
Macroh2a3,-0.203696471,1.109161708,3.244882909
Eif4a-ps4,0.252772496,3.308552562,-1.909974184
Gm6750,0.182089909,1.672198954,0.076843623
Gm8326,-0.067526978,2.688988958,-1.972071867
Gm18342,1.618081397,-0.986226298,0.369681826
H3c10,-0.448147253,-0.345586636,1.002337368
Gm18291,-1.512151824,0.156711593,5.944101712
Ms4a4a,-0.345919552,-0.582976729,0.703489121
Gm2617,-0.005087144,-1.035278102,0.984383737
Gm29441,-0.342758034,-1.344120586,3.912232533
Gm336,0.777128632,0.387639395,2.507093736
Rpl7a-ps10,-0.919861885,0.461962258,0.974702112
Gm8004,-0.339003999,-0.272106349,0.1222558
Olfr1392,0.431426047,6.476884596,-0.438026457
Gm2427,0.010360649,-0.57280349,0.404017334
Gm18800,0.506418274,1.905588972,-1.911422887
Olfr1391,-0.04578699,5.434895085,0.699176442
Gm8203,0.605322202,3.235873977,-2.043869507
9130401M01Rik,-0.084170467,2.007553084,0.444115089
Gm29427,-0.466697567,3.152393644,-2.48829692
Gm10074,0.55147433,2.28544219,-0.985260558
Gm28438,-2.847082583,5.719120178,5.307886811
1700001J11Rik,-0.20755313,-0.910705422,0.82672408
Gm28693,-0.094435639,-1.273744881,-0.250991016
Gm6198,-0.152224484,-1.24220611,2.183874208
Ly6a2,0.826652053,0.077077366,0.326513261
Gm37108,-1.0544757,0.749674044,-0.648571964
NA,-0.059138231,-1.969126791,2.082958286
Gm37493,-0.925453663,-0.473568016,0.306371853
Gm19035,0.101712142,-0.51300455,1.302633863
Gm30280,0.088744708,-1.693889726,3.122035105
Ighv8-2,-0.002830667,0.026186511,-0.416040424
Ighv8-5,0.804261848,0.041151764,-0.236163222
Sh2d1b1,0.681794011,-0.774216708,-0.123250401
Ighv1-10,1.879733089,0.224284996,3.369147177
Pcdhgc5,-0.287244758,0.176696641,2.460983512
Gm37037,1.292128816,6.218948802,-1.237815047
Gm18553,-0.265807541,-0.566573357,-0.052768322
Dchs2,-1.066422475,0.3381014,2.96050631
Pcdhgb2,0.130891119,-0.172693374,-0.063196429
Gm7694,0.349915951,-1.017317589,0.112613554
Gm6185,-0.36115238,2.313372557,0.622429255
Gm8242,0.241642816,-0.236953477,0.032641827
Pcdhgc3,-0.278260069,0.175282304,3.53736216
Gm34727,-0.316172867,-1.892854518,0.97214857
Gm8797,-0.016924469,0.243402002,4.855187768
Gm7871,-0.236238879,-0.534136011,-0.196056862
Gm18752,0.138832817,-0.799273895,-0.252697574
Gm2053,0.637714457,2.269812043,-0.75492744
Gm5842,0.006649095,-0.554048405,-0.514606553
Ighv3-2,-0.443666378,0.068280963,-0.062431458
Pcdhga2,-0.007375838,0.008320985,-0.046547592
Gm38158,0.205775796,-1.230955857,1.437981474
Gm37116,-0.729087919,0.854720297,0.44381685
Gm38053,-0.08517138,-1.538446816,1.925149351
Gm17952,-0.269935472,-0.466185131,1.626634854
Pcdhga4,-0.518531209,-0.881134705,1.343498789
Gm38038,-0.077254822,-0.330057047,-0.260972489
Gm6162,0.26774183,-0.269828028,2.435002362
Gm38317,0.590705558,-2.076420806,0.679176944
Gm38392,0.341173997,2.584536525,-0.603625874
Gm7899,-0.086346391,2.53292947,-2.799202112
Gm37009,1.993383234,2.802095063,-4.167908676
Tigd5,-0.383672033,0.792666324,-0.744089234
Ighv3-4,0.394510355,-0.522656506,0.534760731
Gm37449,-0.045696133,0.224362687,6.038701027
Gm5539,0.105775681,-0.357541812,-0.43806513
Gm17771,0.973585033,2.914001267,-2.001155813
Gm37025,0.071057805,-0.517696905,-0.220043993
Gm18692,0.428874419,-0.15533271,-1.603771142
Gm37988,0.116055851,2.71852933,-0.385870607
Ighv1-14,0.688046669,0.073092261,1.375282363
Ighv8-8,-0.144791061,-0.303722956,0.34854099
Igkv4-60,-0.266968855,-0.338125537,-0.005226224
Gm30023,0.264112685,2.022852847,-1.506131543
Gbp6,0.911483484,0.302078116,-0.559521063
Gm43058,0.19219972,2.776501653,0.530356952
Igkv8-34,0.931926051,0.246024561,-0.542001319
4930515G16Rik,-0.347755322,0.343080517,-0.567599862
Gm43710,0.36222856,0.604984001,-1.459329757
Gm8234,-0.475382864,2.093662221,0.806139768
Gm18747,-0.864205269,1.09194896,1.087074669
Igkv1-108,0.259220018,-1.741667693,-0.012788378
Gm43064,-0.708962217,0.134604675,1.656903641
Aqp10-ps,-0.305974115,0.26481424,-0.274217241
Gbp10,1.000283485,0.947081676,-1.247390303
Gm43191,0.741721949,0.938293345,-0.969113157
Ighv1-79,0.52765092,-0.263872544,-0.292247808
Gm5297,-0.065612198,2.221667055,0.997235828
Ckb-ps1,-0.77189318,2.802880877,4.499878091
Gm43738,-1.122601041,0.338893866,-0.491519327
Iglj3,-0.424695853,0.226084246,-0.005619402
Gm5281,-0.197746171,-0.541890878,-0.290850332
Gm43214,0.412489681,-0.972962199,0.349086536
Gm9504,0.11514192,-1.506195189,-0.546584951
AU022133,-0.323887775,1.622992315,-0.043473355
Gm43802,0.46052923,-0.574444372,0.121285189
Igkv11-114,-0.103274983,0.046992213,-1.620850008
Gm8458,0.181585083,-0.650934334,1.226382739
Gm42672,-0.101249764,-0.629446556,0.445618839
Gm43218,-0.088197361,0.19481285,-0.877892628
Igkv4-77,-0.549870364,0.187408525,-0.695169847
Igkv13-78-1,-0.37523154,0.161106111,-1.748928768
Iglc3,-0.276621162,-0.09225935,-0.245861008
Gm43384,0.143990753,-0.073939162,1.717227946
Fbxw14,0.655993227,0.477566959,0.378504529
Gm6649,6.099046681,8.730988098,-5.33924475
Gm8828,-1.361149845,-0.970703218,-0.928670564
Gm42845,3.590587163,4.671665362,22.00448613
Gm18985,-0.751974525,-0.275024657,4.31121112
Iglc1,0.128012942,0.113700822,-0.849809276
Gm43555,-0.04567564,0.224393093,5.752420647
Gm17951,-0.089025519,-1.340734667,1.799963875
Igkv4-56,-0.443710894,-0.258775645,0.139639398
Gm8848,-0.782776577,-1.399312609,-0.507166845
Gm4332,-0.12155605,-0.342665238,0.23302134
Gm4962,0.086310186,0.006031965,1.672307895
Gm42804,-0.032141734,-0.09877885,-0.250929221
Gm43704,0.962094165,0.8132795,-0.177323831
Gm9710,0.058844007,2.539771587,0.01629228
Gm9728,-0.118392656,-0.24710195,-0.309323223
Igkv12-47,-1.002926998,-2.175990541,1.317633809
Gm2287,-0.723232771,-1.241767905,3.014868045
Gm42958,-0.761065454,-1.723142733,-1.029988736
Gm40414,-0.246499348,0.572140002,-0.753982331
Ckb-ps2,1.80292249,1.220633671,3.731182902
Kif19b,0.115728669,4.303295558,-0.546795989
Igkv14-126-1,-0.606114956,-0.107002876,-0.050664027
Igkv4-73,-0.837744306,0.042147533,-0.349488882
Iglj3p,-0.595891262,0.195938636,-0.607647347
Gm9273,1.370036758,5.08488534,-0.457051821
Gm9771,0.919922584,0.585167907,1.787572245
Igkv2-107,0.452457106,-0.884790687,0.052043982
Gm43070,-0.466079281,-0.285919457,-0.332215571
Gm43103,-0.172052598,-1.677861627,1.177754192
Gm21680,1.133966647,2.642119729,1.639730742
Iglj1,-0.349937433,-0.346067711,0.180624385
Tmem265,-0.106428353,-0.202545921,-0.171146282
Gm5442,-1.466391237,-1.19633477,6.926821929
Gm7961,-0.045715085,0.224335606,5.75888582
Ube2n-ps1,0.087319582,1.293147232,-0.827347607
Ybx1-ps2,0.06456766,2.172919917,-0.806332057
Gm43580,1.510150495,-2.762507318,5.302175026
Gm4482,-0.123695785,1.274017344,0.172232952
Gm42742,0.274266122,0.777673513,-0.932684399
Gm35648,-0.206959501,0.48509134,-0.509062993
Gm36378,-0.074180614,-2.303942878,0.9094106
Gm43442,-0.08270839,-0.114159812,1.212548308
Gm30708,0.07186118,0.214548743,-0.100195301
Gm7452,1.232283977,-0.003961835,-0.091805786
Gm4366,-0.350115004,0.248383745,0.453561753
Gm4782,-0.796213781,-1.24751286,6.958067449
Gm44216,0.19227652,-0.751313419,2.914749024
Stambp-ps1,0.227745828,1.659880783,-1.934653313
Gm44790,-0.264250189,1.403237789,1.524826927
Gm19244,-0.262718277,-0.644674413,-0.134841099
Gm44282,0.338913717,0.382433394,-1.536036523
Gm44011,0.058326731,-1.384179685,0.843826071
Gm45062,-0.044137204,0.119751866,-1.28794119
Gm16042,-0.012053346,-0.021479306,-0.854438771
Gm8774,-0.258403502,1.39473698,1.164503476
Gm43962,-0.375855424,-0.94941601,0.629998132
Gm18791,0.091586221,-1.169647172,0.280449701
Gm5315,0.197900246,-0.069562575,1.716269349
Gm44511,-0.480568563,-0.23368561,1.592575701
Gm43951,0.256883317,0.603088911,1.402877873
Gm44524,0.069323434,-0.592242984,0.002866648
Gm6210,-0.199017708,2.741036224,-2.29455154
Gm44419,0.456497408,2.843305403,1.021955376
Gm8479,-0.331039883,-1.156614345,1.750209721
Gm6786,-1.497361752,-1.227318381,8.971445997
Gm7039,-0.050110116,2.369179958,-0.396276348
Gm19653,0.902048642,-0.293768627,-0.179859113
Olfr1372-ps1,-0.196160023,-0.408624959,0.162003214
Gm44063,0.075383564,-1.423934275,0.256695703
Gm44024,-0.210771954,0.888453604,-0.047977871
Gm44429,-0.045667131,0.224404438,6.141770476
Prkcz2,-0.011999505,-0.242680769,-0.143005015
Usf2-ps1,0.064477769,-3.940156875,6.209681547
Erfl,0.027006967,-0.507007334,-0.229289866
Gm8209,0.144229077,0.831235408,1.279886536
Ywhaq-ps1,0.167976392,-0.680772362,0.154754806
Rpl15-ps5,-0.084686186,-0.736595965,0.288642016
Gm5587,-0.2487544,2.123887739,-0.56710577
Gm45186,-0.108459968,-0.369563468,-0.028853489
Gm45080,0.322402863,0.263294579,-2.139690814
Gm18988,0.047642007,0.128073999,-0.630735128
Gm18905,-0.045785477,4.819577661,0.962292201
Gm6063,-0.119122797,0.131208066,-1.178192324
Gm18959,0.233537928,-0.380133918,2.860079508
Gm44911,-0.045731335,0.224310478,8.524560398
NA,0.330873301,-0.917433325,-0.013609763
Cc2d2b,-0.344688282,-3.211352749,0.182004003
Gm7972,0.17458009,1.255050933,0.656331532
Gm45209,0.139533868,-1.420710808,3.085339838
Gm10046,-1.301110739,-2.437691463,4.810794257
3110009M11Rik,-0.028057083,3.811495236,-0.727290303
Zfp264,0.197295366,1.557475037,0.934268891
Gm10297,-0.535909193,-0.033383672,1.152257384
Fam81b,0.242914963,1.861259109,0.091572168
Gm44833,-0.080855997,0.379759996,-2.214434533
Gm35060,-0.080760451,0.699467597,0.382986317
Prmt1,-0.090124381,1.599819512,-0.112662519
Gm9195,0.675565312,3.043347263,2.332591704
Gm45224,-0.02783308,0.747885881,3.507196529
Gm7451,-0.173857816,1.792764239,2.540137789
Gm33882,-0.200861787,-0.724667931,-0.216770154
Gm21033,-0.045694639,0.224364978,5.969782732
Gm42417,6.042655355,7.263074028,-5.106933621
Nup62,-0.044954715,1.681552062,-1.211045729
Gm6882,-0.129942669,-1.064516731,0.975516966
Muc16,-1.176231016,-0.311038939,4.675588049
Pvrig,0.622618508,-0.178392847,-0.347318215
Eid3,0.53924686,0.415951803,1.514513542
Exosc6,-0.045647387,0.224430763,7.04523915
Igip,0.121415385,0.622978495,-0.82557597
Pde2a,-0.420609747,-1.889121312,1.718404202
Flt3l,-0.026070698,-0.994946643,0.640537784
Rnf223,0.193519071,3.149028305,-1.598783984
Cmtm1,-0.222608313,-1.342653427,0.630385465
Gm20946,-4.378751417,-0.117014753,6.363792458
Lilr4b,0.850396006,0.656173379,-0.076300552
Lilrb4a,1.128211595,1.174725395,-0.209608961
Gm9742,0.383222237,1.212686385,1.299585613
Adat3,-0.088912572,0.288515267,-0.974004672
Scamp4,0.116926868,1.128812214,-1.366904333
